ID,Type,C1_L-10,C1_R+3,C2_L-10,C2_R+3,C3_L-10,C3_R+3
A1BG-AS1,lncRNA,2.52,2.21,1.79,1.09,9.58,7.32
A2M-AS1,lncRNA,1.47,0.17,2.02,0.33,7.87,9.3
A2ML1-AS1,lncRNA,0.26,0.21,1.0,0.0,0.12,0.33
A2ML1-AS2,lncRNA,1.43,0.59,0.18,1.49,0.0,0.12
AA06,lncRNA,2.2,1.1,0.35,2.17,3.97,1.38
AADACL2-AS1,lncRNA,0.0,0.12,1.16,0.65,0.7,1.49
AATBC,lncRNA,5.05,5.24,6.5,6.46,20.12,17.52
ABALON,lncRNA,3.9,4.05,5.18,3.55,11.38,9.29
ABCA9-AS1,lncRNA,8.17,8.25,10.81,6.84,14.99,9.81
ABCC5-AS1,lncRNA,0.0,0.0,0.2,1.0,1.44,0.31
ABHD15-AS1,lncRNA,0.17,0.96,2.0,1.0,0.0,0.5
AC000032.1,lncRNA,0.25,0.25,0.08,0.17,0.2,0.45
AC000035.1,lncRNA,0.27,0.16,0.83,0.6,3.35,0.98
AC000036.1,lncRNA,0.0,0.58,0.26,0.48,5.37,3.4
AC000050.1,lncRNA,0.41,0.14,2.75,0.39,2.93,0.6
AC000058.1,lncRNA,0.5,3.14,0.0,0.0,6.6,0.93
AC000061.1,lncRNA,0.14,0.2,0.0,2.0,0.5,0.75
AC000065.1,lncRNA,1.58,1.46,0.81,3.29,9.73,12.49
AC000065.2,lncRNA,0.0,0.68,1.2,0.0,3.42,1.92
AC000067.1,lncRNA,1.5,0.0,1.35,0.4,1.85,2.56
AC000068.1,lncRNA,1.75,4.17,6.06,15.91,9.26,8.96
AC000068.2,lncRNA,0.0,0.33,0.0,0.12,2.08,2.22
AC000068.3,lncRNA,0.0,0.0,0.0,0.0,0.05,0.12
AC000072.1,lncRNA,0.05,0.12,0.06,0.5,0.49,2.27
AC000082.1,lncRNA,0.2,0.0,0.2,0.0,0.5,0.37
AC000085.1,lncRNA,1.12,0.0,1.83,0.0,3.23,2.04
AC000113.1,lncRNA,0.0,0.0,0.0,0.09,0.24,0.45
AC000120.1,lncRNA,1.5,5.22,0.0,4.97,2.41,8.2
AC000123.1,lncRNA,0.0,0.0,0.0,0.0,0.09,0.25
AC000124.1,lncRNA,0.92,0.94,9.52,4.92,11.14,8.49
AC000372.1,lncRNA,0.0,1.5,0.0,0.0,0.53,0.25
AC000403.1,lncRNA,0.31,5.36,1.01,0.29,2.51,6.16
AC001226.1,lncRNA,0.25,0.75,0.0,0.0,0.0,0.22
AC002044.1,lncRNA,0.0,6.25,3.0,2.08,4.34,3.0
AC002056.2,lncRNA,0.06,0.1,0.0,0.03,0.33,0.25
AC002057.1,lncRNA,0.0,0.58,0.11,0.0,1.84,2.11
AC002057.2,lncRNA,0.0,0.27,1.0,0.0,3.29,2.89
AC002059.1,lncRNA,0.0,1.35,1.92,1.25,4.27,6.28
AC002064.1,lncRNA,0.11,0.0,0.0,0.0,3.86,0.5
AC002064.2,lncRNA,0.0,0.0,0.0,0.0,0.17,0.07
AC002066.1,lncRNA,0.2,0.25,1.22,0.5,3.4,1.38
AC002069.2,lncRNA,1.83,1.0,1.73,0.63,4.88,9.78
AC002070.1,lncRNA,0.95,0.06,0.45,0.46,14.48,12.39
AC002072.1,lncRNA,0.1,0.17,0.6,0.0,0.8,0.38
AC002074.1,lncRNA,3.36,4.89,0.08,1.67,5.73,4.73
AC002074.2,lncRNA,0.0,0.67,0.64,0.0,1.35,0.85
AC002091.1,lncRNA,0.0,0.33,0.11,0.0,0.33,0.0
AC002091.2,lncRNA,0.0,0.0,0.06,0.0,7.82,7.37
AC002094.1,lncRNA,0.75,2.74,6.36,1.59,15.35,16.37
AC002094.2,lncRNA,0.0,2.0,0.81,0.06,2.8,1.96
AC002094.4,lncRNA,0.0,0.0,0.0,0.0,0.58,0.0
AC002101.1,lncRNA,3.9,3.7,2.02,2.28,16.8,5.89
AC002115.1,lncRNA,0.0,0.0,1.0,0.5,1.17,1.45
AC002116.1,lncRNA,3.99,0.64,0.79,0.57,8.96,6.99
AC002116.2,lncRNA,0.5,0.5,2.24,1.17,5.24,2.69
AC002128.1,lncRNA,0.0,0.0,0.18,0.83,6.46,1.77
AC002128.2,lncRNA,0.2,0.6,0.0,0.0,7.86,6.2
AC002306.1,lncRNA,1.69,0.46,0.0,2.89,0.74,2.83
AC002310.1,lncRNA,3.56,2.41,10.97,6.17,35.11,18.19
AC002310.2,lncRNA,2.54,3.28,3.68,4.03,9.02,12.22
AC002331.1,lncRNA,1.67,1.14,2.48,0.0,0.62,3.02
AC002347.1,lncRNA,0.25,0.1,0.14,1.14,1.92,0.71
AC002351.1,lncRNA,0.42,2.08,1.58,2.46,4.5,1.85
AC002368.1,lncRNA,0.5,0.0,0.05,0.0,0.7,0.25
AC002375.1,lncRNA,0.0,6.0,1.2,0.06,2.67,4.47
AC002377.1,lncRNA,1.9,1.0,0.33,1.33,17.64,12.3
AC002378.1,lncRNA,0.74,2.08,0.59,0.0,1.53,3.54
AC002383.1,lncRNA,0.1,0.65,0.56,0.0,1.04,1.67
AC002386.1,lncRNA,0.0,0.0,0.0,0.11,0.29,0.7
AC002398.1,lncRNA,0.08,0.51,0.68,3.64,5.29,2.89
AC002398.2,lncRNA,0.08,0.41,1.65,0.66,1.08,3.82
AC002401.1,lncRNA,0.25,0.3,1.54,0.38,1.82,1.31
AC002401.2,lncRNA,1.12,0.67,1.75,0.33,2.4,4.32
AC002401.3,lncRNA,0.07,0.0,0.0,0.25,1.39,2.41
AC002401.4,lncRNA,0.0,0.0,0.0,0.0,5.63,4.12
AC002407.1,lncRNA,1552.0,726.43,2742.85,1236.86,6149.1,7271.52
AC002428.1,lncRNA,0.0,1.0,0.25,0.0,2.09,1.55
AC002428.2,lncRNA,0.2,0.25,0.0,0.0,0.39,2.28
AC002451.1,lncRNA,8.86,13.45,17.86,18.92,123.24,103.84
AC002456.1,lncRNA,5.55,8.53,1.55,5.44,7.49,13.06
AC002458.1,lncRNA,0.5,0.1,1.2,1.25,3.65,3.34
AC002460.1,lncRNA,0.0,0.0,0.0,0.0,1.0,0.0
AC002460.2,lncRNA,0.94,0.53,3.59,3.87,13.78,8.84
AC002463.1,lncRNA,3.89,10.73,1.67,9.2,15.79,14.99
AC002464.1,lncRNA,0.25,0.0,0.33,0.39,0.61,2.22
AC002465.1,lncRNA,0.0,3.1,0.0,0.0,0.4,1.32
AC002467.1,lncRNA,7.52,10.51,8.4,3.73,65.74,62.58
AC002470.1,lncRNA,0.74,1.83,1.51,0.53,0.83,1.15
AC002470.2,lncRNA,4.68,10.65,11.64,5.85,25.55,24.03
AC002472.1,lncRNA,0.32,0.12,0.97,1.17,6.46,2.88
AC002480.1,lncRNA,1.5,0.06,1.56,1.02,4.92,4.09
AC002480.2,lncRNA,4.3,9.53,10.54,9.5,122.8,138.23
AC002511.1,lncRNA,0.0,0.39,4.01,1.5,4.51,3.86
AC002511.2,lncRNA,0.0,1.37,1.2,1.07,3.17,9.35
AC002519.1,lncRNA,0.06,1.5,0.08,0.5,1.24,0.95
AC002529.1,lncRNA,3.25,3.05,1.55,3.15,8.7,8.89
AC002542.6,lncRNA,1.03,1.35,0.25,3.75,7.3,6.04
AC002546.1,lncRNA,1.0,1.22,0.0,0.12,2.8,1.71
AC002550.1,lncRNA,0.5,2.15,1.94,0.66,3.67,2.7
AC002550.2,lncRNA,0.0,0.0,0.0,0.0,0.25,0.0
AC002551.1,lncRNA,1.13,2.9,0.0,0.53,1.17,0.87
AC002553.1,lncRNA,0.56,0.0,0.17,5.0,1.1,3.22
AC002553.2,lncRNA,0.07,0.14,0.0,0.0,0.52,0.11
AC002558.2,lncRNA,1.5,1.0,1.0,7.22,0.15,2.07
AC002558.3,lncRNA,1.17,13.69,1.23,3.19,6.44,5.2
AC002563.1,lncRNA,0.17,0.0,0.0,0.0,0.83,2.51
AC003001.1,lncRNA,2.47,2.86,2.88,3.93,66.78,49.62
AC003005.2,lncRNA,0.75,4.0,1.5,4.0,1.09,0.58
AC003009.1,lncRNA,0.0,0.25,0.0,0.5,2.29,0.76
AC003035.1,lncRNA,0.43,0.0,0.0,0.17,1.32,0.0
AC003035.2,lncRNA,0.12,0.0,0.22,1.0,0.95,1.35
AC003043.1,lncRNA,3.25,0.0,0.5,0.2,0.48,0.79
AC003043.2,lncRNA,0.67,0.99,3.12,4.9,11.09,11.08
AC003044.1,lncRNA,0.0,0.0,0.0,2.29,1.86,4.33
AC003070.1,lncRNA,1.7,1.2,9.09,2.31,9.11,8.25
AC003070.2,lncRNA,0.37,0.5,0.42,0.46,2.34,2.19
AC003077.1,lncRNA,2.17,1.9,1.58,2.82,5.05,8.23
AC003084.1,lncRNA,0.0,0.11,0.0,0.0,0.28,1.33
AC003086.1,lncRNA,1.05,0.14,1.45,0.0,2.41,2.42
AC003087.1,lncRNA,0.0,0.0,0.0,0.0,1.23,0.75
AC003092.1,lncRNA,0.83,0.0,1.83,0.0,44.24,34.22
AC003092.2,lncRNA,0.0,0.0,0.0,0.0,0.12,1.17
AC003093.1,lncRNA,4.57,1.94,3.45,7.26,5.57,5.81
AC003098.1,lncRNA,0.12,0.62,0.0,0.29,0.68,1.61
AC003101.1,lncRNA,0.05,0.25,0.0,2.0,1.95,3.75
AC003101.2,lncRNA,0.08,1.63,0.14,0.78,5.39,3.39
AC003102.1,lncRNA,14.92,10.85,6.09,10.78,37.69,36.49
AC003659.1,lncRNA,0.0,0.75,0.17,0.0,0.5,0.06
AC003666.1,lncRNA,1.42,0.83,0.09,4.14,2.84,1.09
AC003681.1,lncRNA,43.51,63.23,52.01,77.08,169.99,201.51
AC003682.1,lncRNA,0.0,0.67,0.5,0.5,0.11,0.84
AC003684.1,lncRNA,3.05,17.38,7.76,10.78,8.22,7.23
AC003685.1,lncRNA,0.5,0.29,0.25,0.19,0.12,0.52
AC003687.1,lncRNA,0.12,0.0,0.32,0.0,0.73,0.58
AC003688.2,lncRNA,0.0,1.5,0.28,0.0,0.82,2.32
AC003950.1,lncRNA,0.0,0.0,0.0,0.2,0.76,0.0
AC003956.1,lncRNA,0.0,0.17,0.5,2.48,2.95,0.37
AC003958.2,lncRNA,3.94,2.39,1.35,0.92,31.61,19.32
AC003965.1,lncRNA,1.0,0.08,2.08,2.0,3.51,1.66
AC003965.2,lncRNA,0.0,0.25,0.05,4.5,1.7,0.57
AC003973.1,lncRNA,1.58,2.49,0.06,4.37,10.5,12.24
AC003975.1,lncRNA,0.0,0.0,0.05,2.5,0.09,0.12
AC003982.1,lncRNA,2.5,1.83,0.58,2.73,11.36,7.99
AC003984.1,lncRNA,2.85,2.33,0.61,2.0,2.99,6.94
AC003985.1,lncRNA,0.09,0.0,0.0,0.0,1.73,0.87
AC003986.1,lncRNA,3.74,0.71,5.65,6.45,15.87,27.79
AC003986.2,lncRNA,1.02,0.0,1.23,1.68,2.24,4.54
AC003986.3,lncRNA,0.24,0.0,0.74,2.34,13.6,11.02
AC003988.1,lncRNA,0.0,1.5,0.5,1.0,6.15,4.32
AC003991.1,lncRNA,0.65,7.04,1.21,6.18,10.91,15.17
AC003992.1,lncRNA,0.0,0.09,0.0,0.0,0.21,0.06
AC004000.1,lncRNA,0.0,1.19,0.0,2.09,0.33,0.08
AC004009.1,lncRNA,0.1,1.62,0.1,0.25,2.46,3.12
AC004012.1,lncRNA,0.0,0.06,1.0,4.0,0.95,0.71
AC004014.1,lncRNA,0.0,0.08,0.06,0.06,0.49,0.72
AC004023.1,lncRNA,0.66,0.05,0.0,0.0,18.93,10.05
AC004034.1,lncRNA,0.8,0.42,0.62,0.32,2.2,2.43
AC004039.1,lncRNA,1.39,2.37,0.65,6.44,0.43,1.39
AC004047.1,lncRNA,0.07,0.0,0.0,0.0,0.0,0.09
AC004052.1,lncRNA,1.0,0.17,0.38,1.0,0.86,0.55
AC004053.1,lncRNA,0.0,0.18,1.92,0.33,2.29,3.02
AC004054.1,lncRNA,0.0,0.0,0.0,0.0,0.53,0.68
AC004063.1,lncRNA,0.06,0.53,0.06,1.0,1.08,0.73
AC004066.1,lncRNA,1.11,0.0,0.0,0.0,0.1,0.25
AC004067.1,lncRNA,0.14,0.0,0.83,0.0,0.48,1.0
AC004069.1,lncRNA,0.0,6.0,0.0,1.5,0.5,3.0
AC004076.2,lncRNA,1.56,1.41,1.67,5.61,7.5,9.82
AC004080.1,lncRNA,0.66,0.24,4.95,1.37,12.14,13.45
AC004080.17,lncRNA,0.12,0.0,0.14,1.0,2.87,1.37
AC004080.2,lncRNA,0.0,0.14,2.39,0.0,4.95,6.26
AC004080.4,lncRNA,3.69,3.69,3.68,1.89,13.32,19.67
AC004080.5,lncRNA,0.36,0.25,0.0,0.0,3.69,1.36
AC004080.6,lncRNA,0.26,0.5,0.19,0.4,3.55,2.33
AC004083.1,lncRNA,3.96,1.9,3.08,5.37,19.93,15.77
AC004112.1,lncRNA,0.0,0.0,0.25,0.0,0.74,1.09
AC004129.3,lncRNA,2.38,0.42,0.13,0.11,5.39,1.56
AC004130.2,lncRNA,0.24,0.25,1.15,0.39,10.79,9.05
AC004147.1,lncRNA,0.0,0.0,0.0,3.0,1.06,0.79
AC004147.2,lncRNA,0.84,1.95,1.98,3.8,9.68,9.24
AC004147.3,lncRNA,0.5,1.5,0.5,0.0,0.09,0.17
AC004147.4,lncRNA,1.74,4.5,2.06,5.09,10.45,5.55
AC004147.5,lncRNA,0.0,0.0,0.25,0.0,0.58,0.93
AC004148.1,lncRNA,3.7,1.89,0.96,2.75,7.06,7.96
AC004156.1,lncRNA,60.36,95.53,103.57,78.17,117.97,178.74
AC004158.1,lncRNA,3.85,3.54,6.22,5.22,20.33,15.23
AC004160.1,lncRNA,2.97,4.55,1.45,4.12,15.21,17.25
AC004160.2,lncRNA,0.0,0.0,0.0,1.0,1.17,2.89
AC004217.1,lncRNA,0.0,3.59,0.32,1.0,1.49,1.51
AC004221.1,lncRNA,0.1,2.75,1.06,0.0,3.86,3.13
AC004223.2,lncRNA,0.0,0.0,0.0,0.0,0.14,2.5
AC004223.4,lncRNA,0.0,0.0,0.0,0.0,0.05,0.05
AC004224.2,lncRNA,0.25,0.5,0.43,2.0,7.98,4.62
AC004231.1,lncRNA,34.4,0.5,6.0,3.33,49.14,8.67
AC004231.3,lncRNA,0.0,0.27,0.33,0.5,1.22,0.62
AC004232.1,lncRNA,16.41,4.93,9.65,35.66,30.3,32.17
AC004233.1,lncRNA,0.7,0.0,0.62,1.62,3.75,3.8
AC004233.2,lncRNA,0.8,2.56,0.0,2.63,2.07,1.3
AC004233.3,lncRNA,0.0,1.0,0.33,0.5,1.54,1.25
AC004241.1,lncRNA,1.28,2.3,4.8,6.86,15.43,14.95
AC004241.2,lncRNA,0.0,0.0,0.0,0.0,0.68,1.0
AC004241.3,lncRNA,0.0,0.5,0.0,0.0,0.25,0.36
AC004241.4,lncRNA,0.28,0.25,0.31,2.25,1.21,0.5
AC004253.1,lncRNA,0.0,0.33,0.0,0.0,1.14,0.77
AC004253.2,lncRNA,0.0,0.0,0.0,0.13,0.17,0.47
AC004257.1,lncRNA,0.0,0.11,0.0,0.07,0.0,0.5
AC004263.1,lncRNA,0.25,1.67,0.0,1.5,4.08,1.39
AC004263.2,lncRNA,0.76,2.08,1.75,2.95,4.52,6.07
AC004264.1,lncRNA,5.43,9.11,8.92,5.64,13.75,12.97
AC004381.1,lncRNA,0.0,0.0,0.05,0.0,0.65,0.67
AC004408.1,lncRNA,0.12,0.24,0.32,0.58,1.88,1.69
AC004415.1,lncRNA,0.0,0.0,0.14,0.0,0.73,0.25
AC004448.1,lncRNA,0.2,0.0,0.0,0.0,1.4,0.25
AC004448.2,lncRNA,2.45,3.79,6.96,6.25,26.47,20.75
AC004448.3,lncRNA,0.0,0.1,0.57,0.51,4.63,3.28
AC004448.5,lncRNA,0.0,0.25,2.0,0.0,0.78,1.22
AC004449.1,lncRNA,0.0,0.33,0.0,0.09,2.81,5.9
AC004461.2,lncRNA,0.2,0.0,0.0,0.14,0.53,1.85
AC004464.1,lncRNA,0.31,0.0,0.29,6.5,0.66,0.08
AC004466.1,lncRNA,0.0,0.04,0.53,0.0,3.92,1.25
AC004466.2,lncRNA,0.78,0.19,1.12,0.1,0.46,0.5
AC004466.3,lncRNA,1.25,0.7,0.54,0.0,3.25,2.27
AC004470.1,lncRNA,0.5,0.0,0.0,0.35,1.03,2.72
AC004470.2,lncRNA,0.14,0.33,0.2,0.5,1.82,2.62
AC004471.1,lncRNA,1.61,0.22,2.02,1.98,8.57,5.01
AC004471.2,lncRNA,2.19,1.25,1.68,0.56,2.11,3.12
AC004477.1,lncRNA,0.0,0.0,0.25,0.0,0.24,0.56
AC004477.2,lncRNA,0.0,0.0,0.0,0.0,0.0,0.37
AC004485.1,lncRNA,0.0,0.0,0.08,7.0,0.35,0.0
AC004490.1,lncRNA,2.08,0.91,1.17,4.89,24.06,31.65
AC004492.1,lncRNA,0.0,0.0,1.0,0.0,0.98,0.77
AC004494.1,lncRNA,7.74,26.67,21.33,13.74,85.15,120.34
AC004510.2,lncRNA,3.59,0.22,0.87,2.5,2.14,2.37
AC004522.3,lncRNA,0.0,0.08,2.83,0.29,2.88,0.99
AC004522.4,lncRNA,1.31,0.13,0.12,0.0,1.44,0.33
AC004522.5,lncRNA,3.09,5.39,2.0,3.14,3.09,4.17
AC004528.1,lncRNA,0.0,1.55,0.4,0.0,0.43,0.62
AC004528.2,lncRNA,0.67,1.2,1.37,2.22,4.51,5.87
AC004540.1,lncRNA,7.99,14.25,7.54,12.53,36.98,60.36
AC004540.2,lncRNA,0.65,16.62,10.23,4.5,8.87,13.95
AC004542.1,lncRNA,0.0,0.0,0.0,0.0,0.08,0.0
AC004542.2,lncRNA,0.58,1.5,0.16,0.06,0.66,4.17
AC004543.1,lncRNA,0.09,0.0,0.21,0.0,3.17,0.08
AC004549.1,lncRNA,0.0,0.0,0.0,0.0,0.0,0.06
AC004551.1,lncRNA,0.0,1.0,0.33,2.08,0.0,1.09
AC004554.1,lncRNA,2.65,2.41,13.64,2.0,6.51,4.24
AC004584.1,lncRNA,0.0,0.0,0.0,0.0,0.84,0.5
AC004584.3,lncRNA,14.58,6.44,2.0,27.89,31.51,25.67
AC004585.1,lncRNA,2.09,0.33,1.09,0.29,4.71,5.41
AC004590.1,lncRNA,0.17,1.17,0.12,0.0,1.44,2.0
AC004593.1,lncRNA,0.26,1.05,2.42,0.0,3.21,17.36
AC004594.1,lncRNA,1.25,4.32,2.0,2.84,16.67,12.53
AC004596.1,lncRNA,0.12,0.17,0.11,0.0,4.5,1.24
AC004597.1,lncRNA,1.68,0.12,1.33,0.0,3.48,3.28
AC004637.1,lncRNA,0.5,0.08,0.5,1.0,13.51,10.25
AC004672.1,lncRNA,0.27,2.1,3.06,1.03,6.92,10.87
AC004672.2,lncRNA,0.67,0.0,0.0,0.0,1.75,1.09
AC004687.1,lncRNA,1081.37,887.9,982.99,894.27,3202.73,3160.52
AC004687.3,lncRNA,3.66,2.85,5.08,3.9,19.49,15.25
AC004690.2,lncRNA,3.02,3.38,1.33,2.95,1.81,6.21
AC004691.1,lncRNA,1.33,2.3,1.36,5.36,22.89,30.55
AC004692.2,lncRNA,2.27,0.94,3.0,4.33,12.92,16.24
AC004702.1,lncRNA,0.0,0.0,0.67,0.14,0.0,0.1
AC004704.1,lncRNA,12.01,22.43,10.31,13.34,66.97,122.84
AC004704.2,lncRNA,2.8,2.08,3.72,4.34,7.1,6.78
AC004704.3,lncRNA,1.71,6.08,0.75,6.61,53.58,60.83
AC004706.1,lncRNA,12.05,25.1,19.93,26.56,35.12,66.31
AC004707.1,lncRNA,5.0,2.64,8.68,0.99,3.05,4.99
AC004765.1,lncRNA,0.4,4.78,0.83,2.11,0.27,2.06
AC004771.1,lncRNA,0.0,0.58,1.42,0.0,0.25,0.87
AC004771.2,lncRNA,0.23,0.0,0.0,0.33,5.46,3.22
AC004771.3,lncRNA,0.17,1.0,0.22,0.0,0.94,1.59
AC004771.4,lncRNA,0.25,0.86,0.47,0.1,1.6,2.9
AC004775.1,lncRNA,0.0,0.0,0.0,0.0,0.37,1.49
AC004784.1,lncRNA,0.18,0.28,0.07,1.75,1.31,1.63
AC004801.3,lncRNA,0.58,0.0,1.83,0.38,1.45,2.88
AC004801.4,lncRNA,1.34,4.37,2.43,3.72,6.94,12.67
AC004801.5,lncRNA,2.0,2.48,0.72,1.6,3.81,4.92
AC004801.6,lncRNA,1.25,0.07,0.05,0.0,0.64,1.13
AC004803.1,lncRNA,0.71,2.63,2.5,4.22,17.41,20.4
AC004812.2,lncRNA,2.49,1.38,2.77,3.78,12.07,9.04
AC004816.1,lncRNA,0.5,1.0,2.02,0.0,11.35,17.12
AC004816.2,lncRNA,0.46,0.14,4.17,1.15,3.42,2.57
AC004817.1,lncRNA,0.0,0.0,0.0,3.0,1.84,0.56
AC004817.2,lncRNA,0.0,1.0,0.44,0.09,5.29,1.92
AC004817.3,lncRNA,3.03,0.06,2.67,2.15,10.1,10.01
AC004817.4,lncRNA,0.48,0.49,1.14,3.0,6.99,4.1
AC004817.5,lncRNA,0.42,11.58,4.63,4.11,36.11,18.42
AC004825.2,lncRNA,0.0,1.0,0.17,2.1,0.24,2.17
AC004825.3,lncRNA,4.65,12.0,1.89,7.95,19.56,14.03
AC004828.1,lncRNA,0.5,0.14,0.07,0.12,1.71,0.37
AC004828.2,lncRNA,14.5,23.01,19.01,11.0,127.53,182.36
AC004830.2,lncRNA,0.83,0.0,0.41,5.0,0.71,2.37
AC004832.1,lncRNA,27.7,53.57,27.59,27.44,125.49,235.66
AC004832.4,lncRNA,0.0,0.0,1.0,0.0,0.0,0.0
AC004832.5,lncRNA,0.45,1.73,3.67,4.2,0.77,1.85
AC004832.6,lncRNA,6.08,2.5,0.57,0.25,15.11,9.33
AC004834.1,lncRNA,1.4,11.22,10.15,8.21,18.32,19.94
AC004835.1,lncRNA,0.25,0.67,0.12,0.31,2.05,5.68
AC004837.2,lncRNA,0.0,0.0,0.33,0.0,2.19,0.39
AC004837.3,lncRNA,1.09,0.45,0.61,0.33,2.87,1.98
AC004837.4,lncRNA,0.06,0.17,0.0,0.09,3.6,2.56
AC004839.2,lncRNA,0.0,0.11,0.16,1.0,1.6,3.44
AC004846.1,lncRNA,2.45,1.86,1.88,4.5,11.69,9.95
AC004846.2,lncRNA,0.0,0.02,0.0,0.0,1.31,2.08
AC004847.1,lncRNA,2.0,0.39,1.1,0.0,1.67,2.79
AC004852.2,lncRNA,4.0,4.85,3.2,2.58,17.4,11.54
AC004854.2,lncRNA,1.95,0.58,5.83,4.12,11.43,9.33
AC004862.1,lncRNA,2.19,4.28,1.11,0.12,8.95,12.61
AC004863.1,lncRNA,1.94,1.51,2.1,1.54,7.64,8.55
AC004869.1,lncRNA,0.0,0.0,0.31,1.5,3.21,1.76
AC004869.2,lncRNA,0.0,0.0,0.0,1.5,2.44,1.36
AC004870.2,lncRNA,0.11,2.57,1.09,2.1,4.69,4.96
AC004870.3,lncRNA,0.12,0.0,0.07,0.0,0.71,0.51
AC004870.4,lncRNA,0.08,0.09,0.24,0.44,1.91,1.77
AC004875.1,lncRNA,0.12,0.37,0.33,0.0,3.15,2.22
AC004877.1,lncRNA,3.51,2.0,1.86,1.32,12.58,12.03
AC004879.1,lncRNA,0.0,0.07,0.0,0.0,1.17,2.35
AC004882.1,lncRNA,1.19,0.25,1.33,0.51,4.42,1.8
AC004882.2,lncRNA,0.0,0.0,0.5,0.0,0.19,0.18
AC004882.3,lncRNA,0.15,0.58,0.83,0.25,7.83,16.88
AC004884.2,lncRNA,0.07,0.2,0.0,0.62,0.62,0.0
AC004888.1,lncRNA,0.0,0.33,0.0,0.0,1.55,0.64
AC004893.2,lncRNA,1.54,0.81,1.72,1.07,16.2,6.12
AC004895.1,lncRNA,0.33,0.96,2.28,1.07,7.23,7.81
AC004900.1,lncRNA,0.38,0.06,1.25,0.21,0.85,0.19
AC004908.1,lncRNA,0.0,0.11,0.0,0.2,0.0,0.1
AC004908.2,lncRNA,0.0,0.0,0.14,0.33,0.2,0.19
AC004908.3,lncRNA,0.0,0.0,0.0,0.0,0.11,0.22
AC004917.1,lncRNA,0.81,3.43,2.1,1.17,1.92,3.63
AC004918.1,lncRNA,0.0,0.0,0.03,0.0,0.46,0.4
AC004918.3,lncRNA,0.0,0.0,0.64,0.14,3.29,2.18
AC004920.1,lncRNA,0.67,0.0,0.46,0.0,1.71,0.58
AC004921.1,lncRNA,0.25,0.0,0.0,0.0,3.54,1.73
AC004921.2,lncRNA,0.6,0.25,0.39,1.41,1.77,2.13
AC004923.4,lncRNA,0.77,0.0,2.93,0.6,2.45,3.8
AC004930.1,lncRNA,0.0,0.0,0.0,0.0,0.11,0.5
AC004936.1,lncRNA,0.0,3.0,7.67,0.0,0.6,0.66
AC004938.2,lncRNA,0.42,0.0,1.75,2.0,3.71,2.78
AC004941.1,lncRNA,0.85,0.39,0.5,3.0,7.05,7.07
AC004943.1,lncRNA,0.45,1.2,0.07,0.47,0.69,2.31
AC004943.2,lncRNA,19.67,10.31,12.58,13.09,28.48,24.85
AC004943.3,lncRNA,0.0,0.0,0.0,0.0,2.18,1.0
AC004944.1,lncRNA,1.17,0.19,1.25,1.0,4.88,3.72
AC004946.1,lncRNA,0.5,1.0,0.0,1.0,1.08,0.05
AC004946.2,lncRNA,0.0,0.0,0.0,1.0,0.55,0.0
AC004947.1,lncRNA,0.7,1.23,1.56,0.69,4.54,4.97
AC004947.3,lncRNA,0.0,2.0,0.08,1.14,0.4,0.34
AC004948.1,lncRNA,0.0,0.0,0.5,0.0,0.81,0.58
AC004951.1,lncRNA,1.52,1.76,1.28,3.29,7.86,6.69
AC004951.4,lncRNA,0.41,0.28,0.44,1.52,2.71,3.44
AC004967.2,lncRNA,2.25,3.59,0.81,3.48,1.97,2.05
AC004969.1,lncRNA,0.46,0.09,0.22,0.12,2.14,3.4
AC004973.1,lncRNA,0.67,0.0,0.0,0.0,0.57,0.33
AC004974.1,lncRNA,3.23,7.26,8.47,2.49,38.1,23.52
AC004975.2,lncRNA,0.0,0.08,0.0,0.08,1.69,2.85
AC004982.1,lncRNA,0.0,0.5,0.0,0.0,3.65,2.24
AC004990.1,lncRNA,1.06,3.36,2.66,0.77,8.41,4.55
AC005005.3,lncRNA,0.07,0.67,0.0,1.64,2.37,1.02
AC005005.4,lncRNA,13.54,41.38,6.49,35.22,43.95,39.66
AC005006.1,lncRNA,2.48,4.7,0.19,1.75,1.2,1.62
AC005008.2,lncRNA,0.0,0.15,0.25,0.0,2.91,0.0
AC005009.1,lncRNA,0.0,0.5,0.2,0.0,2.32,0.79
AC005013.1,lncRNA,0.14,0.04,0.48,1.59,0.44,1.09
AC005014.2,lncRNA,0.0,0.0,0.0,0.0,0.85,0.64
AC005014.3,lncRNA,0.0,1.13,0.0,0.0,3.16,2.28
AC005014.4,lncRNA,0.0,0.33,0.0,0.0,0.61,1.36
AC005019.2,lncRNA,0.0,1.0,1.16,7.2,8.82,1.33
AC005034.2,lncRNA,1.49,12.17,8.26,1.0,26.51,32.12
AC005034.3,lncRNA,0.0,1.12,0.76,0.67,2.07,1.38
AC005034.4,lncRNA,0.0,0.0,0.0,0.0,1.1,0.09
AC005034.5,lncRNA,0.0,0.0,0.0,0.0,0.08,1.5
AC005034.6,lncRNA,1.35,0.46,21.9,3.48,13.59,10.34
AC005037.1,lncRNA,0.33,5.85,1.28,1.22,4.4,2.63
AC005040.2,lncRNA,1.37,2.02,0.63,12.3,10.55,13.4
AC005041.3,lncRNA,0.06,1.33,0.89,2.68,4.71,2.28
AC005041.4,lncRNA,1.01,1.5,0.59,1.86,16.47,6.32
AC005041.5,lncRNA,0.1,0.81,2.25,0.28,5.81,6.37
AC005042.1,lncRNA,0.45,0.78,0.45,1.0,1.36,0.96
AC005046.1,lncRNA,0.0,0.0,0.0,0.62,0.62,1.09
AC005050.1,lncRNA,0.0,0.59,0.34,1.0,2.73,5.56
AC005050.2,lncRNA,0.0,0.23,0.0,0.0,1.81,2.06
AC005050.3,lncRNA,10.5,31.5,14.53,19.33,41.28,43.84
AC005052.2,lncRNA,0.67,0.74,0.63,0.42,7.2,7.96
AC005062.1,lncRNA,6.15,4.06,2.7,4.28,5.49,4.1
AC005064.1,lncRNA,8.79,7.15,13.76,70.68,25.38,22.06
AC005070.3,lncRNA,1.0,1.5,0.0,1.17,0.17,0.48
AC005071.1,lncRNA,0.25,0.07,0.0,2.0,0.08,1.14
AC005072.1,lncRNA,0.93,1.71,0.0,5.13,2.78,2.61
AC005076.1,lncRNA,3.87,2.73,1.66,0.37,7.09,8.22
AC005081.1,lncRNA,0.0,1.0,1.03,4.44,7.84,4.62
AC005082.1,lncRNA,1.67,3.57,2.79,4.26,7.18,12.01
AC005082.2,lncRNA,0.2,1.17,0.37,0.65,1.51,2.37
AC005083.1,lncRNA,0.49,0.0,0.0,0.0,0.79,1.39
AC005086.2,lncRNA,2.28,0.28,1.0,0.0,7.45,7.17
AC005089.1,lncRNA,4.94,5.56,1.42,8.43,4.59,2.53
AC005090.1,lncRNA,0.0,0.2,0.2,0.0,1.77,2.81
AC005096.1,lncRNA,0.0,0.05,0.0,6.23,2.58,1.28
AC005100.1,lncRNA,0.1,1.89,0.36,1.45,7.96,9.25
AC005100.2,lncRNA,1.33,0.0,2.61,1.62,6.12,2.69
AC005104.1,lncRNA,0.0,0.07,0.12,0.09,0.37,1.27
AC005104.2,lncRNA,0.0,0.0,0.0,0.0,1.42,1.54
AC005144.1,lncRNA,1.74,0.07,0.25,1.0,3.34,1.74
AC005153.1,lncRNA,0.1,2.14,0.28,1.6,3.04,3.18
AC005154.3,lncRNA,0.54,0.25,0.0,0.0,0.51,0.23
AC005154.4,lncRNA,1.08,0.5,0.06,0.17,4.2,3.16
AC005160.1,lncRNA,0.0,1.34,2.0,0.0,0.5,0.0
AC005162.1,lncRNA,0.33,0.09,0.41,2.0,4.41,7.29
AC005162.2,lncRNA,1.15,1.16,1.31,4.23,15.05,13.85
AC005165.1,lncRNA,7.34,5.48,5.64,3.85,24.93,27.9
AC005165.3,lncRNA,2.5,1.33,0.17,0.0,3.73,1.92
AC005180.1,lncRNA,0.12,0.06,0.58,0.0,1.77,0.07
AC005180.2,lncRNA,0.14,3.14,0.33,5.1,2.03,2.68
AC005197.1,lncRNA,6.33,4.0,0.0,0.0,0.75,2.53
AC005208.1,lncRNA,0.2,1.7,0.0,0.11,5.26,1.44
AC005209.1,lncRNA,0.06,0.12,0.42,1.0,2.11,3.28
AC005220.1,lncRNA,0.83,2.44,0.19,1.79,3.1,6.29
AC005224.1,lncRNA,1.72,6.64,3.7,4.97,37.59,38.03
AC005224.2,lncRNA,2.33,0.14,2.47,16.21,11.7,7.35
AC005224.3,lncRNA,9.43,24.54,9.64,10.65,23.38,26.14
AC005225.1,lncRNA,0.0,1.45,0.0,0.05,0.91,2.72
AC005225.2,lncRNA,1.4,4.61,1.24,6.11,8.85,12.02
AC005225.3,lncRNA,2.0,0.11,0.0,0.08,1.25,0.31
AC005229.3,lncRNA,5.23,2.35,3.59,3.52,24.41,30.36
AC005229.4,lncRNA,0.25,0.34,0.46,1.14,3.22,3.66
AC005232.1,lncRNA,0.0,1.0,0.21,0.35,2.11,1.85
AC005234.1,lncRNA,2.0,1.0,0.25,2.0,0.33,0.0
AC005234.2,lncRNA,0.12,0.11,2.97,1.25,9.12,6.13
AC005244.2,lncRNA,0.33,0.0,0.25,0.0,0.4,0.67
AC005252.4,lncRNA,5.0,4.19,0.0,1.33,0.0,0.0
AC005253.1,lncRNA,0.67,2.27,6.38,1.42,16.71,10.84
AC005253.2,lncRNA,0.5,2.29,0.04,0.5,4.83,3.71
AC005256.1,lncRNA,1.42,3.19,1.42,2.58,5.91,6.67
AC005258.2,lncRNA,1.08,1.13,3.56,3.19,16.87,13.96
AC005261.1,lncRNA,0.0,5.26,3.09,4.31,3.08,1.42
AC005261.2,lncRNA,7.29,9.83,4.76,4.0,7.05,12.59
AC005261.3,lncRNA,0.42,0.07,0.71,0.03,0.62,0.41
AC005262.2,lncRNA,0.68,0.33,1.56,0.18,4.17,3.19
AC005264.1,lncRNA,0.67,4.11,1.54,3.44,6.59,8.55
AC005277.1,lncRNA,0.0,0.0,0.16,0.03,0.81,0.3
AC005277.2,lncRNA,0.0,0.17,0.0,0.0,0.33,0.25
AC005280.1,lncRNA,1.93,1.17,1.0,2.38,11.88,13.39
AC005280.2,lncRNA,2.87,10.8,2.34,4.42,14.44,9.84
AC005280.3,lncRNA,1.37,2.8,0.07,0.95,2.06,3.23
AC005281.1,lncRNA,0.25,0.64,0.21,0.54,3.79,5.11
AC005288.1,lncRNA,0.67,1.42,0.1,1.0,6.27,5.11
AC005291.1,lncRNA,0.0,2.48,0.0,0.12,0.11,0.4
AC005291.2,lncRNA,0.0,0.5,0.0,0.93,0.77,1.31
AC005293.1,lncRNA,0.0,1.33,1.23,0.0,11.28,5.9
AC005301.1,lncRNA,1.42,0.33,0.55,1.42,1.53,1.02
AC005301.2,lncRNA,0.08,1.27,0.5,1.0,2.38,4.27
AC005303.1,lncRNA,0.0,0.29,0.0,2.0,4.15,2.69
AC005304.1,lncRNA,0.1,0.0,0.0,0.0,1.01,1.29
AC005304.2,lncRNA,1.52,0.2,0.49,0.4,5.73,7.07
AC005304.3,lncRNA,0.25,0.0,1.17,0.14,0.4,0.73
AC005306.1,lncRNA,1.43,0.85,2.08,0.65,7.43,3.58
AC005307.1,lncRNA,0.0,0.0,0.25,2.0,5.74,6.35
AC005323.1,lncRNA,0.25,1.37,0.09,1.0,2.63,1.08
AC005323.2,lncRNA,0.05,0.43,0.0,0.0,0.17,0.43
AC005324.1,lncRNA,0.5,1.89,0.0,0.0,0.0,0.96
AC005324.4,lncRNA,1.0,0.1,0.0,0.05,0.61,0.14
AC005329.1,lncRNA,0.93,4.12,1.78,3.81,17.21,21.58
AC005329.2,lncRNA,0.46,0.22,2.85,1.02,1.75,1.15
AC005329.3,lncRNA,1.33,0.65,2.14,2.07,13.53,15.11
AC005330.1,lncRNA,0.2,3.4,3.07,1.81,6.77,2.67
AC005332.1,lncRNA,3.52,2.86,3.69,5.21,10.85,15.43
AC005332.2,lncRNA,0.2,0.77,0.28,0.25,1.47,0.46
AC005332.3,lncRNA,0.0,0.0,0.25,1.0,0.0,0.3
AC005332.5,lncRNA,2.04,3.1,4.87,9.22,15.56,10.71
AC005332.6,lncRNA,2.75,2.48,3.24,2.17,12.65,12.94
AC005332.7,lncRNA,0.5,0.25,0.0,0.06,0.0,0.08
AC005339.1,lncRNA,0.17,0.18,0.12,0.0,2.15,1.54
AC005342.1,lncRNA,0.06,0.23,0.53,3.46,0.25,2.25
AC005342.2,lncRNA,0.43,0.77,0.7,8.79,10.77,5.13
AC005343.1,lncRNA,0.0,3.09,3.0,13.16,2.73,15.13
AC005343.4,lncRNA,0.07,0.17,0.07,0.0,1.9,0.0
AC005344.1,lncRNA,0.0,0.0,0.25,0.0,0.07,0.85
AC005355.1,lncRNA,0.0,0.45,2.58,0.0,2.86,2.08
AC005358.1,lncRNA,0.06,1.67,1.79,4.62,11.17,6.26
AC005363.2,lncRNA,0.0,1.27,0.34,0.33,1.45,1.01
AC005379.1,lncRNA,0.0,0.14,1.25,0.0,0.75,1.52
AC005381.1,lncRNA,0.0,0.27,0.1,0.12,3.02,1.81
AC005383.1,lncRNA,0.0,0.05,0.0,0.36,0.0,0.0
AC005387.1,lncRNA,0.83,3.17,0.0,1.0,0.8,1.23
AC005387.2,lncRNA,0.1,0.0,0.0,0.5,1.5,0.25
AC005391.1,lncRNA,0.11,0.0,0.5,0.0,0.13,0.4
AC005392.1,lncRNA,0.1,2.17,0.42,0.25,0.32,0.72
AC005392.3,lncRNA,0.0,0.0,0.0,0.0,0.43,1.04
AC005393.1,lncRNA,0.0,0.0,0.0,0.0,2.46,0.53
AC005394.1,lncRNA,0.53,0.0,0.42,0.61,0.81,0.6
AC005394.2,lncRNA,0.5,1.03,0.84,4.13,7.37,7.78
AC005400.1,lncRNA,1.65,3.72,0.2,4.74,6.91,4.23
AC005410.2,lncRNA,0.11,0.0,0.0,0.0,0.22,1.1
AC005414.1,lncRNA,1.73,2.5,1.32,4.8,7.28,5.3
AC005476.2,lncRNA,3.33,2.04,1.07,4.24,5.31,5.78
AC005479.1,lncRNA,0.92,1.64,2.2,1.61,1.59,2.89
AC005479.2,lncRNA,0.0,4.0,0.0,0.0,0.14,2.17
AC005480.1,lncRNA,5.45,2.9,1.41,7.33,4.02,6.27
AC005481.1,lncRNA,13.41,23.31,24.33,15.16,322.17,437.24
AC005482.1,lncRNA,0.5,0.0,0.12,1.1,4.12,2.33
AC005486.1,lncRNA,0.0,0.33,0.5,0.0,0.75,0.5
AC005487.1,lncRNA,6.65,4.07,4.36,11.7,54.78,64.77
AC005495.1,lncRNA,0.0,0.26,0.5,1.05,0.0,0.15
AC005498.1,lncRNA,0.0,0.0,0.09,0.0,0.59,0.0
AC005498.2,lncRNA,7.61,3.66,17.71,3.25,3.33,4.43
AC005498.3,lncRNA,1.41,1.31,0.73,3.83,6.02,5.66
AC005515.1,lncRNA,0.1,0.0,0.31,0.5,0.22,0.53
AC005518.1,lncRNA,0.43,1.4,1.0,0.0,5.22,4.08
AC005519.1,lncRNA,0.67,3.59,0.33,5.0,3.26,0.86
AC005520.2,lncRNA,9.12,10.95,11.33,13.62,120.25,95.28
AC005520.3,lncRNA,0.0,0.0,0.0,0.2,1.58,0.33
AC005520.5,lncRNA,0.06,0.06,0.0,12.73,1.43,1.47
AC005522.1,lncRNA,1.53,4.77,5.07,1.01,5.63,9.15
AC005523.1,lncRNA,1.08,0.21,1.17,3.17,88.26,59.81
AC005523.2,lncRNA,3.05,7.18,9.03,14.87,45.13,46.96
AC005529.1,lncRNA,1.14,0.2,1.42,1.05,1.34,6.72
AC005532.1,lncRNA,1.2,1.04,0.72,0.0,5.67,6.8
AC005537.1,lncRNA,6.83,7.4,5.39,8.99,8.8,10.15
AC005538.1,lncRNA,0.25,0.0,0.81,1.0,0.69,0.28
AC005538.3,lncRNA,4.46,5.83,5.36,5.7,27.28,44.62
AC005540.1,lncRNA,0.06,0.74,2.22,1.52,5.96,10.69
AC005544.1,lncRNA,0.08,0.31,2.33,2.0,1.15,2.35
AC005544.2,lncRNA,0.81,0.07,0.0,0.0,2.1,7.11
AC005546.1,lncRNA,0.0,0.28,0.37,1.08,0.65,1.46
AC005548.1,lncRNA,0.53,0.17,0.23,1.0,7.43,4.07
AC005549.1,lncRNA,1.33,0.56,2.74,0.08,3.05,4.5
AC005550.1,lncRNA,0.25,0.0,0.0,0.0,1.06,0.19
AC005550.2,lncRNA,0.18,2.29,1.54,4.68,10.76,15.78
AC005552.1,lncRNA,2.31,1.84,3.03,0.56,3.83,3.44
AC005562.1,lncRNA,14.87,18.5,2.29,18.53,23.4,23.17
AC005580.1,lncRNA,0.0,1.25,1.53,2.5,3.32,4.18
AC005586.1,lncRNA,0.83,0.61,0.55,1.07,5.21,7.65
AC005592.1,lncRNA,0.2,0.17,0.0,0.0,0.41,0.24
AC005592.2,lncRNA,0.07,0.31,0.0,2.25,1.18,1.52
AC005594.1,lncRNA,0.62,2.5,2.65,0.22,3.4,2.37
AC005597.1,lncRNA,1.46,3.5,0.27,2.0,39.23,44.21
AC005599.1,lncRNA,2.31,0.78,1.49,3.2,6.18,6.41
AC005606.1,lncRNA,0.0,0.56,0.0,0.05,0.5,0.95
AC005606.2,lncRNA,3.12,0.85,2.05,0.56,7.19,7.93
AC005609.1,lncRNA,1.13,1.49,1.67,1.18,14.0,10.24
AC005609.2,lncRNA,0.0,0.31,0.07,0.0,0.8,1.03
AC005609.3,lncRNA,0.0,0.0,0.03,0.04,1.22,0.75
AC005609.4,lncRNA,0.0,0.1,0.0,0.0,0.0,0.0
AC005609.5,lncRNA,2.71,2.62,4.45,7.45,15.83,20.52
AC005614.1,lncRNA,1.4,0.7,0.71,3.63,7.97,6.92
AC005614.2,lncRNA,0.0,0.0,0.05,0.97,0.69,1.28
AC005616.1,lncRNA,2.0,0.0,0.0,2.25,0.66,0.0
AC005618.1,lncRNA,1.03,4.65,2.18,3.81,6.0,7.81
AC005618.2,lncRNA,0.54,0.0,0.06,0.18,0.4,1.62
AC005618.3,lncRNA,0.35,0.0,1.42,0.22,7.31,2.46
AC005618.4,lncRNA,1.0,3.0,0.52,0.33,5.43,2.64
AC005625.1,lncRNA,2.5,1.76,2.44,0.25,19.35,19.58
AC005632.3,lncRNA,0.0,0.0,0.0,0.0,5.3,2.94
AC005632.5,lncRNA,0.5,0.0,0.08,2.0,1.47,2.39
AC005632.6,lncRNA,1.79,9.39,1.32,0.98,8.92,6.43
AC005670.1,lncRNA,0.56,1.09,0.4,0.33,2.71,0.95
AC005670.3,lncRNA,9.49,11.63,19.51,29.17,169.63,103.37
AC005674.1,lncRNA,2.33,1.52,4.7,7.25,16.76,22.14
AC005682.2,lncRNA,2.0,0.0,1.25,0.5,4.01,2.72
AC005692.1,lncRNA,0.0,3.0,0.95,0.06,1.08,0.34
AC005692.2,lncRNA,0.0,1.33,0.17,0.0,0.85,2.36
AC005692.3,lncRNA,5.63,2.51,1.38,1.25,8.18,12.0
AC005695.1,lncRNA,3.93,5.96,5.66,10.12,43.45,18.1
AC005695.2,lncRNA,0.2,0.0,0.0,0.0,0.0,0.46
AC005695.3,lncRNA,2.0,0.5,1.83,1.5,6.62,3.17
AC005696.1,lncRNA,0.1,5.61,5.82,0.0,3.46,3.31
AC005696.2,lncRNA,0.0,0.0,0.03,0.0,0.61,0.73
AC005696.3,lncRNA,0.0,0.05,0.5,0.5,1.36,0.24
AC005696.4,lncRNA,3.63,4.94,4.8,3.11,24.5,11.15
AC005697.2,lncRNA,0.0,0.82,0.2,0.34,1.33,2.55
AC005697.3,lncRNA,0.39,0.45,0.05,0.25,1.44,1.66
AC005699.1,lncRNA,0.38,1.95,0.27,7.33,4.16,7.3
AC005702.5,lncRNA,0.0,0.0,0.07,0.0,0.0,0.27
AC005703.1,lncRNA,1.0,0.12,0.81,0.0,1.27,1.32
AC005703.2,lncRNA,0.25,0.0,0.08,0.15,1.23,0.1
AC005703.3,lncRNA,1.0,0.0,0.37,0.25,0.89,0.39
AC005703.6,lncRNA,1.78,3.1,1.0,0.0,3.86,2.83
AC005722.3,lncRNA,2.68,2.17,2.62,2.06,9.21,9.29
AC005722.4,lncRNA,0.0,0.25,0.0,0.0,0.76,0.31
AC005725.1,lncRNA,0.06,1.86,2.17,2.2,0.62,3.65
AC005726.2,lncRNA,0.46,1.55,0.89,0.0,3.19,3.94
AC005726.3,lncRNA,0.0,1.0,0.28,1.5,0.86,0.53
AC005726.4,lncRNA,1.03,0.0,1.0,1.53,0.5,0.11
AC005730.2,lncRNA,0.79,0.67,1.44,4.42,7.37,5.65
AC005730.3,lncRNA,0.0,0.0,0.0,0.0,0.53,0.0
AC005736.1,lncRNA,0.0,0.05,0.28,0.09,0.07,1.0
AC005740.3,lncRNA,0.0,0.0,0.04,0.0,0.49,0.61
AC005740.4,lncRNA,0.17,0.25,0.0,1.0,0.24,0.4
AC005740.5,lncRNA,9.36,6.22,11.32,16.8,25.84,19.5
AC005746.1,lncRNA,5.07,0.38,0.25,1.0,2.64,2.65
AC005746.2,lncRNA,0.25,0.46,0.27,0.0,1.21,0.72
AC005746.3,lncRNA,0.0,0.6,0.15,0.23,1.06,1.24
AC005753.1,lncRNA,0.0,0.0,2.0,1.33,6.35,2.4
AC005753.2,lncRNA,2.0,0.56,0.0,0.0,0.83,1.17
AC005753.3,lncRNA,0.06,0.39,0.5,0.0,3.48,6.72
AC005757.1,lncRNA,0.0,0.0,0.0,0.0,0.56,0.14
AC005759.1,lncRNA,2.36,5.26,5.13,2.7,21.93,14.9
AC005772.1,lncRNA,1.5,0.0,1.33,0.0,4.6,4.06
AC005772.2,lncRNA,3.36,4.7,2.34,4.14,7.14,15.59
AC005774.2,lncRNA,0.25,0.0,0.0,0.33,0.79,0.8
AC005775.1,lncRNA,1.47,1.34,1.88,2.42,14.12,8.94
AC005776.2,lncRNA,0.05,14.66,1.12,4.16,6.7,3.3
AC005785.1,lncRNA,3.32,3.71,5.91,5.25,28.36,31.65
AC005786.2,lncRNA,0.08,1.5,1.89,0.0,0.8,3.33
AC005786.3,lncRNA,0.12,0.85,0.41,2.28,1.53,1.53
AC005789.1,lncRNA,0.35,1.62,1.2,0.66,3.21,3.07
AC005790.1,lncRNA,0.8,0.2,1.28,2.7,0.4,2.47
AC005803.1,lncRNA,1.19,0.4,0.25,0.0,2.86,2.19
AC005808.1,lncRNA,0.38,1.38,4.28,1.06,2.93,2.9
AC005821.1,lncRNA,3.22,3.0,6.5,1.54,9.38,10.37
AC005821.2,lncRNA,0.0,5.2,5.14,5.0,22.26,8.57
AC005823.1,lncRNA,0.0,0.5,0.0,2.0,0.09,1.19
AC005823.2,lncRNA,0.0,0.45,0.3,0.0,0.95,0.34
AC005828.1,lncRNA,0.88,1.5,0.0,1.28,3.04,0.98
AC005828.2,lncRNA,0.0,0.0,1.33,0.09,0.85,0.65
AC005828.3,lncRNA,0.52,1.72,0.0,0.53,0.49,1.11
AC005828.4,lncRNA,7.7,7.54,8.84,5.55,90.87,80.63
AC005828.5,lncRNA,0.0,0.0,0.0,0.0,0.25,0.06
AC005832.1,lncRNA,0.0,0.0,0.4,0.0,0.73,0.25
AC005833.2,lncRNA,1.81,2.98,7.07,6.43,12.85,9.78
AC005837.1,lncRNA,1.03,0.76,4.15,0.6,2.67,3.4
AC005837.4,lncRNA,0.56,0.0,0.77,0.57,0.5,1.37
AC005838.2,lncRNA,0.25,1.0,0.0,5.42,3.56,7.33
AC005840.2,lncRNA,0.74,3.44,1.69,1.25,15.77,14.99
AC005840.4,lncRNA,0.51,0.0,0.48,1.11,19.11,3.22
AC005841.1,lncRNA,0.0,0.25,0.25,0.0,0.37,0.4
AC005845.1,lncRNA,0.09,0.49,0.2,0.0,4.62,2.44
AC005856.1,lncRNA,0.0,0.47,3.16,1.6,6.42,4.74
AC005863.1,lncRNA,0.55,1.51,3.16,0.59,8.68,6.91
AC005865.2,lncRNA,0.18,0.4,0.45,0.0,1.43,1.86
AC005871.1,lncRNA,1.0,0.0,0.33,0.0,1.87,2.36
AC005871.2,lncRNA,0.04,0.14,1.15,0.0,1.7,2.26
AC005884.1,lncRNA,0.67,1.08,0.07,2.7,0.71,2.66
AC005884.2,lncRNA,0.13,1.42,0.29,0.31,0.22,0.43
AC005888.1,lncRNA,0.54,2.14,0.12,0.7,3.21,3.74
AC005899.1,lncRNA,0.0,0.0,2.0,0.07,1.07,1.0
AC005899.3,lncRNA,0.0,0.5,0.0,0.0,0.0,0.0
AC005899.4,lncRNA,2.01,4.86,1.78,3.23,11.83,9.98
AC005899.5,lncRNA,2.0,6.33,0.0,2.8,1.0,0.08
AC005899.6,lncRNA,1.0,0.09,0.0,2.22,0.0,0.14
AC005899.7,lncRNA,0.0,0.25,0.6,0.0,38.22,29.6
AC005899.8,lncRNA,6.98,9.78,11.29,15.89,128.3,127.73
AC005901.1,lncRNA,0.09,0.0,0.17,0.17,3.03,1.28
AC005906.2,lncRNA,4.28,12.78,16.06,14.34,40.26,23.19
AC005906.3,lncRNA,0.34,4.07,5.98,1.4,15.59,8.48
AC005908.2,lncRNA,1.0,0.0,0.11,1.0,0.76,1.5
AC005909.1,lncRNA,0.5,0.34,0.0,3.0,4.45,1.27
AC005909.2,lncRNA,0.25,0.79,0.0,0.0,2.0,1.48
AC005911.1,lncRNA,0.0,0.5,0.0,0.25,0.47,0.06
AC005912.2,lncRNA,2.43,2.3,3.02,7.1,8.09,6.48
AC005914.1,lncRNA,1.12,7.75,0.82,3.0,1.79,2.81
AC005920.1,lncRNA,2.48,3.37,5.36,4.92,19.84,9.42
AC005920.2,lncRNA,0.0,0.0,0.0,0.0,5.25,4.48
AC005920.3,lncRNA,0.0,0.12,0.17,1.2,12.28,9.91
AC005920.4,lncRNA,0.0,0.07,0.0,0.0,0.18,0.66
AC005921.2,lncRNA,0.0,0.0,0.0,1.7,0.25,0.69
AC005921.4,lncRNA,0.67,1.81,0.76,1.56,20.36,9.42
AC005944.1,lncRNA,3.26,5.93,5.01,0.12,7.31,5.48
AC005954.1,lncRNA,0.0,0.0,0.0,0.21,0.0,0.27
AC005954.2,lncRNA,0.18,0.04,0.19,0.0,0.68,1.18
AC005962.1,lncRNA,0.83,1.2,0.0,0.0,1.5,1.53
AC005962.2,lncRNA,5.45,1.63,4.57,3.54,11.57,6.93
AC005972.3,lncRNA,1.75,6.04,1.84,5.07,13.55,11.34
AC005993.1,lncRNA,1.57,3.21,2.04,3.5,6.69,5.79
AC005996.1,lncRNA,0.0,0.09,0.06,0.62,1.01,0.36
AC005998.1,lncRNA,4.2,1.55,2.57,2.43,21.08,29.99
AC005999.1,lncRNA,0.0,0.0,0.0,0.0,2.49,0.72
AC005999.2,lncRNA,0.68,0.14,0.33,1.25,1.62,1.81
AC006001.2,lncRNA,14.56,5.95,14.02,16.48,175.08,177.96
AC006003.1,lncRNA,0.07,0.0,0.07,0.0,3.9,1.99
AC006007.1,lncRNA,0.1,5.0,0.0,0.61,1.59,2.31
AC006008.1,lncRNA,0.11,0.24,0.0,0.0,2.25,5.81
AC006013.1,lncRNA,0.19,0.06,0.67,0.23,1.41,4.22
AC006017.1,lncRNA,0.0,0.0,0.0,0.0,1.2,0.73
AC006019.1,lncRNA,15.12,7.6,34.82,19.82,32.76,35.87
AC006019.2,lncRNA,0.81,0.17,2.55,2.52,6.0,7.69
AC006019.3,lncRNA,0.0,2.5,0.0,0.58,0.6,1.29
AC006026.3,lncRNA,0.0,0.16,0.03,0.22,4.95,1.91
AC006027.1,lncRNA,0.0,0.0,0.12,0.0,0.65,0.92
AC006033.2,lncRNA,2.17,3.67,1.37,0.5,3.02,2.61
AC006037.1,lncRNA,0.5,0.0,0.0,0.0,0.37,0.58
AC006040.1,lncRNA,0.25,0.13,0.0,0.0,0.87,0.33
AC006041.1,lncRNA,0.0,0.0,0.37,0.43,0.0,1.0
AC006041.2,lncRNA,2.86,5.92,5.75,1.69,13.02,16.19
AC006042.1,lncRNA,0.0,1.0,0.17,0.0,0.19,0.34
AC006042.3,lncRNA,0.0,0.0,0.0,0.21,0.0,0.34
AC006043.1,lncRNA,1.01,0.33,3.33,1.12,2.4,5.65
AC006055.1,lncRNA,0.0,0.0,0.0,0.0,0.12,0.0
AC006058.1,lncRNA,1.5,2.0,4.02,6.73,9.99,13.53
AC006058.2,lncRNA,0.73,0.86,5.14,1.74,8.88,10.56
AC006058.3,lncRNA,1.89,2.6,5.28,1.96,13.65,14.01
AC006059.1,lncRNA,2.25,5.62,3.46,1.64,10.48,6.82
AC006059.3,lncRNA,2.14,1.24,9.59,6.64,13.13,14.7
AC006059.4,lncRNA,0.09,0.0,0.05,1.11,2.0,1.82
AC006059.5,lncRNA,4.07,6.5,3.22,11.66,16.16,14.5
AC006062.1,lncRNA,0.46,1.07,2.89,5.17,5.99,4.23
AC006063.1,lncRNA,0.1,0.47,0.17,0.0,0.0,0.1
AC006063.2,lncRNA,2.45,0.53,1.02,2.83,7.51,8.39
AC006063.3,lncRNA,0.4,0.07,1.24,4.25,6.06,2.82
AC006063.4,lncRNA,1.31,1.78,7.0,1.79,6.71,6.69
AC006064.1,lncRNA,0.0,0.0,0.75,3.0,2.18,3.96
AC006064.2,lncRNA,1.02,0.98,0.73,0.0,5.88,3.88
AC006064.3,lncRNA,0.0,0.0,0.84,1.43,2.27,1.38
AC006064.4,lncRNA,19.0,38.96,3.06,2.54,2.55,7.49
AC006064.5,lncRNA,3.7,0.66,5.33,7.14,9.15,5.6
AC006065.3,lncRNA,0.0,0.0,0.0,0.04,2.33,3.67
AC006065.4,lncRNA,0.22,0.12,0.25,0.95,3.95,1.42
AC006076.1,lncRNA,0.14,0.0,0.26,3.42,1.38,0.97
AC006111.1,lncRNA,0.0,0.0,0.12,0.08,0.08,0.68
AC006111.2,lncRNA,0.74,2.5,0.17,0.17,1.36,1.07
AC006111.3,lncRNA,0.28,0.05,0.54,0.14,0.91,0.41
AC006112.1,lncRNA,0.14,3.94,2.29,3.73,1.84,1.1
AC006115.2,lncRNA,14.03,13.45,15.52,12.84,99.83,103.15
AC006116.4,lncRNA,0.0,0.07,0.0,0.0,0.17,0.0
AC006116.5,lncRNA,0.0,0.0,0.0,0.0,0.06,0.0
AC006116.6,lncRNA,0.08,0.4,0.12,0.12,2.61,2.07
AC006116.7,lncRNA,3.58,4.37,12.97,4.15,25.2,20.64
AC006116.8,lncRNA,0.33,0.5,0.5,0.9,3.65,2.25
AC006116.9,lncRNA,2.9,0.98,0.79,8.06,7.0,4.41
AC006130.1,lncRNA,0.0,1.07,2.0,12.17,5.97,36.74
AC006130.3,lncRNA,0.5,1.08,0.46,1.52,3.38,6.05
AC006141.1,lncRNA,6.89,13.69,0.1,3.78,2.07,4.09
AC006144.1,lncRNA,0.0,0.09,0.0,0.0,0.08,0.61
AC006146.1,lncRNA,0.04,3.61,0.17,2.09,0.34,0.67
AC006148.1,lncRNA,33.38,28.67,24.73,30.06,404.0,332.69
AC006148.2,lncRNA,0.08,1.31,0.64,0.5,5.83,7.83
AC006150.1,lncRNA,0.0,0.0,1.25,0.5,0.96,2.0
AC006153.1,lncRNA,0.0,0.0,0.0,0.0,0.25,0.4
AC006157.1,lncRNA,0.0,0.0,0.33,0.0,2.43,2.38
AC006159.1,lncRNA,0.0,0.06,0.64,0.0,0.4,2.11
AC006160.1,lncRNA,2.05,4.42,1.56,2.2,15.99,12.18
AC006197.2,lncRNA,0.06,0.0,1.87,2.0,4.35,3.46
AC006205.1,lncRNA,0.09,0.2,0.0,0.0,0.0,1.12
AC006205.2,lncRNA,0.0,0.0,0.0,0.0,0.14,0.5
AC006206.1,lncRNA,2.36,17.62,2.89,10.16,18.29,21.05
AC006206.2,lncRNA,1.48,5.27,2.72,2.67,7.1,11.63
AC006207.1,lncRNA,0.0,0.0,0.0,0.2,0.78,1.0
AC006213.1,lncRNA,4.16,3.47,1.83,1.91,40.44,41.75
AC006213.2,lncRNA,0.89,0.69,2.14,0.25,3.06,3.04
AC006213.3,lncRNA,0.0,0.88,1.09,0.25,4.88,2.64
AC006213.4,lncRNA,0.0,0.33,0.0,0.0,0.27,0.0
AC006213.5,lncRNA,0.0,0.0,0.0,0.0,0.0,0.42
AC006213.7,lncRNA,0.0,2.0,0.0,0.0,1.65,0.08
AC006230.1,lncRNA,7.91,4.31,5.26,11.28,21.52,21.56
AC006237.1,lncRNA,0.0,0.17,0.31,0.32,2.66,0.62
AC006238.1,lncRNA,0.0,0.0,0.13,0.0,0.42,0.23
AC006238.2,lncRNA,2.73,3.23,1.0,0.4,3.92,5.91
AC006249.1,lncRNA,0.0,0.18,0.0,0.62,4.5,2.92
AC006252.1,lncRNA,0.0,0.0,0.16,0.31,2.26,3.65
AC006262.1,lncRNA,10.48,16.43,7.42,15.91,23.62,27.33
AC006262.2,lncRNA,0.0,0.0,0.0,0.5,0.75,0.56
AC006262.3,lncRNA,0.0,0.25,0.53,0.0,0.25,2.32
AC006270.1,lncRNA,0.0,1.33,0.0,1.0,2.89,2.86
AC006272.1,lncRNA,1.33,0.0,0.64,0.11,1.62,2.16
AC006273.1,lncRNA,2.41,0.86,1.48,1.51,4.33,2.4
AC006288.1,lncRNA,0.0,0.0,0.44,0.14,3.81,2.42
AC006296.1,lncRNA,0.5,0.14,0.0,0.0,2.11,0.57
AC006296.2,lncRNA,0.12,0.0,0.0,2.0,0.64,0.96
AC006296.3,lncRNA,0.39,12.33,2.0,2.25,25.63,26.55
AC006299.1,lncRNA,3.21,2.56,3.33,2.28,15.02,11.57
AC006305.1,lncRNA,12.43,4.23,4.34,6.73,22.84,28.41
AC006305.2,lncRNA,0.31,1.18,0.0,0.2,7.28,2.0
AC006305.3,lncRNA,0.0,3.27,0.61,0.42,3.58,5.36
AC006348.1,lncRNA,12.39,10.57,2.7,14.63,26.21,31.67
AC006355.2,lncRNA,0.0,0.0,0.67,0.0,0.45,1.75
AC006357.1,lncRNA,0.0,0.0,0.07,0.09,0.39,0.5
AC006364.1,lncRNA,1.93,2.03,4.39,3.43,15.3,28.56
AC006369.1,lncRNA,0.75,1.81,0.0,1.87,2.09,2.42
AC006369.2,lncRNA,0.0,0.0,0.0,0.0,0.33,1.17
AC006372.1,lncRNA,0.16,2.35,1.02,1.63,9.84,8.26
AC006372.2,lncRNA,0.39,0.33,2.0,0.5,2.68,6.45
AC006372.3,lncRNA,2.81,6.72,10.52,6.77,36.6,30.01
AC006398.1,lncRNA,1.0,0.0,0.93,4.0,4.43,1.69
AC006427.2,lncRNA,0.25,0.3,0.0,0.33,0.2,0.0
AC006435.1,lncRNA,1.58,0.42,3.3,1.2,9.22,3.47
AC006435.2,lncRNA,1.48,0.0,0.79,1.31,0.78,3.0
AC006435.3,lncRNA,0.2,0.03,0.03,0.0,0.03,0.03
AC006441.1,lncRNA,0.0,1.0,0.0,0.0,1.0,0.13
AC006441.3,lncRNA,1.0,4.0,0.0,0.5,0.71,0.57
AC006441.4,lncRNA,0.24,0.6,0.0,0.0,0.55,6.58
AC006445.2,lncRNA,1.0,0.0,0.0,2.0,0.67,1.0
AC006449.1,lncRNA,0.72,0.0,2.37,0.61,1.15,0.75
AC006449.2,lncRNA,0.8,1.14,0.21,0.79,11.48,7.91
AC006449.3,lncRNA,1.48,0.08,0.0,4.0,2.8,2.24
AC006449.5,lncRNA,0.96,2.86,3.43,7.6,24.99,18.02
AC006449.6,lncRNA,3.33,6.75,8.69,9.5,59.06,30.4
AC006450.1,lncRNA,0.0,0.0,0.0,0.0,4.29,1.49
AC006450.2,lncRNA,0.81,0.17,0.06,0.17,0.88,0.71
AC006450.3,lncRNA,9.26,4.19,10.55,10.08,14.05,22.8
AC006452.1,lncRNA,3.58,7.81,7.84,16.62,16.34,18.46
AC006455.1,lncRNA,0.14,0.0,0.0,0.0,0.81,2.22
AC006455.4,lncRNA,0.0,0.24,0.0,0.0,1.73,0.91
AC006455.5,lncRNA,1.78,1.11,2.74,3.03,12.81,8.85
AC006455.8,lncRNA,0.0,0.14,0.25,0.0,0.47,1.02
AC006458.1,lncRNA,0.0,0.0,0.2,0.0,0.0,0.0
AC006459.1,lncRNA,0.09,0.21,2.06,0.38,2.07,1.0
AC006460.1,lncRNA,2.03,0.44,3.29,0.05,11.41,7.66
AC006460.2,lncRNA,60.5,25.08,367.77,100.45,237.58,261.24
AC006478.1,lncRNA,5.08,0.0,0.17,0.0,1.27,0.52
AC006478.2,lncRNA,3.12,1.0,9.88,0.0,6.67,5.43
AC006480.2,lncRNA,0.23,1.61,1.12,1.09,2.08,0.97
AC006482.1,lncRNA,0.0,0.0,0.0,0.0,0.5,0.2
AC006483.2,lncRNA,2.59,6.13,7.09,6.46,70.66,76.63
AC006487.1,lncRNA,0.88,0.67,3.19,2.55,40.45,43.56
AC006487.2,lncRNA,0.0,0.62,1.55,2.0,8.26,3.23
AC006504.1,lncRNA,5.0,3.17,6.6,3.85,19.14,15.3
AC006504.2,lncRNA,1.0,0.0,0.32,0.0,2.08,0.81
AC006504.5,lncRNA,18.1,11.29,12.59,17.7,144.47,102.06
AC006504.7,lncRNA,0.0,0.25,0.0,0.0,0.05,0.51
AC006511.4,lncRNA,0.0,0.21,0.5,0.29,2.7,1.28
AC006511.5,lncRNA,3.08,5.33,5.41,6.62,76.64,79.23
AC006511.6,lncRNA,0.31,5.19,0.38,0.62,2.18,1.95
AC006517.2,lncRNA,0.31,3.19,0.38,0.62,2.55,2.29
AC006525.1,lncRNA,0.43,1.0,0.1,1.5,2.31,1.15
AC006538.1,lncRNA,23.68,40.83,51.7,19.0,12.42,29.52
AC006538.3,lncRNA,0.17,0.0,1.5,0.0,5.79,0.79
AC006538.4,lncRNA,0.68,4.55,3.71,1.19,14.74,19.13
AC006547.1,lncRNA,7.79,10.33,4.88,8.93,11.88,12.5
AC006547.2,lncRNA,0.4,0.0,0.07,0.0,1.93,0.29
AC006547.3,lncRNA,0.0,0.06,0.0,0.5,0.59,1.04
AC006557.1,lncRNA,0.2,0.0,0.05,1.25,4.14,0.66
AC006557.3,lncRNA,0.25,0.09,0.0,0.0,0.05,0.19
AC006566.1,lncRNA,0.0,0.0,0.0,0.0,1.42,1.64
AC006566.2,lncRNA,0.5,1.81,0.5,0.0,7.83,7.63
AC006581.1,lncRNA,0.06,1.06,0.0,0.0,0.77,0.17
AC006581.2,lncRNA,0.0,5.32,2.17,2.64,0.91,1.43
AC006942.1,lncRNA,0.2,2.23,7.08,3.44,18.91,11.94
AC006946.2,lncRNA,3.97,1.33,1.33,0.07,4.91,3.27
AC006946.3,lncRNA,0.07,3.28,0.83,2.67,3.31,2.77
AC006947.1,lncRNA,0.0,1.47,0.0,1.25,1.67,0.35
AC006960.2,lncRNA,0.0,0.1,0.14,0.0,1.34,1.39
AC006960.3,lncRNA,0.0,0.27,0.0,0.0,1.0,0.32
AC006967.2,lncRNA,0.0,0.0,1.5,1.5,2.43,1.84
AC006967.3,lncRNA,0.1,0.92,1.63,3.64,1.19,3.55
AC006970.2,lncRNA,0.0,1.28,0.19,0.22,2.41,2.1
AC006972.1,lncRNA,0.22,1.22,0.04,0.0,2.03,3.31
AC006974.1,lncRNA,0.55,2.15,1.82,2.89,2.2,3.8
AC006974.2,lncRNA,0.2,2.16,2.53,0.0,4.57,9.08
AC006994.1,lncRNA,5.07,1.95,2.51,8.16,10.11,14.81
AC007000.3,lncRNA,0.42,0.67,0.94,0.27,0.26,1.55
AC007001.1,lncRNA,0.5,2.0,0.1,0.0,0.11,5.68
AC007003.1,lncRNA,0.0,5.53,0.57,1.5,1.35,0.62
AC007009.1,lncRNA,0.25,0.11,0.56,0.04,1.63,0.77
AC007014.1,lncRNA,0.08,0.08,0.67,0.0,1.35,0.43
AC007014.2,lncRNA,0.0,0.24,0.0,0.14,1.59,0.71
AC007029.1,lncRNA,0.09,0.0,0.0,0.07,1.38,3.54
AC007032.1,lncRNA,0.84,4.57,1.1,3.11,6.76,4.42
AC007036.1,lncRNA,0.0,0.0,0.0,0.0,0.92,0.0
AC007036.2,lncRNA,3.0,0.0,0.0,1.0,0.64,2.16
AC007036.3,lncRNA,2.06,1.7,2.74,1.22,5.21,3.64
AC007036.5,lncRNA,1.25,0.64,1.0,0.24,5.79,7.55
AC007038.1,lncRNA,0.3,3.41,0.25,4.2,3.19,6.89
AC007040.1,lncRNA,0.61,2.02,1.52,1.65,3.5,5.59
AC007064.2,lncRNA,0.0,0.0,0.2,0.9,0.0,0.06
AC007066.2,lncRNA,0.3,0.07,0.29,0.0,2.22,4.0
AC007066.3,lncRNA,0.33,0.22,0.37,0.03,2.49,3.22
AC007091.1,lncRNA,0.7,1.0,1.0,0.0,1.16,0.77
AC007092.1,lncRNA,0.0,1.47,0.67,2.8,2.57,4.06
AC007098.1,lncRNA,7.7,7.72,14.12,5.46,60.67,41.68
AC007099.1,lncRNA,0.62,0.89,1.09,5.38,0.38,1.18
AC007099.2,lncRNA,0.0,0.0,2.5,0.0,1.26,1.18
AC007100.1,lncRNA,2.19,3.05,2.31,0.0,5.65,4.27
AC007100.2,lncRNA,0.31,0.0,0.0,0.0,0.0,0.25
AC007106.1,lncRNA,0.06,1.09,1.01,4.0,7.37,5.6
AC007106.2,lncRNA,1.23,5.59,0.81,2.77,4.55,3.91
AC007114.1,lncRNA,5.24,1.04,1.42,4.16,31.37,14.22
AC007114.2,lncRNA,8.23,17.52,10.34,9.57,81.06,66.03
AC007126.1,lncRNA,11.2,30.58,17.16,19.88,121.53,120.09
AC007128.1,lncRNA,1.13,3.93,1.91,1.67,14.02,16.71
AC007128.2,lncRNA,1.24,2.51,1.11,1.61,11.86,16.18
AC007130.1,lncRNA,0.0,0.0,0.0,0.0,2.02,0.63
AC007132.1,lncRNA,2.3,7.54,0.39,2.48,17.06,13.83
AC007159.1,lncRNA,1.74,2.93,0.29,4.66,7.24,2.84
AC007161.3,lncRNA,1.6,3.56,115.01,1.46,4.0,3.72
AC007179.1,lncRNA,0.0,0.32,0.33,0.59,7.07,10.15
AC007179.2,lncRNA,4.17,8.41,1.74,7.18,30.05,16.01
AC007182.1,lncRNA,6.01,5.91,2.96,2.14,16.03,26.02
AC007192.2,lncRNA,0.58,0.59,0.65,4.41,3.07,1.87
AC007193.1,lncRNA,0.0,0.0,0.31,0.0,0.52,0.7
AC007193.2,lncRNA,0.6,0.15,0.53,0.08,1.2,0.78
AC007193.3,lncRNA,0.0,0.25,0.0,0.5,0.74,0.23
AC007216.1,lncRNA,0.39,0.32,0.8,1.17,2.93,3.38
AC007216.2,lncRNA,0.08,0.0,0.0,0.0,0.0,0.0
AC007216.3,lncRNA,0.97,7.67,6.25,6.64,110.17,63.39
AC007216.4,lncRNA,0.33,0.58,2.42,0.33,4.09,2.8
AC007218.1,lncRNA,0.08,0.74,0.0,4.0,1.5,2.6
AC007218.3,lncRNA,0.0,1.05,0.82,0.13,3.44,2.53
AC007220.1,lncRNA,0.33,2.0,1.41,1.58,3.51,3.89
AC007220.2,lncRNA,0.0,0.0,0.5,0.0,0.79,8.87
AC007221.1,lncRNA,0.0,0.0,0.17,1.1,0.84,3.65
AC007222.2,lncRNA,1.2,1.55,2.0,3.33,14.14,11.23
AC007223.1,lncRNA,0.58,1.41,0.75,0.11,24.48,26.37
AC007240.3,lncRNA,4.45,4.64,2.04,6.62,22.02,13.21
AC007250.1,lncRNA,0.0,0.0,1.14,0.11,4.29,4.5
AC007255.1,lncRNA,0.4,0.5,2.55,0.1,6.7,9.41
AC007262.2,lncRNA,7.82,0.46,5.27,7.01,9.87,9.02
AC007269.1,lncRNA,0.93,0.56,2.0,0.0,1.76,3.96
AC007271.1,lncRNA,2.5,12.0,0.0,3.0,11.5,8.04
AC007272.1,lncRNA,0.0,3.0,0.03,3.43,3.05,4.24
AC007277.1,lncRNA,0.8,1.52,4.04,2.85,17.37,21.29
AC007278.1,lncRNA,0.0,1.72,3.73,0.0,1.73,0.65
AC007278.2,lncRNA,0.0,0.0,1.07,1.0,1.78,2.72
AC007279.1,lncRNA,1.1,3.35,1.33,3.25,1.87,4.36
AC007283.1,lncRNA,0.31,0.0,0.7,0.0,0.12,0.03
AC007285.1,lncRNA,0.0,0.0,0.0,2.0,0.7,0.5
AC007292.1,lncRNA,0.25,0.57,0.41,0.55,4.0,1.52
AC007292.2,lncRNA,0.46,0.93,1.28,1.16,6.25,2.75
AC007292.3,lncRNA,0.0,1.25,0.0,0.17,0.17,1.11
AC007298.1,lncRNA,0.31,0.27,0.0,0.0,0.64,0.0
AC007298.2,lncRNA,0.0,0.0,0.0,1.5,0.63,0.17
AC007308.1,lncRNA,0.0,0.5,0.0,0.0,0.5,0.45
AC007314.1,lncRNA,0.58,0.22,0.08,0.0,6.35,5.23
AC007317.1,lncRNA,0.27,0.79,0.0,1.33,3.1,2.88
AC007317.2,lncRNA,0.0,0.0,0.4,0.0,0.37,0.2
AC007319.1,lncRNA,1.81,2.14,3.69,2.12,2.03,4.74
AC007326.2,lncRNA,8.2,7.33,11.1,23.41,32.42,33.32
AC007326.5,lncRNA,0.03,0.09,0.44,0.22,0.75,2.06
AC007327.2,lncRNA,2.0,0.2,0.0,0.0,0.06,0.0
AC007333.1,lncRNA,3.11,0.07,2.06,1.29,1.82,2.24
AC007333.2,lncRNA,0.0,0.4,0.67,0.0,0.93,0.57
AC007336.1,lncRNA,10.51,5.68,6.72,9.56,113.57,114.13
AC007336.2,lncRNA,0.83,0.29,0.0,0.0,0.75,1.83
AC007342.1,lncRNA,0.2,3.0,0.0,2.08,3.66,12.13
AC007342.4,lncRNA,0.55,1.2,2.74,0.25,6.1,2.89
AC007342.5,lncRNA,0.09,2.64,1.0,3.0,0.48,3.73
AC007343.1,lncRNA,0.0,0.0,1.06,0.33,2.42,2.2
AC007344.1,lncRNA,1.0,0.0,0.26,1.08,1.9,4.78
AC007347.1,lncRNA,0.1,0.0,0.25,0.05,1.21,0.44
AC007349.1,lncRNA,0.0,0.57,0.0,1.0,2.8,2.0
AC007349.2,lncRNA,1.57,0.25,0.0,0.45,3.08,1.01
AC007349.3,lncRNA,0.33,1.2,0.17,0.12,2.14,1.97
AC007349.4,lncRNA,0.0,0.0,0.0,6.0,1.31,0.38
AC007350.1,lncRNA,0.0,0.0,0.0,2.9,2.99,1.29
AC007359.1,lncRNA,1.33,7.46,0.62,1.83,19.3,12.59
AC007362.1,lncRNA,0.82,4.64,4.39,2.58,17.75,7.48
AC007365.1,lncRNA,0.0,0.0,0.1,2.0,1.51,1.25
AC007368.1,lncRNA,6.83,4.79,8.72,11.91,21.69,20.12
AC007370.1,lncRNA,0.14,0.29,0.1,0.0,0.14,0.25
AC007370.2,lncRNA,0.0,0.06,0.65,0.53,2.26,4.16
AC007375.3,lncRNA,2.31,4.13,3.99,1.42,22.72,19.54
AC007376.2,lncRNA,0.14,1.62,1.99,1.0,0.97,3.99
AC007378.1,lncRNA,0.83,0.0,0.2,0.98,0.73,0.49
AC007381.1,lncRNA,3.31,4.33,9.51,10.81,8.13,10.67
AC007383.1,lncRNA,1.1,3.72,9.13,2.63,8.76,10.06
AC007383.2,lncRNA,0.5,0.82,0.61,0.54,0.71,0.45
AC007384.1,lncRNA,0.56,2.08,1.28,0.7,3.73,3.2
AC007387.1,lncRNA,0.07,0.3,0.33,0.0,3.81,2.46
AC007387.2,lncRNA,1.38,2.82,1.88,1.75,7.82,4.36
AC007389.1,lncRNA,7.51,14.96,8.17,30.78,40.51,33.74
AC007389.2,lncRNA,1.74,0.0,0.0,3.36,0.42,5.02
AC007389.3,lncRNA,0.0,1.08,0.0,0.0,1.0,0.66
AC007390.1,lncRNA,2.67,3.35,1.13,3.84,12.46,12.43
AC007391.1,lncRNA,0.0,0.0,0.41,0.0,10.04,3.05
AC007391.2,lncRNA,0.0,1.05,0.0,2.2,3.42,2.83
AC007391.3,lncRNA,0.0,0.0,2.64,0.53,1.2,0.59
AC007402.1,lncRNA,1.2,3.74,1.61,11.07,4.48,7.39
AC007402.2,lncRNA,1.48,0.73,0.21,2.05,9.38,7.88
AC007403.1,lncRNA,0.0,0.0,7.0,2.0,1.58,1.22
AC007405.1,lncRNA,14.33,27.68,12.64,13.55,13.97,51.45
AC007405.2,lncRNA,2.59,5.82,6.67,3.14,26.06,31.27
AC007405.3,lncRNA,0.48,4.33,5.92,0.76,7.82,9.71
AC007405.4,lncRNA,0.11,0.67,1.54,2.5,3.75,7.15
AC007406.1,lncRNA,0.29,0.17,0.67,0.0,0.81,0.12
AC007406.2,lncRNA,0.0,0.0,0.0,0.0,0.35,1.28
AC007406.3,lncRNA,5.9,6.43,4.67,6.5,119.52,113.96
AC007406.4,lncRNA,5.22,5.43,2.69,7.44,42.65,45.43
AC007422.1,lncRNA,5.89,2.53,9.58,16.92,54.21,46.59
AC007423.1,lncRNA,0.0,0.0,0.0,0.0,0.5,0.25
AC007431.1,lncRNA,0.14,1.0,0.22,0.39,1.75,2.11
AC007431.2,lncRNA,0.0,0.06,0.0,0.0,1.85,0.39
AC007432.1,lncRNA,0.45,0.3,2.32,2.75,7.31,5.67
AC007448.3,lncRNA,0.0,0.0,0.0,0.0,0.0,2.17
AC007448.4,lncRNA,1.53,6.4,2.11,1.99,13.38,10.85
AC007448.5,lncRNA,0.14,10.25,0.14,6.84,2.96,4.29
AC007450.1,lncRNA,0.0,0.0,0.0,0.0,0.17,0.0
AC007461.1,lncRNA,1.08,1.78,0.27,0.89,7.02,5.9
AC007463.1,lncRNA,0.25,0.2,0.0,0.0,6.39,6.64
AC007463.2,lncRNA,0.0,0.0,0.68,0.0,0.0,1.46
AC007483.1,lncRNA,0.0,0.0,0.17,0.0,1.93,0.51
AC007491.1,lncRNA,4.74,1.28,0.78,5.12,11.83,14.74
AC007493.1,lncRNA,2.75,6.38,0.58,1.03,11.14,9.89
AC007493.2,lncRNA,0.5,0.33,1.9,2.12,9.19,4.14
AC007494.2,lncRNA,0.0,0.11,1.0,0.0,0.83,2.18
AC007495.1,lncRNA,0.5,0.09,0.0,0.0,1.31,1.36
AC007496.1,lncRNA,0.0,0.0,0.0,1.0,0.42,1.25
AC007496.2,lncRNA,3.0,10.71,0.0,2.0,7.65,11.7
AC007497.1,lncRNA,0.0,0.0,0.0,0.0,0.15,0.0
AC007497.2,lncRNA,0.0,0.0,2.12,0.58,0.62,2.12
AC007511.1,lncRNA,1.5,1.71,8.58,14.79,30.5,41.25
AC007513.1,lncRNA,0.0,0.0,0.0,2.0,0.37,0.21
AC007527.1,lncRNA,0.12,0.08,0.33,0.0,1.12,1.22
AC007527.2,lncRNA,0.03,0.15,0.82,0.0,0.25,1.81
AC007528.1,lncRNA,0.0,0.0,0.5,0.0,1.1,0.26
AC007529.1,lncRNA,0.0,1.29,0.08,8.18,0.68,3.41
AC007529.2,lncRNA,0.25,0.17,0.11,0.1,2.89,0.83
AC007533.1,lncRNA,0.2,0.09,1.86,0.37,2.3,1.92
AC007535.1,lncRNA,0.83,0.25,0.0,0.0,0.92,0.24
AC007540.1,lncRNA,0.04,0.0,0.0,0.11,1.61,1.71
AC007541.1,lncRNA,3.33,5.51,1.12,0.45,4.61,5.13
AC007546.1,lncRNA,0.25,0.0,0.0,0.0,4.0,0.2
AC007552.2,lncRNA,0.0,0.25,0.0,0.59,2.17,5.17
AC007556.1,lncRNA,0.0,1.0,1.33,0.0,1.64,4.5
AC007557.1,lncRNA,0.0,0.67,0.0,0.05,2.23,4.63
AC007557.2,lncRNA,0.16,2.03,0.86,0.52,3.25,4.2
AC007557.3,lncRNA,0.68,0.22,0.31,0.12,6.92,3.29
AC007557.4,lncRNA,0.0,0.0,0.0,0.0,0.7,0.2
AC007563.1,lncRNA,0.0,0.0,0.0,0.0,1.59,0.95
AC007563.2,lncRNA,0.14,0.59,0.18,0.21,2.86,4.97
AC007563.3,lncRNA,0.25,0.25,1.0,0.05,2.75,3.21
AC007566.1,lncRNA,1.38,1.36,1.37,3.92,3.13,5.48
AC007569.1,lncRNA,1.17,2.1,0.4,0.5,8.61,3.84
AC007570.1,lncRNA,0.18,1.0,0.0,0.78,1.6,1.24
AC007595.1,lncRNA,0.0,3.19,0.59,2.0,1.0,5.03
AC007598.1,lncRNA,0.0,0.0,0.2,0.0,0.0,0.17
AC007598.2,lncRNA,0.0,0.0,0.0,0.12,1.62,2.53
AC007599.2,lncRNA,0.0,0.0,0.0,0.33,0.14,0.0
AC007601.1,lncRNA,2.12,0.93,2.58,3.74,2.68,5.27
AC007601.2,lncRNA,0.17,0.2,0.09,0.0,2.08,3.0
AC007603.1,lncRNA,0.7,2.01,0.27,1.11,6.89,4.84
AC007608.1,lncRNA,2.4,5.94,1.39,7.65,7.9,7.92
AC007608.2,lncRNA,0.12,0.58,0.0,0.2,5.34,2.04
AC007608.3,lncRNA,6.01,1.66,3.28,6.94,18.93,17.21
AC007610.1,lncRNA,0.1,0.53,0.0,0.15,2.35,2.43
AC007610.2,lncRNA,0.0,0.0,0.2,0.33,1.86,0.22
AC007610.5,lncRNA,0.0,1.03,1.42,4.0,2.5,1.49
AC007611.1,lncRNA,1.6,3.85,2.31,1.83,7.21,10.52
AC007613.1,lncRNA,5.46,10.93,3.29,4.21,34.6,21.56
AC007614.1,lncRNA,15.46,15.56,32.63,28.41,220.05,218.92
AC007620.2,lncRNA,1.03,1.59,0.04,1.51,1.18,0.58
AC007620.3,lncRNA,0.0,0.0,0.0,0.0,0.09,0.11
AC007622.2,lncRNA,0.52,2.75,1.46,3.58,4.54,8.55
AC007631.1,lncRNA,0.5,0.0,0.0,1.5,0.95,0.33
AC007637.1,lncRNA,0.0,0.25,0.33,0.05,8.59,6.2
AC007638.1,lncRNA,15.32,35.8,29.84,50.68,203.68,270.93
AC007638.2,lncRNA,1.24,1.0,0.5,1.12,4.98,1.67
AC007639.1,lncRNA,0.2,0.1,0.18,0.0,1.85,1.45
AC007649.1,lncRNA,0.58,2.85,0.7,2.09,2.72,6.14
AC007652.1,lncRNA,0.0,1.0,0.0,1.0,0.38,0.2
AC007652.2,lncRNA,2.26,6.62,2.31,3.78,9.5,14.98
AC007652.3,lncRNA,0.33,0.17,0.33,1.83,1.81,0.95
AC007655.1,lncRNA,0.0,0.0,0.0,0.0,0.33,0.21
AC007655.2,lncRNA,0.0,0.14,0.81,0.05,1.46,0.95
AC007656.1,lncRNA,0.0,0.07,0.25,0.29,6.38,4.9
AC007656.2,lncRNA,0.33,0.2,0.11,1.0,3.28,0.2
AC007656.4,lncRNA,0.0,0.06,0.57,3.0,0.55,2.44
AC007663.2,lncRNA,0.08,0.57,0.69,0.67,7.56,8.1
AC007663.3,lncRNA,0.67,0.6,0.49,1.2,2.23,3.89
AC007663.4,lncRNA,0.0,0.0,0.0,1.0,0.32,0.0
AC007666.1,lncRNA,2.05,5.91,1.71,3.73,3.3,2.62
AC007666.2,lncRNA,0.12,0.0,0.68,0.2,1.59,2.25
AC007671.1,lncRNA,0.0,0.17,0.67,0.0,1.25,1.4
AC007673.1,lncRNA,0.2,1.25,0.0,0.0,0.08,0.59
AC007679.1,lncRNA,0.27,2.14,1.49,2.67,2.26,3.75
AC007681.1,lncRNA,0.73,2.5,1.03,1.0,7.55,2.08
AC007682.1,lncRNA,0.0,0.0,0.0,1.0,0.28,0.87
AC007684.2,lncRNA,0.0,0.0,3.0,0.0,0.0,0.31
AC007686.2,lncRNA,2.57,0.86,1.29,0.0,0.73,1.14
AC007686.3,lncRNA,6.41,14.05,9.69,7.23,39.18,32.81
AC007686.4,lncRNA,3.83,4.0,0.44,4.42,5.83,7.04
AC007686.5,lncRNA,0.0,1.55,0.0,0.0,3.29,1.7
AC007688.3,lncRNA,0.58,1.46,5.88,2.0,0.96,0.33
AC007695.1,lncRNA,3.64,7.31,3.57,3.19,75.38,49.97
AC007728.1,lncRNA,0.15,1.0,1.5,0.0,3.14,2.27
AC007728.2,lncRNA,2.23,1.2,2.41,5.33,11.79,8.07
AC007728.3,lncRNA,0.0,0.0,0.0,0.17,9.18,2.01
AC007731.2,lncRNA,0.0,0.0,1.62,0.67,0.08,0.52
AC007731.3,lncRNA,0.34,1.07,0.0,0.04,3.3,7.31
AC007731.5,lncRNA,0.0,0.0,1.0,0.0,0.36,0.67
AC007736.1,lncRNA,0.75,2.78,0.12,0.33,1.77,5.79
AC007743.1,lncRNA,0.62,1.66,2.56,0.3,20.83,9.95
AC007744.1,lncRNA,1.04,0.93,0.56,1.62,3.27,5.67
AC007749.1,lncRNA,0.09,0.63,0.33,1.17,0.37,1.47
AC007749.2,lncRNA,0.81,1.62,3.72,4.02,7.72,5.26
AC007750.1,lncRNA,1.92,0.63,3.62,4.9,26.61,20.39
AC007773.1,lncRNA,0.62,0.67,6.97,1.04,6.71,5.7
AC007780.1,lncRNA,1.52,8.31,1.98,3.54,10.02,18.53
AC007785.1,lncRNA,0.5,0.0,0.0,1.0,0.15,0.33
AC007785.3,lncRNA,2.18,7.54,6.63,30.66,14.21,23.4
AC007786.1,lncRNA,0.72,3.42,0.67,1.5,4.04,8.44
AC007786.2,lncRNA,1.5,0.33,0.0,1.0,2.32,1.33
AC007786.3,lncRNA,0.0,0.0,0.0,0.0,0.59,0.0
AC007786.4,lncRNA,25.0,27.81,63.37,28.42,24.12,40.45
AC007787.1,lncRNA,2.36,0.95,1.36,5.22,6.0,2.8
AC007795.1,lncRNA,0.58,1.33,0.81,2.93,25.69,4.15
AC007823.1,lncRNA,0.0,0.0,0.0,0.0,0.28,0.3
AC007834.1,lncRNA,0.5,0.0,0.0,0.2,0.43,1.18
AC007846.1,lncRNA,1.08,4.67,0.42,5.17,4.68,5.68
AC007848.1,lncRNA,0.0,0.63,1.43,0.18,5.89,6.14
AC007848.2,lncRNA,0.5,0.25,1.33,0.33,2.8,5.95
AC007849.1,lncRNA,0.48,0.78,2.55,0.37,1.48,1.76
AC007861.1,lncRNA,0.39,1.96,1.42,0.28,4.66,5.2
AC007861.2,lncRNA,0.05,1.41,0.12,0.0,0.98,0.88
AC007876.1,lncRNA,0.0,0.25,0.2,0.25,4.95,4.32
AC007877.1,lncRNA,0.48,1.5,0.0,1.0,4.56,9.67
AC007878.1,lncRNA,0.1,0.0,0.0,5.11,2.05,0.62
AC007879.1,lncRNA,0.0,0.0,1.0,0.5,1.76,0.0
AC007879.2,lncRNA,0.43,0.09,1.28,0.0,3.39,0.5
AC007879.3,lncRNA,1.0,3.14,2.58,0.5,2.35,4.28
AC007879.4,lncRNA,0.0,0.0,0.06,0.0,0.08,0.49
AC007879.5,lncRNA,0.56,5.0,1.5,7.5,16.73,20.79
AC007880.1,lncRNA,0.3,0.62,0.53,0.75,4.88,1.8
AC007881.2,lncRNA,0.06,0.12,1.57,2.0,0.07,2.86
AC007881.3,lncRNA,0.1,0.0,0.33,0.3,8.93,3.29
AC007881.4,lncRNA,0.0,4.24,1.25,2.08,2.75,1.4
AC007906.1,lncRNA,0.67,1.11,0.0,0.0,1.17,0.87
AC007907.1,lncRNA,0.17,0.33,0.0,0.0,1.83,0.69
AC007920.1,lncRNA,0.33,2.47,2.85,3.86,8.54,7.85
AC007920.2,lncRNA,0.08,0.11,1.7,0.07,1.26,1.63
AC007922.1,lncRNA,0.0,0.24,0.0,0.0,0.67,0.67
AC007922.2,lncRNA,0.15,0.9,0.0,0.73,0.23,0.44
AC007922.3,lncRNA,3.47,2.47,7.21,3.39,38.33,31.16
AC007922.4,lncRNA,1.34,2.51,1.22,1.83,4.41,6.83
AC007923.1,lncRNA,0.06,0.0,0.58,0.12,2.92,1.28
AC007923.3,lncRNA,0.34,0.16,1.08,0.0,3.32,0.32
AC007938.1,lncRNA,2.74,0.0,0.63,1.5,2.65,5.18
AC007938.2,lncRNA,315.42,185.23,180.03,391.61,3088.94,1063.43
AC007938.3,lncRNA,0.0,0.1,0.0,0.0,1.66,2.39
AC007948.1,lncRNA,0.15,0.0,0.0,0.0,0.0,3.1
AC007950.1,lncRNA,0.0,0.0,0.0,2.0,0.61,0.42
AC007950.2,lncRNA,2.49,3.86,0.35,1.19,5.32,5.1
AC007952.1,lncRNA,0.08,1.33,0.09,0.52,3.45,2.24
AC007952.2,lncRNA,2.44,4.78,0.63,4.84,5.6,3.78
AC007952.3,lncRNA,0.0,0.34,0.25,0.06,1.03,1.1
AC007952.4,lncRNA,108.49,50.44,113.16,164.23,32.41,61.4
AC007952.5,lncRNA,0.0,0.58,0.73,0.57,2.95,1.37
AC007952.6,lncRNA,2.39,0.82,2.38,3.5,8.17,3.44
AC007952.7,lncRNA,0.52,0.09,0.52,0.76,2.16,1.77
AC007952.8,lncRNA,0.0,0.34,0.58,0.06,0.89,0.8
AC007952.9,lncRNA,8.96,70.05,18.93,19.08,16.55,21.88
AC007953.1,lncRNA,0.12,0.95,1.18,0.45,1.27,3.02
AC007953.2,lncRNA,1.27,4.53,4.41,2.82,19.93,13.87
AC007991.2,lncRNA,0.08,0.0,0.0,0.0,0.14,0.0
AC007991.3,lncRNA,1.53,1.54,3.47,0.7,0.11,2.0
AC007991.4,lncRNA,2.08,1.98,0.0,0.0,0.04,0.54
AC007993.2,lncRNA,0.96,2.37,0.33,0.25,8.19,6.04
AC007993.3,lncRNA,0.0,0.0,0.28,0.08,1.08,1.74
AC007996.1,lncRNA,0.38,0.45,0.27,3.38,5.0,11.62
AC007998.3,lncRNA,0.1,0.05,0.0,2.0,0.7,0.27
AC007998.4,lncRNA,0.5,0.08,2.08,1.19,1.53,0.46
AC008011.2,lncRNA,1.68,4.62,7.23,3.8,18.58,19.54
AC008014.1,lncRNA,4.46,1.73,0.5,4.23,7.24,2.68
AC008026.3,lncRNA,2.04,4.14,0.46,4.14,3.68,3.85
AC008033.3,lncRNA,0.4,0.12,0.5,0.11,2.25,5.75
AC008035.1,lncRNA,0.5,0.5,0.0,1.5,0.1,0.0
AC008040.1,lncRNA,10.84,4.16,6.57,12.52,87.59,61.71
AC008050.1,lncRNA,1.25,1.33,4.01,9.08,9.68,8.24
AC008055.2,lncRNA,4.98,8.09,5.38,11.19,31.88,14.77
AC008056.1,lncRNA,0.0,0.0,3.0,0.0,2.24,0.68
AC008056.2,lncRNA,0.4,0.62,1.0,0.12,0.38,0.27
AC008056.3,lncRNA,4.42,0.75,1.33,0.39,4.22,6.28
AC008060.1,lncRNA,0.77,0.22,2.69,1.96,20.79,19.75
AC008060.2,lncRNA,0.14,1.16,1.04,0.0,0.82,3.26
AC008060.3,lncRNA,0.0,0.0,0.83,2.0,0.77,0.53
AC008060.4,lncRNA,15.43,7.74,29.4,13.69,137.22,111.12
AC008060.5,lncRNA,1.19,4.67,6.45,7.58,58.87,91.33
AC008063.1,lncRNA,1.0,0.06,1.18,0.0,1.58,1.44
AC008067.1,lncRNA,17.93,23.75,13.49,14.17,63.52,86.32
AC008073.1,lncRNA,0.14,0.0,0.0,0.0,1.56,0.72
AC008073.2,lncRNA,7.92,7.86,46.07,11.04,17.76,12.81
AC008074.2,lncRNA,1.29,5.55,1.35,1.07,5.06,7.77
AC008079.1,lncRNA,39.82,52.98,47.53,74.1,271.32,251.3
AC008080.1,lncRNA,0.05,0.0,0.33,0.0,7.51,7.72
AC008080.2,lncRNA,0.0,0.15,0.0,0.0,0.0,0.25
AC008080.3,lncRNA,0.13,0.0,0.0,3.0,0.08,0.0
AC008080.4,lncRNA,1.58,0.42,0.0,0.18,3.86,3.01
AC008083.2,lncRNA,0.0,0.0,0.14,0.0,3.17,1.29
AC008083.3,lncRNA,0.42,2.0,0.23,0.0,2.55,1.62
AC008083.4,lncRNA,0.06,0.0,0.25,0.0,0.98,1.38
AC008088.1,lncRNA,0.87,0.17,1.17,0.5,7.82,11.35
AC008103.1,lncRNA,0.57,0.14,0.22,0.63,0.64,0.98
AC008105.1,lncRNA,8.31,7.46,5.94,9.1,18.05,14.18
AC008105.2,lncRNA,12.67,16.18,9.58,16.92,32.78,38.08
AC008114.1,lncRNA,0.5,0.0,0.0,0.0,0.24,0.7
AC008115.1,lncRNA,1.58,2.0,0.85,0.2,8.54,7.17
AC008115.2,lncRNA,0.0,2.0,1.0,0.21,0.18,0.35
AC008115.3,lncRNA,1.2,0.61,2.33,0.25,3.35,0.53
AC008115.4,lncRNA,0.0,0.0,0.0,0.0,2.0,0.67
AC008119.1,lncRNA,0.62,0.87,0.31,0.0,2.99,1.97
AC008121.2,lncRNA,0.0,0.06,1.5,0.0,0.48,0.61
AC008121.3,lncRNA,0.0,0.03,0.39,0.0,1.34,0.7
AC008124.1,lncRNA,9.36,32.86,21.06,35.11,255.62,239.74
AC008125.1,lncRNA,0.44,0.83,0.67,2.33,3.72,4.32
AC008127.1,lncRNA,0.41,0.22,1.04,1.87,2.66,2.78
AC008133.1,lncRNA,0.33,0.11,0.4,0.03,0.84,1.13
AC008147.1,lncRNA,0.5,0.39,1.8,0.39,19.58,15.9
AC008147.2,lncRNA,1.83,11.94,4.11,7.23,4.7,9.76
AC008149.1,lncRNA,4.09,0.06,0.0,0.0,1.65,0.71
AC008149.2,lncRNA,4.13,3.12,5.95,4.92,37.09,33.01
AC008154.1,lncRNA,0.0,0.5,0.0,0.0,0.5,0.52
AC008154.2,lncRNA,0.0,0.0,0.0,3.25,0.22,0.52
AC008164.1,lncRNA,0.5,0.88,1.01,0.46,4.2,4.65
AC008170.1,lncRNA,1.38,0.17,0.1,3.09,6.79,3.18
AC008175.1,lncRNA,1.33,7.46,2.62,1.83,19.3,12.59
AC008180.2,lncRNA,1.0,0.0,0.0,2.28,3.93,2.5
AC008250.1,lncRNA,0.12,0.89,0.15,1.08,0.21,0.54
AC008250.2,lncRNA,0.0,0.0,1.0,0.0,0.12,0.17
AC008264.2,lncRNA,1.57,2.42,3.0,1.11,6.06,6.41
AC008268.1,lncRNA,0.25,0.63,0.18,0.08,2.17,2.4
AC008269.1,lncRNA,3.75,4.2,2.04,7.76,3.42,8.78
AC008269.2,lncRNA,0.0,0.0,0.14,0.0,2.23,0.0
AC008273.1,lncRNA,0.7,0.1,0.0,0.0,0.57,0.5
AC008277.1,lncRNA,0.0,8.63,1.15,0.0,2.27,1.58
AC008278.1,lncRNA,0.0,0.33,0.0,0.0,1.46,2.72
AC008278.2,lncRNA,2.0,1.0,8.0,8.0,4.0,3.37
AC008280.2,lncRNA,0.0,0.0,0.5,0.0,0.31,0.94
AC008281.1,lncRNA,0.12,0.0,0.0,1.0,1.72,1.46
AC008378.1,lncRNA,0.0,0.5,0.09,0.0,4.66,3.45
AC008391.1,lncRNA,0.08,0.2,0.0,0.0,1.92,2.21
AC008393.1,lncRNA,1.14,1.97,1.57,1.23,3.18,3.76
AC008395.1,lncRNA,0.33,0.0,0.0,0.0,0.64,0.0
AC008403.2,lncRNA,2.27,5.56,4.12,1.83,10.34,5.87
AC008403.3,lncRNA,1.75,1.42,0.73,0.56,23.23,7.41
AC008406.1,lncRNA,0.33,0.0,0.0,0.0,3.16,2.6
AC008406.2,lncRNA,0.0,0.0,0.33,0.0,0.56,1.31
AC008406.3,lncRNA,0.36,0.77,0.91,1.53,4.0,2.81
AC008415.1,lncRNA,1.4,0.0,0.0,0.23,0.33,2.52
AC008429.1,lncRNA,4.85,20.47,10.43,6.72,23.42,22.45
AC008429.3,lncRNA,0.05,0.0,0.0,0.12,1.45,0.46
AC008434.1,lncRNA,0.0,1.0,0.0,3.09,0.45,3.23
AC008438.1,lncRNA,0.44,0.2,0.34,0.93,6.4,2.09
AC008438.2,lncRNA,0.0,0.33,0.75,0.0,2.59,5.08
AC008440.1,lncRNA,3.26,26.42,0.78,0.47,0.18,3.19
AC008443.1,lncRNA,0.0,0.0,0.31,0.0,0.34,0.81
AC008443.2,lncRNA,1.3,0.32,2.0,0.0,0.93,2.02
AC008443.3,lncRNA,0.17,2.24,2.83,1.67,4.43,5.94
AC008443.4,lncRNA,0.44,4.71,0.2,0.57,8.64,2.73
AC008443.6,lncRNA,0.1,0.1,0.0,0.0,0.0,0.92
AC008443.7,lncRNA,0.08,1.73,2.33,2.59,4.7,5.15
AC008453.1,lncRNA,0.57,5.33,0.41,0.25,1.59,1.82
AC008453.2,lncRNA,0.24,1.47,1.27,3.6,8.89,10.34
AC008456.1,lncRNA,0.0,0.1,0.0,0.12,1.62,0.86
AC008459.1,lncRNA,5.26,1.62,1.61,5.0,2.93,3.16
AC008462.1,lncRNA,0.42,0.42,1.41,0.33,2.63,0.4
AC008464.1,lncRNA,0.0,0.0,0.5,2.0,0.34,1.5
AC008467.1,lncRNA,0.64,7.27,2.37,2.95,12.96,16.36
AC008474.1,lncRNA,0.0,0.0,0.52,0.0,0.5,0.0
AC008494.2,lncRNA,0.0,0.0,0.0,0.0,0.1,0.14
AC008494.3,lncRNA,0.84,0.5,1.21,1.07,10.74,7.54
AC008496.2,lncRNA,1.19,0.0,0.25,1.0,5.49,10.22
AC008496.3,lncRNA,4.86,8.52,1.77,7.45,20.09,23.36
AC008505.1,lncRNA,1.7,2.92,0.18,2.45,10.72,13.36
AC008507.2,lncRNA,0.0,0.0,0.12,0.25,3.53,0.42
AC008507.4,lncRNA,5.59,6.56,15.59,7.74,31.79,30.24
AC008507.5,lncRNA,1.85,3.62,0.5,6.45,5.15,4.43
AC008514.1,lncRNA,0.24,0.61,0.08,0.24,1.49,2.21
AC008517.1,lncRNA,0.0,0.0,0.27,0.12,0.22,1.75
AC008522.1,lncRNA,0.11,1.18,1.12,2.24,9.91,4.61
AC008525.1,lncRNA,2.45,2.59,7.41,3.4,25.95,20.58
AC008525.2,lncRNA,0.65,0.32,0.0,0.06,1.34,0.62
AC008532.1,lncRNA,1.5,7.18,0.37,0.25,3.52,4.03
AC008534.1,lncRNA,2.0,0.83,0.63,0.5,6.63,9.7
AC008537.2,lncRNA,0.0,0.0,0.0,1.0,0.27,0.7
AC008537.4,lncRNA,0.22,0.91,1.89,0.62,2.9,3.69
AC008539.1,lncRNA,0.0,0.0,0.0,0.0,1.17,0.25
AC008543.1,lncRNA,1.3,0.47,0.95,2.5,2.95,1.84
AC008543.3,lncRNA,0.0,3.25,0.2,0.0,1.7,2.43
AC008543.4,lncRNA,0.25,0.2,0.0,1.0,1.0,0.85
AC008543.5,lncRNA,0.0,2.55,1.12,0.0,1.78,5.0
AC008549.1,lncRNA,0.0,0.0,0.0,0.0,0.5,6.09
AC008549.2,lncRNA,0.0,0.29,0.0,4.17,0.11,0.0
AC008551.1,lncRNA,0.48,0.6,0.17,3.07,4.17,4.87
AC008554.1,lncRNA,0.33,0.79,1.16,0.12,22.09,8.74
AC008555.1,lncRNA,0.0,1.0,0.74,0.5,1.74,0.9
AC008555.2,lncRNA,14.57,26.21,11.02,18.05,41.62,33.21
AC008555.4,lncRNA,1.67,2.52,0.31,0.37,2.74,4.53
AC008556.1,lncRNA,2.44,3.32,1.52,0.14,17.12,16.95
AC008558.1,lncRNA,0.33,0.34,0.0,0.0,1.9,1.45
AC008567.2,lncRNA,0.0,0.0,0.25,0.05,2.68,0.68
AC008567.3,lncRNA,0.0,2.07,1.34,0.6,6.49,2.29
AC008568.1,lncRNA,4.54,7.76,6.08,11.2,17.44,12.44
AC008569.1,lncRNA,1.75,11.75,1.0,0.58,0.93,1.75
AC008569.2,lncRNA,0.0,0.0,0.0,1.11,1.97,0.5
AC008571.2,lncRNA,0.51,0.41,2.99,2.92,9.03,4.69
AC008572.1,lncRNA,0.0,0.67,0.0,0.54,0.34,0.23
AC008574.1,lncRNA,0.0,0.0,0.07,0.0,0.0,0.09
AC008581.1,lncRNA,0.0,0.0,0.1,0.1,0.0,0.04
AC008588.1,lncRNA,0.73,0.67,0.0,1.25,0.17,0.2
AC008591.1,lncRNA,6.64,11.04,1.49,9.85,15.16,7.94
AC008592.1,lncRNA,0.0,0.0,0.2,3.08,0.54,0.59
AC008592.2,lncRNA,2.0,0.17,0.0,0.0,1.32,1.72
AC008592.3,lncRNA,0.0,0.0,0.0,2.0,0.33,0.0
AC008592.4,lncRNA,1.5,0.0,1.0,0.0,0.08,0.0
AC008601.1,lncRNA,0.0,0.2,0.5,0.05,2.91,4.21
AC008608.2,lncRNA,1.33,0.93,0.85,0.89,2.49,3.1
AC008610.1,lncRNA,1.0,0.0,0.25,0.77,0.34,0.1
AC008619.1,lncRNA,0.0,0.0,2.0,0.0,0.33,1.24
AC008622.2,lncRNA,5.66,1.76,6.42,6.12,14.53,15.17
AC008625.1,lncRNA,0.0,2.34,1.33,6.38,6.97,2.83
AC008627.1,lncRNA,0.07,1.12,0.25,0.25,2.08,3.22
AC008629.1,lncRNA,0.71,2.98,0.97,3.63,9.17,10.68
AC008632.1,lncRNA,2.33,0.17,1.56,0.0,13.66,4.17
AC008635.1,lncRNA,0.96,1.95,1.26,0.5,4.82,5.88
AC008641.1,lncRNA,0.5,0.5,0.39,1.0,16.21,9.98
AC008649.1,lncRNA,0.3,1.0,0.6,1.35,6.38,5.26
AC008649.2,lncRNA,1.25,0.0,0.0,0.0,0.21,1.5
AC008652.1,lncRNA,0.0,0.0,0.0,2.28,4.87,3.54
AC008655.1,lncRNA,0.33,0.0,0.24,0.0,0.44,0.07
AC008655.2,lncRNA,1.17,1.33,0.17,0.06,12.8,4.87
AC008659.1,lncRNA,1.15,0.08,1.67,1.23,3.7,1.88
AC008662.1,lncRNA,1.83,1.0,0.0,1.75,2.42,1.43
AC008662.2,lncRNA,0.08,0.12,0.0,0.0,0.2,0.0
AC008663.1,lncRNA,0.17,0.0,0.0,0.0,0.06,2.27
AC008663.2,lncRNA,1.25,2.35,2.5,0.17,8.5,8.05
AC008663.3,lncRNA,0.0,0.12,0.0,0.11,0.76,0.74
AC008667.1,lncRNA,0.0,0.05,0.08,0.0,3.21,3.53
AC008667.2,lncRNA,0.18,0.22,0.8,0.34,2.42,2.45
AC008667.3,lncRNA,0.32,0.77,1.08,0.09,1.62,0.8
AC008667.4,lncRNA,0.32,0.27,1.03,0.09,1.32,0.7
AC008669.1,lncRNA,0.2,0.0,0.08,0.27,1.12,0.7
AC008674.1,lncRNA,0.67,6.62,2.24,3.41,8.12,14.04
AC008676.1,lncRNA,0.73,0.11,0.35,4.02,2.78,2.82
AC008679.1,lncRNA,0.5,1.67,0.0,5.6,2.53,3.99
AC008680.1,lncRNA,0.14,0.0,0.0,0.0,0.63,0.67
AC008686.1,lncRNA,0.11,2.06,1.25,0.0,1.32,0.97
AC008687.2,lncRNA,0.0,0.0,0.0,0.0,0.38,0.28
AC008687.3,lncRNA,0.32,0.95,4.91,2.89,3.51,3.28
AC008691.1,lncRNA,6.5,12.76,13.77,21.0,51.32,75.37
AC008696.2,lncRNA,0.0,0.0,0.0,1.91,2.48,2.58
AC008700.1,lncRNA,0.33,0.0,0.12,0.1,1.48,2.57
AC008703.1,lncRNA,1.5,0.2,0.0,0.58,3.17,0.76
AC008705.2,lncRNA,0.0,1.0,0.2,0.0,0.12,0.5
AC008708.1,lncRNA,0.0,0.0,0.25,0.0,0.06,0.12
AC008708.2,lncRNA,0.14,1.35,0.0,0.29,2.1,3.38
AC008728.1,lncRNA,0.0,0.0,0.0,0.0,1.72,1.13
AC008731.1,lncRNA,0.0,2.15,0.0,5.0,0.62,0.14
AC008734.1,lncRNA,0.45,0.0,0.12,1.0,0.33,0.57
AC008734.2,lncRNA,0.0,0.38,0.0,0.33,1.21,0.99
AC008735.1,lncRNA,0.0,4.0,0.56,0.0,1.79,1.2
AC008735.2,lncRNA,0.33,0.86,0.5,0.49,0.66,1.77
AC008735.3,lncRNA,4.51,8.63,4.87,2.1,15.05,29.14
AC008735.4,lncRNA,0.12,0.92,0.0,0.0,3.71,0.8
AC008736.1,lncRNA,0.0,0.31,2.7,2.0,2.91,0.57
AC008736.2,lncRNA,0.53,0.0,0.0,0.11,2.17,2.22
AC008737.1,lncRNA,0.2,0.5,0.0,0.08,0.77,1.03
AC008738.1,lncRNA,0.0,2.06,0.0,0.0,1.25,0.0
AC008738.2,lncRNA,0.08,1.0,0.0,0.32,1.56,2.15
AC008738.3,lncRNA,0.21,3.55,0.11,0.03,2.93,1.46
AC008738.4,lncRNA,2.97,2.68,4.74,4.4,16.75,14.13
AC008738.5,lncRNA,2.62,0.73,2.15,2.23,5.99,3.18
AC008738.6,lncRNA,0.0,1.42,0.0,0.0,0.37,0.18
AC008738.7,lncRNA,0.0,0.75,0.63,0.2,0.35,0.67
AC008739.1,lncRNA,0.0,0.0,0.0,0.0,0.67,0.14
AC008741.1,lncRNA,1.6,0.76,0.17,1.5,11.45,8.87
AC008742.1,lncRNA,0.61,0.95,0.22,0.06,4.87,5.22
AC008743.1,lncRNA,1.95,0.75,1.67,3.58,5.38,3.29
AC008747.1,lncRNA,1.0,0.0,0.0,0.0,0.62,1.12
AC008750.1,lncRNA,0.0,2.0,0.0,0.0,1.58,1.47
AC008750.2,lncRNA,2.64,4.32,8.17,2.16,24.37,24.71
AC008750.3,lncRNA,0.0,0.06,0.03,0.0,0.34,0.59
AC008750.4,lncRNA,0.25,1.09,0.0,1.89,9.23,13.92
AC008750.6,lncRNA,0.83,1.74,0.2,0.0,2.65,5.1
AC008751.3,lncRNA,2.07,1.47,2.69,2.81,7.51,6.97
AC008752.1,lncRNA,0.0,0.0,0.24,1.0,1.06,2.25
AC008752.2,lncRNA,0.08,0.36,2.58,5.1,1.43,3.02
AC008753.2,lncRNA,0.07,5.0,1.33,0.0,0.6,0.83
AC008753.3,lncRNA,0.5,0.0,1.34,0.33,0.75,3.29
AC008758.2,lncRNA,1.33,1.33,0.41,0.17,5.28,3.24
AC008758.4,lncRNA,0.23,0.57,0.67,2.0,3.85,1.57
AC008759.2,lncRNA,0.06,1.33,0.0,2.48,0.0,1.41
AC008759.3,lncRNA,0.92,0.0,0.0,0.06,3.39,0.96
AC008760.1,lncRNA,0.93,0.07,0.2,1.0,1.17,1.54
AC008760.2,lncRNA,1.13,1.83,0.76,0.33,5.28,5.08
AC008761.1,lncRNA,0.4,0.17,0.07,1.22,1.62,1.8
AC008761.2,lncRNA,0.07,0.38,0.25,0.17,0.88,0.0
AC008763.1,lncRNA,4.5,3.82,8.56,6.91,20.69,20.56
AC008764.2,lncRNA,1.92,1.93,5.17,0.57,4.97,6.14
AC008764.3,lncRNA,0.31,0.18,0.03,1.08,0.62,0.59
AC008764.5,lncRNA,0.31,0.82,0.33,0.25,0.25,1.71
AC008764.6,lncRNA,2.03,6.27,2.31,3.13,6.0,8.87
AC008764.7,lncRNA,2.64,0.64,2.69,3.28,1.4,0.89
AC008764.8,lncRNA,5.88,5.84,8.66,4.25,71.33,83.34
AC008766.1,lncRNA,5.0,2.6,2.08,5.0,4.47,4.95
AC008770.3,lncRNA,0.08,0.0,0.0,1.5,0.48,2.52
AC008771.1,lncRNA,2.43,8.31,3.26,3.0,7.91,8.94
AC008780.1,lncRNA,0.0,1.18,0.0,1.0,2.44,4.31
AC008781.1,lncRNA,0.0,1.23,0.0,0.4,0.3,1.15
AC008781.2,lncRNA,0.0,0.06,0.1,0.0,0.13,0.83
AC008786.1,lncRNA,0.08,0.14,0.0,0.0,2.91,1.07
AC008794.1,lncRNA,0.0,0.0,0.0,0.0,0.2,0.0
AC008798.2,lncRNA,4.63,2.63,13.71,4.99,87.18,64.8
AC008798.3,lncRNA,1.93,3.66,5.27,2.7,13.72,23.52
AC008799.2,lncRNA,0.5,1.0,0.0,0.09,0.1,1.13
AC008805.2,lncRNA,0.11,0.24,0.0,0.13,0.68,0.78
AC008808.1,lncRNA,0.29,0.33,0.0,2.78,10.48,7.3
AC008808.2,lncRNA,0.0,0.08,1.0,0.0,3.3,1.8
AC008825.1,lncRNA,1.56,1.13,4.74,3.56,16.03,12.12
AC008840.1,lncRNA,3.65,9.13,1.31,2.24,3.72,2.26
AC008852.1,lncRNA,0.0,0.07,0.85,1.07,6.96,3.23
AC008869.1,lncRNA,0.0,0.0,0.0,0.0,2.29,2.23
AC008870.1,lncRNA,0.38,3.79,0.47,1.43,2.71,1.83
AC008870.2,lncRNA,0.17,0.08,0.0,0.49,0.67,1.92
AC008870.3,lncRNA,0.9,1.39,2.93,0.35,3.77,1.91
AC008870.4,lncRNA,1.2,2.0,0.12,0.07,8.16,0.06
AC008871.1,lncRNA,0.06,0.0,0.0,0.0,0.0,0.0
AC008875.1,lncRNA,0.25,0.2,0.2,0.25,4.64,5.29
AC008875.2,lncRNA,0.0,0.75,2.0,0.0,1.62,4.22
AC008875.3,lncRNA,4.75,3.69,9.78,5.52,15.07,14.38
AC008877.1,lncRNA,0.0,0.0,0.39,0.33,0.82,0.39
AC008878.3,lncRNA,0.0,0.2,0.0,0.0,0.57,1.18
AC008883.1,lncRNA,0.0,0.0,0.0,0.0,0.0,0.17
AC008883.2,lncRNA,0.0,0.0,0.14,0.0,0.78,0.17
AC008883.3,lncRNA,29.08,6.53,2.63,0.33,5.65,2.58
AC008885.2,lncRNA,0.5,1.2,1.2,0.0,0.67,0.74
AC008892.1,lncRNA,1.79,16.38,3.2,2.61,39.59,60.65
AC008894.1,lncRNA,0.0,0.41,0.0,0.43,0.1,0.58
AC008894.2,lncRNA,3.51,4.21,5.83,2.36,17.18,13.14
AC008897.2,lncRNA,0.0,0.07,0.0,0.25,2.44,1.09
AC008906.1,lncRNA,0.12,1.2,3.32,0.36,0.29,0.85
AC008906.2,lncRNA,0.0,0.19,0.81,0.0,1.2,1.17
AC008914.1,lncRNA,0.5,0.15,0.17,0.0,0.53,0.79
AC008915.1,lncRNA,1.7,2.13,0.0,0.82,0.24,2.69
AC008915.2,lncRNA,0.58,0.72,0.7,2.7,6.09,3.16
AC008937.1,lncRNA,0.75,0.0,0.82,0.58,3.26,3.23
AC008937.2,lncRNA,6.15,0.2,4.5,4.0,7.36,8.04
AC008937.3,lncRNA,1.08,0.13,0.0,1.77,1.03,2.87
AC008938.1,lncRNA,1.7,1.65,2.73,7.1,11.93,14.05
AC008940.1,lncRNA,0.0,0.49,0.1,0.16,4.17,3.85
AC008945.1,lncRNA,0.56,0.0,0.0,0.0,0.5,0.66
AC008945.2,lncRNA,3.52,4.05,4.16,5.51,18.2,13.25
AC008946.1,lncRNA,0.15,1.14,0.0,7.05,0.0,1.0
AC008948.1,lncRNA,0.0,0.25,1.23,0.0,2.17,1.02
AC008957.1,lncRNA,0.0,4.83,3.63,0.0,2.38,5.02
AC008957.2,lncRNA,0.0,1.75,0.0,0.62,0.37,0.0
AC008964.1,lncRNA,1.75,0.81,0.0,0.5,2.09,1.03
AC008966.1,lncRNA,6.03,14.2,3.28,7.34,22.12,15.85
AC008966.2,lncRNA,0.0,0.0,0.0,0.58,0.0,0.2
AC008966.3,lncRNA,1.04,0.75,0.64,2.37,3.47,3.42
AC008969.1,lncRNA,132.16,60.08,36.31,35.79,155.32,90.77
AC008969.2,lncRNA,0.39,0.43,0.62,1.5,3.18,4.88
AC008972.1,lncRNA,0.0,1.0,0.11,1.0,0.64,0.59
AC008972.2,lncRNA,1.15,0.0,0.45,0.14,3.98,5.89
AC008982.2,lncRNA,3.05,2.78,0.0,4.67,2.61,3.34
AC008991.1,lncRNA,0.0,0.0,0.06,0.0,1.33,0.78
AC008992.1,lncRNA,0.0,0.25,0.0,0.0,3.78,5.49
AC008993.3,lncRNA,0.0,0.0,0.2,0.53,0.4,0.54
AC009005.1,lncRNA,1.38,0.2,1.27,0.57,4.76,3.45
AC009019.1,lncRNA,0.0,0.0,0.05,0.83,2.34,1.58
AC009019.2,lncRNA,2.17,0.7,0.7,0.08,1.09,1.43
AC009021.1,lncRNA,0.0,0.0,0.0,3.5,0.0,1.0
AC009021.2,lncRNA,0.0,0.0,0.4,3.09,1.9,1.47
AC009032.1,lncRNA,0.0,0.0,0.0,0.56,1.0,0.77
AC009034.1,lncRNA,0.5,0.55,0.05,0.11,0.43,0.36
AC009035.1,lncRNA,0.67,4.34,1.52,3.33,3.78,4.02
AC009039.1,lncRNA,0.48,0.0,0.0,0.0,0.25,0.2
AC009041.1,lncRNA,1.72,4.1,5.38,8.65,13.1,12.23
AC009041.2,lncRNA,0.2,1.31,0.54,0.77,6.82,6.37
AC009041.3,lncRNA,0.0,0.0,0.11,1.0,0.22,0.81
AC009052.1,lncRNA,0.58,0.14,0.17,0.25,1.7,2.23
AC009053.2,lncRNA,2.5,4.03,3.33,9.74,15.96,14.36
AC009053.3,lncRNA,2.02,1.29,1.91,5.43,7.36,15.86
AC009054.1,lncRNA,0.0,0.0,2.83,3.0,0.0,1.21
AC009054.2,lncRNA,0.05,5.96,0.0,3.59,0.08,2.12
AC009055.1,lncRNA,0.17,0.2,0.0,0.67,2.41,2.25
AC009055.2,lncRNA,3.11,3.93,0.66,1.06,14.78,16.21
AC009060.1,lncRNA,4.67,6.14,11.43,7.1,223.05,171.06
AC009061.1,lncRNA,1.01,0.18,2.15,0.56,3.61,5.15
AC009061.2,lncRNA,11.01,24.9,7.1,49.04,23.61,31.02
AC009063.1,lncRNA,0.0,1.98,1.74,0.0,1.29,3.2
AC009063.2,lncRNA,3.84,13.71,12.46,12.45,84.08,93.46
AC009063.3,lncRNA,6.05,8.26,2.56,6.11,5.02,10.98
AC009063.4,lncRNA,3.5,0.0,2.14,1.0,9.92,5.35
AC009065.1,lncRNA,0.63,0.69,2.16,1.33,4.53,3.8
AC009065.2,lncRNA,0.48,1.44,2.1,1.11,2.58,3.14
AC009065.3,lncRNA,1.0,0.03,0.28,2.14,0.88,3.88
AC009065.4,lncRNA,4.46,4.86,4.51,6.95,13.81,17.37
AC009065.5,lncRNA,0.0,0.0,0.42,0.08,1.35,1.25
AC009065.6,lncRNA,0.04,0.05,0.89,0.15,2.57,1.78
AC009065.7,lncRNA,0.17,0.0,0.25,0.0,0.79,0.9
AC009065.8,lncRNA,0.0,1.75,0.33,1.25,0.55,3.17
AC009075.1,lncRNA,0.09,0.0,2.38,2.5,8.39,11.47
AC009081.1,lncRNA,0.0,0.0,0.25,0.0,0.0,0.17
AC009081.2,lncRNA,1.2,2.11,0.31,1.0,2.04,2.86
AC009084.1,lncRNA,0.0,0.25,0.12,0.0,1.26,1.02
AC009087.1,lncRNA,1.0,0.0,0.0,0.0,0.5,0.69
AC009088.1,lncRNA,0.06,1.33,0.25,0.2,0.92,1.32
AC009088.2,lncRNA,0.0,0.16,0.0,1.86,0.0,1.16
AC009088.3,lncRNA,0.28,0.0,2.31,0.25,2.66,7.3
AC009090.1,lncRNA,1.0,0.1,0.0,4.5,5.27,2.54
AC009090.2,lncRNA,1.02,1.56,1.19,0.76,7.06,8.37
AC009090.3,lncRNA,0.33,0.12,0.0,0.0,0.57,0.35
AC009090.6,lncRNA,9.0,16.87,14.66,15.3,169.54,144.99
AC009093.1,lncRNA,2.91,7.89,4.84,9.27,30.16,35.87
AC009093.10,lncRNA,1.18,0.54,0.58,0.23,3.19,3.08
AC009093.11,lncRNA,0.29,1.09,1.11,0.44,3.34,3.09
AC009093.2,lncRNA,0.58,1.55,4.41,0.73,6.68,2.69
AC009093.4,lncRNA,0.0,0.0,0.0,0.09,2.49,0.79
AC009093.5,lncRNA,0.11,0.0,0.11,0.17,1.28,0.09
AC009093.6,lncRNA,0.0,0.0,0.5,0.0,0.5,0.22
AC009095.1,lncRNA,0.0,0.0,0.06,1.76,0.82,0.69
AC009097.1,lncRNA,2.03,0.0,0.0,3.11,4.52,6.21
AC009097.2,lncRNA,0.78,0.13,0.71,0.34,6.56,2.72
AC009097.3,lncRNA,5.14,1.7,0.0,2.5,2.33,1.3
AC009097.4,lncRNA,3.82,3.0,9.17,7.13,7.25,10.85
AC009102.1,lncRNA,1.22,0.5,1.39,1.08,17.56,8.99
AC009102.2,lncRNA,0.0,0.0,0.45,1.14,4.55,6.1
AC009102.4,lncRNA,2.0,0.0,0.0,1.0,3.12,3.1
AC009107.1,lncRNA,0.0,0.0,0.0,0.43,0.07,0.25
AC009107.2,lncRNA,2.49,14.22,6.83,10.68,28.43,41.76
AC009108.2,lncRNA,0.0,0.28,0.0,0.0,0.0,0.0
AC009108.3,lncRNA,2.58,8.62,7.37,3.26,32.25,31.8
AC009110.1,lncRNA,0.0,0.0,0.0,0.0,1.34,1.5
AC009113.1,lncRNA,5.89,8.11,6.8,8.96,10.84,9.84
AC009113.2,lncRNA,0.0,0.0,0.0,0.0,0.15,0.8
AC009117.2,lncRNA,0.07,2.81,1.14,1.18,7.9,10.0
AC009118.1,lncRNA,0.0,0.07,0.0,0.0,0.19,0.11
AC009118.2,lncRNA,1.2,1.08,1.45,1.88,16.3,13.71
AC009118.3,lncRNA,0.1,0.0,0.0,0.0,0.19,0.17
AC009119.1,lncRNA,0.11,4.43,2.08,1.7,10.96,8.52
AC009119.2,lncRNA,0.12,0.0,0.85,1.0,2.57,3.72
AC009120.2,lncRNA,2.12,2.76,3.19,3.44,19.45,14.1
AC009120.3,lncRNA,4.33,1.08,1.98,3.25,8.46,9.44
AC009120.4,lncRNA,0.33,4.62,0.06,5.17,0.83,2.83
AC009120.5,lncRNA,0.14,7.06,0.23,6.25,2.25,1.71
AC009121.2,lncRNA,6.39,4.28,14.27,5.59,58.53,33.17
AC009121.3,lncRNA,0.24,1.0,3.11,0.58,2.2,2.19
AC009121.4,lncRNA,0.05,0.0,0.25,1.33,0.39,0.57
AC009123.1,lncRNA,0.55,6.48,2.71,1.09,5.42,6.15
AC009126.1,lncRNA,23.06,16.0,33.72,19.5,26.84,36.5
AC009127.1,lncRNA,0.0,0.0,0.0,0.0,0.0,0.38
AC009133.1,lncRNA,4.52,6.49,4.38,9.07,23.65,25.1
AC009133.2,lncRNA,1.02,1.93,2.97,3.39,5.27,4.01
AC009133.3,lncRNA,2.0,3.17,0.16,7.37,1.32,7.58
AC009133.4,lncRNA,0.67,0.4,0.26,0.78,2.81,2.31
AC009133.5,lncRNA,0.82,2.44,0.52,0.27,2.68,2.19
AC009134.1,lncRNA,0.0,1.05,0.21,0.0,0.86,0.35
AC009135.1,lncRNA,0.67,1.0,0.5,0.5,11.2,6.01
AC009137.1,lncRNA,0.0,0.0,0.0,0.0,0.18,0.24
AC009137.2,lncRNA,0.0,0.0,0.0,1.0,0.41,0.33
AC009139.1,lncRNA,0.15,0.09,0.0,0.0,4.39,2.36
AC009139.2,lncRNA,0.29,0.29,1.16,0.18,1.36,0.85
AC009141.1,lncRNA,0.0,2.3,0.0,0.0,1.98,0.0
AC009142.1,lncRNA,0.0,0.92,0.0,0.0,1.7,1.23
AC009145.1,lncRNA,0.0,0.0,0.0,2.0,1.23,1.4
AC009145.2,lncRNA,4.75,3.17,4.0,1.83,38.37,46.87
AC009145.3,lncRNA,0.3,0.12,0.05,0.11,2.96,0.56
AC009148.1,lncRNA,0.17,3.99,1.06,3.21,10.4,6.84
AC009152.1,lncRNA,0.08,0.0,0.0,0.0,2.53,0.48
AC009152.3,lncRNA,0.09,0.5,0.0,2.0,10.03,6.76
AC009152.6,lncRNA,1.17,2.33,0.05,0.83,1.78,0.5
AC009154.1,lncRNA,2.2,1.28,14.13,5.0,2.88,1.6
AC009154.2,lncRNA,0.0,0.0,0.11,0.11,1.03,0.25
AC009158.1,lncRNA,1.41,2.06,3.92,2.19,2.75,7.67
AC009159.1,lncRNA,0.17,0.92,0.08,0.0,3.06,1.17
AC009159.2,lncRNA,0.0,4.17,0.0,2.0,0.28,0.48
AC009159.3,lncRNA,0.0,0.05,0.25,0.29,1.6,1.2
AC009163.1,lncRNA,0.0,0.17,0.09,0.0,1.25,1.52
AC009163.4,lncRNA,1.2,0.45,2.0,0.25,2.17,1.65
AC009163.6,lncRNA,0.0,0.08,0.0,0.0,0.0,1.62
AC009163.7,lncRNA,3.33,4.52,1.75,4.96,18.8,12.36
AC009166.1,lncRNA,0.06,0.0,2.97,0.81,12.67,8.23
AC009166.3,lncRNA,1.33,0.8,0.6,0.61,8.17,8.12
AC009167.1,lncRNA,0.0,2.0,0.0,3.5,0.44,0.22
AC009171.2,lncRNA,0.17,0.0,0.5,0.0,0.65,1.25
AC009185.1,lncRNA,1.28,0.29,1.0,2.01,2.36,1.06
AC009226.1,lncRNA,0.64,1.45,1.09,2.14,4.6,6.29
AC009227.1,lncRNA,0.12,1.27,0.0,1.29,2.38,2.23
AC009227.2,lncRNA,0.4,0.18,1.08,0.0,2.44,2.55
AC009228.1,lncRNA,1.95,4.64,2.11,5.88,18.88,10.9
AC009229.1,lncRNA,0.0,1.05,0.0,0.5,3.02,0.06
AC009229.2,lncRNA,0.0,0.0,0.0,0.0,0.09,0.0
AC009229.3,lncRNA,0.0,0.0,0.0,0.33,0.0,0.0
AC009230.1,lncRNA,4.44,0.11,0.0,0.2,19.14,0.41
AC009234.1,lncRNA,0.66,0.11,0.27,0.5,1.45,1.39
AC009236.1,lncRNA,0.58,4.5,0.25,1.07,5.39,0.17
AC009236.2,lncRNA,0.92,0.83,2.21,1.2,9.4,5.4
AC009237.14,lncRNA,1.56,0.38,1.31,0.95,9.68,6.39
AC009237.15,lncRNA,0.0,0.0,0.14,0.0,0.66,0.16
AC009242.1,lncRNA,7.14,13.15,33.67,13.44,17.35,15.52
AC009244.1,lncRNA,3.07,4.28,0.36,1.24,3.82,4.75
AC009248.2,lncRNA,0.0,0.0,0.0,1.0,0.0,0.0
AC009248.3,lncRNA,0.0,0.0,0.28,0.05,0.05,0.07
AC009262.1,lncRNA,0.0,0.09,0.18,0.11,0.68,1.63
AC009264.1,lncRNA,3.66,3.67,4.55,11.98,36.27,23.38
AC009268.2,lncRNA,0.0,0.0,0.0,0.0,0.25,0.0
AC009268.3,lncRNA,0.07,0.07,0.5,0.0,1.51,0.0
AC009269.2,lncRNA,0.0,2.0,2.39,8.05,8.23,12.43
AC009269.3,lncRNA,3.0,1.5,0.17,0.0,3.25,0.33
AC009269.4,lncRNA,0.0,0.5,0.33,0.2,0.5,2.0
AC009269.5,lncRNA,0.5,0.0,0.0,0.0,0.0,0.56
AC009271.1,lncRNA,0.7,7.76,3.58,0.76,9.64,7.18
AC009271.2,lncRNA,0.0,0.1,0.5,0.0,1.66,2.73
AC009275.1,lncRNA,0.72,0.9,5.07,3.8,7.75,12.42
AC009276.1,lncRNA,0.5,1.06,7.28,3.17,1.73,5.22
AC009283.1,lncRNA,0.0,0.0,0.38,0.67,0.17,0.08
AC009292.1,lncRNA,10.22,4.58,9.56,3.51,14.68,19.61
AC009292.2,lncRNA,0.06,0.45,1.23,0.5,1.99,2.84
AC009299.2,lncRNA,1.7,2.6,4.49,7.43,9.56,12.51
AC009301.1,lncRNA,0.18,0.17,0.25,0.0,0.68,0.17
AC009303.2,lncRNA,1.69,0.53,4.24,0.91,10.88,10.69
AC009303.3,lncRNA,0.0,0.0,3.33,0.0,0.37,3.4
AC009305.1,lncRNA,0.0,0.26,0.0,0.0,0.27,0.4
AC009309.1,lncRNA,0.0,0.29,1.35,1.0,4.65,6.47
AC009312.1,lncRNA,0.12,2.99,4.43,1.64,5.54,7.02
AC009315.1,lncRNA,30.56,64.92,23.17,52.01,77.72,85.84
AC009318.1,lncRNA,4.04,11.68,1.18,5.05,6.03,9.77
AC009318.2,lncRNA,0.0,0.0,0.0,0.05,0.0,0.12
AC009318.3,lncRNA,0.0,0.0,0.0,0.5,1.1,0.1
AC009318.4,lncRNA,0.0,0.0,0.08,0.0,0.15,1.0
AC009320.1,lncRNA,0.0,0.25,0.59,0.73,2.44,4.04
AC009336.1,lncRNA,1.17,4.79,5.14,4.92,27.82,19.54
AC009365.2,lncRNA,0.0,0.67,0.33,1.0,3.18,4.99
AC009365.3,lncRNA,0.25,0.36,0.2,0.0,1.39,0.5
AC009387.1,lncRNA,2.0,2.17,4.5,7.5,1.58,2.33
AC009396.1,lncRNA,1.0,0.09,0.0,0.25,2.84,2.45
AC009396.2,lncRNA,0.0,1.0,0.25,0.0,3.1,2.42
AC009396.3,lncRNA,0.0,3.0,0.0,0.08,4.57,10.04
AC009403.1,lncRNA,0.51,6.2,2.88,2.48,4.67,5.29
AC009403.2,lncRNA,11.14,10.89,13.3,8.7,63.52,48.42
AC009403.3,lncRNA,0.0,0.42,3.7,0.56,5.96,1.34
AC009404.1,lncRNA,4.22,6.7,0.97,8.07,21.32,22.46
AC009407.1,lncRNA,0.17,0.25,1.0,0.6,3.45,5.4
AC009410.1,lncRNA,0.0,0.11,0.33,0.5,1.11,0.2
AC009411.1,lncRNA,0.12,1.2,4.0,0.25,3.05,2.96
AC009411.2,lncRNA,0.75,1.08,0.24,2.0,6.15,6.09
AC009413.1,lncRNA,0.17,1.92,1.47,3.5,3.2,3.83
AC009432.1,lncRNA,0.0,0.0,0.65,3.0,0.5,1.03
AC009432.2,lncRNA,2.15,2.36,0.68,2.15,1.8,2.7
AC009434.1,lncRNA,2.0,0.0,0.33,1.17,3.87,2.42
AC009435.1,lncRNA,0.26,0.5,0.0,0.0,1.38,1.14
AC009446.1,lncRNA,0.0,2.73,1.67,4.25,3.58,1.97
AC009464.1,lncRNA,0.0,0.0,0.0,0.0,0.0,0.14
AC009468.1,lncRNA,0.0,0.0,0.07,0.0,0.85,0.12
AC009468.2,lncRNA,0.0,0.0,0.0,0.0,1.0,1.5
AC009478.1,lncRNA,0.82,3.42,1.07,1.01,161.9,18.58
AC009480.1,lncRNA,8.42,2.5,0.56,2.42,2.25,1.75
AC009486.1,lncRNA,1.83,1.5,0.5,0.75,9.87,4.35
AC009486.2,lncRNA,0.17,3.26,1.9,1.04,2.54,6.77
AC009487.1,lncRNA,1.06,0.67,0.45,0.62,2.56,2.17
AC009487.2,lncRNA,0.57,0.36,2.4,0.0,6.78,4.45
AC009494.2,lncRNA,0.0,0.83,0.4,0.33,2.81,1.4
AC009495.1,lncRNA,0.0,0.25,0.17,0.06,0.92,1.67
AC009495.2,lncRNA,0.0,0.0,0.0,0.0,0.37,0.75
AC009495.3,lncRNA,0.14,0.53,0.31,0.76,3.3,3.05
AC009498.1,lncRNA,1.0,1.42,1.25,5.5,3.09,3.61
AC009501.2,lncRNA,0.0,0.16,0.2,0.0,0.5,0.58
AC009505.1,lncRNA,1.14,2.0,0.0,0.1,1.3,4.22
AC009506.1,lncRNA,5.02,3.66,25.19,39.16,24.68,26.15
AC009509.1,lncRNA,3.55,2.5,0.95,1.17,3.91,4.0
AC009509.2,lncRNA,0.0,0.0,0.0,0.0,0.1,1.0
AC009509.4,lncRNA,0.0,0.0,0.25,0.0,1.23,0.5
AC009511.1,lncRNA,0.9,1.96,0.54,0.28,0.0,0.27
AC009511.2,lncRNA,1.61,0.89,0.67,0.92,4.25,3.38
AC009518.1,lncRNA,1.92,5.69,2.21,2.13,10.63,10.96
AC009522.1,lncRNA,0.4,1.06,2.29,1.2,3.6,2.9
AC009531.1,lncRNA,1.33,6.29,4.96,1.86,25.15,32.43
AC009533.3,lncRNA,1.8,5.0,0.29,7.0,1.67,4.65
AC009533.4,lncRNA,2.4,0.67,1.16,0.67,2.25,2.1
AC009542.1,lncRNA,0.42,0.57,1.62,2.46,22.71,5.05
AC009549.1,lncRNA,1.33,0.69,2.1,0.38,17.12,45.41
AC009554.1,lncRNA,0.17,0.17,1.5,3.5,2.76,1.79
AC009554.2,lncRNA,0.31,0.44,0.0,0.5,0.2,0.06
AC009558.1,lncRNA,0.0,0.0,1.25,0.0,0.17,3.53
AC009558.2,lncRNA,0.0,2.0,0.5,0.1,0.0,1.0
AC009560.1,lncRNA,0.1,0.24,0.33,0.05,2.24,2.0
AC009560.3,lncRNA,1.5,2.72,0.84,6.25,5.65,2.62
AC009560.4,lncRNA,1.5,0.0,0.0,0.0,1.04,2.39
AC009562.1,lncRNA,2.24,0.36,2.94,5.0,6.07,7.08
AC009563.1,lncRNA,0.0,0.49,0.0,0.17,0.85,2.35
AC009567.1,lncRNA,0.0,0.0,0.0,0.67,3.22,1.74
AC009570.1,lncRNA,0.0,0.24,2.78,0.21,4.02,1.92
AC009570.2,lncRNA,0.52,0.7,0.46,1.2,1.87,2.79
AC009597.1,lncRNA,3.79,5.57,2.34,4.08,10.69,7.75
AC009623.1,lncRNA,5.36,6.35,2.89,4.79,10.68,14.25
AC009623.2,lncRNA,0.0,0.08,0.0,0.0,0.17,0.89
AC009623.3,lncRNA,0.93,1.5,0.33,0.11,6.05,2.45
AC009630.1,lncRNA,0.76,3.61,1.87,5.07,11.62,10.39
AC009630.2,lncRNA,0.0,0.0,0.0,0.2,1.13,2.87
AC009630.3,lncRNA,0.04,0.12,0.32,1.25,4.33,2.84
AC009630.4,lncRNA,0.12,0.0,1.77,5.27,9.75,3.57
AC009646.2,lncRNA,0.38,0.0,0.08,1.4,1.11,2.74
AC009652.1,lncRNA,0.0,2.5,0.11,2.14,1.83,3.14
AC009654.1,lncRNA,0.0,0.5,0.47,0.06,2.7,1.58
AC009656.1,lncRNA,0.0,0.83,0.33,0.66,4.66,1.76
AC009682.1,lncRNA,0.33,0.0,0.08,0.07,2.23,0.07
AC009686.1,lncRNA,0.34,0.0,0.0,0.09,0.52,0.4
AC009686.2,lncRNA,0.0,0.0,0.4,0.0,0.33,0.28
AC009690.2,lncRNA,9.77,2.01,1.43,1.04,7.61,7.32
AC009704.1,lncRNA,0.0,0.33,0.17,4.0,1.51,1.71
AC009704.2,lncRNA,0.0,0.0,0.5,0.0,5.51,1.91
AC009704.3,lncRNA,0.0,1.44,2.0,1.08,5.95,4.45
AC009716.1,lncRNA,0.05,0.0,0.0,3.0,1.92,1.3
AC009720.1,lncRNA,0.0,3.33,1.73,39.87,6.9,2.52
AC009731.1,lncRNA,7.26,4.12,3.84,5.61,28.72,24.43
AC009743.1,lncRNA,3.0,0.5,1.5,0.9,5.18,7.78
AC009754.1,lncRNA,1.0,0.0,0.0,0.0,0.11,1.0
AC009754.2,lncRNA,0.2,3.05,2.61,1.7,6.21,8.91
AC009779.2,lncRNA,0.4,3.52,2.43,4.7,6.86,7.62
AC009779.4,lncRNA,0.14,0.52,0.12,1.0,1.47,5.08
AC009802.1,lncRNA,2.22,1.08,0.5,2.15,3.79,2.05
AC009803.1,lncRNA,2.37,4.0,3.42,17.1,7.08,6.76
AC009803.2,lncRNA,0.67,1.0,0.25,0.5,2.84,1.17
AC009804.2,lncRNA,0.7,2.13,1.32,0.08,9.31,4.35
AC009806.1,lncRNA,1.6,0.11,0.17,0.06,2.48,0.68
AC009812.1,lncRNA,0.87,0.63,0.59,1.42,11.09,5.79
AC009812.3,lncRNA,2.07,11.37,1.65,4.36,5.53,4.24
AC009812.4,lncRNA,0.0,0.45,1.0,0.0,6.54,9.15
AC009831.1,lncRNA,5.03,2.9,6.01,4.92,11.92,15.67
AC009835.1,lncRNA,0.0,0.0,1.0,0.17,1.66,0.0
AC009852.1,lncRNA,0.33,0.08,0.0,1.0,7.18,5.43
AC009869.1,lncRNA,2.64,1.95,4.13,3.89,12.13,13.27
AC009878.1,lncRNA,0.0,0.09,0.0,0.25,2.25,1.22
AC009878.2,lncRNA,2.65,5.7,7.34,6.7,11.41,7.23
AC009879.4,lncRNA,0.0,2.0,0.45,1.0,2.61,2.65
AC009884.1,lncRNA,0.0,0.11,0.71,1.49,4.69,9.6
AC009899.1,lncRNA,1.87,8.09,9.94,6.29,19.25,22.46
AC009902.2,lncRNA,0.78,5.98,2.16,1.25,6.78,6.62
AC009902.3,lncRNA,0.0,0.0,2.24,1.33,4.83,2.77
AC009908.1,lncRNA,1.0,0.25,0.33,1.83,11.17,4.56
AC009948.1,lncRNA,1.89,0.17,0.36,1.01,1.47,0.9
AC009948.2,lncRNA,0.85,1.43,0.84,0.67,7.79,14.83
AC009950.1,lncRNA,9.46,8.0,5.74,10.11,71.02,45.76
AC009951.5,lncRNA,0.0,0.0,0.07,2.0,1.2,0.66
AC009951.6,lncRNA,2.05,5.06,1.8,31.63,5.0,4.79
AC009955.1,lncRNA,0.0,0.0,0.5,0.0,0.4,0.31
AC009955.2,lncRNA,0.0,0.0,1.0,1.0,0.47,0.67
AC009955.3,lncRNA,1.0,4.25,0.44,1.0,0.67,0.64
AC009955.4,lncRNA,0.29,0.0,0.16,0.0,2.92,0.78
AC009961.1,lncRNA,3.26,1.54,2.09,9.98,4.8,6.04
AC009961.3,lncRNA,2.51,0.4,0.53,0.3,3.93,3.6
AC009962.1,lncRNA,1.31,9.66,9.38,2.66,19.41,14.82
AC009965.1,lncRNA,0.0,0.0,0.0,2.0,1.07,1.07
AC009970.1,lncRNA,0.0,0.0,0.0,0.0,2.15,1.45
AC009971.1,lncRNA,17.82,2.34,0.21,0.58,6.68,2.34
AC009974.1,lncRNA,0.95,1.0,0.48,0.0,5.12,2.95
AC009974.2,lncRNA,0.0,0.0,0.1,0.12,2.33,0.98
AC009975.1,lncRNA,0.29,0.25,0.6,0.0,3.1,2.57
AC009975.2,lncRNA,0.0,0.0,0.5,1.71,1.79,2.25
AC009987.1,lncRNA,0.0,0.0,0.0,0.09,1.01,1.89
AC009988.1,lncRNA,1.23,0.0,1.0,0.0,0.75,1.4
AC009996.1,lncRNA,9.0,9.21,14.0,10.92,4.7,8.07
AC010082.1,lncRNA,0.0,0.9,2.0,2.0,0.75,0.56
AC010086.3,lncRNA,1.36,0.79,1.78,1.11,2.66,4.58
AC010092.1,lncRNA,1.25,2.0,2.46,3.4,7.44,7.46
AC010096.1,lncRNA,2.0,0.25,0.77,1.0,2.05,1.92
AC010105.1,lncRNA,0.0,0.0,0.0,0.14,0.72,3.69
AC010132.1,lncRNA,0.0,0.0,0.12,0.0,0.6,0.76
AC010132.4,lncRNA,0.0,0.0,0.0,1.25,1.41,1.09
AC010139.1,lncRNA,0.0,0.0,1.05,0.06,3.28,1.71
AC010145.1,lncRNA,0.0,0.0,0.0,0.0,1.23,1.12
AC010148.1,lncRNA,2.73,12.38,2.52,7.66,56.57,43.36
AC010149.1,lncRNA,0.38,0.21,0.1,0.25,0.8,2.1
AC010157.1,lncRNA,0.0,0.0,0.0,0.33,0.47,0.52
AC010157.2,lncRNA,0.0,0.61,5.21,0.22,1.27,2.43
AC010163.1,lncRNA,0.25,0.0,0.17,0.0,0.0,0.15
AC010163.2,lncRNA,0.0,1.0,0.0,0.26,0.84,1.76
AC010163.3,lncRNA,2.21,7.28,9.52,6.7,53.43,50.21
AC010168.1,lncRNA,0.11,0.37,0.56,0.0,4.0,1.47
AC010168.2,lncRNA,2.09,3.86,1.07,4.18,11.69,6.64
AC010173.1,lncRNA,25.61,41.64,15.99,16.61,34.43,27.35
AC010175.1,lncRNA,0.58,0.0,1.63,0.25,19.04,7.68
AC010177.1,lncRNA,0.0,0.0,0.0,0.0,0.11,0.0
AC010181.1,lncRNA,0.2,0.33,0.0,0.5,5.15,3.05
AC010181.2,lncRNA,1.0,0.0,0.1,0.0,0.69,1.11
AC010183.1,lncRNA,0.0,0.13,0.0,3.0,1.42,1.0
AC010183.2,lncRNA,0.0,0.17,0.09,0.17,0.75,0.64
AC010184.1,lncRNA,5.61,9.27,3.14,5.92,18.95,11.14
AC010185.1,lncRNA,0.0,0.0,0.0,0.0,0.6,0.5
AC010186.1,lncRNA,2.25,0.99,2.88,4.21,14.17,16.09
AC010186.3,lncRNA,7.13,26.63,5.99,9.2,46.99,42.4
AC010186.4,lncRNA,0.02,0.0,0.0,0.0,0.44,0.28
AC010196.1,lncRNA,0.67,0.05,0.0,0.0,0.45,0.15
AC010197.1,lncRNA,0.5,1.0,0.34,0.0,5.45,1.88
AC010198.1,lncRNA,4.26,10.43,3.13,2.44,16.34,15.51
AC010198.2,lncRNA,8.83,19.41,13.07,25.67,38.14,44.57
AC010201.1,lncRNA,0.0,0.0,0.0,0.0,0.28,0.5
AC010201.2,lncRNA,0.64,0.08,0.07,0.0,2.02,3.75
AC010201.3,lncRNA,0.0,0.0,0.5,0.0,1.14,1.21
AC010203.2,lncRNA,0.2,0.0,0.6,0.0,0.0,0.42
AC010205.1,lncRNA,0.0,0.0,0.0,0.0,3.16,1.12
AC010207.1,lncRNA,0.42,0.2,1.5,0.0,2.18,3.16
AC010210.1,lncRNA,25.44,32.92,63.02,13.68,54.98,61.64
AC010223.1,lncRNA,0.53,1.94,1.53,0.73,5.06,4.36
AC010226.1,lncRNA,2.94,4.44,9.26,3.17,15.38,11.69
AC010230.1,lncRNA,0.0,1.06,0.33,4.17,1.91,3.21
AC010240.3,lncRNA,0.0,0.0,1.0,0.25,5.91,6.88
AC010245.1,lncRNA,0.08,1.3,0.0,0.5,0.06,0.25
AC010245.2,lncRNA,3.0,7.08,0.0,0.0,0.39,2.29
AC010247.1,lncRNA,0.5,1.36,6.07,1.17,14.73,8.18
AC010247.2,lncRNA,4.23,1.88,5.33,1.81,117.36,116.97
AC010251.1,lncRNA,0.2,0.92,2.51,1.91,1.77,1.98
AC010255.1,lncRNA,0.5,0.0,1.2,1.17,8.62,9.99
AC010260.1,lncRNA,0.45,1.5,0.5,0.0,0.78,1.27
AC010261.1,lncRNA,0.48,0.54,0.0,3.59,1.4,1.37
AC010261.2,lncRNA,0.59,2.77,0.95,1.05,2.97,4.75
AC010266.1,lncRNA,0.0,0.0,0.0,0.0,1.8,1.5
AC010266.2,lncRNA,3.29,2.1,5.82,0.15,4.38,6.0
AC010267.1,lncRNA,1.33,0.81,0.64,2.46,1.22,3.33
AC010271.1,lncRNA,0.0,1.0,0.07,0.54,9.2,7.97
AC010271.2,lncRNA,2.47,1.34,3.45,3.32,19.92,32.94
AC010273.2,lncRNA,1.36,1.38,6.59,2.62,111.35,127.33
AC010273.3,lncRNA,0.0,0.0,0.0,0.0,0.29,0.5
AC010275.1,lncRNA,0.0,0.06,0.06,1.0,0.56,1.33
AC010280.1,lncRNA,0.5,0.0,0.0,0.09,1.55,1.99
AC010280.2,lncRNA,0.0,0.0,0.14,0.0,0.5,2.4
AC010280.3,lncRNA,0.5,0.0,0.06,0.0,1.54,3.05
AC010285.1,lncRNA,0.4,0.0,1.0,0.0,2.06,3.86
AC010285.3,lncRNA,0.68,1.57,1.69,0.21,3.53,2.41
AC010291.1,lncRNA,0.17,0.0,2.2,0.11,2.25,1.67
AC010300.1,lncRNA,6.17,5.58,5.95,6.78,12.15,11.91
AC010307.2,lncRNA,0.08,0.0,0.33,0.0,1.99,6.02
AC010307.3,lncRNA,0.41,1.58,1.25,3.11,6.95,8.08
AC010307.4,lncRNA,0.0,0.0,0.0,0.0,0.55,0.32
AC010319.3,lncRNA,0.0,0.1,0.08,0.29,0.92,0.59
AC010319.4,lncRNA,1.12,1.82,0.0,0.14,0.39,1.14
AC010319.5,lncRNA,1.17,0.14,1.5,2.0,1.51,0.95
AC010320.1,lncRNA,0.85,0.0,1.46,1.09,2.91,1.65
AC010320.2,lncRNA,0.0,0.0,0.2,0.0,3.72,2.41
AC010320.3,lncRNA,0.33,0.37,0.2,4.0,2.73,0.65
AC010320.4,lncRNA,4.85,2.76,1.44,1.42,8.85,10.3
AC010325.2,lncRNA,0.0,2.33,0.43,0.78,0.06,0.79
AC010326.3,lncRNA,2.72,5.69,2.12,0.25,1.52,3.38
AC010327.4,lncRNA,1.22,0.97,4.86,1.25,21.35,12.6
AC010327.5,lncRNA,0.43,0.17,1.17,0.0,2.7,4.5
AC010327.6,lncRNA,10.68,15.11,6.53,4.14,22.04,20.15
AC010327.7,lncRNA,1.52,1.16,1.77,0.75,6.14,5.11
AC010327.8,lncRNA,6.72,13.37,0.4,16.87,7.86,9.54
AC010328.1,lncRNA,6.12,5.2,2.47,16.46,16.46,16.23
AC010328.3,lncRNA,0.13,1.04,0.33,1.0,0.57,3.65
AC010329.1,lncRNA,7.54,1.92,3.03,5.39,11.87,19.77
AC010331.1,lncRNA,2.5,2.26,3.1,2.13,22.12,18.48
AC010332.3,lncRNA,2.99,6.98,6.71,10.66,22.71,27.57
AC010333.1,lncRNA,0.0,2.5,0.0,0.57,1.56,0.09
AC010333.2,lncRNA,0.0,0.0,0.0,1.0,2.05,1.07
AC010333.3,lncRNA,1.12,2.83,9.82,3.81,0.53,1.38
AC010335.1,lncRNA,0.0,0.5,0.83,0.25,1.89,0.38
AC010336.1,lncRNA,9.18,19.24,15.27,7.56,65.24,79.7
AC010336.2,lncRNA,0.34,1.33,0.87,0.06,3.04,2.31
AC010336.3,lncRNA,1.92,4.07,1.33,2.16,0.9,0.66
AC010336.4,lncRNA,0.0,1.41,0.06,0.0,0.91,0.85
AC010336.5,lncRNA,2.1,1.08,1.02,0.48,2.92,3.21
AC010336.6,lncRNA,0.74,0.0,1.17,1.0,1.99,0.68
AC010336.7,lncRNA,3.42,0.0,0.33,0.14,2.83,2.84
AC010343.3,lncRNA,1.43,2.0,1.09,3.19,16.14,7.41
AC010359.2,lncRNA,1.82,2.27,1.42,2.66,12.78,16.67
AC010359.3,lncRNA,0.42,2.22,0.59,4.61,6.93,2.01
AC010378.1,lncRNA,4.39,0.0,1.25,0.25,2.9,1.07
AC010387.1,lncRNA,0.24,3.0,0.0,1.0,0.29,0.42
AC010387.2,lncRNA,0.0,0.0,0.33,0.0,0.26,0.14
AC010395.1,lncRNA,0.62,0.0,0.0,0.06,1.51,2.5
AC010401.1,lncRNA,2.97,2.39,1.41,1.75,13.4,8.95
AC010401.2,lncRNA,0.17,0.0,0.07,0.0,0.0,0.0
AC010406.1,lncRNA,0.0,0.33,0.25,0.0,0.33,2.33
AC010420.1,lncRNA,0.83,0.0,0.92,1.5,1.15,0.83
AC010422.1,lncRNA,0.0,0.2,0.0,0.0,1.26,0.2
AC010422.2,lncRNA,0.0,1.51,0.45,3.25,2.57,1.78
AC010422.4,lncRNA,3.0,1.29,0.25,1.11,0.0,2.0
AC010422.7,lncRNA,0.61,0.0,0.36,0.14,1.64,3.18
AC010424.2,lncRNA,0.0,0.0,0.0,0.0,0.2,0.42
AC010424.3,lncRNA,0.08,3.0,0.25,9.5,2.52,3.83
AC010425.1,lncRNA,0.07,0.0,0.5,0.0,0.11,0.0
AC010445.1,lncRNA,0.17,0.75,5.12,3.0,0.0,3.78
AC010451.1,lncRNA,1.33,1.47,0.37,0.25,2.5,1.19
AC010451.2,lncRNA,0.0,4.25,1.0,1.17,5.23,3.17
AC010451.3,lncRNA,0.0,0.0,0.0,0.0,0.08,0.73
AC010457.1,lncRNA,0.0,0.0,0.0,3.33,2.24,1.89
AC010463.2,lncRNA,0.44,5.57,0.47,1.92,3.04,1.85
AC010463.3,lncRNA,0.33,0.0,0.11,0.0,0.12,1.36
AC010468.1,lncRNA,0.0,0.0,0.33,2.0,0.78,0.65
AC010476.2,lncRNA,6.84,22.74,3.96,4.85,21.62,23.29
AC010478.1,lncRNA,3.67,3.06,5.39,12.34,51.35,40.76
AC010485.1,lncRNA,0.3,10.28,7.0,1.2,4.86,6.34
AC010486.1,lncRNA,0.0,0.0,0.0,0.14,0.22,0.39
AC010486.2,lncRNA,0.0,0.0,0.0,0.0,0.2,0.0
AC010486.3,lncRNA,0.0,0.0,0.0,0.2,0.69,2.46
AC010487.1,lncRNA,0.0,0.49,0.38,3.67,3.18,2.75
AC010491.1,lncRNA,3.19,6.02,11.24,8.78,60.25,48.52
AC010491.2,lncRNA,4.45,3.63,16.64,7.58,34.48,31.58
AC010494.1,lncRNA,0.81,0.88,2.04,0.29,6.11,6.57
AC010501.2,lncRNA,2.84,5.85,16.3,9.34,41.37,37.55
AC010503.1,lncRNA,0.0,0.07,0.0,0.0,0.34,1.16
AC010503.2,lncRNA,0.0,0.0,0.0,0.0,0.17,0.26
AC010503.4,lncRNA,0.5,0.78,0.71,0.4,1.01,2.59
AC010504.1,lncRNA,0.0,1.74,0.67,0.41,1.05,1.86
AC010511.1,lncRNA,0.0,0.0,0.5,4.0,1.0,1.01
AC010519.1,lncRNA,0.33,1.0,0.0,1.14,0.62,0.1
AC010524.1,lncRNA,0.0,1.07,1.38,1.0,0.29,0.77
AC010525.1,lncRNA,0.27,5.84,0.33,1.59,0.8,4.01
AC010528.1,lncRNA,0.06,0.17,0.64,0.0,4.96,1.33
AC010528.2,lncRNA,0.53,0.56,0.44,0.11,1.26,0.85
AC010530.1,lncRNA,0.0,0.09,0.0,1.0,0.92,0.74
AC010531.3,lncRNA,2.7,0.29,0.14,0.16,0.06,0.39
AC010531.4,lncRNA,4.77,13.3,12.95,0.32,16.37,14.38
AC010531.5,lncRNA,0.5,0.31,0.25,0.25,2.05,1.33
AC010531.6,lncRNA,3.58,9.82,2.1,0.25,11.7,9.74
AC010531.7,lncRNA,0.38,0.5,1.0,0.25,3.59,2.73
AC010536.1,lncRNA,2.04,6.36,5.27,2.95,29.1,21.26
AC010536.2,lncRNA,0.2,0.0,0.25,1.4,3.13,1.42
AC010536.3,lncRNA,3.55,1.21,7.32,2.87,18.08,14.08
AC010538.1,lncRNA,0.7,5.68,1.67,4.06,9.19,5.13
AC010542.1,lncRNA,1.49,1.0,2.56,1.33,21.57,15.72
AC010542.2,lncRNA,0.47,1.04,0.0,0.0,1.93,0.71
AC010542.4,lncRNA,544.62,199.29,379.48,379.52,260.44,438.3
AC010542.5,lncRNA,1.92,7.96,0.28,0.12,1.3,1.42
AC010547.1,lncRNA,0.63,0.11,0.51,1.72,4.37,4.05
AC010547.2,lncRNA,0.0,1.67,0.0,0.0,0.06,0.0
AC010547.3,lncRNA,0.0,0.0,0.0,0.0,1.11,0.33
AC010551.1,lncRNA,0.14,3.0,0.0,0.34,4.04,5.17
AC010551.2,lncRNA,0.0,0.0,0.67,1.0,2.1,0.15
AC010551.3,lncRNA,0.0,0.08,0.0,0.52,2.15,0.65
AC010595.1,lncRNA,0.0,0.0,0.0,1.0,2.04,2.5
AC010601.1,lncRNA,0.0,0.5,1.42,2.12,2.36,0.33
AC010605.1,lncRNA,5.56,8.33,0.0,2.57,1.75,1.92
AC010608.1,lncRNA,0.0,0.0,0.0,0.0,1.59,1.67
AC010609.1,lncRNA,0.0,0.0,0.0,0.11,0.7,0.0
AC010615.2,lncRNA,3.26,2.91,1.64,3.45,4.44,9.05
AC010618.2,lncRNA,0.83,4.25,0.0,1.0,2.58,0.5
AC010618.3,lncRNA,4.05,10.6,5.88,16.62,10.38,12.92
AC010619.2,lncRNA,1.78,0.51,2.18,3.39,6.53,6.04
AC010623.1,lncRNA,1.06,10.84,0.49,1.5,1.81,4.9
AC010624.1,lncRNA,1.85,3.53,62.18,4.3,15.84,4.03
AC010624.2,lncRNA,1.36,1.69,3.2,4.64,3.92,3.13
AC010624.3,lncRNA,1.7,2.17,3.48,5.12,6.56,4.68
AC010624.5,lncRNA,0.3,0.17,0.95,1.03,2.32,1.98
AC010632.1,lncRNA,1.04,0.24,0.08,1.11,4.55,5.11
AC010632.2,lncRNA,0.25,0.0,0.0,2.0,0.37,0.25
AC010634.1,lncRNA,0.0,0.0,0.0,0.08,0.89,0.4
AC010636.1,lncRNA,0.0,1.0,0.5,0.2,1.41,1.21
AC010636.2,lncRNA,1.42,0.0,0.56,1.56,1.39,2.14
AC010641.1,lncRNA,0.0,0.1,0.25,0.83,3.29,4.39
AC010641.2,lncRNA,2.39,3.17,4.18,4.62,7.14,4.7
AC010642.2,lncRNA,4.32,1.87,2.99,4.71,10.84,7.67
AC010643.1,lncRNA,2.5,4.59,0.84,11.39,5.45,7.57
AC010649.1,lncRNA,1.5,1.55,1.19,1.75,9.94,7.59
AC010654.1,lncRNA,2.64,0.61,0.69,2.0,2.95,5.46
AC010655.2,lncRNA,0.0,0.0,0.09,0.0,1.59,0.92
AC010655.4,lncRNA,0.0,0.18,0.19,1.0,2.02,1.17
AC010677.2,lncRNA,2.0,0.18,0.2,0.0,1.59,2.23
AC010680.1,lncRNA,0.24,2.2,0.2,0.0,5.54,2.42
AC010680.2,lncRNA,0.5,0.45,0.39,0.83,1.02,1.09
AC010680.3,lncRNA,0.75,0.0,2.65,0.88,0.31,1.13
AC010680.4,lncRNA,0.0,0.32,0.07,0.0,0.63,0.36
AC010680.5,lncRNA,0.0,0.07,0.29,0.0,0.49,0.54
AC010719.1,lncRNA,0.2,0.0,0.0,0.0,1.54,0.29
AC010722.1,lncRNA,0.33,0.08,0.26,0.29,2.44,2.59
AC010723.1,lncRNA,0.5,0.25,0.5,0.33,0.37,0.27
AC010727.1,lncRNA,1.42,7.28,2.36,2.2,22.6,16.63
AC010729.1,lncRNA,0.39,3.71,3.09,3.42,6.99,8.86
AC010729.2,lncRNA,4.54,0.37,3.88,2.47,9.15,12.0
AC010731.1,lncRNA,0.5,0.0,0.33,0.0,1.7,0.58
AC010731.2,lncRNA,0.0,0.0,0.31,0.0,0.48,0.0
AC010733.1,lncRNA,3.17,7.67,1.12,1.36,2.22,2.88
AC010735.1,lncRNA,0.0,0.29,0.0,0.0,1.86,0.49
AC010735.2,lncRNA,0.45,2.55,0.39,0.85,4.42,5.19
AC010737.1,lncRNA,5.53,0.0,0.0,0.0,1.2,0.25
AC010745.1,lncRNA,3.67,0.56,0.62,1.57,2.4,3.55
AC010745.2,lncRNA,2.46,3.21,2.28,1.66,19.32,28.65
AC010745.3,lncRNA,0.0,0.0,0.0,1.0,0.77,0.97
AC010745.4,lncRNA,0.25,1.75,0.0,0.17,0.21,0.65
AC010745.5,lncRNA,0.0,0.99,3.75,0.79,0.98,1.19
AC010746.2,lncRNA,0.25,0.3,0.5,0.14,1.04,1.6
AC010754.1,lncRNA,0.53,2.23,1.32,1.41,5.16,5.76
AC010760.1,lncRNA,0.08,0.14,0.0,0.81,0.54,0.14
AC010761.1,lncRNA,0.56,3.14,1.5,1.33,4.32,3.61
AC010761.2,lncRNA,4.35,3.18,1.06,1.33,21.04,15.14
AC010761.3,lncRNA,0.05,0.5,0.0,0.0,0.0,0.05
AC010761.4,lncRNA,0.0,1.55,0.25,0.0,2.71,2.57
AC010761.5,lncRNA,0.03,0.0,0.0,0.0,1.14,0.03
AC010761.6,lncRNA,1.0,1.5,0.33,2.08,0.71,1.5
AC010768.1,lncRNA,1.88,2.07,15.97,1.1,7.4,7.47
AC010768.2,lncRNA,0.65,2.4,0.22,0.4,3.46,4.63
AC010768.4,lncRNA,0.54,0.38,1.76,0.0,4.13,2.18
AC010776.1,lncRNA,0.0,0.0,0.0,0.0,1.11,0.11
AC010776.2,lncRNA,0.11,3.95,1.49,0.89,17.79,11.66
AC010776.3,lncRNA,0.0,0.11,0.0,0.0,0.73,0.0
AC010789.1,lncRNA,0.0,0.0,0.0,0.0,0.62,0.0
AC010789.2,lncRNA,5.9,5.4,13.64,1.78,1.39,4.28
AC010809.1,lncRNA,3.67,0.79,5.14,4.0,6.25,6.07
AC010809.2,lncRNA,0.0,0.0,1.25,1.0,0.5,1.61
AC010834.1,lncRNA,0.33,0.25,0.75,0.0,0.15,0.67
AC010834.2,lncRNA,0.14,0.07,0.77,0.0,2.33,2.78
AC010834.3,lncRNA,2.25,6.75,1.47,11.25,26.85,27.03
AC010857.1,lncRNA,0.0,0.14,0.0,0.2,1.7,0.85
AC010872.2,lncRNA,0.33,0.42,0.17,0.0,2.26,0.27
AC010880.1,lncRNA,0.1,0.14,0.12,0.0,6.32,12.49
AC010883.1,lncRNA,0.17,0.7,0.29,0.0,0.2,0.77
AC010883.2,lncRNA,1.96,2.24,2.85,2.46,7.41,10.03
AC010883.3,lncRNA,3.0,16.32,7.68,1.48,14.11,22.44
AC010884.1,lncRNA,1.61,3.45,1.51,2.5,3.62,9.05
AC010889.1,lncRNA,1.43,0.0,0.0,1.4,3.39,5.72
AC010889.2,lncRNA,2.69,5.96,4.65,9.27,6.92,9.84
AC010891.1,lncRNA,0.0,0.0,0.06,0.0,0.87,0.2
AC010894.1,lncRNA,0.43,0.17,0.23,2.0,4.99,7.3
AC010894.2,lncRNA,1.66,1.32,3.07,2.79,31.2,19.15
AC010894.3,lncRNA,0.78,0.25,0.55,0.0,1.82,2.01
AC010896.1,lncRNA,1.98,5.88,6.27,2.46,39.15,33.94
AC010904.2,lncRNA,0.08,0.33,0.0,4.08,0.4,0.28
AC010907.1,lncRNA,1.02,0.0,0.39,0.74,3.1,4.59
AC010907.2,lncRNA,0.0,2.5,0.83,0.14,0.58,1.96
AC010913.1,lncRNA,3.86,7.22,7.64,4.6,38.3,39.91
AC010931.1,lncRNA,11.48,3.73,4.95,4.85,29.45,23.11
AC010931.2,lncRNA,0.09,0.22,0.0,0.0,0.36,0.83
AC010941.1,lncRNA,0.0,0.67,2.56,7.42,9.04,2.16
AC010967.1,lncRNA,0.25,0.79,0.0,0.12,3.09,0.58
AC010967.2,lncRNA,0.0,0.0,0.0,1.0,0.0,0.38
AC010969.1,lncRNA,2.45,2.01,0.2,3.21,16.01,6.88
AC010969.2,lncRNA,0.07,6.99,1.78,0.45,4.37,6.9
AC010969.3,lncRNA,0.26,0.5,1.12,0.03,1.19,1.03
AC010973.1,lncRNA,0.04,4.83,0.05,1.0,1.2,1.3
AC010973.2,lncRNA,3.54,8.81,2.24,3.01,4.88,2.65
AC010974.1,lncRNA,0.33,0.38,0.0,0.0,0.0,1.54
AC010974.2,lncRNA,0.27,1.25,0.33,0.58,2.07,2.23
AC010976.1,lncRNA,16.11,25.97,41.58,47.51,329.81,447.78
AC010976.2,lncRNA,0.5,1.36,1.5,1.06,1.86,2.09
AC010978.1,lncRNA,1.51,3.25,5.76,6.23,18.44,21.58
AC010982.1,lncRNA,0.33,0.0,0.22,0.21,0.64,0.53
AC010982.2,lncRNA,0.0,0.0,0.0,0.0,1.12,2.64
AC010983.1,lncRNA,0.0,0.0,0.4,0.0,0.78,0.73
AC010987.1,lncRNA,0.0,1.0,0.25,0.0,6.57,2.35
AC010991.1,lncRNA,0.73,0.5,0.0,0.0,1.59,1.52
AC010996.1,lncRNA,0.79,1.07,0.0,2.2,5.2,4.41
AC010997.2,lncRNA,0.0,0.0,0.75,0.46,6.21,3.91
AC010997.3,lncRNA,0.83,1.07,1.33,1.1,5.84,5.99
AC010997.4,lncRNA,4.79,3.72,5.8,5.74,9.52,5.81
AC010997.5,lncRNA,0.71,0.91,0.49,0.74,7.09,7.47
AC010998.1,lncRNA,0.2,0.5,0.0,0.17,1.25,0.92
AC010998.2,lncRNA,0.0,0.5,0.25,0.75,0.12,0.81
AC010998.3,lncRNA,0.0,0.0,0.0,0.64,0.0,0.35
AC010999.1,lncRNA,0.0,0.0,0.33,0.0,0.58,0.08
AC010999.2,lncRNA,0.0,1.17,0.38,2.3,1.83,2.3
AC011005.4,lncRNA,0.0,0.34,0.0,0.0,0.34,0.33
AC011008.1,lncRNA,0.06,2.72,0.06,0.25,1.43,4.1
AC011029.1,lncRNA,0.0,2.0,0.14,0.0,1.11,0.57
AC011092.2,lncRNA,0.0,0.0,0.83,0.0,0.0,1.67
AC011092.3,lncRNA,3.89,1.38,1.71,6.83,5.14,2.49
AC011095.1,lncRNA,0.92,2.95,9.8,5.13,56.0,43.57
AC011120.1,lncRNA,0.12,0.0,0.0,0.0,0.92,2.87
AC011124.1,lncRNA,0.1,0.07,3.62,3.0,5.65,3.22
AC011124.2,lncRNA,6.43,10.05,2.88,2.14,13.69,19.37
AC011131.1,lncRNA,0.0,0.0,0.0,0.0,0.33,0.0
AC011139.1,lncRNA,0.0,0.33,0.2,1.14,1.83,2.01
AC011193.1,lncRNA,0.63,0.0,0.11,0.53,4.98,3.65
AC011196.1,lncRNA,0.42,0.0,0.0,0.0,0.37,1.6
AC011228.1,lncRNA,0.0,0.0,0.0,0.0,2.14,0.0
AC011228.2,lncRNA,0.34,0.06,1.4,0.0,0.72,1.68
AC011233.2,lncRNA,4.08,3.15,0.95,2.25,12.84,9.86
AC011239.1,lncRNA,2.62,0.08,1.23,1.25,9.02,13.09
AC011243.1,lncRNA,0.2,0.0,1.25,4.0,1.07,0.74
AC011246.1,lncRNA,1.12,3.46,1.18,5.6,7.98,7.34
AC011247.1,lncRNA,0.2,0.66,0.59,0.5,6.81,2.6
AC011257.1,lncRNA,0.0,0.0,0.0,0.0,0.0,0.67
AC011284.1,lncRNA,0.0,0.2,0.0,0.0,0.94,1.0
AC011287.1,lncRNA,0.62,3.06,9.69,5.27,11.57,11.11
AC011287.2,lncRNA,1.15,1.0,0.06,0.43,0.98,0.82
AC011290.1,lncRNA,0.43,0.0,0.0,0.0,0.0,1.33
AC011294.1,lncRNA,0.87,0.4,3.31,0.75,6.26,5.89
AC011297.1,lncRNA,13.12,38.25,12.2,7.46,18.6,25.47
AC011298.1,lncRNA,1.73,4.28,4.29,2.0,9.79,7.76
AC011303.1,lncRNA,0.0,0.0,2.33,0.0,1.1,1.26
AC011306.1,lncRNA,0.85,2.15,0.0,4.0,2.96,2.96
AC011317.1,lncRNA,0.5,0.86,1.11,0.9,6.59,5.39
AC011322.1,lncRNA,0.43,0.86,1.16,0.45,6.48,5.7
AC011330.2,lncRNA,0.0,0.0,0.0,0.0,0.07,0.2
AC011333.1,lncRNA,0.0,0.42,0.0,0.33,0.45,1.0
AC011337.1,lncRNA,0.34,4.0,6.75,1.33,2.7,6.72
AC011346.1,lncRNA,8.11,14.31,28.17,27.79,51.59,33.82
AC011351.1,lncRNA,0.0,0.06,0.0,0.0,1.8,2.48
AC011352.1,lncRNA,0.0,0.0,0.0,0.0,0.58,0.38
AC011352.3,lncRNA,0.0,0.0,0.0,0.0,1.2,0.39
AC011362.1,lncRNA,0.0,0.0,0.0,0.0,1.14,0.83
AC011363.1,lncRNA,0.0,0.0,0.0,2.19,2.02,3.58
AC011365.1,lncRNA,0.31,1.1,0.58,0.5,1.94,1.49
AC011369.1,lncRNA,0.0,3.18,1.46,1.0,5.12,7.1
AC011370.1,lncRNA,13.82,12.19,25.55,60.36,755.78,445.8
AC011373.1,lncRNA,0.0,0.0,0.0,0.0,1.42,1.56
AC011374.1,lncRNA,0.14,0.0,0.17,0.33,1.66,1.53
AC011374.2,lncRNA,0.0,0.0,0.0,0.0,0.0,0.05
AC011374.3,lncRNA,0.0,0.0,0.21,0.5,0.45,1.31
AC011377.1,lncRNA,0.5,0.1,0.0,0.0,0.39,0.32
AC011379.1,lncRNA,7.42,4.5,3.89,7.86,4.18,12.2
AC011379.2,lncRNA,6.71,2.47,2.65,11.71,29.08,25.04
AC011383.1,lncRNA,0.31,0.33,0.33,0.5,3.65,2.34
AC011388.1,lncRNA,1.11,0.0,0.33,0.0,1.98,1.57
AC011389.1,lncRNA,0.0,1.09,0.5,0.0,0.4,0.0
AC011396.1,lncRNA,0.0,0.0,0.0,0.0,1.07,0.92
AC011396.2,lncRNA,0.07,0.0,0.5,0.0,1.31,1.0
AC011396.3,lncRNA,0.2,0.0,0.48,3.0,0.75,0.2
AC011405.1,lncRNA,0.38,3.59,3.05,1.22,1.39,8.59
AC011407.1,lncRNA,0.22,0.0,0.42,2.52,5.23,3.66
AC011410.1,lncRNA,0.0,0.07,0.0,0.0,4.29,0.74
AC011416.3,lncRNA,2.82,4.5,1.65,2.57,15.34,15.24
AC011416.4,lncRNA,3.89,12.86,8.37,9.18,30.08,36.62
AC011442.1,lncRNA,0.0,4.76,1.35,3.0,1.42,1.69
AC011443.1,lncRNA,0.2,1.9,0.0,2.25,1.16,1.35
AC011444.1,lncRNA,2.1,0.5,0.89,0.25,4.46,6.92
AC011444.2,lncRNA,0.0,0.49,1.28,0.0,13.87,9.26
AC011444.3,lncRNA,0.0,1.25,0.17,0.2,0.74,1.24
AC011445.1,lncRNA,1.0,0.37,0.5,0.07,1.17,1.5
AC011446.1,lncRNA,0.0,1.67,0.0,0.0,0.0,0.0
AC011446.2,lncRNA,15.47,22.91,8.28,36.44,12.45,32.07
AC011446.3,lncRNA,0.7,0.64,0.46,11.66,3.22,4.35
AC011447.3,lncRNA,3.37,11.82,3.28,7.3,19.33,24.03
AC011450.1,lncRNA,0.06,0.25,0.75,0.0,1.31,2.01
AC011451.1,lncRNA,1.0,0.0,0.0,0.25,0.0,1.75
AC011451.3,lncRNA,0.0,0.17,0.0,4.44,1.86,2.49
AC011451.4,lncRNA,1.0,2.62,0.38,1.07,1.52,3.93
AC011453.1,lncRNA,0.0,5.54,0.0,5.25,1.51,1.47
AC011455.1,lncRNA,0.29,0.62,0.25,0.14,9.19,6.57
AC011455.6,lncRNA,3.99,8.05,0.4,5.27,1.72,1.54
AC011461.1,lncRNA,0.99,2.5,0.08,0.93,0.05,0.83
AC011462.2,lncRNA,0.0,0.25,0.3,0.2,0.73,0.65
AC011462.3,lncRNA,0.0,3.31,2.15,17.1,8.51,3.29
AC011462.4,lncRNA,0.1,0.0,0.7,2.25,3.33,4.11
AC011462.5,lncRNA,5.73,9.08,2.4,1.46,23.39,16.59
AC011465.1,lncRNA,0.0,0.11,0.0,0.0,0.39,0.72
AC011466.1,lncRNA,1.08,4.02,3.0,0.57,5.02,3.79
AC011466.2,lncRNA,0.2,0.0,0.0,0.0,0.55,0.68
AC011466.3,lncRNA,0.3,0.9,2.32,1.5,17.29,12.46
AC011467.1,lncRNA,1.44,5.6,2.75,6.25,9.01,7.83
AC011467.3,lncRNA,0.0,0.0,0.0,0.0,1.5,0.29
AC011467.6,lncRNA,0.25,4.32,0.62,2.41,5.15,6.05
AC011468.1,lncRNA,0.0,0.0,0.17,0.0,0.0,0.0
AC011468.2,lncRNA,0.14,1.92,0.17,0.41,1.66,1.25
AC011468.3,lncRNA,0.0,0.0,0.0,1.0,0.25,0.0
AC011468.5,lncRNA,1.1,0.22,1.28,0.08,6.04,3.67
AC011471.2,lncRNA,0.22,1.14,1.08,3.11,4.04,4.5
AC011472.1,lncRNA,0.0,0.15,2.12,2.0,0.5,2.11
AC011472.2,lncRNA,0.5,1.42,0.25,4.0,3.16,2.87
AC011472.3,lncRNA,2.49,6.79,0.16,0.92,1.44,4.34
AC011472.4,lncRNA,0.5,0.14,0.0,0.0,0.5,0.79
AC011473.1,lncRNA,0.0,0.0,0.33,0.0,0.14,0.0
AC011473.2,lncRNA,0.04,0.08,0.0,0.25,0.57,0.07
AC011473.3,lncRNA,0.92,0.83,5.44,3.16,1.46,1.87
AC011474.1,lncRNA,2.82,5.36,8.06,6.45,25.88,19.1
AC011474.2,lncRNA,3.37,6.49,4.87,8.82,10.85,9.33
AC011474.3,lncRNA,0.43,0.0,0.0,0.0,1.15,2.14
AC011476.2,lncRNA,0.49,0.93,3.37,2.15,6.64,6.14
AC011476.3,lncRNA,3.0,1.58,0.25,0.08,2.16,6.27
AC011477.1,lncRNA,0.0,0.08,1.33,1.8,8.36,16.09
AC011477.2,lncRNA,0.27,0.8,0.0,0.08,0.0,0.0
AC011477.3,lncRNA,1.99,6.08,2.12,11.55,14.52,28.07
AC011477.7,lncRNA,1.33,0.2,1.22,1.42,3.61,3.36
AC011477.8,lncRNA,0.05,0.07,0.0,1.21,0.43,1.42
AC011478.1,lncRNA,0.14,0.0,1.25,0.61,1.7,4.96
AC011479.2,lncRNA,0.0,1.05,0.2,1.13,0.5,1.06
AC011479.3,lncRNA,0.59,0.73,2.05,1.48,8.56,15.77
AC011479.4,lncRNA,2.79,0.9,0.5,1.53,1.87,1.74
AC011481.1,lncRNA,3.67,0.34,1.73,0.06,1.88,1.16
AC011481.2,lncRNA,0.16,0.77,0.86,2.76,1.9,2.14
AC011483.1,lncRNA,1.52,1.25,1.0,0.14,6.77,5.31
AC011483.2,lncRNA,0.25,1.17,1.06,2.0,0.65,1.91
AC011484.1,lncRNA,4.39,1.44,4.09,1.7,41.56,29.03
AC011491.2,lncRNA,0.0,0.0,0.5,0.83,1.17,0.5
AC011491.3,lncRNA,0.0,0.0,0.0,0.5,0.69,2.45
AC011495.2,lncRNA,0.88,3.58,0.94,14.53,1.65,4.43
AC011495.3,lncRNA,0.08,0.0,0.18,1.09,5.35,4.88
AC011497.1,lncRNA,0.65,0.95,2.49,0.38,6.86,4.52
AC011498.1,lncRNA,0.33,0.38,0.33,0.16,1.88,3.02
AC011498.2,lncRNA,0.0,0.09,0.46,0.03,0.43,0.49
AC011498.3,lncRNA,1.65,0.47,0.95,1.5,1.78,3.0
AC011498.6,lncRNA,0.0,0.29,0.0,0.2,2.47,1.33
AC011500.3,lncRNA,0.68,3.0,1.03,0.6,5.56,6.45
AC011503.1,lncRNA,1.4,0.56,5.33,1.0,18.12,32.82
AC011503.2,lncRNA,0.0,3.0,0.4,0.06,0.11,2.62
AC011503.4,lncRNA,4.22,9.49,16.25,9.73,53.2,258.03
AC011505.1,lncRNA,1.2,1.25,0.2,0.4,1.79,5.39
AC011507.1,lncRNA,0.33,1.42,0.0,1.25,0.7,1.71
AC011509.1,lncRNA,0.0,0.0,0.33,0.0,2.64,3.5
AC011509.2,lncRNA,0.0,0.25,0.0,0.14,2.1,2.37
AC011509.3,lncRNA,0.5,0.06,2.92,1.38,3.07,3.43
AC011510.1,lncRNA,4.87,0.17,9.2,4.49,10.35,4.92
AC011511.2,lncRNA,0.67,0.73,3.2,1.53,9.6,7.79
AC011511.3,lncRNA,0.11,0.1,0.71,0.17,1.06,0.88
AC011511.5,lncRNA,10.87,6.87,24.91,9.97,50.58,44.78
AC011516.1,lncRNA,0.0,0.0,0.0,0.0,1.08,0.39
AC011518.1,lncRNA,0.67,2.29,1.43,2.5,6.56,8.18
AC011523.1,lncRNA,0.0,0.2,0.09,0.0,4.2,1.15
AC011524.1,lncRNA,0.0,0.0,0.12,0.0,0.0,0.1
AC011524.2,lncRNA,0.0,0.0,0.0,0.0,0.89,0.22
AC011525.1,lncRNA,0.8,3.37,0.98,1.69,12.88,13.76
AC011525.2,lncRNA,0.89,1.08,0.3,0.69,7.88,9.69
AC011586.1,lncRNA,0.0,0.5,0.14,1.67,0.39,0.85
AC011586.2,lncRNA,0.85,1.83,0.92,0.65,2.26,3.29
AC011591.1,lncRNA,0.0,0.0,0.0,0.0,0.75,0.12
AC011593.1,lncRNA,5.73,6.33,8.44,9.43,37.38,29.89
AC011595.1,lncRNA,1.0,0.0,0.0,1.5,3.14,0.54
AC011595.2,lncRNA,0.0,8.0,1.92,0.0,2.79,1.17
AC011601.1,lncRNA,0.0,5.05,0.37,0.0,5.06,3.34
AC011603.1,lncRNA,2.01,0.45,0.5,1.5,6.37,2.98
AC011603.2,lncRNA,33.22,32.58,18.63,21.26,44.47,39.69
AC011603.3,lncRNA,0.5,0.5,0.0,0.0,0.11,2.05
AC011611.2,lncRNA,0.9,0.0,0.0,0.2,1.12,1.0
AC011611.3,lncRNA,0.6,0.0,0.31,1.75,6.32,3.6
AC011611.4,lncRNA,0.64,1.06,6.83,7.53,114.51,65.07
AC011625.1,lncRNA,0.21,0.17,0.0,0.1,0.58,0.46
AC011632.1,lncRNA,0.61,0.76,0.0,5.31,5.87,4.04
AC011632.2,lncRNA,0.67,0.5,0.0,0.0,2.43,2.04
AC011676.1,lncRNA,0.0,0.0,0.74,1.0,2.84,1.58
AC011676.2,lncRNA,1.22,0.5,0.5,0.57,2.72,1.73
AC011676.3,lncRNA,0.06,0.0,0.0,0.0,0.91,3.2
AC011676.4,lncRNA,45.49,6.33,3.52,4.3,89.53,2.18
AC011700.1,lncRNA,2.27,2.77,3.31,1.53,25.78,16.9
AC011718.1,lncRNA,0.0,0.0,0.0,0.06,0.0,0.11
AC011726.1,lncRNA,1.17,1.14,0.0,2.33,0.36,1.43
AC011726.2,lncRNA,0.62,0.2,1.0,0.0,3.3,1.48
AC011731.1,lncRNA,0.17,0.1,0.0,0.42,0.78,0.9
AC011747.1,lncRNA,0.0,0.0,0.0,0.0,3.39,6.05
AC011751.1,lncRNA,1.7,2.73,0.88,1.56,4.5,9.38
AC011752.1,lncRNA,1.62,0.83,0.98,4.7,6.11,3.97
AC011753.2,lncRNA,0.0,1.0,0.0,0.0,2.53,0.21
AC011754.1,lncRNA,1.08,0.28,0.59,1.2,9.44,7.29
AC011754.2,lncRNA,1.08,0.0,0.07,0.0,1.07,3.47
AC011773.1,lncRNA,0.46,1.24,0.5,0.61,2.14,2.11
AC011773.2,lncRNA,0.0,0.0,0.0,0.0,0.23,0.12
AC011773.3,lncRNA,0.61,0.0,0.29,0.62,3.64,3.35
AC011773.4,lncRNA,0.08,0.29,0.35,0.65,4.03,5.24
AC011815.1,lncRNA,13.6,23.43,69.47,32.81,230.45,233.58
AC011815.2,lncRNA,8.75,7.26,4.45,17.01,99.36,92.82
AC011816.2,lncRNA,0.0,0.09,0.0,0.0,0.23,0.3
AC011824.1,lncRNA,0.0,0.0,1.39,1.1,1.19,1.61
AC011824.2,lncRNA,0.0,2.19,0.75,4.89,4.49,0.92
AC011824.3,lncRNA,0.0,0.2,0.0,0.0,9.75,2.16
AC011825.2,lncRNA,0.1,3.33,0.17,3.17,2.3,3.09
AC011825.3,lncRNA,0.54,0.07,0.99,0.1,3.6,1.83
AC011825.4,lncRNA,2.12,6.15,1.35,3.6,5.08,2.55
AC011840.1,lncRNA,1.12,1.83,0.62,1.35,3.23,3.16
AC011840.2,lncRNA,1.2,1.0,0.51,0.06,5.84,2.87
AC011840.3,lncRNA,0.11,0.0,0.0,0.0,0.0,0.0
AC011840.4,lncRNA,0.67,0.07,0.07,0.11,1.16,0.52
AC011853.2,lncRNA,0.25,0.0,0.0,0.0,0.66,0.92
AC011891.2,lncRNA,0.03,0.08,0.0,0.0,0.56,0.0
AC011897.1,lncRNA,0.0,0.0,2.0,0.0,0.08,0.17
AC011899.1,lncRNA,16.4,52.45,29.17,27.53,15.48,21.31
AC011899.2,lncRNA,0.06,0.07,0.2,0.0,1.14,2.33
AC011899.3,lncRNA,1.18,1.26,0.75,0.42,6.95,5.59
AC011901.1,lncRNA,0.14,0.0,0.14,0.0,0.11,5.99
AC011912.1,lncRNA,1.25,0.33,1.14,2.0,3.6,4.77
AC011921.1,lncRNA,0.77,0.13,0.56,4.41,6.5,6.41
AC011933.2,lncRNA,5.5,3.64,3.18,3.42,12.46,17.86
AC011933.3,lncRNA,0.0,0.0,0.0,0.6,0.0,0.06
AC011933.4,lncRNA,0.0,0.11,0.0,0.0,1.75,2.08
AC011939.2,lncRNA,0.0,0.24,0.0,0.0,3.14,0.79
AC011939.3,lncRNA,0.17,0.04,0.0,0.0,0.9,0.35
AC011944.1,lncRNA,0.31,7.45,0.77,1.46,8.84,3.05
AC011978.1,lncRNA,1.74,1.63,0.62,8.83,221.95,446.14
AC011990.1,lncRNA,0.0,0.0,0.0,0.0,4.95,0.5
AC011995.1,lncRNA,0.0,0.0,0.0,0.25,0.17,0.83
AC011995.2,lncRNA,9.81,20.87,17.45,8.45,20.24,27.86
AC011997.1,lncRNA,0.0,0.08,1.77,0.0,0.94,0.06
AC011997.2,lncRNA,0.0,0.0,0.0,0.42,3.21,0.0
AC011998.2,lncRNA,0.0,0.0,0.0,0.0,0.0,0.2
AC012020.1,lncRNA,2.54,7.08,5.3,8.89,14.91,16.08
AC012038.1,lncRNA,0.0,0.0,0.0,6.0,1.25,0.1
AC012038.2,lncRNA,0.11,0.0,0.33,0.0,1.31,1.09
AC012050.1,lncRNA,0.0,0.0,0.0,0.0,0.0,0.21
AC012055.1,lncRNA,0.0,0.0,0.06,1.4,4.02,3.53
AC012055.2,lncRNA,0.0,0.0,0.12,1.06,0.17,1.44
AC012060.1,lncRNA,0.5,0.57,0.05,0.42,4.62,2.34
AC012063.1,lncRNA,4.41,12.5,11.53,9.36,48.83,37.04
AC012065.1,lncRNA,3.65,0.51,1.42,2.75,4.51,0.06
AC012065.2,lncRNA,0.06,0.2,1.11,0.12,1.3,0.2
AC012065.3,lncRNA,0.0,0.0,0.29,0.04,0.73,0.39
AC012066.1,lncRNA,0.2,0.06,0.0,0.78,3.43,2.34
AC012070.1,lncRNA,0.0,0.0,0.67,0.0,2.62,1.0
AC012073.1,lncRNA,0.33,0.73,1.72,1.12,3.75,4.87
AC012076.1,lncRNA,1.75,0.46,2.3,1.06,11.64,3.94
AC012078.2,lncRNA,0.19,0.2,0.38,0.29,0.52,1.39
AC012081.1,lncRNA,0.0,0.1,0.0,0.0,1.34,0.17
AC012081.2,lncRNA,0.05,0.29,0.45,1.0,2.01,3.75
AC012085.2,lncRNA,4.0,7.56,2.41,2.29,5.48,3.42
AC012087.2,lncRNA,0.24,0.0,1.22,1.69,11.26,8.59
AC012100.1,lncRNA,0.0,0.37,0.0,0.0,0.1,3.0
AC012101.1,lncRNA,0.33,0.35,0.06,1.0,1.04,1.46
AC012101.2,lncRNA,5.6,4.06,7.26,0.97,22.39,19.35
AC012103.1,lncRNA,3.5,3.62,4.72,5.62,48.61,53.32
AC012123.1,lncRNA,0.89,1.31,2.99,9.09,13.88,8.58
AC012146.2,lncRNA,1.0,0.0,1.13,0.5,7.0,6.79
AC012150.1,lncRNA,0.0,0.0,2.0,5.0,0.6,0.26
AC012150.2,lncRNA,2.05,1.8,2.5,0.25,0.35,0.49
AC012157.2,lncRNA,0.25,0.0,0.25,0.12,0.74,1.25
AC012157.3,lncRNA,0.0,6.0,0.12,0.21,0.91,0.49
AC012173.1,lncRNA,0.0,0.13,0.14,0.17,0.64,1.89
AC012174.1,lncRNA,0.0,0.2,0.12,0.58,0.51,1.0
AC012178.1,lncRNA,14.2,8.57,12.53,14.29,91.22,97.4
AC012181.1,lncRNA,0.0,0.0,0.0,0.0,0.18,0.37
AC012181.2,lncRNA,2.0,0.0,0.0,0.5,0.33,0.41
AC012184.1,lncRNA,0.14,0.17,1.18,0.39,1.11,1.61
AC012184.3,lncRNA,0.22,1.3,2.64,2.59,3.9,15.46
AC012184.4,lncRNA,0.04,1.56,0.18,0.43,8.65,7.2
AC012186.2,lncRNA,0.51,0.67,1.0,1.33,6.04,9.57
AC012213.1,lncRNA,4.37,5.89,3.4,4.29,51.72,39.54
AC012213.2,lncRNA,0.23,7.3,0.12,12.32,6.52,8.3
AC012213.3,lncRNA,0.5,0.0,0.0,0.0,0.11,0.0
AC012213.4,lncRNA,0.0,0.0,1.0,0.0,0.81,0.0
AC012229.1,lncRNA,0.0,0.0,0.5,0.0,0.84,0.5
AC012236.1,lncRNA,2.13,0.84,2.8,0.88,9.64,4.82
AC012254.1,lncRNA,0.0,0.0,0.2,0.17,0.18,0.55
AC012254.3,lncRNA,0.95,0.22,1.75,0.45,5.35,2.35
AC012291.2,lncRNA,0.29,0.0,0.0,0.0,1.31,0.65
AC012291.3,lncRNA,2.65,13.6,5.26,9.15,38.02,36.36
AC012301.1,lncRNA,0.0,0.2,0.25,0.07,0.65,0.09
AC012301.2,lncRNA,0.09,0.0,0.0,1.0,0.95,1.85
AC012306.2,lncRNA,1.52,1.14,0.92,2.71,2.76,2.11
AC012306.3,lncRNA,0.1,1.0,0.0,3.5,0.71,1.92
AC012307.1,lncRNA,0.0,1.08,0.39,4.33,3.42,3.58
AC012309.2,lncRNA,0.4,0.0,0.0,0.0,0.0,0.0
AC012313.1,lncRNA,1.55,2.15,6.54,3.33,8.5,9.37
AC012313.2,lncRNA,0.63,0.3,0.83,0.0,10.7,10.79
AC012313.3,lncRNA,6.28,12.6,10.13,12.75,21.32,20.77
AC012313.5,lncRNA,0.0,0.27,1.39,1.06,3.07,3.16
AC012313.6,lncRNA,3.76,2.19,4.68,0.82,38.51,34.58
AC012313.7,lncRNA,0.0,0.97,0.11,0.0,0.92,0.8
AC012313.8,lncRNA,2.34,5.47,4.75,3.04,18.35,10.9
AC012313.9,lncRNA,1.45,0.84,0.0,0.2,0.74,1.29
AC012317.1,lncRNA,0.5,1.0,0.33,1.08,1.13,0.15
AC012321.1,lncRNA,0.0,2.39,0.0,0.03,1.01,1.63
AC012322.1,lncRNA,0.0,0.29,0.93,0.35,2.17,0.83
AC012325.1,lncRNA,0.16,0.37,1.64,0.42,1.96,1.8
AC012339.1,lncRNA,0.0,0.5,0.14,1.17,0.21,0.42
AC012349.1,lncRNA,13.83,47.22,21.14,20.85,79.81,48.09
AC012354.1,lncRNA,0.2,1.3,2.09,3.2,13.18,28.52
AC012355.1,lncRNA,0.07,0.0,0.0,0.7,4.12,2.68
AC012358.1,lncRNA,0.71,5.45,0.0,2.83,1.38,1.82
AC012358.2,lncRNA,14.1,15.49,8.84,9.55,23.31,33.6
AC012360.1,lncRNA,0.5,4.0,0.83,0.32,1.22,0.29
AC012360.2,lncRNA,0.14,0.14,0.0,0.0,1.1,0.2
AC012363.1,lncRNA,0.17,0.81,1.33,0.25,9.47,10.67
AC012363.2,lncRNA,0.07,1.5,0.0,0.0,0.49,1.47
AC012366.1,lncRNA,0.0,0.39,0.0,0.11,0.12,1.0
AC012368.1,lncRNA,12.57,29.88,70.39,165.03,66.68,63.26
AC012368.2,lncRNA,0.0,0.06,0.0,0.0,0.5,0.25
AC012370.1,lncRNA,0.0,0.0,0.5,3.0,2.0,0.3
AC012370.2,lncRNA,0.06,2.29,4.67,1.71,7.67,4.02
AC012378.1,lncRNA,0.0,1.25,0.25,0.0,0.65,4.32
AC012378.2,lncRNA,0.0,1.0,0.25,0.9,3.29,2.87
AC012379.1,lncRNA,0.0,0.0,0.06,0.0,1.0,0.38
AC012379.2,lncRNA,0.08,1.15,1.28,1.92,13.88,10.07
AC012404.1,lncRNA,0.66,0.33,0.0,0.0,1.25,1.27
AC012404.2,lncRNA,0.0,0.0,0.0,0.14,0.83,1.0
AC012405.1,lncRNA,0.25,0.03,0.07,0.0,0.51,2.1
AC012409.1,lncRNA,1.2,3.61,1.25,3.0,11.25,12.96
AC012409.2,lncRNA,0.7,1.1,1.78,3.44,1.87,3.78
AC012409.3,lncRNA,0.25,0.0,1.0,0.0,0.2,0.11
AC012409.4,lncRNA,0.2,0.0,0.0,0.0,0.0,0.67
AC012413.1,lncRNA,0.0,0.0,0.5,0.06,0.42,0.73
AC012414.2,lncRNA,0.0,0.5,0.08,0.0,1.0,0.48
AC012414.3,lncRNA,0.25,0.09,0.51,0.0,1.81,1.53
AC012414.4,lncRNA,0.08,0.25,1.05,0.72,3.44,2.55
AC012417.1,lncRNA,0.17,0.74,0.0,0.11,0.33,0.21
AC012433.2,lncRNA,1.01,0.94,0.4,1.6,5.15,3.5
AC012435.3,lncRNA,0.11,0.0,0.0,0.0,0.0,0.0
AC012442.1,lncRNA,0.0,0.0,1.52,0.11,1.58,2.76
AC012442.2,lncRNA,0.04,0.5,0.0,0.0,0.74,0.66
AC012443.2,lncRNA,1.65,1.49,1.93,3.11,14.56,14.98
AC012445.1,lncRNA,0.93,0.62,1.44,1.0,3.71,1.03
AC012447.1,lncRNA,0.0,0.14,0.07,1.0,4.47,3.97
AC012451.1,lncRNA,0.0,0.0,0.0,0.0,0.05,0.0
AC012456.1,lncRNA,0.83,6.9,0.66,10.53,7.29,4.11
AC012456.2,lncRNA,0.07,0.0,1.5,0.0,0.35,1.25
AC012459.1,lncRNA,5.32,4.11,5.74,10.83,55.52,22.85
AC012462.1,lncRNA,0.31,0.74,0.0,0.52,6.63,8.53
AC012462.2,lncRNA,0.9,3.08,0.07,0.0,1.58,2.59
AC012462.3,lncRNA,0.0,0.61,0.29,0.33,1.23,2.31
AC012464.1,lncRNA,1.0,0.34,0.0,0.67,1.52,0.6
AC012464.2,lncRNA,0.54,3.14,0.0,0.25,8.69,9.2
AC012464.3,lncRNA,0.25,0.28,0.62,0.86,3.45,3.21
AC012467.1,lncRNA,0.0,0.0,0.0,0.0,0.39,0.0
AC012467.2,lncRNA,1.91,1.6,0.5,0.58,3.3,0.8
AC012470.1,lncRNA,0.61,2.24,0.87,5.97,12.24,14.55
AC012485.1,lncRNA,7.45,3.89,6.86,7.35,36.19,38.53
AC012485.2,lncRNA,0.0,3.78,0.61,3.75,3.27,4.12
AC012485.3,lncRNA,2.73,4.92,2.16,4.79,12.15,7.69
AC012494.1,lncRNA,0.08,0.5,0.27,1.77,4.04,2.14
AC012494.2,lncRNA,1.14,4.0,2.0,2.18,1.94,3.74
AC012500.1,lncRNA,0.35,1.12,0.43,4.4,4.56,2.7
AC012501.2,lncRNA,0.0,0.0,0.17,0.19,4.3,5.48
AC012506.1,lncRNA,0.0,0.14,0.53,0.33,0.56,5.62
AC012506.2,lncRNA,0.0,0.0,1.19,0.0,1.09,2.42
AC012506.3,lncRNA,0.9,0.17,3.8,0.77,6.82,10.8
AC012506.4,lncRNA,1.5,9.58,0.0,0.62,1.36,1.24
AC012507.1,lncRNA,1.06,0.0,3.0,0.29,0.67,0.61
AC012507.3,lncRNA,0.0,0.0,0.0,0.0,4.31,2.61
AC012508.1,lncRNA,1.32,5.61,4.48,7.74,19.35,26.99
AC012508.2,lncRNA,0.16,1.89,0.59,0.94,5.47,6.73
AC012508.3,lncRNA,1.4,0.55,0.68,0.12,5.61,6.11
AC012511.1,lncRNA,0.0,0.0,0.0,0.0,0.33,1.66
AC012511.2,lncRNA,24.85,15.54,10.66,5.07,7836.96,118.92
AC012513.1,lncRNA,0.0,0.33,0.0,0.59,0.16,1.08
AC012531.1,lncRNA,6.61,0.49,3.79,6.09,10.54,10.21
AC012531.2,lncRNA,0.26,0.37,1.48,0.2,13.73,9.76
AC012533.1,lncRNA,4.12,1.7,0.75,1.48,17.25,19.6
AC012535.1,lncRNA,0.11,0.14,0.4,0.0,2.45,1.25
AC012555.1,lncRNA,0.23,0.33,0.24,0.06,2.91,2.13
AC012555.2,lncRNA,0.0,0.0,0.5,0.5,0.0,0.37
AC012557.1,lncRNA,0.0,0.0,0.0,0.0,0.12,2.25
AC012557.2,lncRNA,0.17,0.0,0.2,0.0,0.12,1.07
AC012558.1,lncRNA,2.43,3.14,3.08,1.25,6.4,4.71
AC012560.1,lncRNA,0.73,3.6,1.59,0.7,2.54,2.88
AC012564.1,lncRNA,0.0,0.0,0.0,0.5,0.08,0.49
AC012568.1,lncRNA,1.0,0.0,0.0,0.0,1.12,0.25
AC012572.1,lncRNA,0.68,0.0,0.67,0.12,0.61,0.25
AC012574.1,lncRNA,0.08,0.14,0.12,0.7,3.62,1.43
AC012574.2,lncRNA,0.96,1.47,4.08,6.94,42.34,28.29
AC012588.1,lncRNA,1.0,7.07,0.19,0.5,2.04,3.91
AC012593.1,lncRNA,2.25,5.46,2.73,10.9,9.26,10.68
AC012593.2,lncRNA,0.0,0.0,1.17,0.46,1.67,3.48
AC012613.1,lncRNA,0.32,1.03,0.0,1.0,4.13,2.9
AC012613.2,lncRNA,1.57,2.21,5.34,7.88,14.94,10.21
AC012615.1,lncRNA,0.63,1.2,1.41,1.16,9.05,3.09
AC012615.2,lncRNA,0.92,0.49,1.17,0.66,4.31,3.98
AC012615.3,lncRNA,0.2,0.5,0.29,0.1,1.54,1.69
AC012615.4,lncRNA,1.03,0.5,2.38,2.54,6.23,4.51
AC012615.5,lncRNA,0.3,0.9,1.41,0.69,2.37,1.41
AC012615.6,lncRNA,2.37,2.51,7.28,5.08,30.93,25.92
AC012625.1,lncRNA,0.68,1.03,0.46,0.89,13.61,14.21
AC012629.1,lncRNA,0.0,0.0,0.0,2.0,0.5,1.0
AC012640.1,lncRNA,3.23,4.79,3.28,3.49,48.97,30.46
AC012640.2,lncRNA,2.57,3.62,2.1,2.82,13.95,12.31
AC012640.3,lncRNA,0.0,0.5,0.33,0.09,1.89,1.96
AC012640.4,lncRNA,0.5,1.1,0.33,4.0,2.27,0.57
AC012645.1,lncRNA,0.28,1.52,3.46,1.46,15.65,9.81
AC012645.2,lncRNA,0.67,0.0,0.19,0.0,0.96,0.07
AC012645.3,lncRNA,0.42,1.53,0.83,0.35,4.62,2.52
AC012645.4,lncRNA,0.12,1.08,0.67,0.04,1.94,3.07
AC012653.2,lncRNA,0.0,2.0,0.0,2.0,0.18,0.21
AC012668.1,lncRNA,0.0,0.0,0.0,0.0,0.14,0.29
AC012668.2,lncRNA,0.83,0.26,0.5,0.0,0.83,0.75
AC012668.3,lncRNA,3.14,5.68,3.74,3.03,3.62,5.45
AC012673.1,lncRNA,0.75,0.0,0.38,0.51,6.65,2.53
AC012676.1,lncRNA,1.42,2.82,1.66,3.91,8.73,6.89
AC012676.3,lncRNA,0.0,0.1,0.0,2.0,0.12,0.77
AC012676.4,lncRNA,0.05,0.11,0.05,2.5,2.74,5.45
AC013248.1,lncRNA,0.14,0.0,0.0,0.0,0.25,1.28
AC013265.1,lncRNA,0.4,3.0,0.05,4.38,0.2,2.32
AC013267.1,lncRNA,2.67,1.2,3.34,7.0,2.2,1.47
AC013268.5,lncRNA,0.37,0.29,0.87,0.74,13.16,17.42
AC013269.1,lncRNA,0.68,1.7,1.04,2.26,1.05,2.54
AC013269.2,lncRNA,0.0,0.0,0.33,0.0,0.4,0.0
AC013270.1,lncRNA,0.27,0.06,0.42,0.09,0.82,0.79
AC013286.1,lncRNA,0.06,0.56,0.0,0.17,1.5,0.73
AC013287.1,lncRNA,10.74,21.34,160.88,3.4,13.35,14.12
AC013356.2,lncRNA,0.0,0.42,0.84,5.08,1.22,1.62
AC013356.3,lncRNA,0.08,0.0,0.0,0.12,1.19,0.12
AC013356.4,lncRNA,1.57,0.7,1.9,0.48,1.44,1.33
AC013391.1,lncRNA,0.0,1.16,0.0,0.0,0.17,1.17
AC013391.2,lncRNA,0.64,0.49,0.13,0.96,0.69,0.78
AC013391.3,lncRNA,0.11,0.33,0.32,0.06,0.44,2.12
AC013400.1,lncRNA,0.45,0.11,1.66,3.0,3.14,1.07
AC013401.1,lncRNA,0.0,0.05,0.35,0.71,0.1,1.25
AC013402.1,lncRNA,1.11,0.39,1.88,0.75,4.15,8.5
AC013402.2,lncRNA,0.0,0.14,0.07,0.0,0.21,0.23
AC013402.3,lncRNA,0.33,0.31,0.12,0.67,4.27,3.8
AC013403.2,lncRNA,0.0,0.0,0.14,0.0,0.35,0.67
AC013436.1,lncRNA,0.27,0.4,1.0,1.72,3.53,2.55
AC013437.1,lncRNA,0.74,2.08,1.25,1.26,5.88,10.74
AC013439.1,lncRNA,0.0,1.72,0.33,0.0,3.07,2.31
AC013442.1,lncRNA,0.25,0.3,1.17,6.47,5.8,7.79
AC013448.1,lncRNA,0.0,0.0,0.0,3.11,2.71,4.98
AC013448.2,lncRNA,0.0,0.0,0.2,0.0,0.0,0.57
AC013451.1,lncRNA,0.25,0.21,1.46,0.46,2.09,0.52
AC013451.2,lncRNA,0.0,0.09,0.17,1.0,1.48,6.15
AC013452.2,lncRNA,0.0,0.43,2.2,0.0,1.96,1.44
AC013457.1,lncRNA,0.0,0.73,0.31,0.0,2.92,1.62
AC013460.1,lncRNA,6.24,6.82,8.59,8.86,32.76,31.5
AC013468.1,lncRNA,0.0,0.11,0.0,0.0,0.21,1.37
AC013472.1,lncRNA,2.0,1.12,0.0,0.0,0.0,0.57
AC013472.2,lncRNA,0.32,0.38,0.0,0.0,4.06,4.23
AC013474.2,lncRNA,0.39,1.64,0.0,1.33,1.0,0.33
AC013480.1,lncRNA,0.14,0.07,0.0,0.33,0.77,0.56
AC013486.1,lncRNA,0.41,1.08,3.7,2.33,3.02,8.08
AC013509.1,lncRNA,0.07,0.0,0.33,0.0,0.14,0.0
AC013549.1,lncRNA,0.11,0.0,1.11,0.0,0.2,0.23
AC013549.3,lncRNA,0.17,0.0,0.0,0.0,0.0,0.33
AC013549.4,lncRNA,1.1,0.0,0.0,0.0,0.28,0.44
AC013553.3,lncRNA,0.67,1.0,0.0,4.17,3.84,9.36
AC013553.4,lncRNA,0.5,0.5,0.32,0.0,6.03,2.86
AC013562.1,lncRNA,0.05,7.3,1.37,2.2,6.1,5.96
AC013564.1,lncRNA,0.17,1.5,1.55,0.16,2.93,2.87
AC013565.2,lncRNA,0.62,0.84,1.45,1.29,5.06,6.75
AC013640.1,lncRNA,0.06,0.0,0.0,0.5,0.91,1.14
AC013643.2,lncRNA,0.25,1.87,2.52,3.47,4.72,4.81
AC013644.1,lncRNA,5.03,5.63,2.91,3.28,11.61,8.69
AC013652.1,lncRNA,5.45,10.72,1.19,2.05,9.32,8.81
AC013652.2,lncRNA,0.0,0.0,0.0,0.0,3.73,1.0
AC013701.2,lncRNA,0.0,0.0,0.7,0.11,1.44,0.77
AC013714.1,lncRNA,0.19,1.0,0.0,0.0,0.53,0.14
AC013716.1,lncRNA,0.0,0.06,0.0,0.09,0.12,0.0
AC013724.1,lncRNA,0.83,4.66,1.07,6.84,15.6,21.76
AC013726.1,lncRNA,0.91,1.24,4.52,1.57,30.56,34.08
AC013727.1,lncRNA,0.12,0.77,0.83,2.0,4.29,8.41
AC013727.2,lncRNA,0.0,0.1,0.0,0.0,1.49,0.84
AC013731.1,lncRNA,0.0,0.28,1.53,0.78,0.65,0.14
AC013733.1,lncRNA,1.5,0.0,0.0,0.0,1.29,0.0
AC013733.2,lncRNA,2.01,1.49,5.98,0.88,13.02,11.57
AC013762.1,lncRNA,0.51,0.0,0.18,0.0,1.32,1.06
AC013799.1,lncRNA,0.0,0.0,0.17,0.0,0.07,0.0
AC015468.1,lncRNA,0.25,0.2,0.33,0.0,0.52,0.25
AC015468.2,lncRNA,0.25,0.55,2.0,0.0,0.68,0.31
AC015468.3,lncRNA,0.0,0.25,0.0,3.0,0.46,0.1
AC015522.1,lncRNA,1.01,2.78,0.11,0.19,5.17,2.28
AC015540.1,lncRNA,0.0,0.0,0.0,0.0,0.33,0.0
AC015563.1,lncRNA,0.11,0.0,0.17,1.85,1.2,0.06
AC015563.2,lncRNA,0.05,0.33,0.0,0.35,2.32,1.65
AC015574.1,lncRNA,11.17,11.74,6.96,11.42,83.26,104.71
AC015631.1,lncRNA,0.92,2.95,3.08,3.85,12.02,14.7
AC015660.1,lncRNA,11.39,12.25,18.96,8.85,51.78,35.52
AC015660.2,lncRNA,0.0,0.0,0.0,0.0,0.0,0.33
AC015660.3,lncRNA,0.86,0.0,0.0,4.0,0.44,1.36
AC015660.5,lncRNA,0.22,0.42,1.99,1.28,5.01,5.79
AC015674.1,lncRNA,0.0,2.03,0.0,0.04,0.58,0.5
AC015687.1,lncRNA,0.74,0.14,0.56,5.23,2.53,5.39
AC015688.6,lncRNA,0.78,1.0,0.55,0.0,0.86,1.19
AC015712.1,lncRNA,0.95,1.63,0.92,0.6,9.64,5.03
AC015712.2,lncRNA,6.49,8.98,13.46,14.09,47.87,39.71
AC015712.4,lncRNA,0.0,0.0,0.0,0.0,1.87,1.31
AC015712.5,lncRNA,0.0,0.0,0.0,0.0,0.48,0.62
AC015712.6,lncRNA,7.02,5.73,14.28,9.72,28.81,31.72
AC015712.7,lncRNA,0.5,0.0,0.89,0.33,0.27,2.52
AC015722.1,lncRNA,0.0,0.0,0.12,1.0,0.26,0.17
AC015722.2,lncRNA,0.12,1.4,0.2,3.14,1.54,0.94
AC015726.1,lncRNA,0.0,0.0,0.0,0.0,2.57,1.0
AC015727.1,lncRNA,0.0,2.0,0.0,0.0,0.18,1.0
AC015795.1,lncRNA,2.05,2.95,4.06,2.97,3.88,2.71
AC015802.1,lncRNA,0.77,0.62,0.03,0.17,5.73,5.01
AC015802.3,lncRNA,0.0,1.06,0.09,0.0,0.17,1.5
AC015802.4,lncRNA,3.89,5.82,7.95,14.89,17.19,6.31
AC015802.5,lncRNA,0.12,0.1,2.7,2.8,9.58,18.12
AC015802.7,lncRNA,0.0,0.0,0.33,0.33,1.4,1.21
AC015813.1,lncRNA,9.8,17.4,6.2,12.43,192.84,13.5
AC015813.3,lncRNA,7.3,6.67,3.08,5.23,24.56,23.49
AC015813.4,lncRNA,0.0,0.0,0.0,0.0,0.0,0.26
AC015813.8,lncRNA,0.0,4.73,1.14,4.5,6.65,5.82
AC015818.2,lncRNA,0.64,0.2,1.0,0.0,0.22,0.41
AC015818.4,lncRNA,0.5,1.89,0.0,0.0,0.0,0.96
AC015818.7,lncRNA,1.2,0.09,0.4,0.39,1.81,1.84
AC015818.8,lncRNA,2.06,4.24,1.89,3.53,11.07,14.14
AC015818.9,lncRNA,1.28,0.84,1.34,1.15,4.83,1.73
AC015819.1,lncRNA,1.17,0.92,1.08,0.07,11.42,7.91
AC015819.2,lncRNA,0.33,0.09,0.0,0.09,10.71,8.47
AC015819.3,lncRNA,1.33,0.0,4.33,2.21,5.86,12.3
AC015819.5,lncRNA,0.62,0.0,0.0,1.0,4.27,1.76
AC015845.1,lncRNA,0.0,0.0,0.0,0.0,0.33,0.58
AC015845.2,lncRNA,2.37,0.0,1.38,0.2,3.08,3.0
AC015849.1,lncRNA,1.0,0.14,0.5,0.0,3.08,0.2
AC015849.2,lncRNA,0.0,0.14,0.0,0.14,4.0,2.07
AC015849.3,lncRNA,2.07,0.0,0.1,9.9,0.15,1.41
AC015849.4,lncRNA,0.0,0.83,0.0,1.25,0.05,0.5
AC015853.1,lncRNA,0.0,0.0,0.42,0.0,0.53,0.42
AC015853.2,lncRNA,0.0,0.0,0.0,1.2,0.81,0.37
AC015853.3,lncRNA,0.7,0.0,0.0,0.29,1.36,2.06
AC015871.3,lncRNA,5.09,2.63,1.07,4.39,1.96,2.66
AC015871.6,lncRNA,1.36,2.15,3.12,1.14,10.94,12.48
AC015878.1,lncRNA,0.38,0.19,0.17,0.08,4.32,2.53
AC015908.2,lncRNA,0.0,0.0,0.53,9.61,1.73,1.29
AC015908.3,lncRNA,2.25,0.14,0.75,0.14,6.06,7.01
AC015908.4,lncRNA,0.25,0.5,0.07,0.0,0.37,0.54
AC015908.6,lncRNA,0.7,0.0,0.64,2.06,3.48,5.79
AC015908.7,lncRNA,0.16,0.33,0.03,0.07,2.2,3.21
AC015909.1,lncRNA,0.33,1.14,4.1,3.72,10.72,17.83
AC015909.2,lncRNA,0.75,0.0,1.0,1.22,1.25,1.41
AC015909.3,lncRNA,0.44,2.71,0.78,5.17,5.86,4.84
AC015909.4,lncRNA,5.5,1.25,2.05,0.5,1.52,3.77
AC015911.2,lncRNA,0.5,0.0,0.0,0.0,0.46,1.43
AC015911.3,lncRNA,0.22,0.27,0.0,0.0,0.54,0.73
AC015911.5,lncRNA,0.0,0.0,0.0,0.02,0.39,0.58
AC015911.6,lncRNA,0.0,0.0,0.06,0.0,0.86,0.04
AC015911.8,lncRNA,0.37,0.0,0.0,0.0,0.0,3.64
AC015912.1,lncRNA,1.14,0.06,1.02,0.17,2.1,2.05
AC015912.3,lncRNA,0.17,3.0,0.75,3.03,6.55,1.83
AC015914.1,lncRNA,0.32,0.12,0.08,0.0,0.88,0.59
AC015917.2,lncRNA,0.0,0.67,0.0,0.5,3.95,3.42
AC015921.1,lncRNA,6.0,3.78,17.74,8.91,42.62,38.87
AC015922.2,lncRNA,1.0,0.0,0.11,0.0,12.47,10.64
AC015922.3,lncRNA,4.16,0.59,1.06,1.0,2.19,2.2
AC015923.1,lncRNA,0.0,0.0,0.17,1.0,0.64,0.62
AC015936.1,lncRNA,0.0,0.58,1.89,1.11,3.44,5.09
AC015936.2,lncRNA,0.5,0.0,0.2,0.0,0.0,0.14
AC015943.1,lncRNA,0.0,0.0,0.0,0.0,1.23,0.83
AC015961.1,lncRNA,0.66,0.0,0.17,0.2,2.15,3.93
AC015961.2,lncRNA,0.41,1.84,1.57,0.91,6.25,10.12
AC015967.1,lncRNA,0.0,0.0,0.0,0.0,1.37,1.24
AC015969.1,lncRNA,2.09,5.43,1.91,0.78,8.92,7.69
AC015971.1,lncRNA,3.08,3.74,2.06,2.35,14.64,15.46
AC015977.1,lncRNA,0.17,0.11,0.4,0.11,2.16,3.58
AC015983.2,lncRNA,2.45,0.5,0.33,2.25,2.11,3.56
AC015987.1,lncRNA,0.0,0.5,4.0,1.0,2.74,2.83
AC016026.1,lncRNA,3.21,4.88,2.88,2.35,20.15,21.7
AC016026.2,lncRNA,1.27,1.01,1.32,0.0,9.15,19.57
AC016027.1,lncRNA,5.88,1.89,4.55,4.2,16.72,10.07
AC016027.2,lncRNA,6.42,6.34,4.01,1.69,30.47,17.73
AC016027.3,lncRNA,0.0,0.0,0.0,4.12,0.9,0.74
AC016042.1,lncRNA,1.33,3.82,3.3,7.09,16.6,19.61
AC016044.1,lncRNA,4.0,4.79,7.13,8.28,28.68,23.74
AC016065.1,lncRNA,4.05,15.75,17.34,14.96,36.69,23.36
AC016074.1,lncRNA,0.0,0.0,0.0,0.0,0.5,0.78
AC016074.2,lncRNA,2.42,8.65,8.45,6.67,17.05,23.75
AC016134.1,lncRNA,4.37,3.43,1.42,1.93,11.78,12.86
AC016152.1,lncRNA,0.0,0.06,0.0,0.2,0.35,0.12
AC016168.1,lncRNA,9.21,14.54,11.5,17.08,45.0,39.68
AC016168.2,lncRNA,0.1,0.96,1.39,0.78,9.15,9.69
AC016168.4,lncRNA,4.15,1.43,0.14,5.5,2.21,5.55
AC016229.1,lncRNA,0.0,1.0,0.0,0.25,0.07,1.0
AC016229.2,lncRNA,0.12,0.53,0.0,0.0,0.89,0.98
AC016240.1,lncRNA,1.83,1.37,5.21,9.39,9.09,19.51
AC016245.1,lncRNA,5.78,7.32,6.23,10.83,17.62,16.14
AC016245.2,lncRNA,5.96,14.33,11.38,5.94,34.64,27.19
AC016252.1,lncRNA,0.0,0.0,0.11,0.0,0.33,0.0
AC016266.1,lncRNA,0.76,0.0,0.0,0.0,2.29,3.24
AC016292.1,lncRNA,0.0,0.2,0.12,0.0,0.76,0.0
AC016355.1,lncRNA,11.37,10.91,47.2,29.87,17.18,12.34
AC016382.1,lncRNA,0.0,0.0,0.0,0.29,0.36,0.48
AC016383.1,lncRNA,0.0,0.44,0.17,0.05,1.87,4.29
AC016383.2,lncRNA,2.22,0.43,0.63,2.0,4.83,4.13
AC016383.3,lncRNA,0.0,0.0,0.14,0.67,0.55,1.2
AC016394.1,lncRNA,0.0,0.0,0.06,0.0,0.17,0.54
AC016394.2,lncRNA,0.0,2.18,0.31,0.58,1.03,3.28
AC016396.1,lncRNA,7.0,0.05,0.0,0.0,0.11,0.16
AC016396.2,lncRNA,1.53,0.76,1.93,2.09,5.08,2.76
AC016405.1,lncRNA,0.0,1.25,1.0,0.5,2.5,1.17
AC016405.2,lncRNA,0.0,0.0,2.5,1.07,2.34,1.39
AC016405.3,lncRNA,3.82,1.48,2.95,5.0,8.76,9.6
AC016493.1,lncRNA,0.32,4.04,0.22,0.66,0.4,0.27
AC016526.1,lncRNA,1.33,0.33,0.0,0.0,3.19,0.7
AC016526.2,lncRNA,0.0,0.17,0.0,0.0,0.07,1.11
AC016526.4,lncRNA,0.13,0.18,0.12,0.0,2.83,1.49
AC016542.1,lncRNA,0.11,0.0,0.0,0.0,1.0,0.0
AC016549.1,lncRNA,1.0,2.1,2.78,2.25,7.05,5.46
AC016550.1,lncRNA,0.5,0.0,0.0,0.0,0.0,1.08
AC016550.2,lncRNA,0.0,0.34,0.0,0.0,0.55,0.1
AC016550.3,lncRNA,0.0,0.0,0.0,0.54,0.09,0.29
AC016553.1,lncRNA,0.0,0.08,0.2,0.5,3.07,3.6
AC016556.1,lncRNA,0.1,0.43,0.14,0.0,0.0,3.18
AC016571.1,lncRNA,1.88,0.0,0.83,3.62,1.21,9.18
AC016573.1,lncRNA,0.55,0.43,3.03,6.67,8.11,9.55
AC016575.1,lncRNA,2.04,2.27,8.1,1.81,10.92,9.34
AC016575.2,lncRNA,0.0,0.0,0.2,0.07,0.23,0.75
AC016576.1,lncRNA,2.12,0.42,4.1,0.03,5.06,9.44
AC016583.2,lncRNA,2.5,0.76,2.9,0.39,6.59,9.45
AC016586.1,lncRNA,0.0,0.0,2.58,2.04,1.18,3.17
AC016587.1,lncRNA,12.62,7.37,35.21,7.21,69.0,60.45
AC016588.1,lncRNA,0.98,0.59,1.96,1.5,4.95,7.58
AC016588.2,lncRNA,0.0,0.27,0.11,1.37,1.5,0.72
AC016590.1,lncRNA,3.99,1.42,4.05,2.24,21.72,18.8
AC016590.2,lncRNA,0.0,0.0,0.35,0.0,3.88,0.58
AC016590.3,lncRNA,0.0,0.0,1.0,0.05,1.33,1.87
AC016590.4,lncRNA,2.09,3.16,4.63,2.05,13.94,13.8
AC016595.1,lncRNA,0.26,0.34,0.19,1.31,2.34,2.11
AC016597.1,lncRNA,2.04,7.48,6.23,9.62,14.53,12.13
AC016597.2,lncRNA,0.0,0.0,0.0,1.0,0.07,0.1
AC016598.1,lncRNA,0.0,0.0,0.0,2.12,0.2,1.0
AC016598.2,lncRNA,0.17,2.58,0.25,3.5,7.66,7.84
AC016629.2,lncRNA,0.07,0.28,0.09,1.36,2.35,2.14
AC016629.3,lncRNA,0.85,0.59,1.79,3.25,3.29,2.67
AC016642.1,lncRNA,0.09,3.25,0.0,0.1,0.97,4.1
AC016644.1,lncRNA,0.0,0.0,0.0,0.0,0.54,3.14
AC016682.1,lncRNA,0.76,6.11,0.0,0.67,1.91,6.88
AC016683.1,lncRNA,1.0,0.65,1.05,0.53,7.12,9.84
AC016687.2,lncRNA,1.79,6.09,3.08,5.48,7.38,5.63
AC016687.3,lncRNA,16.11,8.45,37.16,15.84,312.28,263.01
AC016700.1,lncRNA,0.0,0.0,0.5,0.0,1.17,0.67
AC016705.1,lncRNA,0.4,0.93,0.32,1.67,4.17,7.8
AC016705.2,lncRNA,2.69,8.28,4.58,13.33,30.57,29.05
AC016705.3,lncRNA,2.67,2.71,1.48,0.92,5.69,6.69
AC016710.1,lncRNA,0.0,0.07,1.0,1.0,0.59,0.74
AC016716.1,lncRNA,0.05,0.0,0.0,0.1,0.0,0.0
AC016717.2,lncRNA,0.8,2.33,2.51,0.33,5.73,9.83
AC016721.1,lncRNA,0.0,0.0,0.0,0.0,1.39,0.13
AC016722.1,lncRNA,0.43,1.1,1.63,1.59,4.65,6.61
AC016722.2,lncRNA,2.67,1.24,0.3,0.38,3.49,2.42
AC016727.1,lncRNA,1.14,8.29,3.03,0.74,18.74,20.47
AC016727.3,lncRNA,0.0,1.02,0.27,1.38,0.0,1.16
AC016730.1,lncRNA,0.0,0.68,0.7,0.0,3.31,0.53
AC016735.1,lncRNA,0.0,0.0,0.0,0.0,0.1,0.0
AC016737.1,lncRNA,0.0,0.0,0.71,0.0,4.43,2.48
AC016737.2,lncRNA,2.33,1.55,2.37,1.97,3.98,1.53
AC016738.1,lncRNA,0.31,0.58,6.28,1.25,22.09,16.63
AC016743.1,lncRNA,0.89,2.17,2.36,4.59,0.58,2.96
AC016745.1,lncRNA,0.0,0.0,0.08,0.4,1.72,0.76
AC016745.2,lncRNA,0.26,2.26,0.33,1.57,2.1,3.13
AC016746.1,lncRNA,0.07,1.06,0.0,0.12,2.34,2.09
AC016747.1,lncRNA,2.86,11.54,8.59,9.51,4.81,12.21
AC016747.2,lncRNA,1.56,1.47,0.47,1.83,1.55,4.98
AC016747.3,lncRNA,0.0,0.0,0.0,0.05,1.54,0.56
AC016747.4,lncRNA,4.5,3.62,0.3,2.11,1.53,1.03
AC016751.1,lncRNA,0.0,0.12,0.0,0.0,2.42,0.48
AC016751.2,lncRNA,0.0,0.0,0.0,0.0,0.07,0.33
AC016766.1,lncRNA,1.67,0.0,0.11,0.2,0.62,2.07
AC016769.5,lncRNA,0.07,0.33,0.0,3.0,0.82,0.9
AC016769.6,lncRNA,0.67,1.68,6.01,1.45,1.85,1.1
AC016813.1,lncRNA,0.67,1.14,0.14,1.15,7.96,3.52
AC016816.1,lncRNA,0.0,0.0,1.0,0.0,0.33,0.32
AC016820.1,lncRNA,1.08,0.25,0.0,0.67,0.44,0.14
AC016821.1,lncRNA,0.48,1.16,0.0,3.72,3.81,4.73
AC016822.1,lncRNA,3.0,1.0,0.37,4.33,5.17,2.82
AC016825.1,lncRNA,0.11,0.17,1.58,0.1,4.97,1.8
AC016831.1,lncRNA,11.21,10.22,20.61,18.03,65.86,136.12
AC016831.4,lncRNA,1.58,1.58,2.93,2.0,15.28,24.63
AC016831.5,lncRNA,1.23,2.67,0.82,6.42,13.11,14.2
AC016831.6,lncRNA,10.31,15.74,8.37,18.35,38.38,45.3
AC016866.1,lncRNA,0.0,0.17,0.0,0.0,3.31,3.15
AC016866.2,lncRNA,0.0,0.0,0.33,0.0,0.83,0.21
AC016868.1,lncRNA,0.0,0.45,0.0,0.0,0.25,0.33
AC016876.1,lncRNA,6.2,17.85,9.19,8.17,25.66,26.09
AC016876.2,lncRNA,2.27,17.51,1.73,6.4,15.51,11.98
AC016876.3,lncRNA,0.17,0.96,0.78,1.0,2.34,0.53
AC016877.1,lncRNA,3.0,5.38,0.0,1.2,0.09,0.83
AC016877.3,lncRNA,1.92,1.68,2.79,1.14,12.44,7.94
AC016885.1,lncRNA,0.12,0.21,0.0,0.0,0.0,0.0
AC016885.2,lncRNA,1.0,0.76,0.33,0.2,0.85,1.25
AC016888.1,lncRNA,6.56,21.71,22.86,11.31,97.97,181.51
AC016902.1,lncRNA,1.0,0.12,0.64,0.0,1.02,0.39
AC016903.1,lncRNA,0.0,2.0,1.74,0.0,3.53,9.07
AC016903.2,lncRNA,3.08,2.0,2.5,2.22,36.06,32.2
AC016907.2,lncRNA,3.33,4.01,1.37,1.36,6.43,6.31
AC016910.1,lncRNA,0.93,2.67,3.62,4.0,10.59,5.63
AC016912.1,lncRNA,0.5,3.0,0.06,2.06,6.51,4.8
AC016912.2,lncRNA,0.38,1.07,0.07,1.08,6.08,3.6
AC016924.1,lncRNA,2.34,2.15,3.62,3.61,15.48,19.15
AC016925.2,lncRNA,0.53,0.48,2.07,2.23,6.66,3.89
AC016931.1,lncRNA,0.5,0.0,3.67,6.0,5.09,3.36
AC016933.1,lncRNA,0.0,0.25,0.0,0.17,4.38,6.48
AC016949.1,lncRNA,0.11,7.0,0.12,1.2,1.26,0.39
AC016957.2,lncRNA,0.0,2.0,0.0,0.0,1.79,1.23
AC016968.1,lncRNA,0.0,0.39,0.33,4.11,0.57,2.83
AC016987.1,lncRNA,0.0,0.0,0.07,1.0,2.33,0.25
AC016987.2,lncRNA,0.0,0.0,0.5,0.0,0.06,0.0
AC016993.1,lncRNA,0.04,1.3,0.12,0.0,1.13,0.17
AC016994.1,lncRNA,0.0,0.15,0.2,1.2,2.47,0.15
AC016995.1,lncRNA,2.23,6.31,0.19,4.25,2.28,1.77
AC016999.1,lncRNA,0.11,0.1,1.34,2.7,4.79,4.49
AC017000.1,lncRNA,0.8,1.57,2.26,11.05,5.34,5.23
AC017002.1,lncRNA,0.07,0.08,0.0,1.33,2.16,1.15
AC017002.2,lncRNA,0.17,0.2,0.0,0.0,1.89,0.63
AC017002.3,lncRNA,1.67,0.56,0.07,1.65,3.05,0.88
AC017006.1,lncRNA,0.0,0.0,0.0,0.0,0.58,1.0
AC017006.2,lncRNA,3.5,0.0,0.12,5.12,2.48,3.11
AC017007.4,lncRNA,0.15,0.81,3.66,1.27,0.86,2.83
AC017015.2,lncRNA,0.0,0.0,0.0,0.2,0.0,0.45
AC017028.1,lncRNA,1.85,4.49,1.35,2.66,16.72,14.76
AC017028.2,lncRNA,2.18,1.97,3.86,2.03,13.19,9.77
AC017033.1,lncRNA,0.0,1.57,2.0,0.14,1.25,0.66
AC017037.5,lncRNA,0.0,0.0,0.0,2.0,0.42,1.45
AC017048.1,lncRNA,0.11,1.0,0.0,0.0,3.12,1.62
AC017048.2,lncRNA,0.2,0.0,0.0,0.33,1.1,2.0
AC017048.3,lncRNA,0.0,0.0,0.0,0.0,0.07,0.4
AC017050.1,lncRNA,0.0,0.16,0.44,0.72,5.0,7.56
AC017053.1,lncRNA,0.0,0.31,0.81,1.33,4.78,2.54
AC017067.1,lncRNA,0.0,0.38,0.0,0.0,0.31,0.0
AC017071.1,lncRNA,0.2,0.48,0.0,0.17,1.5,1.87
AC017074.1,lncRNA,0.06,0.0,0.0,0.0,7.81,4.83
AC017074.2,lncRNA,0.1,0.0,0.29,2.83,3.32,1.22
AC017076.1,lncRNA,0.0,0.0,0.0,0.0,0.67,0.0
AC017083.1,lncRNA,0.28,0.0,0.14,1.66,3.1,4.28
AC017083.2,lncRNA,0.0,0.0,0.0,0.0,0.75,0.0
AC017091.1,lncRNA,0.0,0.0,0.0,4.08,11.99,5.5
AC017099.2,lncRNA,0.33,1.67,1.64,1.0,3.31,1.1
AC017100.1,lncRNA,0.0,2.5,1.83,3.69,4.93,3.76
AC017101.1,lncRNA,1.17,0.1,1.0,0.0,2.31,1.4
AC017104.1,lncRNA,0.62,0.73,3.49,6.62,6.89,6.49
AC017104.2,lncRNA,0.25,3.67,2.0,0.06,0.39,5.34
AC017104.5,lncRNA,3.83,0.69,2.05,1.29,6.11,7.6
AC017116.1,lncRNA,1.51,0.44,1.62,1.04,5.61,6.06
AC017116.2,lncRNA,2.04,6.0,0.6,3.17,1.76,5.45
AC018358.1,lncRNA,3.52,2.22,2.8,1.74,21.85,12.99
AC018359.1,lncRNA,0.0,0.0,0.0,0.0,0.0,0.1
AC018362.1,lncRNA,6.29,4.84,1.07,5.75,4.65,5.96
AC018362.2,lncRNA,0.05,0.5,0.0,0.0,0.0,0.67
AC018371.1,lncRNA,0.2,0.12,0.14,0.2,0.73,1.9
AC018398.1,lncRNA,2.57,1.67,3.08,3.17,4.23,8.31
AC018410.1,lncRNA,0.0,0.0,0.0,0.0,0.28,0.0
AC018413.1,lncRNA,4.25,7.04,11.29,16.79,22.51,25.68
AC018437.1,lncRNA,0.17,0.0,0.0,0.0,0.4,0.68
AC018437.2,lncRNA,0.5,1.0,0.1,0.0,0.75,3.09
AC018442.2,lncRNA,0.0,0.0,0.0,0.0,3.78,1.59
AC018445.1,lncRNA,0.2,0.58,6.82,1.58,3.79,6.27
AC018445.5,lncRNA,2.23,0.62,5.68,95.07,28.4,42.17
AC018445.6,lncRNA,0.34,5.0,2.51,0.0,4.1,3.44
AC018450.1,lncRNA,0.2,2.64,0.14,1.0,0.88,0.72
AC018450.2,lncRNA,0.0,0.0,0.22,0.0,2.33,0.0
AC018462.1,lncRNA,0.92,0.07,0.27,3.02,0.28,0.09
AC018467.1,lncRNA,0.28,0.49,1.64,0.0,8.79,5.0
AC018495.1,lncRNA,0.0,0.0,0.25,1.0,0.55,1.03
AC018511.1,lncRNA,0.0,0.0,0.0,0.3,0.07,0.0
AC018511.2,lncRNA,0.0,0.0,0.0,0.0,0.0,0.03
AC018511.5,lncRNA,0.0,0.0,1.34,2.08,2.91,1.85
AC018521.1,lncRNA,0.68,2.05,1.1,0.44,8.53,6.06
AC018521.2,lncRNA,0.0,1.0,0.0,0.07,5.68,2.75
AC018521.3,lncRNA,0.5,0.1,0.64,1.63,4.78,2.82
AC018521.4,lncRNA,0.5,0.59,0.0,0.0,0.5,0.24
AC018521.5,lncRNA,2.33,10.94,6.11,10.65,25.74,22.02
AC018521.6,lncRNA,0.65,0.43,0.17,0.0,1.35,2.28
AC018521.7,lncRNA,3.24,2.15,0.87,3.4,8.22,1.63
AC018529.1,lncRNA,0.0,0.0,0.14,0.0,2.85,3.53
AC018529.2,lncRNA,5.06,10.27,9.46,17.74,20.89,18.19
AC018541.1,lncRNA,0.0,0.0,2.0,0.33,4.24,3.35
AC018545.1,lncRNA,0.0,3.82,1.41,0.39,2.45,3.43
AC018552.2,lncRNA,1.31,0.3,0.51,0.3,2.88,2.17
AC018552.3,lncRNA,0.0,1.45,1.69,10.0,11.26,7.84
AC018553.1,lncRNA,0.8,0.61,4.46,1.18,27.54,22.28
AC018553.2,lncRNA,4.85,2.61,6.88,2.67,7.95,8.59
AC018553.3,lncRNA,1.05,0.33,1.62,0.58,3.82,4.05
AC018557.1,lncRNA,0.4,0.57,0.0,0.67,2.83,3.08
AC018557.2,lncRNA,0.06,1.39,0.37,1.15,1.84,4.24
AC018557.3,lncRNA,0.0,0.12,0.0,0.0,0.43,0.19
AC018558.1,lncRNA,2.0,2.18,1.38,0.34,8.25,5.08
AC018558.2,lncRNA,0.1,0.0,0.0,0.0,0.44,1.3
AC018558.3,lncRNA,0.0,0.0,0.0,0.33,0.0,0.05
AC018558.6,lncRNA,0.16,2.25,4.35,5.74,13.91,18.0
AC018558.7,lncRNA,0.31,0.0,1.83,0.11,4.67,1.24
AC018563.1,lncRNA,0.79,8.86,0.98,1.89,3.07,5.19
AC018607.1,lncRNA,3.0,0.22,0.0,0.0,0.0,0.6
AC018616.1,lncRNA,1.47,0.35,0.11,0.54,0.0,0.04
AC018618.1,lncRNA,1.34,0.0,0.99,1.42,2.99,2.79
AC018628.2,lncRNA,0.0,0.96,0.15,3.5,1.6,3.42
AC018635.2,lncRNA,0.63,0.35,1.75,0.13,3.37,1.75
AC018637.1,lncRNA,0.0,0.55,0.16,0.06,3.52,0.81
AC018638.6,lncRNA,0.14,0.47,0.25,0.0,1.05,2.31
AC018638.7,lncRNA,1.46,0.52,1.11,0.0,1.31,4.81
AC018643.1,lncRNA,1.25,0.0,0.0,0.0,0.37,0.22
AC018645.3,lncRNA,0.0,0.0,0.0,0.61,0.02,0.91
AC018647.1,lncRNA,4.46,1.77,2.82,6.39,15.87,15.29
AC018647.2,lncRNA,2.08,3.66,7.2,3.51,15.47,12.8
AC018647.3,lncRNA,0.0,0.5,0.12,1.11,0.73,0.72
AC018648.1,lncRNA,0.0,0.0,0.0,0.0,0.98,0.24
AC018653.1,lncRNA,0.0,0.17,2.64,0.0,1.38,0.31
AC018653.3,lncRNA,0.0,1.0,2.01,0.76,11.07,7.41
AC018653.4,lncRNA,1.0,3.0,0.7,0.5,3.2,0.21
AC018678.1,lncRNA,1.39,0.33,2.12,1.66,0.97,1.87
AC018680.1,lncRNA,1.25,0.84,2.65,2.87,7.88,10.97
AC018685.1,lncRNA,0.0,0.0,0.14,4.0,0.67,0.61
AC018685.2,lncRNA,0.33,7.67,8.02,5.56,9.56,17.21
AC018685.3,lncRNA,2.63,1.48,3.82,0.84,8.22,8.61
AC018690.1,lncRNA,1.12,0.0,2.0,0.0,9.2,2.17
AC018692.1,lncRNA,0.2,4.0,1.17,1.83,1.08,0.73
AC018693.1,lncRNA,0.0,2.17,1.0,8.12,20.06,20.48
AC018695.2,lncRNA,0.23,2.08,0.33,0.63,0.16,0.0
AC018695.3,lncRNA,0.0,0.0,0.12,1.08,0.67,2.47
AC018695.4,lncRNA,0.1,0.5,0.25,0.57,1.71,4.24
AC018695.6,lncRNA,1.0,0.2,0.0,0.75,3.12,3.63
AC018695.8,lncRNA,0.11,0.58,0.12,1.62,6.74,11.51
AC018695.9,lncRNA,0.42,0.37,2.49,2.4,12.28,9.88
AC018697.1,lncRNA,4.15,6.54,11.79,7.83,37.05,46.55
AC018706.1,lncRNA,0.33,1.67,2.04,1.89,8.94,2.89
AC018714.2,lncRNA,0.0,0.17,1.83,0.0,1.71,1.69
AC018716.1,lncRNA,0.0,0.0,0.0,0.0,0.44,0.29
AC018716.2,lncRNA,0.0,0.67,1.79,4.42,9.84,3.54
AC018730.1,lncRNA,2.08,7.44,2.47,4.22,6.92,8.84
AC018731.1,lncRNA,0.25,4.12,0.83,1.36,2.74,3.1
AC018742.1,lncRNA,0.12,0.0,0.92,1.2,0.95,1.33
AC018752.1,lncRNA,0.5,0.0,0.0,0.0,0.18,0.0
AC018754.1,lncRNA,0.65,2.31,0.92,5.55,11.87,11.9
AC018755.1,lncRNA,0.28,0.5,0.42,0.0,4.72,3.44
AC018755.4,lncRNA,2.0,0.27,0.35,0.0,0.17,0.0
AC018755.5,lncRNA,0.28,0.29,0.25,0.0,0.5,0.25
AC018761.2,lncRNA,0.0,0.0,0.13,0.0,1.29,1.08
AC018761.3,lncRNA,0.0,0.07,0.0,3.0,1.48,0.33
AC018761.4,lncRNA,0.0,0.5,0.18,0.0,0.84,1.06
AC018766.1,lncRNA,0.24,0.27,0.0,0.21,2.23,1.9
AC018767.1,lncRNA,0.0,0.25,0.0,2.83,1.63,1.79
AC018767.2,lncRNA,0.49,0.0,1.86,0.25,2.83,3.23
AC018767.3,lncRNA,0.0,0.07,0.12,0.0,0.0,0.2
AC018797.3,lncRNA,0.3,0.58,0.0,0.63,1.34,1.23
AC018802.1,lncRNA,1.42,0.37,0.52,0.09,3.02,3.02
AC018802.2,lncRNA,0.0,0.09,0.0,0.0,1.7,0.71
AC018809.1,lncRNA,0.0,0.0,0.0,2.0,0.53,0.38
AC018809.2,lncRNA,0.65,3.2,2.69,6.24,11.58,6.65
AC018814.1,lncRNA,0.08,0.0,0.0,0.0,2.84,0.75
AC018816.1,lncRNA,0.27,0.42,1.12,1.0,7.68,4.45
AC018832.1,lncRNA,0.09,1.0,0.4,0.11,9.89,4.0
AC018845.1,lncRNA,0.0,0.11,0.17,0.0,0.06,0.05
AC018845.3,lncRNA,0.25,0.5,0.39,0.98,2.53,1.69
AC018861.2,lncRNA,0.0,0.0,0.14,0.0,0.11,1.47
AC018865.2,lncRNA,1.75,1.26,0.3,1.13,4.32,2.8
AC018866.1,lncRNA,0.17,1.0,0.0,0.61,2.49,4.44
AC018878.1,lncRNA,0.0,6.0,0.0,0.0,0.0,0.09
AC018904.1,lncRNA,0.33,0.5,0.0,0.5,0.62,0.0
AC018904.2,lncRNA,0.93,0.56,5.42,2.39,3.77,5.5
AC018926.1,lncRNA,0.0,0.09,0.0,0.0,0.37,1.57
AC018926.2,lncRNA,0.84,0.0,0.0,0.0,1.44,0.2
AC018926.3,lncRNA,0.0,0.0,0.0,0.0,0.0,0.95
AC018931.1,lncRNA,0.17,0.0,0.0,0.29,3.87,8.41
AC018943.1,lncRNA,4.17,1.18,9.52,9.6,48.16,55.42
AC018946.1,lncRNA,0.0,0.0,0.08,0.05,1.1,0.22
AC018953.1,lncRNA,0.0,0.0,0.0,1.0,0.41,0.49
AC018953.2,lncRNA,0.5,0.0,1.11,0.28,1.04,0.42
AC018978.1,lncRNA,1.75,5.48,1.82,5.0,11.12,4.83
AC019055.1,lncRNA,0.0,0.0,2.0,0.0,0.0,0.0
AC019064.1,lncRNA,0.0,1.0,0.0,0.0,0.72,0.0
AC019068.1,lncRNA,0.41,2.41,1.7,0.66,5.35,3.3
AC019077.1,lncRNA,0.25,2.63,0.25,1.47,1.7,0.97
AC019080.1,lncRNA,2.16,6.82,6.83,5.46,12.11,11.39
AC019080.3,lncRNA,0.0,0.0,0.0,0.18,0.5,2.24
AC019080.4,lncRNA,0.25,0.0,0.0,0.0,1.48,0.24
AC019080.5,lncRNA,0.0,0.0,0.17,0.09,3.76,1.07
AC019103.1,lncRNA,0.0,0.0,0.0,0.17,3.67,1.7
AC019118.1,lncRNA,1.0,0.33,1.67,5.26,2.45,2.37
AC019118.2,lncRNA,1.0,3.33,1.04,3.93,6.09,3.98
AC019127.1,lncRNA,1.25,0.51,0.16,1.97,2.05,4.31
AC019130.1,lncRNA,0.31,1.0,0.96,0.67,1.24,0.57
AC019131.1,lncRNA,0.0,0.57,0.66,0.0,0.29,0.85
AC019131.2,lncRNA,0.0,0.0,0.0,0.0,0.73,0.49
AC019131.3,lncRNA,0.0,0.0,0.2,0.09,2.05,1.58
AC019133.1,lncRNA,0.0,0.0,0.33,0.0,0.14,0.45
AC019155.2,lncRNA,0.25,0.45,0.7,0.0,4.46,1.45
AC019159.2,lncRNA,0.0,0.27,0.0,0.75,0.43,0.25
AC019171.1,lncRNA,1.34,1.69,1.17,1.55,10.56,8.21
AC019183.1,lncRNA,0.0,0.0,0.0,0.0,0.92,0.0
AC019185.1,lncRNA,0.06,0.07,0.11,1.34,0.52,1.66
AC019186.1,lncRNA,0.0,0.0,1.2,2.0,0.5,0.17
AC019193.2,lncRNA,0.1,0.0,0.0,0.0,2.92,0.36
AC019193.3,lncRNA,0.0,0.0,0.33,10.0,0.0,1.75
AC019193.4,lncRNA,0.38,0.52,3.87,2.11,4.18,1.33
AC019197.1,lncRNA,6.53,26.03,6.61,7.69,31.67,23.22
AC019205.1,lncRNA,3.57,5.39,5.39,13.39,34.86,29.32
AC019209.1,lncRNA,0.05,0.0,0.49,0.07,2.26,0.39
AC019209.2,lncRNA,0.0,0.0,0.0,0.0,0.0,1.0
AC019209.3,lncRNA,0.0,0.75,0.38,1.64,1.05,1.66
AC019211.1,lncRNA,0.0,0.0,0.25,0.1,0.06,0.05
AC019254.1,lncRNA,0.42,0.0,1.5,1.31,2.55,1.75
AC019254.2,lncRNA,1.0,0.36,0.0,0.14,1.04,1.01
AC019257.1,lncRNA,2.95,3.14,5.76,4.83,31.14,21.71
AC019257.2,lncRNA,2.67,4.05,8.3,0.2,10.1,6.91
AC019257.7,lncRNA,0.93,2.73,0.57,4.04,8.04,5.27
AC019270.1,lncRNA,0.36,2.0,1.0,5.5,5.74,10.36
AC019294.2,lncRNA,5.26,9.5,8.1,14.23,7.81,6.77
AC019294.3,lncRNA,0.56,1.54,1.2,4.84,3.74,1.65
AC019330.1,lncRNA,10.17,2.73,3.2,1.37,54.85,10.48
AC019349.1,lncRNA,0.0,0.5,0.07,0.0,9.94,4.15
AC020550.2,lncRNA,0.06,2.09,0.51,0.06,0.97,4.86
AC020551.1,lncRNA,0.0,0.0,0.23,0.2,2.25,3.52
AC020558.1,lncRNA,0.17,0.28,0.82,4.11,5.51,5.17
AC020558.2,lncRNA,3.66,2.3,2.57,0.18,9.29,2.64
AC020558.6,lncRNA,0.21,0.4,0.0,1.22,8.56,4.6
AC020584.1,lncRNA,1.0,0.31,0.0,0.5,2.78,2.07
AC020595.1,lncRNA,0.5,0.0,0.83,0.11,2.6,3.03
AC020611.2,lncRNA,0.0,0.0,0.0,0.0,0.0,0.21
AC020612.2,lncRNA,0.0,0.0,0.14,0.11,7.94,1.56
AC020612.3,lncRNA,0.26,3.66,8.21,5.98,24.55,21.49
AC020634.2,lncRNA,0.0,0.0,0.0,0.0,1.6,2.28
AC020636.1,lncRNA,0.0,0.0,0.0,0.0,0.17,0.31
AC020637.1,lncRNA,1.0,0.79,1.93,2.75,2.75,1.19
AC020651.2,lncRNA,0.14,0.0,0.5,0.08,0.54,2.8
AC020655.1,lncRNA,0.5,4.79,2.5,0.14,1.14,0.96
AC020656.1,lncRNA,59.3,1209.15,10.5,9.21,4.88,9.52
AC020656.2,lncRNA,3.46,3.56,1.0,5.55,5.35,7.2
AC020658.2,lncRNA,1.17,8.48,6.22,2.36,40.6,30.74
AC020658.3,lncRNA,6.74,3.07,7.39,38.95,15.97,12.59
AC020658.4,lncRNA,0.0,0.07,0.0,0.0,0.5,0.24
AC020658.5,lncRNA,0.1,0.0,0.0,0.0,0.56,2.16
AC020659.1,lncRNA,3.28,10.5,2.59,8.69,18.34,15.42
AC020659.2,lncRNA,0.68,1.69,0.43,0.65,9.0,6.05
AC020661.1,lncRNA,0.0,0.09,2.08,2.08,7.55,5.87
AC020661.2,lncRNA,0.0,0.14,0.92,1.0,5.2,8.23
AC020661.3,lncRNA,0.0,4.0,1.0,0.12,4.12,2.84
AC020661.4,lncRNA,1.0,0.06,1.0,0.5,1.2,3.31
AC020663.1,lncRNA,0.06,0.0,2.12,2.32,3.85,3.85
AC020663.2,lncRNA,0.41,0.53,1.72,0.14,0.58,0.55
AC020663.3,lncRNA,12.64,3.91,1.73,2.72,34.2,5.81
AC020663.4,lncRNA,1.54,0.52,2.08,1.99,15.04,9.69
AC020687.1,lncRNA,0.97,3.29,11.78,15.7,8.66,15.65
AC020703.1,lncRNA,0.0,0.39,0.11,0.0,2.92,0.49
AC020704.1,lncRNA,0.0,0.0,0.0,0.2,0.88,4.55
AC020718.1,lncRNA,0.5,1.5,2.55,1.25,4.12,1.0
AC020719.1,lncRNA,0.33,0.56,0.12,1.0,0.0,0.33
AC020741.1,lncRNA,0.14,0.64,2.86,7.99,8.13,5.22
AC020743.1,lncRNA,0.0,0.0,0.0,0.0,1.45,2.92
AC020743.2,lncRNA,0.34,0.26,0.42,0.0,0.58,1.83
AC020743.3,lncRNA,0.08,1.92,0.45,0.55,1.33,1.38
AC020763.1,lncRNA,0.0,0.0,0.0,0.0,1.53,2.18
AC020765.2,lncRNA,1.73,0.36,1.2,0.46,4.6,3.91
AC020779.2,lncRNA,0.74,0.29,0.22,3.42,10.58,17.38
AC020891.1,lncRNA,1.7,1.33,9.25,1.0,38.89,44.79
AC020891.2,lncRNA,3.0,0.08,0.92,2.18,8.94,20.54
AC020891.3,lncRNA,0.33,0.0,0.0,0.0,0.5,0.89
AC020892.1,lncRNA,1.09,1.67,5.53,7.25,33.71,23.78
AC020892.2,lncRNA,0.14,0.0,0.0,0.0,0.7,0.34
AC020897.1,lncRNA,0.0,1.0,0.0,1.17,0.12,1.07
AC020900.1,lncRNA,0.17,0.06,0.08,0.0,0.9,0.17
AC020905.1,lncRNA,1.0,2.25,2.2,1.0,1.34,0.0
AC020907.1,lncRNA,1.75,2.7,5.36,3.54,48.95,25.22
AC020907.2,lncRNA,1.6,0.76,2.57,2.34,5.64,4.28
AC020907.3,lncRNA,1.0,2.14,0.1,2.03,2.52,1.11
AC020907.4,lncRNA,0.0,0.33,0.0,0.0,0.09,0.19
AC020908.1,lncRNA,0.0,1.0,0.12,0.0,0.08,0.11
AC020908.2,lncRNA,0.0,0.17,0.0,3.1,0.53,3.03
AC020908.3,lncRNA,0.0,1.06,1.0,8.78,1.69,0.62
AC020909.2,lncRNA,0.36,0.06,0.24,0.03,1.59,0.75
AC020909.3,lncRNA,0.5,2.57,0.0,0.0,0.7,0.26
AC020910.2,lncRNA,0.0,0.0,0.0,0.0,0.33,0.0
AC020910.5,lncRNA,0.14,0.17,0.7,0.0,1.64,1.32
AC020911.1,lncRNA,0.56,0.0,0.5,2.35,0.7,1.49
AC020911.2,lncRNA,2.32,4.43,1.22,2.18,5.89,14.28
AC020911.3,lncRNA,0.5,0.22,0.14,0.0,1.3,0.85
AC020912.1,lncRNA,57.2,97.86,53.9,53.39,307.17,492.58
AC020913.1,lncRNA,3.71,0.42,0.25,3.25,2.34,1.58
AC020913.2,lncRNA,5.82,5.35,4.53,20.12,15.16,6.66
AC020913.3,lncRNA,8.75,2.32,4.61,5.5,129.74,109.94
AC020914.1,lncRNA,0.11,0.0,0.05,0.11,0.29,0.16
AC020915.1,lncRNA,1.53,5.83,0.17,7.81,10.53,12.58
AC020915.2,lncRNA,1.44,1.0,0.62,2.1,7.24,5.56
AC020916.1,lncRNA,0.5,0.17,1.53,0.0,2.53,3.11
AC020917.2,lncRNA,0.5,1.4,0.33,0.43,1.2,0.64
AC020917.3,lncRNA,0.0,1.12,0.03,1.65,2.0,1.0
AC020922.2,lncRNA,0.0,0.66,0.35,0.14,1.78,0.49
AC020922.3,lncRNA,0.0,0.33,0.07,0.0,2.69,4.35
AC020922.4,lncRNA,0.44,1.25,1.23,2.2,14.55,6.52
AC020928.1,lncRNA,9.11,3.9,5.3,4.13,39.18,32.24
AC020928.2,lncRNA,0.64,4.52,1.09,2.23,12.0,13.22
AC020930.1,lncRNA,14.88,18.36,29.74,19.55,482.04,427.07
AC020931.1,lncRNA,0.08,0.48,1.07,0.8,7.33,4.39
AC020934.1,lncRNA,0.47,0.98,2.44,0.83,5.37,10.5
AC020934.2,lncRNA,1.73,0.5,1.2,1.05,1.28,3.19
AC020978.1,lncRNA,0.32,0.0,1.11,0.17,3.15,3.53
AC020978.2,lncRNA,0.11,1.0,0.07,2.0,1.48,1.4
AC020978.3,lncRNA,0.0,0.0,0.0,1.0,1.2,3.98
AC020978.4,lncRNA,0.37,0.32,1.36,5.07,8.52,7.51
AC020978.5,lncRNA,1.4,1.0,1.46,0.47,4.57,4.93
AC020978.6,lncRNA,0.23,1.31,0.0,0.26,0.68,0.5
AC020978.7,lncRNA,0.98,0.78,3.46,3.63,1.3,1.1
AC020980.1,lncRNA,0.2,0.22,0.0,0.0,0.14,0.0
AC021016.1,lncRNA,0.0,1.39,0.25,0.5,3.31,2.77
AC021016.2,lncRNA,0.49,0.25,1.58,0.03,3.91,2.26
AC021028.1,lncRNA,0.3,0.14,1.62,0.48,4.1,4.4
AC021035.1,lncRNA,0.0,0.0,0.09,0.0,0.36,0.0
AC021037.1,lncRNA,8.03,1.18,2.12,2.91,17.09,13.92
AC021055.1,lncRNA,0.06,0.06,0.08,0.0,0.29,1.0
AC021066.1,lncRNA,0.78,3.93,1.83,0.14,4.03,3.87
AC021074.3,lncRNA,3.9,3.02,5.82,3.71,14.24,13.44
AC021078.1,lncRNA,10.85,7.06,6.47,7.95,34.07,29.89
AC021086.1,lncRNA,0.18,5.67,2.18,1.27,6.18,5.83
AC021087.1,lncRNA,0.0,0.33,1.08,0.07,0.45,0.04
AC021087.3,lncRNA,39.04,11.3,3.78,21.73,36.46,21.03
AC021087.4,lncRNA,0.06,0.24,1.52,0.49,4.21,7.48
AC021088.1,lncRNA,0.0,0.0,0.05,1.5,0.44,2.33
AC021092.1,lncRNA,1.51,1.82,1.28,1.05,5.96,1.33
AC021097.1,lncRNA,0.23,0.0,0.19,0.5,1.56,0.85
AC021127.1,lncRNA,0.95,1.52,4.47,3.46,15.22,9.5
AC021134.1,lncRNA,0.39,7.0,0.19,2.28,6.64,4.88
AC021134.2,lncRNA,0.0,4.33,0.5,0.27,2.78,1.9
AC021146.12,lncRNA,0.25,1.0,0.1,0.05,0.6,0.94
AC021148.2,lncRNA,5.08,1.36,0.0,5.0,2.29,2.63
AC021151.1,lncRNA,1.0,1.0,0.33,0.0,0.25,0.96
AC021180.1,lncRNA,0.0,0.0,0.0,0.0,1.62,0.1
AC021188.1,lncRNA,1.2,0.6,2.03,1.27,13.94,10.83
AC021192.1,lncRNA,0.0,6.0,0.0,1.0,0.08,0.45
AC021205.3,lncRNA,0.34,0.35,0.0,0.46,0.45,0.16
AC021218.1,lncRNA,0.12,0.68,1.48,2.08,5.78,5.13
AC021220.2,lncRNA,0.19,0.26,1.05,2.19,6.86,7.67
AC021231.1,lncRNA,4.5,0.0,9.33,5.0,23.15,20.86
AC021236.1,lncRNA,0.09,0.0,0.0,3.5,4.2,2.68
AC021237.1,lncRNA,3.83,6.0,2.0,1.0,3.0,3.03
AC021242.2,lncRNA,1.19,0.06,0.73,4.41,6.12,5.83
AC021242.3,lncRNA,2.82,3.32,2.53,2.42,11.86,7.42
AC021269.3,lncRNA,0.29,0.55,2.13,0.17,6.24,4.94
AC021321.1,lncRNA,0.0,0.0,1.82,0.75,4.33,7.01
AC021321.2,lncRNA,0.22,0.75,0.24,0.25,2.22,3.01
AC021351.1,lncRNA,0.27,4.7,0.0,0.58,1.88,3.22
AC021355.1,lncRNA,1.89,5.97,4.83,2.25,11.87,7.71
AC021382.1,lncRNA,2.5,3.17,0.67,4.5,3.68,7.33
AC021393.1,lncRNA,5.75,5.41,3.83,2.75,57.06,31.06
AC021422.1,lncRNA,0.0,0.1,0.11,0.2,0.61,0.19
AC021451.2,lncRNA,0.33,0.0,0.0,1.0,0.2,1.85
AC021451.3,lncRNA,0.0,0.0,0.0,0.2,0.11,0.07
AC021483.1,lncRNA,0.0,0.25,0.0,0.0,0.25,1.61
AC021483.2,lncRNA,0.17,0.0,0.0,0.5,1.02,1.06
AC021491.1,lncRNA,0.17,0.0,0.0,0.0,1.86,1.51
AC021491.2,lncRNA,2.7,8.83,2.06,0.59,4.98,4.84
AC021491.3,lncRNA,0.0,0.0,0.0,0.0,0.12,0.91
AC021491.4,lncRNA,2.87,7.64,1.9,7.74,6.09,7.32
AC021506.1,lncRNA,0.08,0.64,0.25,0.25,7.21,6.83
AC021517.1,lncRNA,0.43,4.09,2.39,4.74,2.42,4.76
AC021517.2,lncRNA,0.33,0.2,0.33,0.0,1.58,0.98
AC021534.1,lncRNA,1.33,0.52,0.0,0.0,5.44,10.0
AC021546.1,lncRNA,1.83,8.4,1.33,0.08,3.02,5.07
AC021549.1,lncRNA,0.0,0.0,0.08,0.0,1.75,1.08
AC021573.1,lncRNA,0.0,0.1,1.0,2.07,1.49,0.9
AC021594.1,lncRNA,1.61,0.53,2.72,1.22,6.72,6.98
AC021594.2,lncRNA,0.05,0.0,0.33,0.09,1.27,1.63
AC021613.1,lncRNA,10.33,16.17,7.94,9.31,30.23,29.36
AC021613.3,lncRNA,0.67,0.95,3.97,0.0,3.83,3.62
AC021660.2,lncRNA,0.77,0.21,1.2,0.35,4.6,3.46
AC021660.4,lncRNA,0.5,0.0,0.0,0.0,1.17,0.0
AC021678.2,lncRNA,0.0,3.12,0.0,0.0,4.2,3.43
AC021683.1,lncRNA,0.0,0.0,2.41,0.0,5.67,2.53
AC021683.2,lncRNA,1.07,1.19,1.1,8.64,13.97,8.82
AC021683.3,lncRNA,4.36,10.53,14.14,10.96,56.64,50.24
AC021683.5,lncRNA,1.04,2.45,1.12,5.83,35.21,24.62
AC021683.6,lncRNA,4.37,1.17,4.44,1.82,23.09,22.26
AC021698.1,lncRNA,0.95,1.1,0.7,1.55,1.64,1.41
AC021701.1,lncRNA,0.11,1.29,5.45,2.14,15.31,8.88
AC021713.1,lncRNA,0.0,0.0,0.0,0.25,1.0,0.5
AC021723.2,lncRNA,0.0,3.11,1.55,0.0,1.72,6.55
AC021733.2,lncRNA,1.12,1.0,0.0,1.0,1.56,1.29
AC021733.4,lncRNA,0.29,1.94,2.08,1.57,4.74,7.38
AC021736.1,lncRNA,0.33,0.0,0.0,0.0,0.33,0.0
AC021739.2,lncRNA,1.67,1.38,0.77,3.25,7.48,13.77
AC021739.3,lncRNA,0.0,0.5,0.33,0.2,2.64,0.75
AC021739.4,lncRNA,2.67,3.26,0.62,0.31,3.89,2.24
AC021744.1,lncRNA,0.43,0.0,1.0,0.0,3.25,0.86
AC021752.1,lncRNA,8.13,4.13,2.21,5.16,33.71,27.01
AC021755.2,lncRNA,2.2,3.0,4.75,0.5,1.98,1.8
AC021755.3,lncRNA,0.0,0.0,0.0,0.0,0.53,0.25
AC021785.1,lncRNA,0.0,0.05,0.0,0.12,1.27,0.5
AC021818.1,lncRNA,2.62,0.53,2.17,23.77,5.58,3.19
AC021851.1,lncRNA,4.37,3.94,3.33,2.94,7.1,4.1
AC021851.2,lncRNA,0.5,0.49,0.57,1.77,5.12,5.2
AC021860.1,lncRNA,0.0,3.0,0.0,4.67,0.0,0.64
AC021915.1,lncRNA,0.0,4.33,2.82,1.0,0.7,4.71
AC021915.2,lncRNA,3.25,4.25,0.12,2.0,2.78,1.67
AC021979.1,lncRNA,0.0,0.0,0.0,0.0,0.37,0.31
AC021979.2,lncRNA,1.33,0.0,0.0,0.0,0.44,0.26
AC021979.3,lncRNA,17.4,17.3,29.99,25.44,404.89,380.77
AC022001.2,lncRNA,5.67,0.48,1.0,4.37,1.77,3.45
AC022001.3,lncRNA,0.64,0.06,0.11,0.5,1.04,0.09
AC022007.1,lncRNA,5.81,4.35,4.72,7.03,35.8,27.73
AC022017.1,lncRNA,0.08,0.33,0.34,1.01,9.78,4.46
AC022023.2,lncRNA,1.64,0.74,1.65,2.33,2.93,9.75
AC022028.2,lncRNA,0.64,1.82,4.13,6.17,8.52,6.91
AC022031.1,lncRNA,0.0,0.25,1.42,2.37,4.94,4.18
AC022031.2,lncRNA,0.33,0.4,1.84,0.61,7.99,6.89
AC022034.1,lncRNA,4.83,9.25,8.64,29.43,53.06,43.07
AC022034.3,lncRNA,1.74,0.7,1.89,0.2,5.92,5.01
AC022034.4,lncRNA,0.0,0.3,0.57,0.0,0.83,0.37
AC022035.1,lncRNA,0.21,0.1,0.0,0.0,1.75,0.0
AC022039.1,lncRNA,0.25,0.2,0.5,1.0,3.59,6.01
AC022068.1,lncRNA,0.5,0.0,0.0,1.38,1.48,2.8
AC022079.1,lncRNA,0.0,0.0,0.07,0.0,0.0,0.75
AC022079.2,lncRNA,0.0,0.5,0.0,0.0,0.52,0.31
AC022081.1,lncRNA,0.0,0.0,0.0,8.5,1.14,2.62
AC022087.1,lncRNA,0.0,0.34,0.0,0.0,0.0,0.57
AC022092.1,lncRNA,0.0,0.0,0.0,0.0,1.35,2.29
AC022098.1,lncRNA,3.24,8.96,10.64,7.04,25.57,33.26
AC022098.2,lncRNA,0.5,0.17,0.28,0.12,0.8,0.47
AC022098.3,lncRNA,0.0,0.0,0.0,0.0,0.34,0.4
AC022098.4,lncRNA,0.74,0.5,1.0,0.95,3.25,3.75
AC022100.1,lncRNA,0.0,0.06,0.0,0.06,2.73,0.31
AC022113.1,lncRNA,0.0,0.76,2.0,0.12,6.23,2.0
AC022118.1,lncRNA,0.0,0.6,0.0,0.0,1.07,0.73
AC022126.1,lncRNA,0.36,8.02,0.63,1.32,37.62,33.73
AC022133.2,lncRNA,0.38,0.2,1.25,2.08,17.94,11.02
AC022137.3,lncRNA,0.7,1.72,2.22,2.39,6.95,7.48
AC022140.1,lncRNA,0.19,0.57,0.5,0.33,0.58,1.12
AC022144.1,lncRNA,4.55,5.0,12.68,6.62,32.95,22.37
AC022145.1,lncRNA,1.39,2.0,1.12,2.15,3.2,7.41
AC022146.2,lncRNA,1.56,8.5,0.28,0.48,0.21,1.76
AC022148.1,lncRNA,1.05,1.04,3.39,0.72,8.99,8.51
AC022148.2,lncRNA,0.08,0.93,0.76,0.5,0.43,1.04
AC022150.1,lncRNA,0.04,0.1,0.36,0.72,9.84,9.73
AC022150.2,lncRNA,1.0,0.14,0.92,0.3,3.87,3.74
AC022150.3,lncRNA,0.0,0.0,0.25,1.07,0.08,0.0
AC022154.1,lncRNA,5.25,15.7,2.75,13.61,13.1,11.01
AC022164.1,lncRNA,1.61,2.56,2.58,3.26,5.57,7.92
AC022165.1,lncRNA,0.0,0.17,0.08,1.0,1.95,1.21
AC022166.1,lncRNA,0.5,0.0,0.0,1.0,1.68,0.93
AC022166.2,lncRNA,0.0,0.0,0.12,0.0,1.69,0.72
AC022167.1,lncRNA,0.07,0.21,0.05,0.44,1.5,0.35
AC022167.2,lncRNA,2.74,0.52,2.13,1.65,14.84,6.67
AC022167.3,lncRNA,1.12,2.6,0.2,0.83,30.65,43.86
AC022167.4,lncRNA,0.0,0.0,3.25,0.7,4.74,4.4
AC022168.1,lncRNA,3.2,1.28,1.56,4.38,8.35,7.34
AC022182.1,lncRNA,3.79,2.61,13.77,14.3,42.98,33.05
AC022182.2,lncRNA,1.03,0.0,0.19,0.25,0.18,3.66
AC022188.1,lncRNA,0.29,1.67,1.55,4.54,7.11,9.84
AC022196.1,lncRNA,0.0,0.67,0.0,0.0,1.13,1.34
AC022201.1,lncRNA,0.25,0.06,0.0,0.09,3.4,2.54
AC022201.2,lncRNA,0.16,0.04,1.22,1.02,3.62,1.96
AC022210.1,lncRNA,6.12,12.34,5.88,8.02,15.59,15.34
AC022211.1,lncRNA,0.0,0.0,0.08,2.0,1.97,0.62
AC022211.2,lncRNA,3.24,1.67,3.87,5.96,20.03,13.57
AC022211.3,lncRNA,0.43,1.45,0.26,2.0,0.57,1.32
AC022215.2,lncRNA,0.14,0.33,0.0,0.0,0.5,0.16
AC022217.2,lncRNA,0.35,0.64,2.08,0.33,3.46,5.5
AC022217.3,lncRNA,0.08,0.81,1.2,0.0,3.86,1.97
AC022239.1,lncRNA,4.64,1.22,3.82,3.36,27.14,12.29
AC022239.2,lncRNA,0.0,3.18,0.23,1.0,3.35,4.18
AC022267.1,lncRNA,2.54,5.21,4.09,12.42,22.11,16.89
AC022272.1,lncRNA,1.07,0.92,0.0,0.0,0.52,0.5
AC022276.1,lncRNA,0.68,0.44,0.42,5.08,3.6,8.14
AC022296.4,lncRNA,2.0,0.24,0.77,1.62,0.64,2.96
AC022306.2,lncRNA,0.0,4.0,0.0,0.0,0.14,0.09
AC022306.3,lncRNA,0.5,1.33,0.62,0.75,8.5,10.01
AC022308.1,lncRNA,0.0,0.12,0.0,0.0,0.11,0.07
AC022325.2,lncRNA,0.25,0.17,0.0,0.0,1.21,1.22
AC022336.2,lncRNA,3.64,1.79,3.08,2.72,42.65,31.31
AC022360.1,lncRNA,0.0,2.07,0.14,0.0,0.83,0.53
AC022364.1,lncRNA,4.75,1.64,5.09,5.14,33.25,24.65
AC022367.1,lncRNA,2.34,2.18,0.33,1.17,2.68,1.08
AC022382.1,lncRNA,0.04,0.0,0.28,0.0,2.33,0.62
AC022382.2,lncRNA,0.5,0.0,0.5,0.17,3.1,3.09
AC022387.2,lncRNA,1.17,6.61,2.88,4.08,11.54,7.69
AC022392.1,lncRNA,1.17,0.5,0.33,0.59,4.75,0.86
AC022395.1,lncRNA,0.62,1.77,0.78,0.5,1.4,1.41
AC022400.1,lncRNA,0.0,0.25,0.0,0.0,0.47,0.17
AC022400.2,lncRNA,7.2,0.0,15.69,7.2,2.28,1.69
AC022400.4,lncRNA,0.0,0.04,0.07,0.33,0.97,1.25
AC022405.1,lncRNA,0.79,7.93,0.0,17.33,0.53,4.22
AC022413.2,lncRNA,0.0,0.0,0.99,1.78,0.69,0.06
AC022424.1,lncRNA,0.0,0.5,0.0,0.0,0.25,0.32
AC022431.1,lncRNA,0.0,0.0,0.07,0.0,0.5,1.7
AC022433.1,lncRNA,0.58,0.7,1.81,0.32,2.58,3.12
AC022440.1,lncRNA,0.41,0.3,4.33,2.75,6.69,7.69
AC022441.1,lncRNA,0.0,0.0,0.0,2.0,0.0,3.0
AC022441.2,lncRNA,0.0,0.0,0.0,0.0,0.28,0.0
AC022447.1,lncRNA,0.0,1.0,0.0,0.0,0.0,0.0
AC022447.2,lncRNA,0.09,0.6,6.01,0.11,11.32,8.16
AC022447.3,lncRNA,0.06,0.0,0.28,0.13,0.58,0.33
AC022447.5,lncRNA,0.29,1.0,0.29,0.35,1.09,0.75
AC022447.6,lncRNA,0.7,0.33,0.0,0.67,9.29,8.65
AC022447.7,lncRNA,0.0,0.0,0.0,0.0,0.5,0.31
AC022463.1,lncRNA,0.0,0.67,0.07,0.11,5.91,1.52
AC022467.1,lncRNA,0.1,0.2,0.51,0.0,1.13,1.49
AC022467.2,lncRNA,1.0,13.06,0.0,0.0,3.12,2.8
AC022469.1,lncRNA,0.0,0.0,0.32,0.0,3.93,0.5
AC022469.2,lncRNA,1.0,1.22,0.0,0.0,1.37,0.22
AC022486.1,lncRNA,1.37,0.25,1.38,0.5,3.04,0.53
AC022498.1,lncRNA,0.05,0.0,0.9,1.2,3.46,2.84
AC022506.2,lncRNA,0.35,1.44,2.94,0.11,3.8,1.64
AC022509.1,lncRNA,0.64,0.96,1.36,1.14,3.21,5.68
AC022509.2,lncRNA,1.0,0.0,0.0,0.0,0.18,1.19
AC022509.3,lncRNA,3.15,0.5,2.35,0.87,17.92,10.62
AC022509.4,lncRNA,0.0,0.08,0.0,0.0,0.5,0.08
AC022509.5,lncRNA,0.42,0.37,0.0,0.92,2.29,2.12
AC022511.1,lncRNA,0.0,0.0,0.06,0.0,1.0,0.28
AC022517.1,lncRNA,0.0,0.0,1.21,0.25,1.22,0.25
AC022523.1,lncRNA,0.0,1.33,0.0,12.5,0.47,3.5
AC022523.3,lncRNA,0.33,0.0,1.38,0.4,2.08,2.54
AC022535.1,lncRNA,0.4,0.87,0.0,0.67,0.17,0.37
AC022535.2,lncRNA,0.59,3.13,0.85,1.25,1.31,1.5
AC022535.3,lncRNA,0.33,0.39,0.18,0.0,1.63,2.16
AC022537.1,lncRNA,2.72,3.45,1.42,0.59,4.54,3.26
AC022540.1,lncRNA,0.54,0.07,0.0,0.0,0.41,0.19
AC022558.1,lncRNA,4.32,3.49,0.28,6.24,3.96,4.5
AC022558.2,lncRNA,0.0,1.03,1.07,0.38,0.06,1.11
AC022558.3,lncRNA,0.09,0.17,0.15,0.0,1.47,0.19
AC022596.1,lncRNA,0.08,0.0,0.27,0.5,0.42,0.33
AC022596.2,lncRNA,2.49,3.03,1.73,2.83,4.73,5.73
AC022601.1,lncRNA,0.0,0.0,0.22,0.06,0.96,0.4
AC022613.1,lncRNA,8.34,5.46,8.11,2.25,7.19,7.54
AC022613.2,lncRNA,2.59,8.82,4.6,0.52,12.46,16.4
AC022613.3,lncRNA,1.0,0.27,2.5,1.0,0.47,1.66
AC022634.2,lncRNA,0.0,0.0,0.07,0.0,0.0,0.33
AC022655.1,lncRNA,0.0,0.0,0.31,0.33,0.06,0.15
AC022679.1,lncRNA,0.0,0.06,0.67,1.33,3.17,0.42
AC022679.2,lncRNA,0.33,0.0,0.0,0.0,0.98,1.21
AC022690.2,lncRNA,0.0,2.0,0.0,2.07,1.09,2.18
AC022695.2,lncRNA,3.79,3.5,7.0,7.14,6.05,7.04
AC022695.3,lncRNA,6.68,2.12,0.06,0.0,2.62,1.2
AC022706.1,lncRNA,0.0,1.7,1.08,1.0,5.96,5.6
AC022710.1,lncRNA,0.33,1.31,0.12,2.65,3.1,2.52
AC022726.1,lncRNA,0.0,0.0,0.0,0.0,0.24,0.17
AC022726.2,lncRNA,0.33,0.83,0.0,2.12,2.26,1.71
AC022730.3,lncRNA,0.0,0.33,0.06,1.0,0.5,0.17
AC022730.4,lncRNA,0.5,1.54,4.04,3.91,6.0,7.3
AC022733.1,lncRNA,0.76,0.47,1.16,0.66,3.99,2.52
AC022762.1,lncRNA,0.62,0.55,0.32,0.82,3.21,1.3
AC022762.2,lncRNA,0.83,7.7,2.7,2.29,6.75,6.11
AC022778.1,lncRNA,0.0,0.6,0.5,0.34,2.18,3.02
AC022784.1,lncRNA,6.12,14.7,22.38,17.68,75.76,74.62
AC022784.3,lncRNA,0.0,0.0,0.0,0.61,0.0,0.07
AC022784.5,lncRNA,0.74,0.25,1.08,0.0,1.98,1.2
AC022784.6,lncRNA,0.0,0.1,0.05,0.0,1.11,0.69
AC022809.1,lncRNA,1.5,4.0,2.83,0.5,1.82,1.0
AC022816.1,lncRNA,4.01,14.54,5.04,5.17,4.16,10.76
AC022819.1,lncRNA,2.71,1.65,2.77,22.25,12.31,13.39
AC022832.2,lncRNA,1.0,2.42,0.0,0.0,2.21,0.92
AC022858.1,lncRNA,4.65,5.12,1.43,2.2,31.06,14.12
AC022868.1,lncRNA,0.5,0.25,1.01,1.97,10.06,4.97
AC022872.1,lncRNA,0.0,2.42,0.53,1.17,1.09,0.29
AC022874.1,lncRNA,0.5,0.11,0.0,0.0,0.23,0.4
AC022893.1,lncRNA,1.64,4.34,0.08,10.48,8.35,5.24
AC022893.2,lncRNA,1.5,3.61,1.2,2.0,4.86,6.98
AC022893.3,lncRNA,0.0,0.0,0.0,0.0,1.17,0.0
AC022898.1,lncRNA,0.0,2.12,0.5,1.25,1.72,1.8
AC022898.2,lncRNA,0.0,0.0,1.0,1.0,1.06,1.18
AC022903.1,lncRNA,1.11,0.56,1.05,0.64,4.5,3.42
AC022903.2,lncRNA,5.0,0.0,0.1,6.5,0.2,1.24
AC022915.1,lncRNA,0.0,0.0,0.0,0.0,0.0,0.76
AC022915.2,lncRNA,0.69,0.0,3.67,3.34,5.25,3.62
AC022915.3,lncRNA,0.2,4.87,0.57,2.41,0.93,0.92
AC022916.1,lncRNA,1.67,3.94,5.52,2.4,16.27,20.18
AC022916.2,lncRNA,0.0,0.6,0.13,0.0,0.09,0.57
AC022916.4,lncRNA,0.0,0.0,0.08,0.25,0.33,0.94
AC022929.1,lncRNA,8.89,25.4,3.8,2.36,8.26,8.53
AC022929.2,lncRNA,0.0,0.0,0.0,1.18,0.18,0.19
AC022960.1,lncRNA,0.0,4.17,0.0,1.0,0.0,1.33
AC022960.2,lncRNA,0.0,0.6,0.0,0.07,0.14,0.0
AC022966.1,lncRNA,2.22,3.0,0.19,0.25,0.21,1.4
AC022966.2,lncRNA,0.59,1.13,0.54,0.07,3.87,4.01
AC022973.3,lncRNA,0.0,1.25,2.07,9.17,4.91,10.34
AC022973.4,lncRNA,0.0,0.56,0.0,1.5,0.81,1.44
AC022973.5,lncRNA,0.5,2.38,1.33,0.0,2.53,1.33
AC023024.1,lncRNA,1.1,1.32,2.05,2.46,8.21,5.44
AC023034.1,lncRNA,0.37,1.81,0.0,4.4,4.0,0.72
AC023043.3,lncRNA,0.48,1.0,0.0,0.0,0.07,0.17
AC023051.1,lncRNA,2.0,4.92,0.0,0.0,1.31,3.5
AC023078.1,lncRNA,0.0,0.0,0.25,0.0,0.25,0.58
AC023090.1,lncRNA,0.0,0.67,0.25,0.0,3.86,3.48
AC023095.1,lncRNA,10.2,15.86,14.47,19.76,62.76,88.89
AC023115.1,lncRNA,0.33,0.1,0.44,0.6,1.16,0.72
AC023128.1,lncRNA,0.0,0.0,0.0,0.11,1.07,0.14
AC023136.1,lncRNA,0.3,0.0,0.0,0.45,0.29,6.06
AC023137.1,lncRNA,0.12,0.0,0.0,0.08,0.24,0.08
AC023154.1,lncRNA,1.5,3.07,4.67,7.89,15.2,10.37
AC023157.2,lncRNA,4.06,11.14,2.13,5.7,26.29,13.67
AC023158.1,lncRNA,0.0,1.18,0.0,0.0,2.53,3.37
AC023158.2,lncRNA,1.2,0.0,0.0,0.33,1.83,3.83
AC023161.1,lncRNA,0.0,0.0,0.25,0.0,0.13,3.2
AC023194.2,lncRNA,0.05,0.5,0.0,0.37,0.4,0.32
AC023200.1,lncRNA,0.14,0.0,0.0,0.0,0.08,0.79
AC023202.1,lncRNA,0.37,10.79,1.0,2.46,10.54,1.05
AC023282.1,lncRNA,4.1,5.67,1.77,10.04,15.71,10.7
AC023283.1,lncRNA,2.0,0.03,0.0,2.81,3.35,2.44
AC023296.1,lncRNA,0.73,0.58,1.58,4.58,5.34,3.72
AC023300.1,lncRNA,0.0,0.29,0.0,0.0,0.9,0.38
AC023300.2,lncRNA,0.92,0.77,2.2,0.53,0.09,2.22
AC023301.1,lncRNA,0.92,0.83,2.99,1.0,4.05,3.4
AC023302.1,lncRNA,0.0,0.5,0.0,0.83,0.0,0.75
AC023302.2,lncRNA,0.43,1.33,1.12,3.0,1.91,1.26
AC023310.4,lncRNA,0.0,0.18,0.06,1.58,2.29,3.26
AC023347.1,lncRNA,0.17,0.5,0.1,0.0,3.49,1.8
AC023355.1,lncRNA,8.24,15.78,124.64,17.3,135.05,101.52
AC023385.1,lncRNA,0.33,2.77,1.92,0.67,3.25,1.09
AC023389.1,lncRNA,0.03,10.0,0.12,0.31,1.18,1.73
AC023394.1,lncRNA,0.0,0.5,0.0,0.0,1.98,0.2
AC023394.2,lncRNA,0.0,0.0,0.0,0.0,0.4,0.0
AC023403.1,lncRNA,0.14,0.0,1.89,0.0,1.8,0.6
AC023421.1,lncRNA,0.27,0.33,0.0,0.0,3.76,2.82
AC023421.2,lncRNA,0.0,0.25,0.33,1.0,8.76,5.34
AC023424.2,lncRNA,0.93,1.79,2.08,1.0,4.71,3.16
AC023442.2,lncRNA,1.35,0.59,0.0,0.16,2.48,0.0
AC023442.3,lncRNA,0.25,0.0,1.55,0.0,0.39,0.73
AC023468.1,lncRNA,0.0,0.33,0.0,0.0,1.33,0.99
AC023469.1,lncRNA,0.09,0.0,0.0,0.0,0.93,0.96
AC023469.2,lncRNA,0.0,0.0,0.0,0.0,3.65,1.1
AC023480.1,lncRNA,6.37,2.55,2.82,13.0,8.96,10.45
AC023481.1,lncRNA,0.31,0.19,0.11,3.67,3.98,1.89
AC023483.1,lncRNA,0.0,0.61,0.0,0.17,1.94,2.12
AC023490.2,lncRNA,0.0,0.0,0.0,0.46,0.08,0.23
AC023494.1,lncRNA,2.0,6.4,1.58,0.3,7.89,7.09
AC023503.1,lncRNA,0.0,0.0,0.0,0.0,0.2,0.52
AC023509.1,lncRNA,6.13,20.23,1.46,12.53,11.25,13.2
AC023509.2,lncRNA,0.33,0.72,0.47,0.02,2.92,1.95
AC023509.3,lncRNA,1.5,0.32,3.5,2.29,4.16,5.61
AC023509.6,lncRNA,0.05,0.04,1.2,0.0,0.83,0.71
AC023510.1,lncRNA,0.0,4.0,0.0,0.0,0.5,0.0
AC023510.2,lncRNA,0.0,0.0,1.12,0.27,0.06,0.2
AC023511.1,lncRNA,0.0,0.0,1.5,0.5,3.18,1.69
AC023511.3,lncRNA,0.0,0.0,0.0,0.33,0.32,0.07
AC023590.1,lncRNA,4.4,20.2,6.12,12.45,14.02,20.31
AC023593.1,lncRNA,1.82,3.0,4.59,3.32,33.34,31.75
AC023595.1,lncRNA,0.0,0.17,1.0,0.0,2.31,4.85
AC023632.2,lncRNA,1.7,3.45,0.62,5.76,7.5,8.88
AC023632.5,lncRNA,7.03,4.95,8.89,15.2,45.78,42.74
AC023644.1,lncRNA,0.47,0.15,0.61,0.61,1.43,1.16
AC023669.1,lncRNA,0.5,0.0,0.2,0.12,4.52,0.31
AC023669.2,lncRNA,0.0,0.0,0.1,0.0,0.17,0.17
AC023762.1,lncRNA,0.0,0.0,0.0,0.0,0.08,0.2
AC023781.1,lncRNA,0.7,1.52,1.51,3.07,3.02,4.72
AC023787.1,lncRNA,0.0,0.0,0.12,1.48,1.32,2.02
AC023787.2,lncRNA,0.27,0.31,2.33,0.56,2.63,5.19
AC023787.3,lncRNA,0.65,2.68,2.6,2.3,19.6,19.67
AC023790.2,lncRNA,0.68,0.12,3.79,2.0,3.47,2.43
AC023794.1,lncRNA,0.12,1.0,2.14,1.14,2.58,6.5
AC023794.2,lncRNA,23.92,23.54,2.61,3.59,12.38,15.69
AC023794.4,lncRNA,0.21,0.0,0.0,0.07,1.55,2.81
AC023794.5,lncRNA,0.04,1.56,0.0,1.58,6.78,3.22
AC023796.1,lncRNA,1.06,1.87,1.0,3.49,5.25,11.24
AC023796.2,lncRNA,0.0,0.0,0.0,1.0,0.0,0.14
AC023813.1,lncRNA,4.5,1.34,4.36,3.54,84.65,129.02
AC023813.3,lncRNA,0.21,0.71,0.08,0.25,9.19,8.6
AC023813.4,lncRNA,0.0,0.0,0.0,0.0,2.0,0.93
AC023824.1,lncRNA,0.84,1.16,1.0,1.83,23.87,36.86
AC023824.3,lncRNA,2.81,0.14,0.71,0.5,2.23,3.36
AC023824.4,lncRNA,0.0,2.12,3.13,1.35,17.99,28.17
AC023824.5,lncRNA,5.11,8.09,3.51,7.64,7.56,9.63
AC023825.2,lncRNA,0.0,0.63,0.11,2.0,2.53,1.37
AC023830.1,lncRNA,7.67,27.13,16.18,12.04,46.64,76.5
AC023830.2,lncRNA,1.61,3.12,0.0,4.06,2.58,7.86
AC023830.3,lncRNA,1.0,0.92,1.12,0.2,5.5,2.61
AC023855.1,lncRNA,0.0,0.0,1.0,0.0,0.25,0.77
AC023866.1,lncRNA,0.0,0.0,2.17,0.0,0.55,2.46
AC023866.2,lncRNA,0.0,1.5,0.0,0.0,0.16,1.14
AC023905.1,lncRNA,0.0,0.26,0.0,2.0,0.8,4.42
AC023906.2,lncRNA,0.0,0.0,0.0,0.0,2.33,3.13
AC023906.3,lncRNA,0.17,2.13,0.0,3.13,0.06,0.49
AC023906.4,lncRNA,0.67,0.57,0.2,2.04,3.21,2.03
AC023906.5,lncRNA,0.25,3.46,1.33,1.07,1.99,2.83
AC023908.1,lncRNA,0.0,0.0,0.0,0.5,0.44,0.05
AC023908.2,lncRNA,0.0,0.0,0.0,0.5,1.02,0.36
AC023908.3,lncRNA,3.75,4.88,8.41,14.67,21.55,16.25
AC023946.1,lncRNA,2.17,0.4,0.99,0.38,1.09,3.51
AC023983.1,lncRNA,1.18,0.32,0.0,0.33,0.3,1.25
AC023983.2,lncRNA,0.07,0.2,0.0,0.0,2.12,1.87
AC024022.1,lncRNA,5.69,1.19,1.42,3.13,5.29,9.26
AC024028.1,lncRNA,4.08,5.96,5.25,6.96,41.22,14.71
AC024060.2,lncRNA,0.33,0.0,0.12,0.0,1.17,0.34
AC024075.1,lncRNA,0.0,2.0,0.0,1.65,1.0,2.35
AC024075.2,lncRNA,1.52,3.29,0.94,12.74,19.2,10.77
AC024075.3,lncRNA,0.0,0.0,0.04,0.1,0.36,0.66
AC024084.1,lncRNA,0.0,0.0,0.25,0.4,5.93,3.28
AC024132.1,lncRNA,0.58,0.99,1.5,1.12,10.29,4.24
AC024132.2,lncRNA,0.33,0.67,0.0,0.0,0.0,0.0
AC024132.3,lncRNA,0.2,0.0,0.0,0.5,0.84,0.4
AC024145.1,lncRNA,0.0,0.0,0.08,0.5,4.04,4.62
AC024224.2,lncRNA,0.6,0.0,0.67,0.84,2.3,0.91
AC024230.1,lncRNA,0.43,2.18,1.4,2.71,9.94,7.62
AC024236.1,lncRNA,1.26,4.48,2.6,2.42,12.1,8.85
AC024243.1,lncRNA,1.87,1.4,0.73,0.23,5.77,5.28
AC024257.1,lncRNA,1.59,0.2,1.67,1.33,21.11,17.78
AC024257.3,lncRNA,7.34,8.06,1.62,15.4,19.58,13.49
AC024257.4,lncRNA,0.0,0.31,0.17,0.0,1.06,0.0
AC024257.5,lncRNA,0.0,0.0,0.92,0.0,0.46,0.12
AC024267.1,lncRNA,1354.61,774.45,1311.73,661.73,1624.29,2027.61
AC024267.3,lncRNA,0.33,0.13,0.36,0.09,1.39,0.74
AC024267.4,lncRNA,0.0,0.0,0.0,0.0,1.67,0.33
AC024267.5,lncRNA,0.0,0.67,0.0,0.0,0.62,1.07
AC024267.6,lncRNA,0.27,0.69,1.07,0.58,4.07,3.8
AC024270.1,lncRNA,0.0,3.14,0.0,4.33,3.05,8.24
AC024270.2,lncRNA,0.38,0.0,0.0,0.12,1.03,0.74
AC024270.3,lncRNA,0.88,0.59,0.0,0.0,2.0,0.92
AC024270.4,lncRNA,4.22,8.48,2.5,11.0,30.91,34.29
AC024337.1,lncRNA,0.64,1.72,2.01,0.28,3.49,2.91
AC024337.2,lncRNA,0.56,0.57,1.78,5.31,11.43,16.13
AC024361.1,lncRNA,0.0,0.08,0.0,0.31,0.52,0.0
AC024361.2,lncRNA,6.96,6.77,27.34,16.93,7.87,7.64
AC024361.3,lncRNA,1.0,0.33,0.25,0.0,0.33,0.8
AC024382.1,lncRNA,0.0,0.1,0.1,2.5,2.38,2.05
AC024451.4,lncRNA,0.33,0.0,0.36,0.25,1.61,0.25
AC024475.1,lncRNA,0.0,5.2,0.0,0.0,0.9,1.0
AC024475.2,lncRNA,0.79,1.5,2.39,11.5,42.27,33.06
AC024559.1,lncRNA,0.25,0.0,2.5,2.0,3.98,3.25
AC024559.2,lncRNA,0.17,0.81,0.7,1.08,4.21,3.99
AC024560.1,lncRNA,0.4,0.46,0.57,0.0,3.59,3.35
AC024560.3,lncRNA,0.0,0.0,0.05,0.0,0.79,0.37
AC024560.4,lncRNA,1.16,2.54,0.17,4.13,2.09,1.86
AC024560.5,lncRNA,4.21,4.48,2.65,4.21,13.27,7.33
AC024563.1,lncRNA,0.0,1.25,0.25,0.0,1.72,1.29
AC024575.1,lncRNA,2.25,3.43,0.14,1.06,3.21,4.41
AC024579.1,lncRNA,0.0,0.0,0.0,0.0,0.66,0.08
AC024581.1,lncRNA,0.0,0.0,0.02,0.0,0.0,0.19
AC024587.2,lncRNA,2.33,1.54,2.17,2.79,3.69,7.86
AC024588.1,lncRNA,1.25,4.05,1.17,1.25,9.07,5.45
AC024592.1,lncRNA,0.0,0.0,0.0,0.75,0.77,1.51
AC024592.2,lncRNA,0.0,0.07,1.0,2.5,1.18,0.62
AC024597.1,lncRNA,0.89,3.6,1.28,0.56,5.25,7.71
AC024603.1,lncRNA,0.05,0.21,0.14,0.12,1.55,0.33
AC024610.1,lncRNA,0.55,0.57,2.03,0.65,2.24,1.37
AC024610.2,lncRNA,3.62,12.16,4.29,7.59,18.6,12.79
AC024614.1,lncRNA,0.0,0.0,0.0,0.0,0.55,0.1
AC024614.2,lncRNA,0.79,2.12,3.97,2.81,1.12,3.9
AC024614.4,lncRNA,0.69,2.22,0.77,0.15,3.85,4.55
AC024619.1,lncRNA,1.0,0.0,0.33,0.0,1.09,0.67
AC024619.2,lncRNA,0.0,0.0,0.0,0.0,0.0,1.0
AC024619.3,lncRNA,0.0,0.0,0.0,0.4,0.0,0.22
AC024651.1,lncRNA,0.08,1.71,0.48,8.2,2.52,7.79
AC024651.2,lncRNA,2.78,5.52,2.69,2.25,25.06,30.93
AC024651.3,lncRNA,8.74,8.95,6.53,4.33,14.58,11.86
AC024681.2,lncRNA,0.0,0.0,0.0,0.0,1.0,0.0
AC024730.1,lncRNA,0.1,0.0,0.3,2.24,3.09,2.0
AC024884.2,lncRNA,1.5,0.34,1.54,0.61,1.77,1.2
AC024896.1,lncRNA,0.31,2.95,1.37,8.82,4.34,4.58
AC024901.1,lncRNA,1.8,3.94,3.26,3.39,10.57,8.68
AC024909.1,lncRNA,2.57,7.32,6.34,7.48,16.57,15.06
AC024933.1,lncRNA,0.0,2.5,0.5,0.0,0.2,0.12
AC024933.2,lncRNA,2.0,0.5,0.0,0.17,0.94,1.35
AC024937.3,lncRNA,0.25,0.62,1.13,0.0,1.69,1.65
AC024940.5,lncRNA,0.0,0.0,0.05,0.0,0.04,0.0
AC024941.1,lncRNA,0.0,0.0,0.2,0.0,0.0,0.17
AC024941.2,lncRNA,2.0,0.18,0.0,1.0,0.41,0.91
AC024958.1,lncRNA,1.12,0.27,0.7,1.0,11.19,7.51
AC024996.1,lncRNA,0.25,0.33,0.33,0.0,1.81,0.29
AC025030.2,lncRNA,0.31,0.07,0.38,0.7,1.0,0.0
AC025031.1,lncRNA,0.1,0.0,0.0,0.0,0.28,0.49
AC025031.2,lncRNA,0.45,1.5,1.44,0.37,9.04,1.99
AC025031.3,lncRNA,0.0,1.17,0.0,4.25,1.11,1.5
AC025031.4,lncRNA,0.0,2.77,0.34,1.33,5.14,3.08
AC025034.1,lncRNA,1.46,3.69,0.83,1.58,8.8,10.21
AC025038.1,lncRNA,0.0,0.0,0.0,0.0,0.0,0.83
AC025040.1,lncRNA,0.0,2.12,0.5,1.16,2.06,6.34
AC025043.1,lncRNA,0.25,0.17,0.25,0.0,2.37,1.94
AC025048.1,lncRNA,0.06,0.38,0.0,0.15,5.27,2.19
AC025048.2,lncRNA,0.97,6.01,1.34,5.16,26.38,22.4
AC025048.4,lncRNA,2.33,0.17,0.0,3.5,2.02,0.98
AC025048.7,lncRNA,0.31,3.81,0.47,2.12,7.56,12.04
AC025062.3,lncRNA,0.62,0.0,0.07,0.17,1.34,1.24
AC025154.1,lncRNA,0.0,0.03,0.87,0.38,1.99,0.81
AC025154.2,lncRNA,0.14,0.83,0.81,0.5,15.74,14.51
AC025160.1,lncRNA,1.27,1.0,1.09,3.4,20.21,15.21
AC025162.1,lncRNA,1.0,0.33,1.38,4.0,2.87,3.87
AC025162.2,lncRNA,0.0,0.2,1.0,8.0,2.1,1.51
AC025164.1,lncRNA,8.32,8.11,10.91,9.08,89.5,67.77
AC025164.2,lncRNA,2.1,0.1,1.07,3.0,1.14,1.78
AC025165.1,lncRNA,0.36,2.3,1.92,1.2,6.39,5.24
AC025165.2,lncRNA,0.5,2.58,2.38,2.55,1.32,2.46
AC025165.4,lncRNA,3.06,1.14,1.0,2.0,0.4,1.81
AC025165.5,lncRNA,0.0,1.2,0.0,0.0,0.45,0.33
AC025166.1,lncRNA,0.0,0.0,0.0,1.0,0.0,0.06
AC025171.1,lncRNA,20.65,6.35,62.8,10.26,58.72,68.24
AC025171.2,lncRNA,13.06,13.82,55.68,14.33,48.74,38.75
AC025171.3,lncRNA,14.81,7.69,5.29,8.01,19.04,19.86
AC025171.4,lncRNA,1.98,0.57,0.71,2.17,13.42,8.26
AC025171.5,lncRNA,0.87,0.55,1.67,0.32,8.62,4.72
AC025174.1,lncRNA,1.0,1.0,0.92,0.0,0.81,0.64
AC025175.1,lncRNA,0.64,0.0,0.0,0.0,0.0,0.31
AC025175.2,lncRNA,4.77,13.88,3.96,7.39,8.28,14.01
AC025176.1,lncRNA,0.0,2.33,0.67,1.0,18.75,13.2
AC025178.1,lncRNA,0.34,2.16,0.57,0.96,10.51,14.07
AC025180.1,lncRNA,0.0,1.55,1.07,1.39,1.2,4.67
AC025181.2,lncRNA,1.5,1.42,1.12,0.23,3.03,6.77
AC025183.1,lncRNA,5.18,9.02,18.23,3.3,59.03,38.77
AC025187.1,lncRNA,0.0,0.0,0.41,0.0,0.55,1.19
AC025188.1,lncRNA,0.46,2.44,0.67,0.67,4.14,5.81
AC025211.1,lncRNA,0.5,0.0,0.17,0.0,1.5,1.06
AC025244.1,lncRNA,0.0,0.0,0.0,0.0,0.7,0.0
AC025244.2,lncRNA,1.5,3.0,4.17,5.33,16.5,21.09
AC025252.1,lncRNA,0.97,0.2,0.51,0.17,0.2,0.88
AC025253.1,lncRNA,0.0,0.0,0.0,2.0,1.0,0.45
AC025253.2,lncRNA,2.0,0.06,0.0,0.0,0.45,0.12
AC025254.1,lncRNA,0.25,1.0,0.0,0.0,0.56,0.1
AC025257.1,lncRNA,0.75,3.14,0.45,0.36,2.6,0.68
AC025259.1,lncRNA,1.05,0.08,1.73,0.79,4.44,5.19
AC025262.3,lncRNA,0.38,2.23,5.47,15.44,10.66,18.34
AC025263.1,lncRNA,0.14,5.75,1.03,15.33,10.31,6.78
AC025265.1,lncRNA,2.33,0.42,0.08,0.17,2.15,1.48
AC025265.2,lncRNA,0.0,0.0,0.0,0.0,0.65,2.25
AC025265.3,lncRNA,0.38,0.75,0.42,0.0,7.07,5.13
AC025271.2,lncRNA,0.0,0.0,1.08,0.0,2.3,0.85
AC025271.3,lncRNA,0.0,0.0,0.0,0.0,0.08,0.0
AC025271.4,lncRNA,0.42,1.02,0.57,0.12,7.7,4.5
AC025272.1,lncRNA,0.0,0.0,1.0,0.5,1.5,2.33
AC025277.1,lncRNA,0.33,1.08,1.58,0.0,2.84,2.03
AC025278.1,lncRNA,0.0,0.0,2.05,0.83,2.46,1.72
AC025279.1,lncRNA,3.02,2.06,1.92,3.68,6.94,6.72
AC025280.1,lncRNA,1.08,0.0,1.0,0.34,0.12,0.83
AC025280.2,lncRNA,8.09,7.14,6.48,6.05,42.38,48.36
AC025280.3,lncRNA,0.07,1.12,2.12,0.0,6.82,2.79
AC025284.1,lncRNA,1.89,1.06,0.26,1.26,12.1,16.18
AC025287.1,lncRNA,0.15,0.22,0.61,0.25,3.62,2.78
AC025287.2,lncRNA,0.0,0.0,0.33,0.08,8.5,5.2
AC025287.3,lncRNA,0.07,0.0,0.33,0.0,1.26,0.87
AC025300.1,lncRNA,0.0,0.0,0.0,0.0,0.0,0.09
AC025366.1,lncRNA,0.0,0.0,0.25,0.0,0.29,0.2
AC025370.1,lncRNA,0.0,0.0,0.02,0.0,0.03,0.17
AC025370.2,lncRNA,0.05,0.0,0.25,2.28,1.24,2.27
AC025419.1,lncRNA,1.33,3.29,3.1,3.46,6.01,8.47
AC025423.1,lncRNA,0.25,0.0,0.09,0.0,0.0,0.29
AC025423.4,lncRNA,0.19,2.06,0.28,0.04,3.92,5.93
AC025428.1,lncRNA,0.18,2.58,1.75,1.79,11.13,13.8
AC025430.1,lncRNA,0.38,2.14,0.75,7.79,0.1,3.05
AC025431.1,lncRNA,2.41,1.96,3.23,0.1,20.31,15.63
AC025434.1,lncRNA,0.12,0.0,0.0,0.0,0.14,0.1
AC025437.1,lncRNA,0.0,0.0,0.0,0.0,1.98,1.65
AC025437.2,lncRNA,0.0,0.0,0.0,0.0,0.18,0.2
AC025437.3,lncRNA,0.0,0.07,0.37,0.67,2.65,4.29
AC025437.4,lncRNA,0.21,1.94,1.8,0.84,12.14,20.23
AC025437.5,lncRNA,3.33,2.0,1.0,0.33,2.58,9.0
AC025442.1,lncRNA,0.81,0.17,0.78,0.19,4.48,6.17
AC025442.2,lncRNA,0.39,0.14,0.25,0.0,3.72,2.35
AC025449.2,lncRNA,0.53,8.12,3.37,11.9,3.98,11.0
AC025465.1,lncRNA,0.14,0.0,0.2,0.25,0.78,0.24
AC025465.2,lncRNA,10.87,27.2,12.4,11.91,140.77,248.32
AC025465.4,lncRNA,2.17,12.87,4.08,4.54,3.32,7.32
AC025470.2,lncRNA,0.0,0.11,0.67,1.83,4.97,7.02
AC025475.1,lncRNA,0.25,0.75,0.0,0.0,0.56,0.09
AC025475.2,lncRNA,0.18,0.0,0.33,2.56,1.02,0.87
AC025508.1,lncRNA,0.62,11.81,5.42,3.69,6.99,13.67
AC025521.1,lncRNA,0.0,0.0,0.0,0.5,0.0,0.0
AC025524.1,lncRNA,0.0,0.5,0.0,0.0,0.07,0.13
AC025539.1,lncRNA,2.7,0.93,7.09,1.11,18.53,23.95
AC025566.1,lncRNA,0.05,0.14,0.33,0.64,6.9,2.44
AC025569.1,lncRNA,0.88,0.39,0.88,5.9,7.31,7.91
AC025572.1,lncRNA,0.27,0.36,0.0,0.5,1.13,0.35
AC025575.1,lncRNA,0.0,0.0,0.4,0.0,0.0,4.6
AC025575.2,lncRNA,0.0,1.0,0.2,0.5,0.3,0.06
AC025576.1,lncRNA,0.18,0.4,0.0,0.25,0.52,0.54
AC025576.2,lncRNA,0.0,0.0,0.67,0.1,1.17,1.03
AC025576.3,lncRNA,2.71,1.21,0.5,0.12,1.17,0.44
AC025580.1,lncRNA,0.14,1.3,0.61,0.0,2.73,1.74
AC025580.2,lncRNA,4.9,2.01,2.64,3.39,2.65,3.73
AC025580.3,lncRNA,1.34,3.33,4.15,3.87,39.29,51.25
AC025614.2,lncRNA,2.28,7.0,0.33,4.54,5.05,11.92
AC025627.1,lncRNA,0.0,0.5,0.06,0.29,2.48,3.36
AC025674.2,lncRNA,1.0,0.61,0.74,0.45,2.59,2.99
AC025682.1,lncRNA,0.99,3.14,0.99,0.62,0.78,0.63
AC025741.1,lncRNA,0.0,0.0,0.0,0.0,0.5,0.0
AC025752.1,lncRNA,0.0,0.21,1.4,0.0,1.71,0.09
AC025754.1,lncRNA,2.29,0.54,1.74,1.44,9.44,7.67
AC025754.2,lncRNA,0.0,0.17,0.05,0.25,1.06,1.17
AC025756.1,lncRNA,2.0,0.09,2.08,0.07,11.51,10.32
AC025766.1,lncRNA,0.0,0.2,1.0,0.0,0.0,0.68
AC025773.1,lncRNA,0.0,0.0,0.12,0.12,0.17,0.39
AC025774.1,lncRNA,1.83,13.68,2.08,3.42,7.14,5.76
AC025809.1,lncRNA,0.32,0.0,0.5,0.0,0.38,1.0
AC025810.1,lncRNA,0.0,0.27,0.21,2.0,0.84,0.11
AC025811.1,lncRNA,0.0,0.07,0.0,0.0,0.81,0.53
AC025822.1,lncRNA,1.32,2.97,4.25,1.37,18.17,10.25
AC025822.2,lncRNA,3.0,10.62,4.18,12.75,14.39,25.13
AC025839.1,lncRNA,4.77,13.86,11.03,8.72,41.31,39.47
AC025871.1,lncRNA,0.0,0.17,0.0,0.18,2.11,0.68
AC025871.2,lncRNA,0.25,0.06,0.0,0.0,0.0,1.25
AC025871.3,lncRNA,0.25,2.34,1.27,1.5,0.44,0.43
AC025887.1,lncRNA,0.0,0.0,0.0,0.0,0.25,0.0
AC025887.2,lncRNA,2.92,2.56,5.62,13.46,4.27,7.78
AC025917.1,lncRNA,0.0,0.25,0.22,0.0,0.88,1.45
AC025918.1,lncRNA,5.23,0.27,0.0,0.5,0.0,0.56
AC025946.1,lncRNA,0.0,0.0,0.0,2.0,2.2,0.5
AC025947.1,lncRNA,0.0,0.0,0.0,0.0,0.0,0.07
AC026100.1,lncRNA,0.0,1.09,0.0,0.0,1.48,4.32
AC026108.1,lncRNA,2.81,0.57,0.0,0.2,0.83,0.0
AC026108.2,lncRNA,0.0,0.5,0.2,0.25,0.0,0.0
AC026116.1,lncRNA,3.0,0.0,0.33,0.0,0.39,0.0
AC026120.3,lncRNA,0.58,0.61,1.03,2.03,15.03,6.67
AC026124.1,lncRNA,5.61,1.92,0.52,1.16,3.76,12.06
AC026124.2,lncRNA,0.74,0.29,0.0,3.0,0.6,0.0
AC026150.1,lncRNA,1.49,0.53,1.99,0.65,1.64,1.7
AC026150.3,lncRNA,0.0,0.0,0.0,0.0,0.1,0.45
AC026167.1,lncRNA,0.0,0.0,0.0,0.0,0.08,0.53
AC026191.1,lncRNA,0.52,1.44,1.38,2.83,5.95,5.81
AC026202.1,lncRNA,0.25,0.25,0.25,2.08,0.3,1.68
AC026202.2,lncRNA,0.2,0.41,1.17,0.0,2.1,1.56
AC026202.3,lncRNA,0.88,2.48,5.87,0.77,8.61,7.0
AC026254.2,lncRNA,0.0,1.12,0.18,0.56,1.56,3.48
AC026271.4,lncRNA,1.53,1.08,1.66,4.07,9.93,6.06
AC026304.1,lncRNA,0.05,0.44,0.61,0.28,2.75,2.62
AC026310.1,lncRNA,0.12,0.3,0.0,7.5,0.63,3.16
AC026316.2,lncRNA,0.0,0.0,0.0,0.0,0.0,0.05
AC026316.3,lncRNA,0.73,2.57,3.75,3.38,14.35,13.16
AC026316.5,lncRNA,1.35,0.0,0.08,0.55,1.28,0.24
AC026320.1,lncRNA,0.0,0.0,0.0,0.0,0.53,1.11
AC026320.3,lncRNA,2.9,2.62,3.19,1.0,5.82,5.92
AC026329.1,lncRNA,1.15,3.84,5.58,7.37,17.79,17.96
AC026333.3,lncRNA,0.41,1.55,1.22,4.06,3.16,2.03
AC026333.4,lncRNA,0.0,0.0,0.0,0.0,0.39,1.0
AC026336.2,lncRNA,0.11,0.5,0.5,0.7,1.17,0.45
AC026336.3,lncRNA,1.23,1.9,1.91,6.03,6.64,8.26
AC026341.1,lncRNA,5.29,10.67,0.96,2.97,8.01,6.98
AC026341.2,lncRNA,0.24,1.45,2.77,0.36,9.17,9.5
AC026341.3,lncRNA,0.62,6.98,1.22,1.95,6.38,5.17
AC026347.1,lncRNA,0.0,0.17,0.0,0.0,0.25,0.13
AC026353.1,lncRNA,0.0,0.0,0.5,0.12,3.18,1.88
AC026355.2,lncRNA,0.0,1.17,0.0,0.14,0.41,0.18
AC026355.3,lncRNA,0.5,0.0,0.75,0.22,1.0,1.64
AC026356.1,lncRNA,0.0,0.0,0.0,0.0,1.64,0.62
AC026356.2,lncRNA,5.17,9.12,1.2,7.3,3.17,2.52
AC026358.1,lncRNA,1.0,1.24,0.51,2.33,8.65,6.07
AC026362.1,lncRNA,6.4,7.36,9.81,6.1,38.05,34.92
AC026367.1,lncRNA,0.33,1.39,0.64,0.28,2.09,3.17
AC026367.2,lncRNA,0.0,0.0,0.2,0.0,0.4,0.05
AC026367.3,lncRNA,0.09,0.0,0.14,0.0,1.89,0.12
AC026368.1,lncRNA,6.97,14.6,11.38,3.29,14.0,14.28
AC026369.1,lncRNA,5.04,2.22,6.25,19.36,45.32,48.98
AC026369.2,lncRNA,1.32,1.47,5.13,0.44,5.1,8.24
AC026369.3,lncRNA,0.0,0.0,0.06,0.0,2.23,6.69
AC026391.1,lncRNA,0.68,2.55,2.0,8.8,16.91,10.32
AC026401.1,lncRNA,0.25,2.5,0.0,1.2,1.76,0.7
AC026401.2,lncRNA,0.0,9.83,2.62,4.14,1.12,0.14
AC026401.3,lncRNA,0.62,5.0,0.11,0.57,0.89,5.87
AC026402.2,lncRNA,0.92,0.25,0.71,0.0,4.72,4.7
AC026408.1,lncRNA,2.0,2.0,0.0,0.05,1.19,1.31
AC026412.3,lncRNA,1.56,2.3,6.25,5.57,9.01,7.87
AC026412.4,lncRNA,3.1,2.45,2.28,3.71,16.32,13.47
AC026414.1,lncRNA,0.0,1.0,0.0,0.0,0.67,0.07
AC026415.1,lncRNA,5.06,1.03,2.16,0.47,2.81,2.66
AC026427.1,lncRNA,0.56,0.1,0.38,0.5,2.73,5.09
AC026433.1,lncRNA,0.0,0.07,0.0,0.0,1.82,2.94
AC026458.2,lncRNA,0.11,0.5,0.19,0.1,0.54,0.74
AC026461.1,lncRNA,0.0,0.0,0.0,0.05,0.21,1.39
AC026461.2,lncRNA,0.0,0.0,3.0,0.5,0.0,0.0
AC026461.3,lncRNA,0.0,0.17,0.59,0.0,0.36,0.5
AC026462.2,lncRNA,0.0,0.0,0.4,0.0,0.0,0.12
AC026462.3,lncRNA,3.17,4.83,2.12,4.5,30.14,22.8
AC026462.4,lncRNA,2.15,1.71,1.95,2.8,6.62,6.49
AC026462.5,lncRNA,0.06,1.0,2.35,0.0,11.72,7.87
AC026464.2,lncRNA,0.1,0.17,0.21,0.2,0.5,0.72
AC026469.1,lncRNA,4.26,2.78,3.96,4.03,14.72,16.32
AC026470.2,lncRNA,0.2,0.0,0.0,0.0,1.44,0.07
AC026470.3,lncRNA,0.0,0.0,0.17,0.0,0.4,0.53
AC026471.1,lncRNA,5.17,3.51,5.16,4.26,27.18,17.57
AC026471.2,lncRNA,1.63,0.34,0.33,1.25,3.12,4.68
AC026471.3,lncRNA,0.99,1.73,1.7,0.67,5.55,3.7
AC026471.4,lncRNA,0.0,0.5,0.5,1.0,1.72,0.89
AC026471.5,lncRNA,0.0,0.35,0.0,0.0,0.98,0.87
AC026474.1,lncRNA,0.0,5.21,0.36,4.15,1.0,3.86
AC026495.1,lncRNA,2.19,8.11,2.82,4.46,13.86,11.55
AC026495.2,lncRNA,0.26,0.12,1.05,0.29,4.32,2.49
AC026523.1,lncRNA,0.67,0.0,0.8,0.14,1.32,0.17
AC026523.3,lncRNA,0.0,1.67,0.0,0.0,1.12,2.33
AC026523.4,lncRNA,0.0,1.33,0.0,1.0,0.76,0.6
AC026583.1,lncRNA,0.12,0.06,0.05,0.0,0.8,1.67
AC026585.1,lncRNA,0.0,0.0,0.07,0.0,0.0,0.14
AC026620.1,lncRNA,0.08,0.0,0.0,0.0,0.16,0.24
AC026620.2,lncRNA,1.5,1.15,1.75,1.08,2.24,2.19
AC026624.1,lncRNA,0.12,3.77,0.29,1.0,2.15,3.69
AC026688.2,lncRNA,1.49,1.7,0.97,0.0,9.4,4.89
AC026691.1,lncRNA,1.16,0.98,2.27,3.36,16.77,12.66
AC026704.1,lncRNA,1.5,0.91,1.83,5.0,1.47,3.16
AC026719.1,lncRNA,0.0,0.0,0.0,0.0,0.52,0.09
AC026725.1,lncRNA,1.68,0.16,1.55,2.5,1.74,0.86
AC026726.1,lncRNA,1.7,0.1,2.2,0.87,2.8,3.0
AC026726.2,lncRNA,0.0,0.0,1.08,3.0,2.65,1.52
AC026736.1,lncRNA,0.17,0.0,0.0,0.75,1.18,2.47
AC026740.1,lncRNA,2.05,0.39,0.48,0.43,12.99,7.91
AC026741.1,lncRNA,0.28,0.0,0.39,0.0,3.39,1.16
AC026746.1,lncRNA,8.26,0.83,12.97,12.37,15.5,8.45
AC026748.3,lncRNA,4.31,0.95,4.85,3.42,13.54,14.21
AC026765.2,lncRNA,1.67,2.76,1.09,8.12,0.0,0.54
AC026765.3,lncRNA,5.39,4.78,2.8,5.3,12.1,7.85
AC026765.4,lncRNA,4.36,0.4,2.39,0.33,13.46,12.87
AC026770.1,lncRNA,0.25,0.11,0.96,0.08,1.06,4.47
AC026771.1,lncRNA,0.0,0.29,1.32,1.0,1.94,2.42
AC026774.1,lncRNA,0.6,0.45,4.12,2.0,10.51,7.1
AC026780.1,lncRNA,0.0,0.7,0.12,0.0,2.54,0.98
AC026780.2,lncRNA,0.26,0.6,0.17,0.42,3.56,1.72
AC026782.1,lncRNA,0.12,0.0,0.0,0.0,0.94,1.62
AC026782.2,lncRNA,0.0,0.0,1.0,0.0,0.35,0.45
AC026785.2,lncRNA,0.84,0.71,0.99,1.59,0.95,1.07
AC026785.3,lncRNA,0.0,0.5,1.17,2.29,4.97,5.57
AC026786.2,lncRNA,0.58,0.0,1.24,0.0,0.24,0.67
AC026787.1,lncRNA,0.0,0.0,0.0,0.0,0.0,2.17
AC026790.1,lncRNA,0.0,0.0,0.0,0.0,0.96,0.0
AC026803.1,lncRNA,0.0,0.07,0.31,0.58,1.36,1.62
AC026803.2,lncRNA,1.27,2.58,4.26,1.27,7.7,4.76
AC026803.3,lncRNA,0.11,0.12,0.0,1.27,0.98,0.8
AC026888.1,lncRNA,0.0,0.0,0.0,0.11,1.32,0.96
AC026894.1,lncRNA,4.81,2.25,2.75,3.75,25.67,21.49
AC026904.1,lncRNA,0.0,1.0,0.0,0.08,4.28,4.26
AC026904.2,lncRNA,0.32,2.81,2.12,3.79,17.75,10.74
AC026950.2,lncRNA,0.0,0.2,0.51,0.0,0.55,1.91
AC026954.3,lncRNA,0.5,1.02,0.48,0.63,0.89,0.49
AC026956.2,lncRNA,10.5,10.89,1.17,7.42,14.52,4.96
AC026979.1,lncRNA,0.0,0.0,0.0,0.0,0.05,0.0
AC026979.2,lncRNA,0.86,0.17,0.77,2.11,5.24,1.04
AC026979.3,lncRNA,0.0,0.0,0.0,0.0,0.0,0.33
AC026979.4,lncRNA,1.92,2.07,1.03,9.32,3.45,13.03
AC026991.1,lncRNA,0.0,0.0,0.12,0.11,0.06,0.32
AC026991.2,lncRNA,0.17,0.0,0.24,0.0,0.14,1.66
AC026992.1,lncRNA,5.17,4.79,2.75,2.25,6.47,11.52
AC026992.2,lncRNA,8.45,15.97,41.54,5.69,24.56,28.11
AC027013.1,lncRNA,2.05,0.0,0.0,0.75,3.34,6.25
AC027018.1,lncRNA,0.06,0.0,0.06,1.07,1.24,1.68
AC027020.1,lncRNA,0.08,0.7,0.16,1.1,2.06,0.57
AC027020.2,lncRNA,0.85,0.61,0.98,2.75,5.79,4.13
AC027031.1,lncRNA,0.11,0.0,0.0,0.0,1.08,0.0
AC027045.1,lncRNA,0.11,0.02,0.5,0.0,1.38,1.53
AC027045.2,lncRNA,3.9,2.24,0.0,0.0,4.79,3.89
AC027045.3,lncRNA,0.49,4.44,2.89,1.15,5.59,4.21
AC027088.1,lncRNA,0.48,0.14,1.35,1.81,5.34,4.54
AC027088.2,lncRNA,0.0,0.0,0.42,0.0,2.14,0.22
AC027088.3,lncRNA,0.32,0.06,0.25,0.12,2.24,2.33
AC027088.5,lncRNA,6.32,5.29,9.62,8.48,67.44,69.88
AC027097.1,lncRNA,1.0,5.23,0.48,0.89,7.06,9.19
AC027097.2,lncRNA,28.19,20.99,2.55,10.36,11.53,14.03
AC027117.1,lncRNA,2.67,13.93,3.33,1.71,10.39,8.35
AC027117.2,lncRNA,3.01,0.08,1.12,1.94,6.83,9.48
AC027128.1,lncRNA,0.38,2.01,1.35,2.09,10.41,10.94
AC027129.1,lncRNA,1.0,0.0,0.25,1.0,6.78,0.72
AC027130.1,lncRNA,0.0,0.2,0.3,0.32,3.59,5.32
AC027228.1,lncRNA,1.0,0.22,0.0,0.0,0.0,0.46
AC027228.2,lncRNA,0.58,0.0,0.0,0.21,3.48,2.73
AC027237.2,lncRNA,0.5,3.33,0.0,11.0,2.56,1.07
AC027237.3,lncRNA,6.22,3.09,8.86,7.2,22.59,16.8
AC027237.4,lncRNA,0.0,0.0,0.06,0.24,2.61,0.74
AC027243.1,lncRNA,0.1,1.25,2.56,0.61,7.97,8.88
AC027243.2,lncRNA,0.0,1.0,0.34,0.0,2.67,1.31
AC027243.3,lncRNA,0.62,0.0,0.24,0.07,2.22,0.77
AC027250.2,lncRNA,2.0,0.67,0.0,0.0,3.16,2.59
AC027251.1,lncRNA,2.06,6.37,2.91,5.65,17.25,15.88
AC027271.1,lncRNA,0.0,1.49,0.45,0.0,0.29,0.42
AC027277.1,lncRNA,0.0,0.0,0.0,0.5,2.06,0.39
AC027277.2,lncRNA,0.0,0.0,0.25,0.0,0.19,0.41
AC027279.1,lncRNA,5.58,2.69,2.18,2.42,43.43,33.5
AC027279.2,lncRNA,0.34,0.47,0.79,0.5,5.5,6.01
AC027287.2,lncRNA,0.33,0.15,0.0,0.14,7.02,9.38
AC027288.1,lncRNA,0.25,0.2,2.42,0.0,6.01,2.68
AC027288.3,lncRNA,1.98,3.33,1.44,2.15,4.01,8.61
AC027290.1,lncRNA,3.26,0.57,0.27,0.24,3.23,4.51
AC027307.1,lncRNA,1.33,2.37,6.51,0.5,7.12,7.39
AC027307.2,lncRNA,0.3,0.5,0.09,0.0,3.35,3.6
AC027307.3,lncRNA,0.08,2.0,0.0,2.0,1.95,0.31
AC027309.1,lncRNA,0.12,0.17,1.08,0.67,1.2,2.09
AC027315.1,lncRNA,0.0,0.0,0.0,0.0,4.48,6.98
AC027319.1,lncRNA,1.0,2.12,0.0,1.62,0.53,0.25
AC027329.1,lncRNA,0.0,2.21,0.14,2.0,3.3,4.37
AC027335.1,lncRNA,0.0,0.25,0.0,0.0,0.0,0.0
AC027338.1,lncRNA,0.0,0.0,0.33,0.0,1.4,0.44
AC027338.2,lncRNA,0.17,0.0,0.0,0.0,0.12,0.5
AC027343.1,lncRNA,0.0,0.0,0.0,0.0,0.62,0.45
AC027343.2,lncRNA,0.0,1.5,0.12,0.0,3.03,1.42
AC027343.3,lncRNA,0.1,0.0,0.0,0.0,1.39,1.31
AC027348.1,lncRNA,0.19,0.33,0.0,0.67,2.6,3.24
AC027373.1,lncRNA,0.12,0.12,0.33,1.0,1.22,1.99
AC027419.2,lncRNA,0.5,0.4,0.08,0.0,1.56,1.02
AC027449.1,lncRNA,0.0,0.25,0.2,0.33,0.28,6.28
AC027451.1,lncRNA,0.63,0.17,0.27,1.33,2.89,2.61
AC027458.1,lncRNA,0.0,1.0,0.0,0.0,0.0,1.4
AC027514.1,lncRNA,0.0,0.35,0.19,0.45,1.59,3.68
AC027514.2,lncRNA,0.0,0.0,0.0,0.0,0.39,0.06
AC027541.1,lncRNA,0.0,0.0,0.37,0.61,13.65,11.23
AC027544.2,lncRNA,0.17,0.0,0.0,0.0,0.14,0.87
AC027575.2,lncRNA,6.17,2.63,1.8,2.11,3.11,2.2
AC027584.1,lncRNA,0.25,1.0,4.0,0.2,1.31,6.76
AC027601.1,lncRNA,4.43,2.63,6.8,6.77,40.8,36.12
AC027601.2,lncRNA,0.25,0.25,0.5,1.29,2.11,3.02
AC027601.3,lncRNA,0.68,0.97,0.12,0.36,2.57,1.51
AC027601.5,lncRNA,25.83,14.09,18.41,16.85,81.64,72.75
AC027607.1,lncRNA,0.33,1.0,0.0,1.0,2.81,1.77
AC027612.3,lncRNA,2.69,1.0,0.0,0.0,1.72,2.15
AC027627.1,lncRNA,0.0,0.39,0.5,0.45,1.74,0.76
AC027644.3,lncRNA,0.12,0.12,0.32,0.79,0.62,2.65
AC027682.1,lncRNA,0.86,1.0,4.72,1.06,9.56,5.9
AC027682.2,lncRNA,0.0,0.0,0.03,0.5,0.17,0.5
AC027682.3,lncRNA,0.0,0.0,0.0,0.0,0.17,0.0
AC027682.4,lncRNA,2.14,7.84,14.46,7.31,73.23,29.53
AC027682.5,lncRNA,0.16,0.05,0.53,7.1,3.69,4.91
AC027682.6,lncRNA,1.09,2.76,2.97,1.76,14.45,21.36
AC027688.1,lncRNA,0.0,1.0,0.0,0.0,1.38,1.11
AC027688.2,lncRNA,0.12,0.0,0.58,4.17,2.36,1.3
AC027698.1,lncRNA,0.0,0.5,0.08,0.0,0.33,0.1
AC027702.1,lncRNA,3.23,7.49,4.45,4.43,23.21,21.72
AC027763.2,lncRNA,0.2,0.0,4.0,0.0,2.58,0.34
AC027779.1,lncRNA,0.25,0.71,0.58,0.25,0.96,2.02
AC027796.1,lncRNA,3.45,2.53,5.85,5.17,41.27,42.09
AC027796.4,lncRNA,0.07,1.5,1.78,5.17,9.46,3.41
AC027796.5,lncRNA,0.06,0.0,0.07,1.17,0.17,0.69
AC027801.1,lncRNA,0.95,0.25,0.46,3.0,5.53,5.58
AC027801.2,lncRNA,0.14,1.22,1.84,1.25,19.25,21.56
AC027801.4,lncRNA,0.0,1.4,1.17,0.67,0.33,2.9
AC027801.5,lncRNA,0.0,0.15,0.19,0.1,0.07,0.65
AC027804.1,lncRNA,0.0,0.0,0.25,0.0,1.08,0.53
AC027807.2,lncRNA,2.83,0.0,0.0,0.0,0.0,0.33
AC027808.1,lncRNA,0.12,0.5,0.0,0.25,2.45,2.02
AC027808.2,lncRNA,0.0,0.5,0.0,0.25,2.27,1.12
AC027811.1,lncRNA,19.0,2.93,0.42,29.88,3.29,5.77
AC032011.1,lncRNA,0.1,0.0,1.0,1.0,0.36,1.2
AC032019.1,lncRNA,0.0,0.0,0.14,0.7,0.29,0.33
AC032019.2,lncRNA,1.0,0.0,0.17,0.0,0.21,0.17
AC032044.1,lncRNA,0.0,0.06,0.0,0.0,0.22,0.08
AC034102.3,lncRNA,0.0,0.0,0.0,0.32,3.24,1.22
AC034102.4,lncRNA,1.46,1.82,2.25,1.09,8.59,10.21
AC034102.5,lncRNA,0.31,0.72,0.7,1.0,2.93,2.13
AC034102.6,lncRNA,1.25,3.93,5.88,1.64,14.87,12.22
AC034102.7,lncRNA,0.07,0.36,0.04,0.0,0.32,0.85
AC034102.8,lncRNA,0.55,0.0,0.17,0.34,0.27,0.86
AC034110.1,lncRNA,2.15,8.13,8.62,3.08,36.61,50.54
AC034111.1,lncRNA,3.46,9.48,2.85,12.03,11.64,15.71
AC034111.2,lncRNA,3.77,8.96,0.87,5.84,4.04,5.24
AC034114.2,lncRNA,5.19,6.75,11.54,14.93,77.95,65.23
AC034139.1,lncRNA,1.7,3.14,0.5,1.23,2.5,6.05
AC034148.1,lncRNA,0.5,0.2,1.0,0.14,2.83,3.24
AC034154.1,lncRNA,0.0,4.0,0.0,0.0,0.76,0.11
AC034159.2,lncRNA,0.0,4.33,0.0,1.7,1.1,0.81
AC034187.1,lncRNA,1.14,2.92,1.29,3.15,9.89,6.01
AC034193.1,lncRNA,0.0,0.0,0.1,0.12,0.32,0.04
AC034195.1,lncRNA,6.0,0.33,3.0,2.56,24.73,27.8
AC034198.2,lncRNA,0.0,0.14,0.0,0.0,0.17,0.17
AC034199.1,lncRNA,0.6,0.05,0.12,0.12,6.44,10.27
AC034199.2,lncRNA,0.33,0.25,2.17,0.12,1.05,2.28
AC034206.1,lncRNA,2.46,0.25,0.12,1.21,2.37,1.81
AC034213.1,lncRNA,0.0,0.0,0.09,0.0,0.5,1.08
AC034222.2,lncRNA,0.0,0.2,0.0,1.0,2.06,3.0
AC034223.1,lncRNA,0.0,1.0,0.0,0.5,2.66,2.41
AC034223.2,lncRNA,0.0,0.0,0.08,0.0,0.42,1.0
AC034226.1,lncRNA,0.17,1.14,0.0,0.0,0.62,0.08
AC034228.1,lncRNA,1.0,0.0,0.99,0.0,0.41,0.81
AC034228.2,lncRNA,0.0,0.0,0.0,0.0,25.3,4.69
AC034229.1,lncRNA,1.73,0.14,1.15,1.31,4.58,2.87
AC034229.2,lncRNA,0.08,0.73,0.22,0.72,2.93,2.7
AC034229.3,lncRNA,0.08,0.73,0.22,0.72,2.76,2.7
AC034229.4,lncRNA,0.0,0.0,0.0,0.0,0.05,0.0
AC034231.1,lncRNA,0.12,2.4,4.48,0.49,7.79,5.53
AC034232.1,lncRNA,0.5,1.44,0.0,0.14,2.69,4.06
AC034234.1,lncRNA,0.0,0.0,0.67,0.0,0.83,0.37
AC034236.2,lncRNA,1.17,2.29,0.7,2.19,14.74,19.53
AC034236.3,lncRNA,0.0,0.05,0.0,1.33,1.59,0.27
AC034238.1,lncRNA,1.0,9.49,1.62,4.66,60.41,40.28
AC034238.2,lncRNA,1.11,0.47,0.0,0.25,0.5,0.79
AC034238.3,lncRNA,0.0,0.0,0.08,3.0,0.0,1.2
AC034243.1,lncRNA,3.04,2.33,1.21,0.25,3.39,6.82
AC034245.1,lncRNA,0.0,0.0,1.08,0.0,3.42,0.49
AC034268.2,lncRNA,4.5,6.27,0.75,7.0,4.64,4.93
AC035139.1,lncRNA,0.0,0.0,0.0,0.0,0.08,0.0
AC035139.2,lncRNA,4.12,2.75,0.16,0.0,1.52,3.8
AC035140.1,lncRNA,0.4,0.2,0.49,0.33,1.21,1.59
AC036101.1,lncRNA,0.0,0.0,0.83,1.5,1.25,2.62
AC036103.1,lncRNA,1.83,3.0,1.64,1.33,1.45,1.88
AC036108.1,lncRNA,1.25,6.6,1.08,2.42,10.05,10.83
AC036108.2,lncRNA,2.02,2.06,3.89,1.3,6.73,6.28
AC036108.3,lncRNA,1.0,0.33,0.7,0.65,4.23,4.96
AC036176.1,lncRNA,4.33,2.23,3.65,2.16,5.0,8.85
AC036176.3,lncRNA,0.62,1.55,0.62,6.33,1.39,4.02
AC036214.1,lncRNA,3.03,3.08,3.83,2.83,8.54,9.6
AC036214.2,lncRNA,0.11,0.27,0.06,0.0,0.53,0.83
AC036214.4,lncRNA,5.81,2.01,2.43,6.33,15.31,14.84
AC036222.1,lncRNA,0.0,1.0,0.0,1.0,1.86,0.39
AC036222.2,lncRNA,0.0,0.0,0.0,0.69,0.95,1.2
AC037193.1,lncRNA,0.43,2.12,2.49,2.89,15.04,9.83
AC037198.1,lncRNA,1.5,1.35,0.87,0.0,3.06,2.09
AC037198.2,lncRNA,0.25,0.14,0.0,0.0,1.54,0.06
AC037433.1,lncRNA,0.0,2.06,0.68,7.0,17.09,1.33
AC037441.1,lncRNA,3.53,5.01,6.18,4.73,16.68,11.4
AC037441.2,lncRNA,0.0,1.0,0.07,0.1,2.0,1.68
AC037450.1,lncRNA,0.0,0.09,0.2,0.2,2.33,4.27
AC037459.2,lncRNA,0.92,1.7,3.92,3.39,11.19,6.02
AC037459.3,lncRNA,21.26,2.69,3.77,0.91,19.78,4.11
AC037459.4,lncRNA,0.33,0.25,4.37,0.57,6.31,4.33
AC037486.1,lncRNA,0.71,0.59,3.24,3.45,10.2,11.03
AC037487.1,lncRNA,1.12,0.86,0.0,0.95,1.46,1.04
AC037487.2,lncRNA,2.1,0.73,0.0,0.05,0.12,0.12
AC037487.4,lncRNA,0.05,0.5,0.12,0.0,1.03,0.6
AC039056.1,lncRNA,1.0,0.0,0.0,1.0,1.43,0.0
AC039056.2,lncRNA,1.17,0.25,0.76,0.2,2.72,3.56
AC040160.1,lncRNA,0.19,2.24,1.72,1.47,6.28,3.74
AC040162.3,lncRNA,10.63,12.85,35.03,9.21,14.01,14.34
AC040168.1,lncRNA,5.77,6.61,6.95,24.82,38.93,39.94
AC040169.1,lncRNA,3.97,1.78,6.1,15.43,15.15,13.42
AC040169.3,lncRNA,0.11,0.23,0.41,0.0,3.08,1.43
AC040169.4,lncRNA,5.04,3.31,7.07,1.78,8.87,12.07
AC040173.1,lncRNA,0.65,2.06,2.8,3.83,4.89,7.11
AC040174.1,lncRNA,1.55,0.85,1.0,1.17,11.57,3.24
AC040174.2,lncRNA,0.0,0.0,0.0,0.0,0.0,0.11
AC040896.1,lncRNA,0.0,3.0,2.0,1.0,0.08,0.15
AC040914.1,lncRNA,0.6,2.56,0.83,4.0,0.75,1.47
AC040934.1,lncRNA,0.58,0.38,1.1,0.58,9.66,8.23
AC040936.1,lncRNA,0.0,0.0,0.0,0.0,0.17,0.2
AC040963.1,lncRNA,6.22,3.16,3.0,5.25,10.68,7.69
AC040970.1,lncRNA,2.4,2.21,3.34,4.73,11.9,11.33
AC040977.1,lncRNA,0.0,0.0,0.76,1.28,0.99,0.9
AC040977.2,lncRNA,0.13,0.0,0.54,1.0,1.16,0.41
AC041005.1,lncRNA,1.89,3.13,0.33,2.17,9.26,6.3
AC044781.1,lncRNA,0.0,0.33,0.0,3.0,1.28,0.07
AC044784.1,lncRNA,0.48,0.4,0.0,0.0,0.08,0.95
AC044798.1,lncRNA,0.5,0.07,0.0,3.0,0.07,0.0
AC044798.2,lncRNA,0.0,0.2,1.43,0.5,0.0,2.29
AC044798.3,lncRNA,0.37,3.83,3.98,10.31,8.42,10.91
AC044802.1,lncRNA,0.64,2.0,3.25,4.26,12.4,14.57
AC044802.2,lncRNA,0.14,2.0,0.68,1.0,1.21,0.94
AC044810.2,lncRNA,2.52,0.97,0.03,0.0,11.09,7.86
AC044810.3,lncRNA,0.03,0.09,0.03,0.0,0.16,0.92
AC044839.1,lncRNA,15.43,14.78,16.69,24.31,355.88,289.41
AC044839.2,lncRNA,0.7,2.81,5.42,0.0,7.15,4.52
AC044839.3,lncRNA,1.0,0.0,0.0,0.0,0.51,1.0
AC044840.1,lncRNA,0.0,0.0,0.14,0.0,13.67,9.73
AC044849.1,lncRNA,3.5,2.24,11.54,1.74,13.43,11.57
AC044873.1,lncRNA,0.08,3.0,0.0,0.0,1.0,0.46
AC044893.1,lncRNA,5.53,0.07,1.92,4.0,4.95,3.64
AC044893.2,lncRNA,0.12,0.0,0.0,0.0,0.75,0.25
AC046129.1,lncRNA,0.0,0.2,0.0,0.0,0.06,0.17
AC046130.1,lncRNA,4.86,4.63,7.29,4.37,86.0,74.66
AC046130.2,lncRNA,0.0,5.0,0.2,0.76,0.94,2.11
AC046134.2,lncRNA,1.3,15.54,4.18,9.49,29.23,31.73
AC046143.1,lncRNA,1.14,1.73,2.69,0.92,7.02,2.62
AC046143.2,lncRNA,0.0,0.0,0.2,0.0,0.0,0.4
AC046158.1,lncRNA,0.28,0.5,0.0,0.0,0.06,1.54
AC046158.2,lncRNA,0.29,1.33,0.15,0.0,0.42,0.81
AC046168.1,lncRNA,4.52,2.26,3.49,2.41,12.83,8.24
AC046168.2,lncRNA,0.62,0.43,2.7,0.51,14.49,7.5
AC046195.1,lncRNA,1.0,1.99,1.0,5.29,6.68,5.05
AC046195.2,lncRNA,1.24,0.0,1.01,0.79,3.81,2.1
AC048337.1,lncRNA,0.46,1.03,0.53,0.03,2.7,3.68
AC048341.1,lncRNA,9.94,17.85,3.94,13.01,16.8,57.14
AC048341.2,lncRNA,0.0,0.0,0.0,2.0,0.17,0.17
AC048344.1,lncRNA,0.0,0.17,0.0,8.0,0.35,0.37
AC048344.4,lncRNA,1.0,0.0,0.0,0.0,0.0,0.0
AC048352.1,lncRNA,0.5,0.71,0.0,0.46,2.85,8.56
AC048380.1,lncRNA,0.2,0.5,0.75,0.43,3.85,2.46
AC048382.1,lncRNA,0.1,0.27,0.5,0.43,1.78,4.29
AC048382.2,lncRNA,0.07,0.0,0.0,0.07,0.1,0.24
AC048382.4,lncRNA,0.44,0.92,0.35,0.98,3.12,2.32
AC048382.5,lncRNA,4.0,5.62,3.86,2.62,22.47,18.58
AC048382.6,lncRNA,1.94,12.94,1.17,22.97,4.3,8.63
AC048383.1,lncRNA,0.0,0.33,0.0,0.0,0.22,0.75
AC048387.1,lncRNA,0.0,0.0,1.0,0.0,0.0,0.25
AC051618.1,lncRNA,1.5,0.12,0.0,0.0,1.08,0.08
AC051619.10,lncRNA,0.33,1.0,1.77,1.06,2.75,2.07
AC051619.3,lncRNA,0.25,0.41,0.0,0.19,0.0,0.3
AC051619.4,lncRNA,4.4,0.5,2.06,7.44,8.26,12.89
AC051619.5,lncRNA,0.02,0.17,0.33,1.06,1.12,0.27
AC051619.6,lncRNA,149.61,52.9,448.2,81.49,431.3,340.65
AC051619.7,lncRNA,149.11,49.4,446.51,80.04,428.87,332.69
AC051635.1,lncRNA,1.09,1.45,0.31,1.09,5.26,4.62
AC051649.1,lncRNA,0.48,1.0,0.06,0.12,2.2,0.94
AC053503.1,lncRNA,1.86,1.96,6.66,2.44,12.94,10.64
AC053503.3,lncRNA,0.0,0.0,0.42,0.03,0.09,0.38
AC053503.4,lncRNA,0.55,0.31,1.67,1.15,5.24,4.36
AC053513.1,lncRNA,1.21,1.19,0.0,3.5,4.71,1.3
AC053513.2,lncRNA,6.17,0.13,0.0,8.14,0.41,0.86
AC053527.2,lncRNA,2.42,2.0,1.71,2.75,4.15,2.59
AC053545.1,lncRNA,6.97,8.32,7.52,7.64,13.44,19.27
AC055714.1,lncRNA,4.18,2.87,1.29,3.87,15.3,10.9
AC055716.3,lncRNA,0.07,0.09,0.0,0.09,0.43,1.21
AC055717.1,lncRNA,4.94,3.03,10.6,5.86,271.16,139.66
AC055717.2,lncRNA,0.25,0.07,0.12,0.44,2.66,1.27
AC055720.1,lncRNA,0.0,0.06,0.0,1.9,0.95,0.75
AC055720.2,lncRNA,1.0,0.07,0.0,0.0,0.0,0.0
AC055720.3,lncRNA,0.0,0.0,0.0,3.33,4.36,2.78
AC055733.2,lncRNA,0.0,0.0,1.0,0.0,0.07,0.0
AC055736.1,lncRNA,0.0,0.09,0.0,0.0,0.55,1.37
AC055758.1,lncRNA,0.0,0.0,0.33,0.14,1.62,0.0
AC055758.2,lncRNA,1.0,1.0,0.67,1.0,3.06,3.51
AC055764.1,lncRNA,0.17,0.0,0.0,0.25,1.58,2.67
AC055764.2,lncRNA,0.0,0.5,0.14,0.0,0.58,0.09
AC055788.1,lncRNA,0.0,0.33,1.67,0.44,0.89,5.25
AC055788.2,lncRNA,0.54,0.08,0.2,3.0,5.05,2.48
AC055807.1,lncRNA,0.0,3.0,0.5,0.33,3.22,1.48
AC055811.1,lncRNA,0.08,0.0,1.53,0.0,7.34,4.32
AC055811.3,lncRNA,0.08,0.84,0.48,1.0,2.77,1.27
AC055822.1,lncRNA,0.0,0.05,0.0,0.0,0.39,0.16
AC055840.1,lncRNA,0.17,0.79,0.83,2.0,1.55,1.34
AC055854.1,lncRNA,6.74,8.88,11.9,5.74,78.31,77.69
AC055855.1,lncRNA,0.0,1.0,0.14,1.0,1.73,0.08
AC055855.2,lncRNA,0.07,0.0,0.25,0.0,1.02,0.05
AC055860.1,lncRNA,0.04,1.31,0.5,0.0,0.67,2.13
AC055872.2,lncRNA,0.0,0.0,0.45,0.11,2.66,4.49
AC055878.1,lncRNA,0.42,0.58,0.27,1.4,1.01,1.13
AC058791.1,lncRNA,1.19,2.43,2.5,4.34,22.84,18.34
AC060234.1,lncRNA,0.0,0.0,0.0,0.0,1.51,2.23
AC060234.2,lncRNA,0.15,2.34,1.41,1.0,6.07,6.1
AC060234.3,lncRNA,2.0,0.0,2.0,6.0,0.5,3.64
AC060765.1,lncRNA,0.0,1.0,0.0,0.17,3.55,1.23
AC060765.2,lncRNA,1.56,1.57,1.52,7.03,4.65,11.01
AC060766.3,lncRNA,0.0,0.4,0.17,0.0,0.25,0.0
AC060766.5,lncRNA,0.0,0.0,0.0,2.0,1.42,1.54
AC060766.6,lncRNA,1.33,0.23,0.04,0.1,25.4,40.22
AC060780.1,lncRNA,4.22,6.01,3.76,6.64,12.7,12.74
AC060809.1,lncRNA,0.0,0.27,0.33,0.0,2.31,1.13
AC060814.2,lncRNA,2.42,1.25,6.48,3.84,13.51,12.68
AC060814.3,lncRNA,0.25,0.09,0.51,0.0,1.35,1.2
AC060814.4,lncRNA,0.0,0.5,0.08,0.0,0.81,0.4
AC060834.2,lncRNA,0.33,0.27,0.54,1.0,0.6,1.73
AC061708.1,lncRNA,0.05,0.0,0.33,1.5,4.09,0.61
AC061709.2,lncRNA,1.25,0.47,3.81,0.51,5.84,3.15
AC061958.1,lncRNA,2.42,6.11,0.18,2.64,3.67,2.21
AC061961.1,lncRNA,2.77,2.31,4.17,1.74,18.56,13.27
AC061975.1,lncRNA,3.12,6.32,2.06,1.58,10.03,7.93
AC061975.4,lncRNA,0.0,0.0,0.25,0.0,1.56,0.7
AC061975.6,lncRNA,0.29,0.5,0.89,1.24,3.26,2.26
AC061975.7,lncRNA,0.14,0.06,0.0,0.12,1.0,0.34
AC061975.8,lncRNA,0.06,1.74,1.0,0.0,1.59,1.6
AC061979.1,lncRNA,1.75,1.34,3.0,2.94,7.58,4.6
AC061992.2,lncRNA,1.35,3.6,3.53,6.01,8.46,4.71
AC062004.1,lncRNA,0.33,0.33,2.0,2.11,1.01,3.06
AC062015.1,lncRNA,0.23,0.58,1.5,4.22,6.68,4.93
AC062020.1,lncRNA,0.3,0.17,0.1,0.5,8.72,9.52
AC062021.1,lncRNA,0.08,0.08,0.57,0.08,1.11,0.83
AC062022.2,lncRNA,0.79,10.71,2.11,2.71,11.14,14.07
AC062028.1,lncRNA,1.31,4.25,5.39,4.65,32.81,28.23
AC062029.1,lncRNA,3.87,0.61,0.76,5.12,8.87,9.46
AC062032.1,lncRNA,0.0,0.0,0.0,0.0,2.8,0.0
AC062037.2,lncRNA,0.0,0.0,0.0,0.0,0.17,0.0
AC062037.3,lncRNA,1.23,3.68,3.84,3.51,28.55,24.36
AC062039.1,lncRNA,0.2,0.05,0.1,0.0,0.2,0.0
AC063919.1,lncRNA,0.85,3.36,2.33,1.87,11.58,7.53
AC063919.2,lncRNA,0.4,2.34,4.48,3.8,1.27,2.32
AC063923.2,lncRNA,0.0,0.14,0.1,0.17,0.35,0.14
AC063926.1,lncRNA,1.14,0.33,0.39,0.0,0.4,0.37
AC063938.1,lncRNA,0.49,4.2,0.56,0.58,4.85,9.22
AC063943.1,lncRNA,0.0,0.0,0.0,0.0,0.07,0.5
AC063944.1,lncRNA,1.17,2.69,2.54,2.2,6.91,9.73
AC063944.2,lncRNA,0.0,0.0,0.0,0.0,0.2,0.07
AC063947.1,lncRNA,0.0,0.0,2.0,0.0,0.56,0.0
AC063948.1,lncRNA,5.0,0.33,1.0,1.0,1.46,0.92
AC063949.2,lncRNA,0.23,0.47,1.75,0.88,2.03,1.75
AC063952.4,lncRNA,0.0,0.07,0.32,0.0,0.65,0.7
AC063960.1,lncRNA,0.12,1.5,0.29,0.05,2.29,1.27
AC063960.2,lncRNA,2.68,3.24,6.46,2.33,13.46,19.64
AC063962.1,lncRNA,0.0,0.25,0.0,0.0,1.82,2.45
AC063965.2,lncRNA,2.67,0.83,0.77,2.5,9.37,10.42
AC063976.1,lncRNA,1.0,0.0,0.07,0.32,0.82,0.77
AC063977.3,lncRNA,0.12,0.33,0.62,0.7,2.5,3.62
AC063977.5,lncRNA,27.92,7.82,47.99,17.02,478.16,454.32
AC063979.1,lncRNA,0.2,0.46,0.53,0.09,4.58,6.12
AC063980.1,lncRNA,1.33,3.17,0.25,4.0,3.23,3.27
AC064799.2,lncRNA,0.0,0.21,0.59,1.05,2.64,2.43
AC064801.1,lncRNA,0.0,0.14,0.0,0.0,2.59,1.93
AC064802.1,lncRNA,0.0,0.25,0.26,0.07,1.23,4.28
AC064805.1,lncRNA,0.73,3.95,2.6,4.19,16.28,13.73
AC064805.2,lncRNA,4.43,12.81,6.22,4.12,17.97,21.13
AC064807.1,lncRNA,1.22,9.03,1.6,13.29,22.76,11.7
AC064807.2,lncRNA,0.25,0.0,0.05,1.94,1.84,2.11
AC064807.3,lncRNA,0.0,0.0,1.2,1.0,2.2,2.27
AC064807.4,lncRNA,0.0,0.0,0.5,0.0,1.0,0.59
AC064834.1,lncRNA,0.17,0.0,0.14,0.0,0.12,1.44
AC064836.1,lncRNA,0.0,0.0,0.83,0.0,0.06,0.19
AC064836.2,lncRNA,1.05,0.78,3.04,3.67,10.47,3.9
AC064836.3,lncRNA,3.45,7.1,2.01,3.2,0.4,5.03
AC064843.1,lncRNA,6.63,14.67,6.6,79.73,7.29,30.55
AC064852.1,lncRNA,0.06,0.08,0.31,2.15,3.75,2.62
AC064853.1,lncRNA,0.12,0.05,1.0,0.06,2.57,5.02
AC064856.1,lncRNA,0.0,1.0,0.0,0.25,0.42,0.25
AC064869.1,lncRNA,0.0,0.5,0.0,0.0,4.55,1.53
AC064871.2,lncRNA,0.0,0.0,0.0,0.06,4.41,10.6
AC064874.1,lncRNA,0.1,0.0,0.0,1.17,0.81,0.68
AC064875.1,lncRNA,1.87,0.75,0.76,1.26,10.47,13.6
AC066580.1,lncRNA,0.27,2.71,2.77,2.16,6.77,6.44
AC066585.1,lncRNA,3.67,0.0,0.32,1.06,1.09,2.95
AC066595.1,lncRNA,0.0,0.0,2.0,0.25,0.14,0.17
AC066595.2,lncRNA,0.53,0.73,2.12,6.73,7.21,11.52
AC066612.1,lncRNA,1.03,1.2,0.2,2.21,4.2,3.59
AC066612.2,lncRNA,0.0,0.0,0.0,0.0,0.35,0.28
AC066613.1,lncRNA,2.29,1.34,3.87,4.38,2.85,3.14
AC066613.2,lncRNA,0.0,0.0,0.0,0.0,0.28,1.0
AC066614.1,lncRNA,0.0,1.0,0.7,0.0,1.46,1.93
AC067747.1,lncRNA,0.0,0.06,0.21,0.0,0.1,0.55
AC067750.1,lncRNA,4.78,6.0,4.71,5.96,22.88,21.21
AC067751.1,lncRNA,2.5,3.89,4.23,3.86,10.56,12.12
AC067752.1,lncRNA,2.19,0.82,2.25,0.5,5.75,3.54
AC067773.1,lncRNA,2.71,7.62,6.69,5.75,53.02,115.74
AC067817.1,lncRNA,0.0,0.0,0.17,0.0,0.4,0.2
AC067817.2,lncRNA,0.5,1.82,2.94,4.98,25.93,22.05
AC067838.1,lncRNA,1.04,2.07,0.46,0.0,0.47,1.88
AC067852.1,lncRNA,1.03,0.75,0.36,0.31,3.7,4.02
AC067852.2,lncRNA,1.45,0.78,4.59,0.77,10.21,10.7
AC067852.3,lncRNA,1.17,3.25,0.48,6.72,5.45,2.31
AC067852.5,lncRNA,0.0,0.61,0.06,0.0,5.72,5.37
AC067863.1,lncRNA,1.72,3.0,0.62,1.5,7.51,3.64
AC067930.1,lncRNA,0.02,2.49,0.04,0.05,1.11,2.68
AC067930.2,lncRNA,2.0,0.67,0.56,0.33,1.28,1.62
AC067930.3,lncRNA,0.29,0.69,3.01,0.74,2.7,4.14
AC067930.4,lncRNA,23.81,68.78,66.51,49.94,329.89,587.13
AC067930.8,lncRNA,0.88,6.44,2.39,2.74,7.16,7.11
AC067942.4,lncRNA,5.49,14.39,13.95,7.95,62.71,56.89
AC067945.1,lncRNA,3.0,4.0,0.0,1.33,1.38,1.0
AC067945.2,lncRNA,0.5,0.0,0.2,1.0,1.24,0.56
AC067945.3,lncRNA,0.0,0.08,2.73,0.17,4.24,3.37
AC067956.1,lncRNA,0.36,1.57,2.65,4.18,5.63,10.22
AC067960.1,lncRNA,3.01,4.39,7.2,4.05,58.56,46.59
AC067968.2,lncRNA,0.39,0.4,1.06,0.0,1.13,0.55
AC067969.1,lncRNA,0.06,0.0,0.39,1.0,2.01,1.21
AC067969.2,lncRNA,8.31,1.65,5.21,1.27,7.7,9.35
AC068014.1,lncRNA,0.0,0.55,0.06,0.11,0.17,2.3
AC068020.1,lncRNA,0.25,0.43,0.0,1.52,0.61,1.5
AC068025.1,lncRNA,0.1,0.3,0.38,1.45,1.6,2.28
AC068025.2,lncRNA,0.4,7.0,0.0,5.5,0.12,2.5
AC068051.1,lncRNA,10.0,9.0,4.05,8.0,44.64,59.1
AC068057.1,lncRNA,0.3,1.0,0.39,0.58,5.06,3.25
AC068057.3,lncRNA,4.44,2.9,1.45,3.84,5.76,6.1
AC068058.1,lncRNA,0.0,0.33,0.0,0.33,0.28,3.15
AC068075.1,lncRNA,4.86,0.47,5.2,1.59,8.33,14.34
AC068075.2,lncRNA,0.0,0.07,0.0,0.0,0.25,1.24
AC068112.1,lncRNA,2.08,1.14,0.77,2.5,3.7,1.83
AC068134.1,lncRNA,0.66,0.6,2.46,0.38,5.19,6.24
AC068134.2,lncRNA,0.05,0.17,4.17,0.69,13.24,7.41
AC068135.2,lncRNA,1.08,0.98,0.42,0.29,1.46,0.67
AC068189.1,lncRNA,0.41,4.02,2.25,0.33,6.17,1.89
AC068189.2,lncRNA,0.5,0.49,0.25,2.0,0.74,4.34
AC068193.1,lncRNA,0.19,0.07,0.59,0.07,0.88,1.39
AC068196.1,lncRNA,1.97,2.72,0.62,8.22,4.34,10.55
AC068205.1,lncRNA,0.45,0.88,2.72,3.56,5.16,11.07
AC068205.2,lncRNA,4.62,4.6,1.37,15.64,8.46,18.45
AC068228.1,lncRNA,0.74,4.36,1.09,0.71,3.66,4.87
AC068228.3,lncRNA,3.08,13.58,1.25,12.39,13.77,17.38
AC068234.2,lncRNA,0.0,0.41,0.17,0.25,0.12,2.69
AC068254.1,lncRNA,0.0,0.2,0.0,0.0,0.53,0.43
AC068279.2,lncRNA,0.36,0.74,1.13,0.58,1.45,2.24
AC068282.1,lncRNA,0.77,0.24,1.03,1.9,10.83,10.39
AC068282.2,lncRNA,0.38,2.5,7.0,1.0,0.89,3.35
AC068286.1,lncRNA,0.0,0.11,1.08,0.18,1.03,1.11
AC068286.2,lncRNA,1.81,0.0,3.0,5.17,5.07,1.86
AC068295.1,lncRNA,0.0,0.0,0.0,0.5,1.48,1.0
AC068305.2,lncRNA,0.0,0.24,0.25,0.0,5.23,5.06
AC068308.1,lncRNA,0.37,8.27,3.56,5.66,15.19,19.41
AC068338.2,lncRNA,0.89,1.81,3.15,1.72,15.14,18.2
AC068338.3,lncRNA,0.06,1.17,0.23,0.66,1.16,0.52
AC068385.1,lncRNA,0.0,0.0,0.0,0.67,0.47,0.65
AC068389.1,lncRNA,4.04,8.89,13.54,7.85,21.52,20.29
AC068389.2,lncRNA,0.25,0.0,0.3,2.0,4.09,0.99
AC068389.3,lncRNA,0.0,0.0,0.0,0.0,0.25,0.17
AC068397.1,lncRNA,0.0,0.0,0.0,1.7,1.48,1.5
AC068397.2,lncRNA,0.81,0.0,0.0,0.33,0.58,2.51
AC068408.1,lncRNA,0.0,1.0,0.58,0.0,6.37,4.6
AC068408.2,lncRNA,0.17,0.0,0.0,3.03,0.78,0.62
AC068413.1,lncRNA,7.0,11.0,1.5,1.0,26.37,25.42
AC068418.1,lncRNA,0.17,0.0,0.0,0.0,0.17,0.31
AC068418.2,lncRNA,1.77,0.78,1.14,1.79,6.06,6.55
AC068418.3,lncRNA,1.55,6.85,4.07,1.82,16.59,14.24
AC068442.1,lncRNA,0.53,0.25,0.0,0.25,3.18,3.45
AC068446.2,lncRNA,1.58,0.25,0.98,0.72,3.8,2.59
AC068473.1,lncRNA,0.36,1.72,2.94,3.39,6.3,7.88
AC068473.2,lncRNA,0.0,0.0,0.06,0.06,1.39,1.87
AC068473.3,lncRNA,9.32,4.73,9.43,16.6,31.65,30.77
AC068473.4,lncRNA,1.49,0.6,0.33,3.67,1.89,1.27
AC068473.5,lncRNA,2.32,5.59,11.0,8.19,31.83,43.35
AC068481.1,lncRNA,2.53,2.13,5.44,5.48,7.64,15.58
AC068483.1,lncRNA,1.17,0.2,0.25,0.0,1.97,2.58
AC068489.1,lncRNA,0.5,3.32,1.06,5.25,5.19,12.99
AC068491.1,lncRNA,0.0,0.0,0.06,0.0,0.29,1.08
AC068491.2,lncRNA,0.89,2.69,0.29,0.0,3.53,1.29
AC068492.1,lncRNA,0.0,0.0,0.07,0.0,1.17,0.33
AC068506.1,lncRNA,0.08,0.0,0.11,1.0,0.26,2.09
AC068533.3,lncRNA,0.48,0.0,0.64,0.0,0.12,0.07
AC068535.1,lncRNA,1.31,10.26,1.5,5.5,15.17,19.9
AC068535.2,lncRNA,0.0,1.0,0.3,0.4,1.02,2.51
AC068544.2,lncRNA,0.0,0.0,0.0,0.0,1.99,1.61
AC068580.1,lncRNA,0.25,1.08,0.25,0.42,2.88,1.45
AC068580.2,lncRNA,2.33,0.0,0.67,1.17,16.18,16.79
AC068580.3,lncRNA,0.86,1.09,1.2,1.57,7.89,8.69
AC068580.5,lncRNA,14.87,14.11,37.98,16.27,97.3,90.98
AC068587.4,lncRNA,10.88,12.56,8.78,20.28,35.68,42.88
AC068594.1,lncRNA,5.47,2.62,14.62,4.0,75.35,62.92
AC068616.1,lncRNA,0.67,0.1,0.33,0.0,0.74,1.76
AC068616.2,lncRNA,2.32,5.22,3.54,4.48,9.5,13.04
AC068616.3,lncRNA,0.33,0.38,1.81,1.41,4.36,2.95
AC068620.1,lncRNA,0.0,0.0,0.0,0.0,0.73,1.0
AC068620.2,lncRNA,0.0,0.0,0.0,0.0,0.78,0.25
AC068631.1,lncRNA,12.04,14.65,6.61,12.75,25.99,42.15
AC068633.1,lncRNA,0.0,0.29,0.29,5.32,1.31,4.18
AC068633.2,lncRNA,0.0,0.0,0.14,0.0,0.0,0.0
AC068643.1,lncRNA,0.22,4.2,0.2,1.54,3.07,6.67
AC068643.2,lncRNA,0.24,1.58,2.78,2.79,3.24,2.3
AC068658.1,lncRNA,0.33,0.0,0.0,0.0,0.84,0.17
AC068672.1,lncRNA,1.83,0.0,0.0,0.0,1.78,0.67
AC068672.2,lncRNA,0.0,0.5,0.0,3.0,1.39,0.49
AC068672.3,lncRNA,0.62,0.2,0.11,1.1,4.05,5.48
AC068688.1,lncRNA,0.0,0.83,1.0,0.0,1.2,2.56
AC068700.1,lncRNA,0.5,0.43,1.18,1.2,4.09,3.26
AC068700.2,lncRNA,40.87,26.93,83.41,17.43,187.98,122.58
AC068707.1,lncRNA,2.43,1.1,4.45,1.03,10.65,12.99
AC068721.1,lncRNA,1.25,2.0,0.32,3.4,2.47,4.23
AC068722.1,lncRNA,0.99,32.43,2.17,6.02,11.15,9.49
AC068722.2,lncRNA,0.0,0.0,0.22,0.0,0.43,0.33
AC068724.1,lncRNA,0.27,2.1,0.3,0.0,0.08,0.2
AC068724.3,lncRNA,2.5,0.74,1.71,0.33,1.8,5.5
AC068724.4,lncRNA,0.0,0.0,0.08,0.0,0.75,0.49
AC068725.1,lncRNA,2.0,2.75,1.58,2.45,9.73,19.64
AC068726.1,lncRNA,0.0,0.0,1.0,0.0,0.25,0.2
AC068733.1,lncRNA,1.33,2.08,0.5,0.34,4.2,4.43
AC068733.3,lncRNA,3.13,3.62,2.85,2.5,5.63,6.95
AC068756.1,lncRNA,1.0,0.0,0.21,0.08,0.45,0.29
AC068759.1,lncRNA,0.06,0.61,1.0,0.0,0.88,5.1
AC068768.1,lncRNA,0.22,0.09,0.33,0.5,1.35,2.19
AC068774.1,lncRNA,0.1,0.0,0.7,1.0,2.4,0.0
AC068787.2,lncRNA,1.39,5.44,0.06,1.5,3.24,8.02
AC068787.3,lncRNA,0.83,0.17,0.48,2.33,3.46,1.72
AC068787.4,lncRNA,0.12,2.2,1.19,1.5,1.05,1.35
AC068787.5,lncRNA,0.33,1.0,0.0,0.08,1.66,4.28
AC068789.1,lncRNA,0.34,0.0,0.03,0.0,0.58,0.09
AC068790.2,lncRNA,0.0,0.12,0.0,0.2,0.0,0.0
AC068790.3,lncRNA,0.0,0.11,0.0,0.0,2.38,1.5
AC068790.4,lncRNA,0.0,0.0,0.0,0.0,0.37,0.25
AC068790.5,lncRNA,0.0,0.0,2.08,0.0,0.87,0.5
AC068790.6,lncRNA,0.0,0.0,0.0,0.0,0.51,0.42
AC068790.7,lncRNA,0.0,0.0,0.5,2.0,1.71,1.65
AC068790.8,lncRNA,2.53,0.72,2.35,0.69,7.33,7.19
AC068790.9,lncRNA,4.32,2.96,2.44,1.81,26.85,26.14
AC068792.1,lncRNA,0.0,0.0,0.0,0.0,0.0,0.27
AC068831.3,lncRNA,0.1,0.0,0.12,0.5,0.81,0.45
AC068831.5,lncRNA,0.0,1.0,0.0,0.09,0.0,0.12
AC068858.1,lncRNA,0.0,0.33,0.2,0.0,1.71,1.06
AC068870.1,lncRNA,0.0,0.23,0.0,0.33,3.53,1.31
AC068870.2,lncRNA,0.17,0.0,0.0,0.67,2.26,0.7
AC068875.1,lncRNA,4.17,5.06,5.11,3.72,55.12,42.36
AC068880.2,lncRNA,0.42,0.0,0.0,0.0,0.2,0.69
AC068880.3,lncRNA,0.0,0.0,0.11,0.0,0.0,0.0
AC068888.1,lncRNA,8.37,18.36,27.16,18.92,94.93,78.97
AC068888.2,lncRNA,0.0,1.0,0.0,0.5,0.56,2.26
AC068898.1,lncRNA,0.4,0.0,0.18,0.0,0.11,0.25
AC068898.2,lncRNA,0.0,6.58,0.08,0.0,1.17,0.79
AC068931.1,lncRNA,0.12,4.14,0.24,0.0,3.24,0.84
AC068944.1,lncRNA,0.94,0.43,0.14,0.89,2.93,3.48
AC068946.3,lncRNA,1.0,1.0,0.0,0.0,0.82,1.79
AC068985.1,lncRNA,0.0,0.07,0.68,0.06,0.27,1.05
AC068987.1,lncRNA,2.18,1.52,2.77,1.38,1.06,3.78
AC068987.2,lncRNA,0.29,0.75,2.0,0.3,15.21,3.7
AC068987.3,lncRNA,1.34,1.12,1.03,2.26,7.5,8.29
AC068989.1,lncRNA,1.33,2.0,0.23,0.47,2.23,2.65
AC068993.2,lncRNA,1.29,1.59,1.98,0.0,11.31,5.32
AC069023.1,lncRNA,1.5,0.0,0.0,0.0,0.0,0.0
AC069029.1,lncRNA,0.0,0.0,0.09,0.4,0.5,0.27
AC069061.2,lncRNA,0.0,0.0,0.5,0.11,1.1,1.53
AC069079.1,lncRNA,0.0,0.5,1.29,2.0,33.86,17.33
AC069113.2,lncRNA,0.0,0.06,0.33,0.75,0.92,1.92
AC069114.1,lncRNA,0.0,0.67,0.0,0.0,0.39,0.0
AC069120.1,lncRNA,12.53,16.76,23.7,18.54,101.97,72.41
AC069133.1,lncRNA,7.18,8.58,3.66,7.84,11.52,3.36
AC069148.1,lncRNA,4.53,1.84,5.64,5.29,30.04,21.52
AC069155.1,lncRNA,0.0,0.73,0.0,0.0,2.12,2.74
AC069185.1,lncRNA,1.24,4.3,0.76,0.89,7.37,12.47
AC069200.1,lncRNA,0.41,5.47,2.76,0.17,0.7,1.46
AC069209.1,lncRNA,0.0,0.0,0.0,0.0,0.12,0.53
AC069209.2,lncRNA,2.81,1.86,2.09,0.89,9.18,3.9
AC069213.1,lncRNA,0.0,0.5,1.14,0.0,3.94,2.44
AC069214.1,lncRNA,0.0,0.0,0.0,0.0,0.4,0.54
AC069222.1,lncRNA,0.0,1.93,0.0,12.0,6.81,3.32
AC069224.1,lncRNA,0.5,1.5,2.79,5.0,61.31,48.72
AC069228.1,lncRNA,1.78,13.69,6.87,7.49,42.8,47.85
AC069234.1,lncRNA,0.1,0.0,0.0,1.0,1.28,0.25
AC069234.2,lncRNA,0.15,0.62,0.0,1.0,0.3,0.17
AC069234.3,lncRNA,1.23,0.1,0.54,0.74,1.23,0.81
AC069234.4,lncRNA,0.09,0.0,0.0,0.0,0.12,0.31
AC069234.5,lncRNA,0.0,0.0,0.07,0.0,0.0,0.2
AC069243.1,lncRNA,1.29,1.31,0.8,0.0,6.43,2.74
AC069272.1,lncRNA,0.0,0.17,0.67,0.1,4.17,5.7
AC069277.1,lncRNA,2.35,15.47,37.94,3.67,18.04,11.22
AC069280.1,lncRNA,0.83,0.0,1.0,0.0,0.39,0.56
AC069280.2,lncRNA,0.11,6.4,0.58,12.75,4.71,2.52
AC069281.1,lncRNA,1.65,17.75,3.12,9.22,7.22,15.6
AC069281.2,lncRNA,5.25,6.13,10.24,9.8,37.48,35.44
AC069285.2,lncRNA,0.0,0.0,0.0,0.14,1.87,0.94
AC069287.1,lncRNA,0.47,0.05,0.21,0.07,0.0,0.06
AC069287.2,lncRNA,0.06,0.05,0.08,0.75,1.88,1.56
AC069287.3,lncRNA,0.17,0.0,0.34,0.11,4.7,2.26
AC069294.1,lncRNA,0.0,0.0,0.0,0.0,0.33,0.2
AC069307.1,lncRNA,0.0,0.0,0.0,0.0,0.33,0.0
AC069360.1,lncRNA,2.3,0.17,0.0,0.2,2.03,2.74
AC069366.2,lncRNA,0.0,0.0,0.0,0.0,0.11,0.2
AC069368.2,lncRNA,3.25,1.08,0.58,3.71,1.71,2.23
AC069404.1,lncRNA,0.0,4.0,3.75,14.97,3.78,3.04
AC069410.1,lncRNA,0.25,3.06,0.0,0.0,1.65,1.87
AC069421.2,lncRNA,4.29,6.72,3.3,1.89,0.46,3.59
AC069421.3,lncRNA,3.99,3.57,1.76,1.47,2.74,2.88
AC069431.1,lncRNA,1.5,2.35,2.61,0.31,6.9,5.68
AC069437.1,lncRNA,0.0,0.0,2.25,0.0,0.5,0.32
AC069439.2,lncRNA,0.0,1.0,0.18,0.0,0.92,1.43
AC069444.1,lncRNA,0.0,0.05,0.11,0.0,1.49,1.95
AC069503.1,lncRNA,0.07,1.22,1.28,0.2,2.18,2.26
AC069503.3,lncRNA,0.0,0.0,0.0,0.0,2.0,0.0
AC069503.4,lncRNA,2.33,6.9,0.06,0.42,2.45,1.03
AC069540.2,lncRNA,0.22,0.7,0.33,1.2,11.35,6.68
AC069542.1,lncRNA,0.0,0.0,0.17,0.0,0.92,0.0
AC069547.2,lncRNA,1.62,1.22,3.64,1.3,30.64,26.61
AC069549.1,lncRNA,0.33,0.45,0.0,3.0,1.12,2.58
AC069549.2,lncRNA,5.67,4.95,0.97,1.5,8.03,8.91
AC072022.1,lncRNA,1.5,0.66,1.5,0.17,1.89,0.93
AC072026.2,lncRNA,0.96,0.22,1.71,1.74,7.04,6.85
AC072026.3,lncRNA,2.5,0.0,0.0,0.0,0.79,0.15
AC072028.1,lncRNA,1.48,4.81,0.8,5.24,15.19,7.63
AC072039.2,lncRNA,0.0,0.0,0.0,0.09,0.31,0.25
AC072054.1,lncRNA,1.63,2.13,5.08,1.4,21.38,16.79
AC072061.1,lncRNA,1.09,1.5,5.19,1.08,14.65,20.66
AC072062.1,lncRNA,2.52,7.29,3.38,4.98,8.52,8.46
AC073023.1,lncRNA,0.0,0.0,0.0,3.0,0.28,0.0
AC073046.1,lncRNA,0.67,0.5,0.62,0.73,2.64,1.75
AC073046.3,lncRNA,0.0,0.07,0.0,0.0,0.14,0.51
AC073046.4,lncRNA,0.0,0.12,0.25,5.0,1.63,2.93
AC073048.1,lncRNA,0.17,0.0,0.0,0.0,4.35,2.69
AC073050.1,lncRNA,0.66,0.0,1.27,0.17,2.54,4.81
AC073052.1,lncRNA,0.5,2.75,0.25,0.35,1.41,1.71
AC073062.1,lncRNA,0.06,0.0,0.0,0.0,0.0,1.0
AC073071.1,lncRNA,0.0,3.0,0.0,1.67,1.92,1.25
AC073073.2,lncRNA,0.23,1.39,1.7,0.78,4.85,6.23
AC073091.1,lncRNA,9.38,22.38,16.0,16.84,92.51,133.05
AC073091.2,lncRNA,2.0,0.0,0.33,0.37,3.23,2.27
AC073094.1,lncRNA,1.2,0.27,1.54,1.92,9.26,5.87
AC073111.2,lncRNA,0.75,0.5,0.56,1.17,1.33,1.19
AC073114.1,lncRNA,7.21,6.5,0.82,0.76,5.88,8.48
AC073115.1,lncRNA,0.0,0.0,1.25,0.0,2.49,0.2
AC073115.2,lncRNA,1.1,0.24,0.62,0.5,1.35,3.26
AC073127.1,lncRNA,0.0,0.0,0.0,0.25,0.06,0.4
AC073130.1,lncRNA,1.05,0.43,0.22,0.0,1.93,1.84
AC073130.2,lncRNA,0.0,0.2,0.49,1.2,2.67,2.75
AC073140.1,lncRNA,41333.86,11847.97,165699.62,31969.97,47842.44,24840.62
AC073140.2,lncRNA,0.83,1.5,2.17,0.58,5.88,6.25
AC073167.1,lncRNA,0.25,0.43,0.04,1.92,2.62,1.8
AC073172.1,lncRNA,0.0,1.13,1.06,0.06,3.36,3.76
AC073174.1,lncRNA,8.3,7.91,20.29,12.35,60.51,40.02
AC073176.1,lncRNA,1.74,1.35,2.92,1.61,6.51,8.71
AC073176.2,lncRNA,0.67,1.67,1.55,1.48,12.31,12.29
AC073188.2,lncRNA,0.14,0.0,0.12,0.0,0.88,2.27
AC073188.3,lncRNA,0.0,0.83,0.0,0.5,2.03,0.65
AC073188.4,lncRNA,0.0,0.24,0.0,0.0,1.73,0.91
AC073188.5,lncRNA,0.0,0.34,0.45,0.42,2.8,3.0
AC073188.6,lncRNA,1.78,1.11,2.67,2.46,12.52,7.73
AC073195.1,lncRNA,3.34,3.39,3.2,3.85,8.45,13.99
AC073210.3,lncRNA,1.21,1.39,4.37,3.58,7.71,3.94
AC073218.1,lncRNA,0.12,0.09,0.06,0.0,1.6,3.17
AC073225.1,lncRNA,6.82,21.14,8.16,14.08,61.76,56.14
AC073236.1,lncRNA,0.0,0.5,0.0,0.0,1.38,0.78
AC073254.1,lncRNA,2.2,5.13,2.35,6.8,10.35,20.34
AC073257.1,lncRNA,3.0,3.11,0.27,6.47,6.99,5.85
AC073257.2,lncRNA,0.62,4.6,0.0,0.56,4.22,2.62
AC073263.1,lncRNA,1.43,0.25,0.0,3.0,7.93,7.78
AC073263.2,lncRNA,0.76,0.21,7.92,2.92,34.06,22.68
AC073270.1,lncRNA,0.0,0.83,0.0,0.25,0.1,0.0
AC073270.2,lncRNA,0.0,0.0,0.83,0.0,0.79,0.75
AC073283.1,lncRNA,0.61,0.75,0.51,0.0,1.6,6.39
AC073283.2,lncRNA,2.17,0.83,1.47,0.0,4.33,4.63
AC073288.1,lncRNA,0.0,1.0,0.0,0.0,0.66,0.18
AC073288.2,lncRNA,0.17,0.0,0.52,2.0,3.08,0.88
AC073311.1,lncRNA,0.0,2.2,1.0,2.0,3.32,2.5
AC073314.1,lncRNA,5.17,5.61,19.38,7.73,34.46,58.88
AC073316.1,lncRNA,125.24,339.41,804.33,1844.09,1261.79,526.88
AC073316.2,lncRNA,2.88,1.63,2.2,11.24,51.27,43.24
AC073320.1,lncRNA,0.33,5.75,0.26,3.75,1.62,1.13
AC073321.1,lncRNA,0.0,0.0,0.0,0.25,3.34,0.85
AC073323.1,lncRNA,0.08,0.0,0.0,0.0,0.78,0.0
AC073325.1,lncRNA,0.0,0.0,1.08,0.5,1.31,0.5
AC073326.1,lncRNA,0.0,0.0,0.0,0.5,0.89,0.75
AC073326.2,lncRNA,0.12,0.0,0.33,2.0,0.13,0.25
AC073332.1,lncRNA,10.96,19.42,14.46,5.59,40.29,37.69
AC073333.1,lncRNA,0.5,4.5,1.37,0.4,1.81,1.26
AC073336.1,lncRNA,0.0,0.0,0.25,3.0,6.56,3.0
AC073342.1,lncRNA,1.77,0.33,3.12,2.58,3.66,3.53
AC073343.2,lncRNA,5.62,4.8,4.33,0.88,7.96,8.8
AC073346.1,lncRNA,0.0,0.11,0.0,2.33,0.17,0.78
AC073348.2,lncRNA,0.78,2.2,0.17,0.14,4.1,1.47
AC073349.1,lncRNA,0.81,0.87,0.44,1.17,2.35,3.51
AC073349.4,lncRNA,0.1,0.0,0.0,0.0,0.14,0.62
AC073349.5,lncRNA,1.37,1.53,0.14,0.08,4.6,4.17
AC073352.1,lncRNA,0.5,0.0,0.12,1.48,2.21,1.07
AC073359.1,lncRNA,0.0,0.0,0.07,0.0,0.2,0.64
AC073359.2,lncRNA,0.0,0.0,1.5,0.17,0.07,0.42
AC073365.1,lncRNA,4.81,4.89,7.43,10.6,59.26,50.39
AC073367.1,lncRNA,0.61,0.14,0.0,0.67,2.15,1.84
AC073370.1,lncRNA,0.5,0.0,0.0,1.0,0.82,0.0
AC073389.1,lncRNA,0.7,0.5,1.67,0.39,3.21,1.73
AC073389.2,lncRNA,1.37,2.74,0.74,1.46,2.37,5.38
AC073389.3,lncRNA,7.0,1.42,0.68,2.06,3.18,1.89
AC073409.1,lncRNA,0.0,0.0,0.0,0.0,0.5,0.0
AC073409.2,lncRNA,0.0,3.0,0.0,2.0,0.0,0.05
AC073429.1,lncRNA,0.0,0.0,0.0,0.0,0.99,0.15
AC073429.2,lncRNA,0.12,0.0,0.06,2.14,2.22,2.03
AC073475.1,lncRNA,1.89,6.3,0.8,3.4,10.9,14.33
AC073476.2,lncRNA,1.61,5.63,1.63,3.18,12.7,17.54
AC073487.1,lncRNA,0.0,0.0,2.0,0.17,0.17,0.11
AC073508.3,lncRNA,0.05,1.42,0.03,0.52,1.45,4.5
AC073517.1,lncRNA,0.0,0.0,0.07,1.17,1.18,1.83
AC073525.1,lncRNA,1.25,0.29,0.41,1.48,6.59,4.35
AC073529.1,lncRNA,1.88,1.8,0.68,0.3,19.83,12.16
AC073530.1,lncRNA,2.0,0.06,0.11,2.9,2.45,1.43
AC073534.2,lncRNA,0.0,0.0,0.07,0.0,0.14,0.0
AC073539.1,lncRNA,0.0,1.33,0.83,9.11,2.86,3.92
AC073539.3,lncRNA,0.0,0.0,1.0,0.17,0.64,0.2
AC073548.2,lncRNA,0.23,4.43,0.18,1.5,6.44,7.02
AC073569.1,lncRNA,0.0,0.0,0.0,0.09,0.0,0.17
AC073569.2,lncRNA,0.0,0.55,0.38,0.2,3.31,3.54
AC073569.3,lncRNA,0.25,1.0,1.0,0.0,4.19,4.04
AC073571.1,lncRNA,0.0,0.19,0.42,0.0,3.35,4.53
AC073573.1,lncRNA,0.0,0.34,1.14,4.83,8.14,5.37
AC073575.1,lncRNA,0.05,2.38,2.17,10.2,1.88,3.09
AC073575.2,lncRNA,0.37,0.62,0.24,0.24,1.74,1.15
AC073578.1,lncRNA,5.33,4.74,6.1,0.83,6.07,8.34
AC073578.2,lncRNA,0.66,0.39,0.0,0.75,2.77,3.23
AC073578.5,lncRNA,1.84,1.6,0.9,0.32,4.22,2.73
AC073591.1,lncRNA,0.75,7.7,1.08,2.0,0.05,2.6
AC073592.1,lncRNA,3.75,5.69,1.99,8.5,10.59,5.75
AC073593.2,lncRNA,1.03,2.61,1.5,1.0,9.36,9.96
AC073611.1,lncRNA,2.21,17.0,6.1,3.56,23.35,20.7
AC073626.1,lncRNA,0.58,0.78,2.12,0.33,1.99,3.15
AC073632.1,lncRNA,0.25,0.0,1.0,0.0,1.5,2.43
AC073636.1,lncRNA,1.25,1.33,1.98,4.0,7.07,4.02
AC073641.1,lncRNA,0.0,0.5,0.0,0.0,0.5,0.06
AC073648.5,lncRNA,0.87,3.44,0.26,4.27,0.85,1.28
AC073651.1,lncRNA,0.0,0.0,0.0,0.0,0.0,0.2
AC073655.1,lncRNA,1.0,0.8,0.46,0.0,1.88,2.1
AC073655.2,lncRNA,0.0,0.29,0.24,1.2,1.69,5.73
AC073655.3,lncRNA,0.0,0.0,0.1,3.0,2.07,2.7
AC073657.1,lncRNA,0.0,0.12,0.0,0.08,0.42,0.55
AC073834.1,lncRNA,0.4,0.17,0.12,1.17,1.62,1.16
AC073840.1,lncRNA,3.05,1.4,2.21,3.52,5.79,5.72
AC073842.1,lncRNA,0.32,0.87,0.93,0.11,1.55,1.32
AC073842.2,lncRNA,0.05,4.1,0.56,0.0,1.41,3.93
AC073848.1,lncRNA,0.0,1.0,0.0,7.33,13.45,8.15
AC073862.1,lncRNA,0.0,0.17,0.05,0.0,0.62,0.11
AC073863.1,lncRNA,0.0,0.0,1.73,0.0,0.23,0.4
AC073864.1,lncRNA,0.0,0.0,0.0,0.09,0.25,0.04
AC073869.1,lncRNA,0.0,0.0,0.12,0.0,0.0,0.07
AC073869.3,lncRNA,0.67,3.6,0.25,0.89,1.84,1.69
AC073869.5,lncRNA,0.0,0.05,0.0,0.0,0.06,0.0
AC073878.1,lncRNA,1.3,5.31,7.09,2.68,14.41,14.01
AC073878.2,lncRNA,0.0,0.0,0.0,0.0,1.55,1.57
AC073896.2,lncRNA,1.18,3.39,5.74,3.97,14.17,22.71
AC073896.3,lncRNA,0.0,5.5,0.0,0.51,0.37,0.5
AC073896.4,lncRNA,0.0,1.7,1.77,0.5,15.17,29.5
AC073896.5,lncRNA,0.0,0.37,0.12,1.52,1.41,0.55
AC073912.1,lncRNA,0.0,0.12,0.0,0.25,1.47,1.95
AC073912.2,lncRNA,0.08,0.0,0.07,0.0,0.08,0.03
AC073934.1,lncRNA,1.16,0.5,1.64,2.33,8.17,5.0
AC073941.1,lncRNA,0.0,0.14,0.17,0.5,0.0,1.79
AC073957.1,lncRNA,0.33,1.2,2.94,0.0,2.23,1.9
AC073957.2,lncRNA,1.1,2.07,1.13,0.8,7.24,4.28
AC073957.3,lncRNA,12.68,11.61,20.75,16.02,52.62,41.14
AC073964.1,lncRNA,0.0,0.0,0.0,0.0,0.68,0.17
AC073968.2,lncRNA,0.0,0.0,0.0,1.0,1.5,1.77
AC073973.1,lncRNA,1.58,0.31,0.0,5.0,1.28,0.75
AC073987.1,lncRNA,0.29,2.0,0.0,1.2,3.47,0.46
AC074008.1,lncRNA,0.0,0.11,0.0,0.0,1.07,0.92
AC074008.2,lncRNA,0.0,0.19,0.06,0.0,1.15,0.81
AC074011.1,lncRNA,0.0,0.0,1.0,0.0,0.66,0.14
AC074024.1,lncRNA,0.4,0.0,0.0,1.0,1.95,1.18
AC074029.3,lncRNA,0.0,0.0,0.0,0.4,0.0,0.0
AC074031.1,lncRNA,0.54,1.04,0.64,1.0,3.97,1.83
AC074032.1,lncRNA,5.17,31.78,8.3,7.18,15.37,13.71
AC074035.1,lncRNA,0.0,0.0,0.0,0.14,0.22,1.25
AC074044.1,lncRNA,0.53,1.5,0.58,0.0,3.32,2.38
AC074050.2,lncRNA,0.0,0.45,0.0,0.0,1.53,2.91
AC074050.3,lncRNA,0.0,0.13,0.0,0.0,0.18,0.42
AC074050.4,lncRNA,0.0,0.0,0.7,0.12,1.23,1.38
AC074051.3,lncRNA,2.06,0.85,1.29,0.22,2.96,4.66
AC074052.2,lncRNA,0.25,0.17,2.0,5.0,3.5,9.83
AC074091.2,lncRNA,1.5,1.33,0.5,2.6,2.44,1.27
AC074096.1,lncRNA,0.29,0.6,0.72,0.0,1.41,1.7
AC074099.1,lncRNA,0.46,3.3,0.21,0.5,0.79,0.23
AC074117.1,lncRNA,1.28,0.51,2.53,0.81,7.51,9.73
AC074124.1,lncRNA,0.0,0.0,0.1,0.0,0.0,0.83
AC074131.1,lncRNA,0.0,0.0,0.25,0.0,0.5,2.33
AC074132.1,lncRNA,0.32,0.15,0.0,0.0,1.67,2.27
AC074135.1,lncRNA,0.25,0.0,0.16,2.77,1.49,2.26
AC074135.2,lncRNA,0.08,0.07,0.5,3.0,2.12,1.84
AC074138.1,lncRNA,1.89,0.38,3.39,0.31,7.33,3.44
AC074139.1,lncRNA,2.0,2.02,0.2,0.0,4.1,2.14
AC074183.1,lncRNA,0.51,1.52,0.11,1.84,5.65,5.13
AC074194.1,lncRNA,1.19,1.4,2.83,5.46,16.69,23.65
AC074212.1,lncRNA,12.77,29.99,28.2,25.55,96.4,113.57
AC074237.1,lncRNA,0.66,1.03,0.33,0.0,0.87,0.9
AC074254.1,lncRNA,0.42,1.4,0.0,5.0,0.07,0.61
AC074254.2,lncRNA,0.14,0.0,0.13,3.33,0.19,0.14
AC074257.1,lncRNA,0.58,0.0,0.12,0.0,2.76,0.76
AC074281.1,lncRNA,0.11,0.0,0.0,0.0,0.81,0.39
AC074286.1,lncRNA,3.48,6.84,2.48,0.62,15.27,15.2
AC074290.1,lncRNA,0.17,0.38,0.06,0.33,0.27,2.55
AC074325.1,lncRNA,0.33,1.09,1.25,0.1,3.54,1.0
AC074344.2,lncRNA,0.0,0.0,0.1,0.0,2.2,0.12
AC074366.1,lncRNA,0.07,0.0,0.0,0.17,4.3,1.72
AC074386.1,lncRNA,1.86,1.8,1.97,1.57,8.98,9.09
AC074387.1,lncRNA,2.17,4.96,1.32,0.25,1.96,1.48
AC074389.1,lncRNA,1.48,0.56,4.2,1.39,5.12,7.06
AC074389.2,lncRNA,0.23,0.0,1.9,1.94,9.54,11.29
AC074389.3,lncRNA,0.32,0.0,0.5,0.33,1.39,2.11
AC076966.2,lncRNA,0.0,0.0,0.0,0.0,0.0,1.33
AC076968.1,lncRNA,0.0,0.83,0.33,0.2,2.67,3.76
AC076968.2,lncRNA,4.51,6.32,3.56,3.3,16.02,20.11
AC077690.1,lncRNA,6.0,7.27,7.88,6.16,41.99,52.89
AC078776.1,lncRNA,0.09,1.16,0.7,0.0,2.91,3.65
AC078777.1,lncRNA,3.43,6.37,7.13,5.71,21.34,16.49
AC078778.1,lncRNA,0.0,1.33,1.0,1.67,0.17,0.79
AC078785.1,lncRNA,2.81,7.55,10.21,12.32,21.21,22.76
AC078785.2,lncRNA,0.0,0.5,0.14,2.11,6.37,6.48
AC078788.1,lncRNA,0.0,0.0,0.0,0.56,0.17,0.68
AC078788.2,lncRNA,0.11,0.0,0.0,0.0,0.26,0.0
AC078789.1,lncRNA,0.33,0.0,0.48,0.0,0.0,0.0
AC078795.1,lncRNA,0.27,1.61,0.58,1.3,3.77,3.77
AC078795.2,lncRNA,0.15,0.0,0.0,0.0,0.08,0.85
AC078795.3,lncRNA,0.0,0.0,0.0,0.0,0.06,0.29
AC078802.1,lncRNA,2.83,1.0,3.73,8.3,11.76,8.55
AC078814.1,lncRNA,0.13,0.0,0.0,0.0,0.69,1.05
AC078816.1,lncRNA,0.46,0.67,2.3,0.67,1.8,2.01
AC078820.1,lncRNA,0.0,0.0,0.33,0.5,0.38,3.17
AC078820.2,lncRNA,4.83,11.11,21.89,9.83,75.14,58.48
AC078828.1,lncRNA,0.0,0.0,0.0,0.0,0.35,0.0
AC078842.1,lncRNA,1.33,1.0,1.4,3.64,4.25,2.63
AC078842.2,lncRNA,0.2,0.06,0.14,0.0,4.5,4.1
AC078845.1,lncRNA,1.0,3.63,0.6,1.6,9.71,73.63
AC078846.1,lncRNA,4.02,7.73,4.42,2.65,20.51,14.94
AC078850.1,lncRNA,3.28,2.9,2.83,3.68,3.84,4.68
AC078850.2,lncRNA,2.0,1.33,0.0,3.0,0.0,0.35
AC078851.1,lncRNA,0.0,0.0,0.0,1.0,0.25,0.34
AC078852.1,lncRNA,0.0,0.0,0.5,0.14,0.31,2.56
AC078852.2,lncRNA,0.08,0.35,0.11,0.0,5.98,2.21
AC078860.2,lncRNA,1.01,1.05,1.87,0.0,2.77,6.53
AC078860.3,lncRNA,1.21,0.38,1.16,0.0,1.54,1.78
AC078864.1,lncRNA,1.0,0.0,2.0,0.0,0.1,0.0
AC078865.1,lncRNA,0.2,0.0,0.0,0.0,0.11,0.0
AC078874.1,lncRNA,0.0,0.22,1.11,0.0,2.16,1.47
AC078878.2,lncRNA,0.37,1.89,0.15,4.18,2.83,6.76
AC078880.1,lncRNA,0.0,0.0,0.0,1.0,0.24,0.0
AC078880.2,lncRNA,0.5,0.33,1.17,2.0,0.56,1.85
AC078880.3,lncRNA,0.0,0.32,1.0,1.4,3.06,8.02
AC078880.4,lncRNA,0.09,0.0,0.77,0.0,1.71,0.6
AC078880.5,lncRNA,0.08,0.0,0.0,0.0,0.33,0.19
AC078881.1,lncRNA,3.25,1.55,1.42,2.57,13.68,17.43
AC078882.1,lncRNA,0.0,1.2,0.79,0.0,1.09,1.2
AC078883.1,lncRNA,3.26,9.38,29.76,4.25,7.71,9.65
AC078883.2,lncRNA,4.25,8.12,9.4,5.83,86.59,68.57
AC078889.1,lncRNA,0.0,0.1,0.0,0.5,2.37,0.17
AC078906.1,lncRNA,0.2,0.0,1.27,0.2,0.42,2.26
AC078909.1,lncRNA,0.25,0.92,1.05,0.07,3.7,6.28
AC078909.2,lncRNA,0.0,0.0,0.27,2.5,2.1,5.61
AC078916.1,lncRNA,2.17,3.67,1.33,3.0,1.14,3.5
AC078922.1,lncRNA,0.0,0.0,0.22,0.0,0.0,0.17
AC078923.1,lncRNA,0.0,1.0,1.35,0.0,4.18,1.09
AC078925.1,lncRNA,1.17,0.58,5.35,6.32,16.07,22.16
AC078929.1,lncRNA,0.03,0.0,0.48,1.15,5.66,5.33
AC078942.1,lncRNA,0.33,2.08,1.75,0.0,6.66,9.78
AC078950.1,lncRNA,0.28,0.24,2.5,0.31,3.34,5.33
AC078955.1,lncRNA,0.25,0.25,0.0,0.0,0.68,1.38
AC078962.1,lncRNA,0.0,0.0,0.0,4.66,0.24,0.39
AC078962.2,lncRNA,0.0,0.12,0.04,0.04,2.57,1.7
AC078962.3,lncRNA,1.0,0.33,0.5,2.2,0.19,0.17
AC078962.4,lncRNA,0.0,0.0,0.0,0.0,0.17,0.12
AC078980.1,lncRNA,1.0,0.13,0.11,1.0,0.0,0.0
AC078983.1,lncRNA,1.5,0.0,0.11,2.29,1.96,1.68
AC078993.1,lncRNA,0.32,0.0,0.83,0.45,1.08,7.01
AC079015.1,lncRNA,0.08,0.0,0.0,1.17,0.84,0.76
AC079030.1,lncRNA,0.0,0.0,0.0,0.1,0.12,0.77
AC079031.1,lncRNA,5.15,6.79,24.76,4.61,38.98,27.29
AC079031.2,lncRNA,0.0,0.0,0.11,0.14,2.69,3.65
AC079035.1,lncRNA,0.0,0.14,0.83,0.5,0.46,2.17
AC079052.1,lncRNA,0.0,0.17,0.0,0.0,1.07,1.65
AC079054.1,lncRNA,0.59,1.17,0.49,0.49,2.21,0.93
AC079061.1,lncRNA,5.4,6.13,10.29,3.35,58.56,57.42
AC079070.1,lncRNA,2.33,1.5,0.5,2.12,3.58,4.59
AC079075.1,lncRNA,0.0,0.0,0.0,1.0,0.0,1.19
AC079089.1,lncRNA,1.37,1.39,0.56,0.85,11.27,9.96
AC079117.1,lncRNA,1.43,0.48,0.48,0.25,11.57,12.91
AC079140.6,lncRNA,0.14,0.48,0.33,0.25,1.37,1.13
AC079142.1,lncRNA,0.29,1.4,0.08,1.14,4.3,2.24
AC079145.1,lncRNA,3.25,1.9,4.75,3.43,7.43,6.21
AC079148.1,lncRNA,0.0,2.0,1.25,3.0,2.04,1.09
AC079148.2,lncRNA,2.0,0.6,2.08,0.0,3.62,3.57
AC079148.3,lncRNA,0.14,2.07,3.34,0.53,6.1,5.48
AC079154.1,lncRNA,4.42,6.22,6.05,5.3,21.44,29.31
AC079160.1,lncRNA,5.16,6.14,2.92,8.13,23.65,24.32
AC079163.1,lncRNA,0.0,0.0,0.0,0.0,0.29,0.23
AC079163.2,lncRNA,0.12,0.45,1.01,0.33,1.91,2.05
AC079171.1,lncRNA,0.23,0.58,0.7,0.0,2.11,0.64
AC079174.1,lncRNA,1.29,5.14,0.6,4.4,3.88,4.07
AC079174.2,lncRNA,2.27,2.83,2.1,2.0,6.62,5.02
AC079177.1,lncRNA,0.25,0.46,0.84,1.14,17.02,14.37
AC079193.2,lncRNA,2.77,3.13,1.55,1.0,8.53,4.47
AC079200.1,lncRNA,1.14,1.17,1.33,0.4,6.01,7.43
AC079203.1,lncRNA,0.06,0.0,0.04,0.04,0.34,0.33
AC079209.1,lncRNA,0.44,16.24,0.5,5.32,2.8,2.64
AC079209.2,lncRNA,0.0,0.26,0.0,0.0,0.58,0.86
AC079210.1,lncRNA,0.05,0.0,0.0,0.0,0.58,2.58
AC079226.1,lncRNA,0.0,0.0,0.88,0.31,2.52,1.12
AC079226.2,lncRNA,0.0,0.67,0.73,0.0,12.36,6.03
AC079248.1,lncRNA,0.0,1.4,0.07,0.0,1.35,3.96
AC079296.1,lncRNA,0.75,1.62,10.41,2.03,15.35,15.89
AC079296.2,lncRNA,0.11,0.29,3.53,0.0,3.41,4.59
AC079298.1,lncRNA,1.05,0.35,0.0,0.5,2.13,2.8
AC079298.2,lncRNA,1.0,0.2,0.0,0.0,0.73,1.16
AC079298.3,lncRNA,1.61,5.62,2.3,5.19,10.93,4.78
AC079304.1,lncRNA,0.0,0.14,1.0,1.09,0.7,1.83
AC079305.1,lncRNA,0.62,0.63,1.14,0.22,3.64,2.45
AC079305.2,lncRNA,1.46,3.11,2.84,10.65,7.88,8.51
AC079310.1,lncRNA,0.0,0.0,0.0,2.0,0.81,0.62
AC079313.1,lncRNA,1.0,3.25,0.08,0.0,0.73,1.2
AC079313.2,lncRNA,0.6,0.49,1.9,1.07,11.01,6.75
AC079322.1,lncRNA,0.98,6.37,0.78,4.79,0.26,3.0
AC079328.2,lncRNA,1.5,1.7,0.06,1.5,1.17,0.0
AC079329.1,lncRNA,0.0,0.75,0.02,0.03,0.23,1.05
AC079331.3,lncRNA,0.0,0.57,0.33,0.0,0.55,0.42
AC079336.1,lncRNA,1.29,0.63,2.46,1.64,19.28,24.3
AC079336.2,lncRNA,1.0,0.96,0.7,0.22,0.87,1.88
AC079336.3,lncRNA,0.2,0.0,0.05,2.0,0.67,2.23
AC079336.4,lncRNA,0.18,0.46,0.12,0.41,2.73,13.72
AC079336.5,lncRNA,3.0,1.96,3.21,5.49,10.36,7.85
AC079340.1,lncRNA,0.25,0.33,0.0,0.25,6.35,4.93
AC079340.2,lncRNA,0.5,3.75,0.33,0.33,2.34,7.53
AC079340.3,lncRNA,1.0,1.1,2.01,1.07,54.29,85.87
AC079341.1,lncRNA,0.35,7.47,0.4,1.11,2.58,3.21
AC079349.1,lncRNA,0.0,0.07,0.0,0.0,1.26,1.33
AC079354.1,lncRNA,0.42,0.12,0.82,0.0,0.84,2.97
AC079354.2,lncRNA,12.9,9.7,37.53,2.58,64.87,48.19
AC079360.1,lncRNA,0.0,1.37,0.51,0.5,2.49,4.01
AC079362.1,lncRNA,4.0,2.0,0.0,0.0,1.07,0.18
AC079380.1,lncRNA,0.2,0.0,0.0,0.0,1.6,0.08
AC079382.2,lncRNA,0.25,0.0,0.0,2.43,1.39,0.57
AC079384.1,lncRNA,2.28,3.07,1.4,4.36,51.56,58.09
AC079384.2,lncRNA,0.48,1.0,0.14,1.2,4.33,0.65
AC079385.1,lncRNA,1.0,0.72,1.44,3.16,8.59,5.75
AC079385.2,lncRNA,4.65,1.92,18.15,9.84,12.45,20.74
AC079385.3,lncRNA,0.33,0.17,0.0,0.58,8.48,8.48
AC079414.1,lncRNA,0.0,0.5,0.45,0.0,1.33,4.79
AC079414.3,lncRNA,17.9,10.67,5.42,8.68,8.83,8.62
AC079460.2,lncRNA,1.33,0.61,0.32,1.75,2.37,2.73
AC079465.1,lncRNA,3.33,0.35,0.62,1.14,11.91,6.34
AC079466.1,lncRNA,5.22,6.69,3.13,4.48,11.91,12.14
AC079466.2,lncRNA,0.12,0.0,0.0,4.0,2.75,0.75
AC079467.1,lncRNA,0.0,2.0,0.33,0.0,1.7,0.6
AC079584.1,lncRNA,0.0,0.0,0.0,0.0,1.0,0.0
AC079584.2,lncRNA,0.2,0.0,0.61,1.0,1.99,2.3
AC079598.1,lncRNA,0.0,0.22,0.0,0.28,0.2,2.37
AC079600.3,lncRNA,0.0,3.0,0.0,0.0,1.09,0.93
AC079601.1,lncRNA,1.71,2.08,2.93,4.02,12.33,10.15
AC079610.1,lncRNA,0.0,0.0,0.0,0.0,0.1,0.11
AC079610.2,lncRNA,0.0,0.0,0.0,0.0,0.5,0.98
AC079612.1,lncRNA,2.88,1.99,8.49,1.27,11.46,7.7
AC079612.2,lncRNA,0.0,2.5,1.34,5.0,4.79,3.81
AC079684.1,lncRNA,0.0,0.0,0.0,4.0,0.0,0.08
AC079742.1,lncRNA,3.14,0.12,0.07,0.35,0.18,0.67
AC079753.2,lncRNA,0.29,8.72,1.67,5.0,23.56,16.78
AC079760.1,lncRNA,0.17,0.0,0.0,0.0,0.5,0.0
AC079760.2,lncRNA,1.09,4.66,12.61,0.75,22.97,31.26
AC079763.1,lncRNA,0.0,0.0,9.42,0.0,0.29,0.14
AC079766.1,lncRNA,0.0,0.0,0.84,0.0,1.68,1.2
AC079768.2,lncRNA,2.0,3.0,0.09,0.33,0.23,0.1
AC079768.3,lncRNA,0.0,0.12,0.17,0.0,1.55,2.26
AC079768.4,lncRNA,0.0,0.47,0.41,0.5,1.32,2.39
AC079772.1,lncRNA,0.11,0.18,1.13,3.07,7.7,13.14
AC079776.4,lncRNA,0.0,0.0,0.0,0.0,0.08,0.04
AC079776.5,lncRNA,2.43,1.88,6.87,2.93,25.46,19.72
AC079779.1,lncRNA,0.97,2.31,3.45,7.35,11.57,12.01
AC079779.2,lncRNA,0.61,5.2,1.5,9.5,9.93,6.21
AC079779.3,lncRNA,1.36,14.08,2.02,2.95,26.48,15.01
AC079779.4,lncRNA,0.04,0.29,1.0,0.0,0.74,0.21
AC079781.5,lncRNA,1.58,3.52,7.87,6.4,19.92,19.5
AC079790.1,lncRNA,1.42,0.1,0.0,0.44,4.96,0.79
AC079790.2,lncRNA,2.99,10.16,6.97,12.09,23.67,16.22
AC079793.1,lncRNA,3.09,7.3,0.25,1.14,6.86,4.26
AC079799.1,lncRNA,0.0,0.0,0.0,0.0,0.1,1.01
AC079801.1,lncRNA,0.0,0.07,0.0,0.94,0.92,0.8
AC079804.3,lncRNA,0.11,3.27,27.83,3.87,0.9,1.19
AC079807.1,lncRNA,0.58,0.71,0.56,0.6,7.74,11.92
AC079822.1,lncRNA,0.0,0.0,0.0,0.12,0.25,0.71
AC079834.1,lncRNA,0.7,3.28,3.15,0.33,14.41,19.34
AC079841.2,lncRNA,0.66,2.43,0.84,4.68,2.64,1.74
AC079848.1,lncRNA,1.09,0.3,2.39,4.55,12.09,16.22
AC079848.2,lncRNA,0.93,0.67,13.7,1.47,18.2,17.21
AC079851.1,lncRNA,2.71,3.68,0.52,6.67,5.56,1.73
AC079866.2,lncRNA,0.0,0.0,0.0,0.0,0.06,1.0
AC079896.1,lncRNA,0.0,0.0,0.25,0.0,0.4,0.41
AC079906.1,lncRNA,0.0,1.0,0.0,0.0,0.47,0.99
AC079907.1,lncRNA,0.0,0.63,1.1,1.04,0.0,0.0
AC079907.2,lncRNA,0.31,2.17,1.0,0.0,6.22,4.03
AC079910.1,lncRNA,0.0,0.61,0.0,0.0,1.83,0.08
AC079915.1,lncRNA,2.38,9.48,1.3,9.08,3.63,7.64
AC079921.1,lncRNA,2.36,10.74,9.78,5.88,63.44,62.56
AC079921.2,lncRNA,0.08,3.34,0.16,1.0,0.76,0.14
AC079922.2,lncRNA,2.4,4.55,3.42,2.74,22.4,17.58
AC079942.1,lncRNA,0.0,0.0,0.1,0.0,0.33,0.0
AC079943.1,lncRNA,3.42,0.75,0.0,0.0,3.17,7.98
AC079943.2,lncRNA,4.33,2.33,0.31,1.48,4.74,5.08
AC079949.1,lncRNA,22.34,21.46,51.67,18.14,1055.52,963.91
AC079949.2,lncRNA,1.06,3.08,0.35,1.29,4.02,3.57
AC079949.3,lncRNA,2.0,0.96,1.67,7.0,2.5,1.27
AC079949.5,lncRNA,0.34,1.16,3.46,2.88,6.78,7.5
AC079949.6,lncRNA,0.31,0.13,0.38,0.11,0.22,1.29
AC079950.1,lncRNA,4.5,3.5,5.75,7.02,14.18,7.23
AC079988.1,lncRNA,0.76,1.55,0.6,1.67,2.19,2.63
AC080005.1,lncRNA,0.07,3.17,0.2,0.52,1.69,0.26
AC080011.1,lncRNA,0.0,7.0,0.73,1.56,2.97,0.17
AC080013.1,lncRNA,4.59,5.79,4.22,7.41,59.38,51.47
AC080013.2,lncRNA,0.0,0.5,0.0,0.0,0.37,1.4
AC080013.3,lncRNA,0.0,0.25,0.0,0.0,1.12,0.0
AC080013.4,lncRNA,3.04,3.0,3.94,4.19,5.03,0.47
AC080023.1,lncRNA,2.03,4.19,1.04,6.88,9.09,4.58
AC080037.2,lncRNA,0.0,1.0,0.0,0.0,1.2,3.2
AC080038.1,lncRNA,3.44,1.6,3.6,3.45,8.91,4.73
AC080038.2,lncRNA,0.0,1.0,1.25,4.5,7.76,5.45
AC080068.1,lncRNA,0.3,0.64,0.33,0.14,4.06,1.17
AC080075.1,lncRNA,0.31,0.39,0.88,0.87,5.11,4.64
AC080078.1,lncRNA,0.0,0.0,1.0,1.0,0.17,1.73
AC080078.2,lncRNA,0.0,0.33,0.25,1.17,0.7,0.0
AC080079.2,lncRNA,3.89,6.42,6.62,5.39,19.31,14.34
AC080089.2,lncRNA,1.46,6.52,5.52,10.79,139.86,130.18
AC080097.1,lncRNA,2.94,3.87,7.64,8.88,19.39,17.07
AC080112.1,lncRNA,0.73,2.28,2.63,1.05,28.3,24.39
AC080112.4,lncRNA,14.75,19.28,90.98,39.04,106.24,181.4
AC080128.2,lncRNA,1.99,3.38,3.09,4.28,11.76,12.7
AC080129.1,lncRNA,0.0,0.0,0.0,0.0,1.0,0.0
AC080129.2,lncRNA,0.0,0.58,2.0,0.33,8.7,4.83
AC080132.1,lncRNA,5.61,14.11,7.12,12.23,121.35,110.59
AC080162.1,lncRNA,0.09,0.0,0.0,0.0,0.11,0.88
AC080188.1,lncRNA,0.25,0.85,1.43,1.09,3.0,2.45
AC082650.1,lncRNA,0.0,0.0,0.0,0.0,0.14,0.24
AC082650.2,lncRNA,0.0,0.0,0.0,0.0,0.1,1.0
AC082651.1,lncRNA,9.76,71.74,26.12,34.65,31.9,38.85
AC082651.3,lncRNA,4.25,1.89,8.03,5.31,33.82,22.02
AC082651.4,lncRNA,1.73,5.77,3.42,4.12,8.61,5.68
AC083795.2,lncRNA,0.22,2.58,0.46,1.37,3.85,7.31
AC083799.1,lncRNA,1.0,4.0,0.0,1.0,0.33,0.37
AC083801.2,lncRNA,1.06,0.94,0.0,2.08,2.47,2.37
AC083805.1,lncRNA,4.07,4.93,2.28,7.34,26.37,18.83
AC083805.2,lncRNA,0.6,0.0,1.0,2.0,1.79,1.68
AC083805.3,lncRNA,0.65,2.03,3.65,0.99,4.97,9.09
AC083806.2,lncRNA,4.5,1.32,4.64,3.31,22.87,18.55
AC083806.3,lncRNA,0.0,0.0,1.0,0.0,0.7,0.05
AC083809.1,lncRNA,0.27,0.0,0.0,0.0,2.05,2.17
AC083836.1,lncRNA,4.85,0.1,0.0,0.0,1.97,1.17
AC083837.1,lncRNA,3.67,1.83,1.96,7.22,5.79,12.34
AC083841.1,lncRNA,0.0,0.0,1.0,0.5,5.38,1.72
AC083841.2,lncRNA,0.22,0.33,0.1,0.63,0.22,0.85
AC083841.3,lncRNA,3.06,2.0,4.65,0.25,1.25,1.44
AC083843.1,lncRNA,0.0,0.42,1.71,0.0,6.32,6.08
AC083843.2,lncRNA,0.19,5.6,1.2,0.58,15.94,15.16
AC083855.2,lncRNA,0.45,0.95,0.0,0.05,0.62,1.37
AC083862.1,lncRNA,1.05,0.27,1.13,0.25,5.51,4.72
AC083862.2,lncRNA,0.82,2.42,8.02,3.38,19.58,15.65
AC083864.1,lncRNA,0.22,0.67,2.7,1.07,7.64,5.42
AC083864.2,lncRNA,0.0,0.0,0.27,0.54,1.02,2.85
AC083864.3,lncRNA,0.54,0.68,2.44,1.06,3.61,6.08
AC083864.4,lncRNA,0.12,0.34,1.0,0.36,1.08,1.94
AC083864.5,lncRNA,0.4,0.0,0.5,0.0,0.28,1.44
AC083867.2,lncRNA,0.0,0.0,0.0,2.0,0.0,0.28
AC083870.1,lncRNA,0.3,1.71,2.93,2.51,3.57,2.7
AC083880.1,lncRNA,0.0,0.88,3.2,2.99,10.21,7.11
AC083900.1,lncRNA,0.0,1.0,0.0,0.0,0.83,0.13
AC083902.1,lncRNA,1.0,0.33,0.0,0.0,0.05,1.05
AC083906.3,lncRNA,0.08,0.0,0.0,0.0,0.0,1.28
AC083964.1,lncRNA,0.0,0.62,0.08,0.0,0.1,0.38
AC083967.1,lncRNA,0.05,1.14,0.0,0.35,1.52,0.0
AC083973.1,lncRNA,0.54,2.17,3.5,0.7,7.9,7.46
AC084018.1,lncRNA,0.0,1.0,0.46,1.14,5.99,4.89
AC084018.2,lncRNA,1.63,2.24,2.29,2.75,13.68,9.89
AC084018.3,lncRNA,0.17,0.58,0.89,0.57,4.19,4.18
AC084024.1,lncRNA,0.0,0.0,0.17,1.0,2.56,3.1
AC084024.3,lncRNA,1.5,7.56,0.57,1.06,1.9,1.17
AC084024.4,lncRNA,1.88,0.55,6.56,1.04,13.96,8.84
AC084026.1,lncRNA,0.0,0.05,0.5,0.0,1.83,0.31
AC084026.2,lncRNA,2.85,2.67,4.79,43.85,7.99,15.21
AC084030.1,lncRNA,0.81,2.41,0.14,3.47,4.86,4.11
AC084035.1,lncRNA,0.0,0.0,0.02,0.0,1.11,1.02
AC084036.1,lncRNA,0.0,0.08,0.0,0.0,0.55,0.88
AC084048.1,lncRNA,1.0,0.0,0.09,0.0,1.63,0.39
AC084064.1,lncRNA,0.56,5.76,0.67,8.56,11.35,9.98
AC084082.1,lncRNA,11.27,5.11,21.79,6.0,116.36,164.46
AC084083.1,lncRNA,2.48,3.7,4.53,2.5,5.85,3.93
AC084114.1,lncRNA,0.0,0.48,0.0,0.0,0.43,0.07
AC084116.1,lncRNA,0.0,0.07,0.17,7.56,4.5,3.7
AC084116.2,lncRNA,0.0,1.0,0.0,0.05,0.98,1.67
AC084116.3,lncRNA,0.0,0.33,1.33,0.0,0.58,0.25
AC084117.1,lncRNA,0.0,0.0,0.0,2.0,0.12,1.08
AC084125.1,lncRNA,0.25,0.0,0.23,0.0,0.68,1.26
AC084125.2,lncRNA,1.31,3.23,8.52,5.0,17.15,13.92
AC084125.3,lncRNA,0.0,0.0,0.06,0.0,0.2,0.14
AC084125.4,lncRNA,0.38,0.0,0.0,0.12,1.02,2.24
AC084128.1,lncRNA,0.0,0.0,0.0,0.2,1.5,3.46
AC084149.1,lncRNA,0.0,0.0,0.0,0.0,0.96,0.58
AC084167.1,lncRNA,0.2,1.83,0.25,0.33,6.02,2.59
AC084198.1,lncRNA,1.28,0.93,0.5,0.69,5.04,5.22
AC084211.1,lncRNA,0.0,0.0,0.0,0.0,0.17,0.0
AC084212.1,lncRNA,0.28,1.05,12.52,1.33,5.81,2.08
AC084262.1,lncRNA,1.92,1.31,1.31,3.0,3.87,7.07
AC084262.2,lncRNA,0.0,0.43,0.08,1.7,4.47,8.13
AC084277.1,lncRNA,0.33,0.25,0.0,0.0,1.9,2.21
AC084291.1,lncRNA,0.0,0.0,0.48,0.0,3.11,0.17
AC084335.1,lncRNA,2.12,3.54,0.25,1.67,3.25,4.8
AC084346.1,lncRNA,0.05,0.0,0.0,0.39,0.12,1.62
AC084357.2,lncRNA,0.08,2.0,0.0,5.5,1.57,7.5
AC084361.1,lncRNA,0.0,0.6,0.1,2.0,1.76,0.19
AC084364.3,lncRNA,0.21,0.17,0.33,0.0,2.34,2.32
AC084365.1,lncRNA,0.0,0.1,0.0,0.0,0.42,0.96
AC084375.1,lncRNA,3.61,3.2,23.75,6.9,3.27,16.12
AC084398.2,lncRNA,1.0,0.0,1.5,0.0,10.46,7.45
AC084706.1,lncRNA,0.0,0.67,0.27,0.0,3.19,2.8
AC084724.1,lncRNA,3.17,0.66,0.33,0.82,8.36,4.57
AC084734.1,lncRNA,0.17,0.17,0.0,0.56,4.11,2.68
AC084740.1,lncRNA,2.62,2.69,6.15,3.17,20.7,34.23
AC084741.1,lncRNA,0.25,0.0,0.0,0.0,1.59,3.7
AC084756.1,lncRNA,0.17,0.2,0.0,0.1,0.0,0.31
AC084757.2,lncRNA,0.0,1.06,0.08,0.17,0.44,0.07
AC084757.3,lncRNA,4.97,5.5,5.15,3.16,17.29,23.3
AC084757.4,lncRNA,0.0,0.0,0.0,0.0,0.43,1.04
AC084759.2,lncRNA,1.48,0.7,0.85,0.91,10.69,8.79
AC084768.1,lncRNA,1.88,1.79,0.37,0.6,2.98,1.62
AC084781.1,lncRNA,0.0,0.0,0.14,0.0,1.02,0.41
AC084781.2,lncRNA,0.0,0.0,0.0,2.0,0.0,0.39
AC084782.1,lncRNA,1.04,1.5,0.77,1.99,5.77,8.39
AC084782.2,lncRNA,0.0,0.0,0.0,2.0,0.21,0.0
AC084782.3,lncRNA,0.0,0.0,0.0,0.5,0.0,0.25
AC084809.1,lncRNA,1.17,0.06,0.61,2.62,12.98,9.62
AC084809.2,lncRNA,0.37,1.0,0.75,0.2,5.16,7.66
AC084816.1,lncRNA,3.79,7.77,4.38,9.34,20.96,15.14
AC084819.1,lncRNA,1.0,2.0,0.0,4.33,3.15,2.62
AC084824.3,lncRNA,0.17,0.0,0.57,0.0,0.08,0.75
AC084824.4,lncRNA,0.17,0.0,2.0,1.45,0.7,0.1
AC084824.5,lncRNA,0.4,1.0,1.0,0.0,0.45,0.0
AC084834.1,lncRNA,7.21,5.45,2.86,8.24,19.99,21.4
AC084838.1,lncRNA,0.0,1.43,0.11,0.0,1.23,2.21
AC084855.1,lncRNA,0.2,0.2,0.04,0.5,1.93,2.0
AC084855.2,lncRNA,2.64,3.79,3.08,6.33,40.21,40.26
AC084864.1,lncRNA,0.5,0.42,0.0,0.11,0.88,1.31
AC084864.2,lncRNA,1.67,0.0,0.0,0.0,2.35,1.85
AC084866.1,lncRNA,1.16,0.06,0.52,2.03,4.79,0.88
AC084866.2,lncRNA,1.0,0.25,0.0,0.93,0.46,0.5
AC084871.1,lncRNA,0.0,0.0,0.06,1.0,2.24,0.42
AC084871.3,lncRNA,1.25,0.17,0.5,0.0,7.6,4.05
AC084876.1,lncRNA,0.0,1.75,0.29,0.25,5.17,8.26
AC084879.2,lncRNA,0.0,0.0,0.5,0.0,0.2,1.5
AC084880.2,lncRNA,0.0,0.0,0.83,0.5,0.33,0.7
AC084880.3,lncRNA,0.0,0.0,0.39,0.0,0.59,1.35
AC084880.4,lncRNA,0.17,0.23,0.2,0.0,1.29,0.8
AC084882.1,lncRNA,2.49,0.49,0.0,0.11,0.97,0.24
AC087045.2,lncRNA,0.0,1.17,2.7,0.07,6.49,7.34
AC087071.1,lncRNA,1.0,2.33,0.5,0.5,1.93,0.78
AC087071.2,lncRNA,0.13,0.39,0.58,0.7,2.34,2.8
AC087164.1,lncRNA,2.83,1.78,4.77,4.81,28.77,33.08
AC087175.1,lncRNA,0.57,0.0,0.75,0.37,10.45,12.82
AC087190.1,lncRNA,0.0,0.0,0.0,0.0,0.17,0.05
AC087190.2,lncRNA,2.0,1.75,0.48,3.81,0.5,1.0
AC087190.3,lncRNA,24.12,21.94,24.88,23.91,270.55,247.35
AC087203.3,lncRNA,1.37,0.0,0.2,0.87,5.69,3.22
AC087222.1,lncRNA,0.0,0.35,0.57,0.2,6.83,4.71
AC087235.1,lncRNA,0.0,0.0,0.5,0.0,2.01,3.07
AC087235.2,lncRNA,0.1,1.33,0.07,0.92,1.26,1.68
AC087239.1,lncRNA,2.0,0.63,2.49,1.77,3.3,2.27
AC087241.2,lncRNA,1.42,1.53,2.25,0.25,9.13,5.99
AC087242.1,lncRNA,0.0,0.0,0.0,2.0,2.82,0.0
AC087257.1,lncRNA,0.91,1.1,0.7,5.33,6.51,9.86
AC087260.1,lncRNA,0.0,2.0,0.0,0.0,0.0,0.5
AC087269.1,lncRNA,0.0,2.0,0.56,0.25,3.58,2.84
AC087269.3,lncRNA,0.25,1.0,0.0,0.08,0.45,1.18
AC087273.1,lncRNA,1.02,1.64,0.38,0.0,4.33,2.73
AC087273.2,lncRNA,2.19,4.44,4.12,3.0,4.74,2.56
AC087276.1,lncRNA,2.49,6.21,2.44,2.6,10.13,16.44
AC087276.2,lncRNA,1.2,0.08,1.0,0.0,1.53,0.25
AC087276.3,lncRNA,0.0,1.0,0.0,0.08,0.0,0.0
AC087277.1,lncRNA,0.07,0.75,0.0,2.0,1.05,0.75
AC087277.2,lncRNA,0.0,0.0,0.0,0.0,0.07,0.0
AC087280.2,lncRNA,1.57,8.4,5.85,4.75,24.48,30.79
AC087284.1,lncRNA,0.0,0.8,0.0,0.53,1.56,2.35
AC087286.1,lncRNA,0.0,0.0,0.08,0.0,0.22,1.28
AC087286.2,lncRNA,0.18,0.17,0.12,0.12,0.35,0.7
AC087286.3,lncRNA,1.0,6.0,0.0,1.04,2.07,1.35
AC087286.4,lncRNA,0.0,0.0,1.44,0.53,1.89,2.68
AC087289.1,lncRNA,0.67,0.0,2.28,0.84,6.45,7.76
AC087289.2,lncRNA,0.2,0.69,2.78,1.58,5.73,7.11
AC087289.4,lncRNA,0.0,1.5,0.0,0.0,0.25,0.04
AC087289.5,lncRNA,2.79,9.86,8.25,3.67,24.84,16.93
AC087292.1,lncRNA,0.72,1.5,0.67,0.04,3.26,1.28
AC087294.1,lncRNA,3.19,5.22,0.9,2.73,7.29,2.48
AC087301.1,lncRNA,0.0,2.28,0.39,2.34,7.13,5.64
AC087311.1,lncRNA,0.0,0.0,0.0,0.0,0.66,0.4
AC087341.1,lncRNA,0.81,4.5,0.5,0.0,0.59,0.33
AC087354.1,lncRNA,1.45,0.72,3.05,1.64,1.09,2.95
AC087362.1,lncRNA,0.0,0.0,0.0,0.0,0.37,0.16
AC087362.2,lncRNA,0.0,0.0,0.0,0.0,0.13,0.67
AC087369.2,lncRNA,3.0,0.58,0.14,3.33,2.33,3.98
AC087379.1,lncRNA,1.83,0.5,2.79,0.51,4.38,3.17
AC087379.2,lncRNA,0.73,0.33,0.21,0.06,3.02,2.67
AC087386.1,lncRNA,0.08,0.0,0.38,0.5,1.15,0.18
AC087392.1,lncRNA,1.33,1.0,0.7,1.11,5.35,4.74
AC087392.2,lncRNA,0.83,0.17,0.29,0.0,5.47,1.56
AC087392.3,lncRNA,0.17,9.31,0.93,1.61,0.97,2.85
AC087392.4,lncRNA,0.0,0.0,0.29,0.29,1.39,2.79
AC087392.5,lncRNA,0.17,0.0,1.33,1.27,1.19,1.18
AC087393.2,lncRNA,0.5,0.5,0.62,0.0,1.9,2.79
AC087399.1,lncRNA,1.0,0.06,0.33,0.2,3.83,2.19
AC087427.1,lncRNA,0.5,1.4,0.0,0.0,1.0,0.1
AC087428.1,lncRNA,0.0,0.0,1.27,0.06,3.57,6.03
AC087430.1,lncRNA,5.89,2.68,2.35,8.61,21.95,16.64
AC087439.1,lncRNA,0.12,0.0,0.0,0.08,0.93,0.5
AC087439.2,lncRNA,0.0,0.97,0.0,0.0,0.21,0.75
AC087442.1,lncRNA,0.0,0.58,0.11,0.25,1.67,2.42
AC087457.1,lncRNA,2.66,4.18,2.62,21.37,25.0,28.96
AC087463.1,lncRNA,0.0,0.0,0.0,0.0,0.17,0.27
AC087463.2,lncRNA,0.06,0.23,2.33,0.0,2.8,3.64
AC087463.3,lncRNA,0.45,0.0,1.33,1.33,2.15,2.29
AC087468.2,lncRNA,2.14,1.31,0.38,0.33,2.15,3.65
AC087473.1,lncRNA,1.45,1.7,6.23,6.56,14.42,13.87
AC087477.2,lncRNA,18.77,28.4,23.97,113.05,17.28,38.51
AC087477.3,lncRNA,0.08,0.0,0.0,0.32,0.25,0.33
AC087477.4,lncRNA,0.07,1.74,0.17,0.0,1.52,1.22
AC087477.5,lncRNA,0.14,0.62,0.09,1.5,0.47,1.39
AC087482.1,lncRNA,9.4,5.28,22.32,13.56,17.1,21.98
AC087490.1,lncRNA,0.39,1.4,1.37,0.0,0.82,1.93
AC087491.1,lncRNA,2.0,0.14,2.66,0.0,4.48,3.11
AC087500.1,lncRNA,4.93,4.68,2.4,1.42,16.49,15.28
AC087500.2,lncRNA,0.0,0.0,0.0,4.0,1.0,0.08
AC087501.1,lncRNA,0.33,0.0,0.25,0.0,1.08,0.2
AC087501.2,lncRNA,1.14,0.0,0.0,2.5,0.0,1.0
AC087501.3,lncRNA,1.0,0.5,0.0,0.0,1.2,0.0
AC087501.4,lncRNA,0.91,0.12,2.82,1.2,2.09,6.43
AC087516.1,lncRNA,0.76,1.21,2.68,0.2,4.03,2.48
AC087516.2,lncRNA,1.43,3.24,0.61,0.58,7.45,6.63
AC087518.1,lncRNA,0.25,0.12,0.0,0.0,0.0,0.0
AC087521.1,lncRNA,6.4,7.09,10.91,7.73,27.43,30.65
AC087521.2,lncRNA,4.3,6.13,0.74,4.31,6.51,12.77
AC087521.3,lncRNA,0.0,0.0,0.21,2.0,2.91,1.5
AC087521.4,lncRNA,0.0,1.0,0.0,0.0,0.0,0.17
AC087533.1,lncRNA,0.44,1.98,1.27,1.31,2.88,2.5
AC087564.1,lncRNA,27.4,19.59,31.89,23.07,202.07,139.3
AC087565.1,lncRNA,1.0,1.0,0.5,4.5,1.51,3.39
AC087565.2,lncRNA,1.12,0.44,1.66,4.12,6.9,11.19
AC087588.1,lncRNA,0.12,0.39,0.1,0.27,4.66,1.66
AC087588.2,lncRNA,4.25,1.03,2.58,1.93,4.25,4.25
AC087591.1,lncRNA,0.93,0.0,0.37,1.09,3.48,3.69
AC087612.1,lncRNA,0.5,1.08,2.24,0.0,5.79,3.48
AC087620.1,lncRNA,0.0,0.08,0.0,0.08,2.72,1.0
AC087623.1,lncRNA,0.25,0.0,0.0,0.0,2.01,3.19
AC087623.2,lncRNA,2.63,2.37,2.27,2.84,15.2,11.82
AC087623.3,lncRNA,0.5,1.0,0.22,0.0,0.99,0.62
AC087627.1,lncRNA,0.18,0.33,0.27,2.0,2.49,3.27
AC087633.1,lncRNA,0.0,1.0,0.87,0.0,2.13,1.86
AC087636.1,lncRNA,0.2,2.65,2.83,3.67,11.36,13.42
AC087639.2,lncRNA,1.02,3.41,1.73,2.2,6.42,4.17
AC087645.2,lncRNA,1.48,0.19,2.76,2.16,11.64,10.17
AC087645.4,lncRNA,0.0,0.03,0.06,0.14,0.95,1.12
AC087664.1,lncRNA,0.33,0.69,0.72,0.25,0.74,2.09
AC087664.2,lncRNA,2.0,0.77,0.0,2.43,4.15,2.03
AC087667.1,lncRNA,1.26,0.0,0.4,0.08,3.61,1.51
AC087672.1,lncRNA,0.0,0.0,0.0,0.6,0.07,1.46
AC087672.2,lncRNA,0.08,0.0,0.0,0.0,2.39,0.6
AC087683.2,lncRNA,0.0,0.0,0.0,0.12,0.0,0.0
AC087683.3,lncRNA,0.42,2.9,2.18,3.28,6.76,5.95
AC087721.1,lncRNA,0.5,1.28,0.2,5.0,0.5,1.06
AC087741.1,lncRNA,2.94,5.31,3.97,13.25,26.51,16.12
AC087741.2,lncRNA,0.0,0.0,0.0,0.0,0.33,0.61
AC087742.1,lncRNA,1.11,0.82,0.0,0.14,2.57,2.02
AC087749.1,lncRNA,0.0,0.33,0.0,1.0,1.65,1.82
AC087749.2,lncRNA,0.08,0.1,0.2,0.09,0.67,0.32
AC087752.3,lncRNA,0.25,2.7,1.25,2.31,2.78,3.39
AC087752.4,lncRNA,0.0,0.0,0.0,0.0,0.0,0.69
AC087761.1,lncRNA,2.0,0.0,0.0,0.0,1.0,2.25
AC087762.1,lncRNA,0.0,0.12,1.18,1.0,0.68,1.33
AC087854.1,lncRNA,4.14,6.11,2.54,9.44,9.65,13.12
AC087855.1,lncRNA,0.0,0.0,0.0,0.0,0.5,0.5
AC087855.2,lncRNA,1.0,0.0,2.03,0.45,13.74,8.14
AC087857.1,lncRNA,0.17,1.0,0.08,0.0,0.83,3.17
AC087863.2,lncRNA,0.0,0.0,0.25,0.0,0.39,4.09
AC087878.1,lncRNA,0.33,5.04,3.5,0.0,3.26,1.4
AC087883.2,lncRNA,0.0,2.0,0.0,0.0,0.17,0.33
AC087885.1,lncRNA,0.28,1.36,0.2,0.2,1.45,2.03
AC087893.2,lncRNA,0.0,1.83,0.0,0.0,1.73,2.11
AC087894.3,lncRNA,2.76,12.01,4.16,9.44,26.01,31.53
AC087897.2,lncRNA,0.0,0.0,0.0,0.0,0.55,1.77
AC089983.1,lncRNA,0.0,0.0,0.33,0.0,0.39,1.91
AC089983.2,lncRNA,0.17,0.6,0.59,0.0,7.37,3.24
AC089984.1,lncRNA,0.33,0.08,0.5,0.15,1.11,0.7
AC089985.1,lncRNA,1.24,1.12,1.23,0.07,2.13,1.63
AC089987.2,lncRNA,0.0,0.0,0.08,2.1,0.48,1.31
AC089998.1,lncRNA,0.0,0.2,0.07,4.12,2.07,1.76
AC089998.2,lncRNA,0.0,0.0,0.0,0.0,0.25,0.0
AC089998.4,lncRNA,0.0,3.5,0.0,1.0,0.61,0.5
AC089999.1,lncRNA,0.17,0.29,1.89,0.08,1.47,1.7
AC089999.2,lncRNA,0.0,0.0,0.0,0.0,2.37,1.43
AC090001.1,lncRNA,3.12,2.86,2.14,1.97,18.14,11.67
AC090004.2,lncRNA,0.17,0.9,1.88,5.31,7.85,4.95
AC090016.1,lncRNA,0.0,0.0,0.0,0.0,0.87,2.48
AC090018.2,lncRNA,1.0,1.65,0.64,7.49,9.88,6.16
AC090023.1,lncRNA,0.0,0.0,0.0,0.5,1.24,1.81
AC090023.2,lncRNA,0.25,1.0,0.86,1.5,3.39,1.35
AC090044.1,lncRNA,0.58,0.17,2.0,0.07,0.54,0.38
AC090049.1,lncRNA,23.0,9.0,1.5,3.0,3.26,0.2
AC090061.1,lncRNA,2.21,3.15,1.31,3.1,22.4,13.87
AC090099.1,lncRNA,0.64,1.01,1.21,0.4,15.45,17.03
AC090099.2,lncRNA,1.75,0.96,0.17,1.25,4.34,1.86
AC090103.1,lncRNA,0.0,0.0,0.0,0.0,0.05,0.84
AC090109.1,lncRNA,0.0,0.0,0.0,0.29,0.94,0.16
AC090114.2,lncRNA,21.9,35.43,55.31,35.38,161.78,125.79
AC090115.1,lncRNA,0.2,6.17,4.03,2.33,2.07,1.43
AC090116.1,lncRNA,0.0,0.0,0.0,0.0,0.2,0.18
AC090124.1,lncRNA,0.0,0.0,1.0,1.59,0.6,0.29
AC090125.1,lncRNA,1.0,3.89,0.94,1.11,24.59,26.85
AC090125.2,lncRNA,0.0,0.33,0.0,0.25,5.02,1.84
AC090136.3,lncRNA,2.64,8.55,2.69,3.97,23.63,20.68
AC090138.1,lncRNA,7.0,0.0,0.0,0.0,1.1,0.5
AC090150.1,lncRNA,1.29,0.5,2.26,0.5,3.52,2.16
AC090150.2,lncRNA,0.0,0.33,0.33,1.11,0.25,0.11
AC090152.1,lncRNA,67.84,219.71,143.16,139.98,159.89,423.98
AC090155.1,lncRNA,0.0,0.07,0.2,0.0,1.0,0.28
AC090155.2,lncRNA,0.0,0.0,0.0,0.0,0.92,1.54
AC090159.1,lncRNA,1.25,0.5,0.0,0.0,1.46,0.17
AC090164.2,lncRNA,3.91,2.78,3.66,1.28,18.31,16.91
AC090164.3,lncRNA,1.92,2.22,1.11,0.0,6.39,2.56
AC090164.4,lncRNA,1.0,0.0,0.0,0.0,1.59,1.54
AC090181.1,lncRNA,0.0,0.17,0.0,0.05,0.17,0.0
AC090181.2,lncRNA,1.14,0.48,0.26,0.14,2.48,0.9
AC090186.1,lncRNA,0.12,0.4,0.8,0.0,2.11,1.15
AC090192.2,lncRNA,1.17,0.62,1.97,1.24,4.98,6.26
AC090193.1,lncRNA,0.0,0.0,0.0,0.1,1.46,0.97
AC090197.1,lncRNA,5.99,3.87,3.93,3.24,17.66,13.34
AC090198.1,lncRNA,0.33,8.67,1.53,0.34,2.04,3.74
AC090200.1,lncRNA,0.33,1.0,0.0,0.0,8.35,9.44
AC090204.1,lncRNA,0.42,2.62,1.25,4.0,1.99,1.06
AC090206.1,lncRNA,1.66,18.5,3.94,13.59,38.56,21.99
AC090213.1,lncRNA,5.58,0.26,0.0,1.17,2.01,0.2
AC090220.1,lncRNA,0.0,1.5,0.48,0.15,2.89,2.86
AC090227.3,lncRNA,0.0,3.22,0.0,0.05,0.0,1.0
AC090229.1,lncRNA,0.0,2.0,0.0,0.0,1.58,3.57
AC090236.1,lncRNA,1.24,3.1,8.0,1.12,10.86,4.42
AC090236.2,lncRNA,0.5,2.0,1.22,3.1,3.63,2.94
AC090241.2,lncRNA,5.52,11.85,7.63,11.44,37.03,29.81
AC090241.3,lncRNA,0.67,0.75,4.46,1.75,8.35,7.01
AC090246.1,lncRNA,0.0,0.09,0.0,0.0,0.16,0.0
AC090260.1,lncRNA,0.31,0.67,0.0,0.93,1.16,1.27
AC090282.1,lncRNA,0.37,0.08,0.2,1.76,0.67,1.26
AC090283.1,lncRNA,7.33,1.49,4.04,4.0,4.34,2.86
AC090286.1,lncRNA,3.56,2.67,603.33,4.67,19.58,10.47
AC090337.1,lncRNA,0.0,0.0,0.0,2.17,1.76,1.88
AC090337.2,lncRNA,0.2,0.53,0.17,0.33,4.33,2.59
AC090338.1,lncRNA,8.5,4.26,2.93,2.85,4.06,6.27
AC090340.1,lncRNA,10.73,21.37,22.82,14.57,92.96,64.33
AC090348.1,lncRNA,0.95,0.0,0.0,0.0,0.08,0.5
AC090358.1,lncRNA,0.0,0.0,0.33,1.0,2.53,3.0
AC090365.1,lncRNA,0.12,0.08,0.0,0.38,0.73,1.33
AC090371.1,lncRNA,0.0,0.0,0.0,0.0,1.1,0.09
AC090371.2,lncRNA,0.07,1.37,0.27,1.0,1.86,1.17
AC090376.1,lncRNA,1.12,10.23,1.53,0.45,5.67,4.48
AC090377.1,lncRNA,1.77,2.77,20.27,4.7,15.76,13.51
AC090386.1,lncRNA,0.5,0.42,1.15,0.33,2.4,2.71
AC090398.1,lncRNA,0.2,5.0,1.0,2.62,3.78,3.66
AC090398.2,lncRNA,0.0,0.42,0.4,1.5,1.33,0.85
AC090403.1,lncRNA,2.81,13.24,5.49,7.91,53.53,54.71
AC090409.1,lncRNA,1.68,7.17,2.7,2.25,8.88,6.71
AC090409.2,lncRNA,0.0,0.17,0.0,0.0,0.42,1.33
AC090415.2,lncRNA,0.0,0.0,0.0,0.0,0.1,0.14
AC090425.3,lncRNA,0.25,0.0,0.17,0.0,0.27,0.08
AC090457.1,lncRNA,1.0,0.11,1.0,0.5,0.47,0.0
AC090469.1,lncRNA,0.0,1.02,0.22,0.84,6.08,2.92
AC090502.2,lncRNA,0.0,0.0,0.2,0.0,0.15,2.21
AC090503.1,lncRNA,0.0,0.06,0.0,0.0,0.0,0.67
AC090503.2,lncRNA,0.1,1.0,0.17,1.21,0.65,2.25
AC090505.2,lncRNA,0.0,0.81,0.33,0.0,2.48,2.15
AC090506.1,lncRNA,0.0,0.0,0.33,0.0,0.79,1.34
AC090510.1,lncRNA,0.0,0.12,0.53,1.03,1.03,0.57
AC090510.2,lncRNA,0.5,0.35,0.33,0.12,5.39,1.59
AC090510.3,lncRNA,0.5,0.37,0.33,0.0,1.74,1.14
AC090510.4,lncRNA,0.09,0.0,0.0,0.0,0.0,0.0
AC090515.2,lncRNA,1.67,1.27,0.2,0.34,4.37,4.34
AC090515.4,lncRNA,0.47,1.19,1.21,0.19,4.18,1.88
AC090515.5,lncRNA,0.08,3.15,0.33,3.14,0.81,2.33
AC090515.6,lncRNA,1.35,1.96,1.97,5.14,10.15,8.05
AC090517.2,lncRNA,0.0,0.0,0.0,0.0,0.0,0.05
AC090517.5,lncRNA,8.3,8.94,6.85,6.93,35.52,40.87
AC090518.1,lncRNA,0.67,1.69,0.52,0.0,1.95,3.92
AC090519.1,lncRNA,0.0,0.0,0.2,0.0,0.35,0.48
AC090527.1,lncRNA,0.0,0.2,0.08,3.0,0.5,0.06
AC090527.3,lncRNA,0.0,0.5,0.5,0.12,0.0,0.27
AC090531.1,lncRNA,0.0,1.73,0.38,3.0,1.82,1.18
AC090539.1,lncRNA,0.0,0.0,1.0,0.0,0.32,0.75
AC090541.1,lncRNA,0.2,0.0,0.33,0.17,1.47,1.39
AC090559.1,lncRNA,9.0,28.47,8.5,10.65,7.66,7.39
AC090559.2,lncRNA,0.0,4.75,4.0,0.0,0.06,0.75
AC090572.3,lncRNA,0.0,0.0,0.0,0.0,0.56,1.0
AC090577.1,lncRNA,0.14,0.5,1.7,1.81,3.83,5.51
AC090578.1,lncRNA,2.55,5.1,6.73,8.21,25.11,22.54
AC090578.2,lncRNA,0.0,0.0,0.0,0.0,1.09,0.2
AC090578.3,lncRNA,0.0,0.21,1.61,0.17,1.38,2.12
AC090579.1,lncRNA,0.2,1.0,0.07,0.0,2.2,0.87
AC090587.1,lncRNA,2.99,2.43,1.83,3.72,5.71,7.86
AC090589.2,lncRNA,0.08,0.0,0.0,0.0,0.58,0.16
AC090589.3,lncRNA,0.09,0.42,0.73,0.0,0.19,1.26
AC090607.1,lncRNA,0.0,0.0,0.0,0.05,2.49,7.48
AC090607.3,lncRNA,0.17,0.47,0.82,2.67,3.3,2.64
AC090607.4,lncRNA,0.0,1.0,0.1,0.0,0.0,0.35
AC090607.5,lncRNA,0.32,0.12,0.22,7.12,1.26,1.07
AC090617.1,lncRNA,0.5,0.22,0.0,0.0,1.41,1.43
AC090617.10,lncRNA,0.17,0.37,0.41,0.26,3.19,1.81
AC090617.2,lncRNA,0.1,0.0,0.5,0.0,0.5,0.39
AC090617.3,lncRNA,0.33,1.39,0.17,0.08,0.03,0.29
AC090617.4,lncRNA,2.16,2.74,2.86,3.36,23.04,20.62
AC090617.5,lncRNA,0.0,2.12,0.0,1.0,1.92,0.25
AC090618.1,lncRNA,0.0,0.12,0.0,0.0,0.73,0.32
AC090621.1,lncRNA,1.25,1.46,3.16,0.93,21.16,20.59
AC090625.2,lncRNA,0.0,1.22,0.07,0.17,7.39,10.29
AC090629.1,lncRNA,1.12,2.26,0.94,0.34,6.84,4.54
AC090630.1,lncRNA,0.0,0.0,0.0,0.0,1.64,0.07
AC090644.1,lncRNA,0.33,0.82,0.0,2.5,2.67,2.19
AC090651.1,lncRNA,0.0,0.0,0.0,0.67,0.83,0.47
AC090673.1,lncRNA,0.8,4.87,1.92,3.13,18.81,19.12
AC090679.2,lncRNA,1.0,0.7,0.1,1.1,2.61,1.78
AC090679.3,lncRNA,0.48,0.0,0.0,0.0,2.16,1.03
AC090680.1,lncRNA,0.14,0.94,0.11,0.0,0.05,1.42
AC090692.1,lncRNA,0.0,0.0,0.37,0.38,0.79,0.23
AC090692.2,lncRNA,0.25,0.14,0.25,0.2,1.22,2.26
AC090692.3,lncRNA,0.58,0.75,1.97,2.0,2.23,1.72
AC090696.1,lncRNA,0.0,0.25,1.21,1.0,2.47,3.15
AC090707.1,lncRNA,0.0,0.0,0.0,1.0,0.78,0.27
AC090707.2,lncRNA,0.51,0.87,3.42,0.25,9.37,6.06
AC090709.1,lncRNA,0.0,0.0,0.33,0.0,1.0,0.64
AC090735.1,lncRNA,0.0,0.0,0.33,0.0,0.22,0.0
AC090739.1,lncRNA,0.0,0.14,0.0,1.33,1.23,3.67
AC090753.1,lncRNA,0.0,0.0,0.0,1.0,0.05,0.64
AC090771.2,lncRNA,0.12,2.35,0.0,2.42,2.97,3.18
AC090772.1,lncRNA,0.17,0.0,1.17,1.0,0.51,1.29
AC090772.2,lncRNA,0.0,0.5,0.56,0.0,1.49,0.57
AC090772.3,lncRNA,0.0,0.23,0.43,1.0,0.15,0.34
AC090774.2,lncRNA,2.0,0.75,1.33,24.25,25.38,23.43
AC090791.1,lncRNA,0.0,0.75,0.0,0.09,0.31,0.72
AC090796.1,lncRNA,0.83,0.12,0.34,2.11,4.62,2.06
AC090802.1,lncRNA,0.0,0.25,2.0,0.07,1.14,0.67
AC090809.1,lncRNA,0.0,0.22,2.65,2.07,6.01,3.77
AC090812.1,lncRNA,0.17,0.0,0.14,0.67,1.74,2.07
AC090816.1,lncRNA,0.0,0.14,0.42,1.06,3.8,1.23
AC090820.2,lncRNA,0.9,1.44,0.1,6.5,4.44,3.63
AC090821.2,lncRNA,3.0,0.25,2.55,7.5,4.54,2.29
AC090825.1,lncRNA,7.47,10.16,7.55,6.12,26.28,24.17
AC090826.1,lncRNA,2.29,5.42,3.44,4.66,21.69,28.88
AC090826.2,lncRNA,0.12,0.25,0.06,0.0,2.32,2.3
AC090826.3,lncRNA,1.87,1.67,0.75,1.17,1.07,2.7
AC090844.2,lncRNA,1.11,1.23,1.53,5.0,6.14,1.68
AC090844.3,lncRNA,8.53,13.54,2.46,5.55,6.57,18.11
AC090857.2,lncRNA,0.0,0.11,0.08,0.17,0.33,0.0
AC090877.2,lncRNA,4.23,5.4,13.61,6.26,34.23,37.29
AC090907.1,lncRNA,0.5,0.06,0.33,0.0,0.18,0.73
AC090907.2,lncRNA,0.0,1.18,0.08,3.0,0.85,0.7
AC090907.3,lncRNA,0.62,0.93,2.81,2.7,2.83,4.29
AC090912.1,lncRNA,1.2,2.76,2.42,0.87,6.1,7.89
AC090912.2,lncRNA,0.0,0.67,4.34,4.05,3.35,6.15
AC090912.3,lncRNA,0.0,0.07,0.0,0.0,0.0,1.19
AC090921.1,lncRNA,1.62,0.75,1.33,1.5,5.16,2.17
AC090936.1,lncRNA,0.0,2.08,0.66,0.06,1.01,1.33
AC090945.1,lncRNA,0.0,1.42,1.5,0.18,3.36,2.39
AC090946.1,lncRNA,0.06,2.1,1.42,0.25,0.71,4.94
AC090948.1,lncRNA,1.0,0.5,0.0,0.0,1.23,1.0
AC090948.2,lncRNA,0.0,3.5,0.0,0.0,0.33,0.77
AC090948.3,lncRNA,0.0,0.0,0.0,0.0,0.93,1.71
AC090948.4,lncRNA,0.0,0.33,0.87,0.43,1.65,1.06
AC090952.1,lncRNA,0.24,0.0,0.83,0.25,3.21,2.04
AC090952.2,lncRNA,1.68,4.71,2.91,6.43,5.55,4.25
AC090953.2,lncRNA,4.49,2.78,2.6,0.23,13.81,14.03
AC090957.1,lncRNA,1.17,0.25,1.18,0.25,6.38,6.62
AC090970.1,lncRNA,0.33,0.12,0.05,1.9,0.09,0.91
AC090970.2,lncRNA,0.0,0.07,0.0,0.21,0.76,0.62
AC090971.1,lncRNA,1.0,2.5,0.5,1.0,0.0,0.0
AC090971.2,lncRNA,0.03,2.5,0.0,1.0,1.0,0.25
AC090971.5,lncRNA,0.0,0.0,0.0,0.0,0.0,0.11
AC090983.1,lncRNA,2.6,0.75,3.21,5.49,7.89,9.54
AC090983.2,lncRNA,1.78,1.6,2.47,2.74,19.42,34.41
AC090985.2,lncRNA,0.0,0.67,0.0,0.0,0.62,0.83
AC090987.1,lncRNA,0.75,3.44,5.78,7.68,12.41,14.74
AC090993.1,lncRNA,0.0,0.2,0.0,0.0,0.33,0.34
AC090994.1,lncRNA,0.2,0.14,4.5,0.09,8.24,8.9
AC091010.1,lncRNA,0.2,0.0,1.3,0.14,9.18,9.31
AC091027.1,lncRNA,0.0,0.0,0.59,5.35,2.34,1.54
AC091027.2,lncRNA,0.64,0.5,0.0,0.14,0.64,1.2
AC091027.3,lncRNA,0.0,3.59,2.88,2.92,10.88,14.02
AC091043.1,lncRNA,0.0,0.0,0.33,0.12,1.77,0.2
AC091044.1,lncRNA,0.0,0.25,0.25,0.0,0.23,0.0
AC091045.1,lncRNA,1.2,2.35,1.18,3.75,5.84,6.15
AC091047.1,lncRNA,1.17,0.25,0.0,0.17,2.0,1.09
AC091053.1,lncRNA,0.5,0.0,0.04,0.0,0.96,0.59
AC091053.2,lncRNA,0.0,0.83,5.83,1.5,0.7,1.4
AC091057.1,lncRNA,6.74,0.81,1.05,3.22,8.29,7.92
AC091057.2,lncRNA,0.15,0.0,0.17,0.0,0.3,0.62
AC091057.3,lncRNA,0.06,0.0,0.0,0.0,0.0,0.04
AC091059.1,lncRNA,0.0,1.1,0.0,0.6,1.53,1.0
AC091062.1,lncRNA,0.75,0.46,0.17,0.0,1.95,0.67
AC091073.1,lncRNA,0.0,0.0,0.0,0.0,2.04,0.67
AC091074.2,lncRNA,4.72,0.33,0.88,1.5,2.28,9.27
AC091074.3,lncRNA,0.0,0.0,0.0,5.0,0.22,0.23
AC091078.1,lncRNA,6.58,19.27,10.95,13.4,64.49,97.09
AC091078.2,lncRNA,0.85,3.12,1.09,1.36,3.71,4.96
AC091096.1,lncRNA,1.03,1.31,0.88,1.0,9.63,4.93
AC091100.1,lncRNA,3.43,2.0,3.04,3.13,5.99,4.97
AC091114.1,lncRNA,8.1,3.66,0.3,3.06,5.55,5.45
AC091117.1,lncRNA,0.0,0.0,0.0,0.25,0.12,0.0
AC091117.2,lncRNA,1.61,0.07,0.0,0.4,0.22,0.38
AC091132.1,lncRNA,0.09,0.0,0.43,0.5,0.31,0.52
AC091132.2,lncRNA,0.17,0.64,1.56,0.87,1.16,0.53
AC091132.4,lncRNA,0.39,3.1,0.27,2.21,4.77,4.37
AC091132.5,lncRNA,0.24,0.27,0.15,0.0,3.06,2.26
AC091133.1,lncRNA,0.0,0.0,0.0,0.14,0.93,1.09
AC091133.3,lncRNA,0.0,3.0,0.5,0.0,6.75,1.45
AC091133.4,lncRNA,0.2,1.17,0.61,0.33,4.66,5.76
AC091138.1,lncRNA,6.25,1.33,1.53,6.58,5.98,7.74
AC091151.1,lncRNA,0.33,0.6,0.12,0.53,4.13,4.15
AC091151.2,lncRNA,1.25,0.25,0.29,2.85,9.27,11.8
AC091151.7,lncRNA,0.0,0.0,0.0,0.0,0.17,0.0
AC091152.2,lncRNA,0.0,0.03,0.06,0.0,2.81,3.93
AC091153.2,lncRNA,0.75,1.84,1.48,3.48,5.61,9.27
AC091153.3,lncRNA,0.72,0.06,0.37,0.52,0.55,1.49
AC091153.4,lncRNA,0.66,1.5,0.33,0.0,2.81,1.86
AC091163.1,lncRNA,0.07,1.25,0.46,0.57,15.68,4.81
AC091163.2,lncRNA,0.0,0.0,0.0,0.67,6.54,5.35
AC091167.5,lncRNA,0.0,0.0,0.1,0.1,1.32,0.35
AC091173.1,lncRNA,1.52,2.01,0.0,1.92,5.03,2.53
AC091178.2,lncRNA,1.93,0.14,0.87,3.77,3.57,5.67
AC091179.1,lncRNA,1.01,3.0,0.5,0.64,5.67,2.09
AC091180.2,lncRNA,3.17,1.8,0.87,0.67,2.87,8.33
AC091180.3,lncRNA,0.0,0.0,0.44,0.62,0.75,0.86
AC091180.4,lncRNA,0.0,0.25,0.61,0.12,1.23,0.25
AC091180.5,lncRNA,0.0,1.0,0.0,3.56,0.24,0.63
AC091181.2,lncRNA,0.0,0.0,0.7,1.0,6.13,1.63
AC091182.1,lncRNA,2.56,0.87,3.13,6.17,11.48,10.54
AC091182.2,lncRNA,1.23,3.17,0.0,5.0,1.08,4.58
AC091185.1,lncRNA,0.0,0.0,0.0,0.14,0.14,0.4
AC091196.1,lncRNA,1.48,2.58,2.42,3.33,8.02,7.87
AC091198.1,lncRNA,0.07,1.0,1.63,3.02,8.33,9.6
AC091212.1,lncRNA,7.08,1.0,0.33,0.5,12.67,1.92
AC091214.1,lncRNA,0.5,0.12,1.33,3.03,3.77,4.08
AC091230.1,lncRNA,2.17,3.24,3.81,2.56,12.41,11.6
AC091231.1,lncRNA,0.0,4.0,0.5,2.6,0.1,8.5
AC091271.1,lncRNA,0.53,9.73,5.28,21.47,14.12,15.84
AC091393.2,lncRNA,0.0,0.08,0.0,0.0,0.06,0.0
AC091435.2,lncRNA,0.0,0.0,0.0,0.0,0.0,1.0
AC091488.1,lncRNA,0.0,0.0,3.0,0.0,2.66,0.0
AC091489.1,lncRNA,0.0,0.06,0.5,0.0,0.09,0.67
AC091493.1,lncRNA,0.0,0.08,0.0,1.0,0.69,0.5
AC091544.2,lncRNA,1.98,1.84,2.45,4.53,13.85,14.01
AC091544.4,lncRNA,1.04,6.96,0.33,0.5,9.57,5.63
AC091544.5,lncRNA,0.5,0.1,1.0,0.0,0.43,0.38
AC091544.6,lncRNA,0.17,0.17,0.75,0.9,3.96,4.28
AC091563.1,lncRNA,1.0,0.0,0.5,0.0,4.08,0.5
AC091564.2,lncRNA,2.37,1.77,20.49,5.93,71.75,51.0
AC091564.3,lncRNA,0.71,0.18,2.07,1.83,4.14,7.57
AC091564.4,lncRNA,0.04,0.0,0.04,0.17,1.84,0.58
AC091564.5,lncRNA,1.7,0.5,1.11,2.61,6.59,5.14
AC091564.6,lncRNA,0.0,0.5,0.09,1.05,1.01,1.2
AC091564.7,lncRNA,1.94,3.88,2.54,4.72,11.35,6.8
AC091576.1,lncRNA,0.25,1.54,0.0,1.0,1.96,2.31
AC091588.1,lncRNA,0.0,0.14,0.0,0.0,1.81,2.9
AC091588.2,lncRNA,0.3,0.2,0.5,2.2,0.33,0.0
AC091588.3,lncRNA,0.57,0.96,3.42,1.02,4.76,4.14
AC091607.2,lncRNA,0.13,4.4,0.29,0.32,7.97,13.44
AC091614.1,lncRNA,0.06,0.0,0.09,1.34,0.11,0.33
AC091646.1,lncRNA,12.57,5.94,3.43,1.31,12.98,12.62
AC091685.1,lncRNA,0.03,0.21,2.0,3.0,0.07,0.06
AC091691.2,lncRNA,1.38,0.41,1.43,2.62,2.02,3.3
AC091691.3,lncRNA,3.14,3.79,2.06,2.0,20.04,7.62
AC091705.1,lncRNA,0.0,0.0,0.17,0.0,0.17,0.64
AC091729.1,lncRNA,0.83,0.83,0.2,9.57,13.04,16.75
AC091729.2,lncRNA,0.35,0.35,0.0,0.33,6.57,3.18
AC091730.1,lncRNA,0.25,1.62,0.14,1.02,3.62,1.48
AC091736.1,lncRNA,0.0,0.17,0.25,0.0,0.62,1.17
AC091769.1,lncRNA,0.6,3.06,0.11,0.0,0.0,4.4
AC091770.1,lncRNA,0.0,0.0,0.25,0.17,0.32,1.69
AC091806.1,lncRNA,1.36,1.79,2.02,8.24,9.13,11.52
AC091814.1,lncRNA,0.0,0.0,0.25,0.5,0.07,0.0
AC091819.1,lncRNA,0.0,0.0,0.0,0.0,0.83,0.5
AC091819.2,lncRNA,0.0,0.25,3.0,2.33,0.87,1.72
AC091820.1,lncRNA,0.0,0.8,0.17,1.24,0.47,1.12
AC091820.2,lncRNA,0.14,0.33,0.5,0.0,1.92,1.5
AC091826.2,lncRNA,0.0,1.0,0.0,0.0,0.34,0.0
AC091838.1,lncRNA,0.23,1.06,0.0,0.0,0.56,0.78
AC091849.2,lncRNA,4.85,7.38,4.55,3.17,20.04,11.69
AC091860.2,lncRNA,0.0,0.09,0.0,0.0,0.17,0.5
AC091868.2,lncRNA,1.57,1.23,0.25,1.63,0.75,1.01
AC091885.2,lncRNA,60.0,117.13,220.61,365.13,191.13,132.93
AC091887.1,lncRNA,0.0,0.0,0.0,0.0,0.62,1.45
AC091889.1,lncRNA,0.92,0.2,0.62,0.0,2.1,0.73
AC091891.1,lncRNA,0.23,0.12,0.44,0.0,0.31,0.35
AC091893.2,lncRNA,1.26,3.17,1.18,3.43,7.87,7.86
AC091906.1,lncRNA,0.0,0.29,1.25,0.0,1.02,0.85
AC091912.3,lncRNA,0.25,0.08,1.0,2.28,0.64,5.71
AC091917.1,lncRNA,0.0,0.0,0.09,0.09,0.0,0.0
AC091917.2,lncRNA,0.0,0.0,0.11,0.0,0.18,1.09
AC091917.3,lncRNA,0.0,0.0,0.0,0.0,0.35,1.23
AC091932.1,lncRNA,0.08,0.0,0.0,1.09,0.2,0.0
AC091938.1,lncRNA,2.49,6.18,3.98,4.0,44.26,52.48
AC091939.1,lncRNA,1.5,2.15,2.09,3.8,5.91,5.08
AC091944.1,lncRNA,0.0,0.25,0.32,3.0,0.27,0.0
AC091946.1,lncRNA,0.33,0.58,0.27,1.18,3.9,8.38
AC091946.2,lncRNA,0.0,0.0,0.0,0.0,0.0,0.33
AC091951.4,lncRNA,0.0,0.2,0.0,0.0,1.0,0.91
AC091953.1,lncRNA,0.0,3.33,1.5,4.33,3.66,4.8
AC091962.1,lncRNA,0.17,0.33,0.22,2.08,1.83,2.13
AC091965.1,lncRNA,0.7,1.15,2.31,3.92,2.0,0.64
AC091965.4,lncRNA,0.5,6.0,0.0,2.7,0.61,0.36
AC091973.1,lncRNA,1.04,6.98,1.35,4.86,11.1,6.68
AC091978.1,lncRNA,1.1,2.42,0.83,0.4,6.66,4.95
AC091979.1,lncRNA,0.78,0.0,1.64,0.0,0.72,1.78
AC091979.2,lncRNA,1.0,0.12,0.67,0.1,0.5,0.0
AC091980.2,lncRNA,3.11,1.05,5.84,9.25,21.3,17.88
AC091982.1,lncRNA,0.0,0.1,0.0,0.0,2.14,1.67
AC091982.3,lncRNA,1.64,1.08,2.94,0.56,3.23,2.79
AC091987.1,lncRNA,1.08,1.58,1.83,1.25,5.33,7.02
AC092017.3,lncRNA,0.3,0.11,0.42,2.25,13.8,6.18
AC092042.1,lncRNA,0.37,0.62,0.22,1.46,5.61,6.85
AC092042.4,lncRNA,0.11,1.0,1.08,0.0,5.0,1.68
AC092053.2,lncRNA,13.66,5.77,26.28,12.33,22.28,21.68
AC092053.3,lncRNA,4.29,7.74,0.87,14.13,23.56,15.77
AC092053.4,lncRNA,0.42,8.0,1.39,2.02,4.36,1.23
AC092053.5,lncRNA,0.05,4.25,1.03,0.0,8.36,9.12
AC092053.6,lncRNA,1.0,0.17,1.43,1.12,7.09,6.19
AC092058.1,lncRNA,2.19,4.1,0.96,4.07,4.22,3.5
AC092059.1,lncRNA,0.06,2.0,0.0,7.0,0.05,0.0
AC092067.1,lncRNA,0.0,0.0,0.0,1.93,0.0,0.33
AC092068.1,lncRNA,6.03,1.38,1.55,3.67,1.53,4.11
AC092068.2,lncRNA,3.06,4.63,7.89,12.47,48.45,44.65
AC092068.3,lncRNA,2.32,3.55,7.45,7.62,11.83,13.74
AC092069.1,lncRNA,1.0,5.5,0.62,0.0,0.49,0.77
AC092070.1,lncRNA,0.0,0.0,0.0,0.0,0.12,0.0
AC092070.3,lncRNA,0.5,0.19,0.08,0.52,8.86,6.06
AC092070.4,lncRNA,0.0,0.0,0.0,0.31,0.53,0.5
AC092071.1,lncRNA,1.43,1.4,0.31,0.17,1.11,5.06
AC092078.1,lncRNA,0.14,0.0,0.0,0.0,0.0,0.0
AC092078.2,lncRNA,1.21,1.1,0.5,1.0,2.34,2.2
AC092078.3,lncRNA,4.57,6.33,0.55,5.01,3.65,4.5
AC092079.2,lncRNA,0.0,2.0,0.7,0.0,1.09,0.33
AC092100.1,lncRNA,2.25,0.79,0.73,0.8,2.93,12.3
AC092110.1,lncRNA,0.29,0.0,1.83,2.1,3.51,3.3
AC092111.1,lncRNA,0.47,1.12,0.82,1.76,2.06,1.88
AC092111.2,lncRNA,0.0,0.08,0.0,0.0,0.64,0.52
AC092112.1,lncRNA,0.0,1.04,0.34,0.12,1.4,0.67
AC092114.1,lncRNA,8.06,4.68,5.59,4.92,10.21,12.17
AC092115.2,lncRNA,0.0,0.0,0.0,0.0,0.17,0.28
AC092115.3,lncRNA,0.29,0.11,0.52,0.17,0.59,0.58
AC092117.1,lncRNA,4.5,5.71,5.52,16.48,53.94,33.1
AC092118.1,lncRNA,1.31,1.54,1.95,1.15,13.82,10.48
AC092118.2,lncRNA,0.06,0.0,0.67,1.5,1.4,0.66
AC092119.2,lncRNA,1.0,1.5,0.2,1.72,3.49,3.57
AC092119.3,lncRNA,2.33,0.25,1.08,1.27,6.11,1.96
AC092120.1,lncRNA,0.0,0.14,1.43,0.98,0.58,1.06
AC092120.3,lncRNA,1.01,0.51,1.62,1.85,3.47,3.07
AC092123.1,lncRNA,0.08,3.29,2.55,1.81,21.59,14.67
AC092125.1,lncRNA,3.25,0.95,3.48,1.0,3.55,2.92
AC092125.2,lncRNA,1.5,6.34,2.71,0.75,4.54,7.33
AC092127.1,lncRNA,0.89,1.57,2.67,2.36,10.93,17.56
AC092127.2,lncRNA,0.0,0.11,0.0,0.0,1.54,1.5
AC092130.1,lncRNA,0.0,0.0,0.0,0.0,0.5,0.1
AC092131.1,lncRNA,0.45,0.24,1.0,0.1,0.0,1.52
AC092132.1,lncRNA,0.09,0.0,0.33,0.0,1.39,0.58
AC092134.1,lncRNA,1.77,3.94,2.11,1.34,11.68,9.74
AC092134.3,lncRNA,0.12,1.5,1.06,0.0,0.13,1.66
AC092138.1,lncRNA,0.0,0.39,0.0,0.0,1.0,1.12
AC092138.2,lncRNA,0.29,4.08,0.51,0.0,1.67,1.11
AC092140.1,lncRNA,0.0,0.0,0.09,0.0,1.0,0.05
AC092140.2,lncRNA,0.0,0.0,0.0,0.0,1.0,0.69
AC092142.1,lncRNA,0.0,0.0,1.06,2.0,1.34,0.75
AC092142.2,lncRNA,0.0,0.0,0.0,0.0,0.75,0.42
AC092143.2,lncRNA,2.47,0.31,2.12,0.96,3.05,0.95
AC092143.3,lncRNA,0.57,2.23,0.69,0.64,4.68,3.54
AC092145.1,lncRNA,3.73,0.37,3.01,10.48,26.87,15.19
AC092153.1,lncRNA,0.08,1.02,3.0,0.12,3.17,4.06
AC092155.1,lncRNA,7.47,4.71,4.52,11.37,18.48,20.47
AC092159.1,lncRNA,0.33,1.57,0.5,1.0,2.33,2.5
AC092159.2,lncRNA,0.0,0.09,0.25,0.14,1.4,1.57
AC092162.2,lncRNA,1.91,1.61,4.59,5.3,11.96,12.63
AC092164.1,lncRNA,6.07,12.99,13.72,2.44,41.82,40.69
AC092168.1,lncRNA,0.0,0.0,0.0,0.0,1.88,1.14
AC092168.2,lncRNA,0.0,0.0,0.0,3.0,0.29,0.88
AC092168.3,lncRNA,0.0,2.12,0.0,0.2,2.36,0.53
AC092171.1,lncRNA,2.17,7.31,3.86,2.23,23.75,13.8
AC092171.2,lncRNA,0.43,0.49,0.81,4.2,13.81,13.78
AC092171.3,lncRNA,6.03,9.14,19.96,7.4,85.23,73.54
AC092171.4,lncRNA,0.33,0.06,2.43,1.06,4.01,5.59
AC092171.5,lncRNA,1.19,3.07,10.55,3.44,54.35,42.01
AC092192.1,lncRNA,0.06,0.12,0.24,0.11,0.0,0.1
AC092198.1,lncRNA,2.39,1.45,1.85,6.5,15.84,12.46
AC092265.1,lncRNA,0.0,0.09,0.0,0.0,0.06,0.2
AC092268.1,lncRNA,0.0,0.0,0.0,3.33,0.6,2.07
AC092275.1,lncRNA,0.18,0.1,0.88,5.83,12.89,4.08
AC092279.1,lncRNA,16.3,19.08,18.14,16.42,152.33,138.2
AC092287.1,lncRNA,0.82,0.17,0.17,1.11,2.19,0.67
AC092295.1,lncRNA,1.06,5.0,0.5,0.0,5.34,3.95
AC092295.2,lncRNA,0.84,2.32,0.67,1.85,12.13,8.74
AC092296.1,lncRNA,0.91,0.0,2.83,0.75,7.97,7.13
AC092296.2,lncRNA,11.8,3.98,4.14,5.08,12.06,17.78
AC092296.4,lncRNA,0.0,0.0,0.0,0.0,1.5,0.4
AC092301.1,lncRNA,0.18,0.5,0.25,0.1,0.51,3.93
AC092306.1,lncRNA,0.14,0.0,0.18,0.0,2.46,1.17
AC092325.1,lncRNA,0.33,0.0,0.51,0.0,0.33,0.74
AC092327.2,lncRNA,0.2,0.87,0.14,0.11,2.18,1.58
AC092329.1,lncRNA,0.0,0.15,0.56,0.02,0.11,0.11
AC092329.4,lncRNA,2.05,1.06,0.98,4.52,4.14,8.12
AC092332.1,lncRNA,0.0,0.0,0.0,0.0,0.89,0.78
AC092335.1,lncRNA,0.44,2.4,2.24,12.99,39.41,27.28
AC092336.1,lncRNA,0.0,0.06,0.0,0.0,0.61,0.03
AC092337.1,lncRNA,1.84,1.71,0.0,2.99,1.62,2.35
AC092338.1,lncRNA,0.0,1.0,0.0,0.0,0.33,0.68
AC092338.2,lncRNA,5.37,2.26,3.89,8.25,30.36,38.26
AC092338.3,lncRNA,6.58,0.64,0.17,3.39,1.91,6.38
AC092343.1,lncRNA,0.17,0.57,0.0,0.25,3.65,0.39
AC092353.1,lncRNA,25.0,17.1,39.82,27.48,741.58,617.43
AC092353.2,lncRNA,0.0,0.0,0.0,3.67,2.86,5.27
AC092354.1,lncRNA,0.0,4.0,0.0,0.0,1.31,0.0
AC092354.2,lncRNA,0.0,0.0,0.5,0.0,0.77,1.31
AC092364.1,lncRNA,4.0,0.0,2.33,0.0,2.0,10.28
AC092368.3,lncRNA,0.51,3.71,4.93,3.94,23.31,20.86
AC092375.2,lncRNA,0.07,4.0,0.4,2.09,2.67,2.47
AC092376.1,lncRNA,0.0,0.56,3.97,0.0,8.52,2.62
AC092376.2,lncRNA,26.26,126.95,25.76,34.9,124.79,169.42
AC092376.3,lncRNA,0.06,1.17,0.48,0.0,2.64,0.57
AC092377.1,lncRNA,0.0,0.09,0.5,2.0,0.08,0.08
AC092378.1,lncRNA,0.2,2.0,0.0,3.81,0.37,1.76
AC092384.1,lncRNA,1.26,4.78,7.56,5.92,34.54,55.91
AC092384.2,lncRNA,7.54,16.69,212.32,222.74,50.44,110.51
AC092384.3,lncRNA,10.61,3.35,6.25,7.3,17.94,13.13
AC092418.2,lncRNA,0.33,0.23,1.02,0.0,2.72,4.87
AC092422.1,lncRNA,0.0,0.0,0.0,1.0,0.2,2.0
AC092428.1,lncRNA,2.9,6.37,5.36,3.73,14.17,14.56
AC092431.1,lncRNA,1.07,93.77,2.56,0.78,110.72,6.96
AC092435.1,lncRNA,0.25,0.0,1.5,1.53,0.45,1.12
AC092435.2,lncRNA,0.64,3.33,0.0,3.0,1.76,1.74
AC092435.3,lncRNA,0.07,11.0,0.5,7.36,3.92,4.57
AC092436.2,lncRNA,0.0,0.0,0.0,0.0,0.35,1.02
AC092440.1,lncRNA,0.14,0.0,0.14,0.07,0.83,0.55
AC092445.1,lncRNA,0.9,0.27,0.26,0.87,3.11,3.19
AC092447.4,lncRNA,14.55,45.58,38.03,33.2,59.76,84.92
AC092447.5,lncRNA,0.08,1.86,1.3,1.01,4.62,8.05
AC092447.8,lncRNA,7.57,0.31,3.51,0.37,10.12,9.06
AC092448.1,lncRNA,0.79,1.17,1.61,3.0,1.86,2.91
AC092468.1,lncRNA,0.08,1.33,3.23,0.07,4.3,2.12
AC092473.2,lncRNA,0.58,0.11,0.08,1.33,3.17,0.76
AC092484.1,lncRNA,1.0,0.14,0.0,1.14,0.0,1.25
AC092490.1,lncRNA,0.68,0.74,0.41,1.2,1.69,1.03
AC092490.2,lncRNA,0.0,0.0,0.0,0.0,0.09,0.37
AC092535.2,lncRNA,0.42,0.56,5.8,0.0,19.67,17.14
AC092535.4,lncRNA,3.01,1.11,0.67,0.43,8.71,8.47
AC092535.5,lncRNA,0.0,0.08,0.2,2.5,14.3,9.77
AC092542.1,lncRNA,1.0,0.06,0.0,0.0,0.0,0.0
AC092546.1,lncRNA,0.38,0.15,0.08,0.0,1.56,0.19
AC092567.1,lncRNA,0.0,0.0,0.33,0.0,0.16,0.12
AC092567.2,lncRNA,0.33,0.68,1.0,0.0,1.17,0.4
AC092574.1,lncRNA,0.0,0.0,0.0,0.0,0.0,0.78
AC092574.2,lncRNA,0.0,0.17,0.75,0.74,0.83,1.09
AC092580.2,lncRNA,0.0,0.11,0.17,0.0,0.48,0.92
AC092580.4,lncRNA,1.97,4.37,4.93,5.08,11.28,5.6
AC092590.1,lncRNA,0.5,0.06,0.08,2.14,0.86,1.12
AC092596.1,lncRNA,0.0,0.0,0.3,0.25,1.65,1.49
AC092598.1,lncRNA,0.0,0.5,0.0,0.8,0.79,0.26
AC092604.1,lncRNA,0.5,1.25,0.25,0.0,1.09,0.64
AC092608.1,lncRNA,0.89,2.95,0.85,1.11,0.2,0.33
AC092611.1,lncRNA,0.81,0.52,0.32,4.56,7.85,8.89
AC092614.1,lncRNA,0.12,0.62,0.79,7.83,8.21,2.71
AC092617.1,lncRNA,3.11,3.78,2.82,1.72,9.86,12.4
AC092620.1,lncRNA,0.77,1.18,0.88,2.71,11.84,11.73
AC092620.2,lncRNA,0.0,0.13,0.0,1.9,0.94,2.91
AC092623.1,lncRNA,0.0,1.5,0.17,0.0,3.28,0.82
AC092625.1,lncRNA,36.46,8.62,3.15,6.43,23.48,6.22
AC092634.4,lncRNA,1.33,1.12,2.88,2.55,8.44,5.85
AC092634.7,lncRNA,0.0,0.33,1.0,0.1,0.08,1.1
AC092634.8,lncRNA,10.6,10.12,14.22,13.95,4.14,3.15
AC092636.1,lncRNA,4.74,5.3,3.48,20.2,16.31,13.39
AC092637.1,lncRNA,0.46,0.96,0.2,0.0,0.34,1.85
AC092640.1,lncRNA,0.0,4.17,2.5,1.17,3.32,4.12
AC092645.2,lncRNA,0.9,10.92,3.07,7.39,0.94,6.05
AC092650.1,lncRNA,4.54,14.53,4.14,12.32,23.71,26.67
AC092651.2,lncRNA,0.0,0.48,1.0,0.0,2.33,0.93
AC092652.1,lncRNA,1.2,8.04,0.0,0.42,4.87,4.44
AC092652.2,lncRNA,1.09,2.0,2.0,1.0,1.23,1.57
AC092653.1,lncRNA,0.0,0.09,0.0,0.0,1.72,2.0
AC092660.1,lncRNA,0.0,0.0,0.0,2.5,0.71,0.0
AC092661.1,lncRNA,5.91,0.77,3.26,1.42,12.92,6.33
AC092666.1,lncRNA,1.16,5.18,3.53,6.78,14.65,15.8
AC092667.1,lncRNA,5.37,2.55,11.95,4.14,22.76,16.17
AC092669.1,lncRNA,0.73,0.05,0.5,0.25,2.75,3.32
AC092673.1,lncRNA,0.0,0.0,0.0,0.0,0.98,0.98
AC092674.1,lncRNA,0.53,0.41,0.09,0.67,2.55,1.16
AC092675.1,lncRNA,0.0,6.43,0.0,6.5,2.65,3.68
AC092675.2,lncRNA,1.0,0.4,0.25,0.11,2.0,5.22
AC092681.2,lncRNA,1.86,0.0,1.41,5.19,3.43,6.59
AC092681.3,lncRNA,0.0,0.06,0.08,0.1,0.6,0.29
AC092683.1,lncRNA,0.78,4.05,0.67,1.72,2.07,4.23
AC092683.2,lncRNA,0.16,0.31,0.24,0.2,0.83,2.27
AC092687.1,lncRNA,0.0,0.0,0.0,0.0,0.15,0.08
AC092687.2,lncRNA,0.0,1.45,0.0,0.0,4.43,1.37
AC092687.3,lncRNA,0.0,0.0,0.0,0.0,0.58,0.96
AC092691.1,lncRNA,0.96,0.47,0.4,0.56,6.47,6.38
AC092691.3,lncRNA,0.69,0.86,0.15,3.19,3.06,4.12
AC092718.1,lncRNA,0.58,0.83,8.31,0.59,14.03,11.21
AC092718.3,lncRNA,0.06,0.08,0.0,0.54,0.33,1.03
AC092718.4,lncRNA,0.0,0.0,0.0,0.05,3.43,7.31
AC092718.5,lncRNA,0.0,1.0,1.0,3.0,1.34,0.06
AC092718.8,lncRNA,0.25,0.17,0.05,0.0,2.23,1.29
AC092720.1,lncRNA,2.25,1.08,3.18,2.4,12.12,22.51
AC092720.2,lncRNA,1.58,4.31,7.48,1.97,18.76,13.16
AC092720.3,lncRNA,1.25,10.77,7.0,4.92,15.99,10.89
AC092723.1,lncRNA,0.15,0.0,0.17,2.13,3.5,1.52
AC092723.3,lncRNA,2.19,4.88,2.41,1.31,2.65,2.49
AC092723.4,lncRNA,0.0,1.14,0.79,1.36,2.81,1.33
AC092723.5,lncRNA,3.73,1.6,1.28,4.9,8.66,25.44
AC092725.1,lncRNA,0.0,0.11,0.5,0.12,2.43,1.8
AC092745.1,lncRNA,7.07,3.48,0.56,2.05,2.34,2.06
AC092745.4,lncRNA,0.86,2.4,1.11,3.21,5.44,2.95
AC092745.5,lncRNA,0.12,0.54,0.21,0.17,2.67,3.64
AC092746.1,lncRNA,0.0,2.14,0.08,0.21,0.0,1.86
AC092747.1,lncRNA,0.46,0.0,0.23,0.0,1.31,1.68
AC092747.4,lncRNA,0.0,0.0,0.0,0.2,0.85,0.33
AC092755.1,lncRNA,0.0,0.0,0.0,0.1,0.42,0.27
AC092755.2,lncRNA,0.21,0.14,2.61,0.7,10.84,11.05
AC092756.1,lncRNA,2.0,0.12,0.25,3.0,1.65,1.5
AC092757.2,lncRNA,0.0,0.0,0.0,0.0,0.39,0.5
AC092757.3,lncRNA,0.0,0.0,0.0,0.0,3.17,0.0
AC092793.1,lncRNA,0.0,0.29,0.17,0.0,1.66,1.56
AC092794.1,lncRNA,0.0,0.0,0.0,0.0,0.0,1.0
AC092794.2,lncRNA,0.0,0.0,0.0,0.0,1.0,0.06
AC092800.1,lncRNA,0.1,0.0,0.0,0.0,0.88,1.83
AC092802.1,lncRNA,2.86,2.38,1.71,10.96,10.77,9.04
AC092802.2,lncRNA,0.0,0.7,1.74,0.25,2.64,7.8
AC092802.3,lncRNA,0.0,0.0,0.14,0.0,1.17,1.23
AC092802.4,lncRNA,0.83,8.7,0.75,0.43,11.62,4.74
AC092803.1,lncRNA,2.08,6.42,6.83,3.25,27.69,29.83
AC092803.2,lncRNA,0.2,0.86,0.0,0.0,2.75,1.17
AC092803.3,lncRNA,0.0,0.33,0.34,2.33,9.66,2.6
AC092803.4,lncRNA,0.0,0.25,0.5,0.0,5.97,4.94
AC092805.1,lncRNA,0.99,4.2,23.39,9.15,27.62,30.19
AC092807.1,lncRNA,0.6,0.0,0.0,0.0,1.5,0.51
AC092807.2,lncRNA,0.0,0.0,0.0,0.0,0.5,0.0
AC092807.3,lncRNA,3.15,6.03,10.71,8.39,30.38,24.94
AC092809.2,lncRNA,8.75,12.85,31.82,17.03,273.34,236.06
AC092809.4,lncRNA,1.08,1.0,2.24,1.5,5.14,3.39
AC092810.2,lncRNA,0.35,2.51,3.43,4.58,7.41,4.8
AC092810.3,lncRNA,1.63,1.05,1.45,0.67,3.56,3.98
AC092811.1,lncRNA,0.48,0.0,0.0,0.0,0.42,0.92
AC092813.1,lncRNA,2.99,0.76,3.28,2.18,2.64,3.78
AC092813.2,lncRNA,0.64,6.21,1.27,1.14,1.28,0.69
AC092818.1,lncRNA,1.21,1.0,0.05,0.0,6.02,5.81
AC092819.1,lncRNA,4.72,6.5,1.9,5.0,3.2,1.98
AC092819.2,lncRNA,0.55,0.12,0.0,0.08,1.73,1.4
AC092819.3,lncRNA,0.33,0.5,0.0,0.0,0.78,0.69
AC092821.3,lncRNA,4.13,4.2,4.65,7.83,13.83,6.14
AC092825.1,lncRNA,0.0,0.12,1.0,4.0,1.7,0.6
AC092828.1,lncRNA,3.38,20.14,1.78,4.11,3.62,5.18
AC092832.2,lncRNA,0.0,0.0,0.0,1.0,0.51,0.07
AC092834.1,lncRNA,1.0,1.5,0.0,0.0,3.06,1.17
AC092839.1,lncRNA,0.0,0.0,0.2,0.08,0.08,0.67
AC092844.1,lncRNA,0.0,0.25,0.33,0.0,0.08,2.13
AC092845.1,lncRNA,0.0,0.0,0.25,0.33,4.94,3.85
AC092848.1,lncRNA,0.0,0.0,0.0,0.0,0.0,0.25
AC092848.2,lncRNA,1.0,0.75,0.9,0.5,7.69,4.2
AC092849.1,lncRNA,1.09,1.88,1.54,0.42,3.95,2.27
AC092849.2,lncRNA,1.1,1.4,2.7,0.25,9.62,9.46
AC092850.2,lncRNA,11.92,34.79,41.27,35.26,212.65,274.98
AC092868.2,lncRNA,0.34,3.0,0.0,8.2,0.33,1.0
AC092881.2,lncRNA,0.54,1.8,1.09,0.56,0.76,1.46
AC092894.1,lncRNA,0.0,1.03,1.0,0.33,6.53,6.15
AC092896.1,lncRNA,0.14,2.0,2.35,0.09,1.03,1.4
AC092902.2,lncRNA,0.0,0.0,0.15,0.24,0.9,0.72
AC092902.4,lncRNA,0.4,0.27,1.29,3.45,3.94,2.15
AC092902.6,lncRNA,0.0,0.12,0.0,2.0,0.8,0.17
AC092903.2,lncRNA,0.87,3.39,0.41,2.47,3.12,2.41
AC092910.3,lncRNA,3.83,3.56,3.88,2.59,19.29,17.86
AC092910.4,lncRNA,0.0,1.0,0.0,1.0,0.0,0.0
AC092916.1,lncRNA,0.0,0.0,0.0,0.33,0.17,0.0
AC092919.1,lncRNA,0.87,0.78,1.4,1.59,7.87,5.52
AC092924.1,lncRNA,0.0,0.0,0.0,0.1,0.46,1.0
AC092924.2,lncRNA,0.17,0.34,1.27,1.0,9.32,6.32
AC092925.1,lncRNA,0.0,1.0,0.0,0.06,1.17,0.25
AC092933.2,lncRNA,0.41,0.25,3.68,1.2,6.1,3.95
AC092939.1,lncRNA,1.8,0.4,0.5,1.19,2.43,4.49
AC092941.1,lncRNA,0.14,0.0,0.0,0.0,0.2,1.22
AC092941.2,lncRNA,0.0,0.07,0.53,1.62,27.75,32.13
AC092943.2,lncRNA,0.0,0.0,0.73,0.0,2.68,2.5
AC092944.1,lncRNA,5.26,4.16,6.64,7.58,32.38,24.34
AC092944.3,lncRNA,0.0,0.0,3.44,0.11,0.09,0.0
AC092953.2,lncRNA,0.0,0.0,0.0,0.0,0.0,0.38
AC092954.2,lncRNA,0.56,0.0,0.0,0.05,1.0,0.0
AC092957.1,lncRNA,1.09,5.02,5.05,3.79,17.02,11.81
AC092958.1,lncRNA,5.5,5.35,4.43,6.55,8.43,13.09
AC092958.2,lncRNA,0.0,0.0,0.0,0.0,0.25,0.58
AC092958.3,lncRNA,0.46,1.31,3.26,2.26,39.12,28.71
AC092958.4,lncRNA,0.22,0.0,1.67,0.2,5.75,5.52
AC092966.1,lncRNA,0.0,0.0,1.0,1.14,0.3,0.67
AC092969.1,lncRNA,0.25,1.77,0.9,2.74,13.77,14.98
AC092979.1,lncRNA,0.36,5.12,0.17,3.36,1.61,3.55
AC092979.2,lncRNA,1.17,1.5,0.0,4.05,6.29,9.18
AC093001.1,lncRNA,2.8,2.3,4.73,1.51,8.1,10.06
AC093001.2,lncRNA,0.17,0.39,0.2,0.27,2.43,0.34
AC093010.1,lncRNA,0.8,0.56,0.34,0.08,2.33,5.77
AC093010.2,lncRNA,8.8,19.17,6.99,9.09,22.26,20.61
AC093019.2,lncRNA,0.0,0.26,0.0,0.0,0.0,0.0
AC093025.1,lncRNA,0.11,0.33,0.17,1.0,0.59,0.64
AC093072.1,lncRNA,0.25,4.17,0.84,0.5,0.79,4.49
AC093074.1,lncRNA,0.0,0.0,0.33,0.0,2.17,1.31
AC093083.1,lncRNA,0.0,1.17,0.0,0.0,0.17,0.11
AC093110.1,lncRNA,0.0,0.49,0.38,1.5,5.32,4.14
AC093117.1,lncRNA,0.0,0.4,1.06,1.06,3.91,5.3
AC093151.2,lncRNA,2.2,0.69,5.27,0.45,16.97,14.41
AC093151.7,lncRNA,2.48,0.36,0.14,0.11,5.72,2.55
AC093154.1,lncRNA,0.25,3.0,0.0,0.0,1.02,0.89
AC093157.1,lncRNA,5.17,7.01,3.88,10.96,34.49,33.97
AC093157.2,lncRNA,0.0,0.0,0.0,0.0,1.66,0.55
AC093158.1,lncRNA,2.75,5.4,1.33,3.57,11.54,8.65
AC093159.1,lncRNA,0.0,0.43,1.0,0.29,1.24,1.43
AC093206.1,lncRNA,0.0,0.0,0.0,0.0,2.56,0.0
AC093227.1,lncRNA,0.0,0.5,1.6,0.5,1.65,0.32
AC093227.3,lncRNA,0.0,0.5,1.6,0.5,1.15,0.2
AC093240.1,lncRNA,9.06,10.76,6.93,4.08,80.0,86.37
AC093248.1,lncRNA,0.0,2.56,3.3,0.42,0.45,1.3
AC093249.2,lncRNA,1.07,1.17,0.0,0.4,2.7,3.18
AC093249.6,lncRNA,2.57,2.14,4.97,1.43,27.84,24.04
AC093274.1,lncRNA,1.37,0.94,0.56,1.58,2.96,1.03
AC093277.1,lncRNA,0.0,0.0,0.0,0.0,1.99,2.6
AC093278.2,lncRNA,0.0,1.27,2.12,0.28,1.86,2.92
AC093281.1,lncRNA,1.0,1.0,0.0,0.33,2.32,2.0
AC093281.2,lncRNA,0.0,0.0,0.0,0.0,0.82,0.6
AC093283.1,lncRNA,0.33,1.75,0.83,3.2,2.64,0.33
AC093292.1,lncRNA,0.0,0.0,0.0,0.0,0.86,0.2
AC093295.1,lncRNA,0.95,4.75,0.99,3.64,38.97,29.37
AC093297.1,lncRNA,0.5,0.0,0.46,0.0,0.82,0.21
AC093297.2,lncRNA,0.0,1.55,1.72,1.93,5.68,1.96
AC093298.2,lncRNA,0.09,0.0,0.92,0.0,1.06,0.84
AC093305.1,lncRNA,0.0,0.0,0.12,0.0,2.12,0.06
AC093307.1,lncRNA,5.8,4.78,8.4,7.48,35.28,21.66
AC093326.1,lncRNA,4.09,1.53,1.16,0.23,11.6,20.97
AC093326.2,lncRNA,1.49,0.0,2.53,1.12,1.18,1.29
AC093330.1,lncRNA,0.0,0.06,2.08,0.44,6.47,4.67
AC093330.3,lncRNA,1.26,0.0,1.43,2.1,5.0,1.44
AC093334.1,lncRNA,0.25,0.03,0.46,0.0,2.72,2.5
AC093382.1,lncRNA,0.0,0.33,0.0,0.0,1.48,0.33
AC093388.1,lncRNA,0.0,0.0,0.0,0.0,0.09,1.34
AC093390.1,lncRNA,1.49,4.86,5.2,4.3,30.0,26.37
AC093390.2,lncRNA,5.61,3.24,11.75,4.58,63.34,47.56
AC093418.1,lncRNA,0.0,0.62,0.35,0.0,3.05,2.96
AC093423.2,lncRNA,0.5,0.0,0.0,0.0,0.07,0.5
AC093424.1,lncRNA,0.14,0.5,0.0,0.0,0.67,0.0
AC093426.1,lncRNA,0.37,2.0,0.33,5.17,1.8,2.48
AC093426.2,lncRNA,8.24,9.14,20.66,11.68,89.86,82.46
AC093433.2,lncRNA,0.0,4.0,0.73,0.0,1.23,0.0
AC093458.1,lncRNA,0.14,0.05,0.0,0.5,2.67,0.11
AC093459.1,lncRNA,3.1,0.43,1.55,3.61,15.32,23.58
AC093462.1,lncRNA,0.86,8.12,3.25,3.19,29.87,14.85
AC093484.1,lncRNA,0.08,0.32,0.0,0.0,0.67,0.58
AC093484.2,lncRNA,1.36,3.33,1.15,1.67,5.39,6.58
AC093484.3,lncRNA,5.84,5.57,2.28,3.3,2.26,2.76
AC093484.4,lncRNA,0.46,0.3,0.0,0.25,0.06,0.68
AC093496.1,lncRNA,0.0,0.0,1.33,0.29,9.42,6.55
AC093503.1,lncRNA,32.08,6.0,0.5,7.0,1.5,0.64
AC093510.1,lncRNA,0.36,0.5,0.39,2.0,3.35,2.56
AC093510.2,lncRNA,0.0,0.14,0.0,0.0,0.14,0.0
AC093512.1,lncRNA,0.03,0.72,2.23,0.05,0.98,0.75
AC093515.1,lncRNA,6.95,13.8,6.9,7.16,110.81,70.85
AC093516.1,lncRNA,1.07,0.67,0.65,0.0,0.5,0.6
AC093519.2,lncRNA,1.96,2.69,1.52,1.24,6.62,10.7
AC093520.1,lncRNA,7.55,1.45,1.35,0.8,5.78,7.75
AC093523.1,lncRNA,0.83,0.63,1.06,2.4,6.2,5.16
AC093525.3,lncRNA,0.0,0.0,0.0,0.67,0.0,1.14
AC093525.4,lncRNA,1.5,0.37,0.44,0.94,0.5,1.26
AC093525.5,lncRNA,0.06,0.25,0.0,0.07,0.99,1.03
AC093525.6,lncRNA,5.44,1.46,1.37,0.29,2.61,1.68
AC093525.7,lncRNA,3.98,3.0,3.65,4.08,21.84,19.21
AC093534.2,lncRNA,0.0,0.0,0.0,0.0,0.0,0.1
AC093535.1,lncRNA,4.42,6.33,7.07,7.67,7.64,7.3
AC093536.2,lncRNA,2.11,1.02,2.37,1.65,16.02,7.47
AC093567.1,lncRNA,0.0,1.72,1.03,0.0,5.15,3.88
AC093575.1,lncRNA,0.2,1.1,0.0,0.0,4.81,3.0
AC093577.1,lncRNA,1.25,5.48,0.68,4.93,1.35,1.2
AC093579.1,lncRNA,0.5,0.0,0.0,0.2,1.11,3.26
AC093582.1,lncRNA,1.96,2.41,0.46,0.38,5.14,5.25
AC093583.1,lncRNA,1.03,2.18,3.45,1.17,10.99,9.05
AC093585.1,lncRNA,0.0,0.0,0.5,0.0,2.78,1.6
AC093591.2,lncRNA,3.14,8.52,10.34,7.41,43.15,33.61
AC093599.1,lncRNA,0.25,0.5,0.0,0.0,6.97,2.91
AC093599.2,lncRNA,0.35,0.0,3.79,1.0,5.27,3.01
AC093606.1,lncRNA,0.0,0.17,4.0,0.0,0.5,0.62
AC093607.1,lncRNA,0.31,1.73,1.36,0.25,2.75,2.53
AC093610.1,lncRNA,0.0,6.4,0.0,1.56,2.9,4.52
AC093620.1,lncRNA,1.45,3.42,7.93,3.24,19.84,14.68
AC093627.1,lncRNA,0.1,0.95,0.0,0.67,3.96,1.19
AC093627.2,lncRNA,0.11,5.25,0.0,1.14,6.66,6.46
AC093627.22,lncRNA,2.17,0.22,1.99,0.33,15.69,10.81
AC093627.3,lncRNA,0.0,0.0,0.08,0.0,2.7,0.63
AC093627.4,lncRNA,2.99,2.25,7.87,4.46,25.4,28.87
AC093627.5,lncRNA,0.43,3.5,3.16,2.89,34.83,27.45
AC093627.6,lncRNA,3.92,0.84,4.31,6.73,7.62,9.08
AC093627.7,lncRNA,2.85,2.83,5.35,3.94,16.31,18.67
AC093639.1,lncRNA,0.0,1.25,0.5,0.0,0.1,0.0
AC093639.2,lncRNA,0.0,0.33,0.14,0.08,0.7,1.49
AC093639.3,lncRNA,1.87,1.35,2.74,3.0,4.97,4.97
AC093642.1,lncRNA,0.23,0.17,0.0,0.07,0.66,1.91
AC093642.5,lncRNA,1.41,1.13,7.34,2.99,18.05,10.25
AC093655.1,lncRNA,1.33,1.7,1.19,4.5,3.13,1.15
AC093673.1,lncRNA,0.72,2.0,3.29,1.1,13.58,24.24
AC093675.1,lncRNA,0.2,0.0,0.83,3.75,1.52,0.12
AC093675.2,lncRNA,0.08,0.12,0.0,0.45,2.15,1.1
AC093677.2,lncRNA,1.76,1.69,1.65,3.18,6.93,7.06
AC093677.3,lncRNA,0.0,0.67,0.58,2.0,12.18,8.31
AC093689.1,lncRNA,0.0,1.22,0.0,0.2,0.81,0.4
AC093690.1,lncRNA,1.25,5.09,2.27,4.83,11.71,15.82
AC093702.1,lncRNA,0.33,0.4,1.94,4.27,20.09,7.9
AC093714.1,lncRNA,0.0,0.0,0.0,2.0,1.29,0.54
AC093714.2,lncRNA,0.07,0.08,0.75,1.24,2.22,2.78
AC093725.1,lncRNA,0.0,0.58,0.5,0.17,6.6,2.56
AC093725.2,lncRNA,2.89,3.5,1.5,0.0,150.27,108.57
AC093726.1,lncRNA,0.0,0.0,0.12,1.07,0.69,2.41
AC093726.2,lncRNA,0.75,0.07,0.54,0.0,1.74,1.59
AC093730.1,lncRNA,0.33,1.25,1.28,2.06,2.12,0.64
AC093732.1,lncRNA,0.0,0.5,0.19,5.0,1.77,0.79
AC093732.2,lncRNA,0.14,0.0,0.33,0.09,1.64,1.9
AC093734.1,lncRNA,0.0,0.0,0.0,0.0,0.56,2.2
AC093746.1,lncRNA,0.27,0.26,2.06,2.83,4.61,3.45
AC093752.1,lncRNA,1.0,2.09,0.0,1.73,17.67,11.34
AC093752.2,lncRNA,0.0,0.0,0.16,0.12,0.25,0.32
AC093763.1,lncRNA,0.08,0.0,0.0,0.0,1.58,1.42
AC093765.2,lncRNA,7.75,3.34,2.11,2.08,3.59,1.05
AC093765.3,lncRNA,0.0,2.17,1.3,0.74,6.14,5.04
AC093765.4,lncRNA,1.15,0.08,2.4,0.78,8.24,6.6
AC093765.5,lncRNA,3.12,2.08,2.2,0.87,1.45,11.97
AC093766.1,lncRNA,0.5,2.47,0.35,0.67,8.75,9.65
AC093772.1,lncRNA,1.5,9.46,58.64,1.62,5.6,6.59
AC093772.2,lncRNA,0.0,0.87,1.0,0.06,2.27,2.54
AC093787.2,lncRNA,0.1,0.5,0.76,2.47,3.01,2.25
AC093788.1,lncRNA,0.06,1.5,0.0,0.0,0.33,0.1
AC093791.1,lncRNA,3.0,2.25,4.63,0.0,3.57,2.62
AC093791.2,lncRNA,0.07,0.0,0.0,0.5,0.81,0.14
AC093796.1,lncRNA,0.5,0.17,0.0,0.0,0.77,0.0
AC093797.1,lncRNA,0.0,2.51,1.38,1.0,9.31,10.05
AC093798.1,lncRNA,0.55,8.29,3.19,5.75,5.48,7.51
AC093799.1,lncRNA,0.33,0.5,3.5,0.0,4.0,1.91
AC093801.1,lncRNA,0.0,0.0,0.25,0.0,0.72,0.53
AC093802.1,lncRNA,8.47,7.23,4.18,18.37,33.27,26.22
AC093802.2,lncRNA,1.0,0.0,0.0,0.0,0.71,2.94
AC093810.1,lncRNA,0.0,0.5,0.0,0.0,0.53,0.42
AC093817.1,lncRNA,0.86,0.65,1.26,0.86,6.62,3.64
AC093817.2,lncRNA,0.44,0.2,0.0,0.12,3.9,7.34
AC093821.1,lncRNA,2.27,2.51,2.07,1.26,5.94,5.11
AC093824.2,lncRNA,2.5,0.0,0.56,2.2,3.41,2.17
AC093827.4,lncRNA,4.59,0.91,4.92,6.21,20.95,20.83
AC093831.1,lncRNA,0.0,0.0,1.0,0.0,0.0,0.0
AC093833.1,lncRNA,5.09,4.15,6.32,5.21,70.18,62.26
AC093835.1,lncRNA,0.25,0.18,0.67,1.0,0.37,3.2
AC093838.1,lncRNA,0.44,4.06,2.9,1.7,5.5,9.74
AC093840.2,lncRNA,0.0,1.07,0.0,3.08,1.13,2.49
AC093843.1,lncRNA,9.75,11.0,3.77,6.4,15.06,14.5
AC093843.2,lncRNA,0.0,3.43,0.33,1.06,1.35,3.23
AC093849.1,lncRNA,0.0,0.0,0.0,0.09,1.67,2.54
AC093849.2,lncRNA,0.64,1.39,0.97,3.03,5.91,10.7
AC093849.3,lncRNA,0.0,0.0,0.0,0.17,0.75,4.54
AC093849.4,lncRNA,1.15,1.1,2.12,0.57,4.01,7.88
AC093857.1,lncRNA,1.11,1.0,0.14,0.0,2.92,5.76
AC093864.1,lncRNA,0.0,0.0,0.25,0.17,0.56,1.36
AC093865.1,lncRNA,0.07,0.36,0.08,0.0,0.84,0.26
AC093866.1,lncRNA,6.25,1.8,0.72,0.76,17.07,14.94
AC093871.1,lncRNA,0.62,0.18,0.25,0.0,0.67,0.6
AC093879.1,lncRNA,0.0,0.0,0.0,0.0,0.82,1.25
AC093890.2,lncRNA,0.0,0.25,0.14,0.0,0.55,1.45
AC093893.1,lncRNA,0.0,0.0,0.1,1.0,0.0,0.0
AC093894.1,lncRNA,0.0,1.08,0.44,0.08,2.12,2.63
AC093894.2,lncRNA,0.6,0.48,1.0,0.57,0.17,0.57
AC093895.1,lncRNA,12.86,19.61,5.35,8.83,6.98,11.54
AC093898.1,lncRNA,0.12,6.0,0.61,0.33,1.36,2.52
AC093903.1,lncRNA,0.0,0.25,0.13,0.0,0.5,0.0
AC093904.1,lncRNA,0.58,1.06,0.0,0.57,4.46,3.45
AC093904.2,lncRNA,1.06,1.67,0.54,0.59,5.35,2.99
AC093904.3,lncRNA,0.31,0.17,2.3,0.38,6.9,4.9
AC093904.4,lncRNA,3.26,3.37,1.71,4.2,17.45,15.55
AC093909.2,lncRNA,0.12,0.0,1.0,0.0,3.01,2.9
AC093909.4,lncRNA,1.28,1.65,3.85,4.83,11.16,14.35
AC093911.1,lncRNA,0.0,1.0,0.0,0.0,1.09,1.25
AC093912.1,lncRNA,0.07,0.2,3.92,3.33,5.49,5.72
AC093915.1,lncRNA,3.61,3.13,0.31,0.5,5.13,4.52
AC093916.1,lncRNA,0.2,5.26,1.87,0.5,13.99,12.08
AC093928.1,lncRNA,0.93,3.0,0.07,0.46,1.46,2.92
AC094104.1,lncRNA,0.0,1.06,0.0,0.0,1.9,1.54
AC094104.2,lncRNA,2.25,0.0,1.2,1.0,0.2,0.14
AC094105.1,lncRNA,0.11,0.33,1.2,0.25,9.14,7.48
AC094105.2,lncRNA,1.57,1.96,7.68,7.35,181.61,132.65
AC094108.1,lncRNA,0.0,0.18,0.14,0.0,0.84,1.98
AC095030.1,lncRNA,0.0,0.0,0.0,0.0,0.08,0.11
AC095032.1,lncRNA,1.33,5.79,0.14,0.22,3.19,6.35
AC095032.2,lncRNA,0.05,0.0,0.0,0.0,0.0,0.0
AC095038.4,lncRNA,0.0,0.17,0.5,4.0,0.8,0.27
AC095038.5,lncRNA,0.0,0.05,2.41,0.0,3.99,1.52
AC095050.1,lncRNA,0.52,2.19,7.19,7.47,2.74,4.27
AC095055.1,lncRNA,0.67,0.0,0.0,0.0,0.33,0.36
AC095056.1,lncRNA,0.0,0.0,0.79,0.0,0.57,0.62
AC095057.2,lncRNA,0.07,0.33,2.0,0.0,4.44,1.83
AC095057.3,lncRNA,0.0,0.7,0.0,0.32,0.29,0.5
AC095057.4,lncRNA,0.0,0.0,0.0,0.2,1.62,3.54
AC095059.1,lncRNA,0.0,0.33,0.0,0.0,1.0,0.45
AC095060.1,lncRNA,1.31,3.34,2.72,3.94,22.87,24.66
AC095350.1,lncRNA,7.48,22.61,16.09,12.17,63.39,65.45
AC096536.1,lncRNA,0.14,0.0,0.22,0.0,13.0,5.72
AC096536.2,lncRNA,0.12,0.38,1.48,1.29,22.32,24.93
AC096536.3,lncRNA,1.38,0.86,0.04,0.5,1.85,1.18
AC096540.1,lncRNA,4.21,2.38,0.95,0.33,6.77,7.42
AC096541.1,lncRNA,3.96,3.1,12.84,3.55,35.4,29.91
AC096543.1,lncRNA,0.1,0.2,0.07,1.0,0.35,1.42
AC096543.2,lncRNA,0.1,0.83,1.33,0.0,1.16,0.28
AC096554.1,lncRNA,0.0,2.0,0.0,4.0,0.0,0.88
AC096555.1,lncRNA,2.0,0.0,2.07,1.06,1.68,0.98
AC096559.1,lncRNA,0.65,1.67,0.91,0.12,0.44,0.74
AC096564.1,lncRNA,1.29,5.73,0.33,2.39,3.5,4.57
AC096570.1,lncRNA,3.69,10.04,12.9,10.14,27.1,24.24
AC096576.2,lncRNA,0.03,0.58,0.33,0.0,2.78,1.38
AC096576.3,lncRNA,0.33,0.0,0.0,0.0,1.07,0.07
AC096576.6,lncRNA,6.0,3.11,2.45,4.37,2.61,2.67
AC096577.1,lncRNA,0.17,2.75,2.5,1.39,2.68,2.55
AC096585.1,lncRNA,2.4,3.0,0.0,0.54,3.95,1.45
AC096586.1,lncRNA,0.0,0.0,0.07,0.0,0.07,0.0
AC096586.2,lncRNA,0.0,0.0,0.0,0.0,0.0,0.06
AC096588.1,lncRNA,4.08,6.6,6.17,4.6,50.47,56.1
AC096589.1,lncRNA,5.2,8.51,7.13,4.62,25.31,18.47
AC096589.2,lncRNA,1.0,0.0,1.0,0.5,1.62,0.17
AC096631.1,lncRNA,0.33,1.43,0.67,2.98,11.52,10.84
AC096637.1,lncRNA,0.0,0.0,0.11,0.0,0.07,0.0
AC096637.2,lncRNA,12.05,10.72,20.86,16.45,245.73,235.61
AC096639.1,lncRNA,0.0,0.0,0.67,0.0,0.0,2.09
AC096642.1,lncRNA,0.85,1.12,2.1,2.84,22.41,25.8
AC096642.2,lncRNA,0.0,0.0,0.0,0.33,0.87,1.57
AC096644.3,lncRNA,0.87,1.71,0.27,0.52,7.54,2.15
AC096645.1,lncRNA,3.06,3.1,0.96,0.22,6.71,4.57
AC096647.1,lncRNA,1.14,0.08,0.64,3.2,0.4,0.99
AC096649.1,lncRNA,0.47,1.4,4.29,1.48,6.24,8.58
AC096659.1,lncRNA,0.0,0.0,0.0,0.0,1.67,0.87
AC096666.1,lncRNA,0.45,0.5,1.25,0.75,3.38,1.0
AC096667.1,lncRNA,2.74,1.03,2.66,2.96,9.16,8.84
AC096669.1,lncRNA,1.2,2.53,5.47,1.0,2.88,1.43
AC096675.1,lncRNA,0.33,2.16,1.29,7.52,12.33,11.0
AC096677.1,lncRNA,1.14,0.06,1.35,2.83,7.79,5.13
AC096677.2,lncRNA,0.0,0.0,0.03,1.0,0.74,0.29
AC096708.2,lncRNA,0.2,0.0,0.5,0.0,0.95,0.4
AC096708.3,lncRNA,0.0,0.0,1.0,0.0,0.29,0.08
AC096711.1,lncRNA,0.0,0.5,0.0,0.0,1.0,0.41
AC096711.2,lncRNA,0.0,1.17,0.07,0.77,3.13,7.4
AC096719.1,lncRNA,1.06,1.58,1.69,2.6,6.19,9.81
AC096721.1,lncRNA,0.22,0.25,0.3,0.0,0.0,0.5
AC096732.1,lncRNA,0.0,5.0,1.0,0.23,1.27,2.0
AC096733.1,lncRNA,0.0,1.0,0.0,0.0,0.0,0.8
AC096733.2,lncRNA,4.2,5.2,12.82,3.37,44.14,31.36
AC096734.1,lncRNA,0.31,3.17,1.05,0.51,1.17,1.77
AC096734.2,lncRNA,0.0,0.83,0.65,1.33,4.49,6.09
AC096736.1,lncRNA,0.0,0.0,0.25,0.2,2.76,0.92
AC096736.2,lncRNA,0.5,0.0,0.0,0.0,0.0,0.0
AC096736.3,lncRNA,0.0,0.33,0.11,0.0,0.36,0.66
AC096741.1,lncRNA,0.07,0.08,0.0,0.0,0.7,1.99
AC096746.1,lncRNA,1.87,8.11,1.19,0.85,14.16,22.57
AC096747.1,lncRNA,0.2,0.0,1.57,1.0,5.89,6.6
AC096751.2,lncRNA,0.79,0.53,2.12,0.54,2.53,4.07
AC096759.1,lncRNA,0.0,0.2,0.0,0.0,0.0,0.52
AC096759.2,lncRNA,0.14,0.67,0.0,0.33,1.3,0.87
AC096761.1,lncRNA,0.56,0.0,0.0,0.0,0.49,1.37
AC096763.1,lncRNA,1.77,1.33,2.83,1.39,9.34,5.63
AC096772.1,lncRNA,0.03,0.0,0.08,0.33,0.1,0.76
AC096773.1,lncRNA,0.14,0.0,0.0,0.0,2.25,1.0
AC096861.2,lncRNA,0.0,3.14,0.31,4.0,4.61,1.69
AC096920.1,lncRNA,0.0,0.0,0.0,0.06,1.05,0.85
AC096921.2,lncRNA,3.18,1.88,0.2,0.12,3.14,2.74
AC096970.1,lncRNA,0.78,0.27,0.92,0.83,5.57,2.37
AC096992.2,lncRNA,3.61,7.43,0.06,3.33,4.27,5.43
AC096992.3,lncRNA,2.38,3.03,2.37,0.25,18.6,23.09
AC096996.2,lncRNA,0.0,0.0,1.58,0.17,0.85,0.42
AC096996.3,lncRNA,6.66,0.93,4.37,8.87,9.47,6.38
AC097015.1,lncRNA,0.25,1.64,0.74,1.65,2.89,3.48
AC097059.1,lncRNA,0.2,0.0,1.0,0.5,1.56,0.61
AC097065.2,lncRNA,1.0,0.0,0.0,0.0,0.37,0.31
AC097103.1,lncRNA,0.0,0.0,0.0,0.0,0.25,1.83
AC097105.1,lncRNA,0.0,0.1,0.0,0.0,0.24,2.15
AC097110.1,lncRNA,0.0,0.33,0.0,0.0,0.74,0.94
AC097173.2,lncRNA,0.0,4.0,0.0,1.0,1.61,0.59
AC097358.2,lncRNA,0.87,4.99,4.55,1.2,7.14,6.21
AC097359.2,lncRNA,6.98,9.52,8.45,6.02,35.58,31.53
AC097359.3,lncRNA,0.12,0.08,0.39,0.0,3.86,2.12
AC097369.2,lncRNA,0.31,1.0,2.0,1.0,16.67,14.25
AC097372.1,lncRNA,0.57,0.0,0.88,0.0,2.14,6.14
AC097375.1,lncRNA,0.0,0.42,0.4,0.73,1.36,1.0
AC097375.2,lncRNA,0.2,0.0,0.08,0.0,0.89,1.13
AC097375.3,lncRNA,1.65,0.54,1.74,3.5,12.62,10.67
AC097375.4,lncRNA,3.21,0.78,1.09,0.8,5.58,4.0
AC097375.5,lncRNA,5.09,1.83,6.01,5.28,58.9,63.31
AC097381.1,lncRNA,4.63,1.41,7.53,6.93,23.78,23.11
AC097381.2,lncRNA,0.29,0.66,1.12,0.11,2.92,3.45
AC097381.3,lncRNA,0.64,3.26,1.79,2.33,1.33,3.02
AC097382.1,lncRNA,0.17,0.72,0.33,0.14,1.47,3.2
AC097382.2,lncRNA,1.83,2.85,3.65,2.73,27.74,18.56
AC097382.3,lncRNA,1.86,0.61,0.43,1.18,12.65,12.65
AC097448.1,lncRNA,0.93,0.0,0.0,1.17,0.69,0.09
AC097450.1,lncRNA,2.4,12.68,4.03,12.68,16.58,14.73
AC097451.1,lncRNA,0.0,0.65,1.59,0.0,0.5,2.29
AC097459.1,lncRNA,0.24,0.32,2.0,2.83,6.04,8.95
AC097462.3,lncRNA,0.34,2.36,1.52,7.5,22.11,23.64
AC097467.1,lncRNA,0.0,0.0,0.0,0.75,0.0,0.07
AC097467.3,lncRNA,5.17,5.4,0.74,8.01,10.9,7.87
AC097468.1,lncRNA,0.24,2.01,3.02,3.42,13.98,13.0
AC097468.2,lncRNA,2.12,3.0,0.0,3.0,1.22,1.58
AC097468.3,lncRNA,0.12,0.06,0.0,0.5,2.85,0.12
AC097478.1,lncRNA,0.0,0.0,0.0,0.0,0.5,1.0
AC097478.2,lncRNA,1.25,0.0,0.0,0.0,0.67,1.0
AC097478.3,lncRNA,1.0,8.42,0.0,2.0,7.94,1.57
AC097478.4,lncRNA,2.66,1.36,0.25,3.32,10.1,8.07
AC097480.1,lncRNA,0.67,0.33,0.83,0.0,3.92,2.7
AC097480.2,lncRNA,3.07,1.0,1.26,5.71,10.35,7.54
AC097487.1,lncRNA,0.12,0.89,0.32,0.0,0.65,1.76
AC097491.1,lncRNA,0.0,0.0,0.0,0.0,0.19,0.16
AC097494.1,lncRNA,0.0,0.0,0.0,0.61,1.63,1.94
AC097499.2,lncRNA,0.0,0.0,0.0,0.0,0.39,0.0
AC097500.1,lncRNA,0.1,0.0,0.0,0.27,1.47,3.04
AC097501.1,lncRNA,0.0,0.0,1.0,0.25,1.29,0.06
AC097504.2,lncRNA,0.0,1.5,0.0,0.0,0.2,0.83
AC097505.1,lncRNA,0.67,1.92,1.06,1.25,6.63,9.41
AC097511.1,lncRNA,0.19,0.9,4.11,0.0,2.42,2.03
AC097512.1,lncRNA,15.46,8.35,3.77,13.23,36.59,19.29
AC097515.1,lncRNA,0.0,0.03,0.42,3.25,0.97,2.16
AC097517.1,lncRNA,0.03,0.04,1.0,1.0,0.5,1.16
AC097518.1,lncRNA,0.45,0.13,0.0,0.25,1.18,1.0
AC097518.2,lncRNA,1.73,2.02,1.44,1.88,5.09,6.88
AC097520.2,lncRNA,0.0,0.25,0.0,0.2,0.73,1.42
AC097521.1,lncRNA,7.62,5.13,9.54,6.58,12.45,7.6
AC097522.2,lncRNA,0.0,0.07,0.56,0.0,0.9,2.12
AC097526.1,lncRNA,2.97,1.5,6.63,3.77,7.84,7.69
AC097528.1,lncRNA,7.17,1.37,6.18,1.45,3.97,2.11
AC097532.1,lncRNA,0.0,0.0,0.38,0.0,2.17,1.68
AC097532.2,lncRNA,0.26,1.11,0.48,0.08,3.59,4.81
AC097532.3,lncRNA,0.22,6.57,0.4,2.76,11.94,12.51
AC097534.1,lncRNA,0.0,0.0,0.0,0.0,0.3,0.17
AC097535.1,lncRNA,0.42,1.0,0.0,0.0,2.5,0.58
AC097537.1,lncRNA,0.0,0.44,0.2,0.33,0.55,1.88
AC097634.1,lncRNA,2.27,1.87,1.73,1.0,5.56,4.56
AC097634.2,lncRNA,0.25,0.0,0.0,0.0,0.07,0.06
AC097634.3,lncRNA,2.53,0.75,0.79,2.54,14.39,14.87
AC097637.3,lncRNA,10.4,14.54,16.44,106.23,42.44,41.86
AC097639.1,lncRNA,12.86,5.69,36.99,12.35,276.76,228.0
AC097641.1,lncRNA,0.36,0.0,0.15,1.68,2.08,1.55
AC097641.2,lncRNA,0.0,0.5,0.0,0.0,0.22,0.29
AC097652.1,lncRNA,0.64,1.42,1.11,1.2,3.1,3.65
AC097654.1,lncRNA,6.2,2.74,6.28,6.18,42.08,30.19
AC097658.2,lncRNA,2.0,0.33,0.0,1.33,2.05,2.97
AC097658.3,lncRNA,3.43,0.55,4.11,0.12,4.47,4.68
AC097709.1,lncRNA,11.18,3.23,14.08,1.41,12.91,5.33
AC097713.1,lncRNA,1.02,4.28,0.27,1.2,71.81,86.64
AC097713.2,lncRNA,5.2,6.06,1.25,0.5,4.57,7.09
AC097717.1,lncRNA,1.0,2.99,4.92,9.73,10.59,8.78
AC097724.1,lncRNA,6.5,17.54,5.7,5.17,5.02,5.41
AC098479.1,lncRNA,0.33,0.0,0.0,0.0,0.0,0.0
AC098483.1,lncRNA,0.7,0.0,1.26,1.31,2.75,3.59
AC098484.1,lncRNA,0.0,0.0,0.0,0.0,1.39,1.17
AC098484.2,lncRNA,0.0,0.53,0.0,0.0,2.85,0.44
AC098484.4,lncRNA,2.08,10.88,43.41,2.98,33.05,38.49
AC098487.1,lncRNA,0.0,1.4,0.27,2.67,1.02,3.09
AC098587.1,lncRNA,0.0,0.0,0.5,0.0,0.32,0.21
AC098588.3,lncRNA,0.15,2.16,0.16,0.58,4.58,3.98
AC098595.1,lncRNA,10.92,11.19,11.17,8.87,56.47,76.38
AC098649.1,lncRNA,0.15,0.07,1.13,0.68,3.97,0.57
AC098656.1,lncRNA,0.0,0.32,0.66,1.57,3.23,1.59
AC098657.2,lncRNA,0.0,0.0,0.25,0.0,1.6,0.21
AC098679.1,lncRNA,0.0,0.0,0.0,0.0,0.27,0.27
AC098679.4,lncRNA,0.11,0.07,1.08,0.0,0.26,0.97
AC098679.5,lncRNA,0.0,2.19,0.0,0.0,0.66,1.25
AC098680.1,lncRNA,0.0,0.0,0.32,0.0,0.2,1.76
AC098680.2,lncRNA,0.0,0.2,0.0,0.0,0.6,0.11
AC098798.1,lncRNA,0.0,0.05,1.0,1.0,1.29,1.36
AC098817.1,lncRNA,0.2,0.0,0.69,0.0,0.68,1.33
AC098818.2,lncRNA,4.43,6.38,5.66,2.58,32.16,24.08
AC098820.1,lncRNA,1.5,2.19,1.0,3.0,3.15,2.78
AC098825.1,lncRNA,0.0,2.0,0.0,1.33,1.28,7.83
AC098828.1,lncRNA,0.33,0.37,0.0,0.53,5.47,1.98
AC098848.1,lncRNA,0.5,0.56,0.5,0.0,0.25,1.53
AC098850.1,lncRNA,0.61,0.21,0.0,0.17,0.43,0.88
AC098850.2,lncRNA,0.61,0.0,0.0,1.0,1.75,0.37
AC098850.4,lncRNA,5.12,4.54,1.38,3.45,10.1,8.52
AC098851.1,lncRNA,0.06,0.0,0.0,3.0,3.56,2.44
AC098859.2,lncRNA,0.67,0.85,0.49,0.11,0.28,2.5
AC098868.1,lncRNA,0.67,0.67,0.62,0.11,5.13,2.72
AC098869.2,lncRNA,0.0,0.75,1.61,0.33,0.88,1.23
AC098872.1,lncRNA,0.0,0.0,0.33,2.0,1.77,0.62
AC098934.2,lncRNA,1.69,0.34,2.22,0.0,5.37,1.99
AC098969.1,lncRNA,2.3,0.0,0.33,0.5,4.76,5.06
AC098969.2,lncRNA,0.0,0.0,1.25,0.18,7.38,5.66
AC099050.1,lncRNA,5.0,3.56,1.77,2.26,25.55,18.49
AC099063.1,lncRNA,0.0,0.58,0.0,0.0,0.57,1.36
AC099063.4,lncRNA,1.2,0.89,0.24,0.65,1.37,1.88
AC099066.1,lncRNA,0.33,0.34,0.0,0.31,0.44,0.51
AC099066.2,lncRNA,2.92,9.26,4.53,6.35,29.24,19.85
AC099313.1,lncRNA,0.11,0.0,0.0,0.0,1.0,0.5
AC099314.1,lncRNA,1.69,1.58,0.04,2.2,1.18,1.01
AC099328.2,lncRNA,0.0,0.09,0.87,0.25,0.9,0.53
AC099329.1,lncRNA,0.47,2.36,0.38,0.83,9.8,12.69
AC099329.2,lncRNA,2.51,3.52,3.43,10.1,12.63,16.42
AC099332.1,lncRNA,2.25,2.45,4.42,1.38,88.56,62.68
AC099332.2,lncRNA,0.4,1.46,0.13,0.77,0.07,0.25
AC099342.1,lncRNA,0.58,0.0,1.0,0.0,1.72,2.71
AC099343.2,lncRNA,2.34,0.14,0.0,0.0,3.17,0.64
AC099343.3,lncRNA,1.1,3.4,3.53,3.0,9.47,11.81
AC099344.1,lncRNA,0.05,0.05,0.0,0.46,5.75,1.62
AC099344.2,lncRNA,0.0,0.0,1.06,0.0,1.53,1.59
AC099344.3,lncRNA,2.37,11.05,6.93,7.27,16.11,9.41
AC099398.1,lncRNA,2.63,2.95,1.92,4.74,7.54,5.96
AC099482.1,lncRNA,0.0,0.0,0.0,0.0,2.11,0.07
AC099482.2,lncRNA,0.14,0.22,2.1,2.5,1.02,2.12
AC099487.1,lncRNA,0.0,4.18,0.0,6.73,0.37,5.05
AC099487.2,lncRNA,2.44,0.06,0.0,4.0,1.58,2.91
AC099489.3,lncRNA,3.15,7.5,1.36,7.79,2.35,6.85
AC099499.1,lncRNA,0.5,0.0,0.0,0.0,0.05,0.8
AC099499.2,lncRNA,0.9,0.4,0.36,0.66,0.46,0.27
AC099501.1,lncRNA,0.0,0.17,0.67,0.11,1.39,1.59
AC099506.1,lncRNA,3.22,4.93,30.74,5.68,49.55,46.54
AC099506.3,lncRNA,0.0,0.0,0.0,0.0,0.98,1.5
AC099508.1,lncRNA,0.0,1.58,0.0,0.06,2.11,3.5
AC099508.2,lncRNA,0.55,0.74,0.21,0.07,1.0,0.43
AC099509.1,lncRNA,1.1,0.22,0.0,1.33,1.53,0.0
AC099509.2,lncRNA,0.0,0.0,0.11,0.0,1.33,0.65
AC099511.1,lncRNA,0.25,0.17,0.05,1.25,5.22,4.4
AC099517.1,lncRNA,1.59,1.5,0.32,0.2,3.58,1.14
AC099518.1,lncRNA,0.0,0.44,4.5,3.38,3.99,5.17
AC099518.2,lncRNA,0.0,0.5,0.0,0.0,0.12,0.0
AC099518.3,lncRNA,0.05,0.16,0.61,0.03,3.28,3.28
AC099518.4,lncRNA,0.66,0.95,0.92,0.67,2.21,2.09
AC099518.5,lncRNA,0.1,1.66,0.58,0.3,1.55,0.83
AC099518.6,lncRNA,0.0,0.0,0.0,1.0,0.33,2.39
AC099520.1,lncRNA,6.88,12.17,2.06,5.25,20.77,11.82
AC099520.2,lncRNA,0.5,0.08,0.0,0.25,18.46,12.64
AC099521.1,lncRNA,13.26,18.33,22.55,15.66,204.07,185.7
AC099521.3,lncRNA,0.5,0.62,1.3,0.09,5.44,1.8
AC099524.1,lncRNA,0.65,0.92,2.95,1.47,2.78,5.83
AC099535.2,lncRNA,0.0,0.08,2.0,0.0,3.59,4.62
AC099541.1,lncRNA,0.0,0.0,2.07,0.0,1.53,1.89
AC099541.2,lncRNA,1.0,0.25,2.67,1.25,1.5,2.25
AC099542.1,lncRNA,0.0,2.17,0.2,0.0,0.19,0.82
AC099542.2,lncRNA,0.17,0.0,0.0,0.0,0.36,0.74
AC099550.1,lncRNA,0.0,0.0,0.14,0.0,2.75,2.93
AC099552.1,lncRNA,0.0,0.11,0.71,0.17,2.06,1.98
AC099552.2,lncRNA,1.9,2.01,2.24,0.25,7.07,4.28
AC099552.3,lncRNA,0.0,2.0,3.71,0.06,0.06,0.17
AC099552.5,lncRNA,0.24,0.0,0.0,1.0,2.51,1.92
AC099554.1,lncRNA,0.14,2.08,0.0,0.33,0.86,0.57
AC099560.1,lncRNA,0.0,0.5,0.73,0.0,1.24,1.64
AC099563.2,lncRNA,0.65,0.96,4.71,2.0,13.26,9.03
AC099565.1,lncRNA,1.73,0.33,0.47,2.57,5.45,3.87
AC099567.1,lncRNA,0.2,0.06,0.75,2.04,4.42,1.74
AC099568.1,lncRNA,0.17,0.44,0.2,0.0,0.09,0.73
AC099654.1,lncRNA,0.79,0.43,4.53,2.11,14.15,14.83
AC099654.11,lncRNA,0.2,1.13,0.53,0.11,1.46,0.0
AC099654.12,lncRNA,1.0,0.4,0.0,0.08,1.77,1.27
AC099661.1,lncRNA,0.4,0.63,0.45,9.0,6.01,5.17
AC099668.1,lncRNA,0.0,0.12,0.0,0.0,0.7,0.25
AC099670.3,lncRNA,0.67,2.33,1.77,2.03,1.45,0.68
AC099671.1,lncRNA,7.87,15.2,22.1,19.98,57.16,79.45
AC099677.3,lncRNA,0.0,0.0,0.0,0.0,0.62,0.07
AC099681.1,lncRNA,1.83,0.24,0.07,0.0,4.33,0.72
AC099681.2,lncRNA,0.34,1.0,0.12,0.3,1.89,3.08
AC099681.3,lncRNA,0.83,0.32,2.87,2.13,9.73,10.65
AC099684.1,lncRNA,1.53,2.55,1.4,3.12,12.21,5.48
AC099684.2,lncRNA,1.83,0.0,2.77,2.75,3.28,5.25
AC099684.3,lncRNA,0.5,0.35,0.25,0.2,6.04,1.93
AC099685.1,lncRNA,0.0,0.0,0.0,0.06,1.26,0.32
AC099753.1,lncRNA,1.78,0.32,0.0,2.0,3.31,2.18
AC099754.1,lncRNA,2.26,6.57,3.6,3.66,12.93,12.19
AC099778.1,lncRNA,3.03,2.14,5.33,2.54,18.42,12.04
AC099782.1,lncRNA,0.07,1.25,0.0,0.25,1.42,5.59
AC099786.1,lncRNA,0.56,0.14,1.0,1.33,1.9,4.21
AC099786.2,lncRNA,1.63,1.57,14.16,4.34,39.01,42.14
AC099786.3,lncRNA,0.0,0.75,0.0,0.0,0.39,0.0
AC099788.1,lncRNA,0.5,0.0,1.0,0.0,0.67,1.76
AC099791.2,lncRNA,5.06,8.87,5.0,181.9,3.3,1.79
AC099791.3,lncRNA,0.0,0.1,0.0,5.17,4.5,1.57
AC099791.4,lncRNA,0.0,1.62,7.5,4.01,6.46,3.48
AC099792.1,lncRNA,2.7,4.33,2.48,5.5,25.72,18.41
AC099794.1,lncRNA,0.0,4.0,0.0,1.5,0.0,1.53
AC099795.1,lncRNA,0.14,1.06,0.05,1.42,3.07,2.06
AC099796.2,lncRNA,0.0,0.5,0.61,0.07,2.95,2.38
AC099811.1,lncRNA,0.0,0.0,0.0,0.0,1.35,1.45
AC099811.3,lncRNA,0.0,0.67,1.31,0.64,4.46,4.87
AC099811.4,lncRNA,1.14,0.17,0.0,0.0,0.32,0.25
AC099811.5,lncRNA,0.0,0.11,1.21,0.0,0.64,3.74
AC099845.1,lncRNA,0.95,2.0,2.52,2.85,9.16,9.27
AC099850.1,lncRNA,1.57,1.04,3.89,1.16,17.03,12.48
AC099850.3,lncRNA,0.0,1.5,0.0,0.03,0.03,2.5
AC100756.3,lncRNA,1.5,0.33,0.0,1.5,0.4,0.08
AC100763.1,lncRNA,0.2,0.23,2.0,0.0,0.37,0.99
AC100768.1,lncRNA,0.0,0.0,0.2,0.1,0.97,0.0
AC100774.1,lncRNA,0.34,0.11,0.1,0.06,1.51,1.96
AC100775.1,lncRNA,0.06,0.0,0.0,0.0,0.25,1.0
AC100778.1,lncRNA,0.0,0.0,0.17,1.5,1.88,3.49
AC100778.2,lncRNA,2.33,5.0,0.29,1.17,7.14,7.35
AC100778.3,lncRNA,0.18,0.12,0.74,0.0,3.05,3.58
AC100778.4,lncRNA,0.0,0.0,0.0,3.0,0.0,1.27
AC100779.1,lncRNA,0.24,2.28,0.5,1.28,7.53,9.78
AC100781.1,lncRNA,0.33,0.0,1.09,1.0,4.76,4.11
AC100782.1,lncRNA,0.14,0.0,0.15,0.5,1.19,3.63
AC100786.1,lncRNA,0.0,0.0,0.6,0.0,1.94,0.17
AC100788.1,lncRNA,0.75,1.37,2.0,2.89,4.17,3.26
AC100791.1,lncRNA,4.2,4.03,1.0,1.31,10.83,10.33
AC100791.2,lncRNA,1.0,0.0,0.0,1.0,1.38,3.23
AC100791.3,lncRNA,0.46,0.14,0.29,0.04,1.43,0.63
AC100793.2,lncRNA,1.17,3.13,1.82,2.04,11.47,15.56
AC100793.3,lncRNA,3.36,1.02,0.83,1.96,4.12,2.18
AC100793.4,lncRNA,0.0,0.0,0.0,1.0,0.08,0.0
AC100797.1,lncRNA,0.12,0.0,0.0,0.33,0.14,0.0
AC100797.4,lncRNA,4.14,3.38,6.44,1.58,26.35,18.13
AC100800.1,lncRNA,4.92,4.4,2.23,6.14,3.91,7.29
AC100801.1,lncRNA,1.25,10.27,1.22,3.0,6.54,6.82
AC100801.2,lncRNA,0.0,0.0,2.0,0.0,2.0,3.96
AC100802.1,lncRNA,1.53,1.37,1.74,0.74,2.35,1.31
AC100803.2,lncRNA,0.0,0.5,1.68,6.57,7.01,7.14
AC100803.3,lncRNA,0.0,0.72,2.12,1.84,9.99,11.61
AC100803.4,lncRNA,3.93,6.43,6.77,7.9,23.31,17.11
AC100805.1,lncRNA,1.42,2.8,1.7,6.39,6.03,7.72
AC100807.2,lncRNA,0.0,0.0,0.0,0.0,2.8,1.88
AC100808.1,lncRNA,0.0,0.06,1.0,0.0,0.67,0.83
AC100810.1,lncRNA,1.52,4.38,2.4,1.08,9.91,7.76
AC100810.3,lncRNA,1.65,1.68,1.08,3.52,17.75,7.96
AC100810.7,lncRNA,0.42,1.83,0.25,0.05,10.57,11.45
AC100812.1,lncRNA,2.33,0.25,0.11,0.1,0.49,1.59
AC100814.1,lncRNA,0.0,0.34,0.0,0.0,1.3,3.5
AC100821.2,lncRNA,0.0,0.19,0.68,0.0,0.33,0.58
AC100822.1,lncRNA,0.33,0.0,1.0,0.22,3.8,2.48
AC100823.1,lncRNA,0.0,0.39,0.0,0.0,2.46,1.18
AC100825.1,lncRNA,2.52,0.17,0.73,0.45,2.92,3.26
AC100826.1,lncRNA,0.0,0.0,0.68,0.0,0.56,0.59
AC100827.3,lncRNA,0.11,0.37,0.0,0.5,1.75,1.73
AC100827.4,lncRNA,0.4,0.17,1.9,1.06,4.53,3.68
AC100830.1,lncRNA,0.5,1.75,0.0,0.15,3.25,8.99
AC100830.2,lncRNA,0.0,0.25,0.0,0.0,0.25,0.0
AC100830.3,lncRNA,2.75,0.0,0.5,0.5,7.39,3.14
AC100832.2,lncRNA,0.93,0.09,3.0,2.5,8.81,12.26
AC100834.2,lncRNA,0.0,0.0,0.0,2.17,0.81,0.45
AC100835.1,lncRNA,4.88,24.06,8.8,6.85,42.4,34.12
AC100835.2,lncRNA,0.12,0.0,0.16,0.0,0.89,0.44
AC100836.1,lncRNA,0.0,0.0,0.42,0.04,5.77,5.71
AC100839.1,lncRNA,2.0,0.0,0.07,0.14,2.05,0.22
AC100843.1,lncRNA,0.0,0.0,0.58,0.0,0.63,0.12
AC100844.1,lncRNA,0.0,0.0,1.0,2.0,2.33,0.53
AC100847.1,lncRNA,0.0,0.0,0.5,1.5,0.0,0.0
AC100849.1,lncRNA,0.07,0.0,2.0,1.59,2.45,1.28
AC100849.2,lncRNA,0.4,0.73,1.7,4.48,9.94,5.1
AC100858.1,lncRNA,0.17,0.0,0.08,0.0,1.99,4.23
AC100858.2,lncRNA,3.23,6.79,3.08,7.33,12.31,12.03
AC100858.3,lncRNA,0.56,0.0,0.33,0.0,2.39,3.83
AC100860.1,lncRNA,1.09,1.51,0.25,0.22,3.19,5.38
AC100861.1,lncRNA,0.83,8.07,2.85,5.29,35.44,41.1
AC100861.2,lncRNA,0.21,0.5,0.5,3.36,28.64,35.43
AC100863.1,lncRNA,0.0,0.0,0.0,1.17,0.38,0.57
AC100872.2,lncRNA,0.0,0.0,0.11,0.0,0.37,5.39
AC102797.1,lncRNA,0.89,1.26,1.2,1.31,4.41,3.69
AC102941.1,lncRNA,0.37,1.54,2.23,0.54,0.83,2.84
AC102941.2,lncRNA,3.85,5.14,8.06,8.23,49.5,26.8
AC102945.1,lncRNA,0.0,1.0,0.0,0.1,0.92,1.4
AC102953.1,lncRNA,1.14,0.42,0.7,2.96,10.82,5.43
AC102953.2,lncRNA,2.91,3.11,3.01,11.38,12.93,16.33
AC103409.1,lncRNA,0.0,1.0,0.0,1.5,0.95,2.78
AC103563.2,lncRNA,0.17,0.33,0.0,0.0,3.82,5.19
AC103563.7,lncRNA,0.33,0.64,1.03,0.5,3.46,3.71
AC103563.9,lncRNA,2.0,3.33,0.0,0.79,7.98,3.94
AC103564.1,lncRNA,0.22,1.0,0.75,2.31,10.51,9.22
AC103591.4,lncRNA,1.13,2.43,1.24,4.3,10.73,6.75
AC103681.1,lncRNA,0.0,0.0,0.33,0.1,1.23,0.77
AC103681.2,lncRNA,0.11,0.33,2.0,0.56,0.18,0.7
AC103691.1,lncRNA,0.83,8.98,11.52,10.08,0.44,0.38
AC103691.2,lncRNA,0.63,0.23,0.0,0.12,0.71,1.36
AC103702.1,lncRNA,14.0,10.15,8.01,9.15,33.39,33.02
AC103702.2,lncRNA,8.64,9.06,8.84,10.66,34.97,35.89
AC103703.1,lncRNA,0.07,0.0,0.0,0.25,1.77,3.13
AC103706.1,lncRNA,0.42,0.2,0.14,0.0,4.11,1.07
AC103718.1,lncRNA,6.21,6.59,13.21,13.31,74.57,78.07
AC103719.1,lncRNA,0.33,4.34,1.82,2.04,12.12,7.69
AC103724.3,lncRNA,4.59,2.31,3.64,4.9,23.74,12.15
AC103726.1,lncRNA,0.1,0.32,0.0,0.0,1.2,0.31
AC103726.2,lncRNA,0.0,0.0,0.06,0.5,0.4,0.49
AC103739.1,lncRNA,0.0,0.59,0.24,0.63,0.38,0.7
AC103739.2,lncRNA,0.45,0.14,0.0,0.0,1.48,0.83
AC103739.3,lncRNA,3.06,1.0,1.0,3.36,4.64,1.97
AC103740.1,lncRNA,7.11,2.37,9.67,6.86,42.13,53.68
AC103740.2,lncRNA,0.34,0.33,1.5,0.58,4.1,3.29
AC103746.1,lncRNA,3.89,5.7,18.86,19.04,37.45,37.04
AC103758.1,lncRNA,4.19,6.54,4.07,6.79,14.8,13.96
AC103760.1,lncRNA,4.08,9.63,1.78,5.45,9.0,5.81
AC103764.1,lncRNA,0.46,0.59,0.65,0.1,2.5,2.15
AC103769.1,lncRNA,0.5,0.0,0.2,1.0,0.05,1.0
AC103770.1,lncRNA,0.25,0.0,0.54,1.0,4.08,0.98
AC103794.1,lncRNA,0.08,0.0,0.0,0.0,0.0,0.08
AC103796.1,lncRNA,0.0,0.0,0.5,0.0,0.81,0.8
AC103808.1,lncRNA,1.0,2.42,3.5,2.42,24.7,23.09
AC103808.2,lncRNA,0.12,1.25,0.0,0.0,0.57,1.78
AC103808.3,lncRNA,0.12,0.2,0.58,1.0,1.79,5.47
AC103808.4,lncRNA,1.89,0.57,2.75,0.37,5.0,4.41
AC103808.5,lncRNA,0.11,0.25,0.08,0.43,0.86,0.86
AC103808.6,lncRNA,0.0,0.0,1.07,0.0,0.97,0.18
AC103809.1,lncRNA,0.0,2.19,0.94,2.77,3.43,2.98
AC103810.2,lncRNA,0.39,0.0,0.07,0.37,1.48,1.19
AC103810.5,lncRNA,0.0,1.06,0.2,1.33,1.83,3.73
AC103831.1,lncRNA,0.42,0.0,0.14,0.89,2.28,4.58
AC103833.2,lncRNA,0.0,2.5,0.07,0.0,1.92,0.6
AC103843.1,lncRNA,0.0,0.0,0.0,1.0,1.0,0.05
AC103853.1,lncRNA,0.79,0.0,1.12,0.0,2.23,0.81
AC103853.2,lncRNA,0.0,0.5,0.08,0.0,0.39,0.11
AC103855.1,lncRNA,0.0,1.9,0.1,0.0,1.74,0.25
AC103855.2,lncRNA,6.02,7.86,4.64,5.52,7.95,9.12
AC103855.3,lncRNA,0.0,0.0,1.92,0.25,1.35,1.39
AC103858.1,lncRNA,0.0,2.14,0.0,0.55,0.0,0.33
AC103858.2,lncRNA,0.0,0.0,0.33,1.0,2.76,1.54
AC103858.3,lncRNA,0.7,6.84,2.76,10.06,9.87,7.84
AC103871.1,lncRNA,1.18,1.0,1.09,0.11,4.44,6.61
AC103874.1,lncRNA,2.14,0.25,0.0,0.08,0.96,0.29
AC103876.1,lncRNA,0.0,7.3,0.11,2.07,1.12,3.62
AC103923.1,lncRNA,0.67,0.42,4.3,5.38,7.7,10.99
AC103925.1,lncRNA,0.2,0.2,0.0,0.07,0.9,1.56
AC103952.1,lncRNA,0.08,0.0,0.0,0.0,0.0,0.0
AC103955.1,lncRNA,0.0,0.67,0.0,0.0,0.84,1.24
AC103957.1,lncRNA,0.12,0.14,0.31,1.29,3.4,1.24
AC103957.2,lncRNA,0.5,0.5,0.0,0.0,0.31,0.36
AC103974.1,lncRNA,2.43,6.32,8.44,2.52,63.28,47.95
AC103974.2,lncRNA,0.08,3.08,2.0,1.0,3.52,3.12
AC103982.1,lncRNA,0.0,0.0,0.12,0.17,0.0,0.4
AC103987.2,lncRNA,0.0,0.0,0.0,0.5,1.33,1.25
AC103993.1,lncRNA,0.72,0.2,0.9,0.42,2.22,1.25
AC103996.2,lncRNA,2.14,3.01,0.0,0.0,3.07,1.57
AC103996.3,lncRNA,0.44,0.05,1.07,0.5,0.59,0.31
AC104002.1,lncRNA,0.5,0.0,0.0,1.0,0.25,0.29
AC104002.2,lncRNA,0.0,0.0,0.0,0.14,0.12,1.09
AC104002.3,lncRNA,0.79,1.95,2.22,2.75,6.08,3.96
AC104009.1,lncRNA,2.0,1.64,1.08,3.08,8.14,5.11
AC104012.1,lncRNA,0.0,0.12,0.0,0.0,1.76,2.48
AC104024.1,lncRNA,2.0,0.09,2.9,0.7,13.62,13.17
AC104024.2,lncRNA,2.02,3.0,2.1,2.53,4.55,7.13
AC104024.3,lncRNA,1.23,0.0,0.83,1.0,2.48,1.21
AC104024.4,lncRNA,1.81,3.11,1.41,1.0,13.57,21.88
AC104031.1,lncRNA,1.0,0.0,0.0,3.0,0.42,2.12
AC104041.1,lncRNA,2.88,8.92,6.14,8.89,20.48,29.58
AC104051.1,lncRNA,0.58,0.5,6.34,0.4,13.09,14.79
AC104051.2,lncRNA,1.17,0.89,0.0,1.09,3.18,2.71
AC104063.1,lncRNA,0.33,0.62,1.25,0.26,0.89,0.86
AC104066.3,lncRNA,11.47,6.0,0.33,1.47,3.17,2.66
AC104066.4,lncRNA,2.51,0.99,23.95,18.42,2.32,4.78
AC104071.1,lncRNA,2.0,0.56,0.22,1.0,4.53,10.03
AC104072.1,lncRNA,0.0,0.0,0.0,0.17,1.5,0.07
AC104073.4,lncRNA,0.0,0.0,0.0,0.5,2.48,0.25
AC104076.1,lncRNA,0.0,3.17,1.5,0.5,0.75,2.39
AC104078.1,lncRNA,120.76,7.33,6.09,2.05,82.95,12.15
AC104078.2,lncRNA,0.0,0.0,0.0,0.14,0.33,0.24
AC104083.1,lncRNA,4.0,1.45,0.44,0.92,0.55,1.25
AC104088.1,lncRNA,0.35,0.33,1.2,3.23,5.51,2.93
AC104088.2,lncRNA,0.17,5.0,0.0,1.14,1.46,6.04
AC104088.3,lncRNA,1.67,0.84,1.56,0.82,4.5,3.93
AC104109.2,lncRNA,2.0,3.48,2.56,0.4,9.75,4.6
AC104109.4,lncRNA,0.41,2.48,0.27,0.12,1.78,1.75
AC104116.1,lncRNA,0.0,0.0,0.0,2.1,0.25,0.48
AC104117.3,lncRNA,0.15,0.2,5.1,0.2,1.27,0.4
AC104118.1,lncRNA,3.09,5.2,0.5,0.0,2.9,4.08
AC104119.1,lncRNA,0.0,0.2,0.0,0.0,3.17,0.49
AC104123.1,lncRNA,1.33,3.6,0.98,1.67,0.64,0.82
AC104126.1,lncRNA,0.0,0.14,0.0,2.0,0.95,1.19
AC104129.1,lncRNA,6.3,5.03,2.79,3.2,20.15,29.29
AC104134.1,lncRNA,0.53,1.31,1.92,0.0,1.87,1.69
AC104135.1,lncRNA,0.78,0.79,1.12,1.14,19.69,21.51
AC104137.1,lncRNA,0.0,0.33,0.0,0.0,3.61,2.0
AC104167.1,lncRNA,0.0,0.0,0.0,0.0,0.45,0.72
AC104169.1,lncRNA,0.0,0.0,0.68,0.0,1.43,1.01
AC104170.1,lncRNA,0.06,0.0,0.0,0.0,0.11,2.95
AC104187.1,lncRNA,0.55,0.1,3.56,0.57,2.14,5.51
AC104211.1,lncRNA,9.73,5.44,20.96,11.81,211.13,228.93
AC104211.2,lncRNA,0.0,0.0,0.0,0.0,0.0,0.33
AC104211.3,lncRNA,0.25,1.41,2.0,0.0,0.11,1.65
AC104232.1,lncRNA,1.67,1.83,2.68,2.58,8.39,11.74
AC104232.2,lncRNA,0.0,1.5,1.8,0.05,0.81,1.67
AC104232.3,lncRNA,1.04,1.15,1.37,1.33,3.66,2.12
AC104237.1,lncRNA,0.0,0.0,0.05,0.0,1.6,1.49
AC104237.2,lncRNA,0.0,0.0,0.0,0.0,4.6,0.14
AC104237.3,lncRNA,0.0,0.0,0.11,0.0,0.33,0.0
AC104248.1,lncRNA,0.33,2.5,0.95,3.25,11.72,12.03
AC104257.1,lncRNA,0.0,0.08,0.08,0.0,0.87,2.59
AC104260.1,lncRNA,2.46,0.9,0.5,0.67,6.2,2.0
AC104260.3,lncRNA,5.64,3.67,4.64,2.08,49.29,42.18
AC104304.3,lncRNA,0.1,0.11,0.17,0.33,3.01,0.45
AC104316.1,lncRNA,0.0,0.0,0.0,2.0,0.63,0.39
AC104316.2,lncRNA,0.0,0.25,1.0,0.0,0.96,0.84
AC104333.4,lncRNA,4.6,9.47,4.92,7.11,77.67,101.82
AC104335.1,lncRNA,0.18,4.2,1.54,0.5,4.64,7.71
AC104335.2,lncRNA,0.12,0.06,0.12,1.0,1.42,0.81
AC104350.1,lncRNA,0.11,0.0,0.0,0.0,0.14,0.28
AC104365.1,lncRNA,0.0,2.0,2.33,0.0,0.77,1.05
AC104365.2,lncRNA,1.0,0.0,1.0,0.4,1.53,1.76
AC104365.3,lncRNA,0.0,0.0,0.0,0.0,0.08,0.37
AC104370.1,lncRNA,2.41,0.19,0.81,7.55,8.96,5.02
AC104383.1,lncRNA,0.5,1.01,1.5,0.33,4.47,3.02
AC104389.2,lncRNA,0.0,0.25,0.25,0.0,3.06,0.14
AC104393.1,lncRNA,3.0,1.0,1.0,2.34,16.4,15.08
AC104407.1,lncRNA,0.73,0.16,1.75,2.7,4.8,5.85
AC104411.1,lncRNA,0.5,0.11,0.0,0.0,2.17,1.31
AC104417.2,lncRNA,2.21,1.4,2.18,2.22,6.36,12.08
AC104423.1,lncRNA,0.0,0.0,0.12,0.67,0.04,0.37
AC104435.2,lncRNA,0.07,0.0,0.07,1.2,0.71,2.81
AC104445.1,lncRNA,0.0,1.46,0.0,1.15,2.05,5.11
AC104451.2,lncRNA,0.25,0.0,0.5,0.17,15.06,9.42
AC104453.1,lncRNA,3.53,3.13,18.24,18.15,10.65,11.92
AC104454.2,lncRNA,0.37,0.2,0.4,0.0,1.87,0.94
AC104457.2,lncRNA,0.07,0.0,0.0,0.08,0.42,0.0
AC104458.1,lncRNA,1.0,0.0,0.0,0.0,0.25,1.63
AC104459.1,lncRNA,0.31,0.48,0.11,0.56,3.15,2.1
AC104461.1,lncRNA,9.29,26.31,14.01,13.63,18.93,14.59
AC104462.1,lncRNA,0.33,0.2,0.67,0.25,2.8,1.44
AC104462.2,lncRNA,0.9,0.0,0.0,0.0,0.67,0.87
AC104463.1,lncRNA,0.2,0.2,0.5,0.0,0.59,0.25
AC104463.2,lncRNA,0.08,0.5,0.0,0.0,0.0,2.0
AC104472.1,lncRNA,0.33,0.14,0.38,0.25,1.68,1.58
AC104472.4,lncRNA,2.0,2.52,1.0,0.0,4.09,2.18
AC104472.5,lncRNA,0.0,0.58,3.0,1.2,0.39,0.95
AC104506.1,lncRNA,0.45,0.15,2.01,0.42,5.64,5.25
AC104521.1,lncRNA,1.1,0.0,0.14,0.46,4.7,6.23
AC104530.1,lncRNA,6.74,5.13,21.98,17.03,20.13,16.98
AC104532.2,lncRNA,0.0,0.84,0.45,1.6,3.6,0.57
AC104534.1,lncRNA,1.42,0.67,1.57,0.27,0.42,2.58
AC104561.1,lncRNA,0.44,5.79,0.74,0.95,1.26,1.78
AC104561.3,lncRNA,1.0,3.53,1.31,1.79,0.83,3.2
AC104561.4,lncRNA,0.2,0.3,0.62,0.62,3.71,5.91
AC104564.1,lncRNA,0.0,0.0,0.09,0.0,0.0,0.62
AC104564.2,lncRNA,0.0,0.0,0.33,0.0,3.09,4.37
AC104564.3,lncRNA,0.6,4.56,1.0,1.34,2.31,3.67
AC104564.4,lncRNA,0.74,0.62,0.0,1.14,9.47,2.86
AC104564.5,lncRNA,0.15,0.17,0.12,0.31,1.52,3.81
AC104574.1,lncRNA,5.92,4.81,10.12,7.1,34.81,49.94
AC104574.2,lncRNA,0.2,5.22,0.5,2.33,3.9,4.25
AC104590.1,lncRNA,2.14,2.31,2.31,1.12,9.69,9.63
AC104596.1,lncRNA,0.73,0.12,2.75,2.63,14.46,8.42
AC104619.2,lncRNA,0.0,0.0,0.0,0.0,0.24,0.62
AC104623.1,lncRNA,0.0,0.07,0.9,1.2,8.7,2.64
AC104633.1,lncRNA,1.0,0.11,0.0,0.25,0.21,0.76
AC104633.2,lncRNA,0.25,3.06,1.35,6.0,2.32,4.65
AC104634.1,lncRNA,0.0,0.83,0.08,0.0,0.49,0.31
AC104640.1,lncRNA,1.26,0.48,0.5,0.48,2.4,3.09
AC104653.1,lncRNA,12.98,10.39,7.0,3.59,24.24,23.76
AC104653.2,lncRNA,0.0,1.5,0.2,0.0,0.0,1.05
AC104656.1,lncRNA,2.34,1.58,0.0,1.0,9.6,7.82
AC104662.1,lncRNA,0.0,0.0,0.0,0.0,1.68,0.9
AC104663.1,lncRNA,0.11,0.0,0.0,0.0,0.07,0.0
AC104664.1,lncRNA,0.58,0.05,2.08,0.5,2.54,3.65
AC104667.1,lncRNA,0.05,4.53,0.92,1.26,6.84,5.17
AC104667.2,lncRNA,0.16,0.56,0.62,9.28,6.82,5.91
AC104688.1,lncRNA,0.09,1.07,0.12,0.07,0.0,0.0
AC104689.2,lncRNA,0.0,0.0,0.0,2.0,8.21,7.46
AC104695.1,lncRNA,0.0,0.0,0.0,0.52,2.82,0.59
AC104695.2,lncRNA,0.0,0.0,0.0,2.0,1.82,2.1
AC104695.3,lncRNA,0.0,0.0,0.0,0.0,0.0,0.2
AC104758.1,lncRNA,0.62,0.67,0.07,1.5,3.08,2.29
AC104758.3,lncRNA,0.17,0.0,0.0,0.0,0.5,1.08
AC104758.4,lncRNA,1.0,0.11,0.0,0.0,0.0,0.08
AC104770.1,lncRNA,0.0,0.0,0.44,0.11,2.07,0.24
AC104777.1,lncRNA,0.0,0.0,0.0,0.0,1.13,0.0
AC104777.2,lncRNA,3.14,0.0,1.08,2.05,1.0,1.37
AC104779.1,lncRNA,0.0,0.34,0.0,0.08,0.8,0.14
AC104781.1,lncRNA,0.0,2.5,0.2,0.58,2.17,1.38
AC104785.1,lncRNA,1.0,0.0,0.0,0.83,2.55,0.63
AC104790.1,lncRNA,0.0,0.0,1.58,1.0,1.14,1.57
AC104791.1,lncRNA,0.0,0.0,0.9,0.16,0.33,1.17
AC104793.1,lncRNA,0.69,0.86,2.13,0.29,1.85,2.25
AC104794.2,lncRNA,0.0,0.24,0.0,0.38,0.14,0.55
AC104794.3,lncRNA,0.68,2.05,1.56,6.03,7.76,9.36
AC104794.4,lncRNA,0.39,0.24,1.63,6.33,5.96,6.85
AC104794.5,lncRNA,0.08,0.1,0.08,0.1,0.57,1.09
AC104803.1,lncRNA,0.0,0.0,0.0,1.0,0.2,1.0
AC104806.2,lncRNA,7.31,2.96,1.1,3.27,9.68,11.51
AC104809.1,lncRNA,1.48,2.37,3.3,1.25,9.88,13.25
AC104819.3,lncRNA,0.0,0.11,0.06,0.0,1.12,0.0
AC104823.1,lncRNA,1.39,1.13,1.31,6.72,2.06,2.82
AC104825.1,lncRNA,1.0,1.11,0.86,4.11,7.85,9.76
AC104831.1,lncRNA,0.0,0.22,0.0,4.0,0.0,2.03
AC104836.1,lncRNA,0.45,0.5,0.0,10.33,0.17,1.27
AC104841.1,lncRNA,0.0,2.0,0.0,0.0,1.2,0.93
AC104850.2,lncRNA,0.5,0.0,0.5,0.0,3.03,3.05
AC104938.1,lncRNA,6.5,2.5,0.26,1.4,4.97,2.28
AC104958.1,lncRNA,1.31,1.87,2.72,5.04,7.82,11.76
AC104958.2,lncRNA,1.26,5.35,3.68,0.44,9.96,11.06
AC104961.1,lncRNA,0.33,0.0,1.83,2.0,3.62,5.72
AC104964.1,lncRNA,0.46,0.0,0.57,1.0,1.56,1.69
AC104964.2,lncRNA,0.9,0.83,2.52,2.42,12.83,9.92
AC104964.3,lncRNA,0.54,5.04,1.99,0.93,27.13,18.96
AC104971.1,lncRNA,1.06,0.43,2.7,14.48,5.99,8.97
AC104971.2,lncRNA,0.0,0.0,0.0,0.0,0.2,1.0
AC104971.3,lncRNA,0.0,0.0,0.17,0.0,0.0,0.0
AC104982.2,lncRNA,0.18,5.27,0.0,1.93,0.22,0.28
AC104984.1,lncRNA,0.5,9.0,0.15,1.33,0.58,0.58
AC104984.2,lncRNA,0.04,0.0,0.05,0.0,0.17,0.09
AC104984.3,lncRNA,0.0,0.33,0.33,1.8,0.0,0.44
AC104984.4,lncRNA,0.0,0.0,0.0,0.0,0.28,0.61
AC104984.5,lncRNA,1.0,0.0,0.0,1.0,0.67,1.67
AC104985.1,lncRNA,0.36,0.81,3.94,1.08,7.21,4.52
AC104985.2,lncRNA,0.0,0.0,1.5,2.0,3.0,1.73
AC104996.1,lncRNA,0.22,0.0,0.0,1.07,0.56,0.0
AC105001.1,lncRNA,3.21,0.28,0.75,3.62,7.62,11.23
AC105020.1,lncRNA,0.33,2.47,3.11,2.09,12.27,3.94
AC105020.2,lncRNA,15.33,18.1,43.64,24.12,616.5,585.64
AC105020.3,lncRNA,3.4,1.65,1.0,0.75,1.86,1.55
AC105020.4,lncRNA,0.11,0.11,0.64,0.58,2.01,0.81
AC105020.5,lncRNA,0.0,0.75,1.2,0.5,1.58,1.98
AC105020.6,lncRNA,2.65,6.24,5.72,5.56,13.26,9.94
AC105031.2,lncRNA,0.2,0.0,0.15,0.81,1.19,1.42
AC105036.3,lncRNA,0.2,0.64,0.06,0.25,1.32,0.0
AC105046.1,lncRNA,11.48,15.75,13.99,15.73,112.97,139.02
AC105046.2,lncRNA,5.64,0.92,4.83,14.06,12.5,18.99
AC105052.4,lncRNA,2.19,6.66,0.64,0.08,0.88,3.67
AC105052.5,lncRNA,0.89,1.01,4.9,2.67,2.19,3.66
AC105053.1,lncRNA,0.79,0.3,4.17,0.53,2.51,3.14
AC105094.1,lncRNA,1.56,5.6,1.03,1.36,0.35,0.42
AC105094.2,lncRNA,3.5,0.0,0.0,0.89,2.34,0.3
AC105101.2,lncRNA,1.68,2.92,5.68,1.43,7.77,9.98
AC105105.1,lncRNA,0.88,0.58,2.05,1.9,1.61,1.59
AC105105.2,lncRNA,0.33,0.0,0.11,0.08,1.17,1.51
AC105105.3,lncRNA,0.11,0.12,0.12,0.25,5.81,5.08
AC105105.4,lncRNA,3.27,1.26,0.55,5.37,26.7,13.23
AC105114.2,lncRNA,0.0,0.47,2.41,0.12,5.28,4.33
AC105118.1,lncRNA,0.0,1.11,0.46,1.0,1.53,0.5
AC105133.1,lncRNA,0.0,0.2,0.31,2.5,2.35,5.0
AC105137.2,lncRNA,5.44,2.65,11.79,6.29,49.77,52.41
AC105150.1,lncRNA,2.83,2.0,0.57,5.91,2.22,4.43
AC105177.1,lncRNA,0.09,0.0,0.0,1.0,0.0,0.0
AC105180.1,lncRNA,0.0,0.11,0.5,0.25,0.4,0.07
AC105180.2,lncRNA,0.27,1.41,1.3,0.88,1.81,2.19
AC105206.1,lncRNA,0.31,1.04,1.95,0.57,3.56,2.83
AC105206.2,lncRNA,0.87,0.1,0.31,0.2,12.42,7.34
AC105206.3,lncRNA,0.52,8.01,2.23,2.1,7.09,7.45
AC105213.1,lncRNA,0.87,2.25,1.23,1.34,7.23,9.23
AC105219.1,lncRNA,0.34,0.21,3.57,0.81,1.74,2.83
AC105219.2,lncRNA,0.0,0.0,0.0,0.12,0.37,0.49
AC105219.3,lncRNA,3.66,4.29,1.28,2.77,5.39,7.32
AC105227.1,lncRNA,0.08,0.0,0.0,0.0,1.25,0.0
AC105230.1,lncRNA,0.16,0.49,0.25,0.0,5.58,1.11
AC105233.4,lncRNA,2.52,7.57,2.93,9.64,13.89,10.33
AC105254.1,lncRNA,4.06,7.06,0.44,3.17,11.22,7.71
AC105265.2,lncRNA,0.0,0.12,0.5,0.0,1.24,1.13
AC105265.3,lncRNA,0.0,0.0,0.0,0.0,0.94,0.61
AC105271.1,lncRNA,6.09,0.5,0.0,1.09,1.17,0.38
AC105275.1,lncRNA,0.0,0.0,0.0,0.0,1.34,1.04
AC105275.2,lncRNA,0.0,0.31,0.0,0.0,2.02,2.16
AC105285.1,lncRNA,4.43,5.18,13.31,8.91,26.52,22.04
AC105290.1,lncRNA,1.79,0.0,0.29,0.0,0.71,1.74
AC105328.1,lncRNA,4.38,4.24,15.32,3.03,16.63,12.35
AC105339.2,lncRNA,24.18,14.99,12.38,7.53,38.12,33.51
AC105339.3,lncRNA,0.26,0.56,0.11,1.25,0.56,0.35
AC105339.6,lncRNA,2.06,1.56,1.4,1.33,3.5,3.52
AC105343.1,lncRNA,0.2,0.0,0.0,0.0,2.5,0.62
AC105343.2,lncRNA,0.0,1.0,0.0,2.0,2.11,2.39
AC105345.1,lncRNA,4.54,6.05,1.5,3.58,14.08,11.44
AC105345.2,lncRNA,1.0,0.43,2.0,1.08,5.3,3.48
AC105362.1,lncRNA,0.17,0.0,0.0,0.0,1.23,3.06
AC105383.1,lncRNA,5.33,6.24,1.05,4.81,20.89,21.87
AC105384.1,lncRNA,0.0,0.0,1.0,2.0,0.62,0.54
AC105389.1,lncRNA,0.35,0.0,0.0,2.08,0.98,1.29
AC105389.2,lncRNA,0.0,0.0,0.0,0.2,0.35,0.95
AC105390.1,lncRNA,0.63,0.17,3.0,1.0,5.04,6.03
AC105393.1,lncRNA,2.2,3.67,2.75,2.95,4.21,3.45
AC105393.2,lncRNA,0.08,0.0,1.07,1.0,0.5,0.72
AC105398.1,lncRNA,1.81,0.45,0.36,1.0,4.09,5.24
AC105402.1,lncRNA,7.57,1.16,21.8,9.22,69.72,45.09
AC105411.1,lncRNA,4.75,16.47,5.16,7.37,14.39,17.19
AC105415.1,lncRNA,21.66,9.33,0.58,6.58,32.88,9.51
AC105429.1,lncRNA,6.03,1.01,5.43,5.11,12.81,11.73
AC105430.1,lncRNA,0.06,0.29,0.0,0.05,0.93,0.4
AC105445.1,lncRNA,0.05,5.67,21.49,4.09,0.39,1.27
AC105450.1,lncRNA,1.57,0.33,1.67,0.9,10.29,10.41
AC105460.1,lncRNA,0.0,0.5,2.0,0.05,4.45,1.72
AC105460.2,lncRNA,0.11,0.0,0.2,0.2,0.56,1.63
AC105760.1,lncRNA,1.33,0.25,0.32,2.0,5.11,3.98
AC105914.2,lncRNA,0.5,0.0,0.0,0.0,0.44,0.2
AC105916.1,lncRNA,0.12,0.27,0.33,0.0,3.53,1.94
AC105924.1,lncRNA,0.11,0.0,1.0,0.0,0.17,1.34
AC105935.1,lncRNA,2.43,4.1,3.4,0.75,3.69,4.02
AC105935.2,lncRNA,0.27,1.0,0.65,0.6,3.38,2.44
AC105940.1,lncRNA,2.95,2.75,5.02,6.66,0.63,0.81
AC105940.2,lncRNA,0.12,0.2,3.1,3.19,11.37,8.17
AC105941.1,lncRNA,0.0,0.0,0.48,0.07,0.35,2.5
AC105999.1,lncRNA,0.85,1.44,1.95,2.79,6.81,2.71
AC106017.1,lncRNA,0.0,0.34,0.58,0.06,1.03,1.1
AC106017.2,lncRNA,0.17,1.33,0.17,0.68,2.65,1.87
AC106028.2,lncRNA,0.0,0.0,0.0,0.0,0.17,0.62
AC106028.3,lncRNA,3.0,0.07,0.2,0.57,0.91,1.79
AC106028.4,lncRNA,0.12,0.38,0.27,0.88,4.13,4.03
AC106037.2,lncRNA,0.0,1.0,0.0,0.06,0.0,0.0
AC106037.3,lncRNA,0.13,0.0,0.42,0.41,1.9,0.84
AC106038.1,lncRNA,5.14,5.58,9.65,10.42,17.04,16.32
AC106045.1,lncRNA,0.11,0.33,0.53,0.0,2.19,3.13
AC106052.1,lncRNA,0.0,0.0,0.0,1.0,0.0,0.0
AC106053.1,lncRNA,0.0,0.0,0.0,0.0,0.11,0.09
AC106706.1,lncRNA,7.21,6.53,3.29,2.59,5.95,8.82
AC106706.2,lncRNA,0.25,0.07,0.0,0.0,0.25,1.68
AC106707.1,lncRNA,1.27,1.54,0.97,0.17,3.43,5.4
AC106712.1,lncRNA,1.0,1.67,0.03,1.03,1.06,1.59
AC106719.1,lncRNA,0.0,0.0,4.58,1.17,0.29,0.2
AC106729.1,lncRNA,0.0,0.45,0.25,0.0,0.79,1.4
AC106730.1,lncRNA,0.0,0.0,0.07,0.0,0.18,0.59
AC106736.1,lncRNA,4.56,2.9,5.07,1.86,3.88,5.11
AC106738.1,lncRNA,1.0,0.33,0.2,0.0,5.83,1.89
AC106738.2,lncRNA,4.45,1.25,4.42,0.9,14.48,9.95
AC106739.1,lncRNA,0.07,0.23,3.13,0.69,7.85,6.31
AC106742.1,lncRNA,0.0,0.0,0.0,0.07,0.6,0.52
AC106743.1,lncRNA,1.05,0.0,1.24,2.0,7.82,2.14
AC106744.1,lncRNA,0.0,1.75,1.0,0.33,3.36,2.65
AC106744.2,lncRNA,0.08,2.08,0.24,0.34,3.28,0.25
AC106745.1,lncRNA,0.0,0.0,0.17,0.0,0.68,1.0
AC106754.1,lncRNA,0.0,0.0,0.0,0.0,2.76,1.15
AC106771.1,lncRNA,0.11,0.33,0.0,0.83,0.05,0.35
AC106772.1,lncRNA,0.0,0.2,1.1,0.5,4.1,1.23
AC106772.2,lncRNA,1.19,3.02,4.49,1.68,57.28,52.6
AC106779.1,lncRNA,5.08,1.4,4.91,3.26,7.61,7.32
AC106782.5,lncRNA,0.08,0.28,0.94,2.16,2.47,1.67
AC106785.2,lncRNA,0.5,0.5,0.0,0.0,1.65,2.43
AC106786.1,lncRNA,9.48,7.99,18.62,10.57,15.6,12.12
AC106791.1,lncRNA,3.68,13.85,4.89,8.54,21.18,21.98
AC106791.2,lncRNA,0.0,0.14,0.2,0.12,0.83,0.14
AC106793.1,lncRNA,2.07,2.87,1.31,5.03,13.5,10.44
AC106795.2,lncRNA,11.43,21.34,7.76,15.38,26.54,38.06
AC106795.3,lncRNA,1.17,1.33,4.2,1.78,7.23,5.72
AC106795.5,lncRNA,0.0,0.0,0.33,0.67,0.46,0.2
AC106796.1,lncRNA,0.15,0.2,0.05,0.0,1.66,0.27
AC106798.1,lncRNA,0.0,0.6,0.0,0.0,0.79,4.04
AC106799.1,lncRNA,3.47,0.45,3.2,0.78,7.97,8.79
AC106799.2,lncRNA,2.39,0.28,0.33,1.06,7.17,6.29
AC106799.3,lncRNA,3.24,7.15,5.47,4.02,8.91,11.41
AC106801.1,lncRNA,1.0,0.49,0.95,6.43,1.5,4.9
AC106818.2,lncRNA,0.0,4.0,0.48,2.0,3.28,3.1
AC106820.2,lncRNA,8.55,11.86,15.67,7.57,32.63,24.02
AC106820.3,lncRNA,0.0,1.25,2.37,1.59,0.36,2.33
AC106820.4,lncRNA,8.04,6.99,16.12,8.42,31.5,23.91
AC106820.5,lncRNA,0.12,0.0,0.93,0.0,1.74,2.97
AC106820.6,lncRNA,0.08,0.25,1.42,0.58,9.59,5.88
AC106821.1,lncRNA,0.0,0.0,3.0,0.72,3.72,1.4
AC106821.2,lncRNA,0.05,0.47,0.47,1.0,4.18,5.11
AC106822.1,lncRNA,0.06,0.0,0.0,0.0,0.12,1.48
AC106845.1,lncRNA,4.78,2.37,8.19,4.02,28.95,24.47
AC106858.1,lncRNA,0.0,0.23,0.2,0.5,0.0,0.0
AC106864.1,lncRNA,3.07,5.12,1.31,2.79,0.15,0.05
AC106865.2,lncRNA,0.58,0.0,0.12,0.0,2.14,0.89
AC106870.1,lncRNA,0.0,0.0,0.0,0.0,0.17,1.64
AC106870.2,lncRNA,0.25,0.11,0.15,0.6,1.06,2.01
AC106870.3,lncRNA,0.0,0.0,0.0,0.0,0.85,1.35
AC106871.1,lncRNA,0.0,1.17,0.37,0.5,5.25,3.04
AC106872.12,lncRNA,2.35,4.34,0.95,1.92,2.77,7.07
AC106872.9,lncRNA,0.0,3.2,0.64,0.45,3.96,7.65
AC106873.1,lncRNA,0.0,0.0,0.0,0.07,0.64,1.17
AC106874.1,lncRNA,0.0,0.32,0.2,1.0,1.55,3.7
AC106875.1,lncRNA,0.4,0.58,1.6,2.12,2.38,1.78
AC106875.2,lncRNA,0.0,0.0,0.0,0.2,0.07,0.36
AC106876.1,lncRNA,0.0,0.17,0.23,0.0,3.84,3.97
AC106881.1,lncRNA,1.84,6.48,3.55,4.95,30.63,26.63
AC106882.1,lncRNA,2.36,1.54,1.07,0.36,3.43,5.68
AC106886.2,lncRNA,0.55,1.92,1.55,1.47,4.76,4.96
AC106886.3,lncRNA,0.0,0.0,0.0,0.3,1.57,0.7
AC106892.1,lncRNA,0.0,1.67,0.87,1.79,0.18,0.13
AC106894.1,lncRNA,0.0,0.0,0.83,0.5,3.21,0.75
AC106895.1,lncRNA,52.15,128.9,111.8,94.95,772.71,1221.67
AC106895.2,lncRNA,4.08,0.97,0.83,1.71,8.61,6.7
AC106897.1,lncRNA,7.05,7.62,3.1,5.9,22.17,24.86
AC106900.1,lncRNA,1.0,1.5,1.39,0.0,0.33,0.7
AC107021.1,lncRNA,0.57,0.25,1.5,0.0,1.5,0.62
AC107021.2,lncRNA,2.0,4.5,0.05,1.83,5.7,9.29
AC107023.1,lncRNA,0.0,0.0,0.07,0.0,0.2,1.0
AC107027.1,lncRNA,0.47,0.33,0.77,0.8,4.56,2.7
AC107027.3,lncRNA,2.25,0.67,0.54,1.36,6.52,3.46
AC107029.1,lncRNA,1.37,2.72,1.99,2.49,5.07,5.49
AC107029.2,lncRNA,7.74,5.03,11.17,22.68,111.08,192.36
AC107031.1,lncRNA,0.0,0.0,1.08,0.0,1.14,0.95
AC107032.2,lncRNA,0.0,0.0,0.0,0.0,0.32,0.1
AC107032.3,lncRNA,0.07,0.0,0.31,4.0,1.05,0.75
AC107050.1,lncRNA,1.0,0.0,0.07,1.33,1.17,2.19
AC107057.1,lncRNA,0.12,1.06,3.74,0.76,1.55,2.36
AC107067.1,lncRNA,1.17,2.11,0.83,0.25,2.84,3.89
AC107067.2,lncRNA,0.25,0.66,0.2,0.06,0.66,0.78
AC107068.1,lncRNA,4.58,0.53,0.18,0.38,8.68,4.49
AC107068.2,lncRNA,1.07,3.56,0.49,3.07,1.88,3.14
AC107071.1,lncRNA,0.0,0.2,0.16,0.0,3.76,5.72
AC107072.1,lncRNA,0.2,0.0,0.2,0.0,0.2,1.2
AC107074.1,lncRNA,2.33,8.21,1.25,3.06,5.67,2.36
AC107079.1,lncRNA,0.11,0.0,0.0,0.67,0.55,1.43
AC107081.1,lncRNA,1.75,1.1,0.0,0.0,0.68,3.83
AC107081.3,lncRNA,0.0,3.2,1.5,0.0,0.2,1.0
AC107208.1,lncRNA,0.0,1.09,5.0,0.11,1.11,3.15
AC107214.1,lncRNA,2.84,2.63,2.14,3.82,4.1,4.61
AC107214.2,lncRNA,0.0,0.0,0.0,0.11,0.0,0.2
AC107220.1,lncRNA,0.0,0.12,0.33,4.0,0.71,0.26
AC107222.2,lncRNA,1.34,2.86,2.36,12.47,38.47,26.38
AC107223.1,lncRNA,25.81,55.33,19.79,43.07,44.61,54.52
AC107241.1,lncRNA,0.0,0.0,0.33,1.07,3.25,1.12
AC107294.1,lncRNA,0.5,0.0,0.11,0.0,0.8,2.33
AC107294.2,lncRNA,2.61,5.21,2.5,3.53,8.15,12.97
AC107294.3,lncRNA,0.1,0.0,0.0,0.0,0.39,1.08
AC107294.4,lncRNA,0.25,0.5,1.8,5.67,3.48,2.7
AC107302.2,lncRNA,0.0,0.0,0.06,0.06,1.58,2.43
AC107308.1,lncRNA,0.06,0.14,0.0,0.33,0.0,0.0
AC107373.1,lncRNA,0.45,1.0,0.54,0.38,2.08,3.64
AC107373.2,lncRNA,0.43,0.33,1.31,0.67,5.05,2.9
AC107373.3,lncRNA,1.07,1.45,2.97,7.53,11.18,8.08
AC107375.1,lncRNA,0.6,2.05,0.08,2.73,7.94,11.87
AC107391.1,lncRNA,0.0,2.1,0.75,0.71,1.61,3.06
AC107396.1,lncRNA,0.16,0.0,0.0,0.0,0.07,0.0
AC107398.2,lncRNA,0.0,0.0,0.03,0.5,0.33,0.06
AC107398.3,lncRNA,3.13,15.49,18.39,18.7,47.02,62.56
AC107398.4,lncRNA,0.46,0.29,1.81,2.29,5.44,3.8
AC107398.5,lncRNA,0.88,1.44,2.63,3.93,1.67,3.53
AC107419.1,lncRNA,0.14,3.17,1.77,2.9,16.62,20.63
AC107463.1,lncRNA,0.5,0.08,0.58,2.33,1.65,0.85
AC107464.1,lncRNA,0.0,0.0,0.0,1.2,3.06,2.93
AC107464.2,lncRNA,0.73,1.5,0.83,1.0,3.36,1.65
AC107871.2,lncRNA,0.7,1.3,1.92,1.47,2.96,1.28
AC107881.1,lncRNA,0.0,1.06,0.92,0.0,3.47,8.06
AC107882.1,lncRNA,1.0,4.17,0.0,1.0,6.74,1.28
AC107884.1,lncRNA,9.52,20.86,16.91,19.48,42.17,36.56
AC107884.2,lncRNA,0.0,0.0,0.0,0.0,1.31,3.7
AC107886.1,lncRNA,0.0,0.62,0.0,0.66,0.25,0.19
AC107892.1,lncRNA,2.34,1.26,5.56,0.58,43.79,40.27
AC107896.1,lncRNA,0.07,1.03,1.69,0.32,3.01,2.9
AC107905.1,lncRNA,2.5,0.0,0.0,0.33,1.14,0.5
AC107909.1,lncRNA,1.5,0.11,3.57,0.0,0.62,0.62
AC107909.2,lncRNA,0.12,4.0,0.0,0.0,0.08,0.2
AC107918.5,lncRNA,0.33,0.0,0.14,0.14,0.07,0.75
AC107918.6,lncRNA,1.05,0.7,0.11,0.0,1.06,1.26
AC107926.1,lncRNA,0.54,4.78,1.65,2.25,1.18,0.95
AC107952.2,lncRNA,0.0,0.0,0.0,0.0,0.0,0.58
AC107953.2,lncRNA,0.12,0.0,0.12,0.0,1.03,1.56
AC107958.2,lncRNA,2.0,4.33,0.0,0.14,0.0,0.4
AC107958.3,lncRNA,0.0,0.15,0.5,0.0,3.57,1.53
AC107959.1,lncRNA,6.03,5.34,9.82,5.16,29.1,28.51
AC107959.2,lncRNA,2.99,2.84,3.33,4.98,15.94,16.68
AC107959.3,lncRNA,0.12,0.0,0.05,0.21,0.4,1.2
AC107959.4,lncRNA,0.54,0.7,4.84,6.74,7.25,12.02
AC107973.1,lncRNA,0.0,0.0,0.0,0.0,0.05,0.0
AC107976.1,lncRNA,1.45,4.37,1.25,1.25,8.54,10.15
AC107980.1,lncRNA,0.42,4.43,0.75,0.78,15.64,13.32
AC107982.2,lncRNA,0.0,0.27,0.0,8.0,0.65,0.18
AC107982.3,lncRNA,1.93,0.1,0.0,0.0,1.4,1.05
AC107993.1,lncRNA,2.0,6.2,0.53,0.93,2.3,2.62
AC108002.1,lncRNA,0.86,3.0,1.06,0.77,6.37,9.17
AC108002.2,lncRNA,0.33,0.2,0.2,0.22,3.0,2.5
AC108010.1,lncRNA,1.89,1.24,1.61,1.77,1.73,2.5
AC108019.2,lncRNA,3.07,1.6,1.07,2.06,19.5,15.56
AC108021.1,lncRNA,0.08,1.05,0.05,0.39,0.3,1.17
AC108025.1,lncRNA,0.17,0.5,0.19,3.5,4.87,3.65
AC108037.1,lncRNA,0.0,0.0,0.0,0.0,0.07,0.0
AC108046.1,lncRNA,0.0,0.0,0.76,2.17,0.99,0.65
AC108047.1,lncRNA,2.88,5.14,0.0,0.33,8.26,4.87
AC108050.1,lncRNA,0.84,0.81,2.36,3.83,15.77,13.31
AC108051.1,lncRNA,0.0,0.09,0.0,0.0,1.0,0.2
AC108052.1,lncRNA,2.33,0.43,1.1,1.2,0.82,2.35
AC108053.1,lncRNA,5.19,1.09,0.26,4.61,7.19,8.77
AC108057.1,lncRNA,0.0,0.27,0.0,0.0,2.02,0.67
AC108058.1,lncRNA,0.89,0.33,1.44,2.4,10.15,9.57
AC108063.1,lncRNA,0.0,0.0,0.5,0.0,0.5,0.5
AC108063.2,lncRNA,0.6,0.71,2.57,0.92,5.64,6.09
AC108066.1,lncRNA,0.0,0.0,0.33,0.0,0.0,0.58
AC108066.2,lncRNA,6.77,5.11,8.98,12.35,34.81,34.0
AC108067.1,lncRNA,0.0,1.0,0.0,3.0,1.0,1.33
AC108073.3,lncRNA,8.3,16.63,4.15,4.32,9.09,9.67
AC108075.1,lncRNA,0.0,0.0,0.77,0.0,2.05,1.85
AC108097.1,lncRNA,2.0,0.33,0.0,0.0,0.2,0.0
AC108099.1,lncRNA,1.42,9.27,0.11,3.5,3.35,4.48
AC108102.1,lncRNA,0.0,0.4,1.03,1.28,1.71,2.17
AC108105.1,lncRNA,1.0,4.72,11.0,8.58,3.08,6.39
AC108112.1,lncRNA,0.83,0.0,1.06,0.0,2.72,3.28
AC108125.1,lncRNA,0.0,0.0,0.0,0.74,1.15,0.17
AC108134.1,lncRNA,9.87,2.99,11.07,4.57,109.64,101.45
AC108134.2,lncRNA,53.6,16.16,182.38,24.47,69.91,78.75
AC108134.3,lncRNA,2.68,3.08,5.47,6.53,23.05,33.86
AC108134.4,lncRNA,0.59,0.0,0.0,0.0,1.89,1.5
AC108136.1,lncRNA,3.0,0.12,0.0,0.0,1.09,0.0
AC108142.1,lncRNA,0.0,1.83,0.32,1.62,4.11,1.99
AC108156.1,lncRNA,0.33,2.67,0.0,0.0,0.3,1.26
AC108159.1,lncRNA,0.07,0.0,0.0,0.33,0.77,0.78
AC108168.1,lncRNA,0.0,0.0,0.0,2.53,0.29,0.2
AC108169.1,lncRNA,1.96,1.45,0.66,4.66,9.65,10.74
AC108174.1,lncRNA,0.0,0.42,0.14,0.0,1.21,0.31
AC108199.1,lncRNA,0.0,0.0,1.0,1.0,0.14,0.38
AC108206.1,lncRNA,3.51,1.2,0.69,0.65,14.96,10.27
AC108210.1,lncRNA,1.0,0.54,1.09,1.52,2.73,6.52
AC108448.1,lncRNA,0.0,0.0,0.0,0.0,0.5,0.08
AC108448.3,lncRNA,2.95,1.82,3.55,0.81,13.66,12.1
AC108449.1,lncRNA,0.62,0.28,0.19,0.04,1.24,1.36
AC108449.2,lncRNA,2.59,10.47,3.26,1.68,66.48,55.86
AC108449.3,lncRNA,0.39,0.07,0.67,0.47,0.41,2.02
AC108451.1,lncRNA,0.26,0.0,0.06,2.0,1.64,3.05
AC108451.2,lncRNA,0.19,0.0,3.0,0.0,0.89,0.74
AC108452.1,lncRNA,2.5,0.33,0.0,2.0,4.84,1.33
AC108457.1,lncRNA,0.07,1.87,2.73,4.68,2.36,1.84
AC108462.1,lncRNA,0.0,0.5,0.0,3.25,1.7,3.24
AC108463.2,lncRNA,0.0,0.06,0.0,0.0,0.56,0.89
AC108463.3,lncRNA,0.13,0.0,0.0,0.0,1.9,0.44
AC108467.1,lncRNA,0.0,0.1,0.06,0.06,1.14,0.46
AC108471.2,lncRNA,2.5,2.05,1.98,10.85,11.71,23.38
AC108471.3,lncRNA,0.3,4.95,0.48,1.49,1.94,0.55
AC108472.1,lncRNA,2.42,0.25,1.83,0.8,3.45,2.12
AC108477.1,lncRNA,0.0,0.0,0.58,0.17,1.09,1.03
AC108477.2,lncRNA,0.0,3.0,0.17,0.0,0.77,1.17
AC108479.1,lncRNA,0.92,2.44,4.3,0.55,15.24,8.2
AC108482.1,lncRNA,4.09,3.33,0.0,2.0,1.96,5.61
AC108482.2,lncRNA,0.0,0.0,0.2,0.0,0.67,1.92
AC108488.1,lncRNA,0.24,0.21,0.29,0.5,1.11,2.26
AC108488.3,lncRNA,3.97,7.43,4.06,4.73,25.77,17.16
AC108515.1,lncRNA,0.06,0.0,0.0,0.0,0.0,3.64
AC108516.1,lncRNA,0.0,0.0,0.0,1.0,1.28,0.68
AC108516.2,lncRNA,9.2,17.01,3.42,6.38,3.16,3.13
AC108517.1,lncRNA,0.0,0.0,0.06,0.0,0.14,0.38
AC108517.2,lncRNA,0.42,0.5,0.0,0.39,2.73,1.93
AC108519.1,lncRNA,3.59,2.33,7.51,6.44,42.52,40.45
AC108667.2,lncRNA,0.5,2.18,0.45,0.21,7.44,7.85
AC108673.2,lncRNA,0.44,0.5,0.3,0.0,4.34,0.71
AC108673.3,lncRNA,0.0,0.33,0.0,2.0,1.12,1.0
AC108676.1,lncRNA,4.43,5.42,1.38,5.76,7.52,6.84
AC108681.1,lncRNA,0.48,0.11,0.7,0.2,1.34,4.23
AC108690.1,lncRNA,58.0,401.37,186.42,257.96,137.13,224.95
AC108693.2,lncRNA,5.5,3.85,2.23,22.0,2.42,4.07
AC108704.1,lncRNA,0.0,0.0,0.2,1.0,5.51,4.46
AC108718.1,lncRNA,0.22,1.0,0.0,2.1,0.27,1.33
AC108721.1,lncRNA,0.0,0.0,0.33,0.0,1.08,1.05
AC108721.2,lncRNA,1.82,7.47,2.27,7.9,12.04,10.36
AC108727.1,lncRNA,0.0,0.38,0.29,0.0,0.0,0.0
AC108727.2,lncRNA,0.0,0.0,0.0,0.06,1.73,1.31
AC108733.1,lncRNA,0.34,5.35,2.25,0.11,9.22,3.89
AC108734.3,lncRNA,0.86,1.06,2.42,1.25,5.48,2.4
AC108747.1,lncRNA,0.0,0.0,0.0,0.0,0.12,0.62
AC108749.1,lncRNA,2.31,9.37,8.9,4.56,36.8,37.26
AC108751.3,lncRNA,0.0,0.33,0.33,1.21,0.55,2.29
AC108752.1,lncRNA,6.88,15.21,250.02,16.85,100.23,100.41
AC108860.2,lncRNA,5.97,5.64,11.35,3.07,29.92,25.43
AC108861.1,lncRNA,0.0,0.0,0.52,2.0,3.34,0.73
AC108863.1,lncRNA,0.33,3.0,0.0,1.0,0.53,1.41
AC108865.1,lncRNA,0.17,0.2,0.0,0.0,0.25,0.25
AC108865.2,lncRNA,0.4,0.0,0.2,0.0,2.18,1.75
AC108868.1,lncRNA,0.0,0.0,0.0,0.25,1.42,0.7
AC108868.2,lncRNA,3.01,1.97,0.5,0.37,2.7,2.22
AC108879.1,lncRNA,0.47,0.77,0.53,2.07,1.25,3.17
AC108925.1,lncRNA,1.41,6.65,3.82,5.18,4.95,11.74
AC108935.1,lncRNA,0.0,0.14,0.0,0.0,6.31,9.67
AC109129.1,lncRNA,0.0,3.5,1.0,0.0,3.18,1.0
AC109131.1,lncRNA,0.7,0.33,0.33,0.07,1.52,0.8
AC109133.1,lncRNA,3.25,1.66,2.93,1.26,18.49,8.81
AC109136.1,lncRNA,0.75,0.38,0.83,0.58,14.72,12.08
AC109309.1,lncRNA,0.0,1.67,2.96,3.08,7.62,4.97
AC109322.1,lncRNA,1.12,1.61,7.07,0.64,16.09,13.59
AC109322.2,lncRNA,4.21,3.72,5.69,6.09,34.89,38.01
AC109347.1,lncRNA,0.32,1.95,0.83,1.07,4.91,9.06
AC109347.2,lncRNA,0.0,0.0,0.0,1.0,0.0,0.09
AC109349.1,lncRNA,0.53,0.14,0.18,0.5,3.58,1.81
AC109361.1,lncRNA,0.6,0.64,0.37,0.1,7.18,4.85
AC109361.2,lncRNA,0.0,0.0,1.0,1.5,3.58,2.44
AC109439.1,lncRNA,0.85,0.27,0.4,1.2,2.57,1.47
AC109441.1,lncRNA,1.29,1.2,2.13,0.47,34.43,21.51
AC109446.2,lncRNA,0.17,0.0,3.28,0.0,0.18,1.2
AC109449.1,lncRNA,0.0,1.65,2.1,2.25,3.32,5.5
AC109454.2,lncRNA,0.2,1.8,2.98,2.51,67.55,52.62
AC109454.3,lncRNA,0.12,0.0,2.5,2.83,7.12,5.3
AC109458.2,lncRNA,0.0,9.26,0.33,0.0,0.2,2.5
AC109460.1,lncRNA,1.78,2.83,2.05,3.45,10.36,10.44
AC109460.2,lncRNA,4.94,12.33,1.49,5.64,4.64,7.87
AC109460.3,lncRNA,5.81,2.72,5.22,3.23,23.21,21.91
AC109460.4,lncRNA,0.0,0.0,0.0,0.0,0.2,0.08
AC109462.1,lncRNA,0.0,0.0,0.0,0.1,0.8,0.0
AC109462.2,lncRNA,1.0,1.62,2.01,2.62,4.58,2.05
AC109462.3,lncRNA,0.0,0.0,0.1,1.33,0.89,0.25
AC109464.1,lncRNA,0.0,0.0,0.12,0.07,2.26,0.09
AC109464.2,lncRNA,0.0,0.35,0.43,0.1,0.38,0.81
AC109466.1,lncRNA,86.39,47.44,241.64,88.72,781.55,819.98
AC109471.1,lncRNA,0.0,0.0,0.0,0.0,0.0,0.29
AC109472.1,lncRNA,0.0,0.0,0.0,0.43,1.08,0.24
AC109479.1,lncRNA,0.36,0.42,0.08,0.27,1.62,2.5
AC109479.3,lncRNA,0.06,0.42,0.2,0.0,1.35,2.17
AC109492.1,lncRNA,0.0,0.48,0.67,0.06,0.88,1.98
AC109495.1,lncRNA,0.0,0.0,0.0,8.0,0.59,7.66
AC109517.1,lncRNA,1.17,0.89,0.62,0.08,1.37,2.87
AC109583.4,lncRNA,1.51,1.17,0.99,2.21,7.71,6.17
AC109587.1,lncRNA,0.55,2.23,0.68,2.39,10.06,5.27
AC109597.1,lncRNA,0.89,1.98,1.61,1.16,2.99,1.35
AC109597.2,lncRNA,0.0,1.0,0.59,0.5,1.61,1.93
AC109630.1,lncRNA,4.5,12.0,6.02,10.59,25.92,31.93
AC109635.4,lncRNA,22.2,17.25,23.94,16.06,25.76,28.59
AC109635.5,lncRNA,0.0,0.0,0.32,0.14,2.35,1.39
AC109642.1,lncRNA,0.25,0.0,1.17,0.12,4.33,1.15
AC109782.1,lncRNA,8.23,4.34,8.06,4.67,54.56,35.37
AC109809.1,lncRNA,0.0,0.33,0.0,0.0,0.5,1.12
AC109811.1,lncRNA,1.25,0.5,0.08,2.46,6.23,4.91
AC109824.1,lncRNA,0.0,0.25,0.0,0.0,0.75,0.99
AC109925.1,lncRNA,0.33,0.95,1.33,1.94,3.24,5.74
AC109927.1,lncRNA,0.0,0.5,0.09,0.0,2.64,2.27
AC109927.2,lncRNA,0.0,0.0,0.0,0.0,0.07,0.05
AC109992.2,lncRNA,0.61,0.0,0.17,1.05,1.11,0.3
AC110011.1,lncRNA,1.11,0.56,0.3,3.33,7.27,7.81
AC110014.1,lncRNA,0.06,0.26,0.27,0.2,1.21,0.51
AC110015.1,lncRNA,0.15,0.25,0.2,0.42,1.47,0.84
AC110023.1,lncRNA,0.59,0.0,1.06,0.5,0.42,1.25
AC110048.2,lncRNA,1.37,3.81,4.6,6.25,13.96,12.64
AC110058.1,lncRNA,4.09,2.96,4.93,4.37,9.8,4.22
AC110285.1,lncRNA,5.41,4.79,5.13,2.61,19.16,16.85
AC110285.2,lncRNA,13.57,31.18,15.72,13.26,133.18,192.99
AC110285.3,lncRNA,1.73,100.93,4.86,4.83,42.83,95.9
AC110285.4,lncRNA,0.12,0.6,1.27,0.28,1.34,1.09
AC110285.5,lncRNA,0.58,0.34,0.33,4.2,5.87,3.86
AC110288.1,lncRNA,1.0,0.17,1.29,0.0,2.06,0.49
AC110296.1,lncRNA,0.0,0.0,0.0,1.0,1.49,0.17
AC110491.1,lncRNA,2.62,4.42,2.12,1.5,2.47,3.6
AC110491.2,lncRNA,0.0,0.0,0.0,0.0,0.08,0.0
AC110491.3,lncRNA,0.14,0.19,0.08,0.08,5.03,3.59
AC110597.1,lncRNA,0.38,0.53,2.84,0.53,8.46,5.35
AC110597.3,lncRNA,2.16,0.83,1.55,0.74,11.84,16.57
AC110603.1,lncRNA,0.0,2.06,0.0,0.0,0.12,0.0
AC110609.1,lncRNA,1.0,0.07,0.0,0.11,1.19,6.17
AC110611.1,lncRNA,2.16,3.78,4.25,1.62,48.39,53.66
AC110611.2,lncRNA,0.34,0.45,0.74,1.5,9.49,6.91
AC110614.1,lncRNA,1.78,2.3,1.58,1.1,2.43,3.29
AC110615.1,lncRNA,4.9,2.53,1.82,3.41,3.71,6.27
AC110619.1,lncRNA,8.39,6.66,12.9,15.13,17.89,14.12
AC110620.2,lncRNA,7.24,3.22,3.84,4.62,53.56,73.85
AC110716.1,lncRNA,0.0,0.56,0.0,0.0,0.38,0.0
AC110716.2,lncRNA,2.03,1.96,1.71,1.87,4.46,6.42
AC110741.1,lncRNA,0.7,0.05,0.3,0.18,2.07,1.52
AC110751.1,lncRNA,0.0,0.0,0.0,0.0,0.12,0.0
AC110760.1,lncRNA,0.5,0.0,0.0,0.0,0.0,1.2
AC110769.1,lncRNA,0.0,0.28,0.11,1.31,2.8,2.41
AC110769.2,lncRNA,0.27,1.33,0.0,0.22,3.08,3.92
AC110772.1,lncRNA,2.31,2.78,4.94,1.45,7.12,5.42
AC110772.2,lncRNA,1.15,0.11,2.6,3.54,6.54,5.58
AC110790.1,lncRNA,1.5,0.0,0.43,0.0,2.55,0.5
AC110792.2,lncRNA,0.0,0.0,2.12,0.0,1.07,1.67
AC110792.3,lncRNA,0.0,0.0,0.0,0.0,0.09,0.0
AC110792.4,lncRNA,0.4,2.06,2.0,3.11,3.42,5.98
AC110795.1,lncRNA,2.5,4.5,5.6,2.5,2.04,2.1
AC110800.1,lncRNA,0.0,0.61,0.0,0.0,0.78,1.05
AC110809.1,lncRNA,0.21,8.08,2.98,12.11,1.51,5.54
AC110813.1,lncRNA,3.1,3.91,4.66,4.75,29.54,23.9
AC110921.1,lncRNA,0.0,0.2,0.25,0.0,0.0,1.42
AC110926.1,lncRNA,5.07,0.62,0.0,6.17,3.56,1.12
AC110992.1,lncRNA,0.73,0.0,0.06,0.0,4.57,2.29
AC110995.1,lncRNA,1.17,1.42,0.68,0.19,4.89,5.48
AC111000.4,lncRNA,6.1,2.75,13.07,1.41,25.16,28.16
AC111006.1,lncRNA,2.15,1.62,4.61,0.93,13.2,12.43
AC111149.1,lncRNA,0.05,1.14,0.79,1.58,6.11,5.3
AC111149.2,lncRNA,1.92,2.33,1.83,0.17,5.04,6.47
AC111152.2,lncRNA,0.25,0.06,0.05,0.06,1.18,0.71
AC111170.1,lncRNA,0.12,0.0,0.15,1.13,2.59,1.55
AC111170.2,lncRNA,0.12,1.12,0.07,0.13,1.33,0.83
AC111182.1,lncRNA,4.73,6.38,7.98,9.48,25.49,26.21
AC111182.2,lncRNA,0.9,0.0,0.72,0.37,3.43,2.01
AC111194.1,lncRNA,0.5,0.67,0.81,0.0,2.28,1.42
AC111194.2,lncRNA,0.0,0.33,0.33,0.0,0.0,1.5
AC111197.1,lncRNA,0.22,0.0,1.1,3.73,6.35,0.86
AC111198.1,lncRNA,0.0,0.25,0.5,5.0,0.16,0.91
AC112172.2,lncRNA,2.09,0.0,1.12,0.0,2.79,0.8
AC112176.1,lncRNA,4.42,6.25,5.22,2.72,24.2,23.94
AC112178.1,lncRNA,0.69,0.66,0.49,6.14,6.24,13.21
AC112187.3,lncRNA,0.0,0.0,0.0,1.05,0.26,3.08
AC112196.1,lncRNA,0.0,0.08,1.12,0.25,2.72,1.19
AC112198.2,lncRNA,0.0,0.0,0.0,0.5,0.06,0.33
AC112204.2,lncRNA,0.1,0.0,0.0,0.0,1.58,0.25
AC112206.2,lncRNA,14.3,16.87,10.66,8.49,36.85,51.39
AC112211.1,lncRNA,1.0,0.0,0.0,0.5,0.03,0.0
AC112219.1,lncRNA,0.0,0.0,0.0,0.17,0.31,0.98
AC112219.2,lncRNA,0.13,0.0,0.05,0.08,0.42,2.37
AC112220.2,lncRNA,0.18,5.36,3.23,1.81,9.94,5.18
AC112229.2,lncRNA,0.0,0.25,0.0,0.0,0.33,0.84
AC112229.4,lncRNA,0.28,0.09,0.94,0.74,12.99,17.22
AC112236.1,lncRNA,0.16,0.66,0.52,0.17,4.91,4.45
AC112236.2,lncRNA,0.26,1.17,0.59,1.62,13.75,7.01
AC112236.3,lncRNA,4.56,1.04,8.14,7.97,4.53,7.6
AC112242.1,lncRNA,0.0,0.0,0.1,1.09,1.22,0.06
AC112242.2,lncRNA,0.0,0.77,0.32,6.73,5.38,2.67
AC112250.2,lncRNA,0.0,0.0,0.0,0.0,0.95,1.0
AC112253.1,lncRNA,0.2,0.0,1.23,0.17,1.59,3.49
AC112254.1,lncRNA,0.0,0.0,1.4,2.5,1.85,0.6
AC112481.1,lncRNA,0.0,1.2,0.0,0.0,1.28,2.0
AC112481.2,lncRNA,38.38,7.58,6.92,19.33,72.35,52.36
AC112482.2,lncRNA,0.0,0.0,1.0,1.67,1.21,1.04
AC112484.1,lncRNA,0.33,5.4,1.6,2.0,2.12,5.25
AC112484.3,lncRNA,0.12,0.0,0.32,0.14,2.91,0.61
AC112484.5,lncRNA,0.28,2.0,5.83,2.41,6.24,1.87
AC112487.1,lncRNA,1.75,4.8,5.71,5.82,9.78,7.37
AC112491.1,lncRNA,1.63,4.66,1.39,1.56,0.18,3.23
AC112493.1,lncRNA,0.5,2.61,0.09,0.25,1.55,0.46
AC112495.1,lncRNA,0.0,0.5,0.0,0.08,2.02,2.19
AC112496.1,lncRNA,0.0,0.0,0.0,0.0,1.0,0.8
AC112503.1,lncRNA,0.5,0.06,0.0,0.0,0.16,0.44
AC112503.2,lncRNA,0.0,0.0,0.42,0.0,2.65,6.32
AC112504.3,lncRNA,1.0,0.5,2.0,2.5,24.91,22.42
AC112512.1,lncRNA,0.0,0.25,1.0,2.78,2.5,4.77
AC112693.1,lncRNA,0.26,0.47,1.0,0.08,0.79,2.67
AC112695.1,lncRNA,0.0,0.0,0.0,0.0,0.0,0.09
AC112715.1,lncRNA,0.0,0.2,0.0,0.06,0.0,0.12
AC112721.1,lncRNA,0.0,0.0,0.17,1.0,0.44,2.11
AC112721.2,lncRNA,0.0,0.0,0.0,1.0,0.14,0.56
AC112722.1,lncRNA,1.05,3.14,0.66,0.2,2.0,1.99
AC112770.1,lncRNA,3.22,2.48,3.27,2.32,44.95,37.04
AC112907.1,lncRNA,0.0,0.0,0.0,0.0,0.45,2.0
AC112907.3,lncRNA,8.35,2.51,6.14,1.47,16.42,13.25
AC113133.1,lncRNA,0.31,1.67,1.46,8.83,11.38,4.79
AC113137.1,lncRNA,1.0,5.0,0.5,0.26,3.14,0.92
AC113143.1,lncRNA,0.0,0.0,2.0,2.0,0.14,0.0
AC113143.2,lncRNA,10.52,13.83,5.16,11.97,8.25,11.72
AC113145.1,lncRNA,0.52,2.19,0.0,0.0,2.04,1.76
AC113146.1,lncRNA,0.27,1.27,2.34,0.14,11.42,4.23
AC113167.1,lncRNA,1.72,4.81,0.4,2.5,9.66,7.13
AC113189.1,lncRNA,0.81,0.66,2.57,1.03,5.92,5.51
AC113189.2,lncRNA,2.0,1.72,2.57,5.06,8.29,6.72
AC113189.3,lncRNA,0.0,0.11,0.0,0.25,0.38,0.0
AC113189.4,lncRNA,2.82,8.85,8.92,5.77,48.16,41.21
AC113192.1,lncRNA,0.0,0.0,0.0,0.0,0.08,0.0
AC113192.3,lncRNA,0.0,0.0,0.0,0.0,0.64,0.12
AC113194.1,lncRNA,0.0,0.0,0.0,0.1,0.15,2.32
AC113208.4,lncRNA,0.0,0.0,0.2,0.0,1.16,0.24
AC113208.5,lncRNA,0.25,0.19,0.42,0.25,2.16,0.39
AC113331.1,lncRNA,0.0,0.0,0.33,0.0,1.25,0.0
AC113346.1,lncRNA,0.0,0.16,0.33,4.0,1.0,0.37
AC113346.2,lncRNA,0.12,0.0,0.0,0.0,1.33,2.2
AC113347.4,lncRNA,0.0,0.0,0.25,0.0,2.31,0.64
AC113348.2,lncRNA,1.44,2.08,3.5,0.17,4.06,2.77
AC113349.1,lncRNA,0.0,0.0,0.0,2.0,0.58,0.0
AC113349.2,lncRNA,0.5,0.0,0.07,0.33,2.02,1.47
AC113355.1,lncRNA,0.5,0.0,0.84,3.0,0.81,0.33
AC113361.1,lncRNA,0.0,0.0,0.0,0.0,0.14,0.4
AC113370.1,lncRNA,5.25,11.33,1.67,5.16,8.35,9.53
AC113382.1,lncRNA,1.0,0.99,2.99,2.0,15.11,12.06
AC113382.2,lncRNA,0.36,1.41,1.96,5.07,0.31,0.28
AC113385.1,lncRNA,3.31,3.36,17.15,2.5,11.12,8.17
AC113386.1,lncRNA,1.0,0.0,0.12,0.0,0.68,1.39
AC113391.1,lncRNA,2.22,0.31,2.06,1.22,4.27,3.35
AC113391.2,lncRNA,1.63,4.28,1.0,0.17,0.69,0.14
AC113398.2,lncRNA,1.0,0.0,0.0,1.0,0.59,0.33
AC113404.1,lncRNA,2.0,0.17,0.55,2.5,4.58,1.39
AC113410.2,lncRNA,0.2,1.49,4.19,1.3,2.68,2.84
AC113410.4,lncRNA,0.09,1.16,1.0,0.32,7.68,5.31
AC113410.5,lncRNA,1.0,0.0,3.1,0.0,0.94,3.48
AC113414.1,lncRNA,5.43,4.63,0.75,22.07,20.45,9.66
AC113418.1,lncRNA,0.25,0.08,0.17,3.0,1.49,0.25
AC113423.1,lncRNA,0.0,0.0,0.5,0.09,0.0,0.07
AC113423.2,lncRNA,0.33,0.0,1.0,0.0,0.58,0.08
AC113607.1,lncRNA,0.0,1.07,0.0,1.0,2.26,1.9
AC113608.1,lncRNA,0.0,0.75,0.23,1.08,1.5,0.32
AC113615.1,lncRNA,4.39,7.48,13.14,8.6,14.3,11.74
AC113615.2,lncRNA,0.89,0.83,0.08,2.25,3.11,1.61
AC113618.2,lncRNA,0.0,0.2,0.34,0.0,1.7,0.19
AC114271.1,lncRNA,4.5,22.94,11.47,9.84,31.84,37.1
AC114277.1,lncRNA,0.0,3.3,0.0,0.0,0.08,0.5
AC114284.1,lncRNA,0.31,0.52,0.18,2.08,0.87,1.0
AC114291.1,lncRNA,1.08,1.53,6.73,3.48,22.83,21.93
AC114296.1,lncRNA,0.4,4.14,3.05,4.67,32.52,46.23
AC114311.1,lncRNA,0.0,1.53,1.08,3.48,16.11,8.46
AC114316.1,lncRNA,2.75,5.63,1.6,8.36,19.37,18.0
AC114321.1,lncRNA,0.0,0.11,0.33,0.0,1.38,1.5
AC114341.1,lncRNA,2.5,4.5,2.24,2.2,1.15,1.04
AC114341.2,lncRNA,2.14,1.1,3.83,1.9,6.16,4.91
AC114401.1,lncRNA,0.0,0.2,3.58,1.21,2.29,7.16
AC114485.1,lncRNA,1.64,0.0,1.18,0.5,4.1,1.55
AC114488.1,lncRNA,0.06,0.21,0.14,2.0,3.59,1.1
AC114488.2,lncRNA,17.57,18.77,44.56,34.69,163.85,122.81
AC114489.1,lncRNA,0.0,1.0,0.0,0.0,2.84,1.07
AC114498.1,lncRNA,0.15,0.06,0.12,0.0,0.58,0.58
AC114501.3,lncRNA,0.0,0.0,0.0,1.0,0.38,1.07
AC114546.1,lncRNA,0.0,0.0,0.0,0.2,0.44,1.06
AC114546.2,lncRNA,0.33,0.99,0.14,0.0,1.58,2.82
AC114550.1,lncRNA,0.25,1.0,6.34,5.0,3.37,5.88
AC114550.2,lncRNA,0.0,0.0,0.0,0.2,1.17,0.2
AC114550.3,lncRNA,0.0,1.0,0.0,2.18,0.62,0.18
AC114684.1,lncRNA,1.25,0.5,0.33,0.0,1.23,0.09
AC114689.3,lncRNA,0.91,0.57,5.28,5.09,12.88,13.34
AC114730.1,lncRNA,9.78,3.76,15.28,4.79,75.62,52.02
AC114730.2,lncRNA,2.03,0.8,0.0,0.59,1.58,2.17
AC114730.3,lncRNA,0.53,0.0,1.64,2.09,7.16,4.34
AC114737.1,lncRNA,0.53,0.1,1.74,0.34,8.18,4.51
AC114741.1,lncRNA,2.0,0.62,1.0,0.1,0.33,0.44
AC114744.2,lncRNA,0.17,1.5,0.55,1.21,2.44,2.19
AC114752.1,lncRNA,0.0,0.0,0.0,0.25,0.92,0.08
AC114752.2,lncRNA,1.21,0.07,0.25,1.12,1.66,4.45
AC114757.1,lncRNA,4.27,3.42,6.25,3.42,28.99,36.02
AC114760.2,lncRNA,2.0,4.33,0.0,1.5,2.43,6.92
AC114763.1,lncRNA,0.23,0.53,0.43,0.06,7.62,12.1
AC114763.2,lncRNA,0.34,0.0,0.58,1.67,1.4,1.05
AC114776.1,lncRNA,1.92,3.86,2.12,3.0,7.97,6.06
AC114781.2,lncRNA,0.0,1.0,0.0,1.0,0.27,1.7
AC114798.1,lncRNA,0.27,0.63,0.87,0.62,1.76,2.03
AC114802.1,lncRNA,0.67,1.49,1.28,0.6,16.26,20.87
AC114803.1,lncRNA,0.14,0.0,0.08,0.0,0.42,0.0
AC114808.1,lncRNA,0.0,1.0,0.11,0.0,0.29,0.14
AC114808.2,lncRNA,0.0,0.0,0.0,0.0,0.96,0.56
AC114810.1,lncRNA,0.0,0.25,0.0,0.0,0.0,0.57
AC114811.2,lncRNA,4.51,4.06,0.64,6.97,10.48,8.37
AC114812.2,lncRNA,0.0,0.15,0.0,2.0,0.39,0.14
AC114814.1,lncRNA,0.0,0.0,0.0,0.87,1.0,0.93
AC114814.2,lncRNA,0.0,0.47,0.14,4.64,1.5,0.8
AC114928.1,lncRNA,0.0,3.3,0.2,0.99,2.14,2.5
AC114930.1,lncRNA,1.0,0.56,2.08,0.0,1.52,3.17
AC114939.1,lncRNA,3.0,0.0,0.0,2.0,1.7,0.42
AC114947.2,lncRNA,0.03,0.59,0.34,0.41,2.03,1.98
AC114954.1,lncRNA,1.75,0.0,1.75,17.96,0.83,2.44
AC114956.1,lncRNA,0.2,2.14,3.83,0.53,14.51,24.25
AC114956.2,lncRNA,77.23,193.12,110.49,111.71,1325.32,1293.07
AC114964.2,lncRNA,2.5,4.99,5.18,5.2,14.49,18.21
AC114971.1,lncRNA,3.86,2.51,0.46,0.68,24.28,7.18
AC114977.1,lncRNA,0.29,0.33,0.0,0.0,0.69,0.36
AC114977.2,lncRNA,1.29,1.15,0.0,1.0,1.91,1.23
AC114980.1,lncRNA,1.45,8.6,2.37,2.1,14.22,29.56
AC115099.1,lncRNA,0.0,0.0,0.0,0.33,0.71,1.75
AC115100.1,lncRNA,0.44,0.29,0.0,0.53,3.95,1.51
AC115102.1,lncRNA,0.67,4.71,0.17,3.83,0.0,3.03
AC115220.1,lncRNA,8.96,6.66,1.74,4.0,5.71,4.71
AC115220.2,lncRNA,2.09,1.08,1.38,1.5,12.97,6.05
AC115282.1,lncRNA,0.96,6.6,1.57,1.34,9.61,8.68
AC115282.2,lncRNA,5.92,2.54,4.55,4.5,14.52,7.02
AC115284.1,lncRNA,0.03,0.1,0.48,0.03,1.45,1.79
AC115284.3,lncRNA,0.17,0.0,1.19,0.25,2.82,3.57
AC115284.4,lncRNA,1.08,1.67,3.9,11.87,4.37,6.76
AC115485.1,lncRNA,0.7,2.56,1.2,1.54,4.46,4.6
AC115522.1,lncRNA,0.0,0.5,2.0,0.0,0.25,4.0
AC115618.1,lncRNA,3.18,0.71,1.14,0.36,4.14,1.38
AC115618.2,lncRNA,0.0,0.0,0.0,0.0,0.16,0.91
AC115619.1,lncRNA,0.25,0.17,0.08,2.0,1.36,4.97
AC115622.1,lncRNA,0.0,0.0,0.0,0.95,0.06,0.1
AC115837.1,lncRNA,0.0,0.0,0.0,0.0,2.5,0.17
AC115989.1,lncRNA,0.0,1.0,0.0,0.0,0.15,0.79
AC116003.1,lncRNA,1.44,10.67,9.6,7.27,70.26,57.46
AC116003.2,lncRNA,0.0,0.46,0.42,0.83,1.11,0.69
AC116003.3,lncRNA,1.22,2.35,1.48,0.33,0.46,0.4
AC116021.1,lncRNA,0.27,0.0,1.2,0.63,3.3,4.99
AC116025.1,lncRNA,0.0,0.0,0.81,1.62,0.19,0.87
AC116025.2,lncRNA,1.25,4.08,1.04,0.0,7.89,7.06
AC116035.1,lncRNA,2.0,0.0,0.0,1.0,1.31,1.45
AC116036.2,lncRNA,0.0,0.0,0.33,0.5,0.07,0.58
AC116038.1,lncRNA,0.0,0.5,0.05,1.0,0.62,0.23
AC116049.1,lncRNA,0.08,0.0,0.0,0.0,0.77,0.64
AC116096.1,lncRNA,0.45,0.98,0.32,0.33,3.39,1.56
AC116099.1,lncRNA,0.26,1.0,0.0,0.0,0.48,0.34
AC116158.1,lncRNA,0.07,0.5,0.0,0.0,0.42,3.05
AC116158.2,lncRNA,1.5,1.0,0.0,0.0,0.0,1.0
AC116158.3,lncRNA,2.98,5.14,5.94,9.46,15.6,16.05
AC116312.1,lncRNA,0.0,0.0,0.0,0.0,0.06,0.0
AC116317.1,lncRNA,0.35,1.58,2.63,1.85,2.79,3.22
AC116317.2,lncRNA,2.02,1.2,5.58,0.98,10.55,14.24
AC116337.3,lncRNA,0.0,0.25,0.0,0.0,2.12,0.39
AC116337.4,lncRNA,1.22,2.0,2.2,0.0,2.55,0.5
AC116345.1,lncRNA,5.62,4.67,3.58,6.58,10.34,7.01
AC116345.3,lncRNA,1.0,0.0,0.0,0.08,0.13,0.48
AC116345.4,lncRNA,4.78,2.22,4.17,1.15,9.55,6.58
AC116348.1,lncRNA,0.07,1.33,0.0,0.62,0.0,0.0
AC116348.2,lncRNA,0.75,0.25,8.5,1.0,28.27,5.81
AC116348.3,lncRNA,0.0,1.0,1.13,2.17,1.97,2.48
AC116350.1,lncRNA,0.0,0.5,0.0,0.67,0.0,0.79
AC116351.1,lncRNA,3.96,3.22,3.05,9.06,8.4,11.98
AC116351.2,lncRNA,2.41,2.18,6.56,4.0,19.84,12.91
AC116353.5,lncRNA,1.25,3.48,0.9,2.08,10.4,9.1
AC116361.1,lncRNA,0.0,1.0,0.62,0.0,1.4,3.25
AC116362.1,lncRNA,8.53,11.95,1.5,4.25,6.82,7.84
AC116362.2,lncRNA,0.95,1.99,1.12,0.5,0.49,0.6
AC116407.1,lncRNA,1.03,3.52,3.6,0.47,8.35,5.48
AC116407.2,lncRNA,1.0,0.83,0.05,2.19,1.52,1.73
AC116424.1,lncRNA,0.0,0.68,0.14,3.0,2.13,1.52
AC116428.1,lncRNA,0.2,0.06,0.31,0.48,3.15,0.83
AC116447.1,lncRNA,0.0,0.0,0.75,3.0,0.28,0.32
AC116456.1,lncRNA,0.31,0.26,0.12,0.25,2.01,2.11
AC116534.1,lncRNA,0.38,0.13,2.46,6.0,4.67,2.99
AC116535.1,lncRNA,3.52,6.82,0.85,0.61,4.24,4.27
AC116552.1,lncRNA,0.72,2.38,1.62,3.83,5.12,4.33
AC116563.1,lncRNA,0.0,0.12,0.0,0.0,0.0,0.08
AC116565.1,lncRNA,4.08,5.03,3.66,1.91,28.38,11.83
AC116609.1,lncRNA,0.4,1.0,0.0,0.05,2.1,0.05
AC116609.2,lncRNA,0.0,0.5,0.0,0.11,0.71,0.0
AC116611.1,lncRNA,3.0,1.0,0.64,2.45,4.63,5.53
AC116612.1,lncRNA,0.1,1.6,1.63,1.29,3.11,5.81
AC116616.1,lncRNA,0.0,0.0,0.0,0.0,0.11,0.43
AC116634.1,lncRNA,0.5,0.0,0.0,0.0,1.08,1.32
AC116651.1,lncRNA,0.25,0.18,0.14,0.0,0.65,2.75
AC116666.1,lncRNA,0.0,3.0,0.11,0.0,0.14,0.11
AC116667.1,lncRNA,4.83,2.97,4.49,10.97,13.94,10.2
AC116667.2,lncRNA,5.5,2.25,5.25,2.0,10.37,12.23
AC116903.1,lncRNA,0.32,0.0,0.5,0.0,2.08,1.81
AC116903.2,lncRNA,0.0,6.26,0.0,5.0,2.56,2.13
AC116913.1,lncRNA,7.62,0.43,3.59,0.5,7.79,5.29
AC116914.1,lncRNA,0.0,0.0,0.0,0.14,1.2,0.35
AC116914.2,lncRNA,0.0,0.27,0.29,1.5,1.2,0.58
AC117373.1,lncRNA,1.0,0.0,0.0,0.0,0.0,0.08
AC117373.2,lncRNA,2.31,0.61,1.39,2.26,8.08,12.4
AC117377.1,lncRNA,0.07,0.25,0.0,0.07,3.41,0.8
AC117382.2,lncRNA,2.29,11.33,4.56,4.11,27.69,41.62
AC117383.1,lncRNA,0.0,0.1,0.29,0.0,2.3,0.14
AC117386.1,lncRNA,2.0,0.43,0.0,0.0,4.15,0.82
AC117386.2,lncRNA,0.2,0.11,0.31,4.5,0.71,0.72
AC117394.2,lncRNA,0.0,0.05,0.08,0.0,2.18,1.77
AC117395.1,lncRNA,0.0,0.25,0.31,0.0,0.75,0.67
AC117422.1,lncRNA,0.0,0.0,1.14,5.0,0.37,0.87
AC117430.1,lncRNA,0.0,0.33,0.0,4.0,1.17,0.58
AC117435.1,lncRNA,2.25,4.29,7.21,4.27,17.76,14.06
AC117453.1,lncRNA,3.27,7.74,3.27,8.57,32.37,31.99
AC117460.1,lncRNA,0.0,0.0,0.0,0.0,0.06,0.33
AC117461.1,lncRNA,0.12,2.08,1.25,1.64,4.69,6.42
AC117462.1,lncRNA,0.17,0.0,0.0,0.0,1.06,0.32
AC117464.1,lncRNA,0.23,2.4,1.34,1.48,7.22,4.89
AC117465.1,lncRNA,0.0,0.0,0.0,0.0,0.48,0.0
AC117469.1,lncRNA,0.23,0.76,0.1,0.2,1.64,2.83
AC117473.1,lncRNA,1.0,0.0,0.2,0.34,0.53,0.0
AC117480.1,lncRNA,1.0,1.0,0.1,0.0,0.16,0.92
AC117481.1,lncRNA,0.0,0.06,0.5,0.67,0.28,0.22
AC117488.1,lncRNA,0.22,0.0,3.64,2.2,3.24,3.87
AC117490.2,lncRNA,0.0,0.0,0.0,0.0,0.32,0.49
AC117498.1,lncRNA,0.14,0.12,0.84,1.0,2.4,1.72
AC117500.1,lncRNA,0.63,0.22,0.39,0.0,4.76,1.72
AC117500.2,lncRNA,0.25,0.43,2.62,1.8,4.57,2.03
AC117500.3,lncRNA,0.72,0.14,1.69,0.37,4.23,6.63
AC117500.6,lncRNA,0.75,0.0,0.31,0.0,2.39,2.14
AC117503.1,lncRNA,0.0,0.0,0.0,0.0,0.0,0.06
AC117503.5,lncRNA,0.68,0.25,0.87,0.45,3.62,2.32
AC117505.1,lncRNA,2.02,2.0,1.5,0.0,0.6,2.0
AC117509.1,lncRNA,0.67,0.09,0.0,2.2,0.0,2.06
AC117522.2,lncRNA,0.0,0.0,0.06,2.5,0.06,1.0
AC117528.1,lncRNA,0.1,0.11,1.07,2.72,3.98,2.87
AC117569.1,lncRNA,6.29,0.09,0.08,0.0,2.24,0.76
AC117569.2,lncRNA,0.58,0.2,0.14,0.0,0.71,0.91
AC117834.1,lncRNA,0.17,0.0,1.06,0.71,4.57,2.05
AC117834.2,lncRNA,0.33,2.5,2.42,1.0,4.45,0.62
AC117944.1,lncRNA,0.33,0.0,0.12,0.0,1.92,0.48
AC117945.1,lncRNA,2.0,0.0,0.56,0.25,0.98,1.5
AC117945.2,lncRNA,0.07,0.0,0.88,0.11,5.2,2.54
AC118344.1,lncRNA,0.12,0.69,3.53,4.53,11.23,10.44
AC118345.1,lncRNA,0.0,0.0,0.27,2.0,0.51,0.75
AC118469.2,lncRNA,0.12,0.33,1.48,0.0,7.07,3.16
AC118553.1,lncRNA,0.63,0.06,0.25,1.06,0.92,1.25
AC118555.1,lncRNA,0.09,0.27,0.0,0.34,3.26,0.94
AC118653.1,lncRNA,0.0,0.65,0.0,0.0,0.08,3.11
AC118658.1,lncRNA,0.0,0.0,0.0,0.33,1.39,0.64
AC118754.1,lncRNA,3.78,0.2,1.4,0.33,9.57,9.33
AC118754.2,lncRNA,0.46,0.44,0.12,0.0,5.1,2.48
AC118755.1,lncRNA,2.0,1.25,1.0,5.05,12.42,10.73
AC118755.2,lncRNA,0.0,0.0,0.0,0.0,0.05,0.8
AC118757.1,lncRNA,0.0,2.25,0.2,0.11,0.67,0.23
AC118758.2,lncRNA,9.47,11.52,6.52,18.02,27.01,20.98
AC119150.1,lncRNA,0.05,0.0,1.39,0.74,0.67,0.97
AC119396.1,lncRNA,0.0,0.14,0.88,2.5,1.53,0.25
AC119403.1,lncRNA,1.28,1.48,3.33,3.94,15.25,2.41
AC119424.1,lncRNA,0.0,0.0,0.17,0.29,2.76,0.7
AC119427.1,lncRNA,0.33,0.0,0.5,0.0,1.8,3.53
AC119427.2,lncRNA,2.17,6.28,3.49,3.36,8.16,10.38
AC119428.1,lncRNA,1.0,0.05,0.0,0.0,1.25,0.67
AC119428.2,lncRNA,1.0,0.0,1.11,3.0,2.29,2.32
AC119673.1,lncRNA,0.08,1.14,2.0,2.4,3.39,1.7
AC119673.2,lncRNA,11.5,26.4,16.93,17.8,25.87,25.79
AC119674.1,lncRNA,7.77,11.16,10.75,9.31,48.92,38.79
AC119677.1,lncRNA,0.54,0.42,0.13,0.45,0.12,0.28
AC119800.1,lncRNA,0.0,0.33,0.0,0.0,0.07,0.25
AC119868.2,lncRNA,0.0,0.0,0.0,0.06,0.39,3.96
AC120024.1,lncRNA,1.3,1.37,6.66,1.86,28.69,29.61
AC120036.4,lncRNA,0.09,1.33,1.45,0.91,5.74,6.15
AC120036.5,lncRNA,1.25,1.08,1.12,4.33,0.64,7.14
AC120042.1,lncRNA,0.0,4.0,0.0,0.24,0.12,0.07
AC120042.2,lncRNA,0.11,0.0,0.0,0.11,1.02,0.21
AC120045.1,lncRNA,0.1,0.34,0.17,1.75,2.86,1.58
AC120053.1,lncRNA,0.0,0.83,0.0,3.0,0.12,1.0
AC120114.1,lncRNA,0.0,0.25,0.0,0.41,5.39,11.23
AC120114.2,lncRNA,0.53,0.25,1.66,1.34,5.26,5.56
AC120193.1,lncRNA,1.76,1.36,0.7,1.49,4.73,9.84
AC120194.1,lncRNA,0.0,0.49,0.45,2.0,9.03,6.57
AC120349.1,lncRNA,0.0,0.0,0.0,1.0,0.0,0.5
AC120498.1,lncRNA,0.0,0.0,0.0,0.12,1.62,5.23
AC120498.10,lncRNA,0.0,0.0,0.14,0.0,2.5,0.35
AC120498.2,lncRNA,0.5,0.0,1.58,0.92,2.68,1.7
AC120498.3,lncRNA,0.86,1.31,2.32,1.89,6.55,4.46
AC120498.4,lncRNA,0.0,0.2,0.0,0.0,3.16,3.67
AC120498.6,lncRNA,0.0,0.0,0.0,0.5,0.37,0.5
AC120498.8,lncRNA,0.0,0.0,1.0,0.0,3.17,1.52
AC120498.9,lncRNA,2.81,6.2,6.96,4.6,19.69,25.81
AC121154.1,lncRNA,0.0,0.0,0.11,0.0,0.12,0.42
AC121161.2,lncRNA,1.0,2.25,0.17,1.0,3.12,1.98
AC121247.1,lncRNA,0.06,0.37,0.37,0.13,0.81,0.72
AC121320.1,lncRNA,0.0,0.5,0.0,0.0,0.14,0.0
AC121333.1,lncRNA,0.18,0.11,0.2,0.12,3.13,0.66
AC121334.3,lncRNA,0.24,2.51,1.41,6.27,6.53,5.99
AC121334.4,lncRNA,0.0,0.0,0.0,1.67,0.0,0.23
AC121338.1,lncRNA,0.0,0.17,1.27,0.23,2.16,3.71
AC121338.2,lncRNA,1.31,4.51,6.87,1.35,15.72,13.01
AC121342.1,lncRNA,0.4,0.4,0.33,0.0,0.6,0.33
AC121493.1,lncRNA,0.0,0.0,0.0,0.32,2.43,8.94
AC121757.1,lncRNA,3.77,3.05,1.73,0.86,4.22,2.22
AC121757.2,lncRNA,4.06,1.18,0.2,1.0,2.64,0.46
AC121761.1,lncRNA,0.15,0.31,0.0,0.0,1.18,7.17
AC121761.2,lncRNA,0.0,0.67,0.09,0.17,0.5,1.08
AC121764.1,lncRNA,0.0,0.0,0.2,0.0,0.32,0.07
AC121764.2,lncRNA,0.0,0.0,0.0,1.07,1.28,0.54
AC121764.3,lncRNA,0.0,0.08,0.0,0.0,0.42,0.17
AC122108.1,lncRNA,0.0,0.0,0.0,0.25,0.12,0.0
AC122129.1,lncRNA,1.62,1.93,4.16,1.36,7.23,5.61
AC122129.2,lncRNA,0.03,0.4,0.0,1.25,0.75,0.61
AC122134.1,lncRNA,0.0,0.2,0.21,1.0,0.55,0.06
AC122136.1,lncRNA,0.0,0.06,0.17,0.17,1.31,0.4
AC122138.1,lncRNA,0.0,0.66,0.44,0.26,3.07,1.03
AC122683.1,lncRNA,1.0,0.0,0.67,0.0,1.13,1.41
AC122685.1,lncRNA,1.0,0.39,0.0,1.14,6.66,1.26
AC122688.2,lncRNA,1.14,4.0,1.0,1.0,2.72,1.15
AC122688.5,lncRNA,0.84,0.4,0.54,1.0,3.99,5.75
AC122694.1,lncRNA,0.14,0.0,0.0,0.48,0.0,0.0
AC122697.1,lncRNA,0.0,0.67,0.4,2.24,1.79,2.84
AC122707.1,lncRNA,0.0,0.0,0.0,0.0,0.0,0.2
AC122710.1,lncRNA,1.09,0.14,3.25,6.12,2.63,5.41
AC122710.2,lncRNA,0.0,1.0,0.25,0.0,4.17,0.0
AC122719.1,lncRNA,0.33,2.99,0.66,1.0,2.18,2.27
AC122719.2,lncRNA,0.17,1.0,2.0,0.0,0.81,0.17
AC122719.3,lncRNA,1.42,0.5,1.91,4.37,10.9,8.19
AC123023.1,lncRNA,0.0,0.0,0.75,0.0,0.48,0.0
AC123023.2,lncRNA,1.07,0.33,0.12,0.0,5.52,1.62
AC123512.1,lncRNA,0.0,0.07,1.0,0.5,5.92,1.77
AC123567.2,lncRNA,4.04,1.84,3.56,7.24,27.73,31.93
AC123595.1,lncRNA,0.94,2.77,1.27,0.57,10.44,6.17
AC123595.2,lncRNA,0.94,3.43,1.02,0.57,9.96,5.07
AC123768.1,lncRNA,0.78,2.26,1.85,2.71,3.26,3.05
AC123768.2,lncRNA,0.55,0.66,0.48,1.17,0.63,0.75
AC123768.3,lncRNA,0.0,0.12,0.06,0.0,0.21,0.56
AC123768.4,lncRNA,1.99,0.21,0.7,0.12,2.87,4.36
AC123777.1,lncRNA,1.35,2.59,0.76,0.0,12.18,9.72
AC123784.1,lncRNA,0.17,0.4,0.47,1.42,3.82,1.53
AC123786.1,lncRNA,0.0,1.06,0.1,2.0,1.23,1.17
AC123786.3,lncRNA,0.43,1.09,2.31,1.06,3.32,1.55
AC123788.1,lncRNA,0.2,0.92,0.6,1.83,4.82,2.73
AC123905.1,lncRNA,0.0,0.2,0.67,0.0,0.5,0.69
AC123912.1,lncRNA,0.06,0.33,0.53,2.83,10.58,8.47
AC123912.2,lncRNA,3.81,0.3,4.75,1.3,9.16,8.5
AC123912.4,lncRNA,9.21,5.43,10.7,9.41,34.79,38.86
AC124014.1,lncRNA,0.28,1.92,3.25,0.26,2.57,9.01
AC124016.1,lncRNA,0.07,0.1,0.0,1.28,1.11,3.6
AC124017.1,lncRNA,0.98,3.33,2.98,2.25,30.41,8.16
AC124045.1,lncRNA,3.14,3.54,2.66,5.6,4.52,5.13
AC124057.1,lncRNA,0.83,0.07,0.42,0.25,2.61,0.1
AC124066.1,lncRNA,1.04,0.12,1.14,0.49,3.25,4.26
AC124067.1,lncRNA,0.0,0.0,0.0,0.0,1.12,0.33
AC124067.2,lncRNA,0.0,0.4,0.09,2.1,2.28,2.85
AC124067.3,lncRNA,1.0,2.75,5.07,2.04,12.83,4.81
AC124067.4,lncRNA,0.58,0.17,1.14,0.28,9.52,5.54
AC124068.2,lncRNA,5350.75,752.05,2999.54,1494.63,14320.55,3922.62
AC124069.1,lncRNA,0.59,1.11,0.96,1.5,6.7,3.69
AC124242.1,lncRNA,39.51,13.91,3.22,1.7,12.34,10.49
AC124242.3,lncRNA,0.0,0.0,0.2,0.0,2.66,0.89
AC124248.1,lncRNA,3.08,10.62,5.33,7.53,24.54,19.73
AC124248.2,lncRNA,2.9,0.35,1.77,0.87,1.61,2.04
AC124254.2,lncRNA,0.0,0.5,0.18,0.11,0.39,0.28
AC124276.1,lncRNA,0.2,0.46,0.4,2.5,1.38,0.65
AC124276.2,lncRNA,0.0,0.0,1.0,0.0,0.25,0.56
AC124283.1,lncRNA,2.3,3.92,2.05,1.52,21.67,24.81
AC124283.2,lncRNA,0.2,0.16,0.1,1.0,1.79,1.98
AC124283.3,lncRNA,0.0,0.0,1.0,0.0,0.39,1.66
AC124290.1,lncRNA,10.56,18.0,8.49,21.63,90.13,68.41
AC124290.2,lncRNA,0.0,0.0,0.0,3.0,1.0,0.34
AC124301.1,lncRNA,0.25,0.0,0.33,0.33,1.74,1.07
AC124312.2,lncRNA,0.5,0.0,0.0,0.5,0.0,0.2
AC124312.3,lncRNA,0.23,0.56,0.24,0.24,2.69,3.01
AC124312.5,lncRNA,0.0,0.08,0.0,0.0,1.86,6.26
AC124319.1,lncRNA,1.53,0.2,0.0,0.82,1.99,1.99
AC124319.2,lncRNA,0.0,0.0,0.53,0.0,1.22,1.08
AC124784.1,lncRNA,0.5,0.0,0.42,0.2,2.04,1.07
AC124798.1,lncRNA,0.57,0.55,1.5,0.91,12.01,6.17
AC124798.2,lncRNA,2.14,1.46,1.54,2.0,2.84,2.32
AC124798.3,lncRNA,1.36,0.79,1.62,1.44,2.38,2.6
AC124804.1,lncRNA,12.59,5.21,8.68,14.7,19.2,34.04
AC124852.1,lncRNA,12.15,10.0,15.03,23.34,145.74,114.48
AC124854.1,lncRNA,0.0,0.0,0.48,0.0,1.05,0.67
AC124861.1,lncRNA,0.0,0.2,0.33,0.0,0.34,0.84
AC124861.2,lncRNA,0.82,1.31,0.41,1.43,5.26,3.35
AC124861.3,lncRNA,0.67,0.0,0.15,0.5,1.52,1.14
AC124862.1,lncRNA,1.11,2.83,0.74,0.25,4.18,2.77
AC124864.2,lncRNA,1.5,1.61,0.08,0.0,0.0,0.0
AC124893.1,lncRNA,0.33,0.0,0.25,0.0,2.48,2.44
AC124944.3,lncRNA,2.4,0.92,1.2,3.0,4.06,5.37
AC124947.1,lncRNA,4.25,5.24,10.09,37.66,60.39,51.28
AC125257.1,lncRNA,0.2,0.05,0.12,0.62,1.76,1.06
AC125257.2,lncRNA,0.0,0.06,0.75,0.0,0.11,0.11
AC125421.1,lncRNA,4.79,0.9,3.12,0.98,7.35,10.49
AC125421.2,lncRNA,0.33,0.0,2.32,0.06,7.49,2.3
AC125437.1,lncRNA,2.0,0.33,3.0,0.0,0.0,0.2
AC125437.3,lncRNA,1.57,4.04,7.41,7.28,79.42,64.38
AC125494.1,lncRNA,1.33,1.88,3.46,2.82,6.32,6.47
AC125494.2,lncRNA,0.0,0.0,0.0,0.16,1.07,0.53
AC125494.3,lncRNA,0.0,0.27,0.0,0.0,0.33,0.2
AC125603.1,lncRNA,0.0,0.14,0.0,0.25,1.98,0.09
AC125603.2,lncRNA,1.0,0.25,1.58,1.35,7.38,2.14
AC125603.3,lncRNA,0.2,0.33,0.33,1.08,4.43,5.1
AC125603.4,lncRNA,0.12,3.48,1.43,9.13,2.11,1.94
AC125611.3,lncRNA,2.0,0.16,0.57,0.0,7.5,5.26
AC125611.4,lncRNA,13.27,11.11,16.04,8.02,40.13,50.08
AC125613.1,lncRNA,0.62,1.79,4.26,6.34,3.47,4.21
AC125616.1,lncRNA,2.2,1.54,2.34,8.73,7.44,7.19
AC125618.1,lncRNA,0.07,3.5,0.0,0.0,0.08,1.5
AC125793.1,lncRNA,0.0,1.17,0.2,5.0,5.27,8.85
AC125807.2,lncRNA,5.63,10.18,7.45,7.21,48.67,68.71
AC126118.1,lncRNA,0.0,0.0,0.66,0.33,0.2,0.5
AC126121.2,lncRNA,0.14,0.14,0.35,0.0,1.65,1.14
AC126121.3,lncRNA,0.66,7.07,2.79,2.0,40.83,37.26
AC126175.2,lncRNA,0.2,0.0,0.14,0.0,0.45,0.4
AC126177.3,lncRNA,1.92,7.95,3.26,4.11,34.15,39.83
AC126178.1,lncRNA,0.0,0.0,0.0,0.0,1.22,0.73
AC126182.3,lncRNA,1.5,0.58,2.67,0.0,8.24,5.79
AC126323.2,lncRNA,3.49,5.65,1.08,4.47,11.53,10.31
AC126323.3,lncRNA,0.0,0.33,0.07,0.48,5.5,6.13
AC126323.5,lncRNA,5.58,15.69,4.92,6.3,3.26,1.23
AC126323.6,lncRNA,0.0,2.12,1.16,0.25,5.57,5.84
AC126335.1,lncRNA,0.0,0.1,0.0,0.0,0.0,1.07
AC126365.1,lncRNA,1.06,1.48,0.0,0.53,2.2,3.3
AC126407.1,lncRNA,0.0,0.1,0.0,0.0,0.49,0.17
AC126468.1,lncRNA,0.0,0.0,0.23,0.0,0.25,1.67
AC126544.2,lncRNA,0.0,0.62,0.0,0.19,0.7,0.44
AC126614.1,lncRNA,0.69,2.0,0.31,1.0,2.8,0.78
AC126696.1,lncRNA,1.03,0.24,0.25,0.33,2.8,1.65
AC126696.2,lncRNA,0.27,0.97,1.93,0.26,2.02,2.16
AC126696.3,lncRNA,0.16,1.1,3.06,1.44,6.86,2.97
AC126755.1,lncRNA,0.0,0.0,0.0,0.12,0.34,0.22
AC126755.2,lncRNA,0.82,1.73,1.63,2.56,11.26,8.41
AC126755.5,lncRNA,1.98,1.48,3.16,1.64,9.14,8.13
AC126763.1,lncRNA,0.55,1.9,1.42,1.89,6.21,6.88
AC126768.1,lncRNA,0.0,0.13,2.5,1.2,4.63,3.19
AC126768.2,lncRNA,0.0,0.0,0.0,0.06,1.0,0.0
AC126768.3,lncRNA,3.27,1.05,5.02,3.42,49.68,40.13
AC126773.3,lncRNA,0.0,0.0,0.14,0.0,3.67,3.62
AC126773.4,lncRNA,4.58,8.4,4.66,3.77,10.06,12.12
AC126773.6,lncRNA,1.83,0.89,0.87,6.39,19.02,27.53
AC127002.2,lncRNA,1.0,0.0,0.0,0.22,0.54,0.64
AC127024.2,lncRNA,0.53,1.54,2.15,4.08,2.88,2.17
AC127024.3,lncRNA,0.0,0.0,0.0,0.0,0.13,0.0
AC127024.4,lncRNA,0.0,2.0,0.0,4.0,0.0,1.0
AC127024.5,lncRNA,0.0,1.12,0.0,0.0,0.22,1.02
AC127024.6,lncRNA,0.0,0.12,0.0,1.14,0.29,2.09
AC127029.2,lncRNA,0.0,0.0,1.03,0.57,1.27,0.81
AC127035.1,lncRNA,0.5,3.0,1.0,10.08,1.33,1.21
AC127070.1,lncRNA,0.11,3.58,2.36,0.2,1.97,3.73
AC127070.2,lncRNA,1.39,1.43,1.0,4.82,0.95,2.13
AC127164.1,lncRNA,6.67,20.81,11.5,10.63,41.96,52.72
AC127459.1,lncRNA,0.0,3.0,0.67,0.38,2.85,2.8
AC127459.2,lncRNA,0.38,0.97,1.55,0.75,7.75,7.22
AC127496.1,lncRNA,3.55,5.53,2.4,13.44,16.89,21.34
AC127496.2,lncRNA,0.54,0.0,1.25,0.25,5.14,1.19
AC127496.3,lncRNA,0.33,0.16,1.23,1.62,0.91,1.87
AC127496.4,lncRNA,2.0,1.0,2.88,2.5,3.64,7.31
AC127496.5,lncRNA,3.19,5.22,9.04,4.29,14.14,17.67
AC127496.6,lncRNA,0.33,0.14,1.3,0.0,2.62,2.38
AC127502.2,lncRNA,13.32,9.05,2.5,9.27,7.93,6.16
AC127520.1,lncRNA,0.0,3.0,0.57,1.21,28.57,22.57
AC127521.1,lncRNA,1.33,3.14,0.31,1.11,6.55,3.44
AC127522.1,lncRNA,0.07,0.4,0.12,4.4,4.67,4.07
AC127526.1,lncRNA,0.0,0.0,0.0,0.17,0.12,0.36
AC127526.2,lncRNA,0.4,0.79,0.58,0.16,3.46,4.51
AC127526.4,lncRNA,1.64,1.25,1.05,2.05,2.95,4.12
AC127526.5,lncRNA,0.0,0.52,2.15,1.5,3.77,1.54
AC127537.1,lncRNA,2.25,1.2,0.82,4.44,2.25,1.1
AC127540.1,lncRNA,1.0,3.0,0.0,1.0,0.22,1.62
AC127540.2,lncRNA,0.61,3.05,2.76,2.05,16.81,8.35
AC127894.1,lncRNA,0.0,0.14,0.0,1.56,1.7,1.63
AC128685.1,lncRNA,2.11,1.0,0.0,0.0,0.92,1.56
AC128687.2,lncRNA,0.08,0.1,1.71,0.0,2.65,5.5
AC128687.3,lncRNA,0.0,0.0,0.21,0.0,0.0,0.0
AC128707.1,lncRNA,0.06,1.7,0.34,0.61,8.16,10.66
AC128709.1,lncRNA,0.0,0.12,0.5,0.49,3.19,1.06
AC128709.2,lncRNA,0.33,0.0,0.12,0.0,5.5,4.99
AC128709.3,lncRNA,0.0,1.0,0.49,0.33,1.82,1.83
AC129102.1,lncRNA,0.36,0.0,0.58,1.71,5.26,3.48
AC129492.1,lncRNA,0.83,0.74,2.38,2.02,9.48,8.62
AC129492.2,lncRNA,0.33,1.67,0.0,1.0,6.21,4.79
AC129492.4,lncRNA,0.0,0.0,0.62,0.0,0.39,0.0
AC129507.1,lncRNA,1.41,0.5,1.87,0.25,9.1,4.38
AC129507.2,lncRNA,0.53,0.0,0.0,0.0,2.35,2.87
AC129507.3,lncRNA,1.15,0.14,1.32,1.93,27.1,23.39
AC129507.4,lncRNA,0.69,0.17,2.07,0.29,4.86,5.12
AC129510.1,lncRNA,0.07,0.1,0.0,1.0,0.08,0.84
AC129510.2,lncRNA,0.05,0.18,0.0,0.0,0.25,0.29
AC129803.1,lncRNA,2.0,5.08,4.32,8.67,14.98,14.85
AC129807.1,lncRNA,0.11,9.94,0.12,5.0,7.76,9.33
AC129915.3,lncRNA,1.08,2.52,0.0,1.67,12.21,13.59
AC129926.1,lncRNA,0.47,0.0,1.27,1.0,9.34,7.86
AC129926.2,lncRNA,0.17,0.0,0.57,1.66,2.69,5.35
AC130307.1,lncRNA,0.0,0.0,0.0,0.0,0.28,0.17
AC130324.1,lncRNA,0.0,3.5,0.0,1.0,0.33,0.56
AC130324.2,lncRNA,0.0,3.0,0.0,0.0,0.58,1.83
AC130324.3,lncRNA,0.17,0.33,0.25,0.0,0.61,1.01
AC130343.1,lncRNA,0.0,1.06,0.06,0.0,0.25,0.55
AC130343.2,lncRNA,1.27,0.31,1.09,1.75,13.25,7.44
AC130352.1,lncRNA,0.25,0.43,0.0,1.52,0.11,1.55
AC130371.1,lncRNA,0.0,0.58,1.69,0.25,5.09,4.72
AC130371.2,lncRNA,0.28,2.0,8.5,0.1,0.29,0.17
AC130404.1,lncRNA,0.0,0.33,1.59,0.33,6.13,4.43
AC130404.2,lncRNA,0.09,0.0,1.0,1.0,0.33,1.06
AC130415.1,lncRNA,1.14,0.0,0.0,0.0,0.0,0.16
AC130456.1,lncRNA,0.0,0.0,0.0,0.0,1.25,1.25
AC130456.2,lncRNA,0.4,1.54,1.62,0.62,5.1,3.46
AC130456.3,lncRNA,0.31,2.32,0.88,1.01,1.45,3.91
AC130456.4,lncRNA,0.99,0.88,0.65,1.22,5.17,7.91
AC130456.5,lncRNA,2.08,0.53,0.18,1.0,0.81,0.98
AC130462.2,lncRNA,0.0,0.25,0.25,0.0,0.76,0.67
AC130466.1,lncRNA,16.37,13.79,14.7,10.93,61.78,49.44
AC130467.1,lncRNA,0.14,0.0,0.0,0.11,0.64,1.06
AC130469.1,lncRNA,16.93,22.43,15.42,15.61,81.86,84.38
AC130650.1,lncRNA,0.0,0.0,0.0,0.11,2.4,0.07
AC130650.2,lncRNA,0.0,0.0,0.83,0.0,3.03,1.0
AC130651.1,lncRNA,0.12,0.0,0.0,0.0,0.58,0.22
AC130710.1,lncRNA,2.24,0.16,0.82,6.38,11.9,16.41
AC130814.1,lncRNA,1.11,0.33,1.2,0.0,1.61,0.9
AC130888.1,lncRNA,4.65,5.09,0.1,1.49,0.97,0.96
AC130895.1,lncRNA,0.0,3.0,4.0,2.0,2.26,0.2
AC131009.1,lncRNA,0.1,0.25,0.17,0.71,1.68,1.05
AC131009.2,lncRNA,0.47,3.17,3.28,1.54,4.21,9.92
AC131009.3,lncRNA,0.12,0.12,0.0,0.0,0.9,1.58
AC131011.1,lncRNA,2.0,0.1,0.21,0.13,1.53,1.03
AC131025.1,lncRNA,0.25,0.07,0.14,1.0,2.12,0.93
AC131025.2,lncRNA,0.0,0.04,0.0,0.5,1.24,0.71
AC131025.3,lncRNA,1.83,0.0,0.87,0.5,2.97,2.13
AC131094.1,lncRNA,3.75,0.0,0.27,2.33,2.89,2.18
AC131097.1,lncRNA,0.35,3.62,1.89,0.68,1.19,1.08
AC131097.2,lncRNA,1.3,1.35,4.51,1.19,5.37,6.95
AC131097.3,lncRNA,1.12,0.11,1.03,2.62,1.78,1.13
AC131157.1,lncRNA,0.28,0.47,2.81,1.38,3.89,4.65
AC131159.1,lncRNA,0.0,0.0,0.0,0.0,0.0,0.5
AC131159.2,lncRNA,0.25,0.33,0.82,0.5,7.15,3.19
AC131180.1,lncRNA,0.52,2.12,1.42,1.78,5.16,5.96
AC131182.1,lncRNA,1.0,0.14,0.06,0.0,1.1,0.76
AC131210.1,lncRNA,0.0,0.0,0.0,0.0,1.35,0.0
AC131211.1,lncRNA,4.0,7.11,3.11,6.11,61.24,59.33
AC131212.1,lncRNA,0.67,3.17,0.63,13.95,3.01,6.07
AC131235.2,lncRNA,0.0,0.0,0.0,0.2,0.14,0.17
AC131237.1,lncRNA,0.0,0.32,0.5,0.0,1.0,0.16
AC131238.1,lncRNA,0.0,0.0,0.11,0.0,0.06,0.43
AC131254.1,lncRNA,1.1,0.67,0.0,1.33,2.44,1.42
AC131254.2,lncRNA,7.83,6.39,11.18,17.45,1.82,10.78
AC131254.3,lncRNA,0.0,3.33,0.08,0.0,3.37,3.05
AC131274.1,lncRNA,0.17,1.0,0.0,0.0,2.59,3.12
AC131391.1,lncRNA,0.0,0.0,0.0,0.0,1.5,0.79
AC131568.1,lncRNA,1.27,1.56,0.25,4.57,11.08,8.45
AC131571.1,lncRNA,9.33,16.16,7.75,10.02,50.75,43.4
AC131649.1,lncRNA,0.58,2.7,0.23,0.22,0.59,4.18
AC131902.1,lncRNA,0.58,0.09,0.47,0.5,3.69,1.48
AC131934.1,lncRNA,2.06,1.61,0.48,2.0,2.74,2.04
AC131944.1,lncRNA,0.0,2.48,2.69,4.43,11.82,10.96
AC131953.1,lncRNA,0.0,0.5,0.0,2.07,0.43,0.25
AC131953.2,lncRNA,5.36,5.82,4.84,11.58,79.62,70.63
AC131956.1,lncRNA,0.0,0.0,0.0,0.0,0.25,0.2
AC131956.2,lncRNA,1.94,0.0,1.0,1.24,2.35,0.72
AC131956.3,lncRNA,0.0,0.0,0.06,0.0,0.0,0.0
AC131971.1,lncRNA,0.0,0.06,0.85,1.05,6.92,4.68
AC132153.1,lncRNA,1.38,2.62,1.91,4.0,5.28,6.9
AC132192.1,lncRNA,0.38,0.56,0.0,0.06,5.42,0.06
AC132192.2,lncRNA,15.15,22.64,12.65,11.35,58.64,48.04
AC132216.1,lncRNA,0.5,0.0,0.18,1.07,0.98,4.21
AC132217.1,lncRNA,0.52,2.07,0.87,0.18,1.44,1.69
AC132219.1,lncRNA,0.5,0.61,0.0,0.0,0.9,0.55
AC132803.1,lncRNA,0.0,2.96,0.6,0.18,20.23,13.45
AC132807.1,lncRNA,0.0,0.0,0.0,2.0,0.27,1.15
AC132807.2,lncRNA,0.0,0.0,0.09,0.0,0.12,0.0
AC132825.2,lncRNA,4685.73,850.04,162.62,1005.37,1635.7,223.73
AC132825.3,lncRNA,1.87,4.66,1.91,2.43,89.67,7.63
AC132872.1,lncRNA,6.56,16.0,2.25,1.0,3.19,1.36
AC132872.2,lncRNA,0.17,2.63,0.47,3.36,7.39,6.07
AC132872.3,lncRNA,0.83,0.36,1.43,0.79,5.96,4.73
AC132872.5,lncRNA,4.61,6.43,15.4,30.3,22.21,26.04
AC132938.1,lncRNA,0.0,0.0,0.68,0.1,1.68,0.81
AC132938.2,lncRNA,0.33,2.16,0.14,6.29,1.06,3.2
AC132938.3,lncRNA,0.82,2.17,0.97,0.62,17.8,13.52
AC132938.6,lncRNA,0.0,0.05,1.06,3.0,4.21,1.54
AC133040.1,lncRNA,0.5,0.98,2.0,0.29,0.5,0.29
AC133065.1,lncRNA,0.62,2.28,4.38,9.05,12.81,8.27
AC133106.1,lncRNA,1.0,3.0,0.07,6.0,4.82,7.59
AC133480.1,lncRNA,0.0,0.0,0.0,0.0,0.95,0.08
AC133485.2,lncRNA,0.44,0.51,0.93,1.64,5.28,3.54
AC133485.3,lncRNA,0.0,0.09,0.0,0.25,0.24,0.76
AC133485.5,lncRNA,0.14,0.34,0.91,0.0,0.27,0.67
AC133485.7,lncRNA,0.24,0.24,1.22,6.64,0.64,2.96
AC133528.1,lncRNA,0.43,0.31,0.25,0.21,2.39,2.64
AC133530.1,lncRNA,0.42,0.0,0.42,0.0,4.01,2.29
AC133540.1,lncRNA,0.24,3.25,0.86,2.03,6.91,2.39
AC133550.2,lncRNA,0.17,0.25,0.5,0.0,0.43,0.12
AC133550.3,lncRNA,0.0,1.5,0.0,0.36,1.05,0.14
AC133552.5,lncRNA,0.1,1.0,1.77,1.74,3.41,6.04
AC133555.6,lncRNA,1.84,1.04,1.76,1.23,15.1,8.68
AC133565.1,lncRNA,0.86,2.89,4.26,3.33,12.04,26.23
AC133634.1,lncRNA,0.0,0.0,0.5,0.07,0.75,0.17
AC133637.2,lncRNA,1.47,5.37,2.52,1.9,7.05,9.65
AC133644.1,lncRNA,0.13,0.67,0.47,0.5,1.23,0.85
AC133644.2,lncRNA,1.9,2.01,1.05,3.51,4.04,5.03
AC133681.1,lncRNA,1.91,2.6,1.48,0.6,2.42,2.81
AC133785.1,lncRNA,8.05,8.29,9.05,2.1,19.71,14.58
AC133865.1,lncRNA,0.0,0.0,0.0,0.0,0.76,0.0
AC133919.1,lncRNA,4.68,10.25,1.87,18.15,5.3,11.93
AC133919.2,lncRNA,0.44,0.23,2.69,1.23,33.84,18.16
AC133961.1,lncRNA,0.52,0.67,0.25,0.0,3.13,2.37
AC134043.2,lncRNA,0.1,1.0,0.1,0.17,0.84,0.5
AC134312.1,lncRNA,4.8,2.99,4.36,10.43,33.83,29.74
AC134312.2,lncRNA,0.19,0.61,0.84,0.11,1.19,1.22
AC134312.3,lncRNA,0.9,2.99,3.39,2.01,2.89,3.13
AC134312.4,lncRNA,3.0,3.12,1.38,0.25,4.54,2.87
AC134312.5,lncRNA,1.25,2.59,2.35,1.68,5.92,11.33
AC134312.6,lncRNA,0.11,0.0,0.1,0.48,1.51,0.0
AC134349.1,lncRNA,0.72,0.55,0.32,0.36,1.45,0.5
AC134407.1,lncRNA,0.07,0.0,0.0,0.0,0.33,0.0
AC134508.1,lncRNA,8.06,7.71,4.16,5.34,6.33,13.21
AC134508.2,lncRNA,0.5,5.36,2.23,3.58,2.71,5.58
AC134682.1,lncRNA,340.61,52.04,7.71,7.5,69.86,29.8
AC134772.1,lncRNA,1.93,6.84,2.1,3.15,12.85,6.66
AC134775.1,lncRNA,0.27,2.0,0.0,0.17,0.05,0.1
AC134978.1,lncRNA,1.09,0.07,0.0,0.09,0.46,0.79
AC134980.1,lncRNA,1.0,1.87,1.98,0.25,20.53,11.83
AC135012.1,lncRNA,13.56,10.55,9.15,17.9,57.06,28.83
AC135012.2,lncRNA,0.0,0.25,0.0,0.0,0.71,0.0
AC135012.3,lncRNA,29.39,11.02,56.98,25.02,401.65,473.37
AC135048.1,lncRNA,0.97,1.51,0.6,7.36,3.52,4.16
AC135048.2,lncRNA,0.26,0.49,0.12,0.16,2.71,3.77
AC135048.3,lncRNA,0.31,0.54,0.29,0.27,3.31,1.13
AC135050.1,lncRNA,10.23,4.38,7.42,3.85,50.9,46.53
AC135050.3,lncRNA,0.0,0.1,0.0,0.0,0.75,0.5
AC135050.4,lncRNA,2.0,0.0,2.0,0.0,2.02,5.06
AC135050.5,lncRNA,1.63,0.39,1.27,0.37,5.78,3.5
AC135050.6,lncRNA,0.0,1.0,0.2,0.0,2.41,0.75
AC135068.4,lncRNA,0.08,0.14,0.0,0.81,0.54,0.14
AC135166.1,lncRNA,3.54,1.47,0.76,0.55,7.95,6.01
AC135178.2,lncRNA,0.19,0.0,0.0,0.33,3.2,1.41
AC135178.4,lncRNA,1.0,0.12,0.0,0.84,2.02,2.67
AC135178.5,lncRNA,0.0,0.33,0.0,9.0,2.5,1.9
AC135178.6,lncRNA,2.06,1.03,0.23,2.14,3.77,2.92
AC135279.3,lncRNA,2.52,7.73,2.94,0.97,20.26,8.67
AC135388.1,lncRNA,1.27,0.17,1.32,0.87,3.96,2.94
AC135457.1,lncRNA,3.1,5.12,0.03,2.55,2.81,2.94
AC135507.1,lncRNA,0.0,0.0,0.12,0.29,2.84,2.85
AC135586.2,lncRNA,5.31,1.56,1.41,7.07,8.98,10.77
AC135726.1,lncRNA,0.0,0.0,0.0,0.0,1.0,0.43
AC135776.1,lncRNA,2.13,2.25,2.7,1.37,16.48,11.6
AC135776.2,lncRNA,0.77,0.35,0.55,0.21,2.23,1.69
AC135782.1,lncRNA,3.17,2.83,1.2,4.31,6.84,4.48
AC135782.2,lncRNA,0.82,0.0,0.5,0.57,3.93,0.43
AC135782.3,lncRNA,2.58,5.94,2.25,0.73,17.64,10.61
AC135803.1,lncRNA,0.0,0.0,0.1,0.0,0.17,0.53
AC135893.1,lncRNA,0.53,0.12,0.75,0.0,3.15,6.39
AC135895.1,lncRNA,1.06,1.06,0.0,3.67,1.13,3.42
AC135983.1,lncRNA,0.56,0.47,0.06,0.08,1.85,1.24
AC136188.1,lncRNA,0.0,0.2,0.0,0.0,0.11,0.67
AC136285.1,lncRNA,0.29,0.85,1.6,0.17,7.61,8.53
AC136285.2,lncRNA,0.0,0.0,0.07,0.0,2.08,1.58
AC136285.3,lncRNA,5.95,8.4,9.28,3.84,16.11,14.95
AC136297.1,lncRNA,1.23,1.79,2.64,6.48,29.54,25.76
AC136424.1,lncRNA,0.0,0.14,0.0,0.0,0.41,0.32
AC136424.2,lncRNA,0.1,1.1,0.0,1.54,0.52,0.33
AC136431.1,lncRNA,5.45,11.12,7.71,5.85,30.94,44.2
AC136431.2,lncRNA,0.46,0.83,1.11,0.11,0.87,1.4
AC136443.3,lncRNA,0.0,0.0,0.0,0.12,0.34,0.42
AC136443.4,lncRNA,0.0,2.0,0.0,3.5,0.44,0.22
AC136469.1,lncRNA,0.1,1.52,0.37,0.49,1.13,1.02
AC136475.1,lncRNA,1.83,4.14,3.05,2.9,20.0,19.47
AC136475.2,lncRNA,1.04,3.04,1.91,1.17,7.15,8.33
AC136475.3,lncRNA,2.49,4.89,2.59,13.84,16.52,10.18
AC136475.4,lncRNA,0.0,0.14,0.0,0.0,0.0,0.3
AC136475.5,lncRNA,0.0,0.0,0.08,0.5,1.37,0.29
AC136475.7,lncRNA,0.0,1.0,0.5,0.0,4.56,0.11
AC136489.1,lncRNA,0.12,0.9,1.24,1.89,9.58,6.58
AC136601.1,lncRNA,1.0,0.4,0.06,0.58,2.78,2.99
AC136604.2,lncRNA,2.64,0.31,1.51,2.89,9.05,5.86
AC136618.1,lncRNA,1.37,7.28,2.91,2.12,24.04,27.28
AC136624.1,lncRNA,0.45,4.7,1.85,0.71,6.43,7.19
AC136624.2,lncRNA,0.25,0.0,0.0,0.0,0.0,0.47
AC136628.1,lncRNA,0.0,0.53,0.5,0.29,4.56,2.65
AC136628.4,lncRNA,0.2,0.0,0.06,0.0,0.91,1.98
AC136698.1,lncRNA,0.34,1.42,0.38,1.61,2.09,1.44
AC136777.1,lncRNA,0.45,1.62,2.08,5.82,23.45,9.88
AC136944.1,lncRNA,0.16,1.14,1.0,1.45,0.0,0.28
AC136944.2,lncRNA,0.3,0.31,1.6,2.41,4.76,3.7
AC136944.4,lncRNA,0.2,0.0,0.27,0.0,0.93,0.88
AC136977.1,lncRNA,0.0,0.12,0.54,2.54,0.09,0.0
AC137056.1,lncRNA,0.58,0.09,0.34,0.25,1.57,1.44
AC137494.1,lncRNA,0.0,0.0,0.0,0.12,6.08,3.06
AC137561.1,lncRNA,0.0,0.0,0.0,0.33,1.87,0.83
AC137579.1,lncRNA,0.06,1.0,0.1,3.5,0.14,0.22
AC137579.2,lncRNA,0.0,0.0,0.0,0.0,0.87,0.95
AC137590.1,lncRNA,0.0,0.0,0.0,0.0,0.64,0.25
AC137590.2,lncRNA,0.0,0.0,0.0,0.0,0.53,0.33
AC137630.1,lncRNA,3.0,0.2,0.25,2.23,1.63,1.28
AC137630.2,lncRNA,0.44,0.44,0.57,0.0,3.35,3.06
AC137630.3,lncRNA,0.74,1.32,0.2,1.76,4.9,6.8
AC137630.4,lncRNA,0.25,0.06,0.08,0.0,0.4,0.31
AC137695.3,lncRNA,1.0,3.27,0.71,1.17,8.26,4.28
AC137735.1,lncRNA,0.0,0.0,0.0,0.0,2.42,0.2
AC137735.2,lncRNA,0.58,0.4,0.0,0.17,1.71,3.03
AC137735.3,lncRNA,0.0,1.73,3.02,1.33,8.49,9.53
AC137761.1,lncRNA,0.12,1.0,0.0,0.87,0.24,0.2
AC137770.1,lncRNA,1.05,0.0,0.0,0.06,0.32,0.07
AC137810.1,lncRNA,0.0,0.0,0.0,0.0,1.16,0.25
AC137834.2,lncRNA,0.05,0.54,1.62,0.31,4.73,2.87
AC137894.1,lncRNA,13.46,6.74,37.91,19.06,205.21,114.75
AC137894.3,lncRNA,0.12,0.42,0.1,1.3,1.58,0.7
AC137932.1,lncRNA,0.4,0.48,1.18,1.31,6.16,5.64
AC137932.2,lncRNA,6.68,1.01,3.03,3.1,41.84,58.72
AC137932.3,lncRNA,7.2,12.24,5.98,7.11,43.51,50.68
AC137936.1,lncRNA,0.0,0.0,0.08,0.0,0.98,0.59
AC138028.1,lncRNA,2.28,2.48,1.53,6.23,32.15,15.24
AC138028.2,lncRNA,5.13,3.67,10.62,7.02,51.0,46.2
AC138028.3,lncRNA,0.0,0.05,1.5,0.0,0.62,0.32
AC138028.4,lncRNA,1.4,0.51,1.26,1.19,5.42,3.69
AC138028.5,lncRNA,3.67,2.32,3.6,0.0,5.28,4.0
AC138028.6,lncRNA,2.11,0.12,3.68,1.48,6.85,3.53
AC138035.1,lncRNA,0.1,0.15,0.71,0.15,1.02,0.84
AC138057.1,lncRNA,0.65,0.0,0.21,0.18,1.21,0.0
AC138089.1,lncRNA,0.2,0.0,1.26,1.17,2.16,1.76
AC138123.1,lncRNA,1.41,1.55,4.64,1.48,7.01,5.79
AC138123.2,lncRNA,6.64,11.34,2.08,7.32,10.0,11.28
AC138150.1,lncRNA,0.12,0.5,2.23,0.72,4.95,4.78
AC138150.2,lncRNA,2.43,0.98,2.97,1.9,13.67,14.39
AC138207.1,lncRNA,0.0,0.93,2.05,0.17,1.33,0.87
AC138207.2,lncRNA,0.7,0.66,0.58,2.12,1.24,1.57
AC138207.4,lncRNA,0.35,0.0,3.05,1.22,0.09,0.85
AC138207.5,lncRNA,0.0,4.0,0.0,0.05,0.0,0.0
AC138207.7,lncRNA,0.0,0.0,0.0,0.2,0.0,0.08
AC138207.9,lncRNA,0.34,2.7,0.67,0.0,2.93,0.66
AC138230.1,lncRNA,0.52,1.83,0.89,0.61,7.51,11.07
AC138304.1,lncRNA,0.0,0.5,2.0,0.5,5.94,4.49
AC138305.1,lncRNA,0.11,1.0,1.57,1.14,5.79,3.69
AC138305.2,lncRNA,0.0,0.0,0.0,0.0,0.5,0.0
AC138331.1,lncRNA,0.07,0.0,0.0,0.0,1.25,0.09
AC138356.1,lncRNA,3.86,1.42,3.38,2.59,20.64,11.77
AC138356.3,lncRNA,0.32,0.63,0.12,0.0,2.99,2.86
AC138360.1,lncRNA,0.0,0.5,0.53,0.47,0.33,0.51
AC138393.2,lncRNA,0.2,1.5,0.0,1.4,0.73,0.86
AC138409.3,lncRNA,0.0,0.77,0.0,0.58,2.61,0.35
AC138420.1,lncRNA,0.0,0.33,0.43,2.09,6.23,4.79
AC138430.1,lncRNA,3.87,2.68,6.84,6.76,37.8,31.87
AC138466.1,lncRNA,0.22,1.31,0.2,1.61,1.91,1.54
AC138466.3,lncRNA,0.0,1.0,0.0,0.0,0.0,0.92
AC138470.2,lncRNA,2.0,0.14,1.33,2.14,2.04,3.99
AC138474.1,lncRNA,0.36,0.17,1.8,5.87,7.16,13.89
AC138512.1,lncRNA,0.33,0.33,9.5,0.5,7.71,2.89
AC138625.1,lncRNA,2.25,1.08,0.0,2.12,0.17,0.33
AC138625.2,lncRNA,0.0,0.0,0.12,0.5,0.0,0.31
AC138627.1,lncRNA,9.62,7.89,23.02,15.85,46.03,53.23
AC138646.1,lncRNA,0.0,0.06,0.88,0.59,0.4,1.34
AC138647.2,lncRNA,0.14,0.08,0.0,3.17,2.0,3.15
AC138649.1,lncRNA,1.12,16.08,4.04,14.19,10.87,15.59
AC138696.2,lncRNA,0.79,0.0,0.44,0.17,5.02,9.91
AC138761.1,lncRNA,0.0,1.25,1.0,8.25,9.39,4.54
AC138781.1,lncRNA,0.07,2.37,0.0,3.0,1.08,0.0
AC138811.1,lncRNA,51.14,106.53,45.54,36.52,18.5,24.1
AC138819.1,lncRNA,0.0,0.0,0.0,0.08,0.85,0.24
AC138854.1,lncRNA,1.0,0.5,1.76,0.79,9.23,12.45
AC138869.2,lncRNA,0.15,0.09,0.0,0.25,0.46,0.82
AC138869.3,lncRNA,0.19,0.44,0.51,0.26,2.36,2.58
AC138894.2,lncRNA,0.0,0.0,0.0,0.12,0.12,0.0
AC138904.1,lncRNA,4.45,7.96,0.89,12.42,2.09,4.0
AC138904.3,lncRNA,5.05,2.55,25.7,12.47,18.31,14.3
AC138907.1,lncRNA,0.19,0.44,0.32,0.19,3.43,2.43
AC138907.2,lncRNA,0.14,0.34,0.91,0.0,0.27,0.67
AC138907.3,lncRNA,0.15,0.09,0.0,0.0,0.49,0.57
AC138907.7,lncRNA,0.0,0.0,0.38,1.54,0.31,0.68
AC138915.3,lncRNA,1.94,0.66,1.48,4.27,5.39,2.99
AC138932.1,lncRNA,0.49,1.73,1.63,2.56,11.6,8.66
AC138932.4,lncRNA,0.0,0.0,0.0,0.0,1.95,0.79
AC138956.1,lncRNA,0.07,0.07,0.54,0.25,0.87,0.24
AC138956.2,lncRNA,0.67,1.0,2.18,0.08,0.41,2.81
AC138965.1,lncRNA,0.55,0.25,0.62,0.39,1.19,0.45
AC138969.2,lncRNA,0.9,2.23,1.63,2.56,13.76,9.16
AC139019.1,lncRNA,3.11,1.42,4.58,2.79,8.91,9.4
AC139099.1,lncRNA,0.41,0.06,0.61,1.93,2.1,2.13
AC139099.2,lncRNA,0.88,0.76,3.85,0.94,16.32,15.02
AC139100.1,lncRNA,0.39,0.96,0.67,0.84,10.53,3.45
AC139100.2,lncRNA,0.0,0.33,0.0,1.0,0.11,1.51
AC139149.1,lncRNA,0.31,0.72,0.25,1.42,0.8,3.92
AC139426.2,lncRNA,0.0,0.09,0.0,0.5,1.12,0.11
AC139491.1,lncRNA,1.14,2.5,0.68,2.58,6.12,2.33
AC139491.2,lncRNA,11.61,12.77,5.08,20.93,25.25,37.24
AC139491.3,lncRNA,0.0,2.58,0.25,3.5,3.13,1.42
AC139491.4,lncRNA,0.0,0.14,0.0,0.39,1.04,0.16
AC139491.8,lncRNA,0.2,0.12,1.43,0.2,0.9,2.45
AC139493.2,lncRNA,2.55,1.36,1.15,1.43,6.21,8.82
AC139497.1,lncRNA,0.33,1.0,0.51,0.0,0.2,0.32
AC139530.1,lncRNA,2.76,2.44,2.49,5.12,21.9,21.92
AC139530.3,lncRNA,1.03,1.0,1.61,3.46,3.17,3.48
AC139712.1,lncRNA,0.0,0.1,0.0,0.0,2.23,0.27
AC139718.1,lncRNA,0.0,0.0,0.0,1.0,0.62,1.34
AC139720.1,lncRNA,0.08,0.5,0.0,0.75,0.77,1.09
AC139720.2,lncRNA,0.0,0.0,0.0,1.0,1.06,0.23
AC139768.1,lncRNA,8.08,3.22,0.06,5.0,1.0,0.0
AC139769.2,lncRNA,0.78,0.79,1.7,1.23,3.1,4.47
AC139792.1,lncRNA,4.0,0.0,0.0,3.5,0.09,1.0
AC139795.2,lncRNA,5.26,0.32,1.16,0.42,4.91,5.21
AC139834.1,lncRNA,11.71,3.39,7.68,4.9,18.24,18.92
AC139887.1,lncRNA,1.77,5.67,3.93,1.17,4.32,11.45
AC139887.2,lncRNA,67.54,22.61,14.06,13.85,25.0,22.78
AC139887.3,lncRNA,1.0,0.0,2.7,0.5,2.07,1.46
AC139887.4,lncRNA,0.0,1.08,1.33,0.0,0.78,0.08
AC139887.5,lncRNA,0.53,0.88,2.0,2.92,4.86,4.28
AC140118.1,lncRNA,1.6,0.0,1.0,0.0,0.0,0.22
AC140118.2,lncRNA,6.3,2.0,2.4,0.91,12.7,8.7
AC140121.1,lncRNA,0.33,1.33,0.52,1.0,17.27,12.43
AC140125.1,lncRNA,0.0,0.0,0.0,0.0,0.4,0.22
AC140125.2,lncRNA,1.64,4.5,0.68,3.58,6.26,2.52
AC140125.3,lncRNA,1.07,0.38,0.47,0.5,0.61,2.83
AC140134.1,lncRNA,11.71,3.39,7.68,4.9,18.24,18.92
AC140168.1,lncRNA,0.0,0.38,1.33,0.17,2.33,3.72
AC140479.4,lncRNA,0.3,0.07,0.76,1.64,3.35,2.78
AC140481.1,lncRNA,0.54,3.5,1.27,2.04,9.83,8.28
AC140481.2,lncRNA,0.47,0.85,0.52,1.21,0.53,1.39
AC140481.3,lncRNA,0.61,0.33,0.09,0.02,1.49,0.83
AC140658.1,lncRNA,0.96,3.06,2.98,4.18,6.32,3.36
AC140658.2,lncRNA,0.14,1.34,0.11,0.0,0.77,0.21
AC140725.1,lncRNA,0.13,0.19,0.2,1.36,2.28,1.4
AC140847.1,lncRNA,1.5,3.83,0.33,2.29,5.12,6.03
AC140847.2,lncRNA,3.91,17.12,3.57,2.2,9.92,8.57
AC140912.1,lncRNA,3.67,4.45,11.2,5.14,39.23,31.58
AC141002.1,lncRNA,0.0,2.0,0.0,0.17,0.0,0.17
AC141257.1,lncRNA,0.19,0.44,0.32,0.26,2.36,2.43
AC141257.2,lncRNA,0.0,0.0,0.0,0.39,0.14,0.15
AC141273.1,lncRNA,0.0,0.16,0.84,0.0,1.43,0.73
AC141424.1,lncRNA,1.0,2.26,1.7,0.83,12.37,21.28
AC141586.2,lncRNA,0.11,0.5,0.0,0.07,1.98,1.55
AC141586.3,lncRNA,0.98,1.26,0.33,2.39,5.11,3.02
AC141930.1,lncRNA,0.0,0.17,0.14,0.0,3.11,0.74
AC141930.2,lncRNA,1.01,1.06,3.18,3.65,11.03,6.91
AC142086.1,lncRNA,0.96,1.49,3.09,1.68,6.09,4.28
AC142086.4,lncRNA,0.14,0.34,0.31,1.0,2.11,0.73
AC142116.2,lncRNA,0.0,0.0,0.0,0.0,0.34,0.45
AC142472.1,lncRNA,13.56,15.4,56.53,19.32,115.44,97.93
AC144450.1,lncRNA,0.17,1.14,0.31,1.16,7.17,4.97
AC144521.1,lncRNA,4.0,23.5,9.33,1.0,32.02,36.92
AC144548.1,lncRNA,0.58,1.79,0.66,0.98,0.67,0.54
AC144568.2,lncRNA,0.31,0.12,0.25,0.43,2.07,2.96
AC144831.1,lncRNA,2.65,0.93,1.57,0.76,21.86,16.49
AC144833.1,lncRNA,3.64,3.83,1.31,3.75,11.96,12.68
AC144836.1,lncRNA,0.0,0.0,0.11,0.67,3.52,2.01
AC145098.1,lncRNA,0.04,0.5,0.0,0.1,3.75,1.03
AC145124.1,lncRNA,0.6,0.75,2.39,3.19,5.82,4.62
AC145141.1,lncRNA,0.0,0.67,0.0,0.0,0.84,0.1
AC145141.2,lncRNA,0.33,1.0,0.51,0.0,0.2,0.32
AC145146.1,lncRNA,0.0,0.0,0.0,0.0,1.42,1.53
AC145207.1,lncRNA,0.0,0.5,1.35,0.25,6.65,6.06
AC145207.2,lncRNA,4.7,3.32,4.35,13.24,4.88,6.27
AC145207.3,lncRNA,4.4,4.62,1.4,1.08,2.69,3.02
AC145207.4,lncRNA,0.0,0.17,0.1,0.37,0.88,0.3
AC145207.5,lncRNA,6.2,7.69,1.56,10.12,2.41,2.07
AC145207.6,lncRNA,1.0,0.0,0.0,0.0,0.17,0.17
AC145207.7,lncRNA,1.36,0.83,0.29,4.07,9.8,4.66
AC145207.8,lncRNA,0.25,0.17,2.96,1.55,3.1,1.81
AC145285.2,lncRNA,0.65,1.25,0.65,3.23,1.98,3.86
AC145285.3,lncRNA,0.27,0.46,0.31,2.0,1.14,1.41
AC145285.6,lncRNA,9.17,9.57,20.5,19.17,27.18,26.08
AC145343.1,lncRNA,1.17,1.09,0.64,0.37,6.17,7.18
AC145350.2,lncRNA,0.87,0.0,0.0,0.77,2.26,0.75
AC145350.4,lncRNA,0.14,0.34,0.91,0.0,0.27,0.67
AC145423.1,lncRNA,0.07,0.0,0.0,0.0,0.0,0.0
AC145423.2,lncRNA,4.47,5.91,21.33,14.27,29.66,30.84
AC145543.1,lncRNA,0.0,0.87,0.14,0.0,0.52,0.78
AC145625.1,lncRNA,1.5,0.17,0.0,0.33,1.48,0.79
AC145625.2,lncRNA,0.86,0.17,0.86,0.07,1.92,0.61
AC146507.3,lncRNA,0.14,1.58,0.25,2.67,1.89,3.96
AC146944.2,lncRNA,0.0,1.5,0.21,0.0,1.4,0.11
AC147067.1,lncRNA,0.0,0.0,2.12,1.59,3.66,2.48
AC147067.2,lncRNA,0.5,0.17,0.2,0.17,0.4,0.32
AC147651.1,lncRNA,0.0,0.0,0.5,0.0,1.96,1.39
AC148476.1,lncRNA,0.83,1.0,0.16,1.05,2.05,0.33
AC148477.1,lncRNA,1.39,0.79,0.21,0.07,6.76,6.88
AC148477.10,lncRNA,0.61,1.0,0.2,0.12,2.3,4.55
AC148477.2,lncRNA,1.31,1.01,2.52,3.93,11.23,7.6
AC148477.3,lncRNA,0.71,1.05,2.48,2.36,6.32,4.87
AC148477.4,lncRNA,1.58,2.11,2.6,1.08,10.17,6.94
AC156455.1,lncRNA,7.93,12.35,21.41,5.67,40.98,45.58
AC159540.1,lncRNA,0.33,0.56,0.12,0.33,0.25,0.0
AC159540.2,lncRNA,0.7,3.34,1.0,1.22,2.09,2.64
AC174469.1,lncRNA,1.73,11.72,4.43,3.19,4.89,3.9
AC183088.3,lncRNA,0.34,0.36,0.07,0.7,1.13,0.96
AC188616.1,lncRNA,0.81,3.1,1.27,1.75,8.7,10.13
AC188617.1,lncRNA,36.43,28.51,25.87,258.35,88.61,85.05
AC188617.2,lncRNA,4.39,4.77,4.93,1.33,34.95,18.39
AC207130.1,lncRNA,16.03,14.96,26.95,14.29,8.02,10.29
AC209005.1,lncRNA,0.83,0.52,0.99,1.0,9.54,6.4
AC211433.1,lncRNA,0.33,0.14,3.49,2.0,5.5,4.91
AC211433.2,lncRNA,0.0,0.84,0.0,0.0,2.4,0.98
AC211476.2,lncRNA,0.29,0.69,0.08,2.95,5.18,3.78
AC211476.3,lncRNA,0.02,0.33,0.68,0.61,1.39,0.69
AC211476.5,lncRNA,0.03,0.0,0.17,0.1,0.99,0.42
AC211476.6,lncRNA,0.82,2.26,1.5,4.48,7.07,7.76
AC211486.2,lncRNA,0.67,3.0,0.1,0.93,0.07,0.43
AC211486.5,lncRNA,0.08,0.23,0.1,0.93,0.76,0.28
AC215217.1,lncRNA,0.0,0.0,0.0,0.0,0.7,0.23
AC215522.2,lncRNA,2.38,4.05,3.49,5.52,32.09,29.06
AC215522.3,lncRNA,0.0,0.0,0.0,0.06,0.29,0.39
AC217774.1,lncRNA,0.0,0.0,0.0,0.2,0.56,0.7
AC217774.2,lncRNA,0.24,0.1,0.75,3.0,4.49,1.86
AC226101.1,lncRNA,6.34,0.57,4.88,0.67,5.55,4.05
AC226118.1,lncRNA,4.49,1.69,4.25,0.42,18.76,9.16
AC226119.1,lncRNA,0.0,0.42,0.23,2.99,0.66,0.8
AC226119.3,lncRNA,0.0,0.0,0.0,0.25,0.17,0.16
AC231533.1,lncRNA,0.64,5.85,5.67,2.94,11.31,12.62
AC231759.2,lncRNA,0.51,0.93,0.9,0.36,8.76,9.07
AC231981.1,lncRNA,2.47,2.05,3.56,6.48,25.71,17.39
AC232271.1,lncRNA,3.0,4.09,3.08,2.0,36.04,51.46
AC232271.2,lncRNA,0.04,0.11,0.0,0.16,0.21,0.24
AC232271.3,lncRNA,32.08,9.12,8.89,26.22,103.74,54.21
AC233263.6,lncRNA,0.6,1.21,0.0,0.43,0.72,0.69
AC233280.1,lncRNA,1.08,3.37,3.48,2.6,10.79,9.3
AC233701.1,lncRNA,12.13,6.83,15.93,3.9,156.41,103.27
AC233702.5,lncRNA,0.0,0.0,0.25,0.0,0.22,0.22
AC233702.7,lncRNA,0.33,0.92,0.12,0.58,2.03,2.9
AC233728.1,lncRNA,0.0,0.5,0.0,1.0,0.0,0.0
AC233976.1,lncRNA,0.5,2.42,0.14,0.31,4.71,2.17
AC233976.2,lncRNA,1.21,2.47,0.28,2.49,11.53,13.45
AC233992.1,lncRNA,0.1,1.0,0.12,1.22,0.77,1.39
AC233992.3,lncRNA,1.82,4.32,3.94,0.6,4.67,8.83
AC234031.1,lncRNA,0.2,0.92,0.33,0.0,1.29,0.28
AC234582.1,lncRNA,0.17,1.0,0.0,0.62,1.23,1.06
AC234644.2,lncRNA,0.5,1.4,1.07,0.66,6.98,8.08
AC234771.1,lncRNA,0.0,0.0,0.06,0.0,0.1,0.25
AC234772.1,lncRNA,1.0,2.5,1.0,0.0,8.63,5.89
AC234775.2,lncRNA,0.0,0.0,0.0,1.7,0.09,0.06
AC234775.3,lncRNA,1.33,4.0,1.05,2.55,5.4,10.26
AC234781.1,lncRNA,0.89,1.52,0.83,2.0,3.2,3.62
AC234782.2,lncRNA,7.23,8.11,6.11,2.77,33.41,33.08
AC234917.1,lncRNA,0.0,0.0,0.0,0.0,0.43,0.06
AC234917.2,lncRNA,0.1,0.6,1.1,0.1,2.04,4.06
AC234917.3,lncRNA,3.16,7.2,6.78,4.67,11.67,13.21
AC235097.1,lncRNA,0.29,0.0,1.0,0.0,0.95,0.0
AC236668.1,lncRNA,0.0,2.0,2.5,0.08,1.13,0.36
AC236972.3,lncRNA,2.0,0.37,0.33,0.25,2.18,2.51
AC237221.1,lncRNA,6.47,6.07,5.51,8.79,23.77,24.26
AC239584.1,lncRNA,0.0,0.18,1.5,2.0,0.0,1.84
AC239585.1,lncRNA,1.61,0.05,1.14,0.64,3.6,3.05
AC239585.2,lncRNA,0.13,0.78,0.0,0.17,3.18,2.82
AC239727.1,lncRNA,0.2,0.17,0.5,0.0,2.95,6.58
AC239799.1,lncRNA,0.96,1.25,1.7,1.71,6.52,3.8
AC239799.2,lncRNA,4.94,11.38,3.76,1.65,19.61,29.8
AC239800.2,lncRNA,0.93,2.18,1.4,3.03,12.4,12.56
AC239802.1,lncRNA,0.0,0.0,0.0,0.0,0.2,1.1
AC239802.2,lncRNA,0.0,0.0,1.0,2.12,0.64,0.56
AC239803.1,lncRNA,0.0,0.53,0.53,0.05,0.46,0.71
AC239804.1,lncRNA,0.95,0.0,0.24,1.38,1.18,0.66
AC239809.3,lncRNA,13.0,18.09,18.21,20.54,59.6,62.59
AC239860.3,lncRNA,0.37,1.36,2.28,1.16,7.75,9.97
AC239868.1,lncRNA,2.02,2.04,3.63,10.5,5.76,7.15
AC240565.1,lncRNA,0.39,1.62,0.88,1.74,0.96,3.74
AC241644.1,lncRNA,1.0,0.0,0.88,0.0,0.24,1.36
AC241644.2,lncRNA,0.21,1.7,0.55,12.33,0.68,4.35
AC241644.3,lncRNA,0.0,0.12,0.0,0.0,0.56,0.14
AC242022.1,lncRNA,0.0,0.0,1.78,0.84,0.32,1.26
AC242022.2,lncRNA,0.0,0.5,0.0,0.17,0.75,0.62
AC242426.2,lncRNA,6.41,6.76,4.59,6.82,19.74,17.48
AC242842.1,lncRNA,0.39,0.62,0.08,0.57,2.33,0.42
AC242988.1,lncRNA,1.0,0.33,0.0,0.64,2.38,2.24
AC242988.2,lncRNA,0.0,0.0,0.0,0.15,0.49,3.17
AC243547.1,lncRNA,0.0,0.12,0.0,0.07,0.5,1.17
AC243547.2,lncRNA,0.08,0.04,0.6,0.36,5.42,6.58
AC243562.3,lncRNA,0.74,0.92,0.24,2.14,1.32,0.42
AC243571.1,lncRNA,0.0,0.0,0.0,0.0,0.75,0.26
AC243571.2,lncRNA,2.14,1.49,6.16,5.86,49.13,27.68
AC243585.1,lncRNA,0.0,0.0,0.0,1.0,0.0,1.09
AC243585.2,lncRNA,0.0,0.32,0.0,0.29,0.65,0.58
AC243654.1,lncRNA,0.34,1.22,0.0,0.0,0.0,0.0
AC243654.3,lncRNA,0.0,0.0,2.0,0.0,0.08,0.24
AC243772.2,lncRNA,0.92,3.05,1.87,2.68,5.64,4.11
AC243773.1,lncRNA,0.28,6.53,0.02,0.26,4.92,2.2
AC243773.2,lncRNA,0.0,0.0,0.0,0.0,0.12,0.14
AC243829.1,lncRNA,0.24,0.27,3.32,0.56,6.63,4.41
AC243829.2,lncRNA,0.06,0.0,0.18,0.17,0.27,0.33
AC243829.4,lncRNA,0.2,0.17,0.31,9.33,1.4,2.31
AC243829.5,lncRNA,2.2,2.94,0.0,1.17,0.0,1.42
AC243830.1,lncRNA,0.6,4.19,0.96,0.69,13.73,8.99
AC243830.2,lncRNA,1.0,0.0,0.67,0.67,12.99,10.2
AC243830.3,lncRNA,0.89,0.0,1.0,0.0,1.19,0.12
AC243919.2,lncRNA,0.36,2.0,0.0,2.14,0.65,1.26
AC243960.1,lncRNA,1.75,4.34,1.69,4.49,9.72,8.62
AC243960.3,lncRNA,0.11,2.25,1.07,1.88,15.83,6.95
AC243961.1,lncRNA,0.0,0.2,0.0,0.12,0.55,0.79
AC243964.3,lncRNA,0.42,0.4,1.17,2.45,4.86,4.94
AC243965.1,lncRNA,0.77,0.53,1.79,0.63,6.92,4.31
AC243965.2,lncRNA,2.11,4.34,2.21,4.67,16.9,15.44
AC243967.2,lncRNA,1.0,0.1,0.25,0.4,4.47,9.7
AC243967.3,lncRNA,0.0,0.7,1.0,4.96,4.24,4.58
AC243972.1,lncRNA,0.17,0.0,0.25,0.0,0.5,0.0
AC244033.2,lncRNA,11.44,19.14,11.2,21.97,185.88,155.08
AC244034.2,lncRNA,0.0,1.0,0.0,0.4,2.5,1.42
AC244035.1,lncRNA,0.1,0.0,1.47,1.6,5.85,4.48
AC244035.2,lncRNA,0.41,1.26,0.29,0.06,0.7,0.19
AC244035.4,lncRNA,0.0,0.0,0.0,0.0,0.07,0.43
AC244090.2,lncRNA,0.0,0.0,1.5,0.33,0.98,1.56
AC244093.3,lncRNA,0.0,3.0,0.06,3.0,1.45,1.49
AC244093.4,lncRNA,0.0,0.0,2.25,0.25,0.13,0.62
AC244093.5,lncRNA,0.2,1.25,0.0,0.0,3.81,7.33
AC244100.2,lncRNA,0.5,0.17,1.05,0.47,14.42,14.01
AC244100.3,lncRNA,0.23,0.14,1.0,0.38,3.08,3.1
AC244100.4,lncRNA,0.32,0.5,0.5,2.14,0.27,0.54
AC244102.1,lncRNA,0.14,0.0,0.09,0.32,1.24,0.47
AC244102.3,lncRNA,1.28,0.77,0.0,0.62,3.71,2.77
AC244131.2,lncRNA,4.73,1.96,0.15,0.63,9.69,3.25
AC244153.1,lncRNA,0.71,0.34,0.31,0.77,5.99,3.2
AC244197.2,lncRNA,0.41,0.12,0.82,0.0,1.29,0.47
AC244205.1,lncRNA,0.12,0.04,1.52,0.25,1.06,1.07
AC244213.1,lncRNA,0.75,4.11,1.65,0.45,12.4,10.96
AC244230.1,lncRNA,0.17,0.58,0.45,0.38,2.85,1.71
AC244230.2,lncRNA,5.91,3.03,4.0,3.17,2.66,2.1
AC244250.1,lncRNA,0.0,0.0,0.0,0.0,0.62,1.46
AC244250.4,lncRNA,0.63,0.72,0.63,0.88,2.84,7.11
AC244394.3,lncRNA,0.05,0.18,0.16,0.21,0.87,0.93
AC244453.1,lncRNA,0.06,0.16,0.42,0.15,2.12,2.37
AC244453.2,lncRNA,1.23,2.72,3.88,0.8,11.83,6.7
AC244453.3,lncRNA,0.0,0.0,0.07,5.0,1.0,0.96
AC244472.1,lncRNA,3.05,0.69,0.27,2.17,1.9,2.09
AC244502.1,lncRNA,0.71,3.9,5.34,9.42,15.14,18.99
AC244502.3,lncRNA,0.08,5.19,1.67,1.0,1.54,5.86
AC244517.1,lncRNA,1.43,6.12,0.0,2.39,9.13,25.47
AC244517.11,lncRNA,0.45,0.57,1.19,2.68,9.43,7.98
AC244517.12,lncRNA,0.0,0.58,0.1,0.0,0.58,4.87
AC244517.2,lncRNA,5.55,4.36,11.49,5.16,86.38,74.71
AC244517.4,lncRNA,0.27,0.1,0.71,0.13,0.91,0.45
AC244517.5,lncRNA,11.5,25.7,17.62,8.42,63.57,37.97
AC244517.6,lncRNA,0.0,0.25,0.0,0.0,1.04,0.93
AC244517.7,lncRNA,0.0,0.0,1.07,0.58,1.0,0.38
AC244517.8,lncRNA,0.25,0.15,0.0,0.0,0.56,1.98
AC244517.9,lncRNA,0.89,1.0,0.37,1.11,2.19,0.63
AC244636.3,lncRNA,0.65,3.29,1.34,0.75,8.43,4.92
AC245008.1,lncRNA,0.12,0.0,0.0,0.0,0.42,0.22
AC245014.1,lncRNA,0.0,0.38,0.17,0.2,3.01,2.17
AC245014.3,lncRNA,2.99,1.41,4.83,2.41,1.19,5.29
AC245033.2,lncRNA,0.08,6.92,1.0,3.48,4.67,5.26
AC245033.4,lncRNA,1.89,10.13,1.41,0.4,1.73,2.88
AC245036.5,lncRNA,0.0,1.5,0.47,0.0,5.01,3.35
AC245041.1,lncRNA,0.0,0.0,0.25,0.5,0.54,0.25
AC245041.2,lncRNA,4.62,5.33,4.3,8.4,11.33,8.86
AC245052.1,lncRNA,0.0,0.0,0.0,0.2,1.24,3.39
AC245052.4,lncRNA,3.19,7.14,3.84,6.14,26.45,22.15
AC245052.7,lncRNA,0.0,0.4,0.0,0.67,1.04,1.55
AC245056.1,lncRNA,0.0,0.0,0.0,0.12,0.33,0.23
AC245060.2,lncRNA,0.0,0.0,0.0,0.0,0.21,0.0
AC245060.5,lncRNA,0.06,0.25,0.36,2.31,0.87,0.39
AC245060.6,lncRNA,4.81,5.51,6.88,9.77,5.63,5.46
AC245060.7,lncRNA,6.15,3.85,0.54,4.51,9.02,6.72
AC245088.1,lncRNA,0.0,0.0,1.58,0.0,0.27,0.31
AC245100.1,lncRNA,20.2,6.75,37.22,17.8,98.49,86.54
AC245100.5,lncRNA,0.0,0.0,0.0,0.0,0.5,0.5
AC245123.1,lncRNA,2.48,0.83,2.69,1.75,4.25,4.07
AC245128.1,lncRNA,0.39,0.0,0.2,0.0,7.43,2.99
AC245128.3,lncRNA,0.0,2.1,0.34,5.5,4.63,2.97
AC245140.1,lncRNA,0.0,0.0,0.0,0.0,0.53,0.93
AC245140.2,lncRNA,1.34,2.9,5.93,8.23,45.81,32.01
AC245140.3,lncRNA,0.0,0.0,0.17,0.35,2.02,1.92
AC245164.1,lncRNA,1.07,0.17,0.78,0.0,1.82,3.04
AC245164.2,lncRNA,0.16,0.3,1.54,0.0,0.89,4.19
AC245177.1,lncRNA,1.74,0.05,1.14,0.48,3.6,3.22
AC245187.1,lncRNA,0.0,0.2,0.0,0.0,0.5,0.32
AC245187.2,lncRNA,0.3,0.0,2.0,0.12,4.08,2.67
AC245297.2,lncRNA,0.2,2.02,0.0,0.42,2.97,3.87
AC245297.3,lncRNA,2.12,5.68,3.36,4.85,15.98,15.85
AC245407.2,lncRNA,0.0,0.25,0.39,2.27,4.04,4.28
AC245427.1,lncRNA,0.05,0.5,0.0,0.05,2.98,1.86
AC245427.2,lncRNA,2.12,2.17,0.33,0.62,3.61,2.84
AC245452.4,lncRNA,0.11,0.0,0.17,0.35,1.41,0.27
AC245519.1,lncRNA,1.5,0.11,5.0,2.83,31.78,58.73
AC245519.2,lncRNA,0.0,0.0,0.5,0.0,5.53,8.25
AC245748.2,lncRNA,0.65,0.57,0.57,0.24,1.45,1.24
AC245748.3,lncRNA,0.08,0.0,0.0,0.0,0.85,0.12
AC245884.1,lncRNA,0.35,0.82,1.24,1.55,5.47,2.82
AC245884.10,lncRNA,0.0,0.0,0.0,0.0,1.7,3.43
AC245884.11,lncRNA,0.11,1.79,0.05,0.66,1.73,1.25
AC245884.8,lncRNA,0.31,0.0,1.93,0.58,4.64,4.28
AC245884.9,lncRNA,0.59,0.0,0.0,0.0,6.36,2.47
AC246680.1,lncRNA,0.06,0.16,0.42,0.2,2.34,1.97
AC246785.3,lncRNA,0.0,0.27,0.08,0.14,3.0,2.17
AC246787.2,lncRNA,0.0,0.0,0.0,0.29,0.0,0.49
AC246817.1,lncRNA,0.74,5.37,1.84,7.04,7.23,11.51
AC246817.2,lncRNA,8.99,3.66,7.01,6.73,28.19,36.07
AC247036.1,lncRNA,0.0,0.0,0.0,0.0,0.62,0.43
AC253536.3,lncRNA,0.0,0.0,0.0,2.0,1.5,0.89
AC253536.6,lncRNA,0.28,0.73,1.59,0.14,1.49,1.68
AC253572.1,lncRNA,21.78,5.28,66.5,227.7,9.86,20.78
AC253576.2,lncRNA,0.0,0.0,0.45,0.0,0.08,0.4
AC254562.2,lncRNA,0.0,0.0,0.0,0.06,3.21,2.52
AC254562.3,lncRNA,0.25,1.0,0.0,0.18,1.46,0.99
AC254629.1,lncRNA,4.97,3.71,5.39,4.71,80.56,91.5
AC254633.1,lncRNA,1.0,0.5,2.0,0.6,6.04,1.28
ACAP2-IT1,lncRNA,0.0,0.08,0.0,0.0,0.07,0.38
ACBD3-AS1,lncRNA,0.0,0.0,0.5,0.0,0.24,0.0
ACOXL-AS1,lncRNA,0.42,1.23,2.43,0.39,9.2,7.47
ACSL3-AS1,lncRNA,0.0,0.06,0.0,0.33,0.58,0.78
ACSL6-AS1,lncRNA,0.0,0.12,0.75,0.0,1.15,0.62
ACTA2-AS1,lncRNA,0.65,0.56,1.9,1.38,8.95,4.32
ACTN1-AS1,lncRNA,0.31,4.64,2.67,1.25,12.63,7.31
ACVR2B-AS1,lncRNA,1.88,7.86,2.62,5.43,7.96,11.75
AD000090.1,lncRNA,460.2,1208.69,2219.05,1346.93,852.28,1045.99
AD000671.3,lncRNA,2.65,4.08,6.17,5.46,4.76,6.2
AD001527.1,lncRNA,0.66,0.51,0.09,5.8,2.2,3.92
ADAMTS19-AS1,lncRNA,0.7,3.86,3.0,1.8,12.67,9.74
ADAMTS9-AS1,lncRNA,2.76,6.29,11.6,4.38,19.08,31.57
ADAMTS9-AS2,lncRNA,29.03,39.44,22.16,26.91,108.69,100.46
ADAMTSL4-AS1,lncRNA,1.39,1.95,4.41,2.81,10.06,11.18
ADAMTSL4-AS2,lncRNA,0.42,0.16,0.43,0.42,1.97,3.45
ADARB2-AS1,lncRNA,0.67,0.67,5.89,0.58,17.17,16.58
ADCY6-DT,lncRNA,0.0,2.0,0.25,0.7,3.57,4.67
ADD3-AS1,lncRNA,9.33,16.01,10.49,26.05,242.7,228.92
ADGRA1-AS1,lncRNA,6.57,12.15,12.91,17.72,55.39,47.3
ADGRD1-AS1,lncRNA,1.62,0.52,1.17,4.86,47.45,45.62
ADGRF5-AS1,lncRNA,0.5,0.0,0.0,0.0,2.62,5.52
ADGRL3-AS1,lncRNA,0.25,0.0,0.05,2.0,1.96,3.24
ADIPOQ-AS1,lncRNA,1.2,5.47,2.84,7.5,6.33,4.95
ADIRF-AS1,lncRNA,11.16,14.0,27.84,23.32,29.17,36.96
ADNP-AS1,lncRNA,0.82,0.67,0.6,0.72,2.99,3.4
ADORA2A-AS1,lncRNA,1.32,4.19,3.91,6.5,10.77,11.99
ADPGK-AS1,lncRNA,8.55,8.16,11.66,10.62,50.33,34.15
AF001548.1,lncRNA,1.05,0.0,0.25,2.61,11.64,6.82
AF001548.2,lncRNA,0.29,0.55,0.33,0.37,0.74,0.8
AF001550.1,lncRNA,0.0,0.1,0.0,5.0,1.78,1.5
AF015262.1,lncRNA,0.23,0.67,2.0,2.5,0.42,0.83
AF015720.1,lncRNA,0.0,0.1,0.0,0.0,0.0,2.08
AF038458.2,lncRNA,0.2,0.0,0.0,0.0,0.0,1.0
AF038458.3,lncRNA,0.0,0.0,0.33,0.0,10.89,10.29
AF064858.1,lncRNA,3.6,2.32,4.84,7.38,24.69,14.27
AF064858.2,lncRNA,0.59,0.0,0.09,0.0,0.92,1.01
AF064860.1,lncRNA,0.08,0.0,0.0,0.0,2.6,1.2
AF064860.2,lncRNA,0.17,0.43,1.54,0.0,6.88,4.08
AF064866.1,lncRNA,1.0,0.0,0.0,1.7,2.33,1.2
AF067845.1,lncRNA,3.8,3.27,7.84,2.45,18.9,13.24
AF067845.2,lncRNA,3.73,4.46,8.79,3.55,47.82,34.3
AF067845.4,lncRNA,0.15,0.54,0.93,0.0,3.2,1.45
AF067845.5,lncRNA,0.0,0.36,0.16,2.06,2.28,3.09
AF096876.1,lncRNA,0.67,1.0,0.62,0.0,0.84,0.98
AF099810.1,lncRNA,0.0,0.9,1.5,0.11,0.99,2.65
AF106564.1,lncRNA,2.77,2.21,2.05,1.25,30.01,25.03
AF107885.2,lncRNA,0.0,1.73,0.1,0.0,5.34,1.5
AF111167.1,lncRNA,0.07,0.0,0.26,0.17,3.4,1.96
AF111167.2,lncRNA,2.62,4.37,5.37,2.02,24.8,23.47
AF111169.1,lncRNA,2.64,0.25,0.36,0.06,0.87,1.37
AF111169.2,lncRNA,0.74,0.17,0.67,0.0,1.31,2.12
AF111169.3,lncRNA,0.3,0.43,0.32,0.0,2.92,0.21
AF111169.4,lncRNA,1.05,2.56,0.08,0.06,8.21,8.08
AF117829.1,lncRNA,13.84,4.46,5.81,13.66,20.67,17.65
AF121898.1,lncRNA,0.0,1.87,1.92,1.17,8.03,3.02
AF123462.1,lncRNA,0.25,0.0,0.05,0.0,0.0,0.17
AF124730.1,lncRNA,0.0,0.08,1.58,0.17,0.61,0.1
AF127577.1,lncRNA,0.0,1.0,0.0,0.0,0.62,0.0
AF127577.2,lncRNA,0.0,3.06,0.54,0.25,1.46,2.19
AF127577.3,lncRNA,0.17,0.97,0.0,0.0,1.17,1.95
AF127577.4,lncRNA,7.94,7.51,6.98,4.63,76.34,54.58
AF127577.5,lncRNA,0.0,0.5,0.0,0.0,0.23,0.84
AF127936.1,lncRNA,0.78,4.76,4.75,6.72,9.76,8.95
AF129075.1,lncRNA,0.25,0.12,0.0,1.22,3.67,2.58
AF129075.2,lncRNA,1.92,0.97,1.99,1.48,8.28,4.84
AF129075.3,lncRNA,0.0,1.15,0.0,0.0,0.27,0.0
AF129408.1,lncRNA,0.0,0.0,0.0,0.0,0.0,0.05
AF130248.1,lncRNA,0.0,0.0,0.62,0.38,3.32,2.15
AF130359.1,lncRNA,0.0,0.0,0.0,0.0,1.73,1.0
AF130417.1,lncRNA,0.0,0.25,0.0,0.0,0.33,1.56
AF131215.2,lncRNA,0.43,0.1,0.2,0.05,5.04,7.24
AF131215.3,lncRNA,0.5,1.0,0.0,0.0,2.84,2.8
AF131215.4,lncRNA,2.0,5.06,0.67,2.11,1.82,0.88
AF131215.5,lncRNA,0.44,0.12,6.62,1.0,2.55,4.14
AF131215.6,lncRNA,0.48,2.14,1.31,0.29,8.05,9.81
AF131215.7,lncRNA,2.25,0.14,0.0,4.0,0.19,0.0
AF131216.1,lncRNA,0.72,6.87,2.01,6.4,13.16,17.38
AF131216.3,lncRNA,2.01,0.62,2.48,0.2,16.58,7.91
AF131216.4,lncRNA,5.72,1.86,5.83,2.69,20.74,28.5
AF131216.5,lncRNA,0.6,0.65,0.38,0.41,0.24,2.36
AF165147.1,lncRNA,4.26,2.72,2.11,3.33,13.63,10.24
AF178030.1,lncRNA,0.06,0.0,0.0,0.0,1.41,2.4
AF181450.1,lncRNA,0.0,0.0,0.33,0.0,2.65,1.15
AF186192.1,lncRNA,0.15,0.08,0.0,2.08,3.04,4.07
AF186192.3,lncRNA,2.07,1.51,2.09,3.64,6.79,7.32
AF196972.1,lncRNA,0.13,0.0,0.16,0.0,5.53,1.0
AF212831.1,lncRNA,1.0,0.0,0.0,0.0,0.11,1.24
AF213884.3,lncRNA,1.5,3.05,10.91,0.83,5.47,4.01
AF222684.1,lncRNA,1.5,2.33,1.81,0.48,16.68,11.38
AF222685.1,lncRNA,0.11,1.16,2.0,0.45,6.88,5.33
AF228727.1,lncRNA,5.1,3.73,10.36,3.5,134.68,106.38
AF230666.1,lncRNA,1.42,6.89,1.02,0.62,9.17,4.41
AF230666.2,lncRNA,0.75,0.22,1.6,0.53,4.17,3.87
AF233439.1,lncRNA,0.0,0.0,0.2,0.0,1.19,0.75
AF233439.2,lncRNA,0.12,0.44,0.0,0.0,4.29,2.37
AF235103.1,lncRNA,0.15,0.22,0.57,0.2,0.81,0.43
AF235103.3,lncRNA,0.71,1.29,3.92,4.68,10.93,7.1
AF240627.1,lncRNA,0.0,0.0,0.0,0.0,1.85,1.11
AF241725.1,lncRNA,0.5,0.0,0.0,1.0,1.16,0.21
AF241728.1,lncRNA,0.0,1.0,1.39,0.08,2.6,1.84
AF241728.2,lncRNA,0.48,16.33,1.19,1.53,8.79,4.88
AF250324.1,lncRNA,0.2,0.15,0.25,0.18,4.36,1.92
AF254983.1,lncRNA,1.31,1.25,0.93,1.11,5.53,4.88
AF274573.1,lncRNA,0.33,0.33,2.67,0.0,1.75,1.54
AF274853.1,lncRNA,12.85,3.48,19.84,6.45,31.28,17.57
AF279873.3,lncRNA,0.55,4.87,2.08,8.41,4.66,7.31
AF279873.4,lncRNA,0.0,3.07,0.0,1.0,0.62,0.75
AF287957.1,lncRNA,0.17,1.51,4.58,0.0,9.05,9.91
AFAP1-AS1,lncRNA,13.19,17.51,10.53,18.08,38.35,32.79
AFDN-DT,lncRNA,7.11,9.76,18.94,11.54,142.68,84.45
AFF2-IT1,lncRNA,0.11,0.0,1.23,0.0,0.0,0.0
AGAP1-IT1,lncRNA,1.29,0.14,1.71,1.5,3.36,5.3
AGAP11,lncRNA,0.29,0.34,0.28,0.24,2.54,1.85
AGAP2-AS1,lncRNA,6.02,5.56,6.98,6.94,55.57,47.0
AGBL1-AS1,lncRNA,2.89,7.12,2.57,3.96,75.06,49.49
AGBL4-AS1,lncRNA,0.0,0.33,0.5,0.0,1.29,0.64
AGBL4-IT1,lncRNA,0.0,0.0,3.5,0.0,2.11,2.5
AGBL5-AS1,lncRNA,1.33,0.09,1.97,0.27,7.03,7.82
AGBL5-IT1,lncRNA,0.2,0.5,2.0,6.7,0.84,0.52
AIRN,lncRNA,5.2,7.88,17.36,10.29,66.77,62.55
AJ003147.1,lncRNA,0.68,0.0,1.19,0.5,7.36,4.89
AJ003147.2,lncRNA,26.63,17.8,37.09,30.73,63.47,41.0
AJ006995.1,lncRNA,1.0,0.0,0.0,0.7,0.67,1.25
AJ009632.1,lncRNA,0.0,0.11,1.71,2.17,4.28,3.36
AJ009632.2,lncRNA,20.11,13.9,20.26,25.87,240.41,253.71
AJ011931.1,lncRNA,1.14,7.14,13.83,4.79,38.43,47.4
AJ011931.2,lncRNA,39.78,12.72,4.4,14.66,33.59,18.72
AJ011932.1,lncRNA,2.27,1.49,6.38,1.97,45.37,33.93
AJ239318.1,lncRNA,0.2,1.0,0.0,0.0,0.17,1.41
AJ239322.1,lncRNA,0.45,0.95,3.12,2.58,2.15,2.08
AJ239328.1,lncRNA,2.22,3.84,8.74,3.15,13.96,16.47
AJ271736.1,lncRNA,0.44,0.06,0.24,0.3,1.88,1.38
AKT3-IT1,lncRNA,3.53,1.0,0.33,0.0,0.67,0.36
AL008582.1,lncRNA,0.0,0.0,0.29,0.0,0.49,0.16
AL008626.1,lncRNA,0.0,0.0,0.0,0.75,2.55,5.73
AL008628.1,lncRNA,2.99,6.18,2.67,8.98,39.17,39.04
AL008633.1,lncRNA,4.47,6.56,3.57,1.56,11.65,25.4
AL008635.1,lncRNA,0.0,0.0,0.23,0.0,0.25,0.25
AL008636.1,lncRNA,0.0,0.0,0.0,4.0,3.35,1.0
AL008638.1,lncRNA,0.0,0.0,0.33,0.0,0.38,1.25
AL008638.2,lncRNA,1.02,0.82,0.53,0.5,6.07,3.97
AL008638.3,lncRNA,2.86,15.19,3.18,5.24,13.03,9.21
AL008638.4,lncRNA,0.58,0.67,0.68,2.07,0.24,0.67
AL008638.5,lncRNA,2.74,8.42,4.44,3.6,5.4,14.69
AL008638.6,lncRNA,4.17,0.96,1.86,4.58,7.52,6.61
AL008718.2,lncRNA,0.09,1.11,0.37,1.33,1.6,2.57
AL008718.3,lncRNA,0.0,0.0,0.0,1.0,0.0,0.0
AL008719.1,lncRNA,0.0,0.0,1.33,0.0,3.34,0.58
AL008720.1,lncRNA,1.05,0.8,3.68,0.88,10.43,7.84
AL008720.2,lncRNA,2.97,1.06,5.11,1.83,15.52,13.01
AL008721.1,lncRNA,0.11,0.0,0.0,0.0,0.95,0.32
AL008721.2,lncRNA,6.4,6.4,1.59,4.64,9.31,5.54
AL008723.1,lncRNA,0.0,0.0,0.0,0.0,0.16,0.0
AL008723.2,lncRNA,0.0,0.0,0.0,0.0,0.5,0.33
AL008725.1,lncRNA,1.89,4.79,0.9,5.8,6.15,9.85
AL008726.1,lncRNA,1.29,0.55,0.11,0.5,1.13,0.58
AL008727.1,lncRNA,3.09,6.89,14.31,8.07,104.26,102.48
AL008729.1,lncRNA,2.63,2.73,3.16,4.2,16.3,9.69
AL008729.2,lncRNA,4.83,2.17,0.0,8.62,9.14,8.53
AL008730.1,lncRNA,0.25,0.0,0.2,0.69,1.31,0.46
AL008733.1,lncRNA,0.0,0.0,0.0,0.0,1.52,1.22
AL009031.1,lncRNA,6.06,1.23,7.34,5.22,20.77,19.63
AL009050.1,lncRNA,0.25,0.0,0.08,7.0,1.5,2.07
AL009176.1,lncRNA,2.88,1.45,1.96,4.18,12.36,10.7
AL009177.1,lncRNA,18.14,38.11,14.81,15.21,84.09,99.85
AL009178.2,lncRNA,2.74,2.44,4.48,5.84,13.34,9.98
AL009178.3,lncRNA,0.0,0.03,0.03,0.12,1.3,1.39
AL009179.1,lncRNA,1.74,1.33,0.36,0.38,14.33,11.82
AL009179.2,lncRNA,0.5,14.17,58.73,1.21,5.67,5.68
AL009181.1,lncRNA,0.25,0.82,0.0,2.71,4.64,5.63
AL020993.1,lncRNA,0.0,0.12,0.0,0.0,0.33,2.17
AL020994.1,lncRNA,1.25,0.0,0.04,0.03,0.42,1.23
AL020994.2,lncRNA,0.0,0.62,1.51,0.2,8.48,8.94
AL020994.3,lncRNA,0.0,0.0,0.0,0.0,0.59,0.34
AL020995.1,lncRNA,0.17,0.48,0.0,2.0,0.41,1.31
AL020996.1,lncRNA,18.63,40.1,28.76,21.25,75.77,63.4
AL020996.3,lncRNA,0.33,0.0,0.0,0.0,0.22,0.69
AL020997.2,lncRNA,0.0,0.11,0.0,0.0,0.42,0.2
AL020997.3,lncRNA,0.85,0.17,0.6,0.1,1.6,1.07
AL020997.4,lncRNA,0.74,1.33,2.43,0.82,8.97,8.22
AL020997.5,lncRNA,0.89,3.9,1.27,4.14,10.89,7.75
AL020998.1,lncRNA,0.08,0.5,0.33,0.0,4.93,0.52
AL021026.1,lncRNA,0.33,0.11,0.25,0.0,3.35,1.3
AL021153.1,lncRNA,2.0,0.0,0.0,0.5,1.53,0.69
AL021154.1,lncRNA,0.14,0.0,0.2,0.0,0.93,0.0
AL021155.4,lncRNA,7.81,3.32,45.24,91.94,22.84,21.43
AL021308.1,lncRNA,0.0,0.14,0.75,0.07,90.44,58.25
AL021328.1,lncRNA,0.45,0.2,1.98,1.92,5.18,4.65
AL021368.1,lncRNA,0.0,0.0,0.11,1.0,0.12,0.11
AL021368.2,lncRNA,1.57,2.28,0.0,0.56,3.75,3.0
AL021368.3,lncRNA,0.25,0.08,1.72,0.18,3.77,0.93
AL021368.4,lncRNA,0.11,0.18,0.0,0.42,1.03,1.23
AL021368.5,lncRNA,0.0,0.0,0.0,0.68,0.71,0.3
AL021391.1,lncRNA,0.0,0.64,0.0,0.06,1.52,3.09
AL021392.1,lncRNA,22.49,4.87,9.16,12.53,47.31,49.2
AL021393.1,lncRNA,0.0,0.0,0.0,0.82,1.42,8.93
AL021395.1,lncRNA,6.27,4.84,16.26,4.66,31.49,18.63
AL021396.1,lncRNA,1.94,3.7,3.03,2.01,23.4,20.22
AL021408.1,lncRNA,0.0,0.0,0.0,0.0,0.43,0.67
AL021578.1,lncRNA,1.05,3.85,1.89,1.47,7.69,5.01
AL021707.1,lncRNA,0.25,0.0,2.06,2.1,1.18,1.15
AL021707.2,lncRNA,0.64,5.2,1.65,4.53,22.65,21.1
AL021707.3,lncRNA,0.0,1.75,0.0,0.22,1.45,1.72
AL021707.4,lncRNA,0.33,1.1,0.55,0.0,0.34,0.73
AL021707.5,lncRNA,0.0,1.75,0.0,0.23,1.39,0.67
AL021707.6,lncRNA,0.0,1.0,0.09,0.5,1.04,0.48
AL021707.7,lncRNA,0.07,0.69,0.12,0.2,5.66,10.1
AL021707.8,lncRNA,3.0,0.0,0.0,0.0,0.0,0.0
AL021707.9,lncRNA,0.38,1.6,1.88,1.06,9.8,11.98
AL021807.1,lncRNA,0.0,1.5,0.0,0.25,2.0,0.5
AL021877.2,lncRNA,2.53,14.41,3.4,6.18,27.58,10.91
AL021878.2,lncRNA,0.0,1.28,1.07,0.0,0.21,0.61
AL021917.1,lncRNA,0.2,0.0,0.0,1.0,1.81,1.83
AL021918.3,lncRNA,0.0,0.14,0.12,0.0,4.66,2.0
AL021918.4,lncRNA,2.35,5.35,3.07,0.0,0.33,0.27
AL021918.5,lncRNA,0.0,0.33,0.2,0.43,16.65,21.32
AL021920.1,lncRNA,3.0,2.84,2.0,3.72,2.02,1.52
AL021920.3,lncRNA,3.55,4.59,6.35,10.63,4.07,8.56
AL021937.1,lncRNA,1.36,2.63,0.95,1.0,4.68,4.97
AL021937.3,lncRNA,1.0,0.33,0.98,1.04,28.57,24.46
AL021937.4,lncRNA,0.2,0.03,0.05,2.0,1.39,0.18
AL021940.1,lncRNA,0.0,0.03,0.25,0.0,1.58,0.78
AL021978.1,lncRNA,0.17,0.0,0.5,0.62,1.92,0.14
AL022067.1,lncRNA,0.0,0.58,0.0,0.0,0.0,0.0
AL022069.1,lncRNA,0.42,1.39,0.78,1.41,7.66,8.25
AL022069.3,lncRNA,6.53,5.0,3.69,9.17,32.09,36.13
AL022097.1,lncRNA,0.0,0.0,0.0,2.0,2.87,8.13
AL022098.1,lncRNA,1.43,1.41,1.67,0.12,4.69,5.49
AL022100.2,lncRNA,8.41,19.42,32.03,14.72,150.35,157.99
AL022151.1,lncRNA,1.73,13.45,6.01,2.87,4.66,3.18
AL022157.1,lncRNA,0.0,0.0,0.0,0.42,4.25,6.94
AL022162.1,lncRNA,0.0,0.12,4.06,1.5,4.49,6.02
AL022170.1,lncRNA,5.72,5.87,0.42,5.69,3.38,4.13
AL022238.2,lncRNA,0.0,0.0,0.0,0.25,0.81,0.78
AL022310.1,lncRNA,0.0,0.0,0.0,0.0,0.2,0.05
AL022311.1,lncRNA,14.3,27.53,14.46,22.83,25.12,41.0
AL022313.2,lncRNA,1.5,0.16,0.0,0.09,4.0,0.78
AL022313.3,lncRNA,0.12,0.0,0.0,0.0,0.33,1.0
AL022313.4,lncRNA,0.89,2.67,0.69,0.63,9.75,4.11
AL022314.1,lncRNA,0.61,0.83,1.62,0.36,21.69,21.76
AL022315.1,lncRNA,0.5,0.64,1.0,2.0,0.93,1.96
AL022316.1,lncRNA,0.4,0.0,1.0,0.55,3.5,3.44
AL022318.1,lncRNA,0.08,0.0,2.29,0.19,3.3,4.43
AL022318.5,lncRNA,0.6,1.41,0.22,1.77,3.51,1.7
AL022322.1,lncRNA,0.69,0.33,0.7,1.42,3.41,0.45
AL022322.2,lncRNA,16.42,22.44,41.66,28.61,125.75,107.43
AL022323.1,lncRNA,1.22,1.85,0.4,3.81,1.84,6.74
AL022323.2,lncRNA,1.56,14.69,4.01,9.72,7.92,9.16
AL022323.3,lncRNA,7.78,27.01,15.84,34.24,41.48,56.06
AL022323.4,lncRNA,5.64,3.16,0.56,0.61,6.15,0.54
AL022324.3,lncRNA,0.0,0.0,0.0,0.0,0.16,0.17
AL022324.4,lncRNA,3.5,2.45,5.31,3.35,27.52,21.04
AL022326.1,lncRNA,2.16,0.2,2.58,4.04,3.86,8.25
AL022328.1,lncRNA,0.31,0.0,0.76,3.58,9.12,7.86
AL022328.2,lncRNA,0.25,0.62,0.43,0.94,4.24,1.76
AL022328.3,lncRNA,0.0,0.97,2.48,0.67,2.43,3.24
AL022328.4,lncRNA,1.06,4.44,9.52,3.97,17.21,20.97
AL022329.1,lncRNA,4.02,10.72,11.6,23.73,7.41,10.06
AL022329.2,lncRNA,1.0,3.5,0.1,3.5,3.43,5.06
AL022329.3,lncRNA,0.6,0.15,0.0,0.1,1.54,1.14
AL022332.1,lncRNA,0.42,6.44,2.05,3.09,7.48,6.32
AL022334.2,lncRNA,0.0,0.1,0.0,0.12,1.05,0.0
AL022337.1,lncRNA,0.28,1.54,0.37,3.29,6.14,8.49
AL022341.1,lncRNA,0.92,0.0,2.42,1.27,13.72,8.23
AL022341.2,lncRNA,1.41,0.95,1.17,2.43,9.57,10.07
AL022344.1,lncRNA,7.89,11.35,9.35,14.62,51.51,41.22
AL022345.4,lncRNA,0.12,4.07,1.08,2.83,3.61,4.82
AL022396.1,lncRNA,0.12,0.0,0.0,0.0,0.33,0.17
AL022397.1,lncRNA,0.12,0.57,1.55,3.5,1.22,0.89
AL022724.2,lncRNA,0.78,0.0,0.0,2.0,0.75,0.96
AL022724.3,lncRNA,0.61,4.91,1.21,0.49,7.98,6.66
AL022726.1,lncRNA,0.0,0.22,0.38,0.0,0.83,0.63
AL023283.1,lncRNA,0.4,3.09,1.02,2.25,2.63,3.53
AL023284.4,lncRNA,0.0,0.17,0.66,0.0,1.44,1.57
AL023495.1,lncRNA,8.95,19.13,19.8,39.45,174.01,182.13
AL023553.1,lncRNA,0.08,1.06,0.0,0.0,0.94,0.0
AL023574.1,lncRNA,0.49,0.95,0.15,0.27,5.36,4.14
AL023581.1,lncRNA,0.0,0.0,0.06,0.0,0.27,0.15
AL023581.2,lncRNA,0.0,0.0,0.25,0.0,1.75,0.7
AL023583.1,lncRNA,0.0,0.5,0.0,0.0,0.07,0.5
AL023584.1,lncRNA,0.11,0.5,0.12,0.11,0.21,0.8
AL023584.2,lncRNA,0.0,0.0,0.0,0.0,0.06,0.06
AL023653.1,lncRNA,0.0,0.0,0.03,0.0,0.12,0.24
AL023693.1,lncRNA,0.0,6.0,0.0,1.0,0.0,1.73
AL023754.1,lncRNA,0.38,0.0,0.95,0.52,2.01,1.29
AL023754.2,lncRNA,0.0,0.0,0.0,0.05,0.03,0.27
AL023755.1,lncRNA,8.55,23.56,32.14,17.72,155.07,161.47
AL023775.2,lncRNA,0.12,0.17,0.31,0.73,2.87,3.53
AL023802.1,lncRNA,1.03,5.31,2.72,2.97,17.06,20.3
AL023803.1,lncRNA,0.0,1.2,0.08,0.0,1.74,1.33
AL023803.2,lncRNA,0.0,1.21,0.0,0.0,0.75,0.0
AL023803.3,lncRNA,0.36,0.29,0.21,0.17,11.9,14.77
AL023806.1,lncRNA,1.81,2.87,4.59,5.1,9.48,13.42
AL023806.2,lncRNA,0.0,0.14,0.0,0.0,0.17,0.07
AL023806.4,lncRNA,0.06,0.06,0.17,0.14,2.02,1.38
AL023806.5,lncRNA,0.0,1.0,0.0,0.0,0.05,0.12
AL023877.1,lncRNA,0.0,0.0,0.0,0.0,2.17,0.26
AL023881.1,lncRNA,0.0,0.0,2.0,0.0,0.59,1.51
AL023882.1,lncRNA,1.4,1.34,1.1,9.65,5.14,15.54
AL023913.1,lncRNA,0.33,0.14,1.17,0.0,2.72,1.6
AL024474.2,lncRNA,0.0,0.0,0.0,0.0,1.0,0.33
AL024497.1,lncRNA,0.5,0.25,0.64,0.9,0.87,1.7
AL024497.2,lncRNA,0.0,0.0,0.0,0.0,0.2,3.5
AL024498.1,lncRNA,0.39,0.88,2.39,1.22,3.77,2.6
AL024507.2,lncRNA,8.53,15.64,5.67,7.05,53.72,37.64
AL024508.1,lncRNA,6.99,3.84,5.97,2.25,20.48,16.14
AL031005.1,lncRNA,0.0,0.0,0.75,0.28,3.6,3.35
AL031005.2,lncRNA,1.58,4.4,3.67,8.7,14.22,10.3
AL031008.1,lncRNA,2.5,1.5,7.14,2.58,23.18,17.03
AL031055.1,lncRNA,0.5,0.33,0.0,0.12,3.8,3.64
AL031056.1,lncRNA,0.17,0.0,0.28,6.93,3.98,3.41
AL031056.2,lncRNA,0.46,0.12,0.33,0.14,1.35,3.01
AL031058.1,lncRNA,6.59,5.03,5.54,2.39,9.13,30.51
AL031073.2,lncRNA,0.49,2.21,0.25,2.25,4.64,9.41
AL031118.1,lncRNA,0.18,0.38,0.08,4.95,7.54,4.47
AL031121.2,lncRNA,2.28,2.09,2.55,6.89,38.76,39.95
AL031121.3,lncRNA,0.68,0.27,1.17,4.4,6.97,6.71
AL031123.1,lncRNA,1.46,0.67,0.17,1.37,5.69,3.93
AL031123.2,lncRNA,6.14,1.06,5.55,4.19,12.0,10.37
AL031123.4,lncRNA,0.78,0.39,0.44,0.34,1.06,2.05
AL031123.5,lncRNA,2.29,0.92,2.28,8.82,8.84,10.07
AL031186.1,lncRNA,0.0,0.0,0.0,0.0,0.93,0.06
AL031259.1,lncRNA,0.2,0.21,0.79,1.02,1.31,0.45
AL031275.1,lncRNA,0.0,0.0,0.0,0.0,0.5,0.14
AL031280.1,lncRNA,1.56,1.66,2.79,0.89,3.88,4.99
AL031282.2,lncRNA,7.3,28.57,31.97,21.97,33.05,33.7
AL031283.1,lncRNA,0.36,1.18,0.86,4.33,11.2,11.48
AL031283.2,lncRNA,0.78,0.7,0.92,0.49,6.59,5.67
AL031289.1,lncRNA,0.14,5.0,0.38,1.17,1.75,4.3
AL031289.2,lncRNA,1.25,1.97,0.47,3.05,9.76,18.41
AL031290.1,lncRNA,0.0,0.08,0.0,0.0,1.0,0.0
AL031291.1,lncRNA,0.0,0.87,1.61,1.15,7.18,5.19
AL031293.1,lncRNA,0.33,3.0,0.31,2.5,10.98,6.56
AL031320.2,lncRNA,0.56,1.36,0.17,4.7,0.76,0.52
AL031386.1,lncRNA,0.0,0.0,0.0,0.0,0.33,0.0
AL031428.1,lncRNA,0.38,0.72,1.15,0.26,9.21,5.77
AL031429.1,lncRNA,0.0,1.78,0.0,0.0,0.0,0.1
AL031429.2,lncRNA,0.0,0.07,0.0,1.83,0.2,1.06
AL031430.1,lncRNA,0.0,0.0,0.14,2.07,2.7,2.89
AL031432.1,lncRNA,0.25,1.16,0.0,1.36,0.81,2.92
AL031432.3,lncRNA,0.5,0.07,1.2,0.1,6.76,2.82
AL031432.4,lncRNA,6.06,3.41,5.66,10.37,9.4,4.76
AL031432.5,lncRNA,0.29,2.27,1.36,1.69,4.89,6.34
AL031584.2,lncRNA,0.17,0.0,0.17,0.0,10.54,7.39
AL031587.1,lncRNA,3.0,0.0,1.43,5.19,2.85,1.52
AL031587.2,lncRNA,0.0,0.07,0.19,0.0,1.42,1.82
AL031587.3,lncRNA,0.0,1.0,0.03,0.0,1.17,0.17
AL031587.4,lncRNA,0.0,0.5,0.61,0.7,1.92,11.29
AL031590.1,lncRNA,3.75,11.4,11.59,22.77,21.79,28.68
AL031593.1,lncRNA,0.0,0.35,0.0,1.42,1.72,1.97
AL031595.2,lncRNA,20.5,39.61,62.4,52.9,102.84,58.96
AL031595.3,lncRNA,24.59,30.81,82.41,25.1,122.05,98.26
AL031598.1,lncRNA,7.06,7.32,3.27,5.29,19.52,27.75
AL031599.1,lncRNA,1.0,0.0,0.0,0.0,2.22,1.7
AL031600.1,lncRNA,0.11,0.44,3.1,0.1,3.03,6.59
AL031600.2,lncRNA,0.0,5.5,1.5,0.0,1.61,0.0
AL031600.3,lncRNA,0.44,0.56,0.5,0.28,3.91,2.9
AL031602.2,lncRNA,0.0,1.0,0.19,0.0,0.6,1.86
AL031651.1,lncRNA,3.0,3.74,0.0,3.25,2.01,1.25
AL031651.2,lncRNA,0.0,0.33,0.0,0.0,0.77,0.2
AL031656.1,lncRNA,2.11,0.17,0.86,1.0,7.31,7.19
AL031658.1,lncRNA,15.71,17.14,10.52,16.89,25.9,31.11
AL031658.2,lncRNA,0.06,0.14,0.2,0.0,0.95,1.9
AL031663.2,lncRNA,0.0,0.31,0.1,0.2,1.35,0.46
AL031663.3,lncRNA,1.78,3.96,5.23,1.41,83.52,57.25
AL031665.1,lncRNA,0.0,0.4,0.5,0.0,1.2,1.8
AL031666.1,lncRNA,0.83,1.98,2.21,1.25,10.34,5.31
AL031666.2,lncRNA,1.4,3.17,1.75,0.49,5.76,11.53
AL031666.3,lncRNA,0.0,0.0,0.0,0.0,2.1,1.51
AL031667.3,lncRNA,0.0,0.0,0.0,0.0,2.21,3.72
AL031668.1,lncRNA,0.0,0.0,0.0,0.0,0.19,1.21
AL031668.2,lncRNA,0.0,0.5,0.75,0.0,0.28,0.24
AL031670.1,lncRNA,1.0,2.5,0.5,3.0,0.19,3.11
AL031673.1,lncRNA,0.0,0.0,3.0,0.0,1.55,1.36
AL031674.1,lncRNA,0.7,0.0,0.25,0.74,3.31,4.72
AL031686.1,lncRNA,100.03,11.02,9.62,10.4,91.3,19.5
AL031687.1,lncRNA,0.78,0.12,0.21,2.08,2.37,2.71
AL031705.1,lncRNA,0.0,0.0,0.0,1.5,0.0,0.25
AL031709.1,lncRNA,0.0,0.0,0.06,1.5,0.17,0.14
AL031710.1,lncRNA,0.0,0.33,0.0,0.33,0.23,1.0
AL031710.2,lncRNA,1.0,0.0,0.0,1.09,2.62,1.5
AL031714.1,lncRNA,2.81,7.35,4.61,3.46,12.25,11.7
AL031716.1,lncRNA,0.0,0.29,1.0,3.0,0.35,0.72
AL031717.1,lncRNA,1.0,0.25,0.16,0.0,0.27,2.19
AL031722.1,lncRNA,0.06,8.5,0.0,4.0,0.0,4.5
AL031726.1,lncRNA,1.0,0.05,0.0,0.0,1.11,1.5
AL031726.2,lncRNA,0.2,0.27,0.25,0.25,1.86,3.38
AL031727.2,lncRNA,0.0,0.26,1.94,0.67,57.61,34.05
AL031731.1,lncRNA,2.58,0.12,0.17,6.17,3.73,2.37
AL031733.2,lncRNA,5.12,6.35,18.04,13.8,138.49,105.89
AL031767.1,lncRNA,0.0,0.0,0.0,5.25,0.53,1.0
AL031767.2,lncRNA,0.33,0.0,0.23,0.0,1.81,0.78
AL031768.1,lncRNA,0.67,2.0,0.0,0.0,0.94,2.48
AL031768.2,lncRNA,3.96,2.64,4.7,0.78,6.68,8.18
AL031770.1,lncRNA,0.33,1.0,0.0,0.0,1.49,1.27
AL031772.1,lncRNA,6.65,7.24,2.21,2.76,24.95,21.58
AL031773.1,lncRNA,0.0,0.25,0.05,0.0,0.88,1.09
AL031775.1,lncRNA,0.08,0.1,0.25,0.5,0.33,0.82
AL031775.2,lncRNA,0.0,2.11,0.0,2.0,0.0,0.27
AL031778.1,lncRNA,0.83,1.61,2.75,1.79,4.1,7.31
AL031779.1,lncRNA,0.0,0.0,0.0,0.0,0.0,3.07
AL031846.2,lncRNA,0.54,7.09,5.96,1.02,14.69,14.54
AL031848.1,lncRNA,0.58,4.98,0.0,0.62,0.52,1.4
AL031848.2,lncRNA,2.35,0.43,3.26,0.5,13.48,9.04
AL031963.1,lncRNA,0.0,0.11,0.4,0.0,0.27,0.64
AL031963.2,lncRNA,2.1,4.73,0.16,2.8,1.41,4.72
AL031963.3,lncRNA,3.5,4.76,2.06,12.23,4.81,8.38
AL031985.3,lncRNA,3.61,1.14,3.48,1.07,9.71,7.04
AL031985.4,lncRNA,1.17,0.79,1.09,0.51,2.11,2.19
AL032819.1,lncRNA,0.0,0.0,0.17,0.12,0.46,1.34
AL032821.1,lncRNA,2.26,2.42,7.44,12.67,1.6,5.58
AL033379.1,lncRNA,0.0,0.0,0.0,0.0,2.07,0.37
AL033380.1,lncRNA,0.28,2.49,0.55,0.0,6.94,9.99
AL033381.1,lncRNA,0.5,1.04,1.05,2.12,10.06,8.44
AL033381.2,lncRNA,0.45,0.0,0.17,0.83,3.97,1.32
AL033381.3,lncRNA,3.7,10.73,2.26,2.1,17.49,43.02
AL033384.1,lncRNA,0.08,0.49,1.23,1.02,6.23,4.37
AL033384.2,lncRNA,0.17,0.35,0.0,0.42,0.38,0.66
AL033397.1,lncRNA,8.05,5.53,1.25,1.55,5.55,7.7
AL033397.2,lncRNA,0.0,0.25,0.05,0.32,7.92,5.25
AL033504.1,lncRNA,0.0,0.14,0.0,0.0,1.85,0.68
AL033519.4,lncRNA,0.27,0.55,2.28,1.57,7.36,7.26
AL033519.5,lncRNA,0.0,0.07,0.17,0.07,0.03,0.87
AL033523.1,lncRNA,16.18,13.71,25.73,23.3,59.76,58.84
AL033527.2,lncRNA,12.23,10.54,29.51,17.9,90.38,64.95
AL033527.3,lncRNA,3.66,0.0,1.62,0.27,5.09,6.59
AL033528.2,lncRNA,0.5,2.0,1.49,1.17,1.74,0.89
AL033530.1,lncRNA,0.5,4.99,3.64,1.0,28.0,27.94
AL033539.1,lncRNA,0.0,0.2,0.0,0.0,0.17,0.14
AL033539.2,lncRNA,0.0,0.17,0.5,1.0,2.39,3.9
AL033543.1,lncRNA,59.57,57.94,114.64,110.51,1841.67,1465.3
AL034346.1,lncRNA,2.61,7.91,5.51,10.82,18.6,17.82
AL034347.1,lncRNA,0.0,0.0,0.0,0.33,1.39,1.14
AL034348.1,lncRNA,3.1,4.29,2.16,4.28,5.61,10.6
AL034349.1,lncRNA,0.08,0.25,0.0,3.0,1.57,1.71
AL034351.1,lncRNA,0.33,0.57,0.33,1.33,5.59,2.8
AL034351.2,lncRNA,1.62,1.9,1.92,1.25,3.43,6.02
AL034374.1,lncRNA,0.17,1.0,0.25,1.0,0.92,1.14
AL034376.1,lncRNA,0.2,0.64,0.2,1.0,1.17,1.61
AL034380.1,lncRNA,0.0,1.62,0.0,0.0,0.07,0.39
AL034397.1,lncRNA,1.14,1.44,0.35,1.0,1.42,0.83
AL034405.1,lncRNA,0.5,0.42,0.71,0.5,5.16,1.76
AL034417.2,lncRNA,2.1,5.67,10.63,0.95,14.6,12.05
AL034417.3,lncRNA,2.0,18.46,1.55,5.01,2.25,2.17
AL034417.4,lncRNA,4.76,10.04,2.6,14.31,13.26,10.96
AL034422.1,lncRNA,2.19,0.42,0.07,4.1,3.41,6.89
AL034427.1,lncRNA,2.9,1.33,0.0,1.43,2.87,7.39
AL034428.1,lncRNA,116.9,411.99,421.12,165.2,257.08,285.75
AL034546.1,lncRNA,0.39,7.04,0.23,3.5,1.0,2.42
AL034548.1,lncRNA,1.0,0.17,1.05,1.44,9.95,13.94
AL034548.2,lncRNA,0.2,0.0,0.5,0.0,1.09,0.4
AL034550.1,lncRNA,2.01,2.24,0.82,6.91,9.34,8.35
AL034550.2,lncRNA,3.04,3.27,1.32,0.41,5.92,4.49
AL034550.3,lncRNA,0.58,0.0,0.15,1.58,2.65,7.46
AL035045.1,lncRNA,0.0,0.2,0.33,0.0,0.42,0.74
AL035071.1,lncRNA,1.12,4.0,0.28,4.33,2.05,4.2
AL035071.2,lncRNA,0.0,0.0,0.0,9.0,4.9,8.37
AL035078.1,lncRNA,18.77,29.51,12.44,9.21,50.3,56.01
AL035078.2,lncRNA,1.0,0.0,0.0,0.12,0.1,1.78
AL035078.3,lncRNA,1.06,0.45,1.12,0.0,0.73,1.17
AL035106.1,lncRNA,0.62,1.5,1.76,0.33,7.25,6.93
AL035250.1,lncRNA,0.0,1.0,0.25,4.0,1.26,0.71
AL035250.2,lncRNA,0.0,0.0,0.0,0.0,2.38,2.0
AL035251.1,lncRNA,1.38,3.25,0.18,3.7,3.42,2.1
AL035252.2,lncRNA,13.9,2.96,7.22,5.04,21.63,22.75
AL035252.3,lncRNA,4.33,2.68,2.7,3.62,11.84,11.02
AL035252.5,lncRNA,0.06,2.1,1.75,0.54,1.86,1.22
AL035258.1,lncRNA,0.0,0.0,0.0,0.0,2.03,0.0
AL035401.1,lncRNA,0.0,0.64,0.0,0.0,0.38,0.25
AL035404.2,lncRNA,3.62,0.06,0.34,0.0,1.22,1.45
AL035409.1,lncRNA,2.32,1.67,3.08,0.5,8.75,7.99
AL035409.2,lncRNA,0.33,3.62,2.09,10.23,7.02,4.34
AL035411.3,lncRNA,1.22,0.14,4.13,0.0,11.34,4.56
AL035412.1,lncRNA,0.57,1.35,0.94,3.07,1.85,3.11
AL035415.1,lncRNA,0.0,0.0,4.0,0.12,0.5,1.0
AL035416.1,lncRNA,0.0,1.5,0.0,1.0,1.14,0.1
AL035420.1,lncRNA,2.04,1.27,3.18,2.82,7.56,9.97
AL035420.2,lncRNA,0.33,0.0,0.0,0.0,0.25,0.2
AL035420.3,lncRNA,0.25,0.0,0.0,0.17,7.39,6.09
AL035425.1,lncRNA,0.59,0.53,1.16,1.0,11.22,5.22
AL035427.1,lncRNA,0.02,0.36,2.27,0.46,1.04,1.16
AL035427.2,lncRNA,2.33,6.34,10.37,2.65,33.67,28.98
AL035443.1,lncRNA,0.09,1.71,1.84,0.0,1.74,7.18
AL035446.1,lncRNA,0.45,0.0,0.0,0.0,4.17,0.62
AL035446.2,lncRNA,0.0,0.0,0.7,5.12,5.79,5.96
AL035447.1,lncRNA,0.73,0.99,1.62,0.98,7.62,8.19
AL035448.1,lncRNA,1.56,2.54,0.17,0.13,5.27,1.93
AL035454.1,lncRNA,4.2,0.12,0.14,0.0,0.81,0.76
AL035458.2,lncRNA,0.0,0.0,0.0,1.03,2.96,2.04
AL035461.2,lncRNA,0.06,4.5,0.0,2.13,2.11,2.55
AL035467.2,lncRNA,0.61,1.0,0.25,0.0,3.33,1.52
AL035530.1,lncRNA,0.2,0.88,1.88,1.64,4.2,2.56
AL035530.2,lncRNA,9.9,21.75,33.4,63.55,25.09,24.29
AL035541.1,lncRNA,18.91,64.2,519.27,44.0,194.58,257.23
AL035587.1,lncRNA,1.0,4.0,0.67,0.99,3.34,4.45
AL035587.2,lncRNA,0.19,1.27,0.0,2.81,5.94,2.84
AL035587.3,lncRNA,0.25,0.87,1.98,5.0,9.04,5.55
AL035588.1,lncRNA,0.07,0.0,0.0,0.0,0.25,0.56
AL035603.1,lncRNA,0.29,0.38,0.41,0.0,21.94,11.29
AL035604.1,lncRNA,0.0,3.07,0.15,0.56,0.86,1.0
AL035653.1,lncRNA,1.29,0.2,0.1,0.45,1.93,2.56
AL035658.1,lncRNA,0.08,0.0,0.2,0.0,1.65,0.17
AL035661.1,lncRNA,0.0,0.3,0.1,2.25,0.41,1.21
AL035661.2,lncRNA,2.03,2.17,8.92,1.2,12.42,12.29
AL035665.1,lncRNA,0.0,4.5,0.6,3.14,1.87,2.01
AL035665.2,lncRNA,1.5,0.27,0.25,0.14,2.07,4.86
AL035670.1,lncRNA,0.91,3.78,2.9,0.55,12.48,15.55
AL035691.1,lncRNA,0.0,0.0,0.27,0.2,0.29,0.21
AL035693.1,lncRNA,0.0,0.22,0.0,0.63,0.52,0.2
AL035694.1,lncRNA,1.0,0.0,0.21,4.75,4.23,8.96
AL035696.1,lncRNA,0.0,0.42,0.83,0.0,2.49,1.95
AL035696.3,lncRNA,0.1,5.16,3.08,2.0,4.56,1.86
AL035696.4,lncRNA,0.3,0.1,0.87,2.0,4.06,2.02
AL035701.1,lncRNA,0.0,0.0,0.42,0.25,2.79,3.89
AL035706.1,lncRNA,1.63,1.04,4.62,3.71,9.5,7.59
AL049198.1,lncRNA,1.0,6.18,0.67,3.75,13.61,12.93
AL049536.1,lncRNA,0.08,0.06,0.37,6.14,4.8,3.12
AL049539.1,lncRNA,0.0,0.0,0.0,0.67,0.0,0.0
AL049541.1,lncRNA,0.2,0.0,0.58,0.0,1.87,1.07
AL049541.2,lncRNA,1.0,0.67,0.4,0.14,1.25,2.04
AL049543.1,lncRNA,12.87,15.57,32.97,12.47,117.35,114.74
AL049548.1,lncRNA,0.0,0.21,0.0,0.0,0.11,0.25
AL049552.1,lncRNA,0.0,0.0,0.0,0.0,0.75,1.6
AL049552.2,lncRNA,0.0,0.0,0.0,0.0,0.29,0.46
AL049555.1,lncRNA,0.0,0.05,0.12,0.05,1.84,0.86
AL049557.1,lncRNA,1.09,1.97,1.95,5.4,16.57,15.16
AL049569.1,lncRNA,1.25,0.55,0.5,0.64,3.48,2.56
AL049569.2,lncRNA,0.4,0.67,0.08,0.38,2.75,1.31
AL049594.1,lncRNA,1.0,0.15,2.17,0.0,1.38,0.48
AL049612.1,lncRNA,0.14,1.06,6.5,0.0,4.63,1.61
AL049629.1,lncRNA,0.0,0.25,0.1,0.0,0.1,0.0
AL049637.1,lncRNA,0.5,7.53,3.31,0.12,14.85,13.24
AL049646.1,lncRNA,0.5,0.1,0.82,1.25,4.25,7.78
AL049646.2,lncRNA,0.0,0.0,0.0,0.0,0.47,0.58
AL049648.1,lncRNA,0.5,0.5,0.5,0.0,1.0,0.43
AL049649.1,lncRNA,0.71,2.42,2.5,6.45,12.75,4.67
AL049651.1,lncRNA,0.05,0.0,0.0,0.11,1.25,0.75
AL049651.2,lncRNA,0.42,0.0,1.12,1.31,4.32,2.59
AL049695.1,lncRNA,0.08,0.14,0.5,0.33,3.5,0.74
AL049712.1,lncRNA,1.0,0.08,0.42,0.2,3.96,3.97
AL049747.1,lncRNA,0.0,0.25,0.2,1.0,4.75,4.09
AL049748.1,lncRNA,1.5,0.0,0.0,0.0,1.71,0.83
AL049749.1,lncRNA,0.0,0.9,0.08,0.0,3.07,0.12
AL049765.1,lncRNA,0.0,0.13,0.0,0.0,0.05,0.06
AL049775.1,lncRNA,4.68,4.55,6.22,8.86,72.16,64.88
AL049775.2,lncRNA,2.0,0.0,1.0,0.0,0.79,0.96
AL049775.3,lncRNA,0.25,0.67,0.38,0.42,5.29,4.21
AL049777.1,lncRNA,1.83,3.84,2.17,2.75,15.86,12.74
AL049779.4,lncRNA,2.29,2.33,0.0,6.91,4.41,1.15
AL049780.1,lncRNA,3.0,3.36,1.45,1.78,111.91,87.66
AL049780.2,lncRNA,0.0,0.5,0.31,0.12,1.21,3.12
AL049794.1,lncRNA,0.0,0.3,0.47,0.0,5.22,0.48
AL049794.2,lncRNA,0.0,0.0,0.33,0.0,1.5,0.5
AL049795.1,lncRNA,1.27,1.33,3.49,1.12,5.16,2.61
AL049795.2,lncRNA,0.0,0.25,0.25,1.25,6.56,8.17
AL049796.1,lncRNA,2170.96,723.05,2455.46,907.05,3225.92,981.09
AL049812.2,lncRNA,0.0,0.0,0.0,0.33,0.86,0.86
AL049812.3,lncRNA,1.81,1.11,0.48,0.48,12.68,6.26
AL049820.1,lncRNA,0.0,0.0,0.0,0.0,0.11,0.81
AL049825.1,lncRNA,0.22,0.9,0.06,1.64,2.65,3.35
AL049828.1,lncRNA,19.62,29.35,15.73,23.23,57.38,65.1
AL049828.2,lncRNA,0.0,0.0,0.0,0.18,1.73,0.62
AL049829.2,lncRNA,0.0,0.0,0.0,0.0,0.59,0.05
AL049830.3,lncRNA,0.0,0.71,1.31,0.1,6.94,7.44
AL049833.1,lncRNA,0.0,0.6,0.33,0.0,1.39,2.58
AL049833.2,lncRNA,0.56,0.33,1.24,0.1,3.29,6.64
AL049833.4,lncRNA,1.0,0.0,2.25,0.0,3.01,5.75
AL049835.1,lncRNA,0.2,0.0,0.0,1.0,5.9,4.9
AL049836.1,lncRNA,0.58,0.0,0.0,0.0,2.72,1.79
AL049836.2,lncRNA,0.87,2.0,0.07,0.0,4.54,0.85
AL049838.1,lncRNA,1.12,0.5,0.79,1.37,9.59,10.69
AL049839.3,lncRNA,0.0,0.17,0.0,0.0,1.36,0.58
AL049840.2,lncRNA,0.49,10.53,3.46,2.38,11.23,11.97
AL049840.3,lncRNA,0.0,0.37,0.0,0.25,0.17,0.95
AL049840.4,lncRNA,0.0,0.37,0.0,0.25,0.17,0.95
AL049840.5,lncRNA,0.0,0.67,0.0,0.0,2.12,0.0
AL049840.6,lncRNA,0.0,0.0,0.0,0.0,0.2,0.0
AL049869.1,lncRNA,0.0,0.0,0.33,0.0,0.05,0.22
AL049869.2,lncRNA,1.89,1.49,6.21,3.08,23.57,12.08
AL049870.2,lncRNA,0.0,0.0,0.07,0.5,0.52,0.5
AL049870.3,lncRNA,0.0,0.0,0.0,0.0,0.36,0.72
AL049871.1,lncRNA,0.0,0.0,0.0,0.0,0.0,0.17
AL049874.3,lncRNA,1.29,1.81,0.24,0.5,6.22,6.96
AL050303.1,lncRNA,0.0,0.0,0.0,0.0,0.11,0.0
AL050309.1,lncRNA,8.69,10.32,6.24,10.77,40.88,43.45
AL050320.1,lncRNA,0.0,4.14,0.0,3.0,11.52,16.38
AL050327.1,lncRNA,0.0,0.2,0.0,0.0,1.0,0.16
AL050331.2,lncRNA,0.0,0.0,0.0,0.0,0.23,0.0
AL050338.1,lncRNA,0.0,1.33,0.33,0.25,0.84,0.9
AL050338.2,lncRNA,1.86,0.58,0.0,2.25,2.59,0.99
AL050341.2,lncRNA,0.0,0.6,2.24,1.58,3.17,4.95
AL050343.2,lncRNA,0.62,0.12,0.0,4.0,19.77,2.83
AL050343.3,lncRNA,0.0,0.0,0.0,0.0,0.06,0.12
AL050344.1,lncRNA,0.0,0.82,0.78,1.28,5.34,2.33
AL050349.1,lncRNA,0.25,0.42,1.0,0.0,1.06,1.91
AL050350.1,lncRNA,72.01,186.41,202.09,105.31,711.51,734.58
AL050402.1,lncRNA,0.14,1.77,0.0,0.08,1.32,1.66
AL050402.2,lncRNA,0.77,0.0,1.37,0.0,5.46,4.43
AL050403.1,lncRNA,5.1,11.96,14.27,10.82,69.73,47.54
AL050403.2,lncRNA,0.63,3.97,1.41,0.7,3.47,4.05
AL050404.1,lncRNA,0.45,2.24,3.29,0.65,26.71,22.1
AL078459.1,lncRNA,15.68,27.57,24.42,115.9,331.11,522.4
AL078581.2,lncRNA,0.11,0.69,0.0,0.99,1.0,0.69
AL078581.3,lncRNA,0.0,0.0,2.25,0.0,0.2,0.0
AL078581.4,lncRNA,0.0,1.0,0.0,0.0,0.53,2.13
AL078582.1,lncRNA,0.0,0.93,0.0,1.0,0.81,4.62
AL078582.2,lncRNA,2.84,3.21,0.48,1.51,6.62,22.37
AL078587.1,lncRNA,0.0,0.06,0.0,0.0,0.06,0.25
AL078587.2,lncRNA,0.48,0.71,1.59,0.6,3.26,3.73
AL078590.1,lncRNA,0.0,9.1,0.67,0.0,0.06,0.0
AL078590.2,lncRNA,18.59,17.33,4.96,10.44,41.15,24.1
AL078599.2,lncRNA,0.67,5.22,0.17,1.1,3.96,6.4
AL078600.1,lncRNA,0.84,1.28,1.0,1.54,5.13,1.22
AL078604.2,lncRNA,0.0,1.17,0.21,0.0,2.26,2.33
AL078604.4,lncRNA,1.14,0.17,0.1,0.0,4.37,2.43
AL078605.1,lncRNA,5.83,30.0,1.69,0.6,0.67,1.9
AL078612.1,lncRNA,0.0,0.33,0.67,2.33,2.31,1.72
AL078612.2,lncRNA,0.0,1.07,0.09,2.33,3.47,2.43
AL078621.2,lncRNA,0.0,0.0,0.2,0.0,1.59,0.21
AL078622.1,lncRNA,3.12,7.59,8.19,12.67,44.99,28.54
AL078623.1,lncRNA,0.0,0.0,0.1,3.67,0.71,0.94
AL078644.1,lncRNA,1.23,1.17,2.24,2.08,16.83,14.9
AL078645.1,lncRNA,0.08,2.12,4.33,0.0,14.94,1.37
AL079301.1,lncRNA,2.51,0.5,3.5,2.81,9.49,6.33
AL079303.1,lncRNA,5.07,3.56,7.93,2.52,49.54,31.59
AL079304.1,lncRNA,0.0,2.0,0.0,4.0,1.08,2.17
AL079307.1,lncRNA,36.03,102.05,67.25,56.46,14.5,18.14
AL079307.2,lncRNA,0.3,0.0,0.0,1.81,1.41,0.5
AL079338.1,lncRNA,1.4,3.83,6.09,3.14,3.23,5.35
AL079343.1,lncRNA,0.0,1.08,0.09,0.5,3.21,2.35
AL080248.1,lncRNA,0.35,1.15,0.0,3.4,0.73,1.27
AL080275.1,lncRNA,2.33,0.95,0.53,0.0,2.31,2.72
AL080276.2,lncRNA,0.48,2.38,1.47,0.75,10.18,7.36
AL080284.1,lncRNA,0.41,1.25,0.0,0.0,0.5,1.03
AL080312.2,lncRNA,0.0,0.63,1.17,0.09,1.23,2.38
AL080313.1,lncRNA,0.09,1.0,0.06,2.0,0.81,2.15
AL080313.2,lncRNA,0.0,0.0,0.09,1.33,2.77,2.21
AL080316.1,lncRNA,0.5,0.0,1.0,0.5,1.56,0.63
AL080317.1,lncRNA,2.14,5.0,6.0,5.58,10.62,36.03
AL080317.2,lncRNA,0.67,5.56,2.16,1.87,4.94,6.42
AL096677.1,lncRNA,0.25,2.15,0.13,0.13,2.56,2.81
AL096678.1,lncRNA,0.5,0.17,0.0,0.0,0.19,0.12
AL096701.3,lncRNA,1.18,4.01,0.06,0.44,3.03,3.96
AL096701.4,lncRNA,3.48,1.92,4.66,2.92,24.3,14.05
AL096706.1,lncRNA,4.22,3.24,8.02,4.0,16.52,27.7
AL096709.1,lncRNA,0.5,0.0,0.33,1.5,2.24,2.77
AL096712.2,lncRNA,0.2,0.11,1.34,5.14,3.51,5.04
AL096794.1,lncRNA,16.48,25.77,15.87,27.94,44.81,51.52
AL096799.1,lncRNA,0.87,2.0,1.5,2.06,18.17,18.16
AL096803.3,lncRNA,0.0,0.05,0.72,0.0,0.47,1.02
AL096828.1,lncRNA,0.33,0.0,1.39,5.33,3.33,1.58
AL096828.2,lncRNA,4.72,5.37,6.48,2.04,12.52,18.8
AL096828.3,lncRNA,0.45,0.47,1.3,1.0,4.32,0.75
AL096828.5,lncRNA,0.0,0.1,0.5,0.17,1.13,1.19
AL096828.6,lncRNA,0.0,0.25,1.0,0.0,2.27,2.14
AL096840.2,lncRNA,0.59,3.94,2.59,5.08,10.31,13.84
AL096854.1,lncRNA,0.0,0.67,0.33,0.0,0.33,0.05
AL096865.1,lncRNA,0.08,1.63,2.6,0.14,6.0,4.53
AL096869.1,lncRNA,0.0,0.87,2.25,1.45,0.64,1.28
AL096869.2,lncRNA,0.9,6.72,16.48,2.73,3.52,2.17
AL096869.3,lncRNA,0.41,1.17,0.37,0.25,5.61,4.46
AL096870.1,lncRNA,0.35,0.5,0.68,1.46,5.35,2.7
AL096870.2,lncRNA,3.79,1.75,2.47,4.09,14.63,15.58
AL096870.6,lncRNA,0.04,0.25,0.49,0.46,8.06,14.95
AL096870.8,lncRNA,0.06,0.0,0.5,0.0,0.39,0.25
AL109610.1,lncRNA,0.52,0.0,0.33,0.5,2.41,1.5
AL109614.1,lncRNA,0.0,0.0,0.1,0.62,0.92,0.92
AL109615.2,lncRNA,14.11,16.36,30.84,30.63,103.58,86.08
AL109615.3,lncRNA,5.5,3.47,0.91,5.06,11.77,6.77
AL109615.4,lncRNA,1.39,4.77,7.66,7.86,11.81,13.29
AL109627.1,lncRNA,2.45,1.83,0.69,8.69,8.83,10.72
AL109628.2,lncRNA,0.28,3.69,0.05,0.42,1.01,3.32
AL109653.2,lncRNA,1.24,11.19,2.63,5.48,20.83,31.26
AL109659.1,lncRNA,0.0,1.0,0.0,0.0,0.0,0.26
AL109659.2,lncRNA,0.3,1.56,0.42,3.73,27.27,17.48
AL109741.1,lncRNA,11.08,3.09,1.89,18.62,11.3,6.38
AL109761.1,lncRNA,0.0,0.0,0.0,0.0,0.13,0.33
AL109763.1,lncRNA,0.0,0.0,0.25,0.5,0.0,0.31
AL109767.1,lncRNA,0.64,5.61,1.95,3.36,3.99,2.74
AL109804.1,lncRNA,0.5,1.07,3.05,0.0,6.32,2.86
AL109806.2,lncRNA,0.29,1.38,3.45,3.31,8.76,5.4
AL109807.1,lncRNA,0.08,0.58,0.0,0.5,1.17,1.0
AL109809.4,lncRNA,4.95,5.59,5.06,7.5,19.01,45.88
AL109811.1,lncRNA,0.44,0.53,2.16,1.4,9.26,6.25
AL109824.1,lncRNA,0.65,0.0,0.0,0.0,0.55,1.31
AL109828.1,lncRNA,0.46,1.1,3.08,4.07,1.45,2.12
AL109829.1,lncRNA,1.0,1.0,0.88,4.0,1.57,2.63
AL109837.2,lncRNA,0.12,0.34,0.0,0.0,0.17,0.07
AL109837.3,lncRNA,0.07,1.54,0.33,1.5,0.82,2.95
AL109838.1,lncRNA,0.71,0.25,3.62,7.32,6.85,8.58
AL109840.2,lncRNA,1.38,2.8,0.51,0.81,4.84,5.71
AL109910.1,lncRNA,2.5,0.74,4.4,0.97,4.85,4.27
AL109910.2,lncRNA,0.75,1.12,2.08,0.12,7.27,4.35
AL109914.1,lncRNA,0.0,10.4,0.0,0.0,0.14,0.46
AL109917.1,lncRNA,1.41,0.92,0.45,0.78,8.09,6.32
AL109920.1,lncRNA,0.0,2.62,0.0,0.0,0.88,0.46
AL109923.1,lncRNA,0.8,0.08,0.09,0.0,0.96,1.82
AL109924.1,lncRNA,0.0,0.0,0.0,0.0,1.59,3.39
AL109924.2,lncRNA,2.84,5.74,1.6,0.18,18.74,20.4
AL109924.4,lncRNA,2.87,0.98,2.44,1.42,68.3,94.7
AL109930.1,lncRNA,1.05,1.98,3.15,1.86,49.88,22.76
AL109933.1,lncRNA,0.81,0.0,1.0,0.4,1.45,2.59
AL109933.5,lncRNA,2.61,0.81,3.73,1.02,11.26,8.46
AL109935.1,lncRNA,0.18,0.18,3.13,1.2,7.73,8.64
AL109936.2,lncRNA,0.08,3.54,0.0,5.14,1.12,1.33
AL109936.6,lncRNA,0.5,0.0,0.0,0.28,0.42,0.37
AL109945.1,lncRNA,0.0,0.0,0.5,0.17,1.18,2.25
AL109946.1,lncRNA,2.64,3.45,4.07,8.55,18.93,21.21
AL109947.1,lncRNA,7.26,9.24,7.69,10.71,46.29,36.3
AL109954.1,lncRNA,0.44,0.89,0.26,3.0,4.34,4.41
AL109954.2,lncRNA,0.05,0.0,0.0,0.0,0.0,0.23
AL109955.1,lncRNA,0.19,0.12,1.75,1.0,3.74,4.95
AL109976.1,lncRNA,5.86,9.73,8.97,13.09,33.39,22.29
AL109984.1,lncRNA,0.0,0.0,0.0,0.0,0.5,0.0
AL110114.1,lncRNA,2.07,5.86,4.24,9.29,26.37,20.7
AL110115.1,lncRNA,0.5,0.12,1.0,0.0,0.07,0.0
AL110115.2,lncRNA,3.0,0.0,0.67,0.52,2.26,4.45
AL110292.1,lncRNA,2.08,3.75,3.09,9.15,10.44,9.2
AL110503.1,lncRNA,0.0,0.67,0.1,0.0,1.47,0.5
AL110504.1,lncRNA,0.23,1.67,1.37,0.0,2.4,5.55
AL110505.1,lncRNA,0.45,0.0,0.0,0.0,0.38,0.0
AL117190.1,lncRNA,1.75,1.17,0.63,0.66,6.44,3.93
AL117190.2,lncRNA,0.0,1.5,0.17,0.0,0.2,0.68
AL117209.1,lncRNA,0.04,0.17,0.7,0.87,3.97,1.05
AL117327.1,lncRNA,0.11,0.83,0.67,0.76,8.73,10.79
AL117328.2,lncRNA,5.06,5.65,9.8,3.73,45.87,42.01
AL117329.1,lncRNA,21.89,35.55,23.25,53.38,211.96,211.21
AL117332.1,lncRNA,1.65,1.22,5.3,5.85,16.21,21.28
AL117334.1,lncRNA,14.22,9.62,2.9,5.06,9.86,7.86
AL117335.1,lncRNA,1.5,2.97,1.26,2.81,5.87,4.24
AL117336.1,lncRNA,0.0,0.5,0.0,0.0,0.0,0.06
AL117336.2,lncRNA,1.72,5.03,5.65,3.32,5.92,10.61
AL117339.3,lncRNA,0.32,1.78,2.31,3.08,3.29,5.47
AL117341.1,lncRNA,0.0,0.0,0.0,0.0,0.56,0.17
AL117344.2,lncRNA,1.87,4.02,5.54,0.5,23.0,22.09
AL117348.1,lncRNA,0.13,0.22,0.0,0.17,0.42,0.24
AL117350.1,lncRNA,0.0,0.08,0.0,0.0,0.53,0.51
AL117353.1,lncRNA,0.11,4.72,0.0,0.5,3.47,3.75
AL117372.1,lncRNA,10.0,6.3,13.52,12.76,82.43,84.29
AL117378.1,lncRNA,0.2,3.43,1.32,0.53,8.12,3.41
AL117379.1,lncRNA,0.73,0.0,1.12,1.25,8.26,2.02
AL117382.1,lncRNA,0.17,3.0,2.96,1.5,7.39,7.63
AL117382.2,lncRNA,0.08,0.0,0.25,0.57,0.75,1.77
AL118505.1,lncRNA,0.06,0.5,0.12,0.1,1.88,0.14
AL118506.1,lncRNA,7.88,25.38,9.02,9.93,29.7,39.57
AL118508.1,lncRNA,2.88,2.92,5.68,6.18,54.6,33.19
AL118511.1,lncRNA,4.96,3.88,6.75,5.77,201.0,272.4
AL118511.2,lncRNA,0.37,0.82,0.62,0.48,3.19,4.45
AL118511.3,lncRNA,1.19,0.14,0.22,2.14,3.02,0.65
AL118511.4,lncRNA,1.52,0.17,0.46,0.26,0.83,5.29
AL118516.1,lncRNA,0.0,0.31,3.62,1.67,10.16,19.93
AL118522.1,lncRNA,0.07,0.07,0.06,0.0,0.48,0.54
AL118523.1,lncRNA,1.44,0.0,1.0,4.53,3.32,2.67
AL118556.1,lncRNA,1.0,0.0,0.0,0.5,1.08,0.85
AL118558.3,lncRNA,0.83,0.33,1.92,0.08,15.04,23.69
AL118558.4,lncRNA,0.5,0.22,2.0,1.17,0.6,0.0
AL121574.1,lncRNA,0.11,0.09,0.0,0.0,2.82,3.01
AL121578.1,lncRNA,0.0,0.36,0.0,0.17,7.14,4.32
AL121581.2,lncRNA,1.21,3.23,3.68,2.33,9.29,10.35
AL121582.1,lncRNA,0.0,0.33,0.48,0.0,5.84,4.88
AL121583.1,lncRNA,0.2,0.95,0.0,0.0,0.52,3.08
AL121584.1,lncRNA,0.2,0.0,0.0,1.0,0.34,0.08
AL121601.1,lncRNA,0.0,0.86,1.1,0.56,0.45,1.34
AL121603.2,lncRNA,7.69,6.06,2.32,19.62,12.62,17.06
AL121612.1,lncRNA,1.0,2.33,0.2,10.0,5.63,3.28
AL121612.2,lncRNA,14.26,8.22,20.79,3.5,76.92,49.65
AL121652.1,lncRNA,0.0,0.08,0.0,0.0,0.11,0.0
AL121655.1,lncRNA,0.0,0.0,0.0,0.0,0.2,0.0
AL121672.1,lncRNA,0.39,1.25,0.83,0.21,8.29,5.66
AL121672.2,lncRNA,3.0,0.67,1.06,0.2,1.62,1.98
AL121672.3,lncRNA,0.21,2.5,2.18,2.77,5.59,4.44
AL121694.1,lncRNA,5.62,0.47,0.04,2.54,1.64,2.08
AL121718.1,lncRNA,0.0,0.74,0.0,0.0,0.0,0.0
AL121748.1,lncRNA,0.14,0.04,1.2,0.0,3.13,1.95
AL121749.1,lncRNA,0.73,3.75,4.35,2.69,18.46,21.55
AL121749.2,lncRNA,0.17,2.33,0.11,0.0,3.64,2.47
AL121750.1,lncRNA,0.0,0.0,0.25,1.0,0.0,0.43
AL121757.1,lncRNA,1.31,1.65,1.93,4.25,15.06,10.34
AL121757.2,lncRNA,6.57,3.29,3.46,0.98,3.43,7.04
AL121759.1,lncRNA,0.07,0.44,2.1,0.0,0.81,2.22
AL121759.2,lncRNA,1.25,3.58,0.93,1.42,7.0,3.54
AL121761.1,lncRNA,4.09,1.97,16.6,12.8,5.65,3.64
AL121762.1,lncRNA,0.0,0.2,0.0,0.0,0.56,0.44
AL121762.2,lncRNA,0.0,0.0,0.06,0.06,0.52,0.89
AL121768.1,lncRNA,4.59,4.09,0.66,4.55,6.98,6.36
AL121772.1,lncRNA,3.81,5.59,3.0,3.47,17.89,34.21
AL121772.2,lncRNA,0.19,0.0,0.07,0.33,0.81,0.75
AL121772.3,lncRNA,0.2,0.52,2.11,1.26,5.5,2.86
AL121782.1,lncRNA,0.0,0.0,1.5,0.0,0.0,0.51
AL121787.1,lncRNA,1.37,1.98,3.26,1.62,4.55,3.2
AL121790.1,lncRNA,1.06,0.08,0.0,0.0,0.2,0.0
AL121790.2,lncRNA,0.2,0.08,0.0,4.0,1.7,0.2
AL121796.1,lncRNA,0.0,0.0,2.17,0.2,1.97,0.67
AL121809.1,lncRNA,0.89,4.66,1.87,1.35,56.21,52.92
AL121809.2,lncRNA,0.0,0.0,0.0,1.0,1.5,0.33
AL121820.1,lncRNA,0.0,0.2,0.38,0.0,1.76,1.48
AL121820.2,lncRNA,0.37,0.57,1.05,0.41,7.15,4.34
AL121820.3,lncRNA,4.56,4.89,5.7,3.18,20.15,25.38
AL121821.2,lncRNA,0.74,0.4,3.74,0.33,14.06,12.56
AL121823.1,lncRNA,0.46,0.0,0.0,0.0,1.38,0.33
AL121827.1,lncRNA,4.57,1.85,3.02,6.35,11.24,18.28
AL121829.1,lncRNA,5.44,3.55,0.77,6.21,8.9,8.56
AL121829.2,lncRNA,0.0,0.17,0.22,0.0,1.1,0.55
AL121830.1,lncRNA,0.5,0.44,0.91,1.2,4.75,4.83
AL121832.1,lncRNA,0.68,1.3,1.11,3.56,15.9,12.29
AL121832.2,lncRNA,6.88,7.83,3.35,6.4,20.27,25.42
AL121832.3,lncRNA,2.42,2.63,8.89,5.44,19.5,17.02
AL121839.2,lncRNA,2.03,6.12,1.5,5.37,13.77,11.31
AL121845.1,lncRNA,0.41,0.0,0.0,0.0,1.36,0.33
AL121845.4,lncRNA,0.5,1.29,0.44,0.17,0.57,4.66
AL121852.1,lncRNA,0.41,0.07,0.12,0.0,2.64,1.61
AL121872.1,lncRNA,1.33,0.37,0.58,0.0,3.03,1.12
AL121885.1,lncRNA,0.0,0.0,0.0,2.12,0.14,0.5
AL121885.2,lncRNA,0.0,0.2,0.74,1.33,4.04,3.31
AL121885.3,lncRNA,0.0,0.0,0.0,0.0,2.66,0.25
AL121888.1,lncRNA,1.25,2.76,5.0,3.87,14.43,13.44
AL121888.2,lncRNA,0.09,0.25,1.0,0.0,2.56,2.19
AL121890.2,lncRNA,0.33,0.0,0.0,3.0,2.84,2.28
AL121890.3,lncRNA,0.0,0.0,0.62,0.1,0.0,0.0
AL121890.4,lncRNA,1.07,1.0,0.0,0.0,0.38,0.43
AL121890.5,lncRNA,0.0,0.0,1.0,0.0,0.0,1.0
AL121892.1,lncRNA,0.0,1.0,0.05,0.09,4.06,0.17
AL121894.1,lncRNA,0.25,0.0,0.0,0.0,1.56,0.33
AL121894.2,lncRNA,0.0,0.0,0.0,0.0,2.0,1.41
AL121894.3,lncRNA,47.69,9.68,6.42,3.22,18.65,9.73
AL121895.1,lncRNA,0.66,1.7,5.08,3.74,15.09,13.12
AL121895.2,lncRNA,0.0,0.0,0.0,0.0,0.08,0.5
AL121897.1,lncRNA,0.2,2.0,0.65,2.25,2.39,2.37
AL121899.1,lncRNA,0.0,0.25,2.17,0.26,4.7,1.79
AL121899.3,lncRNA,0.11,0.33,0.3,3.29,20.11,8.28
AL121899.4,lncRNA,0.62,0.61,2.54,1.03,14.97,9.32
AL121901.1,lncRNA,0.0,0.05,0.0,0.0,1.08,0.2
AL121902.1,lncRNA,0.0,0.33,1.01,0.5,3.16,1.64
AL121904.1,lncRNA,0.0,0.0,0.0,0.0,1.64,0.41
AL121904.2,lncRNA,0.03,0.0,0.76,0.2,0.62,1.45
AL121906.1,lncRNA,0.22,0.5,0.0,0.11,2.52,1.05
AL121906.2,lncRNA,0.0,0.07,0.46,0.0,3.51,1.56
AL121910.1,lncRNA,1.75,0.75,0.2,0.4,0.82,4.57
AL121917.1,lncRNA,15.05,11.35,16.65,11.53,50.31,8.43
AL121917.2,lncRNA,1.25,0.0,0.24,0.0,0.67,0.5
AL121928.1,lncRNA,0.05,0.52,0.0,0.0,0.47,0.86
AL121929.1,lncRNA,0.0,0.17,0.0,0.0,0.64,1.25
AL121929.2,lncRNA,0.0,8.25,0.31,16.41,10.49,5.16
AL121929.3,lncRNA,3.12,4.81,0.41,1.17,10.28,13.81
AL121932.2,lncRNA,24.19,13.04,74.68,11.62,117.51,77.08
AL121933.2,lncRNA,0.06,0.11,0.93,0.16,4.9,3.0
AL121935.1,lncRNA,1.68,2.72,4.86,2.23,39.43,37.12
AL121935.2,lncRNA,1.05,0.5,0.06,0.31,9.7,4.67
AL121935.3,lncRNA,2.34,0.7,0.89,0.5,4.82,5.91
AL121936.1,lncRNA,1.58,10.4,1.44,5.5,16.75,15.27
AL121938.1,lncRNA,0.33,0.78,0.1,1.81,3.04,4.07
AL121944.1,lncRNA,0.0,0.75,1.31,2.57,4.31,5.94
AL121956.1,lncRNA,0.26,0.39,0.65,0.22,3.42,5.88
AL121956.4,lncRNA,0.96,5.59,1.12,1.29,1.57,4.46
AL121956.6,lncRNA,1.09,4.59,3.43,3.84,10.92,6.31
AL121957.1,lncRNA,0.0,1.0,0.7,1.0,1.65,1.77
AL121970.1,lncRNA,0.0,0.45,1.0,1.15,1.64,0.82
AL121972.1,lncRNA,1.54,2.27,1.34,1.92,9.18,7.53
AL121974.1,lncRNA,1.29,1.0,0.0,0.0,5.57,3.4
AL121977.2,lncRNA,0.0,0.5,0.0,11.0,2.24,4.71
AL121981.1,lncRNA,0.0,4.97,0.61,0.27,3.45,8.57
AL121985.1,lncRNA,5.35,2.12,3.51,5.12,11.75,5.38
AL121987.1,lncRNA,1.1,3.35,0.75,10.2,6.21,9.52
AL121987.2,lncRNA,1.73,2.79,3.08,5.06,12.55,8.34
AL121988.1,lncRNA,0.54,0.28,2.82,0.54,2.4,2.03
AL121989.1,lncRNA,2.5,2.21,0.5,1.0,7.15,3.75
AL121990.1,lncRNA,0.0,0.67,1.5,0.25,8.28,3.47
AL121992.1,lncRNA,3.42,3.95,1.53,13.28,18.7,12.13
AL121992.2,lncRNA,0.0,0.0,0.76,0.0,2.58,3.72
AL121992.3,lncRNA,1.5,3.5,9.42,4.42,46.52,43.81
AL121999.1,lncRNA,0.0,0.33,0.0,0.0,0.0,0.34
AL122003.2,lncRNA,0.0,1.0,0.0,1.06,1.49,6.6
AL122008.1,lncRNA,0.0,0.2,0.2,1.0,1.49,1.0
AL122008.3,lncRNA,2.15,1.68,8.73,7.04,38.78,23.75
AL122010.1,lncRNA,0.05,0.29,0.2,0.33,0.47,0.88
AL122014.1,lncRNA,6.75,1.72,1.42,0.08,5.82,6.98
AL122017.1,lncRNA,0.7,0.05,0.0,0.0,0.5,0.0
AL122018.2,lncRNA,0.58,3.26,0.17,2.43,2.58,2.2
AL122020.2,lncRNA,0.58,1.09,0.78,0.34,21.53,41.78
AL122023.1,lncRNA,0.83,0.0,1.0,1.09,1.27,1.59
AL122034.1,lncRNA,0.25,0.44,2.4,0.15,4.92,4.84
AL122035.1,lncRNA,0.14,1.0,0.42,0.33,0.29,0.67
AL122035.2,lncRNA,2.5,0.45,0.5,0.85,1.5,1.78
AL122058.1,lncRNA,0.17,0.75,0.64,0.07,19.14,13.7
AL122125.1,lncRNA,1.0,0.06,0.0,3.0,0.99,2.56
AL132633.1,lncRNA,0.37,0.28,0.72,1.7,4.84,2.54
AL132639.2,lncRNA,1.14,1.97,2.85,4.67,4.9,4.01
AL132639.3,lncRNA,1.2,0.83,1.35,1.46,5.86,1.71
AL132642.1,lncRNA,0.58,0.38,2.04,0.47,6.76,7.25
AL132655.1,lncRNA,1.78,3.03,1.09,1.19,4.63,3.04
AL132655.2,lncRNA,6.09,1.25,1.64,1.82,2.99,4.17
AL132655.3,lncRNA,0.67,1.07,1.45,1.65,9.48,13.42
AL132656.2,lncRNA,0.0,0.1,0.33,0.2,4.24,1.0
AL132656.3,lncRNA,1.83,0.25,0.0,0.38,3.89,4.33
AL132657.1,lncRNA,0.06,0.68,0.29,0.0,0.56,0.69
AL132657.2,lncRNA,0.0,0.0,0.0,1.0,0.33,0.0
AL132671.1,lncRNA,0.0,0.0,0.0,0.0,0.39,0.07
AL132708.1,lncRNA,0.33,0.0,0.5,0.0,1.14,1.04
AL132709.7,lncRNA,1.47,5.58,19.85,2.8,17.74,17.78
AL132709.8,lncRNA,1.15,0.37,1.41,0.5,4.71,1.96
AL132711.1,lncRNA,1.0,0.17,1.67,0.0,4.88,2.72
AL132712.1,lncRNA,0.06,0.17,0.67,0.32,3.23,2.63
AL132712.2,lncRNA,0.39,4.62,1.5,2.81,11.23,8.66
AL132718.1,lncRNA,1.0,0.0,0.0,1.0,1.25,2.27
AL132719.1,lncRNA,0.0,0.33,0.17,0.0,1.06,0.05
AL132765.2,lncRNA,0.0,0.0,1.0,0.0,1.33,0.28
AL132775.1,lncRNA,0.06,1.43,0.64,0.0,1.36,0.83
AL132775.2,lncRNA,0.0,0.82,3.58,0.0,1.09,1.31
AL132780.1,lncRNA,1223.79,234.5,417.78,467.0,1085.78,308.67
AL132780.2,lncRNA,0.42,1.08,1.29,1.2,4.3,3.3
AL132796.1,lncRNA,0.0,0.0,0.0,1.0,0.6,1.76
AL132796.2,lncRNA,8.67,29.09,15.26,19.29,58.91,70.95
AL132799.1,lncRNA,0.0,0.0,6.0,0.0,0.0,1.3
AL132800.1,lncRNA,1.54,4.29,3.03,1.43,3.43,5.89
AL132801.1,lncRNA,0.13,0.1,4.06,2.83,6.37,3.63
AL132819.1,lncRNA,0.33,0.0,0.0,0.0,0.34,2.25
AL132822.1,lncRNA,0.25,0.0,0.33,0.0,1.22,0.25
AL132855.1,lncRNA,0.0,0.0,0.07,0.05,6.27,0.85
AL132857.1,lncRNA,1.75,3.03,1.92,2.79,11.57,10.5
AL132875.2,lncRNA,0.0,0.0,0.2,0.0,6.3,2.91
AL132875.3,lncRNA,0.17,0.1,1.78,6.5,4.57,4.72
AL132981.1,lncRNA,0.0,0.41,0.0,0.0,2.15,0.93
AL132982.1,lncRNA,0.0,1.62,0.59,0.0,5.26,2.47
AL132986.1,lncRNA,0.83,2.06,2.24,1.38,7.13,2.34
AL132989.1,lncRNA,0.0,0.0,0.0,0.0,0.25,0.62
AL132990.1,lncRNA,0.5,0.0,1.12,0.5,2.57,2.12
AL132996.1,lncRNA,14.98,11.96,12.33,21.25,54.9,53.44
AL133153.2,lncRNA,0.14,0.0,0.0,0.0,0.2,0.25
AL133163.2,lncRNA,0.5,2.77,0.74,0.12,4.64,1.84
AL133163.3,lncRNA,0.0,0.06,0.0,1.0,0.0,0.45
AL133166.1,lncRNA,41.04,42.15,53.56,64.96,534.95,739.03
AL133167.1,lncRNA,0.51,6.08,0.4,0.17,0.4,0.07
AL133215.1,lncRNA,0.0,0.0,0.0,0.0,0.91,1.06
AL133215.2,lncRNA,0.06,0.12,1.02,0.0,4.51,3.71
AL133215.3,lncRNA,0.14,0.0,0.12,0.15,0.0,0.34
AL133216.1,lncRNA,0.27,0.05,0.27,0.06,0.27,0.0
AL133227.1,lncRNA,2.64,3.97,6.29,1.47,15.95,18.83
AL133230.1,lncRNA,2.36,3.52,2.94,5.88,16.24,13.37
AL133232.1,lncRNA,0.09,0.0,0.13,0.0,2.0,1.17
AL133240.1,lncRNA,0.0,0.0,0.24,5.0,2.79,4.04
AL133240.2,lncRNA,1.1,0.58,0.0,0.0,1.39,1.25
AL133243.2,lncRNA,1.17,1.33,0.12,1.39,1.5,1.75
AL133243.3,lncRNA,1.33,1.42,0.44,1.29,1.05,2.22
AL133245.1,lncRNA,0.0,3.29,0.05,6.38,1.1,6.54
AL133247.1,lncRNA,4.0,0.0,0.0,0.0,0.21,1.27
AL133255.1,lncRNA,0.12,0.29,0.0,0.79,0.37,0.12
AL133257.1,lncRNA,0.43,1.03,0.3,0.0,5.01,2.44
AL133259.1,lncRNA,0.44,1.1,1.14,2.17,7.74,8.79
AL133260.1,lncRNA,0.0,0.0,0.0,0.0,0.0,0.09
AL133268.2,lncRNA,0.0,0.0,0.67,0.12,2.47,0.0
AL133268.3,lncRNA,0.0,0.0,0.21,0.0,2.58,3.11
AL133268.4,lncRNA,0.22,1.92,0.17,0.17,1.35,1.05
AL133279.1,lncRNA,0.5,0.11,0.14,0.0,0.54,0.92
AL133279.2,lncRNA,0.0,0.0,0.22,0.0,1.28,2.06
AL133279.3,lncRNA,0.17,2.33,0.89,1.53,3.45,5.0
AL133284.1,lncRNA,6.73,5.3,1.14,1.62,15.04,13.88
AL133297.1,lncRNA,0.0,0.0,0.0,0.0,0.25,1.24
AL133297.2,lncRNA,0.4,0.4,1.99,0.17,3.75,4.21
AL133299.1,lncRNA,1.09,0.38,0.79,1.28,10.98,7.32
AL133304.1,lncRNA,1.0,12.0,0.0,0.0,0.0,0.0
AL133304.2,lncRNA,0.0,0.2,2.17,0.0,0.34,1.74
AL133304.3,lncRNA,0.84,0.71,1.72,1.7,13.2,6.48
AL133313.1,lncRNA,0.85,3.76,1.16,2.35,2.62,1.88
AL133318.1,lncRNA,3.3,0.69,0.55,0.28,3.0,4.06
AL133319.1,lncRNA,0.0,0.33,0.0,0.0,2.13,2.99
AL133320.2,lncRNA,2.37,1.03,1.31,7.0,0.42,2.73
AL133325.2,lncRNA,1.12,1.58,0.83,0.92,5.43,4.14
AL133325.3,lncRNA,1.09,1.89,3.63,4.74,6.19,5.68
AL133329.1,lncRNA,0.14,0.12,0.1,0.5,0.72,1.2
AL133330.1,lncRNA,0.08,6.5,2.0,5.0,0.13,3.5
AL133331.1,lncRNA,0.0,0.0,0.09,0.0,0.95,0.56
AL133334.1,lncRNA,0.17,0.43,0.0,0.22,1.26,1.99
AL133335.1,lncRNA,0.33,0.0,0.53,2.0,2.85,3.0
AL133335.2,lncRNA,0.0,0.5,0.44,0.0,1.43,0.66
AL133338.1,lncRNA,1.29,1.07,0.45,0.0,2.01,1.93
AL133342.1,lncRNA,0.0,0.17,0.14,2.17,0.93,1.77
AL133343.1,lncRNA,0.33,1.0,1.25,0.5,4.05,1.31
AL133343.2,lncRNA,0.5,3.77,9.69,2.55,25.91,26.46
AL133346.1,lncRNA,1.62,0.36,1.31,0.99,4.44,5.59
AL133351.1,lncRNA,0.0,1.25,0.5,0.0,0.17,0.0
AL133351.4,lncRNA,0.84,0.24,1.54,1.69,5.92,3.69
AL133353.1,lncRNA,0.0,0.33,0.32,0.05,1.03,1.17
AL133355.1,lncRNA,0.82,0.6,4.3,2.32,5.58,3.01
AL133367.1,lncRNA,3.55,3.34,2.65,4.91,13.29,19.73
AL133368.2,lncRNA,3.5,5.67,0.0,3.0,2.5,0.5
AL133370.1,lncRNA,2.33,1.0,0.33,2.0,0.64,1.33
AL133371.1,lncRNA,0.6,0.17,2.0,6.5,6.28,5.41
AL133371.2,lncRNA,0.0,2.09,0.0,0.0,0.98,0.0
AL133371.3,lncRNA,2.64,3.64,1.02,0.0,3.33,5.05
AL133372.2,lncRNA,1.4,0.17,2.32,2.75,4.93,8.84
AL133372.3,lncRNA,0.0,0.0,0.22,0.25,0.43,1.41
AL133375.1,lncRNA,1.63,0.96,0.86,0.25,3.12,4.58
AL133383.1,lncRNA,2.0,0.64,0.5,0.0,2.25,2.43
AL133387.1,lncRNA,0.0,0.05,0.0,0.0,0.63,0.82
AL133387.2,lncRNA,0.12,0.83,0.34,0.0,6.86,5.35
AL133390.1,lncRNA,2.25,0.75,1.92,1.64,17.55,12.09
AL133395.1,lncRNA,0.14,0.07,0.29,6.6,2.33,2.35
AL133396.1,lncRNA,0.0,1.0,0.2,0.0,0.0,0.19
AL133405.1,lncRNA,0.0,0.0,1.24,0.33,1.62,2.37
AL133405.2,lncRNA,0.25,1.75,0.94,0.53,4.56,3.55
AL133406.2,lncRNA,0.0,0.0,0.2,0.33,4.03,3.34
AL133410.1,lncRNA,3.12,12.62,7.72,1.27,18.41,14.95
AL133410.2,lncRNA,0.44,0.65,1.99,0.36,3.46,3.73
AL133415.1,lncRNA,0.5,0.83,2.0,2.5,2.94,1.87
AL133419.1,lncRNA,0.33,1.0,2.0,0.5,0.17,1.43
AL133444.1,lncRNA,15.94,6.17,1.82,5.0,31.83,34.63
AL133445.2,lncRNA,0.0,0.0,0.08,0.0,1.88,1.44
AL133445.3,lncRNA,0.14,0.0,0.0,0.0,0.86,0.77
AL133453.1,lncRNA,0.5,1.0,0.0,0.0,0.12,0.0
AL133456.1,lncRNA,0.0,0.0,0.47,1.1,1.31,1.89
AL133457.1,lncRNA,0.08,0.25,0.0,0.2,3.71,1.6
AL133464.1,lncRNA,26.22,49.51,56.76,28.27,526.6,834.65
AL133465.1,lncRNA,0.0,0.0,0.0,0.33,2.03,3.55
AL133467.1,lncRNA,2.18,1.5,7.9,3.35,15.55,16.86
AL133467.2,lncRNA,2.14,2.1,3.67,2.5,9.25,10.83
AL133467.3,lncRNA,3.11,4.08,2.18,3.69,8.78,7.45
AL133467.4,lncRNA,0.08,0.0,0.6,0.38,2.74,0.6
AL133475.1,lncRNA,0.17,0.0,0.35,1.5,2.82,3.02
AL133476.1,lncRNA,1.0,0.17,0.25,0.09,2.43,0.23
AL133477.1,lncRNA,0.08,0.57,2.24,0.0,2.25,0.22
AL133477.2,lncRNA,0.0,0.0,0.0,0.11,0.48,1.09
AL133480.1,lncRNA,0.0,0.0,0.0,0.0,1.64,2.09
AL133481.1,lncRNA,0.0,1.5,0.06,0.33,1.1,0.87
AL133481.3,lncRNA,0.25,0.0,0.0,0.0,0.2,0.11
AL133482.1,lncRNA,0.63,0.2,1.41,1.07,4.01,3.84
AL133485.2,lncRNA,0.0,2.0,0.5,0.11,0.36,0.47
AL133485.3,lncRNA,1.5,0.05,0.33,4.38,3.98,5.01
AL133492.1,lncRNA,5.65,4.83,7.13,6.81,11.65,10.05
AL133493.1,lncRNA,0.0,1.55,1.49,0.3,3.38,1.52
AL133493.2,lncRNA,0.72,0.92,2.78,2.93,3.88,4.3
AL133499.1,lncRNA,0.62,0.75,2.22,0.32,4.22,1.97
AL133516.1,lncRNA,0.67,1.09,1.0,2.67,9.51,7.61
AL133520.1,lncRNA,0.0,0.14,0.32,0.0,5.6,3.09
AL133523.1,lncRNA,0.12,0.0,0.25,0.0,3.89,1.38
AL133538.1,lncRNA,0.33,2.16,0.6,0.92,3.79,5.08
AL133551.1,lncRNA,2.26,0.39,0.31,1.5,3.34,5.5
AL133553.1,lncRNA,0.09,2.48,0.0,3.27,0.0,3.35
AL133553.2,lncRNA,0.0,0.0,0.0,0.0,0.0,0.07
AL135744.1,lncRNA,0.33,0.06,4.27,1.17,13.5,8.28
AL135746.1,lncRNA,0.0,0.29,0.0,0.0,0.5,0.2
AL135784.1,lncRNA,0.0,0.0,0.0,0.0,0.73,0.52
AL135785.1,lncRNA,0.0,0.0,0.25,2.0,0.33,0.07
AL135786.2,lncRNA,0.0,0.0,0.0,0.0,2.33,0.26
AL135787.1,lncRNA,0.0,1.0,0.0,0.0,0.0,0.0
AL135790.1,lncRNA,43.39,58.69,38.84,39.26,65.57,99.69
AL135791.1,lncRNA,1.33,1.93,0.22,1.4,6.48,2.39
AL135818.1,lncRNA,0.36,0.42,0.0,3.34,1.95,9.26
AL135818.2,lncRNA,0.0,0.0,0.27,1.0,2.75,1.98
AL135818.3,lncRNA,1.5,0.2,0.0,0.0,2.33,2.97
AL135838.1,lncRNA,0.37,2.11,4.7,0.7,12.45,6.58
AL135841.1,lncRNA,0.0,5.0,0.0,0.09,1.64,1.2
AL135878.1,lncRNA,1.0,1.92,9.11,6.25,13.56,12.19
AL135902.1,lncRNA,0.0,0.0,0.07,0.0,1.17,0.48
AL135905.1,lncRNA,14.04,14.33,30.71,15.96,18.66,12.16
AL135908.1,lncRNA,0.75,0.32,0.07,0.2,1.79,1.13
AL135910.1,lncRNA,27.21,18.97,25.14,17.34,261.51,254.86
AL135923.2,lncRNA,3.8,5.14,10.65,4.26,51.71,60.22
AL135924.2,lncRNA,0.0,0.7,0.25,0.0,1.0,0.5
AL135925.1,lncRNA,53.47,11.73,6.82,16.16,69.2,36.24
AL135926.1,lncRNA,0.11,0.75,0.31,1.05,2.35,4.69
AL135926.2,lncRNA,0.9,10.23,6.15,9.6,8.45,7.88
AL135934.1,lncRNA,0.0,0.33,0.11,0.0,0.83,0.4
AL135936.1,lncRNA,0.19,0.0,0.5,1.0,4.01,2.85
AL135937.1,lncRNA,0.0,0.5,0.0,0.0,1.0,1.7
AL135960.1,lncRNA,10.8,7.24,4.91,11.77,21.36,28.9
AL135978.1,lncRNA,0.61,1.23,0.65,0.0,2.17,3.16
AL135999.1,lncRNA,3.6,4.18,10.53,4.45,22.72,22.73
AL135999.2,lncRNA,1.0,11.5,3.81,12.71,2.83,2.76
AL135999.3,lncRNA,0.14,0.5,0.62,0.0,1.42,0.5
AL136018.1,lncRNA,0.0,1.5,0.28,0.0,3.3,3.57
AL136038.2,lncRNA,0.0,0.0,0.0,0.0,0.0,1.0
AL136038.3,lncRNA,3.14,2.6,3.91,25.17,15.3,18.02
AL136038.4,lncRNA,0.54,5.9,1.51,6.93,11.52,12.84
AL136040.1,lncRNA,1.36,2.47,5.65,1.2,16.73,7.99
AL136040.2,lncRNA,1.23,4.43,2.1,6.63,3.26,4.97
AL136084.1,lncRNA,3.57,1.61,5.1,2.12,9.62,6.89
AL136084.2,lncRNA,0.0,1.72,0.31,0.06,1.58,3.36
AL136090.1,lncRNA,0.37,0.0,1.29,1.0,1.09,0.59
AL136090.2,lncRNA,0.5,8.53,3.58,2.79,11.06,16.81
AL136096.1,lncRNA,0.0,0.2,0.49,0.5,3.56,6.62
AL136097.2,lncRNA,0.33,0.0,0.33,0.0,0.2,1.02
AL136099.1,lncRNA,6.05,1.95,8.32,4.58,39.91,39.41
AL136102.1,lncRNA,0.0,0.0,0.0,0.54,0.17,0.85
AL136114.1,lncRNA,2.0,2.55,0.25,3.78,3.7,2.11
AL136115.1,lncRNA,0.33,0.33,0.0,3.0,0.27,1.62
AL136115.2,lncRNA,0.67,0.82,1.2,0.14,1.11,0.82
AL136115.3,lncRNA,0.17,6.16,4.52,0.34,4.03,4.63
AL136119.1,lncRNA,0.83,3.82,2.11,0.14,21.38,35.57
AL136129.1,lncRNA,0.0,0.0,0.0,0.53,2.1,0.28
AL136131.2,lncRNA,2.0,0.1,0.0,4.0,5.0,4.41
AL136131.3,lncRNA,0.5,0.12,0.0,1.53,0.15,0.65
AL136140.1,lncRNA,0.28,0.48,2.17,1.17,5.42,6.97
AL136141.1,lncRNA,6.07,0.07,0.0,4.08,0.25,0.18
AL136146.2,lncRNA,0.0,0.25,0.0,0.0,0.08,0.38
AL136162.1,lncRNA,3.71,0.53,1.89,3.12,4.95,7.73
AL136164.1,lncRNA,0.0,0.0,0.0,1.0,0.63,0.14
AL136164.2,lncRNA,0.26,2.95,0.31,0.32,1.47,0.73
AL136169.1,lncRNA,0.0,0.0,0.0,1.2,2.6,1.22
AL136171.2,lncRNA,7.32,14.54,7.2,7.72,32.68,24.61
AL136172.1,lncRNA,4.43,6.42,3.5,8.23,10.83,8.81
AL136181.1,lncRNA,2.5,0.0,2.06,0.9,1.68,3.73
AL136221.1,lncRNA,0.0,0.0,0.25,0.0,2.5,2.0
AL136225.1,lncRNA,1.29,0.75,1.08,7.26,3.69,9.17
AL136225.2,lncRNA,1.06,0.0,0.0,2.0,6.39,5.32
AL136234.1,lncRNA,0.73,0.0,0.0,0.0,0.0,0.27
AL136295.17,lncRNA,0.31,1.22,0.68,0.04,5.11,4.07
AL136295.2,lncRNA,0.53,0.25,0.83,0.12,5.1,2.27
AL136295.6,lncRNA,0.89,1.0,0.07,0.0,6.48,1.05
AL136295.7,lncRNA,0.0,0.0,0.0,0.0,0.0,0.34
AL136298.1,lncRNA,0.0,0.34,0.0,1.0,0.09,0.0
AL136301.1,lncRNA,0.12,0.7,1.38,2.39,7.05,5.39
AL136304.1,lncRNA,0.05,0.0,0.0,0.0,0.1,0.1
AL136305.1,lncRNA,6.08,1.81,6.54,4.03,8.76,9.14
AL136307.1,lncRNA,3.5,7.62,6.11,0.0,66.11,71.74
AL136309.2,lncRNA,2.48,2.28,1.19,1.21,2.73,3.68
AL136309.3,lncRNA,0.29,1.0,0.17,0.08,1.92,0.56
AL136317.2,lncRNA,0.45,3.25,0.2,7.8,2.09,6.17
AL136320.1,lncRNA,0.0,0.0,0.11,0.0,0.78,1.07
AL136322.1,lncRNA,0.08,0.0,0.33,0.0,0.09,1.21
AL136359.1,lncRNA,0.0,0.0,0.09,0.0,1.07,0.69
AL136360.2,lncRNA,0.0,0.2,0.5,0.11,3.77,2.76
AL136361.1,lncRNA,0.17,0.33,1.08,0.83,1.95,5.11
AL136366.1,lncRNA,1.36,3.11,0.33,0.17,3.31,4.95
AL136368.1,lncRNA,0.0,3.0,0.0,0.0,0.2,0.25
AL136369.2,lncRNA,0.0,0.0,0.5,0.0,0.54,0.43
AL136372.2,lncRNA,0.0,0.23,0.0,2.08,0.51,3.28
AL136376.1,lncRNA,0.0,0.0,0.33,0.11,1.03,0.61
AL136379.1,lncRNA,1.33,1.33,0.17,0.2,0.6,0.81
AL136418.1,lncRNA,0.08,0.0,0.5,0.17,2.0,2.44
AL136419.1,lncRNA,0.29,1.2,0.33,0.62,6.46,5.74
AL136419.2,lncRNA,2.0,0.5,0.9,0.54,0.92,0.61
AL136419.3,lncRNA,0.0,6.24,0.0,0.58,1.54,0.71
AL136439.1,lncRNA,1.5,5.46,0.5,2.11,3.25,2.18
AL136441.1,lncRNA,2.92,10.17,0.86,15.85,17.09,9.06
AL136442.1,lncRNA,0.0,0.0,1.59,2.0,2.91,0.6
AL136456.1,lncRNA,0.2,0.0,0.0,5.25,8.73,5.96
AL136460.1,lncRNA,0.0,0.0,0.0,0.49,1.6,0.33
AL136501.1,lncRNA,0.0,0.34,0.27,1.0,1.2,0.5
AL136524.1,lncRNA,0.49,1.07,0.22,1.5,1.4,2.73
AL136526.1,lncRNA,0.25,0.12,0.0,1.05,7.36,2.84
AL136531.1,lncRNA,0.0,0.35,0.09,0.85,4.23,2.37
AL136537.1,lncRNA,0.58,2.91,2.48,0.47,4.4,5.37
AL136961.1,lncRNA,0.0,0.2,0.5,0.0,2.34,2.17
AL136964.1,lncRNA,0.23,1.5,0.0,1.15,2.15,3.79
AL136972.1,lncRNA,0.0,0.0,0.5,0.0,0.2,1.0
AL136979.1,lncRNA,0.14,3.29,0.12,4.08,4.28,3.19
AL136980.1,lncRNA,0.2,0.03,1.0,0.0,0.0,0.42
AL136981.3,lncRNA,3.22,6.73,11.87,4.99,23.38,22.52
AL136981.4,lncRNA,1.41,2.58,2.91,3.51,8.07,9.01
AL136982.1,lncRNA,3.79,2.53,0.23,1.18,1.98,1.17
AL136982.2,lncRNA,0.0,0.09,0.02,0.67,0.3,0.38
AL136982.3,lncRNA,0.0,0.0,0.11,1.33,0.67,3.56
AL136982.6,lncRNA,0.27,0.0,0.1,0.0,0.98,0.64
AL136982.7,lncRNA,0.14,0.25,0.05,0.05,0.34,0.17
AL136984.1,lncRNA,0.26,0.85,0.64,0.0,3.42,1.81
AL136985.1,lncRNA,0.0,0.2,0.0,0.0,0.2,0.12
AL136985.2,lncRNA,1.0,0.0,0.0,2.0,0.54,0.33
AL136985.3,lncRNA,0.71,2.33,2.94,1.83,35.4,41.16
AL136987.1,lncRNA,0.0,0.64,0.04,0.5,0.86,1.82
AL136988.1,lncRNA,0.34,1.08,0.74,0.27,3.01,2.87
AL136988.2,lncRNA,0.0,0.22,0.0,1.0,5.53,6.38
AL137001.1,lncRNA,0.0,0.25,0.0,0.0,0.0,0.0
AL137001.2,lncRNA,0.53,0.5,0.24,0.0,4.01,8.36
AL137002.1,lncRNA,0.32,0.0,0.0,0.0,1.47,1.29
AL137002.2,lncRNA,3.36,2.64,9.31,6.5,38.18,38.62
AL137003.1,lncRNA,0.2,0.33,1.0,1.0,2.0,2.59
AL137005.1,lncRNA,6.53,11.37,12.0,11.3,53.01,44.07
AL137005.2,lncRNA,0.69,0.17,0.21,0.84,2.12,2.94
AL137009.1,lncRNA,6.17,4.97,2.58,0.48,9.27,10.72
AL137017.1,lncRNA,1.52,5.2,2.68,4.73,15.97,11.52
AL137018.1,lncRNA,0.63,3.75,1.2,6.98,10.08,14.09
AL137024.1,lncRNA,0.0,0.67,0.5,3.0,0.43,3.15
AL137025.1,lncRNA,2.18,2.13,3.72,0.0,6.24,11.7
AL137026.1,lncRNA,1.79,6.35,6.41,1.66,16.49,14.16
AL137026.2,lncRNA,0.62,0.81,0.0,7.33,2.92,0.22
AL137026.3,lncRNA,0.6,4.55,7.54,2.37,3.63,3.02
AL137027.1,lncRNA,0.0,0.0,0.0,0.0,0.54,0.0
AL137058.2,lncRNA,0.17,1.48,0.99,0.14,2.39,2.05
AL137060.3,lncRNA,7.21,7.68,11.69,9.16,102.91,80.19
AL137067.3,lncRNA,1.64,0.52,0.13,0.56,1.45,4.02
AL137071.1,lncRNA,0.0,0.0,0.0,0.0,1.0,0.0
AL137076.1,lncRNA,0.0,0.12,0.0,0.0,0.67,0.75
AL137077.2,lncRNA,1.31,1.12,4.76,2.15,7.12,7.3
AL137078.1,lncRNA,0.81,4.0,1.5,0.39,1.4,1.86
AL137078.2,lncRNA,0.25,0.0,0.77,0.17,3.82,6.95
AL137100.3,lncRNA,4.36,1.55,1.39,5.04,9.39,9.5
AL137127.1,lncRNA,12.05,5.33,6.81,5.07,21.11,8.16
AL137129.1,lncRNA,0.0,0.06,3.0,0.75,0.5,1.22
AL137139.2,lncRNA,9.41,8.58,6.38,6.62,46.02,45.07
AL137139.3,lncRNA,0.0,0.2,0.46,1.0,2.26,0.37
AL137140.1,lncRNA,0.0,0.05,1.5,0.78,0.38,0.74
AL137157.1,lncRNA,0.45,3.06,1.75,3.54,1.88,1.75
AL137182.1,lncRNA,4.49,17.73,12.78,11.13,41.55,56.16
AL137186.1,lncRNA,0.85,0.64,5.68,2.1,41.9,29.49
AL137186.2,lncRNA,2.07,15.4,8.18,7.81,21.38,31.69
AL137191.1,lncRNA,0.62,4.17,3.65,6.29,44.63,33.71
AL137220.1,lncRNA,0.05,1.29,0.0,0.0,0.0,0.67
AL137224.1,lncRNA,0.0,0.0,0.12,3.0,4.31,3.31
AL137230.1,lncRNA,2.54,3.2,0.68,5.56,2.81,2.32
AL137230.2,lncRNA,0.37,2.92,0.85,1.92,2.89,3.57
AL137244.1,lncRNA,0.1,0.0,0.14,0.0,0.3,0.26
AL137246.1,lncRNA,0.54,0.0,0.58,0.0,1.2,0.06
AL137246.2,lncRNA,1.0,0.0,0.42,0.33,1.62,0.52
AL137247.2,lncRNA,0.0,0.0,0.54,0.0,2.08,1.34
AL137779.1,lncRNA,3.96,3.36,7.98,4.58,25.29,29.62
AL137779.2,lncRNA,1.36,1.48,7.85,6.86,56.26,38.33
AL137781.1,lncRNA,0.36,2.98,0.27,1.33,10.35,3.17
AL137782.1,lncRNA,4.33,6.44,5.42,2.32,19.99,23.64
AL137785.1,lncRNA,0.0,0.0,0.0,0.5,0.25,0.17
AL137786.1,lncRNA,1.78,3.36,4.63,10.54,28.38,25.82
AL137786.2,lncRNA,1.08,0.33,0.81,3.0,6.93,1.33
AL137786.3,lncRNA,1.0,0.0,0.63,1.14,7.89,6.5
AL137789.1,lncRNA,0.0,1.06,0.23,0.0,0.77,2.98
AL137789.2,lncRNA,0.0,0.0,0.0,0.0,0.49,0.5
AL137796.1,lncRNA,0.5,0.58,0.25,1.25,2.4,0.1
AL137798.1,lncRNA,0.0,0.06,0.72,0.0,0.27,0.74
AL137798.2,lncRNA,3.87,4.59,6.4,10.3,5.19,12.15
AL137800.1,lncRNA,0.0,0.0,0.0,0.0,0.22,0.5
AL137802.1,lncRNA,0.03,0.0,0.0,0.75,0.73,0.81
AL137802.2,lncRNA,0.0,0.05,0.0,0.2,0.2,1.2
AL137802.3,lncRNA,0.03,0.05,0.0,0.95,1.21,0.94
AL137804.1,lncRNA,1.15,0.24,0.05,0.05,0.19,0.18
AL137847.1,lncRNA,1.2,2.03,0.92,6.28,7.54,8.06
AL137847.2,lncRNA,0.11,0.87,0.12,1.76,1.81,1.81
AL137856.1,lncRNA,1.25,0.32,1.16,1.08,2.68,4.02
AL137857.1,lncRNA,1.09,4.0,2.0,0.08,0.65,2.59
AL138478.1,lncRNA,0.06,0.5,0.0,1.0,0.97,0.23
AL138479.2,lncRNA,1.99,4.24,4.96,13.48,22.49,15.4
AL138686.1,lncRNA,1.0,0.0,0.0,0.0,1.04,0.86
AL138689.1,lncRNA,0.42,0.24,0.33,0.0,3.18,2.48
AL138689.2,lncRNA,6.77,9.33,4.22,4.11,37.3,39.07
AL138690.1,lncRNA,0.0,0.0,2.0,1.0,4.02,0.98
AL138694.1,lncRNA,0.38,2.17,1.0,14.76,4.55,4.47
AL138701.2,lncRNA,0.0,1.0,0.0,0.29,4.35,3.65
AL138708.1,lncRNA,0.0,1.2,0.45,1.08,2.05,6.68
AL138716.1,lncRNA,0.0,4.33,3.17,4.69,4.94,0.88
AL138720.1,lncRNA,0.37,2.39,0.87,2.02,4.21,5.85
AL138731.1,lncRNA,0.0,0.78,0.0,0.0,0.05,1.95
AL138733.1,lncRNA,0.23,0.54,2.39,0.28,1.02,0.74
AL138733.2,lncRNA,2.05,1.37,5.16,1.0,1.64,1.5
AL138740.1,lncRNA,0.33,1.68,2.57,0.0,1.27,1.0
AL138749.1,lncRNA,0.29,0.5,1.67,1.27,32.0,21.37
AL138756.1,lncRNA,4.47,3.84,2.5,8.18,12.61,11.33
AL138759.1,lncRNA,0.07,0.0,0.05,0.0,0.08,0.05
AL138760.1,lncRNA,0.0,0.0,0.24,0.0,2.99,1.76
AL138762.1,lncRNA,1.97,1.87,1.31,0.27,14.33,10.96
AL138767.1,lncRNA,0.11,2.33,0.57,0.06,6.5,5.1
AL138767.2,lncRNA,0.08,0.17,0.0,0.0,0.0,0.14
AL138767.3,lncRNA,0.0,0.0,0.23,0.0,0.67,0.34
AL138773.1,lncRNA,1.44,0.2,2.6,0.5,2.97,4.09
AL138778.1,lncRNA,1.1,6.06,2.87,2.23,10.67,8.84
AL138781.1,lncRNA,13.81,8.38,4.52,5.97,13.54,11.97
AL138787.2,lncRNA,0.0,0.0,0.0,2.5,0.91,1.06
AL138789.1,lncRNA,0.0,0.0,0.0,0.04,0.55,0.72
AL138799.1,lncRNA,0.0,0.0,0.0,0.0,0.0,0.1
AL138799.3,lncRNA,0.33,0.7,0.29,0.15,2.27,0.92
AL138808.1,lncRNA,0.0,0.07,0.0,0.0,1.54,0.54
AL138812.1,lncRNA,0.0,0.0,0.11,0.0,0.0,1.12
AL138820.1,lncRNA,3.25,2.49,1.97,2.97,9.5,8.66
AL138824.1,lncRNA,7.28,5.47,4.87,1.82,25.26,14.19
AL138826.1,lncRNA,6.0,7.5,0.58,1.09,1.53,2.53
AL138828.1,lncRNA,5.86,9.3,2.46,1.64,26.61,22.25
AL138830.1,lncRNA,0.0,2.0,0.33,0.0,3.38,8.18
AL138830.2,lncRNA,2.56,2.34,4.15,2.18,3.48,6.53
AL138831.1,lncRNA,0.2,0.84,1.11,1.0,4.57,1.75
AL138831.2,lncRNA,0.25,0.59,0.13,1.25,1.95,1.25
AL138885.2,lncRNA,0.25,0.17,0.0,0.14,1.95,0.45
AL138885.3,lncRNA,0.0,0.14,0.06,2.33,9.1,3.69
AL138889.1,lncRNA,16.57,23.44,27.95,25.73,110.9,92.34
AL138889.3,lncRNA,0.34,0.51,0.5,3.5,6.67,4.64
AL138895.1,lncRNA,0.0,0.0,0.4,0.2,1.36,1.54
AL138899.1,lncRNA,3.86,0.48,0.65,0.7,1.31,4.02
AL138900.1,lncRNA,0.0,0.0,0.07,0.0,1.39,1.51
AL138916.1,lncRNA,38.72,11.4,18.63,17.96,66.41,39.06
AL138916.2,lncRNA,2.21,0.11,0.13,0.25,5.19,6.12
AL138918.1,lncRNA,4.77,2.03,1.36,0.93,7.04,7.16
AL138921.1,lncRNA,0.13,0.5,0.56,1.44,1.83,1.73
AL138921.2,lncRNA,0.11,7.75,0.25,6.35,11.42,20.25
AL138927.1,lncRNA,1.84,0.66,2.39,1.64,9.79,12.14
AL138930.1,lncRNA,0.25,0.33,0.67,0.0,0.59,1.0
AL138954.1,lncRNA,0.0,0.0,0.0,0.0,0.88,0.14
AL138955.1,lncRNA,0.0,0.1,0.0,0.33,2.7,0.75
AL138957.1,lncRNA,0.0,0.17,0.0,0.33,1.48,0.23
AL138960.1,lncRNA,1.0,1.0,0.7,0.83,12.31,6.03
AL138962.1,lncRNA,0.0,0.0,0.0,1.0,0.33,2.53
AL138963.1,lncRNA,0.0,0.0,0.0,0.0,0.17,0.33
AL138963.3,lncRNA,3.04,6.29,3.62,9.34,3.51,9.33
AL138966.2,lncRNA,0.2,0.0,1.53,0.15,4.23,3.49
AL138976.2,lncRNA,0.14,0.0,0.0,0.0,0.83,1.43
AL138995.1,lncRNA,0.08,0.1,0.0,0.64,3.64,2.04
AL138997.1,lncRNA,1.0,0.0,0.0,0.0,1.14,1.05
AL138999.1,lncRNA,1.0,1.0,0.0,0.0,0.0,0.22
AL138999.2,lncRNA,4.72,1.07,0.08,0.15,8.18,6.47
AL139002.1,lncRNA,0.54,1.12,0.08,0.21,1.17,1.26
AL139008.2,lncRNA,0.0,7.0,0.0,4.0,0.64,2.0
AL139011.1,lncRNA,2.97,2.21,4.84,3.82,26.6,21.43
AL139020.1,lncRNA,1.78,3.85,0.13,10.14,5.36,3.91
AL139021.1,lncRNA,0.0,0.08,0.0,2.0,0.66,0.03
AL139021.2,lncRNA,0.12,0.3,0.31,0.5,2.71,3.4
AL139022.1,lncRNA,3.96,2.67,1.66,5.34,4.74,4.38
AL139022.2,lncRNA,0.0,0.17,0.0,0.0,0.0,0.65
AL139023.1,lncRNA,0.06,0.0,0.0,9.0,1.0,0.31
AL139035.1,lncRNA,0.07,3.08,0.41,0.0,0.98,1.23
AL139035.2,lncRNA,1.0,1.14,0.58,0.0,2.29,2.34
AL139039.3,lncRNA,0.2,0.0,0.0,0.0,2.19,3.13
AL139041.1,lncRNA,0.0,1.0,0.0,0.0,0.3,0.08
AL139042.1,lncRNA,4.13,0.61,1.49,3.27,6.17,3.28
AL139081.1,lncRNA,0.0,0.0,0.0,0.5,0.6,0.0
AL139081.2,lncRNA,0.11,0.55,0.5,0.0,2.83,0.25
AL139082.1,lncRNA,4.49,4.51,2.46,6.36,20.43,19.26
AL139090.1,lncRNA,0.0,0.5,0.59,0.0,3.77,1.48
AL139095.4,lncRNA,0.0,0.5,0.0,1.4,2.46,0.25
AL139095.5,lncRNA,1.41,5.09,1.62,1.29,10.21,2.52
AL139099.1,lncRNA,1.19,0.55,4.21,2.31,14.29,19.85
AL139099.2,lncRNA,0.17,7.32,0.0,2.2,0.0,0.97
AL139106.1,lncRNA,0.5,1.03,1.63,6.41,8.41,10.78
AL139118.1,lncRNA,0.0,0.0,0.08,0.0,1.66,1.67
AL139120.1,lncRNA,0.0,0.12,3.0,1.25,1.23,2.19
AL139123.1,lncRNA,0.12,0.0,0.1,0.0,0.5,0.2
AL139124.1,lncRNA,0.0,0.0,2.0,0.0,0.07,0.0
AL139130.1,lncRNA,25.19,31.14,257.44,18.7,101.91,93.68
AL139142.1,lncRNA,0.0,0.03,0.0,7.07,0.18,0.03
AL139147.1,lncRNA,0.0,0.14,0.0,5.0,0.5,1.43
AL139161.1,lncRNA,0.5,1.0,0.49,0.33,3.08,0.4
AL139190.1,lncRNA,0.18,0.09,0.81,3.17,4.63,8.34
AL139193.1,lncRNA,0.0,0.0,0.0,0.0,2.34,0.17
AL139193.2,lncRNA,0.08,2.31,0.52,1.05,3.9,3.15
AL139220.2,lncRNA,7.4,4.11,11.29,19.97,25.16,23.98
AL139230.1,lncRNA,0.0,1.58,0.0,0.0,0.33,0.0
AL139231.1,lncRNA,0.34,1.03,1.69,0.0,1.06,0.2
AL139232.1,lncRNA,0.89,1.17,3.4,2.73,70.15,68.84
AL139234.1,lncRNA,0.92,0.67,0.55,1.59,20.53,22.56
AL139237.1,lncRNA,0.14,0.41,0.39,0.0,1.55,9.15
AL139240.1,lncRNA,0.11,0.0,0.0,0.0,0.42,0.4
AL139241.1,lncRNA,0.29,0.2,0.56,0.0,5.12,6.08
AL139243.1,lncRNA,0.26,1.75,1.2,3.0,6.78,1.04
AL139246.1,lncRNA,1.0,1.9,1.74,0.0,4.88,5.42
AL139246.3,lncRNA,1.0,0.0,0.2,0.0,0.76,1.43
AL139246.4,lncRNA,0.42,1.33,1.51,0.0,3.25,2.52
AL139246.5,lncRNA,10.34,5.75,11.38,10.39,28.14,26.18
AL139254.1,lncRNA,0.2,0.0,1.14,4.0,0.44,1.58
AL139254.2,lncRNA,0.0,0.48,0.21,0.27,2.12,2.02
AL139254.3,lncRNA,0.0,1.0,0.64,0.0,1.23,0.6
AL139260.1,lncRNA,2.59,1.91,2.94,13.94,13.26,15.86
AL139260.2,lncRNA,2.0,5.81,1.3,0.75,5.74,4.54
AL139274.2,lncRNA,1.72,1.59,5.82,2.66,15.74,12.89
AL139275.1,lncRNA,0.46,0.42,0.63,2.0,3.51,3.3
AL139275.2,lncRNA,0.0,0.0,0.14,5.0,0.36,0.3
AL139280.1,lncRNA,0.5,1.25,1.56,0.75,2.79,3.72
AL139280.2,lncRNA,1.25,0.54,1.42,8.6,7.95,8.06
AL139280.3,lncRNA,2.42,5.09,6.74,4.97,22.66,10.54
AL139286.1,lncRNA,0.0,0.0,0.0,0.0,0.06,0.0
AL139286.2,lncRNA,0.21,2.2,1.0,0.0,4.66,2.73
AL139287.1,lncRNA,0.16,0.0,1.62,0.09,0.0,2.5
AL139288.1,lncRNA,0.23,0.26,0.27,1.0,0.95,2.14
AL139289.1,lncRNA,0.2,1.46,2.18,0.07,3.94,6.74
AL139289.2,lncRNA,2.56,3.48,2.86,0.25,7.5,7.46
AL139294.1,lncRNA,0.0,0.0,0.0,0.0,0.0,1.44
AL139300.2,lncRNA,0.14,3.18,0.52,6.18,1.53,0.38
AL139316.1,lncRNA,0.0,0.0,0.1,0.5,0.08,1.6
AL139317.1,lncRNA,0.11,3.37,0.0,0.5,0.0,1.0
AL139317.3,lncRNA,0.05,2.27,0.66,0.15,0.53,0.22
AL139317.5,lncRNA,16.47,23.37,3.11,4.86,14.91,17.55
AL139330.1,lncRNA,1.17,1.0,1.0,3.25,2.42,0.58
AL139339.1,lncRNA,0.2,0.34,0.14,0.1,1.62,1.12
AL139339.2,lncRNA,0.58,0.25,0.08,0.5,1.25,1.67
AL139340.1,lncRNA,0.0,0.0,0.58,1.11,1.25,0.67
AL139348.1,lncRNA,3.34,3.33,0.5,0.0,1.82,7.64
AL139349.1,lncRNA,0.5,0.2,0.17,0.36,4.25,3.05
AL139350.1,lncRNA,1.25,0.2,0.2,0.0,1.92,1.91
AL139351.1,lncRNA,0.0,0.0,0.0,0.0,0.25,0.67
AL139351.2,lncRNA,1.44,2.25,1.98,0.42,11.21,17.62
AL139351.3,lncRNA,1.06,6.81,2.55,4.04,12.13,6.16
AL139352.1,lncRNA,0.12,0.55,1.72,1.0,2.77,2.97
AL139353.2,lncRNA,0.89,3.85,0.88,2.9,6.85,9.33
AL139354.1,lncRNA,2.0,0.14,0.0,2.0,2.36,1.48
AL139379.1,lncRNA,3.88,8.76,10.7,3.42,12.88,13.31
AL139381.1,lncRNA,0.0,0.0,1.12,0.09,1.37,1.0
AL139383.1,lncRNA,12.41,8.39,6.33,4.77,20.49,13.53
AL139384.1,lncRNA,6.86,4.1,2.85,6.95,35.61,51.38
AL139384.2,lncRNA,5.99,27.27,5.33,9.07,78.43,71.98
AL139385.1,lncRNA,1.22,9.31,4.09,8.95,21.25,23.02
AL139390.1,lncRNA,0.1,0.31,0.0,2.33,1.05,0.11
AL139393.1,lncRNA,5.81,1.46,2.36,0.9,8.1,10.92
AL139393.2,lncRNA,0.33,1.33,0.52,0.55,2.77,2.94
AL139397.1,lncRNA,1.05,0.3,0.14,0.66,0.72,0.24
AL139398.1,lncRNA,0.4,2.04,2.75,2.21,23.43,26.87
AL139405.1,lncRNA,1.61,2.99,2.18,3.0,7.4,12.14
AL139407.1,lncRNA,0.1,0.0,0.0,0.0,1.96,3.07
AL139420.1,lncRNA,2.32,0.85,5.22,2.41,15.74,15.61
AL139420.2,lncRNA,1.92,0.57,4.68,2.3,7.82,8.63
AL139423.1,lncRNA,7.34,5.23,15.28,8.64,62.49,47.82
AL139423.2,lncRNA,0.6,1.25,3.18,6.12,19.99,8.18
AL139424.1,lncRNA,0.69,2.36,2.11,0.69,4.07,2.18
AL139424.2,lncRNA,0.0,0.0,2.33,2.12,0.42,2.85
AL139424.3,lncRNA,0.25,2.11,0.79,5.71,1.12,4.94
AL139801.1,lncRNA,1.03,0.0,0.43,0.12,1.63,0.5
AL139807.1,lncRNA,0.62,0.0,2.24,3.5,1.0,1.01
AL139811.1,lncRNA,0.0,0.0,0.0,0.09,1.51,0.5
AL139815.1,lncRNA,0.53,1.23,0.94,2.76,3.14,3.4
AL139819.1,lncRNA,0.0,0.17,0.0,0.0,1.91,0.18
AL139823.1,lncRNA,0.2,0.0,0.17,1.0,7.57,2.35
AL139824.1,lncRNA,0.0,0.0,0.17,0.0,0.64,0.46
AL157359.1,lncRNA,0.0,0.0,0.0,1.0,0.0,0.5
AL157359.2,lncRNA,0.42,0.0,2.0,0.0,0.4,1.35
AL157369.1,lncRNA,2.0,0.0,0.2,0.5,3.27,5.83
AL157371.1,lncRNA,0.0,0.04,0.0,0.18,0.33,1.28
AL157371.2,lncRNA,1.51,0.0,0.61,0.0,0.53,1.05
AL157373.1,lncRNA,1.67,0.0,0.0,0.0,0.0,0.0
AL157373.2,lncRNA,1.08,0.41,1.19,0.24,3.54,1.38
AL157378.1,lncRNA,0.0,0.0,0.0,0.0,0.0,0.48
AL157385.2,lncRNA,0.0,1.12,1.55,10.37,2.1,11.84
AL157387.1,lncRNA,0.0,0.0,0.13,0.0,0.58,0.08
AL157388.1,lncRNA,1.51,7.5,3.6,11.39,4.74,7.31
AL157392.1,lncRNA,0.0,1.0,0.92,0.0,3.71,2.31
AL157392.2,lncRNA,0.4,1.31,0.61,0.32,1.85,0.61
AL157392.3,lncRNA,13.94,27.85,20.09,19.39,42.64,52.94
AL157392.4,lncRNA,0.0,0.5,0.0,0.0,0.0,0.75
AL157394.1,lncRNA,0.05,0.25,0.0,0.0,0.74,0.93
AL157394.3,lncRNA,1.89,4.15,1.52,4.73,14.16,17.47
AL157395.1,lncRNA,0.22,3.13,0.39,5.57,3.21,5.39
AL157396.1,lncRNA,4.23,4.56,4.2,4.72,16.02,15.72
AL157400.1,lncRNA,0.0,0.0,0.2,0.0,0.91,1.16
AL157400.2,lncRNA,0.6,0.5,0.98,2.35,1.8,2.57
AL157400.3,lncRNA,0.75,4.07,3.16,1.55,5.54,5.63
AL157400.4,lncRNA,0.0,2.0,1.0,0.5,0.31,0.17
AL157402.1,lncRNA,0.5,5.2,6.92,0.0,0.93,1.25
AL157402.2,lncRNA,0.0,0.0,0.0,0.0,1.5,1.2
AL157413.1,lncRNA,0.0,1.09,0.33,2.0,19.24,10.23
AL157414.1,lncRNA,0.86,4.44,2.12,6.21,1.13,3.9
AL157414.2,lncRNA,0.0,0.0,0.06,0.0,0.08,0.0
AL157414.4,lncRNA,1.25,1.81,0.5,0.92,2.85,3.98
AL157688.1,lncRNA,0.58,0.0,0.33,0.67,1.08,1.17
AL157700.1,lncRNA,0.2,0.0,0.0,0.0,0.23,1.11
AL157702.2,lncRNA,0.17,0.7,0.44,1.42,4.27,0.89
AL157703.1,lncRNA,0.0,0.11,0.0,0.0,0.5,0.08
AL157709.1,lncRNA,0.0,0.0,0.0,0.0,0.57,0.5
AL157756.1,lncRNA,0.1,1.79,3.36,5.28,1.02,2.76
AL157762.1,lncRNA,0.0,0.0,0.0,0.0,0.29,1.44
AL157769.1,lncRNA,0.14,0.67,1.54,0.0,10.96,12.07
AL157778.1,lncRNA,1.0,4.36,1.32,0.08,9.87,7.39
AL157786.1,lncRNA,0.64,2.26,2.41,2.96,8.68,17.35
AL157813.1,lncRNA,0.6,0.97,0.85,0.65,11.92,4.06
AL157813.2,lncRNA,0.33,0.14,0.0,0.0,0.44,0.61
AL157817.1,lncRNA,0.0,0.0,1.67,0.0,0.93,3.12
AL157823.2,lncRNA,0.83,0.0,0.0,2.22,3.62,0.6
AL157827.2,lncRNA,2.75,0.58,0.85,0.56,13.33,8.57
AL157829.1,lncRNA,0.16,17.58,0.53,5.0,3.4,4.34
AL157831.2,lncRNA,3.27,25.13,11.19,16.8,4.9,5.73
AL157831.3,lncRNA,0.05,0.0,0.5,9.33,1.98,4.03
AL157832.1,lncRNA,0.0,1.21,0.28,1.05,1.16,1.05
AL157832.2,lncRNA,5.03,2.56,2.29,1.79,5.51,2.9
AL157834.1,lncRNA,0.0,0.5,0.0,1.42,2.72,0.43
AL157834.2,lncRNA,4.59,0.98,3.94,1.17,11.48,16.55
AL157834.4,lncRNA,0.0,0.0,0.0,0.0,0.07,0.25
AL157838.1,lncRNA,3.65,4.18,1.35,10.47,4.92,10.85
AL157871.1,lncRNA,0.05,0.08,0.64,0.0,0.27,1.39
AL157871.2,lncRNA,0.33,1.0,0.11,2.0,1.0,2.79
AL157871.4,lncRNA,1.5,1.5,0.0,0.04,1.06,1.27
AL157871.5,lncRNA,0.0,0.0,0.14,0.0,0.75,2.24
AL157871.6,lncRNA,0.0,0.0,0.17,0.0,0.0,0.4
AL157882.1,lncRNA,0.0,0.0,0.12,0.0,0.1,0.28
AL157884.2,lncRNA,0.11,0.0,0.0,0.0,0.0,0.0
AL157886.1,lncRNA,0.25,3.54,2.63,0.95,4.63,5.3
AL157888.1,lncRNA,0.15,0.29,0.0,2.62,2.58,3.85
AL157893.2,lncRNA,1.02,3.08,1.45,1.98,3.3,2.81
AL157895.1,lncRNA,22.75,6.79,0.33,3.62,6.11,7.39
AL157896.1,lncRNA,0.54,0.17,0.12,0.11,5.1,2.82
AL157902.1,lncRNA,4.69,3.17,5.28,2.88,156.19,37.99
AL157904.1,lncRNA,0.0,1.05,0.0,0.25,0.73,1.23
AL157911.1,lncRNA,6.61,1.39,1.0,6.06,24.44,23.46
AL157912.1,lncRNA,0.0,0.0,0.67,0.0,1.5,0.25
AL157931.1,lncRNA,0.0,0.0,0.0,0.1,0.44,1.0
AL157931.2,lncRNA,0.0,0.0,0.0,1.0,0.62,0.71
AL157932.1,lncRNA,0.09,0.25,1.0,0.08,0.33,0.08
AL157935.1,lncRNA,4.94,11.21,3.34,4.52,18.2,16.19
AL157936.1,lncRNA,1.83,0.99,0.4,0.2,3.5,2.77
AL157937.1,lncRNA,1.0,0.0,0.0,0.0,0.0,0.05
AL157938.2,lncRNA,2.52,6.31,2.74,2.49,4.45,2.36
AL157938.3,lncRNA,4.12,8.37,3.81,5.08,39.71,38.95
AL157938.4,lncRNA,2.0,5.92,1.56,6.0,5.41,2.38
AL157944.1,lncRNA,1.78,57.08,2.04,8.43,15.32,17.78
AL157955.1,lncRNA,0.0,2.67,0.1,0.0,0.69,0.0
AL157996.2,lncRNA,0.0,0.33,0.0,0.25,1.02,1.13
AL157997.1,lncRNA,0.07,0.4,0.0,0.75,0.27,0.95
AL158011.1,lncRNA,2.45,2.31,3.27,1.86,22.99,25.5
AL158013.1,lncRNA,0.58,1.2,1.0,0.12,1.76,1.12
AL158038.1,lncRNA,1.2,3.2,0.5,0.5,3.64,5.66
AL158042.1,lncRNA,0.0,4.0,0.0,1.5,0.17,0.5
AL158055.1,lncRNA,1.88,2.76,1.28,1.64,22.47,19.85
AL158058.1,lncRNA,1.0,0.14,0.5,0.0,6.26,3.24
AL158058.2,lncRNA,2.71,3.06,2.47,0.17,6.04,10.05
AL158063.1,lncRNA,0.11,0.0,0.0,0.0,0.5,0.11
AL158064.1,lncRNA,4.9,17.31,8.65,10.67,51.64,41.94
AL158065.1,lncRNA,0.0,0.5,0.5,0.39,6.16,0.17
AL158066.1,lncRNA,1.86,3.84,0.62,0.88,8.47,10.73
AL158068.2,lncRNA,2.75,0.9,8.94,0.0,1.19,0.52
AL158069.1,lncRNA,0.0,0.0,0.0,0.0,1.86,0.32
AL158070.1,lncRNA,3.58,1.2,0.57,2.39,4.27,3.93
AL158071.2,lncRNA,2.1,4.49,1.9,0.37,4.25,11.11
AL158071.3,lncRNA,5.53,4.77,2.44,2.92,21.17,20.51
AL158071.4,lncRNA,2.5,6.33,2.27,6.39,9.14,10.47
AL158077.2,lncRNA,0.0,0.42,0.57,3.68,4.77,1.53
AL158090.1,lncRNA,0.0,0.2,0.67,2.0,9.81,6.58
AL158136.1,lncRNA,1.0,1.3,0.84,1.54,3.39,4.44
AL158141.1,lncRNA,0.12,0.65,0.29,0.28,0.37,0.75
AL158147.1,lncRNA,55.54,44.32,69.17,47.21,110.18,60.03
AL158151.1,lncRNA,2.91,13.71,12.73,10.87,40.58,35.18
AL158151.2,lncRNA,1.0,1.0,2.17,0.0,1.87,0.9
AL158151.4,lncRNA,1.25,0.5,2.0,0.0,0.91,1.78
AL158154.2,lncRNA,0.11,0.0,0.17,0.22,2.15,1.78
AL158154.3,lncRNA,2.61,2.26,0.61,2.76,8.89,12.96
AL158163.1,lncRNA,1.26,0.25,0.59,0.49,7.92,9.5
AL158163.2,lncRNA,0.2,0.0,0.0,0.5,2.57,1.73
AL158166.1,lncRNA,0.33,0.0,1.5,0.33,0.64,0.2
AL158166.2,lncRNA,0.0,0.38,0.24,0.0,0.9,1.34
AL158167.1,lncRNA,0.0,0.0,0.09,0.0,1.21,0.83
AL158168.1,lncRNA,0.5,0.0,1.08,1.13,1.02,1.07
AL158175.1,lncRNA,1.72,1.45,1.67,5.31,10.59,13.04
AL158195.1,lncRNA,3.2,0.0,2.39,0.0,2.51,3.2
AL158196.1,lncRNA,2.0,0.17,0.0,0.0,1.0,0.11
AL158198.1,lncRNA,0.17,0.0,0.0,0.67,0.92,0.45
AL158198.2,lncRNA,0.0,0.0,0.5,2.0,1.63,0.14
AL158206.1,lncRNA,1.51,4.79,2.76,0.39,3.11,6.24
AL158207.2,lncRNA,0.0,0.0,0.14,0.0,0.68,3.51
AL158210.1,lncRNA,4.0,2.0,14.1,1.79,22.62,54.96
AL158211.1,lncRNA,0.33,0.2,0.79,0.0,1.28,2.05
AL158211.2,lncRNA,0.0,0.05,0.0,0.17,0.05,0.5
AL158211.3,lncRNA,1.0,0.12,2.78,0.81,9.23,5.53
AL158211.4,lncRNA,0.07,0.05,0.0,0.17,0.3,1.06
AL158212.1,lncRNA,0.4,0.73,0.2,0.38,3.11,1.53
AL158212.2,lncRNA,0.29,0.24,0.6,0.12,7.43,7.38
AL158212.3,lncRNA,3.66,2.63,5.36,1.05,23.08,29.28
AL158212.5,lncRNA,2.46,6.5,0.29,3.73,1.47,2.22
AL158216.1,lncRNA,0.07,0.0,0.2,1.25,3.31,2.08
AL158800.1,lncRNA,2.67,3.49,17.56,4.55,146.97,16.72
AL158801.2,lncRNA,55.07,3.12,10.95,8.38,98.46,21.69
AL158801.3,lncRNA,0.5,0.0,0.0,0.0,0.97,2.01
AL158817.1,lncRNA,1.0,1.61,5.53,0.87,17.55,14.75
AL158825.2,lncRNA,0.0,2.17,1.67,0.0,0.92,1.72
AL158828.1,lncRNA,0.0,1.83,0.0,0.0,1.82,2.85
AL158829.1,lncRNA,0.0,0.36,0.0,0.0,0.4,1.5
AL158832.1,lncRNA,0.0,0.0,0.0,0.0,0.56,0.7
AL158832.2,lncRNA,0.53,0.0,1.0,0.46,2.12,2.36
AL158834.1,lncRNA,0.0,0.25,0.0,2.0,0.07,0.58
AL158834.2,lncRNA,0.0,0.08,0.56,1.14,1.18,2.04
AL158835.1,lncRNA,11.47,1.61,17.1,6.72,18.8,25.32
AL158835.2,lncRNA,0.2,0.2,0.35,0.0,0.97,0.0
AL158835.3,lncRNA,0.0,0.0,0.21,0.11,0.28,0.11
AL158837.1,lncRNA,0.0,0.0,0.0,0.0,0.0,0.14
AL158847.1,lncRNA,0.33,0.0,1.75,1.03,1.94,0.93
AL158850.1,lncRNA,0.13,2.37,1.0,0.16,2.92,3.13
AL159156.1,lncRNA,0.07,0.05,0.2,1.24,2.95,1.07
AL159158.1,lncRNA,1.12,0.0,0.5,0.2,1.0,1.39
AL159166.1,lncRNA,0.6,0.41,2.03,1.6,7.99,9.22
AL159169.2,lncRNA,0.0,0.0,0.0,0.0,0.78,0.53
AL159169.3,lncRNA,0.0,0.0,0.0,0.0,2.12,3.51
AL159174.1,lncRNA,0.1,1.85,2.56,4.34,23.26,19.49
AL159972.1,lncRNA,1.0,0.12,0.0,0.1,0.0,0.0
AL159978.1,lncRNA,0.4,0.33,0.88,2.0,5.15,5.33
AL159990.1,lncRNA,0.0,0.0,0.12,0.0,0.0,0.12
AL159990.2,lncRNA,0.0,0.0,0.12,0.0,0.0,0.12
AL159996.1,lncRNA,1.59,5.19,4.81,3.39,43.07,34.98
AL160004.1,lncRNA,0.05,0.31,0.08,0.0,0.76,0.21
AL160006.1,lncRNA,3.05,2.57,2.25,10.16,10.05,13.74
AL160035.1,lncRNA,0.56,0.09,0.89,0.2,7.44,5.37
AL160153.1,lncRNA,0.54,0.2,0.32,0.0,1.4,1.74
AL160154.1,lncRNA,0.0,0.06,0.81,0.0,0.06,0.21
AL160159.1,lncRNA,0.0,0.25,1.75,2.0,0.15,2.1
AL160163.1,lncRNA,1.0,0.0,0.0,2.0,1.54,0.4
AL160171.1,lncRNA,0.62,0.06,2.74,2.68,10.82,11.41
AL160191.1,lncRNA,3.01,1.33,3.08,3.26,17.36,12.38
AL160236.2,lncRNA,0.0,0.0,0.0,0.0,0.0,0.25
AL160237.1,lncRNA,2.68,7.3,9.01,9.09,8.56,8.62
AL160254.1,lncRNA,2.18,1.96,3.87,0.32,3.24,2.76
AL160262.1,lncRNA,0.0,0.0,0.06,4.0,0.17,9.61
AL160270.1,lncRNA,1.0,0.5,1.58,0.32,4.43,2.55
AL160271.2,lncRNA,0.08,1.5,0.0,0.67,3.01,1.53
AL160272.1,lncRNA,19.54,17.26,18.09,18.95,203.35,206.55
AL160286.2,lncRNA,17.73,25.74,7.28,113.57,4.43,15.1
AL160286.3,lncRNA,5.29,3.49,3.29,1.86,10.52,8.04
AL160290.1,lncRNA,0.2,0.0,1.08,0.0,2.28,4.42
AL160291.1,lncRNA,0.07,0.0,0.0,0.03,1.19,1.1
AL160313.1,lncRNA,0.25,0.25,2.0,2.42,7.17,8.53
AL160313.2,lncRNA,0.25,0.0,0.0,1.25,4.07,0.65
AL160314.2,lncRNA,1.25,10.73,1.26,4.0,6.46,4.54
AL160396.1,lncRNA,0.0,0.0,0.11,0.75,3.4,3.25
AL160396.2,lncRNA,1.7,1.7,1.0,4.0,6.45,11.08
AL160400.1,lncRNA,8.25,50.58,12.0,21.62,18.07,36.35
AL160408.1,lncRNA,1.37,6.72,1.34,1.5,6.78,3.7
AL160408.2,lncRNA,0.25,2.32,0.72,2.08,1.29,2.2
AL160408.3,lncRNA,0.17,0.33,2.7,3.57,6.14,7.05
AL160408.4,lncRNA,1.19,2.47,1.24,0.07,3.65,8.14
AL160408.5,lncRNA,1.28,0.31,2.25,0.83,11.83,7.45
AL160408.6,lncRNA,0.14,0.09,0.8,2.25,0.97,1.18
AL160410.1,lncRNA,0.0,2.0,0.5,9.05,7.74,2.88
AL160411.1,lncRNA,0.33,0.2,0.0,0.0,1.73,1.13
AL160412.1,lncRNA,2.45,4.81,2.22,0.06,12.86,10.92
AL160413.1,lncRNA,0.11,0.0,0.0,1.64,1.99,6.68
AL161421.1,lncRNA,1.73,1.67,1.27,2.61,17.93,21.4
AL161430.1,lncRNA,0.12,0.0,0.0,0.25,1.22,1.49
AL161431.1,lncRNA,13.57,7.92,50.77,24.26,6.34,4.64
AL161443.1,lncRNA,1.0,1.13,0.62,0.07,2.25,6.2
AL161447.2,lncRNA,0.83,2.83,0.0,0.0,7.08,3.84
AL161449.2,lncRNA,3.67,4.29,3.0,2.68,8.49,11.41
AL161452.1,lncRNA,2.66,0.73,1.92,0.15,5.13,4.6
AL161457.1,lncRNA,0.08,0.0,0.0,0.48,0.22,1.1
AL161457.2,lncRNA,1.09,5.92,1.01,2.32,6.75,11.47
AL161616.2,lncRNA,0.0,1.33,0.0,0.0,0.34,0.14
AL161618.1,lncRNA,0.0,0.78,4.43,0.0,1.51,1.0
AL161628.1,lncRNA,0.0,0.11,0.0,0.2,0.5,0.9
AL161629.1,lncRNA,0.75,1.11,2.07,3.44,8.24,15.5
AL161630.1,lncRNA,1.14,0.38,0.62,0.0,0.91,1.73
AL161636.1,lncRNA,4.58,1.12,4.01,7.58,2.75,3.66
AL161638.1,lncRNA,0.0,0.0,1.0,0.0,0.5,0.2
AL161638.2,lncRNA,2.0,0.0,0.08,0.0,1.84,1.72
AL161640.1,lncRNA,0.0,0.0,0.0,0.0,0.95,0.14
AL161640.2,lncRNA,1.2,2.74,2.0,3.4,8.68,5.17
AL161640.3,lncRNA,3.31,10.65,6.92,3.49,15.39,16.09
AL161644.1,lncRNA,1.06,0.17,0.0,0.83,1.84,1.82
AL161645.1,lncRNA,0.31,1.27,0.47,0.06,8.67,13.63
AL161645.2,lncRNA,0.5,1.5,0.0,0.0,0.51,0.33
AL161646.1,lncRNA,0.33,0.67,0.83,2.0,3.74,0.26
AL161652.1,lncRNA,0.09,1.17,0.08,1.0,0.87,2.03
AL161662.1,lncRNA,1.25,2.26,2.16,1.94,16.79,13.67
AL161663.1,lncRNA,1.25,0.0,0.55,0.0,1.07,0.29
AL161663.2,lncRNA,0.61,0.36,1.6,0.2,4.5,6.24
AL161665.1,lncRNA,2.53,7.11,0.34,9.62,5.6,15.77
AL161665.2,lncRNA,6.39,1.19,2.58,0.97,10.7,11.17
AL161668.1,lncRNA,0.0,0.75,0.47,0.42,1.59,1.84
AL161668.2,lncRNA,0.0,0.0,0.12,0.0,0.67,0.2
AL161668.3,lncRNA,2.36,1.95,0.31,6.68,8.81,6.73
AL161668.4,lncRNA,0.15,0.23,0.54,0.14,1.94,3.82
AL161669.1,lncRNA,0.74,0.5,2.14,2.0,3.57,4.07
AL161669.3,lncRNA,0.0,0.12,0.0,0.0,0.35,0.09
AL161669.4,lncRNA,0.0,0.48,0.0,0.14,0.79,3.12
AL161714.1,lncRNA,0.0,0.0,1.0,0.0,0.58,0.5
AL161716.1,lncRNA,1.51,3.2,0.67,2.56,141.66,19.73
AL161717.1,lncRNA,1.32,2.12,1.22,1.5,4.94,6.51
AL161719.1,lncRNA,0.03,0.0,0.25,0.09,0.03,0.32
AL161725.1,lncRNA,10.13,8.32,9.93,16.1,55.7,54.0
AL161725.2,lncRNA,0.0,1.1,0.0,0.0,0.25,0.0
AL161729.1,lncRNA,7.46,2.01,3.44,2.5,33.29,20.81
AL161729.2,lncRNA,1.07,0.36,0.44,1.79,3.81,2.89
AL161729.3,lncRNA,0.0,0.25,0.17,0.0,0.64,0.5
AL161729.4,lncRNA,0.0,0.74,0.0,2.0,0.0,0.34
AL161731.1,lncRNA,1.62,1.8,0.79,1.91,11.49,9.6
AL161733.1,lncRNA,1.0,0.0,2.0,0.0,1.22,3.57
AL161734.1,lncRNA,0.0,0.0,0.0,0.0,0.0,2.57
AL161734.2,lncRNA,0.6,1.24,2.33,0.92,1.87,7.79
AL161740.1,lncRNA,0.74,2.68,0.1,1.29,0.67,2.34
AL161747.2,lncRNA,0.0,0.0,0.04,0.07,0.13,2.63
AL161752.1,lncRNA,0.0,0.0,0.0,0.0,1.0,0.0
AL161753.1,lncRNA,0.75,2.14,0.72,2.61,6.1,3.82
AL161756.1,lncRNA,3.03,18.57,3.28,8.81,10.89,14.95
AL161756.3,lncRNA,2.65,13.05,1.1,4.45,3.61,7.13
AL161757.2,lncRNA,0.0,0.0,0.07,1.0,0.59,0.0
AL161757.3,lncRNA,0.0,0.43,0.0,0.07,0.72,0.17
AL161757.4,lncRNA,0.3,0.48,3.63,1.42,5.77,9.97
AL161757.5,lncRNA,0.0,6.12,1.0,0.5,1.07,0.88
AL161772.1,lncRNA,9.78,6.42,7.41,7.86,24.51,25.76
AL161781.1,lncRNA,1.19,1.51,5.77,0.62,2.31,4.26
AL161782.1,lncRNA,0.11,2.71,2.08,0.25,3.58,5.13
AL161785.1,lncRNA,0.55,4.91,4.17,1.07,10.81,7.55
AL161793.1,lncRNA,0.0,7.5,0.71,2.0,0.29,0.61
AL161797.1,lncRNA,0.0,0.79,0.72,1.45,8.08,8.47
AL161804.1,lncRNA,0.56,2.07,1.05,2.43,2.18,4.68
AL161851.1,lncRNA,0.0,0.38,1.75,0.0,0.71,0.51
AL161851.2,lncRNA,0.0,0.0,0.33,0.14,1.63,0.6
AL161891.1,lncRNA,0.8,7.46,6.6,3.53,8.42,9.65
AL161893.1,lncRNA,8.17,16.79,2.77,2.94,18.85,16.83
AL161896.1,lncRNA,0.0,0.0,0.1,0.05,0.83,0.08
AL161908.1,lncRNA,2.73,2.27,2.72,2.67,20.31,15.58
AL161908.2,lncRNA,0.09,0.14,1.43,0.82,2.59,1.62
AL161909.2,lncRNA,0.0,0.0,0.75,4.14,1.21,1.13
AL161910.1,lncRNA,2.83,5.94,6.01,10.82,17.69,24.52
AL161912.1,lncRNA,0.0,0.58,0.0,0.0,0.34,0.26
AL161912.2,lncRNA,0.5,1.72,0.58,1.22,25.25,18.16
AL161935.1,lncRNA,3.33,2.65,6.45,2.94,88.89,52.32
AL161935.3,lncRNA,1.17,2.21,0.17,0.09,2.68,4.85
AL161937.1,lncRNA,2.0,0.0,4.5,0.0,0.5,0.07
AL161938.1,lncRNA,2.36,5.92,0.73,1.41,8.47,7.35
AL161941.1,lncRNA,0.9,2.44,1.77,2.36,10.37,8.05
AL161945.1,lncRNA,0.0,0.42,0.27,0.17,1.76,2.92
AL162151.1,lncRNA,0.67,1.0,0.0,0.5,0.68,0.74
AL162151.3,lncRNA,3.0,10.62,1.11,0.48,4.3,5.07
AL162171.1,lncRNA,1.46,1.82,0.34,0.39,6.4,5.35
AL162171.2,lncRNA,0.0,0.39,0.0,1.5,1.95,0.5
AL162171.3,lncRNA,0.29,0.92,0.08,9.75,3.34,4.03
AL162231.2,lncRNA,0.11,1.09,1.09,0.14,0.52,2.26
AL162231.4,lncRNA,1.61,1.05,2.73,4.67,9.33,13.38
AL162231.5,lncRNA,0.0,0.0,0.0,0.0,0.31,0.1
AL162253.1,lncRNA,0.12,0.87,0.0,0.0,0.25,1.08
AL162253.2,lncRNA,2.69,0.82,1.87,2.96,7.2,4.15
AL162258.1,lncRNA,1.64,1.52,1.34,1.73,6.51,5.92
AL162258.2,lncRNA,2.06,1.34,2.04,0.46,7.1,5.89
AL162274.1,lncRNA,0.7,0.54,0.76,0.2,5.84,4.65
AL162274.2,lncRNA,0.0,1.0,0.83,1.0,0.56,1.93
AL162293.1,lncRNA,4.84,5.08,3.35,1.68,15.54,19.83
AL162311.1,lncRNA,0.0,0.0,0.0,0.0,1.0,0.0
AL162311.3,lncRNA,3.95,1.75,2.66,9.61,6.08,9.49
AL162377.1,lncRNA,2.49,2.6,5.59,2.4,32.24,21.9
AL162384.1,lncRNA,0.0,1.0,0.0,0.25,0.32,1.0
AL162385.1,lncRNA,1.08,0.51,1.5,0.0,2.78,4.08
AL162385.2,lncRNA,0.0,0.2,0.0,0.0,0.47,1.5
AL162386.2,lncRNA,0.62,1.5,0.0,0.55,8.03,10.87
AL162388.2,lncRNA,3.52,3.32,4.23,2.7,8.11,12.0
AL162390.1,lncRNA,289.51,85.47,120.42,140.11,555.72,147.58
AL162391.1,lncRNA,3.55,0.82,5.95,5.89,14.98,7.49
AL162391.2,lncRNA,0.7,2.23,1.78,0.65,11.28,10.93
AL162394.1,lncRNA,0.0,0.12,0.87,0.29,8.15,5.56
AL162399.1,lncRNA,0.0,0.5,0.0,0.0,0.0,0.37
AL162400.1,lncRNA,1.0,0.08,0.0,0.0,0.0,0.24
AL162400.2,lncRNA,0.5,0.0,6.5,0.0,0.25,1.0
AL162400.3,lncRNA,0.67,0.1,1.25,0.0,3.23,1.14
AL162411.1,lncRNA,2.06,0.61,0.87,1.12,3.79,5.7
AL162412.1,lncRNA,1.6,2.86,6.84,1.65,16.46,13.18
AL162413.1,lncRNA,0.0,0.18,0.0,0.0,0.5,0.0
AL162414.1,lncRNA,0.17,2.0,0.0,1.0,0.0,0.35
AL162419.1,lncRNA,0.29,0.96,25.01,1.0,1.89,1.87
AL162424.1,lncRNA,2.12,0.0,12.46,1.11,1.01,2.59
AL162425.1,lncRNA,1.5,0.0,0.0,4.0,0.44,0.4
AL162426.1,lncRNA,0.08,0.04,0.07,0.0,1.27,1.87
AL162427.1,lncRNA,40.81,62.09,34.19,30.15,423.47,778.56
AL162430.2,lncRNA,0.0,0.0,0.0,1.0,0.25,0.45
AL162431.1,lncRNA,0.32,2.07,1.0,2.83,4.8,2.76
AL162456.1,lncRNA,1.25,0.14,0.07,1.27,0.85,1.13
AL162457.1,lncRNA,8.64,8.27,10.1,5.92,14.93,11.36
AL162457.2,lncRNA,1.04,1.05,3.1,7.27,145.99,121.35
AL162458.1,lncRNA,14.3,13.95,2.41,12.89,31.23,28.09
AL162464.1,lncRNA,0.12,2.0,0.17,0.0,0.0,2.2
AL162464.2,lncRNA,0.09,1.17,0.12,1.14,0.2,0.39
AL162493.1,lncRNA,0.0,0.91,0.58,4.44,4.96,8.03
AL162497.1,lncRNA,0.17,0.75,1.48,0.5,2.3,2.48
AL162511.1,lncRNA,7.05,4.57,4.11,12.47,9.07,10.82
AL162573.1,lncRNA,0.0,3.0,0.0,0.0,0.41,1.0
AL162574.1,lncRNA,0.5,1.83,0.0,3.33,0.9,0.0
AL162574.2,lncRNA,0.09,0.96,1.7,0.4,0.14,0.47
AL162582.1,lncRNA,1.13,0.78,0.67,0.0,0.88,0.98
AL162584.1,lncRNA,0.33,0.0,0.0,0.33,4.59,3.29
AL162585.1,lncRNA,0.0,0.17,0.17,0.31,0.54,1.55
AL162586.1,lncRNA,2.2,2.5,1.6,1.9,6.01,6.62
AL162586.2,lncRNA,2.61,5.28,5.5,11.51,13.59,8.39
AL162591.2,lncRNA,0.17,0.0,0.5,0.0,2.16,1.14
AL162595.1,lncRNA,3.29,4.56,8.29,11.3,22.99,26.92
AL162595.2,lncRNA,0.33,1.08,0.67,2.31,14.55,10.51
AL162632.1,lncRNA,0.0,0.0,0.0,0.0,1.17,0.83
AL162632.3,lncRNA,0.1,0.0,0.0,2.33,1.13,0.14
AL162713.1,lncRNA,0.0,0.47,0.0,0.0,0.2,0.73
AL162713.2,lncRNA,4.49,6.81,5.37,4.97,16.34,14.72
AL162717.1,lncRNA,0.0,0.67,4.0,0.0,6.94,8.19
AL162718.1,lncRNA,0.91,3.17,4.37,1.49,10.2,10.84
AL162718.2,lncRNA,3.52,0.0,3.08,0.53,3.93,2.68
AL162718.3,lncRNA,1.08,2.36,1.79,2.77,9.76,11.51
AL162719.1,lncRNA,1.33,1.33,0.2,2.25,2.63,1.71
AL162724.1,lncRNA,0.0,0.33,0.5,0.18,0.79,1.73
AL162724.2,lncRNA,14.58,25.73,38.01,25.28,3.59,0.88
AL162725.2,lncRNA,0.12,0.16,1.09,1.33,4.82,6.74
AL162726.1,lncRNA,0.0,0.0,0.0,1.0,1.25,0.2
AL162726.4,lncRNA,2.4,6.0,1.41,1.0,3.91,4.94
AL162727.1,lncRNA,3.29,1.21,1.05,1.1,7.05,11.1
AL162727.2,lncRNA,0.0,0.5,0.0,0.25,1.7,1.18
AL162731.1,lncRNA,1.44,2.64,0.86,3.55,3.07,3.95
AL162741.1,lncRNA,1.66,0.37,1.73,0.31,2.45,2.31
AL162742.1,lncRNA,0.0,2.0,0.05,0.0,0.06,0.5
AL162872.1,lncRNA,0.0,0.17,0.0,0.0,4.44,0.0
AL163051.1,lncRNA,1.49,2.22,5.01,2.12,10.39,17.69
AL163192.1,lncRNA,1.75,2.48,1.71,3.36,2.51,4.86
AL163195.2,lncRNA,1.81,0.32,1.57,0.12,8.04,2.69
AL163534.1,lncRNA,0.34,3.0,0.85,4.25,5.13,6.73
AL163541.1,lncRNA,0.14,0.14,1.92,1.17,5.16,1.87
AL163872.1,lncRNA,3.5,2.0,7.53,7.95,19.58,25.93
AL163932.1,lncRNA,0.11,0.4,0.6,1.58,2.52,2.1
AL163952.1,lncRNA,0.59,1.84,1.5,1.17,5.9,8.9
AL163953.1,lncRNA,0.1,0.2,0.25,0.0,1.88,0.76
AL163973.2,lncRNA,0.0,0.5,0.0,0.0,0.0,0.0
AL163973.3,lncRNA,0.17,0.5,0.0,0.0,0.0,0.63
AL163974.1,lncRNA,0.5,0.0,0.0,0.0,1.43,1.12
AL352955.1,lncRNA,0.0,0.0,0.05,0.15,0.0,0.12
AL352979.2,lncRNA,0.0,0.06,0.0,0.0,0.24,0.28
AL352979.4,lncRNA,0.5,0.87,1.7,1.25,7.34,3.04
AL352984.1,lncRNA,0.06,0.0,0.0,0.0,0.19,0.05
AL353052.1,lncRNA,0.0,0.54,0.5,2.0,0.18,3.04
AL353052.2,lncRNA,1.41,0.5,3.3,1.52,9.34,11.17
AL353072.2,lncRNA,0.19,0.06,0.14,0.2,2.06,2.61
AL353135.1,lncRNA,0.67,0.81,0.44,0.0,11.24,5.74
AL353135.2,lncRNA,0.17,0.25,1.04,4.44,4.82,3.76
AL353138.1,lncRNA,0.32,0.14,0.27,0.6,1.1,1.28
AL353147.1,lncRNA,5.19,3.51,7.48,6.52,23.47,17.82
AL353150.1,lncRNA,0.62,0.0,0.0,0.0,1.95,2.5
AL353151.2,lncRNA,3.86,8.22,2.97,19.23,12.91,8.22
AL353152.1,lncRNA,0.44,0.0,1.0,0.12,1.35,1.55
AL353152.2,lncRNA,2.34,3.19,3.02,1.3,35.93,23.85
AL353572.4,lncRNA,1.08,2.25,0.89,0.0,6.17,7.43
AL353576.1,lncRNA,40.83,78.61,63.02,82.09,530.28,519.69
AL353581.1,lncRNA,1.13,0.9,2.57,3.4,11.16,12.88
AL353586.1,lncRNA,0.79,1.94,3.92,2.32,18.91,23.31
AL353593.1,lncRNA,7.99,11.12,13.02,14.85,33.19,24.63
AL353593.2,lncRNA,0.08,0.07,0.4,0.5,1.83,1.13
AL353593.3,lncRNA,5.58,4.56,1.79,7.4,13.05,10.52
AL353595.1,lncRNA,2.71,4.98,0.58,0.83,1.07,0.28
AL353596.1,lncRNA,2.0,0.0,0.5,0.49,2.68,1.2
AL353597.1,lncRNA,0.82,0.49,6.4,4.07,4.71,2.59
AL353600.1,lncRNA,0.0,0.0,0.0,0.0,1.12,0.33
AL353600.2,lncRNA,2.66,1.81,7.74,1.5,6.32,6.53
AL353604.1,lncRNA,0.17,2.05,3.19,13.25,44.01,25.4
AL353608.1,lncRNA,0.11,0.0,0.0,0.25,0.82,0.34
AL353608.2,lncRNA,0.0,0.0,0.0,0.0,0.1,0.08
AL353608.3,lncRNA,3.85,6.95,4.13,10.35,19.46,29.44
AL353611.1,lncRNA,7.84,10.42,8.11,3.68,15.73,19.94
AL353612.1,lncRNA,0.0,0.0,0.0,1.0,1.06,0.88
AL353612.2,lncRNA,0.27,0.0,0.61,2.05,4.51,1.03
AL353613.1,lncRNA,1.09,0.17,0.0,1.0,3.15,2.54
AL353614.1,lncRNA,0.0,0.0,0.0,0.0,0.22,0.0
AL353615.1,lncRNA,0.08,0.0,1.0,0.0,1.45,1.81
AL353622.1,lncRNA,187.84,116.95,79.71,223.67,306.15,240.44
AL353622.2,lncRNA,1.27,0.52,2.51,1.89,12.43,13.57
AL353626.1,lncRNA,0.0,0.0,0.0,0.0,0.73,1.8
AL353633.1,lncRNA,0.0,0.0,0.0,0.0,0.0,4.0
AL353637.2,lncRNA,0.08,3.06,10.25,4.76,31.58,4.14
AL353648.1,lncRNA,1.25,8.3,1.52,7.13,7.03,9.08
AL353651.1,lncRNA,0.0,0.0,0.03,0.0,0.0,0.0
AL353651.2,lncRNA,0.0,0.0,0.03,0.0,0.0,0.1
AL353658.1,lncRNA,0.0,0.75,0.88,1.39,2.82,4.13
AL353660.1,lncRNA,0.11,1.2,1.17,0.0,13.51,12.82
AL353680.1,lncRNA,0.0,0.0,0.09,0.0,1.77,0.6
AL353681.1,lncRNA,0.75,1.46,0.8,0.04,7.18,6.05
AL353688.1,lncRNA,3.0,0.81,0.25,0.22,0.33,0.72
AL353689.2,lncRNA,0.0,0.0,0.0,0.5,0.14,0.18
AL353689.3,lncRNA,1.0,1.27,0.2,0.33,1.26,3.97
AL353693.1,lncRNA,0.0,0.0,0.0,2.0,0.2,0.0
AL353697.1,lncRNA,0.79,0.5,0.14,0.89,1.54,0.8
AL353699.1,lncRNA,0.14,0.5,0.0,0.0,0.0,1.1
AL353704.1,lncRNA,0.71,0.0,0.5,0.0,2.97,2.61
AL353704.2,lncRNA,0.88,3.17,1.5,0.75,14.97,15.85
AL353708.1,lncRNA,0.0,0.0,3.02,0.12,5.14,3.62
AL353708.2,lncRNA,0.0,0.0,0.0,0.0,0.5,0.0
AL353708.3,lncRNA,2.47,0.64,1.59,4.26,4.35,3.54
AL353709.1,lncRNA,2.73,1.56,3.42,0.29,7.12,4.64
AL353719.1,lncRNA,2.23,3.25,3.29,1.94,25.42,17.44
AL353730.1,lncRNA,1.41,7.58,1.45,3.61,1.87,12.36
AL353732.1,lncRNA,4.43,1.58,7.77,2.29,20.72,23.21
AL353732.2,lncRNA,2.5,2.27,0.61,2.09,7.57,3.94
AL353740.1,lncRNA,2.11,0.18,0.72,0.22,0.0,0.08
AL353742.1,lncRNA,0.0,0.11,0.0,0.0,0.0,0.0
AL353743.2,lncRNA,6.05,20.33,4.91,19.61,12.73,19.0
AL353746.1,lncRNA,0.97,5.04,4.87,1.57,11.87,7.19
AL353747.2,lncRNA,0.11,0.21,0.21,0.0,0.51,0.6
AL353747.3,lncRNA,0.5,0.33,0.0,1.0,2.15,2.56
AL353748.3,lncRNA,4.23,5.12,3.23,6.55,28.05,18.39
AL353751.1,lncRNA,0.77,1.69,2.24,1.53,5.95,3.1
AL353752.2,lncRNA,4.39,0.25,1.22,5.46,7.1,4.63
AL353753.1,lncRNA,1.02,1.18,14.9,0.61,1.7,3.91
AL353759.1,lncRNA,2.15,4.64,0.64,2.43,11.61,12.93
AL353764.1,lncRNA,0.0,0.25,0.0,0.0,1.56,0.7
AL353768.1,lncRNA,0.17,0.04,0.1,0.5,0.07,0.6
AL353768.2,lncRNA,0.0,0.0,0.0,0.12,0.42,1.33
AL353770.3,lncRNA,0.21,0.34,0.14,0.41,1.76,1.85
AL353770.4,lncRNA,0.55,1.71,1.06,1.37,1.98,1.78
AL353771.1,lncRNA,0.0,0.0,0.0,0.0,0.0,0.67
AL353774.1,lncRNA,0.23,0.58,0.0,6.83,2.32,2.24
AL353780.1,lncRNA,0.0,0.0,0.06,0.25,0.73,1.07
AL353784.1,lncRNA,0.57,1.53,4.9,0.06,5.0,2.48
AL353789.1,lncRNA,0.0,0.08,0.48,8.0,2.55,4.78
AL353795.2,lncRNA,0.0,0.0,0.59,0.47,3.98,1.94
AL353796.1,lncRNA,1.45,3.49,0.7,4.78,9.09,5.49
AL353796.2,lncRNA,0.0,1.0,0.25,2.35,1.77,0.35
AL353801.1,lncRNA,0.0,0.17,0.33,0.0,0.0,0.57
AL353801.2,lncRNA,0.22,0.34,0.0,0.0,5.94,9.29
AL353801.3,lncRNA,0.5,1.12,0.29,2.14,3.13,2.46
AL353803.1,lncRNA,2.2,0.77,1.2,2.93,4.87,8.62
AL353803.2,lncRNA,0.71,1.21,2.91,4.88,8.15,3.24
AL353803.4,lncRNA,4.13,1.25,4.08,1.96,24.09,26.25
AL353803.5,lncRNA,0.0,0.0,0.0,0.0,0.0,0.07
AL353804.1,lncRNA,0.0,4.0,0.12,5.32,1.78,1.24
AL353804.2,lncRNA,0.13,0.12,0.0,1.24,0.13,0.12
AL353807.2,lncRNA,0.12,1.18,0.27,0.06,1.01,0.3
AL353807.5,lncRNA,0.22,0.05,0.05,0.35,0.48,0.71
AL353811.1,lncRNA,0.22,0.14,0.0,4.0,3.97,1.17
AL353997.2,lncRNA,6.16,6.61,31.3,9.65,29.2,18.66
AL354674.1,lncRNA,0.29,0.49,3.84,0.2,7.9,5.92
AL354694.1,lncRNA,0.0,0.0,0.0,0.0,1.88,1.47
AL354696.1,lncRNA,0.0,0.0,0.5,0.0,0.0,0.07
AL354696.2,lncRNA,0.26,2.76,0.0,7.5,4.39,9.04
AL354702.1,lncRNA,0.11,0.05,1.39,1.4,7.06,8.78
AL354707.1,lncRNA,0.54,5.57,0.37,3.04,8.32,3.26
AL354710.2,lncRNA,1.07,0.33,0.62,2.76,3.88,4.44
AL354712.1,lncRNA,0.12,0.5,0.0,1.19,4.23,0.48
AL354714.1,lncRNA,0.0,0.38,0.75,3.08,2.6,3.1
AL354714.3,lncRNA,0.0,0.0,1.07,0.0,1.43,2.29
AL354718.2,lncRNA,0.0,0.08,0.67,0.0,0.05,0.08
AL354726.1,lncRNA,0.0,0.0,0.1,1.0,0.0,0.0
AL354733.1,lncRNA,0.5,1.97,2.85,2.31,14.21,10.65
AL354733.2,lncRNA,3.66,23.65,11.95,14.59,48.79,94.97
AL354733.3,lncRNA,0.0,0.68,1.18,0.54,2.65,1.49
AL354740.1,lncRNA,47.18,101.83,18.93,20.16,42.14,56.62
AL354741.1,lncRNA,1.0,0.0,0.25,0.12,0.93,1.53
AL354743.1,lncRNA,1.85,1.08,3.07,9.37,12.21,11.11
AL354743.2,lncRNA,0.11,0.64,0.79,0.17,4.01,2.7
AL354754.1,lncRNA,0.0,4.08,0.0,0.0,14.7,21.29
AL354760.1,lncRNA,0.0,0.05,0.14,0.0,1.27,0.5
AL354766.2,lncRNA,0.0,0.58,0.33,0.08,2.19,1.7
AL354771.1,lncRNA,0.58,0.0,0.17,0.0,1.23,0.64
AL354793.1,lncRNA,0.0,0.2,0.92,3.0,0.95,1.36
AL354794.1,lncRNA,0.0,0.0,0.08,0.0,0.03,0.0
AL354809.1,lncRNA,5.18,3.61,8.3,19.34,24.77,29.93
AL354810.1,lncRNA,1.08,1.27,0.26,1.08,1.47,4.89
AL354811.1,lncRNA,0.2,2.05,4.68,2.17,1.52,3.08
AL354811.2,lncRNA,1.29,5.54,0.47,1.5,10.12,7.32
AL354813.1,lncRNA,2.2,4.5,8.43,9.88,33.78,30.47
AL354821.1,lncRNA,1.0,0.5,0.11,0.0,14.28,7.06
AL354824.1,lncRNA,0.0,0.0,0.26,0.77,2.01,1.59
AL354824.2,lncRNA,0.0,0.65,1.06,1.22,1.5,6.49
AL354833.1,lncRNA,7.29,12.11,5.66,9.11,30.32,24.89
AL354833.2,lncRNA,0.0,0.0,0.0,0.08,0.39,0.64
AL354836.1,lncRNA,0.14,1.07,0.17,1.56,6.56,7.52
AL354861.2,lncRNA,2.32,5.68,3.5,2.0,4.2,5.17
AL354861.3,lncRNA,0.96,3.99,2.23,3.34,6.58,4.75
AL354863.1,lncRNA,4.63,1.29,3.14,1.6,9.58,9.1
AL354864.1,lncRNA,0.0,0.0,0.0,0.0,0.97,0.31
AL354872.1,lncRNA,0.0,0.0,1.0,0.0,0.92,1.26
AL354892.1,lncRNA,0.0,1.72,0.2,0.33,0.45,0.11
AL354892.2,lncRNA,1.05,0.19,0.25,0.33,6.46,4.51
AL354892.3,lncRNA,1.0,1.0,0.0,6.23,3.78,0.75
AL354893.2,lncRNA,0.08,0.0,0.5,2.16,0.0,0.17
AL354897.1,lncRNA,0.0,0.0,0.25,3.09,1.93,1.12
AL354897.2,lncRNA,0.33,0.13,0.08,2.0,0.72,1.59
AL354916.1,lncRNA,0.58,3.26,0.25,0.11,1.94,0.44
AL354919.1,lncRNA,4.28,11.82,8.62,1.43,25.89,38.9
AL354919.2,lncRNA,0.5,1.7,0.92,5.33,10.17,10.02
AL354920.1,lncRNA,2.29,0.6,0.91,3.31,1.82,7.5
AL354928.1,lncRNA,3.35,2.0,1.26,0.5,5.73,3.13
AL354936.1,lncRNA,0.0,0.0,0.0,0.0,0.67,1.19
AL354950.1,lncRNA,0.25,0.0,0.0,0.0,1.31,0.17
AL354950.2,lncRNA,0.0,0.75,0.0,0.17,0.08,0.46
AL354950.3,lncRNA,1.42,0.0,3.72,0.5,9.44,9.55
AL354953.1,lncRNA,0.0,0.12,2.06,0.5,3.38,1.09
AL354956.1,lncRNA,0.0,2.79,0.0,1.75,0.25,0.25
AL354977.1,lncRNA,0.0,0.0,1.42,0.0,1.36,0.68
AL354977.2,lncRNA,0.1,0.25,0.0,0.0,3.01,0.0
AL354979.1,lncRNA,0.0,0.0,0.33,0.0,0.33,1.24
AL354984.1,lncRNA,0.66,0.42,0.24,0.0,2.41,3.75
AL354984.2,lncRNA,1.17,2.0,0.0,4.0,2.77,0.93
AL354989.1,lncRNA,0.67,0.0,0.0,0.0,0.0,0.81
AL354993.1,lncRNA,0.61,0.33,4.58,2.87,4.13,5.99
AL354993.2,lncRNA,0.0,0.07,0.0,0.25,2.07,0.17
AL354994.1,lncRNA,0.0,0.0,0.25,0.0,0.0,0.0
AL355001.1,lncRNA,0.0,2.0,1.0,1.0,2.0,0.0
AL355001.2,lncRNA,1.45,3.03,7.3,2.58,17.5,10.02
AL355053.1,lncRNA,0.33,0.37,0.39,0.67,3.69,3.11
AL355073.1,lncRNA,0.5,0.25,3.0,1.0,9.79,7.03
AL355073.2,lncRNA,0.0,0.0,3.5,0.0,0.26,0.0
AL355075.1,lncRNA,0.0,0.11,0.0,0.5,0.0,0.27
AL355075.2,lncRNA,0.06,0.0,1.0,0.09,0.0,0.9
AL355075.3,lncRNA,0.0,1.05,0.57,0.0,0.95,0.52
AL355075.4,lncRNA,1561.21,158.03,2546.05,5027.6,549.16,509.79
AL355075.6,lncRNA,0.12,0.92,0.12,0.0,0.74,0.21
AL355076.2,lncRNA,1.76,4.25,0.82,0.09,2.71,2.03
AL355095.1,lncRNA,0.0,0.0,0.0,1.0,0.25,1.31
AL355096.1,lncRNA,0.0,0.68,2.12,1.42,5.69,2.13
AL355097.1,lncRNA,1.37,1.33,0.2,0.45,0.27,0.07
AL355102.1,lncRNA,0.0,0.0,0.0,0.0,0.45,0.82
AL355102.3,lncRNA,2.33,0.62,2.33,2.67,3.06,1.13
AL355102.4,lncRNA,0.06,0.25,1.17,0.0,1.07,1.39
AL355102.5,lncRNA,0.11,1.5,0.0,0.0,2.73,4.64
AL355103.1,lncRNA,0.09,2.6,0.1,0.62,2.47,2.68
AL355112.1,lncRNA,1.95,0.0,0.32,1.0,1.82,2.69
AL355140.1,lncRNA,0.0,0.0,0.0,1.0,1.04,0.25
AL355297.1,lncRNA,0.0,0.2,1.0,0.0,0.0,0.0
AL355297.2,lncRNA,0.19,1.11,0.67,0.0,0.66,0.7
AL355297.3,lncRNA,2.01,0.0,2.54,1.66,4.34,3.04
AL355300.1,lncRNA,0.0,0.0,0.0,0.25,0.31,0.0
AL355303.1,lncRNA,1.0,0.25,0.67,0.0,1.38,2.09
AL355303.2,lncRNA,0.0,0.13,0.0,0.23,1.23,0.0
AL355304.1,lncRNA,6.57,4.62,0.71,11.22,11.01,6.18
AL355306.2,lncRNA,3.56,12.58,2.73,6.64,19.36,18.73
AL355310.1,lncRNA,0.03,0.4,0.15,0.0,0.4,0.51
AL355310.2,lncRNA,0.0,0.0,0.29,1.17,1.62,2.83
AL355310.3,lncRNA,0.0,0.0,2.0,0.22,3.17,2.46
AL355312.2,lncRNA,2.52,2.18,0.1,2.07,1.46,5.11
AL355312.3,lncRNA,0.57,0.0,0.0,0.0,2.79,1.11
AL355312.4,lncRNA,2.08,1.39,0.1,0.07,0.2,0.0
AL355314.1,lncRNA,0.0,0.0,0.0,0.0,0.0,0.11
AL355314.2,lncRNA,0.29,0.2,0.0,0.0,0.08,0.33
AL355334.2,lncRNA,0.2,2.92,0.39,0.5,10.65,10.09
AL355336.1,lncRNA,12.3,6.17,0.15,4.0,5.7,8.85
AL355337.1,lncRNA,4.2,3.1,1.83,3.11,16.43,7.52
AL355338.1,lncRNA,1.77,2.42,2.25,3.03,12.07,10.78
AL355347.1,lncRNA,0.05,0.46,0.37,0.24,2.08,1.36
AL355353.1,lncRNA,0.79,0.57,1.57,3.28,3.6,3.94
AL355361.1,lncRNA,2.8,5.12,17.93,8.15,44.33,26.76
AL355376.1,lncRNA,0.17,1.83,0.17,0.38,0.0,1.21
AL355377.3,lncRNA,1.0,0.0,0.0,0.0,2.35,1.74
AL355377.4,lncRNA,0.14,0.0,0.08,2.77,5.87,6.44
AL355385.1,lncRNA,0.37,0.0,0.1,0.0,0.3,0.63
AL355388.1,lncRNA,3.52,5.8,2.16,8.12,11.71,16.62
AL355390.1,lncRNA,0.47,0.62,2.12,2.0,8.62,9.03
AL355390.2,lncRNA,0.53,0.0,0.0,0.0,1.12,0.21
AL355432.1,lncRNA,0.0,0.09,1.0,0.0,2.69,5.46
AL355472.2,lncRNA,0.06,0.59,0.63,0.05,1.64,1.96
AL355472.3,lncRNA,0.1,0.0,0.0,0.0,1.31,0.0
AL355474.1,lncRNA,0.33,0.12,3.15,0.33,3.99,4.73
AL355481.1,lncRNA,2.41,2.08,4.1,2.31,6.02,8.0
AL355482.1,lncRNA,0.3,0.5,0.0,1.1,2.35,4.9
AL355482.2,lncRNA,0.91,1.29,1.23,3.0,3.31,1.98
AL355483.1,lncRNA,0.08,0.24,0.34,0.63,8.37,4.58
AL355483.2,lncRNA,0.0,0.0,1.75,0.25,2.92,3.39
AL355483.3,lncRNA,0.0,0.0,0.0,0.0,0.08,0.05
AL355488.1,lncRNA,2.33,3.1,3.2,0.17,12.01,8.37
AL355490.1,lncRNA,2.02,3.17,5.43,6.03,15.29,14.2
AL355490.2,lncRNA,0.0,0.39,1.0,0.99,0.7,0.99
AL355497.2,lncRNA,0.5,0.83,0.0,1.11,1.79,0.95
AL355499.1,lncRNA,4.14,6.75,5.25,4.67,6.8,13.94
AL355499.2,lncRNA,0.0,0.0,0.0,0.0,1.57,0.68
AL355501.1,lncRNA,2.0,1.0,0.0,1.0,1.37,1.64
AL355516.1,lncRNA,0.0,1.01,0.25,3.84,2.75,1.45
AL355526.1,lncRNA,0.0,2.4,0.28,0.14,1.12,1.7
AL355526.2,lncRNA,0.07,0.0,0.07,0.0,0.57,4.37
AL355531.1,lncRNA,4.72,8.86,11.46,11.52,21.31,12.71
AL355537.1,lncRNA,0.25,0.48,0.22,0.0,4.58,0.5
AL355537.2,lncRNA,0.0,0.54,2.25,0.0,7.68,4.52
AL355538.1,lncRNA,1.06,0.76,0.75,0.06,4.88,6.34
AL355574.1,lncRNA,43.17,2.5,2.14,2.88,43.75,11.56
AL355578.1,lncRNA,0.08,1.36,0.08,0.39,0.25,1.71
AL355581.1,lncRNA,0.37,0.7,4.96,3.17,7.94,15.06
AL355592.1,lncRNA,0.0,0.0,0.0,1.0,0.75,1.15
AL355596.1,lncRNA,0.75,1.81,1.64,1.0,3.49,1.31
AL355596.2,lncRNA,0.0,0.0,0.0,0.0,1.48,2.22
AL355597.1,lncRNA,1.25,3.86,0.0,2.0,4.75,5.5
AL355601.1,lncRNA,0.0,0.4,0.0,0.0,0.17,0.12
AL355602.1,lncRNA,2.47,1.31,4.17,6.27,7.23,7.07
AL355607.1,lncRNA,0.0,1.0,0.0,0.2,0.44,0.34
AL355607.2,lncRNA,1.0,0.32,0.25,0.33,1.84,2.38
AL355612.1,lncRNA,0.2,0.27,0.42,2.29,7.83,1.46
AL355613.1,lncRNA,0.0,1.0,0.0,0.0,2.79,2.98
AL355672.1,lncRNA,0.0,0.0,0.0,0.0,1.83,2.82
AL355674.1,lncRNA,1.17,0.12,1.08,0.12,7.25,2.34
AL355677.1,lncRNA,0.17,0.67,1.31,0.0,2.16,2.49
AL355773.1,lncRNA,0.0,0.0,0.0,0.0,0.29,0.29
AL355802.3,lncRNA,0.12,0.0,2.17,0.0,2.06,3.67
AL355803.1,lncRNA,1.0,0.33,0.58,0.0,1.39,0.24
AL355810.1,lncRNA,0.0,0.0,2.09,0.0,0.2,0.33
AL355816.2,lncRNA,0.75,1.5,1.32,2.5,4.8,5.09
AL355834.1,lncRNA,0.14,4.34,4.77,1.32,5.11,5.9
AL355834.2,lncRNA,1.99,2.49,4.31,4.88,0.95,1.75
AL355835.1,lncRNA,0.12,0.34,0.54,3.15,3.0,3.72
AL355836.2,lncRNA,4.52,2.43,1.13,8.24,13.99,15.26
AL355836.3,lncRNA,0.19,0.17,2.2,0.0,2.1,3.23
AL355836.4,lncRNA,0.0,3.11,0.05,1.24,8.19,4.59
AL355838.1,lncRNA,1.79,0.78,3.05,2.73,5.68,11.62
AL355870.1,lncRNA,0.07,0.0,0.0,0.19,1.12,2.52
AL355870.2,lncRNA,2.0,0.33,1.0,0.0,6.48,4.54
AL355881.1,lncRNA,4.87,1.06,2.76,2.42,10.03,8.08
AL355916.1,lncRNA,0.75,0.99,1.82,0.12,1.8,5.48
AL355916.2,lncRNA,4.78,0.26,1.08,2.54,7.1,4.39
AL355922.1,lncRNA,0.9,0.5,0.42,1.0,3.53,1.41
AL355922.3,lncRNA,0.0,0.6,0.33,0.0,0.11,0.84
AL355922.4,lncRNA,0.0,0.0,0.0,0.5,0.46,0.78
AL355974.1,lncRNA,1.34,2.43,0.0,0.11,3.4,1.27
AL355974.2,lncRNA,0.0,0.0,0.0,0.0,3.3,0.66
AL355981.1,lncRNA,0.0,1.14,4.42,0.38,2.64,3.05
AL355987.2,lncRNA,0.12,0.12,0.8,0.07,2.67,1.21
AL355987.4,lncRNA,5.08,4.89,8.38,19.8,43.58,44.8
AL355990.1,lncRNA,0.0,0.0,0.17,0.0,0.31,0.0
AL355994.3,lncRNA,0.0,0.0,0.16,0.5,1.11,0.56
AL355997.1,lncRNA,0.0,0.73,0.98,1.5,3.19,6.74
AL355999.1,lncRNA,1.08,0.88,0.25,0.49,4.74,2.07
AL356010.2,lncRNA,3.75,3.44,0.0,0.0,3.22,0.79
AL356017.1,lncRNA,1.0,1.29,2.53,1.92,1.3,1.72
AL356019.1,lncRNA,0.28,0.25,1.25,0.0,3.75,4.43
AL356019.2,lncRNA,1.27,3.03,1.28,3.14,3.1,4.23
AL356020.1,lncRNA,0.41,6.53,1.93,6.21,5.45,7.04
AL356022.1,lncRNA,0.0,0.1,0.0,0.0,0.35,1.21
AL356056.1,lncRNA,1.98,0.23,0.59,1.33,2.89,2.64
AL356056.2,lncRNA,2.35,10.18,4.16,1.41,23.84,42.33
AL356094.2,lncRNA,1.45,2.2,0.0,0.17,1.04,2.97
AL356108.1,lncRNA,2.5,3.81,0.5,2.33,1.48,4.59
AL356113.1,lncRNA,1.64,2.98,1.98,1.57,4.07,6.38
AL356123.1,lncRNA,1.84,2.08,5.65,0.25,3.83,3.94
AL356123.2,lncRNA,0.57,0.48,0.61,0.14,7.09,4.4
AL356124.1,lncRNA,38.53,9.09,8.19,6.97,55.21,43.9
AL356124.2,lncRNA,0.05,0.0,0.0,0.0,0.53,0.05
AL356130.1,lncRNA,1.33,1.18,23.51,0.67,0.73,1.8
AL356133.1,lncRNA,0.0,0.0,0.0,0.0,0.14,0.07
AL356134.1,lncRNA,0.33,0.5,0.5,0.0,0.1,0.17
AL356157.1,lncRNA,0.0,0.0,0.67,0.0,1.08,0.0
AL356157.3,lncRNA,1.12,1.83,2.14,4.06,2.03,3.7
AL356215.1,lncRNA,0.23,2.93,0.31,0.52,7.91,8.09
AL356218.2,lncRNA,3.5,0.08,0.06,8.85,1.4,1.74
AL356234.2,lncRNA,3.83,0.4,4.81,1.21,16.51,6.59
AL356234.3,lncRNA,0.09,2.96,0.3,0.2,1.28,0.97
AL356259.1,lncRNA,0.0,1.33,0.5,0.0,0.39,0.0
AL356275.1,lncRNA,3.33,3.28,0.99,1.74,21.95,17.2
AL356276.1,lncRNA,0.0,0.0,1.0,0.0,0.97,0.81
AL356277.2,lncRNA,0.0,0.0,0.2,1.0,0.11,0.0
AL356277.3,lncRNA,2.73,1.1,2.67,3.67,3.46,3.27
AL356289.1,lncRNA,0.0,0.0,0.0,0.0,0.05,0.0
AL356295.1,lncRNA,1.12,1.2,1.18,0.33,3.21,3.78
AL356299.2,lncRNA,0.98,4.03,0.0,0.11,1.77,0.57
AL356309.1,lncRNA,0.17,0.2,0.0,0.62,0.6,0.33
AL356309.2,lncRNA,0.11,0.4,0.75,0.25,3.71,2.39
AL356310.1,lncRNA,0.0,0.5,0.95,0.0,0.43,0.97
AL356311.1,lncRNA,0.0,0.5,0.0,0.0,0.0,0.33
AL356313.1,lncRNA,0.0,0.0,0.33,0.07,0.48,0.7
AL356317.1,lncRNA,0.0,1.0,1.2,1.06,8.84,4.08
AL356361.2,lncRNA,0.0,0.29,0.0,0.5,0.07,0.11
AL356361.3,lncRNA,0.0,0.0,0.1,1.0,3.55,1.64
AL356364.1,lncRNA,1.2,0.34,0.0,0.0,0.14,0.41
AL356379.2,lncRNA,0.0,0.0,0.75,1.0,0.64,0.93
AL356387.1,lncRNA,0.17,0.07,0.0,0.5,1.18,1.64
AL356413.1,lncRNA,0.0,1.0,1.0,0.0,3.71,2.66
AL356414.1,lncRNA,1.83,2.93,0.0,1.0,3.68,1.57
AL356417.1,lncRNA,1.55,3.08,2.38,7.26,14.65,11.57
AL356417.2,lncRNA,2.81,4.08,1.89,0.3,5.86,8.13
AL356417.3,lncRNA,3.61,6.49,13.09,8.08,54.64,46.56
AL356419.1,lncRNA,0.5,2.0,0.0,0.0,3.79,5.73
AL356421.2,lncRNA,0.0,0.0,0.0,0.0,1.0,0.12
AL356433.1,lncRNA,0.33,0.0,3.73,1.14,5.64,6.21
AL356441.1,lncRNA,0.1,0.0,0.14,0.7,3.54,1.72
AL356475.1,lncRNA,0.0,4.5,0.0,0.0,0.0,0.43
AL356481.1,lncRNA,1.39,2.0,1.58,6.73,9.33,7.07
AL356481.2,lncRNA,1.0,0.65,0.0,0.0,0.0,2.0
AL356481.3,lncRNA,1.0,1.27,0.05,0.7,0.74,0.31
AL356488.2,lncRNA,0.62,2.35,1.22,2.42,43.14,23.5
AL356489.1,lncRNA,2.01,5.37,2.53,6.52,11.13,15.55
AL356489.2,lncRNA,0.6,0.0,0.0,0.55,1.84,2.85
AL356489.3,lncRNA,0.48,0.25,0.0,2.5,4.26,2.31
AL356489.4,lncRNA,0.19,0.73,0.0,0.0,0.39,2.02
AL356495.1,lncRNA,1.0,1.58,2.08,2.75,4.71,3.5
AL356512.1,lncRNA,3.04,3.43,3.59,2.38,15.78,12.92
AL356515.1,lncRNA,0.0,0.0,0.0,0.0,0.59,0.12
AL356580.1,lncRNA,0.0,0.0,0.33,0.0,0.0,1.0
AL356608.1,lncRNA,6.64,4.01,1.63,2.11,15.9,8.5
AL356608.3,lncRNA,0.15,0.0,0.12,0.05,1.89,1.34
AL356652.1,lncRNA,1.2,0.8,0.17,0.11,2.26,2.24
AL356737.2,lncRNA,4.6,2.2,0.12,0.49,23.08,17.11
AL356740.1,lncRNA,0.5,0.86,0.68,0.0,9.32,4.23
AL356740.2,lncRNA,0.62,0.55,1.57,0.68,5.63,7.18
AL356740.3,lncRNA,0.28,3.14,1.59,2.05,1.82,2.32
AL356747.1,lncRNA,1.2,1.87,2.44,0.61,9.52,8.99
AL356752.1,lncRNA,0.17,0.05,0.0,0.2,0.83,0.31
AL356753.1,lncRNA,2.93,0.67,6.58,4.16,9.28,4.9
AL356756.1,lncRNA,1.0,0.11,0.0,0.75,0.23,1.87
AL356776.2,lncRNA,5.01,4.77,5.24,4.27,24.58,17.02
AL356804.1,lncRNA,1.17,3.7,6.22,10.6,62.13,159.18
AL356805.1,lncRNA,0.11,0.11,0.07,0.25,2.4,0.89
AL356807.1,lncRNA,1.37,0.0,1.0,1.17,0.08,0.51
AL356859.1,lncRNA,0.0,0.0,0.0,0.0,0.13,0.37
AL356952.1,lncRNA,2.0,0.43,0.08,0.6,2.02,4.13
AL356961.1,lncRNA,0.17,0.19,0.06,1.0,1.72,1.31
AL356966.1,lncRNA,1.33,2.2,2.08,1.55,10.96,6.43
AL357033.1,lncRNA,6.19,4.49,9.18,9.45,25.05,27.81
AL357033.2,lncRNA,1.1,0.25,0.0,0.24,3.45,5.1
AL357033.3,lncRNA,2.52,1.18,0.85,1.57,8.9,8.05
AL357033.4,lncRNA,0.65,0.43,4.27,3.9,4.27,6.27
AL357052.1,lncRNA,107.28,258.12,183.73,178.05,421.81,718.48
AL357054.2,lncRNA,1.53,9.98,6.89,9.12,32.77,30.45
AL357054.3,lncRNA,0.34,0.17,0.25,0.57,2.8,4.4
AL357054.4,lncRNA,0.35,1.24,2.87,0.0,7.9,9.47
AL357054.5,lncRNA,0.0,0.1,1.03,1.45,3.01,2.11
AL357075.2,lncRNA,0.97,2.86,3.18,1.38,18.09,20.71
AL357075.3,lncRNA,1.0,2.5,0.14,0.92,1.25,1.81
AL357078.2,lncRNA,1.17,0.41,0.0,0.0,0.46,0.5
AL357079.1,lncRNA,1.71,2.24,1.35,0.92,95.22,75.38
AL357079.2,lncRNA,0.7,6.17,0.82,7.02,7.47,17.02
AL357079.3,lncRNA,0.17,0.33,0.25,0.55,1.94,1.83
AL357093.1,lncRNA,2.0,0.0,4.5,1.0,1.26,1.5
AL357093.2,lncRNA,17.43,34.27,13.99,18.32,117.66,85.13
AL357127.1,lncRNA,0.11,0.0,1.0,0.0,2.0,2.42
AL357127.2,lncRNA,0.0,0.0,0.42,0.25,0.45,0.33
AL357139.2,lncRNA,2.5,0.84,5.43,0.12,16.63,17.29
AL357140.1,lncRNA,0.56,1.6,0.0,0.0,1.62,2.56
AL357140.2,lncRNA,1.0,0.0,0.0,0.0,1.08,0.69
AL357140.4,lncRNA,0.0,2.0,0.11,1.0,1.67,1.37
AL357141.1,lncRNA,0.08,0.18,0.41,0.44,2.19,4.07
AL357146.1,lncRNA,1.4,2.14,0.48,9.75,4.42,3.71
AL357153.1,lncRNA,0.64,0.28,0.11,1.0,3.61,2.81
AL357153.2,lncRNA,0.18,0.0,0.08,0.1,2.08,1.51
AL357153.3,lncRNA,0.07,0.56,0.38,0.13,2.07,0.73
AL357172.1,lncRNA,0.0,0.17,0.0,0.0,2.5,0.0
AL357315.1,lncRNA,0.0,0.0,0.0,1.0,0.0,0.0
AL357375.1,lncRNA,0.0,0.5,0.0,0.0,0.48,0.95
AL357497.1,lncRNA,12.94,14.31,23.36,11.74,185.22,167.73
AL357500.1,lncRNA,0.0,0.55,0.0,0.47,0.95,3.3
AL357507.1,lncRNA,6.92,9.33,4.92,0.4,29.68,27.1
AL357509.1,lncRNA,0.85,0.49,3.29,2.71,6.19,10.7
AL357513.1,lncRNA,0.25,2.0,0.72,1.0,3.92,1.35
AL357514.1,lncRNA,0.0,0.0,0.1,1.0,0.38,0.66
AL357518.1,lncRNA,0.0,0.0,1.0,0.0,1.25,0.54
AL357522.1,lncRNA,0.59,2.46,0.3,0.06,6.18,10.13
AL357552.2,lncRNA,0.0,1.0,0.0,0.17,0.33,0.33
AL357556.4,lncRNA,0.13,0.29,1.65,0.53,2.33,0.32
AL357558.1,lncRNA,0.0,0.11,0.56,0.0,0.0,0.74
AL357558.2,lncRNA,5.58,2.84,6.56,2.5,10.89,16.99
AL357558.3,lncRNA,0.17,0.23,0.12,0.0,1.53,1.96
AL357568.1,lncRNA,0.58,0.0,0.0,3.0,4.06,1.44
AL357614.1,lncRNA,0.0,0.42,1.0,0.2,0.45,1.2
AL357673.2,lncRNA,0.53,2.11,2.06,5.15,13.5,5.84
AL357793.1,lncRNA,0.0,0.33,0.0,0.22,0.34,0.64
AL357793.2,lncRNA,0.29,0.39,0.0,0.0,0.18,0.55
AL357832.1,lncRNA,1.47,0.0,1.0,0.49,13.71,6.75
AL357833.1,lncRNA,0.25,0.07,2.12,0.0,5.84,8.92
AL357835.1,lncRNA,0.0,3.01,3.0,0.5,8.94,9.87
AL357873.1,lncRNA,1.25,0.66,0.87,0.0,2.07,5.57
AL357874.1,lncRNA,0.97,6.37,12.38,7.98,60.19,80.24
AL357874.2,lncRNA,0.5,2.92,1.0,0.11,7.02,9.47
AL357874.3,lncRNA,2.1,1.71,7.02,3.44,20.91,10.94
AL357936.1,lncRNA,0.19,0.59,0.0,0.0,3.16,0.94
AL357972.1,lncRNA,0.53,1.0,0.32,0.11,0.86,1.5
AL358053.1,lncRNA,0.5,0.0,0.87,0.0,1.72,1.61
AL358072.1,lncRNA,0.0,0.0,0.0,0.0,1.31,1.4
AL358074.1,lncRNA,1.84,5.18,2.62,5.17,11.6,13.45
AL358075.1,lncRNA,1.0,0.15,0.56,2.0,1.39,2.01
AL358075.2,lncRNA,0.0,0.0,0.0,0.1,1.06,2.5
AL358115.1,lncRNA,0.56,2.12,0.9,0.5,6.23,7.01
AL358117.1,lncRNA,0.25,0.07,0.56,0.25,0.5,2.0
AL358134.1,lncRNA,0.0,0.14,0.0,0.0,2.87,3.68
AL358154.1,lncRNA,0.0,1.0,0.0,0.0,0.0,0.0
AL358176.1,lncRNA,0.0,2.0,0.09,0.0,1.63,0.39
AL358176.4,lncRNA,0.2,0.0,0.0,1.0,1.67,2.42
AL358177.1,lncRNA,0.17,1.18,1.0,0.25,6.56,6.0
AL358215.1,lncRNA,0.0,0.0,0.29,0.12,0.78,0.16
AL358215.2,lncRNA,0.36,1.03,2.24,0.62,11.95,19.57
AL358215.3,lncRNA,0.56,0.72,0.7,0.67,6.91,5.82
AL358216.1,lncRNA,4.01,11.43,3.01,1.09,8.59,13.79
AL358232.2,lncRNA,0.23,0.72,0.0,0.0,0.62,0.36
AL358292.1,lncRNA,0.0,0.0,0.0,0.25,0.25,2.42
AL358332.1,lncRNA,0.17,1.34,0.3,0.36,1.04,5.36
AL358333.1,lncRNA,0.14,0.37,0.06,0.28,0.93,0.9
AL358333.2,lncRNA,0.0,0.12,0.32,0.0,0.38,0.25
AL358333.3,lncRNA,0.0,2.08,0.0,2.83,0.07,2.33
AL358334.1,lncRNA,0.0,0.0,0.0,0.0,1.95,1.05
AL358334.2,lncRNA,1.2,0.97,2.4,2.2,4.91,6.62
AL358334.3,lncRNA,0.0,0.12,0.07,0.5,1.93,1.74
AL358334.4,lncRNA,0.33,0.36,0.99,4.49,5.1,1.9
AL358335.2,lncRNA,1.38,6.07,1.33,0.34,2.39,5.04
AL358393.1,lncRNA,0.33,0.0,0.14,0.0,0.9,0.62
AL358394.1,lncRNA,0.0,0.0,2.0,0.0,0.5,2.19
AL358394.2,lncRNA,0.41,1.52,1.41,3.73,8.88,6.82
AL358394.3,lncRNA,0.0,0.18,0.33,0.17,0.49,1.09
AL358452.1,lncRNA,0.5,7.2,1.17,0.64,2.5,2.4
AL358472.2,lncRNA,5.06,0.54,0.87,0.8,7.49,4.27
AL358472.3,lncRNA,0.5,0.0,0.0,0.0,0.81,2.22
AL358472.4,lncRNA,0.25,0.17,0.2,0.17,2.63,2.23
AL358472.5,lncRNA,0.22,0.92,0.42,5.12,19.44,15.4
AL358473.1,lncRNA,0.95,3.75,1.18,2.0,7.45,10.97
AL358473.2,lncRNA,0.0,0.0,0.34,0.04,1.36,0.69
AL358612.1,lncRNA,0.0,0.0,0.0,2.0,0.0,0.14
AL358613.1,lncRNA,0.06,0.0,0.7,2.53,3.74,4.77
AL358613.2,lncRNA,0.27,0.0,0.12,0.11,2.84,3.73
AL358613.3,lncRNA,0.36,0.67,0.17,0.0,1.89,2.39
AL358777.1,lncRNA,0.39,3.23,6.32,0.21,6.31,3.16
AL358779.1,lncRNA,0.0,0.0,0.12,0.5,1.49,0.52
AL358780.1,lncRNA,0.27,0.89,5.31,2.36,4.76,6.39
AL358781.1,lncRNA,1.66,1.92,1.25,3.75,5.88,7.93
AL358781.2,lncRNA,0.0,0.14,0.33,1.5,3.5,1.44
AL358787.1,lncRNA,0.14,0.12,0.25,0.12,1.0,0.43
AL358790.1,lncRNA,0.78,1.25,0.5,0.24,9.0,7.22
AL358852.1,lncRNA,2.78,3.38,5.43,3.15,14.92,12.98
AL358876.2,lncRNA,0.17,0.0,1.17,2.17,5.24,9.89
AL358933.1,lncRNA,0.71,1.08,1.67,0.76,11.49,7.97
AL358937.1,lncRNA,0.0,0.0,0.0,0.0,0.27,1.06
AL358944.1,lncRNA,0.0,1.78,1.2,1.0,1.87,1.78
AL358972.1,lncRNA,0.0,0.0,0.0,0.0,0.0,0.12
AL358976.1,lncRNA,1.32,1.16,3.1,4.03,8.82,9.05
AL359076.1,lncRNA,0.0,0.08,0.05,0.0,0.68,0.25
AL359081.1,lncRNA,0.2,1.52,0.21,0.0,0.4,0.08
AL359091.1,lncRNA,4.87,6.66,22.95,9.09,47.48,55.75
AL359091.3,lncRNA,0.42,0.5,0.0,3.1,2.37,1.2
AL359091.4,lncRNA,1.2,0.43,1.3,5.0,0.26,0.08
AL359094.1,lncRNA,1.14,1.34,7.03,2.83,17.65,21.42
AL359094.2,lncRNA,0.4,0.23,1.41,0.0,5.88,12.48
AL359095.1,lncRNA,0.24,1.87,21.06,48.17,22.26,13.83
AL359182.1,lncRNA,1.33,1.65,1.74,2.33,5.19,15.68
AL359195.1,lncRNA,0.0,0.0,0.5,0.0,0.0,0.33
AL359198.1,lncRNA,0.06,0.03,0.25,0.03,2.83,1.64
AL359208.1,lncRNA,0.66,6.22,2.41,1.96,16.92,17.44
AL359220.1,lncRNA,1.22,18.89,0.92,6.32,15.94,10.3
AL359232.1,lncRNA,5.87,10.65,6.87,10.45,22.33,22.99
AL359233.1,lncRNA,0.09,0.0,0.0,0.0,1.05,0.0
AL359237.1,lncRNA,3.73,5.14,3.21,2.22,24.64,22.42
AL359238.1,lncRNA,0.0,0.0,0.0,0.0,2.05,0.46
AL359258.1,lncRNA,0.67,3.13,1.79,0.05,8.87,4.93
AL359258.2,lncRNA,1.01,1.44,5.47,5.43,4.77,5.87
AL359259.1,lncRNA,0.0,0.0,0.0,0.5,1.25,0.44
AL359313.1,lncRNA,6.14,1.65,10.49,1.15,9.97,5.9
AL359317.1,lncRNA,0.1,0.17,0.58,0.0,2.02,1.63
AL359317.2,lncRNA,0.58,1.27,1.25,7.63,14.49,13.12
AL359378.1,lncRNA,0.05,1.5,0.58,0.0,1.59,0.81
AL359382.1,lncRNA,5.33,1.33,0.1,0.0,1.62,0.17
AL359382.2,lncRNA,0.0,0.0,0.17,0.0,2.26,1.17
AL359397.1,lncRNA,1.0,1.37,0.49,3.38,1.29,1.11
AL359397.2,lncRNA,0.0,0.0,0.38,0.17,0.66,0.65
AL359399.1,lncRNA,0.4,2.33,0.9,1.45,8.86,4.92
AL359436.1,lncRNA,0.1,0.0,1.5,0.0,1.62,0.5
AL359458.1,lncRNA,0.0,0.0,0.0,0.0,0.6,0.0
AL359475.1,lncRNA,0.0,0.0,0.0,0.0,1.0,0.0
AL359502.1,lncRNA,0.0,0.54,0.11,1.0,0.83,0.0
AL359502.2,lncRNA,3.75,1.27,3.12,0.39,11.25,3.4
AL359504.1,lncRNA,1.0,0.25,3.84,2.17,7.51,9.06
AL359508.1,lncRNA,1.83,0.5,1.32,0.0,9.15,4.65
AL359511.2,lncRNA,0.07,0.0,1.02,0.06,3.63,4.47
AL359511.3,lncRNA,1.06,0.98,0.86,4.24,10.32,9.67
AL359513.1,lncRNA,0.19,0.78,0.25,0.05,1.25,1.04
AL359532.1,lncRNA,0.0,0.2,1.87,0.0,3.27,2.23
AL359538.1,lncRNA,2.68,4.79,3.28,6.91,26.95,23.34
AL359538.3,lncRNA,0.05,0.06,1.5,0.19,3.7,3.1
AL359538.4,lncRNA,8.37,11.73,10.22,6.85,24.67,41.28
AL359541.1,lncRNA,0.5,0.0,0.5,0.0,1.29,0.49
AL359546.1,lncRNA,0.0,0.0,0.25,1.39,11.96,8.58
AL359547.1,lncRNA,0.0,1.17,1.83,1.64,19.25,17.16
AL359551.1,lncRNA,0.35,0.49,1.53,0.83,4.18,6.41
AL359552.1,lncRNA,1.06,2.58,0.0,2.0,0.8,1.68
AL359555.1,lncRNA,4.0,4.0,0.0,0.33,1.42,1.88
AL359555.2,lncRNA,0.93,1.26,0.92,1.43,6.17,4.55
AL359555.3,lncRNA,0.0,0.67,0.58,0.67,0.34,0.5
AL359555.4,lncRNA,1.6,6.36,0.13,9.2,21.49,21.91
AL359632.1,lncRNA,0.0,1.22,1.12,0.1,1.5,1.1
AL359636.1,lncRNA,0.0,0.0,0.0,0.0,1.06,0.14
AL359636.2,lncRNA,6.39,21.92,3.44,12.91,67.6,121.09
AL359643.2,lncRNA,1.46,0.88,1.74,2.42,7.36,5.35
AL359644.1,lncRNA,6.17,3.05,1.79,3.5,18.54,19.29
AL359649.1,lncRNA,0.5,2.47,1.4,0.17,6.35,5.8
AL359682.1,lncRNA,0.79,0.12,0.2,0.0,2.72,3.56
AL359693.1,lncRNA,0.06,1.72,0.0,2.0,0.62,4.27
AL359697.1,lncRNA,0.0,0.33,1.08,0.17,11.0,0.71
AL359704.2,lncRNA,0.0,0.25,1.08,0.75,5.9,1.98
AL359706.1,lncRNA,0.0,0.0,1.5,0.0,2.9,0.9
AL359710.1,lncRNA,1.16,3.04,7.61,3.62,43.96,52.51
AL359711.2,lncRNA,1.23,2.19,4.2,3.71,4.38,2.94
AL359715.1,lncRNA,1.08,7.06,1.15,4.71,5.16,4.47
AL359715.2,lncRNA,0.0,0.14,1.3,1.63,9.12,6.06
AL359715.3,lncRNA,0.21,0.11,3.33,0.2,7.36,1.92
AL359732.1,lncRNA,0.31,0.0,1.18,3.39,3.76,1.51
AL359745.1,lncRNA,0.0,2.0,0.0,0.0,0.7,1.74
AL359762.1,lncRNA,3.69,4.18,2.3,0.17,4.59,3.09
AL359762.2,lncRNA,0.43,0.13,0.08,0.0,0.82,0.48
AL359762.3,lncRNA,1.78,6.86,1.33,1.56,4.35,4.77
AL359764.1,lncRNA,5.69,4.02,3.65,6.76,12.98,5.15
AL359764.2,lncRNA,6.54,6.62,3.33,20.53,25.68,25.28
AL359764.3,lncRNA,4.7,3.68,2.25,1.87,6.33,7.65
AL359771.1,lncRNA,0.0,0.0,0.0,0.0,0.17,0.0
AL359792.1,lncRNA,0.0,0.0,0.0,0.0,0.0,0.5
AL359813.1,lncRNA,2.66,0.98,3.64,5.15,7.56,6.92
AL359813.2,lncRNA,0.5,0.0,0.0,0.0,0.95,0.0
AL359834.1,lncRNA,1.17,0.28,0.0,0.0,2.6,3.12
AL359844.1,lncRNA,3.98,4.93,2.53,1.62,6.13,13.12
AL359851.1,lncRNA,7.9,8.45,6.42,12.19,20.99,26.45
AL359852.2,lncRNA,0.25,1.0,1.1,0.0,1.33,0.12
AL359853.1,lncRNA,0.67,1.54,0.49,0.0,2.45,2.51
AL359853.2,lncRNA,0.08,0.33,0.0,3.28,0.98,0.39
AL359878.1,lncRNA,4.77,10.2,3.1,10.82,21.79,22.16
AL359878.2,lncRNA,1.91,2.06,1.43,0.58,3.58,4.32
AL359880.1,lncRNA,0.0,0.0,0.5,0.0,0.0,1.03
AL359881.1,lncRNA,0.0,0.25,0.0,0.0,0.0,1.27
AL359881.2,lncRNA,0.0,0.2,0.25,0.0,1.05,0.73
AL359881.3,lncRNA,1.5,0.1,5.71,0.61,5.51,3.49
AL359894.1,lncRNA,0.0,0.0,0.06,0.0,0.0,1.58
AL359915.1,lncRNA,0.67,0.72,1.51,0.42,8.29,6.9
AL359916.1,lncRNA,0.12,0.0,1.0,3.7,1.47,2.62
AL359918.2,lncRNA,0.0,0.0,0.07,0.0,0.93,0.0
AL359921.1,lncRNA,0.17,0.06,0.17,0.07,0.17,0.13
AL359921.2,lncRNA,0.0,0.0,1.17,1.17,2.34,2.08
AL359922.2,lncRNA,2.17,0.29,0.0,3.18,7.5,10.55
AL359924.1,lncRNA,2.18,0.75,1.32,2.14,16.47,6.86
AL359962.1,lncRNA,0.25,0.25,0.0,0.0,0.0,0.25
AL359962.2,lncRNA,0.0,0.0,0.0,0.0,0.35,0.29
AL359962.3,lncRNA,1.08,0.26,2.37,1.06,12.98,4.75
AL359979.1,lncRNA,0.0,0.17,0.0,0.0,1.11,1.47
AL359979.2,lncRNA,0.17,0.0,3.33,0.0,3.05,1.02
AL359987.1,lncRNA,0.2,0.33,0.13,0.2,0.07,1.53
AL360006.1,lncRNA,2.17,0.0,0.74,3.05,2.64,3.67
AL360007.1,lncRNA,0.0,0.0,0.25,0.67,0.13,0.57
AL360012.1,lncRNA,30.77,28.1,91.63,71.8,33.43,74.92
AL360013.2,lncRNA,0.0,0.0,0.0,2.0,0.08,0.33
AL360013.3,lncRNA,1.83,2.06,1.0,2.33,3.87,3.07
AL360013.4,lncRNA,0.33,0.83,0.33,2.0,0.81,2.05
AL360014.1,lncRNA,0.5,3.33,0.43,1.0,1.0,0.55
AL360015.1,lncRNA,9.12,6.23,3.27,4.2,6.43,5.0
AL360020.1,lncRNA,0.55,0.0,0.0,0.35,0.25,0.0
AL360089.1,lncRNA,0.0,0.29,0.0,1.0,1.0,5.0
AL360091.1,lncRNA,0.0,0.33,0.0,0.0,0.55,2.44
AL360091.2,lncRNA,0.0,0.0,0.0,0.0,0.98,0.0
AL360091.3,lncRNA,0.0,0.0,0.0,0.0,0.5,3.12
AL360093.1,lncRNA,0.31,1.68,1.76,0.38,1.64,0.19
AL360157.1,lncRNA,0.0,0.0,0.0,0.0,0.07,1.0
AL360169.1,lncRNA,0.0,1.0,0.25,0.0,0.46,0.61
AL360169.2,lncRNA,0.0,0.22,0.0,0.25,0.17,0.33
AL360169.3,lncRNA,0.0,0.29,2.0,1.0,1.22,2.05
AL360175.1,lncRNA,1.0,7.0,0.0,1.0,0.0,1.0
AL360178.1,lncRNA,0.0,2.2,0.5,0.41,4.56,10.07
AL360178.2,lncRNA,9.43,11.69,9.12,16.5,7.93,10.72
AL360181.1,lncRNA,0.43,0.0,0.0,0.0,0.06,0.0
AL360181.2,lncRNA,2.0,1.5,0.88,8.92,12.88,13.32
AL360182.2,lncRNA,9.82,7.51,13.92,25.96,65.38,71.4
AL360219.1,lncRNA,0.13,0.0,0.0,0.0,0.0,0.26
AL360227.1,lncRNA,0.0,0.62,0.17,0.0,0.38,0.47
AL360267.1,lncRNA,0.0,0.0,0.56,0.62,0.21,0.35
AL360267.2,lncRNA,0.0,0.0,0.0,0.0,0.0,0.14
AL360268.1,lncRNA,0.75,0.17,2.08,1.58,5.35,6.01
AL360268.2,lncRNA,0.17,0.0,0.5,0.0,1.02,1.28
AL360270.1,lncRNA,0.12,1.0,0.32,0.33,6.69,5.6
AL360270.2,lncRNA,0.45,8.79,0.15,2.67,4.7,2.86
AL360270.3,lncRNA,3.69,2.45,4.5,3.21,36.42,35.18
AL360295.1,lncRNA,2.03,0.28,0.0,3.0,4.59,4.18
AL365181.1,lncRNA,1.22,1.06,0.82,3.79,4.89,4.17
AL365181.2,lncRNA,4.3,6.25,2.0,5.31,11.72,7.48
AL365181.3,lncRNA,2.35,3.02,18.21,7.07,27.77,19.62
AL365181.4,lncRNA,0.0,0.0,0.0,0.0,2.5,0.06
AL365184.1,lncRNA,2.1,2.57,0.74,2.28,4.28,6.73
AL365184.2,lncRNA,0.0,0.0,0.0,0.0,1.45,1.11
AL365204.1,lncRNA,0.7,2.04,3.5,0.4,5.65,5.69
AL365204.2,lncRNA,2.0,0.16,0.0,1.0,0.0,0.0
AL365205.4,lncRNA,0.0,0.0,0.12,0.0,0.17,0.0
AL365214.3,lncRNA,1.0,0.25,1.4,0.37,0.14,0.8
AL365215.2,lncRNA,0.2,0.18,2.1,2.0,1.0,0.47
AL365226.1,lncRNA,0.58,0.2,1.0,0.0,1.58,5.41
AL365229.1,lncRNA,3.06,3.8,1.75,6.83,9.7,10.65
AL365255.1,lncRNA,3.37,0.07,0.4,2.56,5.71,8.35
AL365256.1,lncRNA,0.0,0.06,0.35,1.0,3.43,5.52
AL365258.1,lncRNA,0.0,2.1,0.0,4.0,1.0,1.17
AL365259.1,lncRNA,1.37,0.23,2.89,3.0,10.88,10.84
AL365271.1,lncRNA,0.12,0.07,0.0,0.76,4.25,3.11
AL365272.1,lncRNA,3.09,1.43,2.76,3.58,13.1,11.34
AL365273.1,lncRNA,0.09,0.07,0.81,0.07,0.09,0.07
AL365295.1,lncRNA,3.49,8.63,11.06,12.63,60.73,51.71
AL365295.2,lncRNA,0.0,0.0,0.0,0.2,1.26,1.67
AL365318.1,lncRNA,0.0,0.2,2.25,0.0,0.0,0.41
AL365330.1,lncRNA,0.0,0.14,0.5,1.25,1.81,2.0
AL365356.1,lncRNA,0.0,0.0,0.07,0.53,1.2,0.28
AL365361.1,lncRNA,2.33,1.58,0.25,0.17,0.96,1.23
AL365394.1,lncRNA,0.0,0.8,0.0,0.31,0.0,0.09
AL365434.1,lncRNA,0.0,0.0,0.0,0.0,0.81,0.0
AL365434.2,lncRNA,0.0,0.0,0.0,0.0,1.0,0.08
AL365436.2,lncRNA,15.45,14.61,51.36,13.29,81.61,47.45
AL365440.1,lncRNA,2.12,2.0,1.82,0.87,15.68,22.95
AL389885.1,lncRNA,0.84,0.12,0.0,0.0,0.0,0.0
AL389889.1,lncRNA,0.33,0.0,0.5,0.0,2.68,2.6
AL389889.2,lncRNA,1.04,0.78,0.0,1.0,3.89,2.02
AL390037.1,lncRNA,0.0,0.0,0.0,0.07,0.33,1.34
AL390038.1,lncRNA,0.62,2.38,3.39,0.09,10.41,6.42
AL390061.1,lncRNA,0.0,0.88,0.0,0.0,0.19,0.64
AL390066.1,lncRNA,4.27,3.36,2.12,6.96,17.82,19.41
AL390066.2,lncRNA,0.56,0.99,2.25,4.31,1.82,2.85
AL390067.1,lncRNA,1.12,1.98,0.14,0.81,6.3,4.41
AL390071.1,lncRNA,0.48,1.32,0.17,2.17,1.74,1.89
AL390195.1,lncRNA,0.18,1.3,0.1,0.84,1.72,1.61
AL390195.2,lncRNA,0.33,0.06,0.05,0.0,2.44,2.31
AL390198.1,lncRNA,2.23,1.34,2.32,3.63,9.57,7.71
AL390208.1,lncRNA,0.5,0.0,0.0,0.0,1.78,1.91
AL390236.1,lncRNA,0.42,1.0,1.37,1.47,4.45,6.39
AL390242.1,lncRNA,0.0,0.67,0.0,4.0,0.25,1.49
AL390243.1,lncRNA,0.4,0.06,0.05,0.0,0.2,1.26
AL390254.1,lncRNA,0.0,0.14,0.25,1.5,4.52,6.3
AL390294.1,lncRNA,1.28,0.3,0.06,1.5,3.2,2.96
AL390718.1,lncRNA,2.08,2.0,2.83,1.0,14.17,26.16
AL390719.2,lncRNA,1.17,0.45,1.33,0.0,6.59,7.04
AL390719.3,lncRNA,0.07,2.56,1.6,4.56,3.55,7.69
AL390726.2,lncRNA,0.0,0.08,0.0,0.08,0.05,0.62
AL390726.3,lncRNA,0.0,0.0,0.0,0.0,0.17,0.26
AL390728.4,lncRNA,3.0,0.58,0.0,1.0,7.14,6.13
AL390728.5,lncRNA,0.83,1.06,0.0,0.0,2.62,0.89
AL390755.1,lncRNA,2.45,9.17,3.11,4.98,24.17,30.16
AL390755.3,lncRNA,3.62,4.0,0.53,0.06,2.14,0.71
AL390760.1,lncRNA,0.17,0.14,0.0,0.0,0.66,0.0
AL390763.1,lncRNA,0.0,0.0,2.0,0.0,0.2,1.73
AL390774.2,lncRNA,0.0,0.2,0.0,0.0,2.83,1.32
AL390778.1,lncRNA,1.12,0.81,0.0,1.12,1.08,0.27
AL390778.2,lncRNA,0.95,0.92,2.57,2.68,12.59,8.0
AL390783.1,lncRNA,1.37,3.03,5.31,11.51,11.64,11.32
AL390786.1,lncRNA,0.0,0.0,0.0,0.0,0.5,0.06
AL390791.1,lncRNA,1.24,2.25,0.64,0.13,4.24,6.56
AL390800.1,lncRNA,2.14,3.7,2.14,9.09,22.87,20.88
AL390816.1,lncRNA,0.25,1.05,2.65,1.08,3.87,3.2
AL390816.2,lncRNA,4.3,1.81,14.95,10.18,33.23,39.56
AL390835.1,lncRNA,0.0,0.81,0.0,0.0,1.82,1.53
AL390838.1,lncRNA,1.89,4.08,3.33,12.5,7.13,7.4
AL390839.1,lncRNA,0.0,0.06,0.0,1.14,6.34,1.24
AL390839.2,lncRNA,0.04,0.19,0.12,0.04,1.69,2.04
AL390856.1,lncRNA,1.33,0.0,0.09,3.33,5.83,8.26
AL390860.1,lncRNA,2.67,5.92,3.9,8.23,11.39,13.52
AL390862.1,lncRNA,3.0,0.0,0.0,0.11,1.7,0.53
AL390866.1,lncRNA,0.0,0.0,0.2,0.0,0.85,0.67
AL390955.2,lncRNA,1.7,0.0,1.33,1.0,2.97,2.52
AL390957.1,lncRNA,2.44,6.99,7.41,3.39,23.13,10.28
AL390961.1,lncRNA,0.0,0.0,0.0,0.05,0.36,1.0
AL390961.2,lncRNA,0.0,0.38,0.33,1.25,0.0,0.22
AL390962.1,lncRNA,0.0,0.0,1.0,0.0,0.0,0.17
AL390964.1,lncRNA,8.05,11.71,3.53,6.68,26.07,14.6
AL391001.1,lncRNA,0.0,2.0,0.0,0.0,0.0,0.58
AL391056.1,lncRNA,2.29,6.88,1.54,7.67,7.26,6.18
AL391056.2,lncRNA,0.2,1.5,0.24,1.11,0.42,1.58
AL391069.1,lncRNA,0.0,0.5,0.0,0.0,0.0,0.0
AL391069.2,lncRNA,0.1,0.0,0.5,0.0,1.84,2.85
AL391095.1,lncRNA,2.77,3.0,13.9,0.43,10.15,18.78
AL391095.2,lncRNA,0.0,0.25,0.0,0.17,0.88,1.19
AL391095.3,lncRNA,0.14,0.0,0.0,0.0,0.0,1.12
AL391097.1,lncRNA,1.03,0.08,2.0,1.07,7.58,1.59
AL391097.2,lncRNA,0.3,0.31,0.9,0.18,6.65,6.71
AL391097.3,lncRNA,0.5,0.28,1.7,0.7,9.72,10.78
AL391117.1,lncRNA,0.0,0.42,0.22,1.0,5.74,5.78
AL391119.1,lncRNA,0.0,0.0,0.2,0.0,0.77,1.83
AL391121.1,lncRNA,2.33,9.18,6.55,13.17,57.05,42.62
AL391152.1,lncRNA,1.0,0.22,8.39,1.37,7.7,6.83
AL391244.1,lncRNA,1.29,1.85,1.77,4.14,11.5,13.49
AL391261.1,lncRNA,0.47,5.45,1.88,8.19,11.53,17.27
AL391261.2,lncRNA,1.01,0.09,0.17,0.17,0.37,0.39
AL391262.1,lncRNA,2.0,0.05,0.0,1.0,1.0,0.33
AL391294.1,lncRNA,11.22,7.2,3.77,6.42,25.86,19.02
AL391335.1,lncRNA,0.65,1.56,2.14,4.9,8.02,7.79
AL391336.1,lncRNA,0.0,0.0,0.08,0.0,0.0,0.0
AL391361.2,lncRNA,0.33,0.17,0.0,0.06,3.98,3.14
AL391415.1,lncRNA,1.33,0.5,1.0,0.25,1.23,0.95
AL391421.1,lncRNA,3.82,1.35,1.33,1.92,6.65,7.81
AL391422.2,lncRNA,0.79,0.64,0.38,0.25,5.3,3.65
AL391422.3,lncRNA,0.0,0.32,0.48,1.24,4.83,2.35
AL391422.4,lncRNA,3.5,2.57,17.66,10.02,37.28,28.55
AL391425.1,lncRNA,0.0,0.25,0.0,1.0,1.5,0.17
AL391427.1,lncRNA,0.14,0.0,0.0,0.0,0.51,0.2
AL391477.1,lncRNA,1.4,0.5,0.17,0.0,3.35,2.43
AL391497.1,lncRNA,0.5,0.25,0.0,0.6,0.83,0.08
AL391538.1,lncRNA,0.0,0.0,0.75,0.0,1.54,0.42
AL391557.1,lncRNA,1.09,2.7,1.9,0.1,0.56,2.01
AL391560.1,lncRNA,0.72,2.07,0.19,0.55,0.0,1.18
AL391560.2,lncRNA,2.88,0.1,1.5,1.2,5.94,5.56
AL391597.1,lncRNA,0.0,0.0,0.12,0.2,0.19,0.05
AL391645.1,lncRNA,0.06,0.0,0.5,0.0,0.26,0.06
AL391650.2,lncRNA,0.41,5.5,4.74,3.31,4.78,5.85
AL391684.1,lncRNA,6.12,3.32,4.85,4.52,16.43,24.17
AL391704.1,lncRNA,0.27,1.06,0.33,0.14,5.26,3.14
AL391704.2,lncRNA,0.0,0.0,0.0,0.6,0.56,0.44
AL391730.2,lncRNA,1.1,8.3,4.24,0.75,3.57,6.37
AL391807.1,lncRNA,7.25,3.74,4.03,12.65,39.74,25.69
AL391811.1,lncRNA,2.83,0.71,0.06,0.17,0.86,1.6
AL391832.1,lncRNA,0.12,0.12,1.42,0.0,0.48,0.62
AL391832.2,lncRNA,6.62,9.73,2.8,3.17,35.65,17.4
AL391832.3,lncRNA,0.33,1.19,0.0,0.06,2.93,2.18
AL391832.4,lncRNA,4.67,8.3,27.67,22.8,5.45,12.35
AL391834.1,lncRNA,0.1,0.0,0.0,0.0,0.62,0.0
AL391834.2,lncRNA,0.2,0.0,0.0,0.0,0.04,0.0
AL391834.3,lncRNA,1.26,1.24,0.0,0.33,0.79,1.45
AL391839.1,lncRNA,1.0,0.0,0.4,1.0,2.04,2.12
AL391839.2,lncRNA,1.71,1.47,14.64,2.19,33.16,25.19
AL391839.3,lncRNA,0.88,1.6,0.64,0.48,9.28,5.99
AL391840.1,lncRNA,8.52,15.58,10.55,14.29,21.33,28.88
AL391840.3,lncRNA,2.14,0.44,0.41,0.21,7.46,4.47
AL391844.1,lncRNA,0.45,1.87,0.32,0.0,2.16,3.33
AL391845.1,lncRNA,0.7,0.0,1.18,0.06,2.58,3.04
AL391845.2,lncRNA,2.0,1.95,1.87,0.07,5.43,7.12
AL391863.1,lncRNA,0.75,0.07,3.03,0.05,3.99,3.28
AL391863.2,lncRNA,0.0,0.0,0.0,0.0,0.13,1.31
AL391869.1,lncRNA,0.0,6.0,0.0,1.0,0.1,0.17
AL391883.1,lncRNA,0.0,0.07,0.5,1.0,1.09,1.5
AL391987.3,lncRNA,0.0,0.0,0.2,0.4,0.72,0.4
AL391987.4,lncRNA,0.42,0.65,0.0,0.79,0.16,0.46
AL391988.1,lncRNA,0.29,6.68,3.82,0.0,5.95,4.43
AL392023.1,lncRNA,0.0,0.0,0.0,0.0,1.0,0.1
AL392023.2,lncRNA,1.0,1.0,0.47,3.2,0.66,0.59
AL392024.1,lncRNA,0.26,0.32,0.98,1.8,11.17,12.04
AL392046.1,lncRNA,1.74,1.1,2.5,1.1,6.07,7.95
AL392048.1,lncRNA,0.0,0.2,0.43,0.0,1.65,0.49
AL392083.1,lncRNA,0.63,1.0,2.14,2.0,10.02,10.39
AL392083.2,lncRNA,0.31,0.0,0.42,0.0,0.96,1.05
AL392086.1,lncRNA,0.62,0.29,0.04,0.0,1.3,1.61
AL392086.2,lncRNA,0.25,1.78,0.08,0.5,3.05,2.13
AL392086.3,lncRNA,6.19,6.37,9.42,6.34,20.88,16.55
AL392089.1,lncRNA,0.49,0.0,0.42,0.17,1.21,1.12
AL392172.1,lncRNA,0.08,7.51,0.73,4.67,1.44,2.23
AL392183.1,lncRNA,0.5,1.93,5.5,1.33,12.5,16.13
AL392185.1,lncRNA,0.09,0.0,1.14,0.0,2.3,1.95
AL441883.1,lncRNA,0.34,0.77,0.65,1.26,3.66,2.93
AL441943.1,lncRNA,0.0,0.41,0.0,0.0,1.08,0.09
AL441943.2,lncRNA,0.14,2.42,1.37,3.0,4.98,1.06
AL441989.1,lncRNA,1.58,0.0,0.0,0.0,2.96,0.64
AL441992.1,lncRNA,0.12,0.0,0.79,2.0,0.93,1.93
AL442003.1,lncRNA,0.0,0.04,0.0,2.23,0.77,1.45
AL442063.1,lncRNA,0.25,1.83,2.23,6.11,21.71,8.18
AL442067.1,lncRNA,0.0,0.0,0.28,0.7,4.19,2.49
AL442067.2,lncRNA,0.0,0.0,0.0,0.0,0.33,1.69
AL442067.3,lncRNA,1.45,1.98,3.38,2.17,19.09,15.7
AL442071.1,lncRNA,0.12,0.0,0.79,0.56,3.39,0.94
AL442071.2,lncRNA,0.07,1.5,0.27,0.29,3.7,4.78
AL442125.1,lncRNA,1.92,0.99,1.59,2.15,5.15,10.28
AL442125.2,lncRNA,1.33,0.0,0.0,0.0,1.84,0.76
AL442128.2,lncRNA,1.98,1.83,1.09,1.25,2.81,2.66
AL442163.1,lncRNA,0.0,0.0,0.0,0.45,2.94,1.23
AL442224.1,lncRNA,0.33,2.21,2.14,0.36,28.81,26.54
AL442636.1,lncRNA,6.15,5.3,3.83,1.51,43.59,35.94
AL442638.1,lncRNA,0.0,0.0,0.0,0.0,0.39,0.31
AL442663.3,lncRNA,4.61,16.75,8.05,14.24,10.39,4.82
AL445070.1,lncRNA,0.0,0.0,1.18,1.0,3.42,1.38
AL445072.1,lncRNA,0.0,0.0,0.0,0.25,0.79,1.19
AL445074.1,lncRNA,0.0,0.33,0.0,0.0,0.0,0.06
AL445123.1,lncRNA,1.0,0.08,0.0,0.0,0.21,2.92
AL445123.2,lncRNA,1.0,0.0,0.0,0.12,0.24,0.81
AL445183.1,lncRNA,0.24,0.42,0.5,0.17,1.15,0.23
AL445183.2,lncRNA,1.08,2.58,1.68,8.04,9.5,21.48
AL445190.1,lncRNA,0.0,0.0,0.25,0.12,0.14,0.47
AL445193.2,lncRNA,0.0,0.12,0.0,2.0,1.58,0.44
AL445205.1,lncRNA,0.67,0.28,0.5,1.0,4.24,4.85
AL445207.1,lncRNA,7.54,4.25,5.22,9.25,38.96,35.54
AL445209.1,lncRNA,3.24,0.63,7.04,2.83,14.81,13.38
AL445213.2,lncRNA,0.0,0.0,0.12,0.0,0.55,0.35
AL445218.1,lncRNA,0.0,0.0,0.08,0.0,1.14,4.6
AL445222.1,lncRNA,0.06,0.0,1.0,0.18,0.96,1.37
AL445223.1,lncRNA,0.0,2.06,0.5,1.67,3.14,3.03
AL445224.1,lncRNA,3.5,0.5,1.0,1.79,1.5,2.25
AL445228.1,lncRNA,0.0,0.33,0.0,0.0,0.83,0.55
AL445228.2,lncRNA,0.11,1.94,0.87,1.73,5.99,4.99
AL445231.1,lncRNA,2.58,16.85,33.92,20.56,3.64,4.14
AL445235.1,lncRNA,5.78,2.22,0.99,0.48,4.21,3.19
AL445237.1,lncRNA,5.22,9.03,12.57,10.36,43.82,35.28
AL445238.2,lncRNA,0.27,0.25,0.1,0.79,5.46,5.45
AL445248.1,lncRNA,0.44,2.4,0.49,1.21,0.51,0.79
AL445250.1,lncRNA,9.68,7.62,3.55,10.27,16.47,25.98
AL445253.1,lncRNA,1.25,0.17,0.59,1.93,35.76,22.42
AL445255.1,lncRNA,0.0,3.99,1.21,0.07,12.45,11.88
AL445259.1,lncRNA,1.5,4.33,1.45,2.83,9.4,5.57
AL445288.1,lncRNA,0.83,0.71,0.86,0.93,5.0,3.74
AL445307.1,lncRNA,0.0,0.25,1.08,1.76,0.19,1.83
AL445309.1,lncRNA,1.19,0.68,0.62,2.62,8.3,8.19
AL445363.1,lncRNA,1.08,1.4,4.98,1.96,3.11,3.6
AL445363.2,lncRNA,1.08,1.4,4.98,1.87,3.06,3.6
AL445423.1,lncRNA,0.11,0.0,0.0,0.0,0.47,2.26
AL445430.1,lncRNA,1.66,3.67,3.47,1.9,12.73,11.4
AL445430.2,lncRNA,0.12,1.11,0.27,0.0,0.98,2.34
AL445433.2,lncRNA,3.33,9.06,13.68,13.6,54.36,39.66
AL445438.1,lncRNA,1.0,1.62,0.52,1.98,11.2,10.82
AL445465.1,lncRNA,0.82,2.07,0.38,1.81,4.03,2.03
AL445465.2,lncRNA,0.0,3.0,0.11,0.17,3.35,4.17
AL445471.1,lncRNA,2.46,1.55,4.94,7.41,16.35,17.62
AL445489.1,lncRNA,0.0,0.25,0.23,0.0,0.97,1.12
AL445490.1,lncRNA,5.56,1.57,0.47,2.69,8.42,4.81
AL445493.2,lncRNA,0.16,0.0,0.5,0.0,2.58,1.4
AL445493.3,lncRNA,0.0,0.0,0.0,2.0,0.0,0.5
AL445524.1,lncRNA,2.23,4.1,0.65,10.99,17.3,13.96
AL445526.1,lncRNA,0.0,0.11,0.0,0.0,0.31,0.17
AL445531.1,lncRNA,0.0,0.0,0.83,1.0,2.39,3.85
AL445584.2,lncRNA,0.56,1.0,0.0,2.0,0.85,1.95
AL445588.1,lncRNA,1.32,0.17,0.12,2.0,0.61,3.78
AL445604.1,lncRNA,0.08,0.0,1.46,0.48,2.05,0.48
AL445623.1,lncRNA,0.0,0.0,0.0,0.0,0.11,0.75
AL445623.2,lncRNA,1.0,11.17,1.82,3.2,7.39,8.88
AL445644.1,lncRNA,0.0,2.38,0.65,0.45,1.08,1.48
AL445645.1,lncRNA,7.02,5.85,3.41,1.86,11.37,9.39
AL445647.1,lncRNA,4.86,10.2,17.64,13.74,28.76,39.67
AL445648.1,lncRNA,4.5,10.9,0.0,6.42,1.11,4.95
AL445649.1,lncRNA,0.0,0.32,0.0,0.0,0.19,1.77
AL445668.1,lncRNA,0.0,0.0,0.07,0.0,2.84,0.17
AL445685.1,lncRNA,0.69,0.0,1.31,0.47,3.06,1.63
AL445928.2,lncRNA,1.34,0.35,1.68,5.88,11.03,19.95
AL445931.1,lncRNA,2.98,9.23,0.43,3.5,9.21,11.91
AL445933.2,lncRNA,0.25,0.33,0.24,2.0,0.07,0.16
AL445984.2,lncRNA,0.07,0.08,0.07,0.0,0.57,1.77
AL445985.1,lncRNA,3.75,8.96,1.75,6.15,11.9,13.17
AL445989.2,lncRNA,0.0,0.25,1.01,1.36,1.62,1.42
AL449043.1,lncRNA,1.32,1.45,1.99,3.0,5.86,3.59
AL449214.1,lncRNA,0.08,0.19,0.33,0.0,0.91,1.37
AL449223.1,lncRNA,0.0,0.17,0.0,0.37,0.9,2.06
AL449363.2,lncRNA,2.25,1.87,0.0,1.33,1.54,1.3
AL449403.1,lncRNA,0.0,0.2,2.6,0.7,9.85,8.63
AL449403.2,lncRNA,9.16,9.97,2.42,13.77,10.26,22.13
AL449403.3,lncRNA,1.9,4.83,0.11,10.75,2.83,1.06
AL449423.1,lncRNA,2.9,0.73,0.57,0.11,6.33,6.71
AL449983.1,lncRNA,0.0,0.0,0.12,1.0,0.0,0.06
AL450003.1,lncRNA,0.0,0.0,0.0,0.0,0.61,1.45
AL450043.1,lncRNA,0.33,0.0,1.95,0.0,1.77,2.39
AL450163.1,lncRNA,0.98,4.53,0.55,4.95,14.04,11.53
AL450226.1,lncRNA,0.17,1.0,4.58,0.29,7.5,4.55
AL450263.1,lncRNA,0.06,0.0,0.0,0.0,1.54,0.28
AL450267.1,lncRNA,0.0,0.0,0.2,0.0,0.2,2.16
AL450267.2,lncRNA,0.49,6.08,6.37,5.01,12.86,11.61
AL450270.1,lncRNA,0.0,0.45,0.12,0.0,0.0,0.0
AL450306.1,lncRNA,1.86,2.15,3.21,1.67,34.35,18.05
AL450307.1,lncRNA,0.17,4.17,1.25,8.0,2.91,3.15
AL450311.1,lncRNA,1.97,2.63,3.42,4.51,2.42,6.93
AL450313.1,lncRNA,1.17,0.57,0.71,2.96,4.79,7.64
AL450322.1,lncRNA,0.0,0.0,0.11,3.0,0.51,1.92
AL450322.2,lncRNA,0.2,4.65,5.46,3.44,17.0,14.25
AL450326.1,lncRNA,6.42,0.7,2.17,6.0,8.38,6.07
AL450326.3,lncRNA,1.66,6.12,4.07,1.43,14.8,9.38
AL450327.1,lncRNA,1.81,0.0,0.58,0.0,5.02,3.29
AL450332.1,lncRNA,1.64,1.43,3.09,2.28,15.16,9.24
AL450338.2,lncRNA,1.33,2.62,1.29,0.55,1.52,5.87
AL450344.1,lncRNA,2.0,0.0,0.0,0.05,2.21,1.7
AL450344.2,lncRNA,0.43,0.0,0.0,0.0,1.11,1.5
AL450344.3,lncRNA,0.17,0.25,0.5,0.0,3.4,0.9
AL450345.1,lncRNA,0.71,1.79,1.05,4.05,8.29,13.07
AL450345.2,lncRNA,4.21,7.85,1.21,9.92,7.65,6.35
AL450352.1,lncRNA,0.08,0.1,0.07,0.67,1.32,2.35
AL450384.1,lncRNA,0.0,0.0,0.14,0.0,0.0,0.5
AL450384.2,lncRNA,4.39,4.07,4.94,4.79,71.83,60.52
AL450423.1,lncRNA,0.11,0.07,0.69,0.12,2.42,1.65
AL450423.2,lncRNA,3.06,5.0,1.36,2.08,5.67,4.2
AL450426.1,lncRNA,1.29,2.2,0.9,2.0,7.14,9.17
AL450442.1,lncRNA,0.0,3.11,0.0,0.14,2.27,2.12
AL450467.1,lncRNA,0.58,1.2,0.08,1.21,2.48,3.92
AL450468.1,lncRNA,0.0,0.0,0.0,0.0,0.86,0.41
AL450468.2,lncRNA,7.3,3.15,3.99,4.28,42.15,60.08
AL450469.1,lncRNA,0.0,0.0,0.17,0.06,0.61,1.7
AL450469.2,lncRNA,0.37,0.29,0.5,0.25,1.05,1.89
AL450990.1,lncRNA,0.43,0.0,0.5,1.0,3.87,1.98
AL450992.1,lncRNA,1.82,3.2,0.92,1.7,3.31,6.72
AL450992.2,lncRNA,1.0,1.17,0.0,3.44,3.86,1.23
AL450992.3,lncRNA,0.33,1.73,0.23,0.12,4.02,3.34
AL450998.2,lncRNA,3.31,0.24,1.25,3.87,8.84,7.4
AL451007.2,lncRNA,1.07,2.0,2.2,0.0,20.94,16.55
AL451042.1,lncRNA,2.09,0.64,3.76,4.28,40.16,49.06
AL451042.2,lncRNA,2.97,3.34,2.34,1.76,21.66,19.56
AL451047.1,lncRNA,0.17,0.0,0.07,0.25,2.08,0.92
AL451048.1,lncRNA,0.0,1.86,0.25,4.0,1.15,2.36
AL451049.1,lncRNA,0.0,0.0,0.0,0.0,0.2,0.33
AL451050.2,lncRNA,5.62,10.96,6.04,6.47,9.79,10.13
AL451054.4,lncRNA,0.1,0.65,0.0,0.5,0.57,2.68
AL451064.1,lncRNA,0.26,0.0,0.0,0.0,2.66,0.07
AL451065.1,lncRNA,0.61,1.49,1.14,0.43,3.2,2.22
AL451067.1,lncRNA,0.73,0.36,2.02,1.86,10.52,11.34
AL451069.1,lncRNA,0.83,2.5,1.81,4.5,16.39,16.24
AL451069.2,lncRNA,0.0,5.33,0.0,0.0,2.94,2.21
AL451069.3,lncRNA,1.38,1.66,0.81,0.29,7.03,2.48
AL451070.1,lncRNA,0.62,2.58,0.03,1.88,1.63,1.03
AL451074.5,lncRNA,0.0,0.0,0.0,0.0,0.17,0.32
AL451080.1,lncRNA,0.0,1.0,0.5,0.0,1.47,2.89
AL451081.1,lncRNA,0.0,0.0,0.0,0.05,0.2,0.14
AL451085.1,lncRNA,1.23,1.34,0.31,4.64,4.65,7.64
AL451085.2,lncRNA,1.88,1.15,2.99,3.22,10.35,8.0
AL451105.1,lncRNA,0.57,0.83,0.17,0.0,1.96,1.32
AL451123.1,lncRNA,9.26,7.53,14.14,20.27,33.48,39.84
AL451123.2,lncRNA,0.92,1.1,1.11,1.2,3.64,3.04
AL451127.1,lncRNA,0.08,0.0,0.08,1.0,0.17,0.06
AL451127.2,lncRNA,0.0,3.0,0.0,2.5,1.03,1.43
AL451129.1,lncRNA,0.0,0.46,0.33,0.95,1.55,0.18
AL451137.2,lncRNA,0.0,0.0,0.0,0.0,0.25,0.25
AL451140.1,lncRNA,0.0,0.0,0.0,0.0,0.68,0.53
AL451164.1,lncRNA,1.0,0.11,1.05,3.33,2.51,3.48
AL451164.2,lncRNA,0.27,0.7,0.16,0.27,3.12,8.04
AL451164.3,lncRNA,0.42,0.25,0.0,1.54,2.12,1.52
AL451166.1,lncRNA,0.39,2.06,0.94,3.78,6.03,4.35
AL499602.1,lncRNA,0.0,0.69,0.17,0.12,3.38,1.2
AL499604.1,lncRNA,1.5,1.0,0.0,0.0,1.6,0.56
AL499627.1,lncRNA,1.5,1.76,3.33,3.06,22.13,26.78
AL499627.2,lncRNA,1.08,0.08,2.37,0.73,9.45,10.45
AL500522.1,lncRNA,0.0,0.0,0.06,0.0,1.5,0.18
AL512274.1,lncRNA,6.06,4.57,0.44,5.04,7.06,2.55
AL512283.1,lncRNA,0.0,0.5,0.05,0.0,1.38,0.2
AL512283.2,lncRNA,3.06,3.0,0.83,0.95,2.8,2.2
AL512283.3,lncRNA,0.06,0.4,1.58,3.5,1.24,1.53
AL512288.1,lncRNA,24.33,100.67,48.92,87.26,243.55,383.96
AL512306.2,lncRNA,1.24,4.92,9.74,1.72,7.69,7.36
AL512306.3,lncRNA,1.0,1.25,1.33,0.0,1.66,0.81
AL512308.1,lncRNA,1.6,3.84,1.68,0.34,28.16,6.6
AL512310.10,lncRNA,0.81,0.25,0.41,4.71,1.05,0.7
AL512310.11,lncRNA,0.08,2.55,0.54,0.2,0.62,0.58
AL512310.2,lncRNA,0.0,0.49,0.74,3.0,1.86,1.08
AL512310.9,lncRNA,0.32,0.48,0.54,0.42,2.83,1.24
AL512328.1,lncRNA,2.08,1.92,1.59,1.57,4.9,3.31
AL512329.2,lncRNA,0.14,0.29,0.0,0.0,0.12,0.52
AL512330.1,lncRNA,0.08,0.0,0.0,0.0,0.79,1.88
AL512347.1,lncRNA,0.0,0.0,0.0,0.0,0.3,0.15
AL512353.1,lncRNA,2.28,5.75,4.44,2.14,17.26,13.26
AL512356.1,lncRNA,0.15,0.03,1.31,0.63,4.67,6.35
AL512356.4,lncRNA,1.28,1.32,0.5,0.0,1.39,3.6
AL512356.5,lncRNA,0.73,0.0,0.5,2.0,3.24,0.3
AL512357.1,lncRNA,0.2,0.32,0.65,1.33,2.08,1.93
AL512357.2,lncRNA,0.2,0.33,0.34,0.25,0.51,0.5
AL512358.1,lncRNA,1.65,0.27,0.0,0.0,1.97,1.49
AL512358.2,lncRNA,0.0,0.0,0.0,0.0,0.0,3.0
AL512363.1,lncRNA,0.0,0.38,0.33,0.0,1.0,0.76
AL512366.1,lncRNA,0.5,0.0,1.11,1.0,1.73,1.0
AL512380.1,lncRNA,3.68,0.58,1.36,1.0,5.01,3.69
AL512380.2,lncRNA,0.8,0.59,0.83,0.74,6.03,6.34
AL512408.1,lncRNA,2.2,3.22,8.41,2.37,25.13,31.48
AL512413.1,lncRNA,8.5,4.0,9.5,4.0,4.68,4.58
AL512424.1,lncRNA,3.79,1.14,0.3,4.2,5.73,0.93
AL512427.2,lncRNA,0.5,0.57,0.0,0.0,2.16,2.88
AL512444.1,lncRNA,0.0,0.5,0.33,0.0,0.8,0.85
AL512452.1,lncRNA,0.37,0.11,0.12,1.0,1.91,3.58
AL512484.1,lncRNA,0.83,3.5,0.54,1.52,4.49,5.09
AL512506.1,lncRNA,0.0,0.0,0.25,1.0,0.33,0.57
AL512590.3,lncRNA,1.0,0.67,0.0,0.12,2.17,0.5
AL512598.1,lncRNA,2.0,0.0,0.0,0.0,0.32,1.13
AL512598.2,lncRNA,1.44,3.74,41.5,93.23,61.88,6.0
AL512603.1,lncRNA,0.0,0.67,0.97,0.05,3.59,2.2
AL512603.2,lncRNA,0.0,2.32,0.6,1.29,4.42,7.38
AL512604.2,lncRNA,0.2,0.0,0.77,0.51,3.18,2.86
AL512604.3,lncRNA,18.98,16.58,43.75,18.21,168.11,139.32
AL512622.1,lncRNA,0.61,1.0,2.7,2.78,13.22,4.34
AL512624.2,lncRNA,0.67,0.93,1.13,2.09,3.98,3.23
AL512625.1,lncRNA,1.29,1.1,1.26,1.13,5.54,3.67
AL512625.2,lncRNA,0.56,0.64,2.06,0.63,26.92,14.46
AL512625.3,lncRNA,2.88,1.34,1.08,2.69,6.38,5.77
AL512631.1,lncRNA,0.0,0.52,1.92,0.48,0.37,0.0
AL512631.2,lncRNA,6.12,13.14,9.77,7.47,18.81,26.51
AL512634.1,lncRNA,7.77,1.44,2.84,4.63,10.05,12.38
AL512638.3,lncRNA,0.33,1.67,0.0,0.0,1.58,1.0
AL512641.1,lncRNA,0.17,1.05,2.23,1.03,2.01,1.53
AL512643.1,lncRNA,0.0,0.0,0.0,0.0,1.72,0.22
AL512643.2,lncRNA,1.0,1.49,3.0,0.77,5.26,5.47
AL512649.2,lncRNA,0.0,0.0,0.57,1.09,0.92,1.04
AL512652.1,lncRNA,0.0,1.5,0.0,0.33,0.75,0.11
AL512655.1,lncRNA,1.0,0.14,0.0,4.0,0.2,2.0
AL512656.1,lncRNA,0.0,0.0,1.0,0.0,0.24,0.0
AL512658.1,lncRNA,0.47,0.0,0.0,0.0,13.59,1.97
AL512658.2,lncRNA,9.14,6.78,16.23,9.17,33.44,31.94
AL512662.1,lncRNA,0.37,2.51,1.01,6.49,7.69,10.99
AL512770.1,lncRNA,4.47,4.48,1.96,11.06,7.33,14.16
AL512785.1,lncRNA,0.17,0.0,0.0,0.0,0.36,0.14
AL512791.1,lncRNA,0.75,1.5,0.0,4.0,1.5,1.72
AL512791.2,lncRNA,18.32,9.86,16.05,14.12,55.67,50.27
AL513008.1,lncRNA,0.0,0.0,0.0,0.33,0.17,0.43
AL513013.1,lncRNA,0.42,2.07,2.66,0.74,14.18,19.74
AL513122.2,lncRNA,0.2,0.0,0.0,2.05,1.32,1.42
AL513123.1,lncRNA,0.0,0.0,0.08,1.0,0.75,0.7
AL513128.1,lncRNA,215.74,808.76,309.78,437.52,4873.42,7056.64
AL513128.3,lncRNA,0.33,0.54,2.26,5.0,0.74,4.68
AL513164.1,lncRNA,0.33,0.0,0.0,0.44,0.48,1.0
AL513165.1,lncRNA,4.0,0.1,0.14,0.0,2.28,1.75
AL513166.1,lncRNA,4.05,6.36,1.62,3.91,16.26,34.25
AL513185.1,lncRNA,0.0,0.11,0.5,0.0,1.5,0.14
AL513188.1,lncRNA,0.0,2.0,0.11,1.25,0.17,0.0
AL513190.1,lncRNA,1.56,0.0,1.02,1.7,7.34,4.29
AL513210.1,lncRNA,6.22,5.12,4.08,2.22,11.7,13.76
AL513217.1,lncRNA,0.32,0.0,0.18,0.05,1.11,2.82
AL513218.1,lncRNA,0.22,0.62,0.0,0.5,0.77,1.88
AL513218.2,lncRNA,0.25,0.0,0.35,0.23,1.53,2.25
AL513220.1,lncRNA,0.83,2.03,0.51,1.2,4.32,6.7
AL513285.1,lncRNA,0.0,0.0,0.02,0.0,4.4,0.2
AL513303.1,lncRNA,1.0,1.0,0.33,0.41,3.44,2.3
AL513304.1,lncRNA,0.5,0.0,0.5,0.25,1.27,1.32
AL513314.1,lncRNA,0.0,0.0,0.2,0.0,0.28,0.22
AL513314.2,lncRNA,0.1,0.44,0.42,0.78,1.13,0.97
AL513317.1,lncRNA,0.76,0.0,0.0,2.6,5.43,10.02
AL513318.1,lncRNA,0.83,0.33,1.05,1.39,3.65,4.71
AL513320.1,lncRNA,0.48,0.2,3.11,1.53,2.45,1.75
AL513321.2,lncRNA,0.08,0.0,2.55,0.12,2.25,1.9
AL513323.1,lncRNA,0.33,0.14,0.0,0.0,4.65,2.77
AL513324.1,lncRNA,1.33,9.87,0.56,0.2,5.25,7.34
AL513327.1,lncRNA,2.77,3.98,4.63,10.53,10.58,12.3
AL513327.2,lncRNA,0.0,0.0,0.2,0.0,2.16,0.46
AL513348.1,lncRNA,0.0,0.0,0.0,1.0,0.0,0.33
AL513412.1,lncRNA,0.0,0.06,0.0,1.33,0.25,0.75
AL513422.1,lncRNA,0.47,0.32,1.73,1.42,7.5,8.58
AL513477.2,lncRNA,0.17,0.0,0.0,1.05,0.24,0.0
AL513478.4,lncRNA,0.23,0.13,0.66,0.91,2.16,1.85
AL513487.1,lncRNA,0.17,0.12,0.91,1.76,6.75,5.02
AL513493.1,lncRNA,0.0,0.08,2.02,2.57,4.51,2.1
AL513523.3,lncRNA,0.0,0.0,0.0,0.0,0.25,0.39
AL513523.4,lncRNA,0.0,1.5,0.0,0.04,0.83,1.65
AL513524.1,lncRNA,0.05,0.27,0.58,0.33,3.22,1.31
AL513534.2,lncRNA,2.44,5.72,1.5,5.47,10.19,10.78
AL513542.1,lncRNA,0.53,4.29,0.24,0.1,3.27,2.53
AL513548.1,lncRNA,1.59,0.96,6.64,3.18,5.69,2.46
AL513548.3,lncRNA,2.25,3.01,0.12,8.71,8.73,5.97
AL513548.4,lncRNA,1.12,0.22,0.42,0.14,1.12,0.82
AL513550.1,lncRNA,5.21,1.07,7.12,2.51,8.21,9.54
AL583722.1,lncRNA,0.08,0.24,0.5,4.0,1.04,0.15
AL583722.2,lncRNA,0.5,0.27,0.86,1.0,1.91,0.62
AL583722.3,lncRNA,1.88,0.14,2.28,0.0,4.53,7.23
AL583785.1,lncRNA,3.21,7.37,6.07,4.48,39.2,41.46
AL583803.1,lncRNA,0.0,0.11,0.0,0.0,0.99,0.2
AL583804.1,lncRNA,0.33,2.33,0.0,3.14,1.92,2.78
AL583805.2,lncRNA,0.0,1.0,0.0,2.0,0.05,0.0
AL583808.1,lncRNA,0.17,2.45,0.47,4.58,4.97,6.83
AL583809.1,lncRNA,0.0,0.0,0.14,0.0,3.15,1.31
AL583810.1,lncRNA,0.67,0.53,0.25,1.0,0.97,0.94
AL583810.2,lncRNA,2.28,7.37,5.8,1.25,36.74,22.92
AL583810.3,lncRNA,0.0,0.0,0.33,0.1,2.12,1.32
AL583824.1,lncRNA,0.0,0.33,0.26,0.08,3.8,1.21
AL583825.1,lncRNA,4.46,4.65,2.33,0.25,32.49,30.5
AL583827.1,lncRNA,1.63,0.33,2.82,0.89,16.56,9.13
AL583829.1,lncRNA,0.27,0.78,0.96,1.72,7.92,11.67
AL583839.1,lncRNA,0.0,0.25,0.0,0.0,1.29,0.08
AL583852.1,lncRNA,0.0,0.0,0.0,0.0,1.15,1.85
AL583854.1,lncRNA,0.36,2.49,0.37,0.57,4.4,4.58
AL583856.2,lncRNA,0.0,0.0,0.06,0.0,0.09,0.2
AL583859.1,lncRNA,0.06,0.0,0.0,0.0,0.94,0.25
AL583859.3,lncRNA,1.41,4.11,2.57,1.38,7.73,2.02
AL589166.1,lncRNA,0.0,1.08,0.0,4.08,2.0,2.0
AL589182.1,lncRNA,0.35,1.86,0.14,1.01,0.89,1.52
AL589642.1,lncRNA,1.25,0.12,2.16,1.42,2.31,1.63
AL589642.2,lncRNA,0.33,0.5,0.15,0.09,1.3,0.49
AL589645.1,lncRNA,0.35,0.86,3.5,0.95,12.29,8.54
AL589669.1,lncRNA,0.34,0.25,0.08,1.12,7.95,3.33
AL589678.1,lncRNA,4.2,7.9,8.64,6.26,52.73,66.84
AL589684.1,lncRNA,0.0,0.5,0.06,0.0,1.0,0.06
AL589693.1,lncRNA,1.66,1.14,0.5,1.09,1.75,3.52
AL589702.1,lncRNA,0.0,0.07,1.22,0.44,4.65,6.32
AL589739.1,lncRNA,0.0,0.92,0.0,2.2,4.03,4.23
AL589740.1,lncRNA,20.77,71.32,17.2,39.9,65.01,61.8
AL589743.1,lncRNA,0.0,0.94,0.2,1.6,0.94,1.02
AL589743.3,lncRNA,0.42,3.1,0.58,8.41,16.81,15.06
AL589745.1,lncRNA,4.66,3.41,4.69,2.23,18.27,22.03
AL589745.2,lncRNA,0.0,0.0,0.0,0.0,0.56,0.27
AL589765.1,lncRNA,0.0,0.0,0.0,1.0,0.09,0.59
AL589765.2,lncRNA,0.0,0.0,0.0,0.0,0.56,0.5
AL589765.4,lncRNA,0.0,0.18,0.06,0.27,1.57,1.7
AL589765.5,lncRNA,0.0,2.5,0.33,0.12,4.47,3.42
AL589765.6,lncRNA,0.0,0.0,0.0,0.5,0.25,1.24
AL589765.7,lncRNA,0.17,0.0,0.0,0.0,0.1,1.18
AL589787.1,lncRNA,0.09,0.81,4.4,1.38,12.58,7.03
AL589787.2,lncRNA,1.93,2.76,8.15,6.07,19.3,19.68
AL589794.2,lncRNA,0.09,0.0,0.06,0.18,0.4,2.15
AL589826.2,lncRNA,0.82,3.0,3.05,1.4,18.31,27.34
AL589843.1,lncRNA,3.32,1.26,3.43,9.73,9.1,7.88
AL589863.1,lncRNA,0.0,0.0,0.0,1.0,1.0,0.6
AL589863.2,lncRNA,1.0,0.0,0.34,2.2,3.18,1.05
AL589923.1,lncRNA,0.46,2.0,1.12,0.09,16.37,16.87
AL589935.1,lncRNA,1.76,15.27,2.22,9.4,15.53,13.18
AL589935.3,lncRNA,1.0,0.06,0.0,1.08,1.16,0.41
AL589986.1,lncRNA,0.12,0.12,0.17,0.0,1.86,0.5
AL589987.2,lncRNA,0.0,1.41,1.15,1.99,0.62,2.95
AL589990.1,lncRNA,0.36,0.42,0.05,0.33,3.01,1.01
AL590004.3,lncRNA,1.37,6.92,2.79,9.59,34.4,31.39
AL590009.1,lncRNA,1.57,1.89,3.61,0.95,2.38,8.55
AL590027.1,lncRNA,0.0,0.0,1.0,0.25,0.19,1.64
AL590062.1,lncRNA,0.26,1.35,0.64,1.33,3.85,3.58
AL590064.1,lncRNA,0.12,0.0,0.08,0.0,1.41,2.0
AL590068.1,lncRNA,0.0,0.0,0.22,0.0,0.77,0.36
AL590068.2,lncRNA,1.25,0.0,0.09,0.0,0.58,1.8
AL590068.3,lncRNA,0.31,2.29,0.0,3.46,1.15,3.58
AL590068.4,lncRNA,0.11,0.0,0.53,0.0,2.61,1.46
AL590093.1,lncRNA,0.15,0.06,0.2,0.08,1.11,0.2
AL590096.1,lncRNA,0.1,0.73,0.0,1.33,2.35,2.88
AL590101.1,lncRNA,0.11,0.48,0.25,1.5,3.87,1.31
AL590133.1,lncRNA,0.0,0.0,2.66,1.49,6.41,6.04
AL590133.2,lncRNA,0.88,1.0,1.54,0.0,1.07,0.53
AL590138.1,lncRNA,4.0,0.67,1.27,1.0,3.05,2.84
AL590226.1,lncRNA,1.33,0.53,0.0,0.6,7.18,5.15
AL590227.1,lncRNA,0.33,0.0,0.0,0.0,0.2,0.37
AL590235.1,lncRNA,2.09,0.92,1.12,2.49,1.87,3.62
AL590235.2,lncRNA,0.25,0.64,0.17,0.92,2.01,2.02
AL590282.2,lncRNA,0.1,0.1,0.19,0.1,1.64,0.78
AL590286.2,lncRNA,0.53,1.01,1.37,1.31,14.96,18.61
AL590302.1,lncRNA,0.33,0.1,0.0,1.0,0.88,0.36
AL590302.2,lncRNA,2.44,4.8,2.58,3.17,9.17,8.8
AL590369.1,lncRNA,0.03,0.0,0.81,0.1,8.6,2.72
AL590378.1,lncRNA,1.0,0.0,0.0,0.0,0.98,0.34
AL590381.1,lncRNA,0.0,0.0,0.33,0.17,0.52,0.12
AL590385.1,lncRNA,0.5,0.05,0.0,0.05,0.14,0.5
AL590385.2,lncRNA,0.25,2.25,2.72,1.65,0.52,2.11
AL590399.1,lncRNA,0.68,0.5,1.19,1.26,4.11,4.01
AL590399.3,lncRNA,0.2,3.06,0.17,0.5,1.16,0.87
AL590399.5,lncRNA,0.39,3.32,0.52,3.96,1.83,2.76
AL590408.1,lncRNA,0.06,0.0,0.0,0.0,0.45,0.25
AL590422.1,lncRNA,0.0,1.0,0.2,0.09,1.13,0.0
AL590428.1,lncRNA,3.4,3.19,2.25,3.46,9.75,12.01
AL590434.1,lncRNA,0.07,0.25,0.06,0.42,4.3,1.69
AL590438.1,lncRNA,3.1,4.17,4.18,4.45,28.58,24.24
AL590440.1,lncRNA,0.5,0.08,0.7,0.0,0.54,1.7
AL590440.2,lncRNA,3.07,8.15,1.9,7.21,5.6,7.5
AL590483.1,lncRNA,0.67,0.0,0.0,0.5,1.17,2.73
AL590483.2,lncRNA,0.0,0.0,0.0,0.0,0.0,0.78
AL590483.4,lncRNA,1.0,0.94,2.67,0.31,8.24,7.59
AL590490.1,lncRNA,0.0,4.5,0.0,3.0,1.04,1.0
AL590491.2,lncRNA,0.55,1.71,0.61,0.81,2.23,2.71
AL590502.1,lncRNA,0.06,0.25,0.0,0.5,0.44,1.4
AL590550.1,lncRNA,1.9,1.72,6.1,0.5,1.92,2.13
AL590556.3,lncRNA,0.25,0.65,0.95,0.45,3.81,2.42
AL590560.3,lncRNA,7.42,5.17,5.06,3.46,23.54,18.81
AL590560.5,lncRNA,0.44,3.76,1.71,1.33,11.81,11.21
AL590608.1,lncRNA,1.33,0.13,0.33,2.31,8.45,7.54
AL590609.2,lncRNA,0.0,1.0,0.0,0.0,1.0,0.09
AL590617.2,lncRNA,3.54,0.71,0.79,0.18,4.52,2.69
AL590627.2,lncRNA,0.33,0.38,0.73,1.36,4.63,4.27
AL590640.1,lncRNA,1.92,1.11,2.27,3.8,17.99,17.06
AL590644.1,lncRNA,0.39,1.79,2.19,17.61,15.18,91.49
AL590648.2,lncRNA,1.02,0.49,1.84,2.63,10.73,9.96
AL590652.1,lncRNA,2.07,3.25,8.13,5.57,21.77,14.45
AL590666.1,lncRNA,0.0,1.1,0.0,0.0,0.25,0.25
AL590666.2,lncRNA,0.85,0.16,2.94,4.88,4.55,5.37
AL590666.3,lncRNA,4.18,4.04,4.56,6.2,18.22,18.71
AL590666.4,lncRNA,0.09,0.89,0.07,4.38,2.96,1.3
AL590666.5,lncRNA,0.17,0.0,1.28,1.25,2.61,2.77
AL590677.1,lncRNA,0.0,0.38,0.03,1.14,2.49,1.08
AL590681.1,lncRNA,0.96,1.48,0.56,0.51,3.21,3.85
AL590705.1,lncRNA,0.0,0.0,0.67,5.33,2.63,2.23
AL590705.2,lncRNA,0.25,0.2,0.0,1.43,2.6,1.98
AL590705.3,lncRNA,0.5,2.5,2.6,1.33,26.25,13.56
AL590714.1,lncRNA,0.0,1.06,0.85,1.5,3.55,1.57
AL590723.1,lncRNA,1.33,2.81,0.6,4.0,0.45,0.26
AL590727.1,lncRNA,0.0,1.0,0.0,0.0,3.09,0.22
AL590729.1,lncRNA,0.2,1.0,0.0,0.12,1.0,1.31
AL590730.1,lncRNA,0.67,0.62,0.0,0.57,2.32,0.91
AL590764.1,lncRNA,0.0,0.0,0.0,0.0,2.29,0.55
AL590787.1,lncRNA,0.33,1.21,4.84,0.47,6.89,7.31
AL590807.1,lncRNA,1.98,8.08,6.42,4.03,15.05,13.61
AL590814.1,lncRNA,1.2,1.0,0.0,6.0,8.89,5.75
AL590822.1,lncRNA,0.0,0.0,0.58,1.21,1.88,2.15
AL590822.2,lncRNA,5.25,2.22,9.41,5.62,13.1,14.95
AL590822.3,lncRNA,15.93,15.53,29.34,22.85,130.28,120.61
AL590867.1,lncRNA,0.0,0.0,0.0,0.0,0.2,0.0
AL590989.1,lncRNA,1.26,0.52,1.73,0.06,8.59,5.13
AL591002.1,lncRNA,0.1,0.0,1.0,0.25,4.47,2.18
AL591022.1,lncRNA,3.4,1.0,1.29,0.0,8.36,1.97
AL591030.1,lncRNA,0.2,0.21,0.0,0.0,1.68,1.33
AL591043.2,lncRNA,1.14,3.36,3.07,1.33,8.67,5.24
AL591069.1,lncRNA,0.5,0.34,0.54,1.0,4.87,0.74
AL591074.1,lncRNA,1.26,2.22,2.54,2.84,3.6,2.33
AL591074.2,lncRNA,0.0,0.6,0.0,1.83,1.53,0.14
AL591115.1,lncRNA,1.2,0.45,1.56,0.5,8.14,13.06
AL591135.2,lncRNA,1.42,0.12,0.42,3.83,3.56,0.54
AL591163.1,lncRNA,3.94,4.41,4.46,4.47,48.99,65.97
AL591167.1,lncRNA,0.0,0.0,0.0,2.0,0.3,0.24
AL591178.1,lncRNA,2.9,1.42,2.06,4.99,13.89,27.07
AL591212.1,lncRNA,1.25,0.0,1.98,0.51,5.51,2.52
AL591222.1,lncRNA,8.76,5.0,3.28,6.0,40.29,43.95
AL591242.1,lncRNA,0.98,0.67,0.99,0.9,10.22,8.65
AL591368.1,lncRNA,2.1,2.04,6.51,0.94,13.95,8.55
AL591378.1,lncRNA,2.15,0.79,0.7,0.88,6.77,2.0
AL591428.1,lncRNA,1.42,10.77,1.94,6.09,14.99,14.1
AL591463.1,lncRNA,0.74,1.46,1.58,4.38,3.17,1.79
AL591468.1,lncRNA,2.34,3.55,1.92,5.4,16.83,36.05
AL591501.1,lncRNA,5.49,3.09,6.03,6.47,29.5,25.09
AL591503.1,lncRNA,0.0,1.25,0.0,1.17,1.06,1.77
AL591504.1,lncRNA,0.0,0.0,0.17,0.0,1.4,0.22
AL591504.2,lncRNA,1.39,4.12,0.92,0.0,4.1,1.47
AL591506.1,lncRNA,0.0,0.33,0.68,4.33,5.17,5.82
AL591518.1,lncRNA,1.0,0.0,0.89,0.5,3.75,4.94
AL591519.1,lncRNA,0.9,1.84,2.24,6.67,17.11,11.63
AL591543.1,lncRNA,2.17,0.99,1.18,1.6,6.09,1.58
AL591623.1,lncRNA,0.74,1.2,1.17,5.43,18.91,26.75
AL591643.1,lncRNA,0.25,0.67,3.21,0.74,19.65,12.84
AL591684.1,lncRNA,0.0,0.18,0.05,0.1,0.44,0.27
AL591684.2,lncRNA,1.08,1.17,0.6,2.9,17.57,14.6
AL591686.1,lncRNA,0.0,0.0,0.17,2.11,2.26,0.14
AL591686.2,lncRNA,0.47,0.37,1.24,1.4,7.55,4.0
AL591719.2,lncRNA,0.33,0.0,0.0,0.0,1.16,0.5
AL591721.1,lncRNA,2.38,2.5,0.0,0.5,2.7,1.18
AL591742.2,lncRNA,0.87,0.64,0.83,1.46,5.44,3.81
AL591767.1,lncRNA,0.0,0.0,0.1,0.0,1.08,0.34
AL591770.1,lncRNA,0.0,6.0,0.0,0.22,1.33,2.4
AL591845.1,lncRNA,25.47,9.21,7.92,8.94,35.95,36.38
AL591848.1,lncRNA,0.25,2.5,0.0,1.0,1.54,0.77
AL591848.2,lncRNA,2.89,0.99,5.84,5.45,4.97,5.72
AL591848.3,lncRNA,8.25,3.25,0.94,1.0,7.49,7.25
AL591888.1,lncRNA,0.14,0.57,0.0,1.0,0.85,0.22
AL591895.1,lncRNA,0.0,0.0,0.11,0.0,0.75,0.5
AL591896.1,lncRNA,0.0,0.33,0.0,0.0,0.4,0.98
AL591926.2,lncRNA,3.48,0.55,0.43,4.92,3.22,2.38
AL592043.1,lncRNA,0.0,0.0,0.0,0.0,0.27,0.2
AL592071.1,lncRNA,0.33,0.58,1.53,2.07,2.24,2.75
AL592078.1,lncRNA,0.0,0.0,0.0,0.0,2.19,0.3
AL592078.2,lncRNA,5.25,7.32,8.09,8.77,59.08,37.07
AL592114.3,lncRNA,0.33,1.01,0.21,0.1,7.21,5.16
AL592146.1,lncRNA,0.04,0.0,0.0,0.0,0.42,0.37
AL592146.2,lncRNA,5.16,1.34,10.82,9.95,11.66,11.39
AL592148.3,lncRNA,0.07,1.74,0.54,1.0,4.19,5.9
AL592156.1,lncRNA,0.12,0.68,0.2,0.0,1.25,0.52
AL592161.1,lncRNA,0.1,0.11,0.0,0.0,0.95,2.84
AL592164.1,lncRNA,0.0,0.56,2.44,1.5,6.64,8.48
AL592164.2,lncRNA,1.1,0.08,0.75,0.0,2.19,1.15
AL592166.1,lncRNA,0.6,1.5,1.72,0.0,4.1,3.17
AL592182.1,lncRNA,0.0,0.0,0.0,0.0,0.09,0.09
AL592182.2,lncRNA,24.16,67.42,10.41,13.3,31.15,41.58
AL592211.1,lncRNA,1.0,1.43,0.0,2.59,1.17,0.5
AL592211.2,lncRNA,1.1,0.58,1.07,0.14,9.14,4.98
AL592295.3,lncRNA,83.56,24.92,257.92,77.57,87.19,133.99
AL592295.4,lncRNA,896.05,289.44,1749.01,309.28,2383.56,1812.87
AL592295.5,lncRNA,2.55,7.99,1.31,9.01,10.07,31.39
AL592295.6,lncRNA,1.1,1.25,1.72,0.98,5.24,11.1
AL592301.1,lncRNA,5.19,5.05,3.68,1.7,2.6,1.25
AL592309.1,lncRNA,0.0,0.38,0.2,1.0,4.15,5.29
AL592402.1,lncRNA,0.0,0.0,0.0,0.0,1.65,1.09
AL592424.1,lncRNA,1.9,11.13,11.86,10.75,23.12,32.98
AL592429.2,lncRNA,11.02,14.15,12.7,13.9,82.83,90.45
AL592430.1,lncRNA,0.5,1.17,0.0,0.7,1.82,2.9
AL592430.2,lncRNA,0.25,0.0,0.5,0.0,0.2,0.79
AL592431.1,lncRNA,0.0,0.0,0.0,0.0,0.0,0.94
AL592431.2,lncRNA,0.0,0.0,0.0,0.0,0.0,0.55
AL592435.1,lncRNA,0.0,0.0,0.0,0.0,1.01,0.08
AL592463.1,lncRNA,3.3,3.42,2.24,1.06,2.09,2.76
AL592464.1,lncRNA,0.14,0.0,0.99,0.0,1.67,2.43
AL592464.2,lncRNA,0.46,0.0,0.27,2.33,2.47,1.09
AL592464.3,lncRNA,0.0,1.09,0.0,0.0,0.31,1.98
AL592466.1,lncRNA,0.08,0.0,0.0,0.12,0.0,0.57
AL592494.1,lncRNA,0.08,0.17,0.23,0.0,2.11,0.0
AL592494.2,lncRNA,0.0,2.0,0.06,0.92,0.24,0.82
AL592546.2,lncRNA,0.37,0.0,1.22,2.49,4.77,6.02
AL592546.3,lncRNA,0.0,3.07,0.28,0.0,5.6,2.82
AL593844.1,lncRNA,0.0,0.05,1.21,0.0,4.43,1.97
AL596087.2,lncRNA,1.25,1.0,1.2,0.25,1.89,3.24
AL596087.3,lncRNA,0.18,2.62,1.0,0.0,10.28,9.15
AL596094.1,lncRNA,0.17,0.0,0.2,0.0,0.85,0.06
AL596188.1,lncRNA,0.0,0.0,0.0,0.45,0.58,0.17
AL596202.1,lncRNA,1.2,1.61,2.35,0.83,2.88,20.86
AL596211.1,lncRNA,2.7,0.0,0.0,0.0,0.73,5.01
AL596214.1,lncRNA,2.1,3.31,3.68,3.18,8.19,13.82
AL596218.1,lncRNA,0.0,0.06,0.0,0.0,1.86,0.89
AL596223.1,lncRNA,0.1,1.5,1.77,0.55,10.89,6.21
AL596223.2,lncRNA,0.04,0.0,0.11,0.0,0.8,0.87
AL596244.1,lncRNA,2.93,5.64,17.37,6.19,16.47,14.03
AL596247.1,lncRNA,0.6,2.62,0.0,6.31,1.0,0.62
AL596257.1,lncRNA,7.0,2.39,3.24,6.56,8.76,9.83
AL596325.1,lncRNA,0.06,0.0,0.09,0.23,5.05,5.64
AL596325.2,lncRNA,0.0,1.5,0.19,4.53,2.66,1.34
AL596330.1,lncRNA,0.0,0.33,0.0,0.0,1.94,6.3
AL596442.1,lncRNA,3.41,1.67,0.98,2.44,7.57,10.21
AL596442.2,lncRNA,0.22,1.92,1.85,0.1,1.6,1.85
AL596442.3,lncRNA,0.29,1.1,0.64,0.07,4.94,3.72
AL596442.4,lncRNA,0.62,1.11,1.15,0.51,7.25,5.52
AL596451.1,lncRNA,3.92,0.0,0.5,1.0,0.0,0.2
AL603756.1,lncRNA,3.58,4.06,9.08,2.25,26.51,23.7
AL603783.1,lncRNA,7.28,4.91,7.05,4.67,32.43,26.5
AL603824.1,lncRNA,1.5,5.15,2.0,1.0,1.06,2.0
AL603832.1,lncRNA,0.28,0.13,0.68,2.0,1.24,2.68
AL603832.2,lncRNA,2.24,0.83,1.65,7.75,7.96,7.71
AL603839.1,lncRNA,0.25,0.0,0.25,0.0,0.62,0.31
AL603839.2,lncRNA,0.0,0.25,0.5,0.0,0.0,0.47
AL603839.3,lncRNA,0.42,5.35,0.48,2.42,0.58,0.37
AL603840.1,lncRNA,17.11,7.02,10.11,11.59,41.29,41.45
AL603962.1,lncRNA,0.08,0.04,0.0,0.0,0.0,0.29
AL604028.1,lncRNA,0.0,1.9,0.17,0.0,0.33,0.52
AL606468.1,lncRNA,0.99,2.0,0.08,0.98,0.86,0.45
AL606469.1,lncRNA,1.18,2.64,2.61,1.63,11.37,10.93
AL606489.1,lncRNA,1.0,1.78,2.4,1.83,9.18,8.42
AL606490.3,lncRNA,0.0,0.14,0.0,3.07,0.65,0.62
AL606491.1,lncRNA,2.03,1.39,3.35,2.0,3.08,2.37
AL606500.1,lncRNA,0.0,0.33,1.17,0.0,1.34,1.77
AL606516.1,lncRNA,0.87,0.0,0.58,2.25,2.1,3.27
AL606519.1,lncRNA,0.0,1.0,0.0,0.0,0.05,0.0
AL606534.1,lncRNA,0.0,0.11,0.0,0.0,0.52,0.55
AL606534.2,lncRNA,0.0,0.0,0.2,0.0,1.04,0.92
AL606534.3,lncRNA,0.0,0.0,0.0,0.97,1.22,1.73
AL606537.1,lncRNA,0.26,1.07,1.18,0.12,4.76,8.89
AL606748.1,lncRNA,0.33,0.17,0.5,2.33,1.92,2.15
AL606753.2,lncRNA,0.46,1.79,4.18,3.52,6.91,4.71
AL606760.1,lncRNA,0.25,0.29,1.37,2.33,3.53,6.26
AL606760.2,lncRNA,0.25,1.03,1.5,0.0,1.48,0.32
AL606760.3,lncRNA,1.5,1.45,2.72,1.42,14.05,20.06
AL606804.1,lncRNA,0.91,0.43,0.29,1.15,9.23,5.24
AL606834.1,lncRNA,0.0,0.33,0.0,1.08,0.72,0.64
AL606834.2,lncRNA,0.0,0.0,0.0,0.0,0.62,0.4
AL606923.2,lncRNA,0.45,0.18,0.5,0.5,1.04,3.76
AL606970.1,lncRNA,0.58,2.25,0.0,1.5,4.28,8.6
AL606970.2,lncRNA,0.58,0.0,0.0,0.0,1.67,1.33
AL606970.3,lncRNA,1.4,6.1,4.95,3.08,9.34,8.61
AL606970.4,lncRNA,0.5,0.0,0.06,0.0,1.33,0.62
AL606970.5,lncRNA,0.7,2.22,1.39,2.49,4.87,7.24
AL607028.1,lncRNA,0.0,0.44,0.0,0.14,1.06,0.0
AL611929.1,lncRNA,0.1,0.58,0.0,0.33,1.98,0.35
AL627095.2,lncRNA,0.79,1.42,2.23,5.42,18.97,14.66
AL627171.1,lncRNA,1.64,4.6,1.64,2.27,32.95,6.93
AL627171.2,lncRNA,2664.57,478.35,1091.94,2275.65,1450.01,882.06
AL627232.1,lncRNA,0.25,0.25,3.22,3.25,2.58,1.4
AL627308.3,lncRNA,0.0,0.12,0.28,0.0,1.32,0.94
AL627309.1,lncRNA,2.59,0.96,0.49,0.78,1.27,4.2
AL627309.2,lncRNA,0.0,0.0,0.05,0.0,0.0,0.0
AL627309.3,lncRNA,0.85,0.13,0.15,0.24,0.56,1.92
AL627309.4,lncRNA,0.68,3.99,1.15,2.14,0.42,2.55
AL627309.5,lncRNA,2.28,4.41,2.17,5.44,2.71,5.75
AL627316.1,lncRNA,2.12,5.54,4.88,2.08,14.94,9.73
AL627422.2,lncRNA,2.17,2.39,2.02,6.48,19.12,14.55
AL627443.1,lncRNA,1.0,1.6,1.0,0.0,0.32,1.08
AL627443.3,lncRNA,0.33,0.07,0.67,0.5,5.17,6.93
AL645465.1,lncRNA,0.0,1.76,0.0,0.5,1.37,0.98
AL645504.1,lncRNA,1.58,0.22,0.49,0.4,2.81,1.82
AL645507.1,lncRNA,0.17,1.17,1.5,2.25,8.89,11.3
AL645608.1,lncRNA,0.0,0.25,0.0,0.0,1.67,0.25
AL645608.2,lncRNA,14.45,13.06,16.73,6.96,49.52,33.33
AL645608.4,lncRNA,0.0,1.17,0.0,1.63,0.57,1.04
AL645608.5,lncRNA,0.15,0.08,0.44,0.0,0.57,0.74
AL645608.6,lncRNA,4.32,6.76,7.81,3.1,36.5,47.79
AL645608.7,lncRNA,9.31,8.86,18.75,11.67,31.62,32.66
AL645608.8,lncRNA,0.72,0.31,1.11,1.29,8.42,7.03
AL645634.1,lncRNA,4.62,3.74,2.89,17.85,49.79,56.35
AL645634.2,lncRNA,1.17,0.0,0.0,0.0,2.58,0.51
AL645728.1,lncRNA,1.62,2.04,3.08,4.09,14.82,11.81
AL645768.1,lncRNA,2.2,8.24,2.91,1.61,21.36,25.3
AL645924.1,lncRNA,4.0,0.0,0.0,0.0,0.0,0.08
AL645933.2,lncRNA,0.0,1.25,0.2,6.0,3.22,0.38
AL645933.3,lncRNA,1.0,1.41,1.72,3.42,1.64,1.23
AL645937.2,lncRNA,0.39,0.0,0.14,0.0,0.06,0.84
AL645937.4,lncRNA,1.64,2.72,3.86,6.86,9.39,5.7
AL645939.4,lncRNA,0.46,0.1,0.2,0.0,0.3,1.4
AL645939.5,lncRNA,1.17,4.63,2.97,2.59,14.24,6.76
AL645940.1,lncRNA,0.0,2.53,0.0,0.2,2.08,0.67
AL645941.1,lncRNA,0.0,0.25,0.62,0.68,1.78,1.3
AL645941.3,lncRNA,0.64,0.67,1.91,1.28,8.31,8.76
AL645944.2,lncRNA,1.41,2.56,3.27,0.4,18.22,9.9
AL646090.1,lncRNA,0.14,0.5,0.98,0.1,15.57,10.8
AL646090.2,lncRNA,0.12,0.58,2.01,2.22,4.78,3.99
AL662789.1,lncRNA,0.0,0.36,0.29,0.29,1.24,0.61
AL662791.1,lncRNA,0.0,0.18,0.0,1.0,1.8,2.07
AL662791.2,lncRNA,1.7,3.42,1.35,1.55,1.21,1.67
AL662797.1,lncRNA,0.0,0.47,0.17,0.12,1.37,2.4
AL662844.3,lncRNA,0.87,24.73,3.88,7.12,2.42,8.93
AL662844.4,lncRNA,1.33,2.44,6.23,1.77,5.47,10.49
AL662864.1,lncRNA,1.54,1.4,2.1,0.3,4.34,9.31
AL662873.1,lncRNA,47.65,160.01,122.89,129.44,231.92,425.11
AL662884.1,lncRNA,0.31,5.5,1.0,1.5,2.5,3.64
AL662884.2,lncRNA,0.19,0.0,1.2,0.0,0.89,0.58
AL662884.3,lncRNA,3.59,2.07,1.15,2.83,10.44,5.37
AL662884.5,lncRNA,3.64,0.82,2.6,1.61,2.67,4.22
AL662889.1,lncRNA,0.0,0.0,0.0,0.0,1.0,0.24
AL662890.1,lncRNA,1.48,1.37,2.1,5.98,5.73,6.05
AL662907.3,lncRNA,0.21,0.25,0.0,0.58,1.45,1.0
AL663058.2,lncRNA,0.59,2.52,0.5,2.14,2.84,2.99
AL663074.1,lncRNA,0.83,0.79,0.14,0.35,2.84,1.61
AL669830.1,lncRNA,12.65,12.66,19.01,13.6,38.57,33.43
AL669831.2,lncRNA,1.37,3.24,0.35,3.71,0.42,2.05
AL669831.7,lncRNA,2.11,6.61,2.47,1.72,6.2,10.62
AL669841.1,lncRNA,0.0,0.08,0.2,0.0,0.47,2.45
AL669970.1,lncRNA,0.0,0.0,0.7,0.0,1.43,1.68
AL669970.2,lncRNA,1.0,0.09,0.2,0.73,0.44,1.44
AL669970.3,lncRNA,0.11,0.0,2.11,0.64,1.28,4.41
AL670729.1,lncRNA,0.0,0.15,0.0,0.5,1.69,1.02
AL670729.2,lncRNA,0.0,0.2,0.33,0.0,0.0,0.0
AL670729.3,lncRNA,3.48,2.41,4.63,3.33,29.45,16.52
AL671710.1,lncRNA,0.61,1.75,1.06,2.5,4.76,4.74
AL671762.1,lncRNA,1.11,1.09,3.76,3.34,7.8,7.16
AL671883.3,lncRNA,0.0,0.0,0.5,0.0,4.13,0.41
AL672032.1,lncRNA,0.0,0.0,0.5,1.05,1.0,1.21
AL672277.1,lncRNA,0.0,0.18,0.0,0.66,4.44,5.38
AL672291.1,lncRNA,0.67,2.5,0.0,0.14,2.91,3.81
AL672310.1,lncRNA,0.4,4.9,1.44,10.69,1.27,7.18
AL683807.1,lncRNA,1.0,0.0,2.1,1.0,5.26,10.4
AL683807.2,lncRNA,6.36,4.08,12.58,3.52,1.98,2.06
AL683813.1,lncRNA,1.75,1.62,0.91,1.39,5.5,5.36
AL683887.1,lncRNA,0.0,0.0,0.0,0.0,0.25,1.5
AL691403.1,lncRNA,0.0,0.0,2.73,1.33,1.46,0.73
AL691403.2,lncRNA,0.73,1.0,3.67,0.5,2.4,3.74
AL691420.1,lncRNA,1.44,4.18,2.08,7.18,7.0,4.75
AL691426.1,lncRNA,0.0,0.0,0.0,0.09,0.61,0.0
AL691432.2,lncRNA,5.74,1.81,4.13,3.27,19.41,21.55
AL691432.4,lncRNA,2.54,2.69,7.05,0.87,12.08,9.15
AL691447.2,lncRNA,3.62,0.22,3.41,2.41,11.17,13.56
AL691459.1,lncRNA,0.2,0.05,0.92,0.92,11.69,8.09
AL691482.3,lncRNA,0.52,0.32,1.67,0.03,3.98,2.87
AL691515.1,lncRNA,0.0,0.33,0.71,0.14,3.14,1.0
AL691515.2,lncRNA,0.6,0.11,0.95,0.12,1.14,0.34
AL691520.1,lncRNA,0.0,0.0,0.0,0.0,0.17,1.33
AL713851.1,lncRNA,0.67,1.96,4.7,2.9,8.23,12.34
AL713851.2,lncRNA,0.0,0.0,0.29,0.22,1.93,2.06
AL713852.1,lncRNA,7.77,14.04,12.02,10.57,43.53,72.46
AL713852.2,lncRNA,0.2,1.37,0.42,5.5,7.55,6.56
AL713866.1,lncRNA,2.13,6.99,7.34,2.5,27.7,27.26
AL713868.1,lncRNA,0.42,0.37,0.85,1.0,4.68,6.39
AL713923.1,lncRNA,0.2,0.0,0.5,0.0,0.11,0.31
AL713965.1,lncRNA,0.1,0.17,0.0,0.0,0.13,0.18
AL713998.1,lncRNA,2.45,8.86,2.61,5.8,88.41,63.37
AL713998.3,lncRNA,0.0,0.0,0.0,0.0,0.71,0.56
AL713998.4,lncRNA,0.17,2.0,0.0,5.22,1.38,1.12
AL731533.1,lncRNA,0.0,1.28,0.12,1.7,3.54,2.78
AL731533.2,lncRNA,2.57,0.07,1.68,1.65,6.21,5.11
AL731537.1,lncRNA,0.0,0.0,0.0,3.0,0.33,0.12
AL731537.2,lncRNA,0.0,0.0,0.08,0.0,16.22,7.94
AL731553.1,lncRNA,1.07,0.24,2.88,3.31,4.71,6.56
AL731555.1,lncRNA,1.04,3.69,0.78,1.88,8.87,7.31
AL731557.1,lncRNA,5.35,2.08,2.59,0.1,5.99,5.23
AL731559.1,lncRNA,0.59,1.95,4.08,3.59,8.88,7.07
AL731563.2,lncRNA,0.0,0.0,0.0,0.0,1.09,0.0
AL731563.3,lncRNA,3.39,2.5,0.14,0.17,0.45,7.07
AL731566.2,lncRNA,1.0,1.67,0.5,4.0,1.68,5.25
AL731566.3,lncRNA,0.5,0.0,0.0,0.0,1.14,0.5
AL731567.1,lncRNA,2.33,0.33,2.72,0.0,4.74,7.45
AL731568.1,lncRNA,0.0,0.0,0.0,0.0,0.29,0.33
AL731569.1,lncRNA,7.95,3.0,1.1,4.25,26.93,28.94
AL731571.1,lncRNA,3.61,6.07,6.12,10.68,22.88,19.73
AL731574.1,lncRNA,0.5,1.24,0.53,0.83,0.78,1.49
AL731575.1,lncRNA,0.0,0.0,0.2,0.0,0.17,0.54
AL731577.1,lncRNA,0.5,9.0,3.09,1.65,13.06,13.7
AL731577.2,lncRNA,0.31,2.76,1.74,1.51,7.22,6.7
AL731661.1,lncRNA,0.14,0.0,0.0,1.14,1.22,0.81
AL731684.1,lncRNA,0.04,0.06,0.0,0.0,0.13,0.06
AL731702.1,lncRNA,7.19,12.36,7.64,10.37,41.87,44.15
AL731769.1,lncRNA,0.33,1.0,15.11,2.57,15.58,33.98
AL731769.2,lncRNA,3.54,5.32,5.77,12.48,8.76,18.18
AL732292.2,lncRNA,1.33,0.17,1.24,1.75,9.6,12.56
AL732314.4,lncRNA,0.1,0.12,2.94,1.34,28.04,19.56
AL732314.6,lncRNA,0.64,0.5,1.12,1.46,10.18,5.76
AL732323.1,lncRNA,0.09,0.0,0.11,0.0,0.25,0.08
AL732372.1,lncRNA,0.31,0.12,0.0,0.76,1.58,2.68
AL732437.1,lncRNA,1.11,0.37,2.14,0.28,11.16,4.71
AL732437.2,lncRNA,3.52,4.0,5.78,8.64,8.82,11.61
AL732437.3,lncRNA,0.61,2.04,3.28,3.91,20.01,20.98
AL732509.1,lncRNA,6.24,10.4,5.19,7.45,24.66,23.53
AL772155.1,lncRNA,0.0,0.0,0.0,0.0,0.05,0.08
AL772202.1,lncRNA,0.0,1.0,0.4,0.5,0.87,2.62
AL772307.1,lncRNA,1.06,1.44,0.45,1.75,1.32,0.85
AL772337.2,lncRNA,0.2,0.0,0.0,1.55,9.57,10.81
AL772363.1,lncRNA,2.85,9.67,5.84,6.71,22.91,19.72
AL773545.1,lncRNA,0.0,0.08,0.0,0.0,0.05,0.08
AL773573.1,lncRNA,0.26,0.88,2.79,7.71,26.0,25.51
AL805961.1,lncRNA,5.53,10.38,29.44,13.05,17.78,16.83
AL807740.1,lncRNA,0.08,0.14,2.24,0.0,0.95,0.76
AL807742.1,lncRNA,2.33,2.19,3.58,5.7,9.37,9.09
AL807752.2,lncRNA,0.04,0.0,1.5,0.0,0.0,0.57
AL807752.3,lncRNA,0.35,0.78,1.83,0.48,3.56,2.56
AL807752.4,lncRNA,0.0,1.0,0.11,0.0,1.52,2.74
AL807752.5,lncRNA,0.39,0.33,0.5,0.62,4.84,3.11
AL807757.1,lncRNA,0.86,0.17,0.0,0.0,0.79,0.48
AL807757.2,lncRNA,2.0,3.08,0.33,1.0,17.47,9.77
AL807761.4,lncRNA,0.81,0.29,4.14,1.35,8.62,8.64
AL807776.1,lncRNA,1.5,0.0,1.14,0.85,1.85,2.37
AL831711.1,lncRNA,83.42,25.21,257.92,78.23,86.56,134.43
AL844170.1,lncRNA,1.71,0.62,0.19,0.5,1.34,2.84
AL844175.1,lncRNA,0.0,0.12,0.0,0.0,0.19,0.67
AL844892.1,lncRNA,0.0,0.0,3.2,0.33,0.11,3.34
AL844892.2,lncRNA,2.57,10.51,4.41,1.61,19.67,17.11
AL844908.1,lncRNA,1.5,0.0,0.0,0.0,1.43,1.08
AL844908.2,lncRNA,0.0,2.12,0.0,0.0,3.08,1.08
AL845311.1,lncRNA,0.0,3.0,0.33,0.58,1.22,2.32
AL845552.2,lncRNA,0.57,0.44,0.24,0.87,2.65,3.37
AL928596.1,lncRNA,0.25,0.0,0.42,0.12,2.65,1.86
AL928654.1,lncRNA,1.67,2.03,2.16,4.18,8.73,5.85
AL928654.2,lncRNA,0.0,0.25,0.16,0.25,1.46,0.82
AL928921.1,lncRNA,0.6,0.58,1.69,0.5,3.63,3.42
AL929091.1,lncRNA,0.15,3.64,1.83,4.17,27.27,13.75
AL929236.1,lncRNA,0.1,0.0,0.08,0.0,1.25,0.43
AL929288.1,lncRNA,0.0,0.0,0.0,0.0,0.29,0.33
AL929472.2,lncRNA,0.1,0.5,0.0,0.11,0.64,0.24
AL929472.3,lncRNA,0.26,0.22,1.33,0.66,0.8,1.47
AL929601.1,lncRNA,1.17,0.33,1.73,0.63,3.14,5.11
AL929601.2,lncRNA,0.0,0.33,0.0,0.0,0.11,0.25
AL929601.3,lncRNA,11.9,19.24,19.51,27.42,140.8,156.4
AL935212.1,lncRNA,0.25,0.65,0.0,2.29,0.41,0.25
AL953883.1,lncRNA,0.0,0.09,0.0,0.64,1.24,0.5
AL954642.1,lncRNA,0.59,0.2,0.0,1.07,3.71,2.06
ALDH1L1-AS1,lncRNA,0.31,0.0,0.0,0.0,0.85,0.06
ALDH1L1-AS2,lncRNA,0.67,2.05,2.67,1.1,8.54,13.32
ALG13-AS1,lncRNA,1.0,0.0,0.0,0.0,0.0,0.0
ALG14-AS1,lncRNA,0.5,0.25,0.0,0.13,0.3,2.26
ALG1L9P,lncRNA,8.24,5.52,3.32,7.06,24.83,17.52
ALG9-IT1,lncRNA,0.0,0.0,0.2,0.17,0.08,0.56
ALKBH3-AS1,lncRNA,0.0,0.45,0.91,2.32,5.66,3.74
ALMS1-IT1,lncRNA,2.0,0.05,0.5,0.25,1.62,1.34
ALOX12-AS1,lncRNA,1.72,2.71,3.79,8.07,16.84,16.9
AMMECR1-IT1,lncRNA,0.0,1.67,0.0,0.0,0.0,0.0
ANAPC1P2,lncRNA,0.92,1.6,1.59,2.96,15.9,8.35
ANK2-AS1,lncRNA,0.4,0.0,0.98,3.12,7.27,7.63
ANK3-DT,lncRNA,0.33,2.0,0.0,0.0,0.0,0.0
ANKRD10-IT1,lncRNA,0.0,0.06,0.33,1.5,2.7,3.94
ANKRD33B-AS1,lncRNA,0.0,0.31,0.17,0.14,1.31,0.83
ANKRD34C-AS1,lncRNA,3.87,6.89,7.47,2.94,30.58,21.62
ANKRD44-AS1,lncRNA,0.09,0.0,0.0,5.0,2.17,1.89
ANKRD44-IT1,lncRNA,0.0,5.32,0.07,0.2,6.97,3.84
ANKRD62P1-PARP4P3,lncRNA,2.0,2.42,0.17,1.0,1.83,5.67
ANO1-AS1,lncRNA,0.25,0.0,0.75,0.17,1.05,2.36
ANO3-AS1,lncRNA,0.0,1.0,0.55,1.0,2.17,0.92
AOAH-IT1,lncRNA,0.2,0.0,0.11,0.0,4.66,2.24
AOX3P-AOX2P,lncRNA,0.41,0.31,0.17,3.32,3.97,2.07
AP000146.1,lncRNA,0.42,2.08,0.22,0.0,1.67,1.96
AP000221.1,lncRNA,0.06,0.17,1.39,0.28,5.66,3.41
AP000223.1,lncRNA,0.0,0.5,0.2,0.17,1.97,2.02
AP000224.1,lncRNA,5.94,5.8,4.31,14.7,5.57,4.25
AP000233.1,lncRNA,0.2,0.0,0.33,0.0,1.32,0.07
AP000233.2,lncRNA,0.0,0.0,0.04,1.0,0.75,1.32
AP000235.1,lncRNA,0.0,0.0,0.0,0.0,0.1,1.57
AP000238.1,lncRNA,0.0,0.0,0.0,0.07,0.38,0.05
AP000240.1,lncRNA,0.0,0.23,0.0,0.0,0.33,1.87
AP000248.1,lncRNA,6.67,6.9,3.11,5.55,16.61,14.66
AP000251.1,lncRNA,0.5,0.83,8.18,2.4,11.09,9.67
AP000253.1,lncRNA,5.73,4.71,6.51,5.68,23.49,18.72
AP000254.2,lncRNA,4.0,0.0,0.0,0.0,0.14,1.1
AP000255.1,lncRNA,0.0,1.0,0.6,2.67,0.82,4.73
AP000265.1,lncRNA,0.94,0.0,1.17,1.45,1.88,3.99
AP000281.2,lncRNA,0.0,0.0,0.0,0.0,0.45,1.0
AP000282.1,lncRNA,0.04,0.47,0.21,0.13,1.25,1.02
AP000289.1,lncRNA,13.91,5.77,12.98,7.85,34.81,28.3
AP000290.1,lncRNA,0.0,1.0,1.12,0.65,4.84,9.15
AP000302.1,lncRNA,0.33,0.0,0.62,1.0,0.72,1.14
AP000317.1,lncRNA,0.81,0.57,0.0,0.4,0.92,0.98
AP000317.2,lncRNA,0.5,0.5,0.68,0.05,1.93,1.68
AP000320.1,lncRNA,0.37,1.0,0.6,0.35,14.28,12.95
AP000322.1,lncRNA,0.17,0.5,0.0,0.0,0.37,0.73
AP000322.2,lncRNA,0.0,0.0,0.0,0.25,0.39,0.5
AP000331.1,lncRNA,2.1,2.93,5.03,0.06,5.69,1.91
AP000345.1,lncRNA,0.17,0.0,1.17,0.57,7.14,1.53
AP000345.2,lncRNA,2.36,0.0,0.2,1.33,9.65,8.3
AP000345.3,lncRNA,10.54,1.67,0.95,0.22,2.42,2.61
AP000346.1,lncRNA,0.76,1.29,0.8,5.0,1.64,2.06
AP000350.5,lncRNA,0.0,0.0,0.0,0.12,2.97,1.12
AP000350.6,lncRNA,5.94,6.74,4.65,5.16,24.84,31.12
AP000350.7,lncRNA,6.81,10.3,4.13,19.31,23.52,19.22
AP000355.1,lncRNA,9.62,20.97,13.99,11.64,2.55,7.41
AP000356.1,lncRNA,0.12,1.62,2.28,0.17,6.79,5.35
AP000356.2,lncRNA,1.74,2.82,2.29,3.99,8.23,8.21
AP000357.2,lncRNA,0.0,0.0,0.0,0.0,1.0,1.31
AP000365.1,lncRNA,0.5,1.0,0.17,0.14,3.84,4.8
AP000402.1,lncRNA,0.0,0.0,0.0,0.0,0.31,3.25
AP000424.1,lncRNA,1.42,4.77,0.64,4.67,12.23,14.9
AP000424.2,lncRNA,14.93,13.43,39.12,10.99,97.86,56.58
AP000426.1,lncRNA,0.05,0.0,0.67,0.5,0.91,1.54
AP000428.1,lncRNA,2.0,0.0,0.0,0.11,1.17,4.08
AP000428.2,lncRNA,0.67,0.83,7.79,4.13,21.85,13.58
AP000431.1,lncRNA,0.0,0.0,2.0,0.0,0.29,0.4
AP000431.2,lncRNA,0.0,0.46,0.0,0.07,1.0,0.14
AP000432.1,lncRNA,0.0,2.0,0.17,0.0,0.51,0.17
AP000438.1,lncRNA,0.92,0.0,0.0,0.0,1.57,4.6
AP000439.1,lncRNA,2.92,3.1,0.49,0.33,5.35,2.36
AP000439.2,lncRNA,3.62,8.88,5.65,4.64,9.82,6.7
AP000439.3,lncRNA,0.33,0.12,0.5,0.0,4.01,4.16
AP000442.1,lncRNA,0.42,1.18,5.04,0.45,5.24,4.26
AP000446.1,lncRNA,0.34,2.53,0.45,0.77,5.08,6.41
AP000459.1,lncRNA,0.0,0.12,0.22,0.06,1.29,0.14
AP000462.1,lncRNA,0.0,4.0,0.0,0.0,0.67,0.45
AP000462.2,lncRNA,0.83,2.25,1.58,0.0,1.57,4.31
AP000462.3,lncRNA,0.0,1.0,0.12,0.0,0.53,0.0
AP000465.1,lncRNA,0.33,0.0,0.0,1.17,0.14,0.55
AP000470.1,lncRNA,0.0,0.11,0.0,0.0,0.05,0.0
AP000472.1,lncRNA,0.0,2.07,0.67,0.0,0.0,0.79
AP000474.1,lncRNA,0.0,0.0,0.0,0.0,0.2,0.51
AP000474.2,lncRNA,0.33,0.56,0.62,0.0,2.98,2.54
AP000477.1,lncRNA,3.08,4.19,0.0,6.69,0.5,3.38
AP000477.2,lncRNA,1.0,0.0,0.0,0.0,1.85,1.99
AP000477.3,lncRNA,0.0,1.08,0.5,1.0,3.46,0.54
AP000487.1,lncRNA,6.14,2.5,4.03,4.71,19.2,27.42
AP000487.2,lncRNA,0.0,0.0,0.0,0.0,0.52,0.5
AP000525.1,lncRNA,0.2,0.17,0.0,0.44,0.6,0.15
AP000532.2,lncRNA,0.81,0.39,0.58,5.71,2.8,0.88
AP000534.1,lncRNA,0.0,0.49,0.74,0.0,1.36,0.08
AP000542.2,lncRNA,1.52,2.26,1.11,2.77,6.54,10.28
AP000542.3,lncRNA,1.16,4.07,1.18,3.92,4.69,3.76
AP000547.2,lncRNA,0.15,0.0,0.18,0.08,1.11,0.47
AP000547.3,lncRNA,11.98,6.63,2.37,4.42,6.68,8.02
AP000547.4,lncRNA,0.33,0.42,0.0,0.37,0.21,0.86
AP000550.1,lncRNA,1.3,4.21,3.44,3.76,8.52,10.02
AP000550.2,lncRNA,0.1,0.33,0.0,0.31,0.09,0.23
AP000552.2,lncRNA,0.1,0.33,0.0,0.31,0.09,0.23
AP000553.1,lncRNA,225.17,67.5,117.36,95.93,104.12,61.9
AP000553.2,lncRNA,0.0,0.92,0.0,1.0,1.54,1.98
AP000553.3,lncRNA,0.0,0.0,1.0,0.0,1.06,0.0
AP000553.8,lncRNA,0.88,0.09,0.25,0.0,2.67,0.28
AP000553.9,lncRNA,4.5,1.25,24.48,2.12,147.41,176.38
AP000561.1,lncRNA,2.09,0.25,0.0,0.64,2.47,2.04
AP000569.1,lncRNA,0.73,0.43,0.0,0.27,3.16,6.17
AP000593.3,lncRNA,0.17,0.49,0.83,0.67,5.2,5.16
AP000593.4,lncRNA,0.12,0.0,0.0,0.0,0.47,0.25
AP000640.1,lncRNA,0.47,0.67,3.9,0.54,22.7,26.66
AP000640.2,lncRNA,0.14,0.88,0.8,0.83,5.66,3.2
AP000648.9,lncRNA,0.0,1.58,1.11,0.18,2.12,3.1
AP000654.1,lncRNA,0.0,0.0,0.16,0.0,0.17,0.0
AP000662.1,lncRNA,8.64,3.13,10.18,3.2,22.9,17.54
AP000676.5,lncRNA,0.08,0.15,1.11,2.38,0.9,1.92
AP000679.1,lncRNA,9.2,24.47,38.6,28.21,210.91,111.76
AP000688.1,lncRNA,1.31,0.35,0.73,1.7,3.76,6.5
AP000688.2,lncRNA,0.34,1.51,2.24,0.45,2.99,1.44
AP000688.3,lncRNA,0.0,0.0,0.0,0.5,0.0,0.0
AP000692.1,lncRNA,0.0,0.0,0.0,0.03,0.34,1.0
AP000692.2,lncRNA,0.65,10.78,17.78,2.04,11.98,9.65
AP000695.1,lncRNA,1.1,0.0,0.45,0.2,3.71,2.05
AP000695.2,lncRNA,0.07,0.62,1.08,1.33,6.08,10.28
AP000696.1,lncRNA,0.56,0.75,0.0,0.49,3.72,0.6
AP000696.2,lncRNA,0.0,1.0,0.53,0.67,2.03,2.48
AP000696.3,lncRNA,1.21,0.0,0.94,1.32,3.75,1.99
AP000697.1,lncRNA,1.0,0.33,1.49,0.4,2.46,1.69
AP000704.1,lncRNA,1.88,7.78,2.63,9.6,28.16,21.65
AP000708.1,lncRNA,6.59,4.7,4.51,8.41,10.14,9.72
AP000721.2,lncRNA,1.75,1.46,4.94,7.49,9.68,17.6
AP000722.1,lncRNA,0.0,1.0,0.08,0.0,0.66,0.0
AP000753.1,lncRNA,1.42,7.47,7.23,0.0,31.88,36.79
AP000753.2,lncRNA,0.0,0.0,0.0,0.0,0.05,0.06
AP000755.1,lncRNA,0.48,0.05,0.62,0.14,0.08,0.27
AP000755.2,lncRNA,0.0,0.0,0.0,0.0,0.17,0.0
AP000757.1,lncRNA,3.97,0.91,2.28,4.07,6.65,4.48
AP000757.2,lncRNA,0.0,0.31,0.0,1.21,0.27,0.11
AP000759.1,lncRNA,0.31,1.75,38.14,0.0,6.5,4.53
AP000763.3,lncRNA,0.04,0.0,0.25,0.0,1.0,0.0
AP000763.4,lncRNA,0.0,0.17,0.0,0.55,0.12,0.48
AP000766.1,lncRNA,0.08,3.92,1.46,6.5,6.21,11.19
AP000769.2,lncRNA,0.22,0.0,0.0,0.07,0.24,1.29
AP000769.6,lncRNA,0.5,0.0,0.75,0.05,0.92,0.34
AP000777.1,lncRNA,0.0,0.08,0.0,0.0,0.45,0.17
AP000777.2,lncRNA,0.17,0.88,1.99,0.0,2.75,3.02
AP000777.3,lncRNA,0.0,0.32,2.33,0.0,3.07,1.41
AP000779.1,lncRNA,0.12,1.0,0.07,0.2,2.62,2.71
AP000781.1,lncRNA,0.2,1.0,0.0,0.0,0.0,0.0
AP000785.1,lncRNA,0.33,1.1,1.54,2.0,18.83,5.1
AP000786.1,lncRNA,0.0,1.12,1.25,0.0,0.75,3.83
AP000787.1,lncRNA,5.35,5.66,14.32,4.82,92.87,82.21
AP000790.1,lncRNA,0.0,0.1,0.0,0.5,1.12,0.64
AP000793.1,lncRNA,0.0,0.0,0.11,1.0,0.33,0.71
AP000802.1,lncRNA,6.91,4.92,3.48,6.55,25.02,20.09
AP000808.1,lncRNA,0.09,0.11,0.37,0.87,2.91,4.07
AP000812.1,lncRNA,0.0,0.34,0.33,0.2,0.59,0.7
AP000813.1,lncRNA,0.81,10.66,4.4,8.18,10.42,7.86
AP000820.1,lncRNA,0.11,0.22,0.38,0.65,1.53,1.82
AP000820.2,lncRNA,0.0,0.12,0.0,0.0,0.63,0.87
AP000821.1,lncRNA,4.18,1.54,0.53,3.47,13.49,16.27
AP000821.2,lncRNA,19.57,21.13,36.16,35.78,186.36,191.46
AP000829.1,lncRNA,0.83,0.83,0.1,0.27,5.17,1.81
AP000842.1,lncRNA,1.0,0.2,0.0,1.5,0.0,0.0
AP000842.2,lncRNA,0.0,1.0,0.0,3.09,1.33,2.35
AP000842.3,lncRNA,0.0,0.96,1.07,0.08,3.2,2.68
AP000844.1,lncRNA,0.29,0.0,1.33,0.0,4.3,5.2
AP000844.2,lncRNA,0.0,0.39,0.0,0.0,0.64,0.81
AP000845.1,lncRNA,0.93,1.51,1.39,6.03,10.27,7.24
AP000851.1,lncRNA,0.05,0.08,0.17,0.5,3.27,0.53
AP000851.2,lncRNA,0.5,0.0,0.17,0.0,1.71,0.5
AP000855.1,lncRNA,0.07,2.04,1.8,0.87,6.95,2.89
AP000857.2,lncRNA,0.0,0.0,0.0,0.0,0.0,0.12
AP000864.1,lncRNA,0.55,1.5,0.0,0.43,1.08,1.13
AP000866.1,lncRNA,7.62,16.59,30.81,24.29,42.59,59.9
AP000866.2,lncRNA,3.71,8.63,1.1,4.82,11.58,6.84
AP000866.5,lncRNA,2.0,3.56,0.7,3.79,2.54,4.84
AP000866.6,lncRNA,0.61,1.11,3.47,2.83,34.09,30.2
AP000867.5,lncRNA,0.0,0.0,0.0,2.12,0.1,0.2
AP000873.1,lncRNA,1.39,8.1,2.97,7.71,18.81,21.49
AP000873.2,lncRNA,0.61,0.37,0.76,1.08,25.74,16.34
AP000873.3,lncRNA,3.14,0.71,0.2,4.0,3.03,4.03
AP000879.1,lncRNA,1.24,4.07,12.94,8.85,106.67,79.23
AP000879.2,lncRNA,1.0,0.5,0.0,1.0,1.57,0.55
AP000880.1,lncRNA,0.0,2.0,0.91,7.5,4.82,8.24
AP000892.1,lncRNA,0.58,1.0,0.1,0.2,3.24,3.3
AP000892.3,lncRNA,0.0,0.33,0.37,1.0,2.13,1.87
AP000893.2,lncRNA,3.0,2.73,0.0,6.2,1.0,1.0
AP000894.2,lncRNA,6.19,6.54,4.68,5.62,50.68,43.59
AP000894.3,lncRNA,0.0,0.42,0.0,0.0,1.56,1.56
AP000894.4,lncRNA,0.75,0.0,0.0,0.0,3.81,3.5
AP000897.1,lncRNA,3.62,1.58,0.57,0.5,6.04,3.92
AP000897.2,lncRNA,1.39,1.44,1.28,1.26,7.1,6.93
AP000907.2,lncRNA,2.0,1.0,0.0,6.0,0.32,3.0
AP000911.1,lncRNA,2.07,5.3,4.45,2.25,4.17,2.3
AP000915.1,lncRNA,0.17,0.1,0.31,1.0,0.52,0.41
AP000915.2,lncRNA,3.12,0.21,0.0,0.12,0.25,2.7
AP000919.1,lncRNA,1.61,6.73,1.09,1.6,17.51,16.27
AP000919.2,lncRNA,0.33,0.11,0.92,0.67,1.5,0.39
AP000919.3,lncRNA,0.25,0.5,0.12,0.36,0.74,2.4
AP000926.2,lncRNA,0.0,0.71,0.11,1.59,3.76,2.81
AP000936.1,lncRNA,0.0,0.5,0.0,0.0,1.17,0.47
AP000941.1,lncRNA,0.1,0.0,4.28,0.25,0.55,1.67
AP000942.2,lncRNA,0.0,0.5,0.0,0.0,0.04,0.57
AP000942.5,lncRNA,2.09,3.04,0.24,0.16,7.8,10.43
AP000943.1,lncRNA,0.0,0.5,0.33,0.0,1.39,2.14
AP000943.2,lncRNA,1.06,3.31,5.56,3.71,5.54,9.72
AP000944.1,lncRNA,1.0,0.0,0.32,1.39,1.22,1.86
AP000944.6,lncRNA,1.17,0.33,1.67,0.45,7.39,5.17
AP000944.7,lncRNA,1.25,1.12,0.35,2.06,1.35,3.29
AP000959.1,lncRNA,0.2,0.0,0.33,4.0,1.32,0.94
AP000961.1,lncRNA,0.61,3.82,0.14,0.0,1.8,1.56
AP000962.1,lncRNA,0.0,0.14,0.0,0.0,0.5,0.24
AP000962.3,lncRNA,0.67,0.0,0.0,0.0,0.5,0.0
AP000977.1,lncRNA,2.7,2.94,1.98,1.69,8.76,10.96
AP000997.2,lncRNA,0.2,0.66,0.7,3.12,1.1,0.38
AP000997.3,lncRNA,4.38,10.61,35.3,92.78,93.1,25.56
AP001001.1,lncRNA,1.25,1.17,1.0,0.5,0.55,0.5
AP001005.3,lncRNA,0.31,0.25,0.81,0.4,1.55,1.38
AP001007.1,lncRNA,0.33,0.0,0.0,1.39,0.0,0.8
AP001007.2,lncRNA,0.0,0.58,1.09,0.25,4.38,1.97
AP001007.3,lncRNA,1.0,1.05,0.33,0.17,0.0,0.0
AP001010.1,lncRNA,0.14,0.2,0.0,0.0,0.52,1.12
AP001011.1,lncRNA,1.0,0.05,0.17,4.61,0.45,1.12
AP001020.1,lncRNA,0.27,0.07,0.45,0.77,1.98,3.44
AP001020.2,lncRNA,0.52,2.74,0.68,1.08,4.24,7.59
AP001020.3,lncRNA,0.0,0.28,0.06,0.09,1.26,1.02
AP001021.1,lncRNA,0.67,3.38,0.87,5.33,7.4,8.24
AP001021.2,lncRNA,0.0,0.0,0.0,0.0,1.92,0.67
AP001021.3,lncRNA,0.7,6.1,1.67,2.46,8.43,8.24
AP001025.1,lncRNA,0.2,3.12,1.23,1.33,11.32,9.71
AP001029.1,lncRNA,0.74,3.29,0.74,3.1,0.32,0.41
AP001029.2,lncRNA,1.68,1.72,0.72,7.71,2.62,3.68
AP001033.1,lncRNA,2.32,1.9,0.54,5.79,5.66,5.99
AP001033.2,lncRNA,0.0,0.0,1.0,0.09,1.38,1.2
AP001033.3,lncRNA,0.08,1.0,0.67,0.14,6.22,2.56
AP001037.1,lncRNA,0.0,0.33,0.14,0.0,1.81,1.83
AP001042.1,lncRNA,6.21,13.49,10.2,12.94,36.28,32.34
AP001042.2,lncRNA,0.0,0.0,0.38,0.0,1.56,4.13
AP001042.3,lncRNA,1.25,0.79,0.0,0.11,0.44,1.61
AP001043.1,lncRNA,0.37,0.0,1.09,0.33,1.33,0.54
AP001046.1,lncRNA,1.22,5.34,2.15,5.3,18.76,14.41
AP001048.1,lncRNA,0.0,0.04,0.07,0.0,0.0,0.68
AP001053.1,lncRNA,0.5,0.0,1.5,0.0,1.68,1.39
AP001056.1,lncRNA,0.55,1.4,0.35,0.5,9.84,5.54
AP001056.2,lncRNA,5.14,6.83,11.33,7.7,27.98,20.56
AP001057.1,lncRNA,1.9,1.3,1.13,2.16,6.24,7.74
AP001059.1,lncRNA,0.11,0.1,0.21,0.06,0.23,0.0
AP001059.2,lncRNA,0.0,0.4,0.0,0.2,1.17,1.25
AP001062.1,lncRNA,12.63,9.95,5.92,6.84,17.26,11.53
AP001062.2,lncRNA,0.33,0.0,0.0,0.0,2.22,1.97
AP001062.3,lncRNA,0.16,0.5,0.69,1.0,0.56,2.53
AP001063.1,lncRNA,0.0,0.0,0.14,0.0,1.62,1.33
AP001065.3,lncRNA,0.31,0.0,0.0,0.5,0.68,1.51
AP001065.4,lncRNA,0.0,0.06,0.5,0.0,1.87,1.23
AP001066.1,lncRNA,5.26,5.77,10.92,13.01,25.65,33.05
AP001085.1,lncRNA,0.07,2.27,0.21,0.62,1.06,4.66
AP001094.1,lncRNA,0.0,0.0,0.0,0.0,0.07,0.92
AP001094.2,lncRNA,0.33,3.42,3.26,3.4,22.0,12.97
AP001094.3,lncRNA,0.25,1.09,0.5,2.0,1.07,2.87
AP001095.1,lncRNA,0.67,0.25,2.2,0.62,2.47,1.36
AP001099.1,lncRNA,0.0,0.0,0.0,2.33,3.58,3.24
AP001107.1,lncRNA,3.94,7.22,2.56,18.85,8.6,9.88
AP001107.2,lncRNA,4.16,4.58,0.78,1.25,1.44,2.3
AP001107.3,lncRNA,1.33,0.39,0.57,1.7,4.08,5.46
AP001107.4,lncRNA,0.31,0.51,3.33,1.63,70.51,71.49
AP001107.5,lncRNA,3.1,1.78,3.57,3.68,6.46,6.76
AP001107.6,lncRNA,0.31,0.96,1.81,1.96,1.9,1.84
AP001107.7,lncRNA,2.35,0.2,1.55,0.98,77.92,62.02
AP001107.8,lncRNA,0.33,0.06,0.69,0.1,2.57,0.78
AP001107.9,lncRNA,4.94,14.09,1.07,8.71,4.2,12.72
AP001109.1,lncRNA,0.0,0.0,0.0,1.0,0.2,1.0
AP001116.1,lncRNA,0.1,0.0,0.0,0.0,0.35,0.57
AP001117.1,lncRNA,0.0,0.5,0.6,0.5,0.74,0.0
AP001120.1,lncRNA,0.19,5.78,0.72,4.53,6.04,11.67
AP001120.2,lncRNA,0.0,0.0,0.0,0.14,0.0,0.0
AP001120.5,lncRNA,1.63,2.72,2.88,2.1,8.88,4.49
AP001122.1,lncRNA,3.07,8.19,4.82,1.25,20.54,17.73
AP001136.1,lncRNA,0.0,0.43,0.2,0.5,2.98,3.47
AP001150.1,lncRNA,0.99,0.77,1.31,3.71,7.12,4.66
AP001160.1,lncRNA,0.36,1.44,0.15,0.04,2.77,1.15
AP001160.2,lncRNA,0.79,0.3,0.52,0.2,1.71,0.95
AP001160.3,lncRNA,0.06,0.14,0.25,0.7,1.79,2.7
AP001160.4,lncRNA,0.25,0.0,0.0,0.5,0.0,0.29
AP001172.1,lncRNA,0.96,0.67,1.08,0.58,1.4,0.92
AP001172.2,lncRNA,0.0,0.52,0.26,3.0,3.79,0.0
AP001178.1,lncRNA,0.05,0.0,1.0,0.0,0.8,1.1
AP001178.2,lncRNA,0.1,0.04,0.14,0.6,0.45,0.47
AP001178.3,lncRNA,0.75,0.28,0.53,1.72,1.53,2.69
AP001178.4,lncRNA,0.34,1.7,0.25,3.42,6.38,5.68
AP001180.1,lncRNA,1.31,3.09,2.05,1.61,17.23,26.58
AP001180.2,lncRNA,0.0,0.12,0.0,0.5,0.44,0.33
AP001180.4,lncRNA,2.53,0.3,1.39,0.72,2.45,1.41
AP001189.1,lncRNA,6.08,4.54,2.22,11.84,7.03,5.27
AP001189.3,lncRNA,0.0,0.0,0.07,0.5,2.75,4.38
AP001189.4,lncRNA,0.0,0.0,0.0,0.0,0.34,0.28
AP001189.5,lncRNA,0.09,1.25,0.5,1.25,1.48,0.53
AP001198.1,lncRNA,0.28,0.55,0.3,5.71,1.21,1.62
AP001198.2,lncRNA,0.0,0.33,0.64,0.0,1.35,1.79
AP001205.1,lncRNA,0.0,0.0,0.0,0.0,1.54,0.42
AP001207.3,lncRNA,0.0,0.15,0.0,0.0,0.28,0.29
AP001208.1,lncRNA,1.07,0.0,0.0,0.0,2.88,3.76
AP001255.1,lncRNA,0.33,0.28,0.0,0.38,0.08,1.75
AP001266.1,lncRNA,0.0,0.0,0.25,0.0,1.46,0.92
AP001266.2,lncRNA,3.17,1.0,0.06,0.0,2.46,1.84
AP001267.1,lncRNA,3.24,1.76,1.24,1.25,10.85,7.69
AP001267.2,lncRNA,0.81,3.04,3.32,3.79,7.3,13.21
AP001267.3,lncRNA,5.91,6.25,13.92,33.59,34.46,38.88
AP001267.4,lncRNA,0.0,0.0,0.0,0.0,0.62,0.0
AP001269.1,lncRNA,0.0,0.33,0.5,1.0,0.68,0.41
AP001269.2,lncRNA,0.0,0.0,0.07,0.0,0.67,1.12
AP001269.4,lncRNA,1.3,1.39,0.85,2.58,3.43,3.98
AP001271.1,lncRNA,1.0,0.33,0.25,0.11,4.14,5.0
AP001318.1,lncRNA,0.35,0.0,0.27,0.25,2.99,2.48
AP001318.2,lncRNA,0.17,0.0,0.1,0.33,1.73,0.73
AP001330.1,lncRNA,0.0,0.0,0.0,1.0,0.17,0.0
AP001330.4,lncRNA,0.0,0.0,0.0,0.0,0.0,1.0
AP001330.5,lncRNA,0.62,0.55,2.31,0.71,6.06,10.11
AP001341.1,lncRNA,2.15,0.79,2.21,0.59,1.2,2.78
AP001347.1,lncRNA,1.38,0.41,0.59,0.97,2.94,3.82
AP001350.1,lncRNA,2.0,2.85,0.89,0.22,0.61,4.62
AP001360.1,lncRNA,6.48,0.91,5.15,8.22,10.23,18.77
AP001360.2,lncRNA,2.58,2.1,1.82,1.37,14.72,8.2
AP001360.3,lncRNA,0.0,0.06,1.32,0.0,1.55,2.73
AP001363.1,lncRNA,1.06,3.5,0.06,13.06,0.17,3.27
AP001363.2,lncRNA,0.67,0.18,1.46,0.31,6.01,4.47
AP001372.1,lncRNA,4.32,5.32,2.83,3.5,8.76,7.0
AP001372.2,lncRNA,2.34,3.21,5.39,4.11,9.99,4.63
AP001372.3,lncRNA,0.0,0.21,0.25,0.03,1.78,0.52
AP001381.1,lncRNA,0.2,0.0,0.0,0.0,0.12,1.17
AP001407.1,lncRNA,0.33,9.05,12.19,9.31,4.18,4.71
AP001412.1,lncRNA,1.09,0.08,0.68,0.16,6.75,5.79
AP001429.1,lncRNA,0.0,0.0,0.5,0.0,1.26,0.4
AP001432.1,lncRNA,0.06,0.62,0.2,0.0,0.99,0.93
AP001434.1,lncRNA,0.0,0.64,0.0,0.1,0.75,1.36
AP001437.1,lncRNA,0.54,0.66,0.26,0.0,0.74,1.94
AP001437.2,lncRNA,0.25,14.9,0.56,5.49,6.09,12.63
AP001439.1,lncRNA,0.58,4.33,4.49,0.21,110.57,226.82
AP001442.1,lncRNA,5.7,2.82,6.39,2.62,11.86,11.27
AP001453.1,lncRNA,13.95,20.46,5.03,6.0,25.39,52.66
AP001453.2,lncRNA,2.43,0.53,3.46,0.5,10.24,7.65
AP001458.1,lncRNA,0.0,0.0,0.0,0.0,0.0,0.22
AP001462.1,lncRNA,0.12,0.45,1.27,4.43,4.48,5.97
AP001464.1,lncRNA,0.0,0.0,0.0,0.0,0.0,0.25
AP001468.1,lncRNA,0.08,0.0,1.7,0.55,2.94,0.83
AP001469.1,lncRNA,0.05,0.2,0.14,0.74,4.79,3.14
AP001469.2,lncRNA,0.0,0.56,0.53,0.0,0.34,0.0
AP001469.3,lncRNA,0.39,1.24,0.32,7.67,0.49,1.72
AP001471.1,lncRNA,0.0,0.0,0.07,0.0,1.01,1.25
AP001476.1,lncRNA,3.54,1.39,11.36,4.24,25.58,13.34
AP001476.2,lncRNA,1.02,0.0,0.0,1.06,0.77,3.14
AP001476.3,lncRNA,0.08,0.0,2.0,0.47,0.62,0.27
AP001486.2,lncRNA,0.11,1.01,0.84,0.6,2.54,2.4
AP001496.1,lncRNA,2.0,3.11,0.0,1.0,1.73,0.2
AP001496.2,lncRNA,1.08,1.94,1.41,0.43,9.21,7.29
AP001496.4,lncRNA,2.6,0.77,1.52,1.83,4.05,5.79
AP001505.1,lncRNA,0.2,0.25,0.32,0.08,0.2,0.75
AP001527.1,lncRNA,1.5,2.0,1.0,0.17,2.69,3.19
AP001527.2,lncRNA,0.49,2.06,1.97,2.5,5.08,6.97
AP001528.1,lncRNA,0.53,0.0,0.29,0.0,3.61,2.55
AP001531.1,lncRNA,0.12,2.22,0.67,2.54,1.89,6.8
AP001542.3,lncRNA,0.5,0.0,0.0,0.0,0.62,0.58
AP001547.1,lncRNA,1.0,0.0,0.07,0.12,0.1,2.0
AP001554.1,lncRNA,0.0,1.0,0.14,0.0,0.43,0.6
AP001574.1,lncRNA,0.0,0.0,0.0,0.0,0.0,0.53
AP001591.1,lncRNA,0.25,0.0,0.62,0.0,1.55,0.17
AP001595.1,lncRNA,0.45,0.0,0.2,0.0,0.5,2.93
AP001595.2,lncRNA,0.0,0.0,0.0,0.12,1.31,0.12
AP001596.1,lncRNA,0.0,0.11,0.67,0.07,1.61,4.26
AP001596.2,lncRNA,0.0,0.0,0.23,2.0,0.33,1.52
AP001599.1,lncRNA,0.0,0.0,0.0,3.0,2.2,1.0
AP001604.1,lncRNA,0.39,0.13,0.09,2.0,0.4,0.6
AP001605.1,lncRNA,0.09,0.48,0.08,1.08,5.53,1.86
AP001610.2,lncRNA,0.5,2.1,2.25,1.24,2.38,4.86
AP001610.3,lncRNA,0.1,0.2,0.2,0.0,1.61,0.84
AP001615.1,lncRNA,3.67,0.93,6.95,1.75,1.14,1.66
AP001619.1,lncRNA,1.2,1.43,0.33,1.0,0.44,4.68
AP001619.2,lncRNA,0.44,0.85,0.4,0.06,0.2,0.26
AP001625.1,lncRNA,0.0,0.11,0.33,1.0,3.56,5.51
AP001625.2,lncRNA,0.0,0.2,1.04,1.28,4.21,2.74
AP001625.3,lncRNA,0.0,0.0,0.37,0.24,1.65,1.32
AP001626.1,lncRNA,1.52,1.46,1.27,3.68,12.95,12.45
AP001628.1,lncRNA,0.42,0.17,1.96,0.0,4.18,3.95
AP001628.2,lncRNA,0.42,0.27,0.38,4.66,4.78,4.1
AP001630.1,lncRNA,0.0,0.0,0.17,0.2,5.61,3.84
AP001631.1,lncRNA,0.59,2.54,1.81,2.01,5.86,4.24
AP001631.2,lncRNA,0.0,1.0,0.2,0.0,2.73,3.17
AP001636.3,lncRNA,3.26,12.96,6.55,3.06,10.95,7.71
AP001652.1,lncRNA,0.0,0.0,1.0,0.17,2.52,1.73
AP001767.2,lncRNA,0.29,2.33,1.12,0.14,4.39,3.33
AP001775.2,lncRNA,0.0,1.1,0.0,1.49,0.06,1.51
AP001781.1,lncRNA,2.0,1.0,0.0,0.0,0.65,2.44
AP001783.1,lncRNA,0.25,0.0,0.1,0.0,0.33,0.33
AP001790.1,lncRNA,0.47,1.34,0.08,0.0,6.14,0.39
AP001793.1,lncRNA,1.9,4.31,2.58,2.08,2.91,3.01
AP001804.1,lncRNA,3.31,1.33,1.96,2.03,11.64,8.86
AP001825.1,lncRNA,0.0,0.07,0.0,0.07,0.8,0.98
AP001830.1,lncRNA,0.5,3.2,0.1,0.58,3.26,3.59
AP001830.2,lncRNA,0.0,0.0,0.0,1.0,0.98,0.25
AP001831.1,lncRNA,0.0,0.0,0.5,0.0,0.39,0.74
AP001885.2,lncRNA,1.63,2.11,0.4,2.27,14.35,22.11
AP001885.3,lncRNA,1.79,1.0,2.58,3.76,12.41,18.03
AP001893.1,lncRNA,0.04,0.33,0.0,0.0,0.24,0.5
AP001893.3,lncRNA,0.67,0.0,2.0,0.11,2.58,1.86
AP001922.1,lncRNA,1.64,0.0,4.1,0.5,4.57,4.15
AP001922.2,lncRNA,0.0,0.0,0.06,0.0,0.0,0.5
AP001922.3,lncRNA,0.5,1.0,0.25,0.2,2.58,3.94
AP001922.5,lncRNA,0.0,0.0,0.88,1.9,3.72,1.8
AP001922.6,lncRNA,0.38,0.0,0.0,0.0,1.62,0.78
AP001924.1,lncRNA,0.0,0.0,0.0,0.94,5.5,0.84
AP001924.2,lncRNA,0.96,4.77,0.78,2.57,1.57,0.87
AP001961.1,lncRNA,0.0,0.0,0.0,0.0,1.53,0.1
AP001970.1,lncRNA,0.67,0.56,0.92,1.45,1.79,1.73
AP001972.1,lncRNA,1.35,0.0,0.06,0.21,0.3,0.69
AP001972.2,lncRNA,0.0,0.12,0.0,0.0,0.0,0.0
AP001972.3,lncRNA,2.87,3.73,2.63,3.69,16.8,7.67
AP001972.4,lncRNA,2.87,2.0,0.25,0.07,0.54,1.31
AP001977.1,lncRNA,4.65,0.8,3.2,2.68,6.3,12.6
AP001978.1,lncRNA,4.0,4.14,0.0,2.0,2.33,4.08
AP001981.2,lncRNA,7.08,3.02,0.33,0.5,20.38,19.95
AP001992.2,lncRNA,1.19,0.81,5.81,3.64,12.62,7.45
AP001993.1,lncRNA,3.38,17.17,11.05,19.04,45.53,53.14
AP001994.2,lncRNA,0.0,0.0,0.0,0.2,1.14,2.1
AP001994.3,lncRNA,1.0,0.17,0.0,1.0,1.79,0.84
AP001999.1,lncRNA,0.31,1.17,0.0,0.0,0.0,0.11
AP001999.2,lncRNA,0.7,0.67,1.38,4.73,5.38,2.38
AP001999.3,lncRNA,0.0,0.0,0.33,0.0,1.73,2.09
AP002001.3,lncRNA,0.0,1.0,0.0,0.1,3.28,4.28
AP002008.1,lncRNA,0.0,0.68,0.45,1.31,5.27,4.54
AP002008.3,lncRNA,0.48,1.33,1.25,3.0,7.05,4.7
AP002008.4,lncRNA,0.17,0.0,2.33,0.31,7.08,3.49
AP002026.1,lncRNA,4.81,4.35,9.05,4.03,14.97,12.3
AP002075.1,lncRNA,0.0,0.0,0.33,0.0,0.6,0.58
AP002336.1,lncRNA,0.0,0.0,0.0,0.07,2.96,2.24
AP002336.2,lncRNA,0.0,0.0,0.0,0.0,0.11,0.37
AP002336.3,lncRNA,0.0,1.5,0.0,0.0,0.2,6.28
AP002340.1,lncRNA,0.0,0.0,0.0,1.0,0.3,0.0
AP002358.1,lncRNA,0.0,5.43,9.36,4.31,20.1,17.72
AP002360.1,lncRNA,1.23,0.0,0.95,2.32,3.68,4.09
AP002381.2,lncRNA,0.93,0.9,1.32,1.92,17.82,21.79
AP002383.2,lncRNA,0.29,0.4,0.25,0.75,0.76,1.21
AP002387.1,lncRNA,0.73,1.08,2.25,0.34,2.73,2.28
AP002409.1,lncRNA,1.0,0.84,0.06,3.26,5.19,2.65
AP002414.5,lncRNA,1.0,0.0,0.06,0.0,0.46,0.2
AP002428.1,lncRNA,0.0,1.0,0.0,0.0,0.31,0.5
AP002433.1,lncRNA,2.73,1.32,5.27,1.76,6.64,6.26
AP002433.2,lncRNA,0.08,0.11,0.05,0.0,0.57,0.15
AP002439.1,lncRNA,1.0,0.11,0.66,0.2,0.31,0.47
AP002448.1,lncRNA,2.05,0.2,6.79,3.7,5.46,5.64
AP002449.1,lncRNA,0.23,0.0,0.0,0.59,2.42,4.75
AP002478.1,lncRNA,16.6,9.03,1.86,3.7,26.03,23.71
AP002478.2,lncRNA,0.62,0.6,0.71,1.99,23.42,27.37
AP002490.1,lncRNA,1.28,2.06,3.67,1.87,9.65,15.71
AP002498.1,lncRNA,0.25,0.0,1.0,0.0,0.17,1.07
AP002505.1,lncRNA,0.5,0.0,0.0,0.5,0.0,0.0
AP002505.3,lncRNA,0.95,0.0,0.0,0.67,0.5,1.39
AP002518.1,lncRNA,1.12,6.33,2.7,17.57,3.88,8.11
AP002518.2,lncRNA,1.2,0.34,0.0,0.5,0.39,1.51
AP002528.1,lncRNA,2.0,0.71,1.5,0.08,4.96,0.67
AP002748.2,lncRNA,0.33,0.0,0.2,0.34,7.41,4.08
AP002748.4,lncRNA,1.71,3.16,6.4,1.13,27.99,24.58
AP002748.6,lncRNA,0.74,0.17,1.62,0.62,5.03,4.4
AP002754.1,lncRNA,3.68,2.15,2.9,6.87,19.66,17.8
AP002754.2,lncRNA,0.0,1.5,0.81,0.17,2.53,1.43
AP002755.1,lncRNA,1.21,2.02,0.68,3.98,11.23,6.97
AP002761.1,lncRNA,1.0,0.27,0.0,0.0,0.0,0.5
AP002761.2,lncRNA,0.0,0.0,0.17,1.06,2.43,1.46
AP002761.3,lncRNA,0.98,8.01,5.29,7.54,18.27,16.04
AP002761.4,lncRNA,0.58,0.87,0.48,2.11,4.4,5.42
AP002762.2,lncRNA,2.48,2.85,1.5,7.1,7.11,3.22
AP002762.3,lncRNA,0.0,0.32,1.09,1.5,1.51,4.79
AP002765.1,lncRNA,7.7,6.11,0.53,2.53,0.77,3.06
AP002768.1,lncRNA,0.0,0.0,0.0,0.5,0.0,0.81
AP002770.1,lncRNA,0.19,0.43,0.14,0.73,2.93,1.17
AP002784.1,lncRNA,1.35,5.35,3.78,3.45,20.43,12.39
AP002793.1,lncRNA,0.33,0.0,0.11,0.0,0.14,0.45
AP002802.1,lncRNA,0.09,0.0,0.0,0.0,0.2,0.17
AP002807.1,lncRNA,0.07,0.68,0.7,2.0,2.03,4.54
AP002812.2,lncRNA,0.0,0.0,0.0,0.14,1.21,0.06
AP002812.3,lncRNA,0.0,0.2,0.0,0.25,1.22,1.28
AP002812.5,lncRNA,0.9,1.06,1.19,1.5,0.29,2.28
AP002813.1,lncRNA,0.17,0.96,0.58,1.5,3.12,3.97
AP002815.1,lncRNA,0.0,0.0,0.0,0.0,2.65,4.2
AP002833.1,lncRNA,0.0,0.0,0.25,0.17,0.84,2.18
AP002833.2,lncRNA,0.33,0.63,0.0,0.07,0.79,0.33
AP002840.1,lncRNA,0.0,0.05,0.0,0.39,1.29,0.65
AP002840.2,lncRNA,0.0,2.56,0.5,0.83,2.12,0.77
AP002851.1,lncRNA,11.11,3.99,5.83,3.06,8.65,7.92
AP002852.1,lncRNA,1.5,4.0,0.66,2.0,3.69,5.75
AP002856.1,lncRNA,0.27,0.44,0.0,0.0,1.49,0.79
AP002856.2,lncRNA,1.34,1.5,0.5,0.65,5.33,2.99
AP002856.3,lncRNA,0.07,0.0,0.5,0.0,0.17,1.41
AP002856.4,lncRNA,0.25,0.0,3.13,0.0,6.14,7.98
AP002884.1,lncRNA,0.0,0.0,0.0,0.33,0.14,0.81
AP002884.3,lncRNA,0.32,0.0,0.12,0.2,3.23,0.31
AP002892.1,lncRNA,0.0,0.33,0.0,3.33,1.51,0.98
AP002892.2,lncRNA,0.0,0.25,0.33,1.23,0.1,0.42
AP002893.1,lncRNA,1.72,1.59,1.2,3.18,4.39,2.42
AP002907.1,lncRNA,0.0,8.33,3.1,1.48,0.86,2.09
AP002954.1,lncRNA,4.67,11.0,2.16,3.5,3.27,4.54
AP002954.2,lncRNA,1.17,4.79,4.67,1.3,19.0,23.06
AP002957.1,lncRNA,0.28,0.32,0.61,3.3,3.01,6.29
AP002961.1,lncRNA,0.0,0.25,0.33,0.87,0.14,0.0
AP002982.2,lncRNA,1.64,0.2,0.14,0.0,2.78,0.4
AP002985.1,lncRNA,0.32,1.51,1.51,0.05,4.29,1.98
AP002989.1,lncRNA,0.0,0.0,0.11,0.0,0.61,0.0
AP002991.2,lncRNA,0.42,0.51,0.25,0.5,1.17,1.69
AP002992.1,lncRNA,0.82,1.59,1.02,1.1,8.0,6.79
AP002993.1,lncRNA,0.0,0.0,0.0,3.0,0.0,0.0
AP003025.1,lncRNA,3.05,5.02,4.17,4.13,22.65,19.31
AP003025.2,lncRNA,3.22,8.63,3.63,13.53,18.11,15.89
AP003027.1,lncRNA,0.23,2.31,1.7,1.7,12.58,1.46
AP003031.1,lncRNA,0.55,0.42,4.64,8.2,28.59,38.91
AP003032.1,lncRNA,1.05,0.0,1.19,0.86,2.19,0.45
AP003032.2,lncRNA,0.5,1.0,0.0,0.02,0.27,1.31
AP003037.1,lncRNA,0.14,0.07,0.27,0.5,1.55,1.42
AP003043.1,lncRNA,1.22,0.0,0.0,0.0,0.47,0.33
AP003049.2,lncRNA,0.0,3.0,1.5,0.25,2.47,2.26
AP003059.1,lncRNA,0.17,2.5,1.11,13.2,1.59,4.12
AP003059.2,lncRNA,0.0,1.59,0.33,0.06,3.03,1.44
AP003062.2,lncRNA,0.33,0.0,0.38,1.82,2.16,1.35
AP003064.1,lncRNA,0.0,0.0,0.25,0.0,1.53,1.15
AP003064.2,lncRNA,0.12,0.0,0.25,1.75,4.97,4.12
AP003065.1,lncRNA,0.58,0.04,1.0,0.5,2.74,6.8
AP003066.1,lncRNA,0.56,14.39,0.83,6.42,3.31,1.51
AP003068.1,lncRNA,0.55,0.1,0.0,0.55,0.68,1.45
AP003068.2,lncRNA,25.14,24.53,21.62,78.0,33.93,37.31
AP003068.3,lncRNA,0.03,0.0,0.25,0.25,0.77,0.65
AP003071.1,lncRNA,0.0,0.07,0.0,0.0,0.94,0.39
AP003071.2,lncRNA,0.0,0.0,0.75,1.1,2.89,3.27
AP003071.3,lncRNA,0.25,0.0,0.17,1.26,1.57,1.09
AP003071.4,lncRNA,0.28,0.0,2.95,0.83,8.01,4.0
AP003086.1,lncRNA,1.5,1.5,0.0,0.5,1.69,2.29
AP003086.2,lncRNA,0.0,3.19,0.33,7.75,5.79,3.25
AP003096.1,lncRNA,0.71,0.23,0.31,1.31,3.59,1.76
AP003100.1,lncRNA,0.14,0.0,0.14,0.0,3.47,0.84
AP003100.2,lncRNA,12.65,21.92,19.29,14.9,124.41,136.85
AP003100.3,lncRNA,0.07,0.1,0.0,0.0,1.12,0.66
AP003108.1,lncRNA,2.42,1.48,4.2,7.51,11.31,7.83
AP003110.1,lncRNA,0.0,0.0,0.17,0.0,0.19,0.07
AP003115.1,lncRNA,1.83,2.97,2.57,0.63,11.28,19.44
AP003117.1,lncRNA,7.29,37.57,10.93,29.4,38.14,50.16
AP003117.2,lncRNA,0.0,0.18,0.0,0.0,0.05,0.0
AP003119.1,lncRNA,3.47,4.56,0.77,1.41,5.72,2.96
AP003119.2,lncRNA,0.0,0.2,0.33,3.83,1.92,1.47
AP003119.3,lncRNA,1.25,4.79,9.27,2.11,15.94,7.62
AP003120.1,lncRNA,1.0,0.1,0.58,1.0,3.11,0.83
AP003121.1,lncRNA,0.5,0.15,0.49,0.08,4.94,0.39
AP003122.2,lncRNA,0.0,0.0,0.0,1.67,0.15,2.39
AP003123.1,lncRNA,0.25,1.1,0.0,0.0,0.08,0.55
AP003128.1,lncRNA,0.0,0.2,0.0,0.0,0.19,0.25
AP003168.2,lncRNA,1.0,0.0,0.0,1.25,0.2,2.12
AP003170.3,lncRNA,0.67,1.0,0.0,0.0,0.0,0.0
AP003170.4,lncRNA,2.61,2.46,0.2,2.53,17.7,21.73
AP003171.1,lncRNA,0.0,0.0,0.0,0.0,0.12,0.34
AP003173.1,lncRNA,0.0,0.0,1.12,4.63,4.44,5.57
AP003174.1,lncRNA,0.0,0.0,0.0,0.0,0.0,0.58
AP003174.2,lncRNA,0.75,0.0,1.33,0.0,0.0,0.12
AP003175.1,lncRNA,0.56,1.14,0.85,1.73,7.86,7.5
AP003306.1,lncRNA,2.0,3.09,1.0,0.62,0.12,2.5
AP003306.2,lncRNA,0.17,0.1,2.46,0.61,1.0,2.43
AP003307.1,lncRNA,0.1,1.42,0.55,2.53,2.21,1.48
AP003327.2,lncRNA,3.94,4.3,0.98,4.94,5.6,6.11
AP003351.1,lncRNA,0.31,1.23,3.33,3.24,0.0,0.42
AP003352.1,lncRNA,9.75,10.98,8.07,5.58,13.89,7.88
AP003354.1,lncRNA,1.48,0.85,0.42,0.43,3.68,1.2
AP003355.2,lncRNA,0.42,0.0,4.81,0.79,2.47,6.25
AP003385.3,lncRNA,0.14,0.07,0.0,1.33,0.67,0.94
AP003390.1,lncRNA,0.68,2.51,2.89,4.97,20.39,13.16
AP003392.1,lncRNA,0.11,6.0,0.0,1.0,0.11,0.07
AP003392.3,lncRNA,4.43,12.7,3.35,2.87,17.94,27.86
AP003392.4,lncRNA,0.0,0.11,0.0,0.0,1.38,0.84
AP003392.5,lncRNA,2.33,0.0,0.0,0.0,0.84,1.82
AP003393.1,lncRNA,6.43,11.04,4.11,10.61,16.96,17.12
AP003396.1,lncRNA,0.0,0.0,0.56,0.0,1.25,1.06
AP003396.3,lncRNA,3.75,6.53,9.8,6.51,31.19,37.29
AP003398.2,lncRNA,0.67,0.27,0.17,0.07,1.59,1.43
AP003400.1,lncRNA,0.0,0.0,0.0,0.0,0.22,0.24
AP003419.2,lncRNA,0.0,0.77,0.86,0.0,2.97,2.61
AP003419.3,lncRNA,0.08,0.0,0.22,0.0,11.65,13.98
AP003464.1,lncRNA,1.25,3.43,0.59,0.65,12.87,8.08
AP003465.1,lncRNA,0.39,0.09,0.11,0.06,7.87,1.59
AP003465.2,lncRNA,0.0,0.0,0.0,0.0,0.1,0.0
AP003467.1,lncRNA,0.0,0.0,0.0,0.33,0.0,2.1
AP003469.1,lncRNA,2.83,6.55,6.15,0.78,1.25,0.66
AP003469.2,lncRNA,0.0,0.14,0.0,3.5,0.08,0.26
AP003469.3,lncRNA,2.0,0.12,0.0,0.07,1.67,0.25
AP003471.1,lncRNA,1.0,4.03,2.06,2.6,8.05,9.48
AP003472.1,lncRNA,0.0,0.79,0.5,0.11,2.36,2.26
AP003472.2,lncRNA,0.06,3.5,0.5,7.5,4.35,2.24
AP003486.1,lncRNA,2.09,2.44,1.05,1.12,6.02,4.99
AP003486.2,lncRNA,0.48,4.54,4.29,1.14,22.0,19.62
AP003498.1,lncRNA,0.0,0.0,0.0,0.0,0.0,0.25
AP003498.2,lncRNA,0.0,0.9,0.48,1.5,1.82,2.45
AP003500.1,lncRNA,2.06,0.5,0.0,0.0,12.82,14.83
AP003501.1,lncRNA,0.62,0.88,1.05,1.78,0.6,0.95
AP003501.2,lncRNA,0.12,0.07,0.36,0.0,1.05,1.08
AP003548.1,lncRNA,0.2,2.58,0.33,0.17,6.12,2.58
AP003550.1,lncRNA,0.88,2.6,4.91,6.91,28.09,36.68
AP003555.1,lncRNA,2.04,1.08,3.0,2.83,21.33,18.9
AP003555.2,lncRNA,0.58,1.58,2.58,1.5,10.71,7.18
AP003557.1,lncRNA,0.17,0.76,0.64,0.0,5.91,2.97
AP003557.2,lncRNA,0.88,2.6,2.17,1.79,0.75,3.68
AP003559.1,lncRNA,1.12,1.32,3.15,0.31,15.41,11.79
AP003680.1,lncRNA,4.31,2.14,5.38,7.68,16.1,23.87
AP003692.1,lncRNA,1.06,1.14,1.75,1.56,0.3,1.62
AP003696.1,lncRNA,1.74,2.76,2.06,1.43,3.83,2.87
AP003715.1,lncRNA,0.0,0.0,1.0,0.0,0.31,1.0
AP003717.1,lncRNA,3.86,2.81,6.81,1.26,38.87,27.92
AP003717.4,lncRNA,1.78,5.62,9.98,2.57,9.7,16.76
AP003718.1,lncRNA,0.0,1.0,0.0,1.56,0.11,0.2
AP003721.1,lncRNA,76.97,42.88,258.49,133.02,590.46,432.0
AP003721.2,lncRNA,0.0,0.25,0.5,1.0,2.3,2.3
AP003721.3,lncRNA,0.0,0.2,0.0,0.0,1.0,2.17
AP003721.4,lncRNA,0.09,0.2,0.0,1.5,17.44,30.14
AP003774.1,lncRNA,0.0,0.0,0.1,0.0,0.26,0.41
AP003774.2,lncRNA,0.24,0.67,0.0,0.0,1.23,2.3
AP003778.1,lncRNA,1.88,1.24,4.95,0.48,3.75,4.14
AP003783.1,lncRNA,1.56,2.63,3.18,5.2,10.25,7.23
AP003785.1,lncRNA,0.0,0.0,0.0,2.12,0.06,0.67
AP003900.1,lncRNA,3.13,1.87,1.85,5.25,14.53,16.97
AP003969.1,lncRNA,1.58,1.0,0.7,0.0,68.15,8.57
AP003973.2,lncRNA,0.0,0.0,0.0,0.25,0.0,0.58
AP003973.3,lncRNA,0.0,2.51,0.14,0.0,1.21,0.29
AP003973.4,lncRNA,0.0,0.0,0.5,9.05,2.42,4.17
AP004147.1,lncRNA,7.11,7.23,5.63,6.24,28.99,27.43
AP004247.2,lncRNA,0.05,4.08,0.81,2.88,2.65,3.72
AP004550.1,lncRNA,0.54,1.01,0.5,1.0,0.74,1.5
AP004606.1,lncRNA,0.12,0.0,0.5,0.0,2.57,2.64
AP004609.1,lncRNA,3.17,4.57,2.38,4.25,20.52,13.09
AP004609.3,lncRNA,2.2,5.8,5.41,14.16,23.73,25.26
AP005057.1,lncRNA,0.0,0.03,0.24,0.04,1.89,1.03
AP005059.1,lncRNA,0.12,0.12,0.07,0.48,0.39,2.64
AP005059.2,lncRNA,0.25,0.12,0.07,0.11,0.17,1.67
AP005062.1,lncRNA,0.0,0.0,1.0,0.5,2.16,1.72
AP005120.1,lncRNA,0.0,0.67,0.0,0.5,0.56,2.17
AP005121.1,lncRNA,1.06,3.32,2.25,2.5,0.72,2.37
AP005121.2,lncRNA,0.0,0.5,0.11,0.17,2.53,0.87
AP005131.1,lncRNA,3.05,0.0,4.92,1.02,28.9,14.32
AP005131.2,lncRNA,0.0,0.08,0.0,0.17,1.82,0.37
AP005131.3,lncRNA,0.5,0.0,0.61,0.25,1.53,1.87
AP005131.4,lncRNA,1.7,0.64,3.93,2.67,16.4,9.25
AP005131.5,lncRNA,0.17,0.0,0.67,0.0,2.18,0.17
AP005136.3,lncRNA,1.75,1.08,0.5,0.33,0.42,3.17
AP005136.4,lncRNA,1.33,3.0,0.06,2.17,3.04,5.42
AP005137.1,lncRNA,0.06,0.0,0.0,0.14,1.26,2.77
AP005137.2,lncRNA,1.0,0.0,0.0,1.0,0.0,0.83
AP005202.1,lncRNA,0.0,0.0,0.0,0.09,1.43,1.67
AP005202.2,lncRNA,0.0,1.0,1.1,0.08,1.35,0.64
AP005203.1,lncRNA,2.67,2.83,0.0,1.0,18.5,17.83
AP005205.1,lncRNA,0.0,0.0,0.0,0.0,0.1,0.56
AP005205.2,lncRNA,0.24,6.45,0.59,2.0,2.08,3.16
AP005209.1,lncRNA,2.5,0.11,14.95,0.0,21.19,21.17
AP005209.2,lncRNA,1.4,8.6,3.25,1.0,4.46,5.47
AP005210.1,lncRNA,0.11,0.35,0.1,0.0,1.64,1.14
AP005210.2,lncRNA,2.35,0.11,0.22,1.25,2.04,1.12
AP005212.4,lncRNA,0.5,1.43,1.47,3.58,2.82,3.9
AP005229.1,lncRNA,1.0,1.49,0.0,1.31,2.31,1.57
AP005229.2,lncRNA,0.0,0.0,0.2,0.6,0.47,0.32
AP005230.1,lncRNA,8.68,11.84,4.5,27.78,21.26,19.07
AP005233.1,lncRNA,1.7,1.17,2.41,4.75,28.76,21.47
AP005233.2,lncRNA,1.25,2.0,0.92,0.5,1.82,2.02
AP005242.1,lncRNA,0.2,0.0,0.0,0.0,0.27,1.32
AP005242.3,lncRNA,0.0,0.0,0.0,0.0,0.0,1.41
AP005242.5,lncRNA,1.83,1.1,1.86,3.02,8.23,5.89
AP005262.1,lncRNA,1.78,10.73,4.88,5.58,47.54,31.82
AP005263.1,lncRNA,6.53,3.95,0.58,4.0,5.37,3.54
AP005264.1,lncRNA,0.4,1.03,0.67,0.26,2.15,2.83
AP005264.2,lncRNA,0.0,0.14,0.24,0.0,0.68,1.17
AP005264.3,lncRNA,0.0,0.12,0.0,0.5,0.19,0.33
AP005271.1,lncRNA,0.0,0.0,0.2,0.0,0.37,0.99
AP005273.1,lncRNA,1.33,0.0,0.73,0.25,1.46,2.15
AP005273.2,lncRNA,0.4,0.0,0.2,0.5,2.12,3.44
AP005328.1,lncRNA,0.0,3.0,0.0,6.75,1.33,3.0
AP005329.1,lncRNA,2.57,7.77,6.74,3.42,13.95,9.56
AP005329.2,lncRNA,2.33,1.93,1.96,2.43,10.99,10.1
AP005329.3,lncRNA,0.03,0.18,0.62,1.21,1.98,2.91
AP005357.1,lncRNA,0.0,0.0,0.25,0.5,0.99,2.7
AP005380.1,lncRNA,1.0,0.08,0.0,0.33,0.74,0.81
AP005432.1,lncRNA,1.33,5.0,1.07,11.14,3.03,2.48
AP005432.2,lncRNA,0.0,0.5,0.0,0.5,0.58,1.0
AP005436.1,lncRNA,0.0,0.0,0.75,0.0,0.57,0.1
AP005436.2,lncRNA,0.0,0.0,0.25,0.0,0.45,0.0
AP005436.3,lncRNA,0.0,0.0,0.75,0.0,0.32,0.8
AP005482.1,lncRNA,0.0,0.11,0.0,0.78,0.0,0.29
AP005482.2,lncRNA,0.0,0.66,0.0,5.33,0.29,0.06
AP005530.1,lncRNA,0.0,0.0,0.0,0.0,0.7,0.23
AP005671.1,lncRNA,0.0,3.0,0.12,0.0,0.09,0.48
AP005717.1,lncRNA,6.97,5.4,5.9,2.31,15.86,11.81
AP005717.2,lncRNA,3.64,2.39,1.65,3.74,6.9,7.79
AP005899.1,lncRNA,0.0,0.7,1.0,1.0,0.06,0.0
AP005899.2,lncRNA,0.28,4.25,0.87,0.9,1.25,1.63
AP005900.1,lncRNA,0.95,11.75,4.72,1.27,1.66,2.49
AP005901.2,lncRNA,0.0,0.0,0.0,0.0,0.2,0.66
AP005901.5,lncRNA,0.7,0.35,0.07,2.63,1.21,1.52
AP005901.6,lncRNA,1.8,2.51,0.0,0.16,2.17,1.81
AP006216.1,lncRNA,0.04,0.0,0.23,0.16,1.4,2.78
AP006216.2,lncRNA,0.0,0.0,0.0,0.0,0.7,2.8
AP006216.3,lncRNA,0.12,0.33,0.78,0.0,0.96,0.7
AP006219.1,lncRNA,0.0,0.0,0.33,0.0,0.77,1.29
AP006219.2,lncRNA,0.0,0.1,0.17,0.0,4.58,4.24
AP006219.3,lncRNA,0.2,2.5,0.12,1.14,3.66,2.33
AP006222.2,lncRNA,0.0,0.06,0.28,0.77,0.49,0.06
AP006248.3,lncRNA,1.0,0.0,0.25,0.09,0.14,0.15
AP006248.5,lncRNA,4.92,9.93,2.16,3.36,7.87,5.37
AP006259.1,lncRNA,0.2,0.5,1.06,0.15,0.5,0.11
AP006261.1,lncRNA,1.08,0.31,0.71,2.4,3.18,4.03
AP006285.1,lncRNA,0.08,0.0,0.0,0.32,0.71,1.09
AP006287.2,lncRNA,0.5,0.0,0.94,0.0,1.62,3.66
AP006287.3,lncRNA,3.57,0.67,5.5,5.9,32.02,28.26
AP006295.1,lncRNA,0.2,0.36,0.19,4.14,0.24,0.9
AP006333.1,lncRNA,1.41,0.34,1.51,0.49,1.67,0.57
AP006333.2,lncRNA,3.53,1.17,0.49,0.0,1.24,1.32
AP006437.1,lncRNA,1.0,1.56,0.0,0.08,0.17,0.82
AP006545.1,lncRNA,0.0,0.11,0.0,1.58,1.0,0.9
AP006545.2,lncRNA,0.27,0.0,1.0,0.95,0.62,3.0
AP006545.3,lncRNA,0.08,0.92,0.79,0.06,2.78,3.49
AP006547.1,lncRNA,2.3,0.95,1.74,0.4,10.49,6.2
AP006565.1,lncRNA,0.0,0.47,0.2,0.75,1.31,3.09
AP006587.6,lncRNA,9.57,3.25,7.71,5.93,24.09,20.74
AP006621.1,lncRNA,2.75,1.29,1.87,2.35,7.78,13.1
AP006621.2,lncRNA,0.74,0.36,1.23,2.4,16.9,20.39
AP006621.3,lncRNA,1.88,1.58,1.87,8.88,11.04,7.05
AP006621.4,lncRNA,0.89,0.0,0.07,0.0,0.61,1.24
AP006623.1,lncRNA,1.37,2.23,1.8,4.79,11.75,8.07
AP006748.1,lncRNA,0.0,0.0,0.0,1.5,0.52,0.5
AP007216.1,lncRNA,0.0,0.0,0.0,0.0,0.47,1.0
AP007216.2,lncRNA,0.17,0.09,0.11,1.0,2.62,0.73
AP4B1-AS1,lncRNA,1.05,0.51,1.69,4.63,7.78,3.03
APCDD1L-DT,lncRNA,15.69,6.08,9.33,19.94,56.26,46.02
APOA1-AS,lncRNA,0.09,0.17,0.76,0.57,3.86,1.25
APOBEC3B-AS1,lncRNA,0.05,0.31,0.17,0.33,1.76,0.31
APP-DT,lncRNA,3.42,8.27,1.81,6.13,22.87,18.33
APTR,lncRNA,0.81,1.59,2.09,7.54,12.73,10.45
AQP4-AS1,lncRNA,3.02,14.24,2.63,10.6,24.16,26.92
ARAP1-AS1,lncRNA,0.0,1.5,0.18,0.5,0.75,1.17
ARAP1-AS2,lncRNA,200.82,622.37,316.28,289.46,650.34,900.55
ARF4-AS1,lncRNA,2.5,2.33,2.03,1.64,14.78,18.37
ARHGAP15-AS1,lncRNA,0.05,0.6,1.6,0.44,3.32,2.99
ARHGAP22-IT1,lncRNA,0.0,0.0,1.05,0.0,0.15,1.11
ARHGAP26-AS1,lncRNA,2.06,0.08,1.58,5.08,17.03,9.26
ARHGAP26-IT1,lncRNA,0.5,0.0,0.0,1.27,0.3,0.08
ARHGAP27P1-BPTFP1-KPNA2P3,lncRNA,3.56,4.86,6.76,6.15,30.86,22.91
ARHGAP29-AS1,lncRNA,4.39,6.87,1.34,4.01,10.6,7.42
ARHGAP31-AS1,lncRNA,0.33,0.67,1.42,0.59,1.43,3.42
ARHGAP42-AS1,lncRNA,2.64,5.17,0.59,5.5,3.91,2.67
ARHGAP5-AS1,lncRNA,1.02,1.51,1.56,3.24,5.6,6.21
ARHGEF19-AS1,lncRNA,0.0,0.0,0.0,0.0,0.33,0.0
ARHGEF2-AS1,lncRNA,0.0,6.0,0.17,0.0,1.01,3.41
ARHGEF2-AS2,lncRNA,0.0,0.57,0.25,0.13,4.12,2.19
ARHGEF26-AS1,lncRNA,3.39,8.61,5.62,7.77,28.52,15.81
ARHGEF3-AS1,lncRNA,0.0,0.0,0.1,1.31,5.84,1.22
ARHGEF35-AS1,lncRNA,4.31,6.19,6.39,3.0,20.87,21.98
ARHGEF38-IT1,lncRNA,0.15,0.0,0.0,0.0,0.42,1.03
ARHGEF7-AS1,lncRNA,0.0,0.12,0.0,0.07,0.25,1.2
ARHGEF7-AS2,lncRNA,0.91,0.44,2.75,0.66,13.56,10.3
ARHGEF7-IT1,lncRNA,0.0,0.49,0.11,1.0,1.1,2.38
ARHGEF9-IT1,lncRNA,0.0,0.5,0.0,0.14,1.42,0.15
ARIH2OS,lncRNA,4.05,4.81,3.28,3.78,6.87,5.36
ARLNC1,lncRNA,11.23,15.12,13.91,20.06,120.04,90.59
ARMC2-AS1,lncRNA,0.0,0.0,0.0,1.0,0.14,0.0
ARMCX3-AS1,lncRNA,2.57,3.98,1.21,1.86,6.47,5.53
ARMCX5-GPRASP2,lncRNA,2.77,4.93,2.07,9.72,7.82,8.62
ARNILA,lncRNA,0.38,0.65,3.49,5.0,11.26,21.57
ARNTL2-AS1,lncRNA,0.25,0.0,0.0,2.31,0.63,1.09
ARPP21-AS1,lncRNA,0.08,0.0,0.0,0.0,1.22,0.5
ARRDC1-AS1,lncRNA,3.78,6.54,4.52,8.72,27.62,25.31
ARRDC3-AS1,lncRNA,6.99,8.09,8.25,15.44,22.49,27.83
ARSD-AS1,lncRNA,0.5,1.5,0.0,0.5,0.06,1.47
ASAP1-IT2,lncRNA,2.0,1.73,0.0,0.0,4.45,3.13
ASB15-AS1,lncRNA,2.0,0.45,0.05,3.0,1.91,0.98
ASB16-AS1,lncRNA,6.17,8.77,4.7,10.87,20.27,11.45
ASH1L-AS1,lncRNA,1.76,1.29,2.22,1.27,25.01,22.02
ASH1L-IT1,lncRNA,0.4,0.7,0.0,12.45,1.06,11.29
ASIC4-AS1,lncRNA,0.4,0.0,0.83,0.06,4.2,1.02
ASMTL-AS1,lncRNA,0.66,0.94,7.06,2.16,19.62,9.62
ASTN2-AS1,lncRNA,0.22,0.4,0.58,1.48,8.34,6.29
ATG10-AS1,lncRNA,0.0,0.0,0.0,0.0,0.94,0.0
ATG10-IT1,lncRNA,1.0,0.0,0.0,0.0,0.44,0.25
ATP11A-AS1,lncRNA,2.01,1.87,3.06,4.82,14.3,9.74
ATP11AUN,lncRNA,0.73,0.31,2.67,1.66,10.54,5.55
ATP13A4-AS1,lncRNA,0.78,0.0,0.0,0.0,0.81,0.9
ATP13A5-AS1,lncRNA,1.5,0.55,0.0,0.0,0.04,0.79
ATP1A1-AS1,lncRNA,8.35,18.37,10.58,7.77,171.18,136.48
ATP1B3-AS1,lncRNA,0.0,0.0,0.5,0.0,0.16,0.46
ATP2A1-AS1,lncRNA,0.87,0.33,0.53,0.0,8.59,4.59
ATP2B1-AS1,lncRNA,2.48,18.98,8.93,6.9,47.85,41.58
ATP2B2-IT1,lncRNA,0.2,0.0,1.57,0.5,1.42,0.76
ATP2B2-IT2,lncRNA,0.0,1.14,3.14,0.0,2.12,3.63
ATP2C2-AS1,lncRNA,1.55,1.77,14.2,7.48,15.46,19.21
ATP6V0E2-AS1,lncRNA,2.58,5.08,10.95,15.97,21.91,23.65
ATP6V1B1-AS1,lncRNA,2.5,2.55,0.62,2.75,6.28,7.5
ATXN1-AS1,lncRNA,0.97,1.78,1.12,0.62,12.65,10.94
ATXN2-AS,lncRNA,0.89,0.14,0.46,0.56,4.73,1.28
ATXN8OS,lncRNA,4.93,1.73,5.5,2.95,11.16,12.76
AUXG01000058.1,lncRNA,8.16,5.92,7.98,13.05,24.46,28.56
B3GALT1-AS1,lncRNA,0.0,0.34,0.1,0.99,2.25,0.94
B3GALT5-AS1,lncRNA,3.5,9.63,7.37,7.22,30.0,32.6
B3GAT1-DT,lncRNA,74.17,40.96,244.68,127.74,49.86,119.31
B4GALT1-AS1,lncRNA,0.29,2.78,2.28,3.02,6.14,5.14
B4GALT4-AS1,lncRNA,0.0,1.0,0.25,0.29,0.62,0.47
BAALC-AS1,lncRNA,13.37,35.22,22.14,23.56,54.5,52.44
BAALC-AS2,lncRNA,0.31,0.09,0.64,0.0,3.75,1.08
BACE1-AS,lncRNA,6.46,7.24,7.34,9.5,51.2,32.7
BACE2-IT1,lncRNA,0.0,0.0,0.0,0.0,0.28,0.1
BACH1-AS1,lncRNA,0.0,0.12,0.0,0.25,0.72,2.19
BACH1-IT1,lncRNA,0.0,0.05,0.0,0.0,1.3,3.17
BACH1-IT2,lncRNA,0.5,0.67,0.6,0.33,10.17,4.11
BACH1-IT3,lncRNA,0.0,0.19,0.36,1.2,12.97,22.34
BAIAP2-DT,lncRNA,12.53,5.03,8.9,10.68,29.0,35.71
BANCR,lncRNA,1.0,6.2,1.5,2.0,1.29,2.7
BARX1-DT,lncRNA,0.5,2.03,1.76,3.31,18.72,13.62
BASP1-AS1,lncRNA,12.13,21.0,9.7,12.04,46.51,50.13
BBOX1-AS1,lncRNA,1.17,10.0,0.72,4.1,4.72,7.69
BCAR3-AS1,lncRNA,0.0,4.67,1.11,4.62,11.7,8.08
BCAR4,lncRNA,0.1,0.0,0.83,1.5,4.03,2.7
BCDIN3D-AS1,lncRNA,2.93,4.94,5.02,15.0,25.14,17.44
BCL2L1-AS1,lncRNA,0.17,0.0,0.0,2.0,0.62,0.21
BCRP3,lncRNA,0.09,0.22,1.15,1.42,1.74,2.95
BDNF-AS,lncRNA,19.67,32.64,44.95,27.44,269.5,238.16
BEAN1-AS1,lncRNA,1.56,0.0,1.54,0.63,5.48,13.82
BET1-AS1,lncRNA,2.75,1.18,0.35,0.79,1.83,1.13
BFSP2-AS1,lncRNA,0.5,0.0,0.0,0.0,6.57,1.7
BGLT3,lncRNA,0.0,0.0,0.5,0.0,2.02,0.21
BHLHE40-AS1,lncRNA,4.04,3.68,2.69,8.43,26.0,13.01
BICRA-AS1,lncRNA,0.12,0.0,0.0,0.0,0.0,1.38
BIRC6-AS1,lncRNA,0.0,0.11,0.0,0.0,3.5,0.5
BISPR,lncRNA,6.58,15.11,3.84,7.95,40.97,50.32
BLACE,lncRNA,63.44,238.75,54.14,79.42,12.5,19.08
BMF-AS1,lncRNA,0.04,0.0,0.08,0.0,1.91,1.23
BMP7-AS1,lncRNA,0.0,0.14,0.0,0.12,1.15,2.38
BMP8B-AS1,lncRNA,1.07,0.55,0.38,0.0,1.28,0.42
BMPR1B-DT,lncRNA,0.07,0.6,0.93,0.67,9.51,5.52
BMS1P14,lncRNA,0.51,0.0,0.0,0.09,0.06,0.21
BMS1P4,lncRNA,0.38,0.42,0.35,1.45,2.49,0.66
BMS1P4-AGAP5,lncRNA,0.66,0.64,0.82,0.67,3.32,1.92
BNC2-AS1,lncRNA,1.57,1.61,0.63,0.0,7.23,2.0
BOK-AS1,lncRNA,0.16,2.26,2.47,0.97,2.88,2.14
BOLA3-AS1,lncRNA,3.55,7.07,2.38,3.98,19.34,13.35
BPESC1,lncRNA,4.06,1.84,4.34,5.18,12.88,14.76
BRWD1-AS1,lncRNA,4.26,0.0,0.0,6.0,1.5,1.14
BRWD1-AS2,lncRNA,3.83,2.06,4.29,2.03,12.82,12.64
BRWD1-IT1,lncRNA,1.5,1.72,1.51,1.91,1.27,1.69
BSN-AS1,lncRNA,0.0,0.29,0.0,0.17,0.12,1.22
BSN-DT,lncRNA,1.48,4.72,2.66,3.77,9.45,7.01
BTBD9-AS1,lncRNA,0.0,6.12,1.0,0.5,5.0,4.66
BTF3-DT,lncRNA,1.18,1.3,0.17,1.7,7.58,7.58
BTG3-AS1,lncRNA,7.49,4.92,11.13,7.4,28.71,22.96
BVES-AS1,lncRNA,10.34,25.25,17.99,12.38,70.01,86.43
BX004807.1,lncRNA,0.17,0.0,1.07,0.0,0.56,0.68
BX005019.1,lncRNA,1.3,0.53,1.33,0.11,0.27,1.02
BX005040.1,lncRNA,0.55,1.71,0.61,0.67,1.18,1.67
BX005040.3,lncRNA,0.21,0.26,0.14,0.41,1.67,1.72
BX005132.1,lncRNA,0.0,0.0,0.0,2.64,0.58,0.42
BX005214.1,lncRNA,0.0,0.0,0.0,0.14,0.19,0.25
BX005214.2,lncRNA,1.05,2.71,0.61,2.34,1.31,1.69
BX005266.2,lncRNA,0.58,0.51,0.85,0.64,2.66,4.81
BX072579.1,lncRNA,0.75,0.25,1.21,0.17,1.43,1.5
BX072579.2,lncRNA,4.01,2.04,2.39,2.08,12.51,7.92
BX088651.2,lncRNA,0.64,1.72,0.52,4.16,2.43,2.86
BX088651.4,lncRNA,1.08,1.01,1.13,1.75,3.78,5.37
BX088723.1,lncRNA,0.0,0.44,0.5,0.0,2.17,1.25
BX119904.1,lncRNA,0.11,0.74,0.0,0.0,1.1,1.07
BX255923.1,lncRNA,0.21,0.29,0.68,0.26,2.71,0.83
BX255923.2,lncRNA,1.5,1.61,1.3,9.02,13.99,13.4
BX255925.1,lncRNA,5.31,50.68,12.34,7.44,16.65,11.37
BX255925.4,lncRNA,0.0,0.0,1.16,0.0,1.53,0.29
BX284613.2,lncRNA,8.44,9.56,7.47,10.04,31.06,37.74
BX284656.1,lncRNA,0.0,2.09,1.53,0.83,17.04,11.8
BX284656.2,lncRNA,0.0,0.22,0.25,0.0,3.13,2.4
BX284668.1,lncRNA,0.0,0.43,0.0,0.11,2.37,3.07
BX284668.2,lncRNA,20.8,10.95,79.49,38.33,121.46,161.89
BX284668.4,lncRNA,1.7,1.51,8.01,5.22,6.36,7.81
BX284668.5,lncRNA,0.0,0.08,0.08,1.0,0.37,1.1
BX293535.1,lncRNA,0.95,0.4,0.5,0.5,0.87,0.33
BX322234.1,lncRNA,12.29,13.14,9.8,9.06,106.19,77.42
BX322234.2,lncRNA,0.25,1.73,0.75,0.0,2.49,3.91
BX322557.1,lncRNA,0.17,0.0,0.2,0.0,3.01,1.96
BX322557.2,lncRNA,1.05,1.8,4.62,6.19,11.05,15.87
BX322559.1,lncRNA,0.5,1.52,0.0,0.12,1.16,0.81
BX322562.1,lncRNA,0.0,2.58,4.0,4.11,1.82,0.97
BX323043.1,lncRNA,0.75,0.17,0.33,2.2,6.39,5.04
BX323046.1,lncRNA,0.31,0.0,0.67,1.2,3.05,1.12
BX323046.2,lncRNA,0.0,0.0,0.0,0.5,3.5,0.53
BX324167.1,lncRNA,1.79,0.58,0.97,0.2,1.65,1.29
BX324167.2,lncRNA,3.48,2.6,4.49,7.34,25.12,13.59
BX469938.1,lncRNA,0.0,0.33,0.0,0.08,4.3,1.29
BX470102.1,lncRNA,0.0,1.07,0.33,1.5,1.4,3.03
BX470102.2,lncRNA,8.31,16.29,1.97,15.2,2.52,21.07
BX470209.1,lncRNA,0.2,0.0,0.39,0.0,0.49,0.65
BX470209.2,lncRNA,3.2,4.06,4.65,7.79,18.43,12.49
BX537318.1,lncRNA,1.61,2.64,1.91,3.09,10.07,9.86
BX539320.1,lncRNA,1.0,0.14,1.0,0.0,4.48,1.42
BX546033.1,lncRNA,0.45,0.2,2.76,1.59,1.62,4.64
BX546450.1,lncRNA,0.77,0.39,0.12,1.0,1.06,1.76
BX546450.2,lncRNA,0.0,0.08,0.0,0.0,1.19,0.33
BX571846.1,lncRNA,0.22,0.32,0.56,0.11,0.58,0.77
BX640514.1,lncRNA,0.12,2.01,4.17,0.95,23.52,17.37
BX640514.2,lncRNA,1.01,5.47,6.46,2.46,12.72,12.91
BX640515.1,lncRNA,1.1,2.73,3.32,0.91,4.56,2.92
BX649601.1,lncRNA,0.06,0.2,0.0,2.58,1.65,1.92
BX664718.1,lncRNA,0.4,2.14,0.95,0.66,2.91,1.0
BX664727.3,lncRNA,1.03,0.8,1.0,2.8,5.35,4.55
BX664730.1,lncRNA,0.0,3.0,0.58,0.58,4.72,2.27
BX842242.1,lncRNA,1.42,5.63,8.01,6.37,13.88,16.16
BX842570.1,lncRNA,0.25,6.31,0.27,1.43,3.83,1.98
BX890604.1,lncRNA,11.3,11.91,14.24,22.14,73.16,74.32
BX927359.1,lncRNA,0.23,0.2,2.07,1.22,2.0,0.12
BZW1-AS1,lncRNA,0.5,0.56,2.07,1.94,8.55,5.76
C10orf55,lncRNA,0.88,4.1,3.97,3.97,12.77,9.14
C10orf71-AS1,lncRNA,0.39,1.18,0.85,0.67,4.13,3.75
C11orf40,lncRNA,0.08,1.0,0.95,0.0,3.15,3.7
C11orf72,lncRNA,0.17,0.0,1.98,2.72,2.31,4.96
C12orf77,lncRNA,2.22,13.16,0.25,0.0,4.55,4.12
C14orf177,lncRNA,1.38,0.58,2.35,1.59,7.54,5.0
C14orf178,lncRNA,0.04,0.42,0.57,0.21,6.12,1.81
C15orf32,lncRNA,6.24,0.53,2.69,0.92,20.81,25.76
C15orf54,lncRNA,0.54,0.09,1.52,1.23,2.18,4.06
C15orf56,lncRNA,1.23,4.18,5.16,4.0,15.16,12.02
C16orf97,lncRNA,0.94,1.72,3.38,2.45,6.75,5.15
C17orf102,lncRNA,5.28,9.8,5.65,6.36,15.62,23.33
C17orf77,lncRNA,1.31,2.17,1.86,1.58,7.62,5.75
C1QTNF1-AS1,lncRNA,1.0,3.36,2.0,1.0,18.25,25.9
C1QTNF7-AS1,lncRNA,0.65,3.69,0.26,5.33,5.35,4.05
C1QTNF9-AS1,lncRNA,0.0,0.06,0.11,1.17,0.17,1.28
C1RL-AS1,lncRNA,2.56,4.01,15.51,12.49,28.77,14.75
C1orf147,lncRNA,4.67,1.11,14.31,11.1,3.79,2.72
C1orf167-AS1,lncRNA,0.9,0.16,0.77,1.35,2.52,1.48
C1orf195,lncRNA,0.0,0.0,0.1,0.19,0.18,1.95
C1orf220,lncRNA,2.87,1.5,3.25,2.0,11.84,6.98
C1orf229,lncRNA,5.9,11.73,6.23,95.44,26.5,35.25
C2-AS1,lncRNA,1.0,0.0,1.0,1.0,2.4,2.88
C20orf197,lncRNA,0.41,0.46,0.28,3.7,5.71,5.53
C21orf62-AS1,lncRNA,102.34,28.83,6.96,49.21,106.93,62.34
C21orf91-OT1,lncRNA,0.0,0.33,1.26,0.53,2.4,4.31
C22orf24,lncRNA,4.02,13.91,7.65,7.3,63.67,70.13
C22orf34,lncRNA,5.69,2.98,8.6,8.3,37.66,28.71
C2CD4D-AS1,lncRNA,2.17,0.85,11.45,2.75,2.21,1.02
C2orf27A,lncRNA,0.54,0.11,0.21,3.55,6.98,4.68
C2orf49-DT,lncRNA,1.65,1.44,1.91,1.29,4.19,4.59
C2orf91,lncRNA,3.13,3.53,1.37,6.31,11.44,14.03
C3orf35,lncRNA,1.37,5.43,6.48,14.92,14.87,24.01
C3orf36,lncRNA,1.97,1.95,1.78,0.67,4.97,5.39
C4A-AS1,lncRNA,1.96,0.31,4.59,2.17,17.2,10.74
C4B-AS1,lncRNA,2.05,0.31,4.96,2.17,17.45,10.86
C5orf17,lncRNA,0.0,1.31,1.04,2.0,6.53,2.15
C5orf34-AS1,lncRNA,0.0,0.0,0.0,0.0,0.88,0.08
C5orf38,lncRNA,4.26,4.36,12.04,3.53,54.48,33.93
C5orf60,lncRNA,9.02,5.54,1.02,3.75,10.79,10.55
C5orf64,lncRNA,15.41,13.81,34.21,24.97,54.79,57.42
C5orf64-AS1,lncRNA,1.08,0.0,0.43,0.08,3.66,1.6
C5orf66,lncRNA,2.22,8.02,25.46,14.59,44.5,57.39
C5orf66-AS1,lncRNA,0.56,2.07,4.33,1.55,13.54,13.63
C5orf66-AS2,lncRNA,5.1,6.74,9.55,4.11,26.78,15.19
C5orf67,lncRNA,0.1,0.3,0.0,0.09,1.8,2.9
C6orf223,lncRNA,27.28,20.18,49.24,17.01,218.68,149.11
C6orf47-AS1,lncRNA,0.0,0.0,0.3,0.1,1.44,0.76
C6orf99,lncRNA,4.34,8.43,4.58,4.68,10.14,16.04
C7orf65,lncRNA,2.64,7.74,6.25,5.16,7.92,11.23
C7orf66,lncRNA,2.0,0.0,0.0,0.0,1.34,0.55
C7orf69,lncRNA,0.0,0.0,0.0,0.5,1.17,4.6
C7orf77,lncRNA,0.0,0.0,0.0,1.0,3.23,2.23
C8orf31,lncRNA,9.97,9.28,10.31,7.33,25.86,25.1
C8orf34-AS1,lncRNA,5.53,5.17,10.4,4.26,28.31,17.49
C8orf37-AS1,lncRNA,67.92,12.02,15.72,44.65,106.22,77.94
C8orf44,lncRNA,0.89,2.72,1.35,0.1,2.43,3.94
C8orf49,lncRNA,0.18,0.1,0.18,0.5,5.74,2.74
C8orf86,lncRNA,0.33,0.12,0.75,3.52,2.94,5.07
C8orf87,lncRNA,0.5,0.14,0.0,0.0,1.0,0.93
C9orf106,lncRNA,4.45,4.57,4.89,6.68,11.77,9.0
C9orf135-DT,lncRNA,9.45,7.38,187.46,13.44,19.16,13.43
C9orf139,lncRNA,3.41,4.55,219.97,6.17,32.1,31.47
C9orf147,lncRNA,1.74,4.91,4.83,15.72,18.69,16.01
C9orf163,lncRNA,10.24,4.39,7.54,8.32,62.88,60.83
C9orf62,lncRNA,0.71,7.5,3.13,4.88,9.5,11.0
C9orf92,lncRNA,1.03,0.0,1.29,1.0,5.0,2.42
CA3-AS1,lncRNA,4.14,2.34,5.6,5.98,27.44,15.27
CACNA1C-AS1,lncRNA,0.67,3.23,4.67,7.25,12.29,11.43
CACNA1C-AS2,lncRNA,0.0,0.53,2.0,0.0,1.73,0.75
CACNA1C-AS3,lncRNA,0.0,0.14,0.17,0.0,1.22,1.83
CACNA1C-AS4,lncRNA,0.33,2.2,1.0,1.25,4.61,1.12
CACNA1C-IT1,lncRNA,1.0,0.25,0.0,0.22,0.14,0.52
CACNA1C-IT2,lncRNA,0.0,1.5,2.0,0.0,0.2,1.27
CACNA1C-IT3,lncRNA,0.2,3.0,0.0,0.2,1.36,0.55
CACNA1G-AS1,lncRNA,2.49,0.61,0.75,5.73,7.71,7.98
CACNA2D1-AS1,lncRNA,0.4,0.1,0.08,0.0,1.86,5.51
CACNA2D3-AS1,lncRNA,0.06,1.25,2.51,1.7,2.58,1.83
CACTIN-AS1,lncRNA,3.92,3.11,8.12,4.77,57.97,50.03
CADM2-AS1,lncRNA,0.0,0.08,1.48,4.0,2.59,3.42
CADM2-AS2,lncRNA,1.12,5.0,2.2,3.19,2.01,0.16
CADM3-AS1,lncRNA,2.71,4.71,6.54,12.07,13.15,14.8
CAHM,lncRNA,3.44,6.26,8.78,10.93,8.79,10.89
CALHM6-AS1,lncRNA,0.0,0.81,0.0,0.0,1.57,1.86
CALML3-AS1,lncRNA,8.37,16.22,11.6,11.83,57.38,62.55
CAMTA1-AS1,lncRNA,0.25,0.0,0.17,0.0,5.58,4.48
CAMTA1-AS2,lncRNA,1.0,0.74,1.25,0.11,2.77,2.39
CAMTA1-DT,lncRNA,2.55,0.0,12.74,0.25,6.44,6.49
CAMTA1-IT1,lncRNA,0.11,1.07,0.0,0.0,0.08,0.12
CAPN10-DT,lncRNA,5.61,4.15,8.61,5.06,19.61,16.59
CAPS2-AS1,lncRNA,2.5,7.72,0.0,0.3,1.36,5.18
CARD11-AS1,lncRNA,0.72,7.61,1.59,0.39,3.78,6.86
CARD8-AS1,lncRNA,1.12,10.75,4.29,15.0,6.56,10.95
CARMAL,lncRNA,3.15,0.44,1.86,1.13,1.73,2.71
CARMN,lncRNA,26.72,43.85,106.62,56.66,135.73,668.15
CARNMT1-AS1,lncRNA,1.5,10.56,1.84,3.16,10.3,7.37
CARS1-AS1,lncRNA,2.42,0.21,1.24,3.05,11.47,10.7
CASC11,lncRNA,1.46,3.02,4.29,4.36,45.47,36.6
CASC15,lncRNA,41.53,52.62,38.09,39.93,166.13,195.49
CASC16,lncRNA,2.13,0.88,3.02,2.04,5.7,3.63
CASC17,lncRNA,0.33,2.08,1.25,1.17,11.91,6.61
CASC18,lncRNA,0.92,1.87,1.18,1.58,7.43,7.05
CASC19,lncRNA,7.66,20.75,14.01,17.06,82.53,97.08
CASC2,lncRNA,8.23,23.75,13.39,18.14,98.27,102.83
CASC20,lncRNA,0.0,1.0,0.0,0.88,2.09,0.17
CASC22,lncRNA,0.2,2.0,0.33,2.4,9.48,6.11
CASC23,lncRNA,10.0,0.21,11.17,0.24,8.9,18.04
CASC6,lncRNA,0.87,1.62,1.83,2.07,5.57,5.2
CASC8,lncRNA,0.0,0.0,1.0,0.12,5.67,3.55
CASC9,lncRNA,1.58,10.78,1.56,0.46,8.89,4.35
CASK-AS1,lncRNA,0.0,0.0,0.25,0.23,0.73,0.11
CATIP-AS1,lncRNA,1.15,0.57,3.71,1.78,4.83,3.05
CATIP-AS2,lncRNA,1.46,1.67,0.0,7.0,1.77,3.35
CAVIN2-AS1,lncRNA,6.04,7.82,5.87,7.9,18.68,11.55
CBR3-AS1,lncRNA,17.84,11.86,10.88,22.83,39.29,44.82
CCAT2,lncRNA,1.37,0.19,0.28,1.27,2.07,3.62
CCDC13-AS1,lncRNA,1.83,1.16,0.51,1.08,5.36,3.85
CCDC140,lncRNA,0.9,3.49,34.36,4.95,55.9,43.68
CCDC144NL-AS1,lncRNA,4.15,7.45,12.14,8.87,32.56,29.98
CCDC148-AS1,lncRNA,6.23,1.89,3.62,0.67,39.55,20.44
CCDC15-DT,lncRNA,1.5,1.31,8.27,3.83,7.91,6.65
CCDC18-AS1,lncRNA,8.61,12.09,8.92,11.71,101.07,83.91
CCDC183-AS1,lncRNA,2.68,3.05,12.49,6.14,31.89,18.58
CCDC26,lncRNA,27.31,45.04,47.08,50.55,167.2,172.32
CCDC28A-AS1,lncRNA,20.11,19.38,37.35,37.15,158.72,207.94
CCDC37-DT,lncRNA,0.74,2.25,0.57,0.34,3.96,4.53
CCDC39,lncRNA,1.79,5.95,2.64,2.48,14.09,11.7
CCDC39-AS1,lncRNA,0.0,0.0,0.0,0.0,0.09,0.44
CCND2-AS1,lncRNA,1.91,3.86,3.35,3.95,20.66,17.1
CCNT2-AS1,lncRNA,12.48,8.03,14.4,11.47,32.81,27.28
CCR5AS,lncRNA,0.17,0.39,0.62,3.63,2.79,2.58
CD200R1L-AS1,lncRNA,0.0,0.0,1.25,0.0,0.17,0.12
CD27-AS1,lncRNA,5.93,4.11,0.0,10.45,5.87,13.54
CD2BP2-DT,lncRNA,2.28,3.17,2.59,2.45,9.15,6.5
CD44-AS1,lncRNA,0.0,1.5,0.0,0.0,0.65,1.85
CD81-AS1,lncRNA,3.27,3.53,4.68,1.54,14.81,6.73
CDC37L1-DT,lncRNA,2.08,0.11,0.0,0.34,3.0,2.02
CDC42-AS1,lncRNA,0.56,6.5,1.41,1.85,7.65,13.81
CDC42-IT1,lncRNA,0.0,0.25,0.0,0.17,0.33,0.2
CDH18-AS1,lncRNA,1.17,13.24,11.48,1.75,7.57,7.09
CDH23-AS1,lncRNA,0.35,2.0,1.5,0.0,0.56,1.53
CDK6-AS1,lncRNA,0.12,0.08,0.08,3.0,1.01,0.89
CDKN2A-DT,lncRNA,1.64,10.36,2.78,10.14,16.88,35.6
CDKN2B-AS1,lncRNA,15.68,17.19,11.62,15.74,49.21,45.27
CDRT7,lncRNA,0.5,0.0,0.0,0.0,0.83,3.78
CDRT8,lncRNA,0.0,0.0,4.14,0.0,0.4,0.58
CDYL-AS1,lncRNA,0.0,2.11,0.14,0.0,1.58,0.62
CEBPA-DT,lncRNA,1.39,11.56,2.65,3.11,13.44,19.62
CEBPB-AS1,lncRNA,5.73,2.66,2.73,8.79,7.14,12.01
CECR3,lncRNA,0.06,0.93,0.1,0.7,8.05,2.91
CELF2-AS1,lncRNA,0.73,1.29,2.81,0.31,16.57,12.61
CELF2-AS2,lncRNA,0.48,7.64,4.06,0.46,9.82,10.32
CELF2-DT,lncRNA,9.03,17.32,17.38,13.65,113.27,104.29
CENATAC-DT,lncRNA,0.53,1.47,1.39,1.0,12.31,12.7
CENPN-AS1,lncRNA,4.34,14.66,3.1,5.76,35.04,35.83
CEP250-AS1,lncRNA,4.09,14.8,10.93,12.05,277.59,384.05
CEP83-DT,lncRNA,2.96,4.29,3.85,6.34,6.46,6.46
CERNA1,lncRNA,11.26,8.0,3.48,2.99,17.76,7.27
CERNA2,lncRNA,1.56,0.0,0.39,0.0,3.9,3.33
CERNA3,lncRNA,9.67,6.7,5.81,4.64,33.89,32.67
CEROX1,lncRNA,5.85,4.64,12.27,7.89,47.53,27.52
CERS3-AS1,lncRNA,0.67,1.5,3.14,2.59,2.89,4.23
CERS6-AS1,lncRNA,2.54,7.85,6.58,17.33,7.11,11.63
CFAP20DC-AS1,lncRNA,0.33,3.17,0.3,0.89,4.82,5.19
CFAP44-AS1,lncRNA,0.15,0.73,0.5,0.08,1.45,1.87
CFAP58-DT,lncRNA,0.25,1.29,0.5,2.67,5.12,8.5
CFAP61-AS1,lncRNA,0.0,0.25,0.4,0.43,9.9,13.92
CFLAR-AS1,lncRNA,2.28,4.5,2.68,2.94,8.66,7.16
CFTR-AS1,lncRNA,0.11,0.75,0.0,0.0,0.42,0.11
CH17-340M24.3,lncRNA,0.58,0.52,2.5,3.72,3.61,4.45
CHASERR,lncRNA,12.14,13.48,17.18,14.29,47.57,59.93
CHKB-DT,lncRNA,3.82,11.87,5.55,7.42,20.68,15.0
CHL1-AS1,lncRNA,0.0,1.33,2.25,1.47,1.77,3.49
CHL1-AS2,lncRNA,1.14,2.46,2.1,2.56,17.47,17.87
CHMP1B-AS1,lncRNA,1.03,1.9,0.93,2.14,36.64,11.96
CHN2-AS1,lncRNA,0.23,0.26,0.57,0.08,1.82,2.16
CHODL-AS1,lncRNA,0.0,0.0,2.09,2.06,2.15,2.28
CHRM3-AS1,lncRNA,0.0,0.11,0.2,0.0,0.93,1.33
CHRM3-AS2,lncRNA,7.05,17.82,4.18,13.63,21.52,20.5
CHROMR,lncRNA,6.8,9.37,4.79,20.76,21.13,26.16
CIRBP-AS1,lncRNA,6.43,1.17,5.11,4.16,23.11,19.5
CISTR,lncRNA,1.58,4.35,3.75,5.72,12.06,9.45
CKMT2-AS1,lncRNA,6.72,14.6,8.64,24.07,30.89,52.17
CLCA4-AS1,lncRNA,2.17,0.78,4.13,1.25,10.59,15.11
CLDN10-AS1,lncRNA,1.0,1.0,0.0,0.0,1.5,2.25
CLEC12A-AS1,lncRNA,1.95,2.79,1.39,0.35,16.02,6.06
CLIP1-AS1,lncRNA,1.92,8.88,0.64,8.13,9.02,13.46
CLLU1,lncRNA,3.46,4.38,5.46,5.9,33.7,31.92
CLLU1-AS1,lncRNA,0.0,0.67,1.0,0.0,0.53,2.49
CLMAT3,lncRNA,7.76,1.58,6.86,14.84,50.13,25.28
CLRN1-AS1,lncRNA,30.33,17.56,55.13,37.68,272.06,217.06
CLSTN2-AS1,lncRNA,0.36,1.33,1.78,1.33,4.02,3.86
CLYBL-AS1,lncRNA,0.0,0.0,0.0,0.0,1.5,0.68
CLYBL-AS2,lncRNA,1.33,0.67,0.14,0.33,0.91,1.42
CNIH3-AS1,lncRNA,0.36,0.4,0.79,0.56,1.62,2.61
CNIH3-AS2,lncRNA,5.56,2.61,8.06,12.19,10.51,14.88
CNN3-DT,lncRNA,3.06,4.06,5.48,0.84,17.99,10.23
CNNM3-DT,lncRNA,0.15,0.27,0.17,1.0,3.16,0.89
CNOT10-AS1,lncRNA,0.0,0.17,0.2,0.0,0.2,0.4
CNTFR-AS1,lncRNA,2.17,2.22,2.0,7.25,6.13,3.75
CNTN4-AS1,lncRNA,0.0,0.0,0.2,0.04,6.16,3.47
CNTN4-AS2,lncRNA,0.0,0.0,0.0,0.0,1.33,0.82
CNTNAP2-AS1,lncRNA,3.49,6.73,0.86,2.57,4.0,6.49
COA6-AS1,lncRNA,0.75,1.03,0.81,0.5,2.1,0.82
COL18A1-AS1,lncRNA,3.42,1.41,11.3,3.69,19.28,24.54
COL18A1-AS2,lncRNA,0.11,0.0,3.66,0.59,1.0,3.02
COL25A1-DT,lncRNA,0.81,1.13,0.08,4.14,4.97,2.75
COL4A2-AS1,lncRNA,0.0,0.25,0.33,2.0,2.86,2.47
COL4A2-AS2,lncRNA,1.5,2.0,1.22,1.7,10.98,5.1
COL5A1-AS1,lncRNA,1.0,1.62,2.71,3.07,16.13,52.2
COLCA1,lncRNA,6.2,15.22,6.88,5.46,25.88,23.48
COMETT,lncRNA,0.08,7.29,0.0,1.33,1.79,5.18
COPDA1,lncRNA,0.56,0.0,0.33,2.14,2.98,2.24
COSMOC,lncRNA,0.25,0.58,0.33,0.5,2.08,1.65
COX10-AS1,lncRNA,4.4,12.17,2.64,9.11,22.1,25.0
CPB2-AS1,lncRNA,6.62,23.42,19.47,18.71,23.92,29.59
CPEB1-AS1,lncRNA,3.01,7.39,3.66,5.25,21.5,17.09
CPEB2-DT,lncRNA,0.16,5.99,0.65,4.99,7.48,4.46
CPNE8-AS1,lncRNA,0.58,0.0,0.0,1.0,4.77,6.12
CPS1-IT1,lncRNA,0.64,0.8,0.0,1.2,8.7,3.93
CPVL-AS1,lncRNA,0.0,0.0,0.0,0.0,0.95,3.39
CR381653.1,lncRNA,0.28,0.65,0.79,2.55,1.12,1.88
CR381670.2,lncRNA,0.05,2.22,0.11,1.41,1.8,0.78
CR382287.1,lncRNA,3.35,5.84,1.24,1.52,6.78,7.31
CR383656.10,lncRNA,0.0,0.37,0.0,0.0,2.29,3.29
CR383656.12,lncRNA,0.33,0.42,0.85,0.17,1.36,0.78
CR392000.2,lncRNA,3.59,4.17,1.99,0.36,6.9,9.33
CR392039.3,lncRNA,0.07,0.0,0.0,0.0,0.05,0.2
CR559946.1,lncRNA,0.22,0.0,2.05,0.25,0.42,2.86
CR559946.2,lncRNA,1.75,2.58,1.74,2.44,8.66,5.55
CR769776.3,lncRNA,0.83,1.9,0.0,1.59,3.75,3.56
CR786580.1,lncRNA,1.05,1.27,1.29,5.38,1.95,1.98
CR936218.1,lncRNA,0.0,0.0,0.0,0.07,0.0,0.0
CR936218.2,lncRNA,0.09,0.0,0.17,0.06,3.49,3.19
CRAT37,lncRNA,0.5,2.68,0.72,5.7,4.68,8.2
CREB3L2-AS1,lncRNA,0.0,0.41,0.2,0.63,1.36,7.3
CRIM1-DT,lncRNA,2.0,0.0,0.17,0.5,2.51,0.57
CRNDE,lncRNA,9.81,7.46,12.68,25.68,70.59,49.39
CRPPA-AS1,lncRNA,0.57,0.5,0.62,3.39,6.71,1.54
CRTC3-AS1,lncRNA,4.75,3.0,1.45,0.25,3.8,2.07
CRYZL2P-SEC16B,lncRNA,2.09,7.19,3.36,3.17,55.73,17.07
CSE1L-AS1,lncRNA,0.0,1.0,0.14,4.0,0.96,1.72
CSGALNACT2-DT,lncRNA,0.96,2.56,2.16,0.66,13.15,10.6
CSMD2-AS1,lncRNA,1.45,1.32,3.64,2.73,13.97,11.42
CSNK1G2-AS1,lncRNA,0.11,1.96,2.59,2.96,4.45,5.89
CSPG4P1Y,lncRNA,0.25,0.05,0.0,0.39,1.7,0.56
CSPG4P2Y,lncRNA,0.25,0.05,0.0,0.39,1.7,0.56
CSRP3-AS1,lncRNA,0.25,0.62,0.25,0.0,3.64,2.61
CSTF3-DT,lncRNA,1.78,3.33,7.65,3.66,14.0,14.33
CT62,lncRNA,8.71,9.07,36.19,17.27,18.14,21.82
CT66,lncRNA,2.2,1.62,1.11,0.38,14.87,9.55
CT69,lncRNA,0.33,2.35,3.6,0.74,6.59,7.11
CT70,lncRNA,0.86,2.6,0.72,4.97,9.84,10.81
CTB-178M22.2,lncRNA,0.31,0.17,1.83,3.17,0.79,0.5
CTBP1-AS,lncRNA,5.33,4.56,8.59,3.06,37.81,19.0
CTBP1-DT,lncRNA,4.51,7.48,9.76,6.33,48.61,41.0
CTC-338M12.4,lncRNA,3.08,4.5,3.66,3.35,19.81,13.76
CTD-2194D22.4,lncRNA,0.2,0.74,0.73,0.21,4.89,4.2
CTD-2297D10.2,lncRNA,5.68,3.53,11.33,2.36,25.99,14.15
CTD-2350J17.1,lncRNA,0.17,0.24,0.83,2.0,6.02,2.27
CTD-3080P12.3,lncRNA,0.48,2.58,1.77,3.31,6.63,10.99
CTNNA2-AS1,lncRNA,0.23,6.36,0.57,0.05,5.04,4.26
CU104787.1,lncRNA,0.0,0.0,0.0,0.0,1.0,0.59
CU633904.1,lncRNA,1.71,0.62,0.69,0.36,7.11,6.64
CU633906.1,lncRNA,1.19,0.44,0.38,0.27,4.15,3.02
CU633906.2,lncRNA,1.58,2.0,1.97,0.89,8.67,6.3
CU633906.5,lncRNA,0.77,0.75,2.07,1.07,2.57,2.93
CU633967.1,lncRNA,2.64,2.29,2.12,3.31,9.94,7.61
CU634019.1,lncRNA,1.37,0.62,0.69,0.36,6.75,5.48
CU634019.2,lncRNA,0.09,0.0,0.0,0.33,0.0,0.28
CU634019.5,lncRNA,0.81,1.1,0.68,0.63,2.01,0.95
CU638689.1,lncRNA,0.23,0.18,0.28,0.06,0.62,0.33
CU638689.4,lncRNA,1.6,3.43,2.19,2.57,9.79,11.07
CU638689.5,lncRNA,0.46,0.52,0.16,0.11,0.62,0.46
CU639417.4,lncRNA,0.17,0.0,0.5,0.21,4.88,0.41
CU639417.5,lncRNA,7.33,4.51,9.51,6.87,40.67,42.29
CXXC4-AS1,lncRNA,3.35,26.1,4.73,2.52,32.26,25.64
CXXC5-AS1,lncRNA,0.2,0.33,3.46,2.83,3.27,3.83
CYB561D2,lncRNA,0.83,2.79,0.72,0.2,8.49,5.26
CYMP-AS1,lncRNA,0.53,1.5,0.42,2.0,6.97,9.28
CYP1B1-AS1,lncRNA,49.05,26.25,23.6,13.46,64.95,50.39
CYP2U1-AS1,lncRNA,1.4,9.19,4.5,9.17,11.88,33.57
CYP4A22-AS1,lncRNA,1.08,0.33,0.83,5.02,4.5,8.2
CYP4F26P,lncRNA,4.98,1.66,1.0,4.18,12.99,6.43
CYP51A1-AS1,lncRNA,0.59,4.32,3.94,9.24,10.09,8.54
CYTOR,lncRNA,16.22,10.78,12.97,32.89,79.39,98.28
CYYR1-AS1,lncRNA,6.2,0.17,6.77,0.44,2.8,1.81
D21S2088E,lncRNA,1.78,4.53,3.31,5.65,35.3,33.7
DAAM2-AS1,lncRNA,3.85,6.06,9.0,6.36,14.95,10.67
DAB1-AS1,lncRNA,6.41,1.96,8.55,0.93,25.37,9.2
DACT3-AS1,lncRNA,8.57,7.44,24.97,4.2,32.06,30.12
DANCR,lncRNA,16.85,14.86,45.13,64.53,41.35,47.65
DANT1,lncRNA,0.0,1.09,0.0,0.0,1.29,0.25
DANT2,lncRNA,5.0,2.43,7.49,5.29,20.82,9.36
DAOA-AS1,lncRNA,0.0,2.12,0.63,0.0,1.21,1.19
DAP-DT,lncRNA,0.23,0.82,0.43,0.09,1.2,1.39
DAPK1-IT1,lncRNA,1.0,0.64,0.07,1.25,1.23,2.76
DARS1-AS1,lncRNA,12.88,9.12,13.74,15.29,111.5,86.42
DBET,lncRNA,4.66,2.71,3.67,11.88,22.66,14.8
DBH-AS1,lncRNA,2.32,0.86,8.66,2.78,27.26,17.13
DCST1-AS1,lncRNA,0.0,0.0,0.0,0.33,0.8,1.0
DCTN1-AS1,lncRNA,2.9,3.23,5.62,4.12,24.12,23.73
DCUN1D2-AS,lncRNA,1.0,2.32,0.7,0.17,0.75,1.93
DCXR-DT,lncRNA,6.2,0.36,0.29,1.73,3.45,6.73
DDC-AS1,lncRNA,0.27,0.06,2.69,5.72,10.15,5.58
DDN-AS1,lncRNA,2.18,2.38,4.69,4.01,14.64,17.54
DDR1-DT,lncRNA,0.25,2.52,4.87,4.01,3.53,4.52
DDX11-AS1,lncRNA,0.93,0.7,2.06,2.76,17.11,8.27
DDX39B-AS1,lncRNA,10.55,15.58,3.64,11.73,6.51,7.97
DDX59-AS1,lncRNA,1.83,6.6,0.37,2.31,1.67,2.91
DELEC1,lncRNA,2.27,9.21,2.9,3.31,11.04,11.1
DENND5B-AS1,lncRNA,5.38,20.85,249.93,14.19,27.28,28.34
DENND6A-AS1,lncRNA,0.0,0.55,0.0,0.0,0.79,0.65
DENND6A-DT,lncRNA,1.09,3.19,1.52,7.33,9.38,4.2
DEPDC1-AS1,lncRNA,0.14,0.11,0.33,0.28,9.03,9.2
DGCR11,lncRNA,0.0,2.25,1.11,0.0,2.43,4.28
DGCR5,lncRNA,7.04,27.33,7.98,20.19,71.28,89.01
DGUOK-AS1,lncRNA,0.42,0.29,0.76,0.1,7.55,6.83
DHCR24-DT,lncRNA,0.25,1.25,2.38,1.14,14.11,16.75
DHDDS-AS1,lncRNA,0.0,0.0,0.1,0.03,1.45,0.72
DHRS4-AS1,lncRNA,12.73,9.61,10.49,18.12,37.73,37.33
DHRSX-IT1,lncRNA,0.0,0.4,1.3,0.9,2.5,3.04
DHX33-DT,lncRNA,0.25,0.4,0.33,0.0,2.56,0.68
DIAPH1-AS1,lncRNA,0.49,2.19,2.61,0.29,8.85,10.98
DIAPH2-AS1,lncRNA,1.83,0.08,0.0,1.29,1.83,4.32
DIAPH3-AS1,lncRNA,0.0,0.43,0.17,0.2,0.44,1.15
DIAPH3-AS2,lncRNA,1.11,0.0,1.75,0.0,2.51,1.89
DICER1-AS1,lncRNA,4.3,6.66,5.5,6.99,19.52,12.24
DINOL,lncRNA,0.0,0.0,0.16,0.75,3.3,2.17
DIO2-AS1,lncRNA,0.08,0.2,0.0,0.67,3.46,2.4
DIO3OS,lncRNA,16.04,7.8,17.07,10.34,63.45,53.18
DIP2A-IT1,lncRNA,0.0,0.0,0.0,0.0,2.22,0.58
DIP2C-AS1,lncRNA,14.83,11.62,26.26,16.4,80.78,74.84
DIRC1,lncRNA,0.0,0.0,0.33,0.0,0.12,1.67
DIRC3,lncRNA,5.92,9.48,2.06,14.71,14.16,14.13
DIRC3-AS1,lncRNA,9.8,7.17,36.58,13.81,16.86,18.75
DISC1-IT1,lncRNA,0.22,8.13,0.0,1.09,3.77,1.27
DISC1FP1,lncRNA,0.61,6.54,0.0,1.06,5.32,7.98
DKFZP434A062,lncRNA,4.18,3.63,7.46,13.48,23.03,27.03
DKFZP434H168,lncRNA,2.54,2.79,4.68,2.79,31.8,25.42
DLEU1,lncRNA,15.45,30.56,20.35,35.42,238.23,367.24
DLEU2,lncRNA,22.44,25.79,29.79,20.66,101.23,65.23
DLEU2L,lncRNA,0.8,1.3,0.95,2.5,2.08,3.46
DLG1-AS1,lncRNA,4.07,1.02,3.13,5.5,7.85,9.55
DLG2-AS2,lncRNA,2.09,2.33,2.34,5.5,1.26,2.11
DLG3-AS1,lncRNA,0.42,0.0,0.29,0.5,2.0,1.36
DLG5-AS1,lncRNA,1.55,1.59,2.92,2.83,7.82,5.33
DLGAP1-AS1,lncRNA,1.12,15.23,3.63,6.67,14.9,29.58
DLGAP1-AS2,lncRNA,1.09,2.46,9.44,6.25,5.44,4.36
DLGAP1-AS3,lncRNA,3.18,3.35,5.12,4.34,8.47,6.29
DLGAP1-AS4,lncRNA,2.53,8.16,4.05,9.74,39.69,44.3
DLGAP1-AS5,lncRNA,0.35,1.1,0.08,4.5,2.93,2.87
DLGAP2-AS1,lncRNA,0.92,0.58,0.72,4.07,18.46,10.47
DLGAP4-AS1,lncRNA,1.64,2.16,2.85,1.6,13.09,9.53
DLX2-DT,lncRNA,1632.0,150.17,154.5,38.09,939.4,126.03
DLX6-AS1,lncRNA,4.46,12.98,4.99,15.77,39.51,48.3
DM1-AS,lncRNA,0.83,5.26,1.68,1.5,10.14,18.77
DMD-AS3,lncRNA,0.0,0.0,0.0,0.0,0.33,0.23
DNAAF4-CCPG1,lncRNA,13.47,20.67,4.11,11.04,4.34,3.16
DNAH10OS,lncRNA,9.95,5.47,14.5,36.77,37.39,33.83
DNAH17-AS1,lncRNA,9.9,11.22,6.09,11.41,31.25,26.13
DNAH8-AS1,lncRNA,1.67,0.5,0.75,0.33,3.62,1.6
DNAJB5-DT,lncRNA,0.58,2.97,4.56,3.33,30.18,22.13
DNAJB8-AS1,lncRNA,0.83,0.33,1.83,7.04,4.73,3.9
DNAJC27-AS1,lncRNA,14.17,11.71,3.03,10.1,21.7,30.98
DNAJC3-DT,lncRNA,0.18,8.13,7.31,4.71,41.16,70.01
DNAJC9-AS1,lncRNA,7.43,6.449999999999999,1.76,5.41,12.05,16.72
DNM1P35,lncRNA,9.36,2.7,6.92,6.45,76.35,42.75
DNM3-IT1,lncRNA,0.0,0.25,0.0,0.0,0.15,0.35
DNM3OS,lncRNA,158.51,50.97,50.17,55.42,376.71,79.64
DNMBP-AS1,lncRNA,0.41,2.65,2.45,1.72,8.14,6.94
DNMT3L-AS1,lncRNA,0.0,0.17,0.1,0.14,1.55,1.38
DOCK4-AS1,lncRNA,0.27,0.38,3.11,0.31,12.77,8.74
DOCK8-AS1,lncRNA,2.28,4.2,2.88,7.18,19.16,15.83
DOCK9-AS1,lncRNA,0.0,2.11,0.0,0.0,0.0,0.58
DOCK9-DT,lncRNA,0.0,1.0,0.94,2.0,5.57,13.26
DPH6-DT,lncRNA,2.94,0.55,2.82,5.38,15.29,8.78
DPP10-AS1,lncRNA,39.38,92.57,846.84,49.68,26.83,45.98
DPP10-AS2,lncRNA,1.17,0.0,0.0,0.0,1.5,1.33
DPP10-AS3,lncRNA,0.0,0.45,0.2,0.0,2.73,0.48
DPP4-DT,lncRNA,0.27,0.52,4.02,3.38,4.39,3.54
DPP9-AS1,lncRNA,5.1,3.9,3.52,2.77,15.86,12.47
DPYD-AS1,lncRNA,0.17,4.46,0.5,1.53,1.77,1.97
DPYD-AS2,lncRNA,0.0,0.0,0.0,0.0,1.85,4.07
DPYD-IT1,lncRNA,0.0,0.0,0.0,0.08,0.0,0.0
DRAIC,lncRNA,22.9,21.07,31.15,29.61,90.58,89.41
DSCAM-AS1,lncRNA,2.0,13.31,4.23,15.65,8.52,12.78
DSCAM-IT1,lncRNA,0.0,0.23,0.07,4.2,9.82,4.51
DSCAS,lncRNA,0.0,1.4,1.12,0.0,4.79,1.09
DSCR10,lncRNA,0.0,0.09,0.17,0.33,1.72,0.38
DSCR4,lncRNA,0.39,3.83,1.04,5.41,2.34,2.23
DSCR4-IT1,lncRNA,0.0,0.0,0.0,0.75,1.25,0.14
DSCR8,lncRNA,0.48,0.14,0.35,1.0,1.57,1.72
DSCR9,lncRNA,1.05,2.03,5.34,3.8,22.48,23.2
DSG1-AS1,lncRNA,0.0,0.0,0.08,0.0,2.82,4.5
DSG2-AS1,lncRNA,0.36,2.04,0.88,2.0,3.18,8.47
DST-AS1,lncRNA,0.48,2.5,0.5,1.46,3.05,2.79
DTD1-AS1,lncRNA,0.22,0.0,0.0,0.0,3.17,0.74
DTNB-AS1,lncRNA,0.0,0.0,1.0,1.0,1.35,1.11
DTX2P1-UPK3BP1-PMS2P11,lncRNA,4.34,3.89,4.36,4.5,12.31,6.38
DUBR,lncRNA,11.78,9.43,14.7,5.86,66.51,60.44
DUSP5-DT,lncRNA,0.8,2.86,3.85,6.39,9.96,15.34
DUXAP8,lncRNA,3.52,4.7,6.02,7.9,17.85,27.71
DYRK3-AS1,lncRNA,0.33,1.2,0.36,0.54,4.76,7.74
E2F3-IT1,lncRNA,0.56,0.0,0.0,2.0,0.29,0.2
EAF1-AS1,lncRNA,2.31,7.45,6.76,4.06,59.33,55.46
EBLN3P,lncRNA,4.94,23.58,6.85,8.72,25.27,21.57
ECE1-AS1,lncRNA,0.31,6.2,3.71,1.94,2.82,8.35
ECI2-DT,lncRNA,2.25,0.43,0.46,2.0,3.15,4.64
EDIL3-DT,lncRNA,5.94,7.35,18.88,12.96,20.21,20.16
EDNRB-AS1,lncRNA,4.53,0.45,3.5,6.5,4.68,2.34
EDRF1-AS1,lncRNA,1.45,4.6,0.41,1.74,5.43,7.33
EDRF1-DT,lncRNA,1.31,1.33,1.45,3.28,8.73,10.44
EFCAB14-AS1,lncRNA,0.06,0.0,0.0,1.5,0.38,0.05
EFCAB6-AS1,lncRNA,2.47,0.15,2.3,3.27,8.2,7.02
EGFLAM-AS1,lncRNA,0.0,0.11,0.0,0.0,0.87,2.49
EGFLAM-AS2,lncRNA,1.28,0.0,0.81,1.94,5.4,5.09
EGFLAM-AS3,lncRNA,0.0,1.0,0.0,1.06,0.7,0.79
EGFLAM-AS4,lncRNA,21.87,75.15,11.97,16.2,17.39,28.66
EGFR-AS1,lncRNA,0.52,1.27,1.03,0.2,6.52,5.05
EGILA,lncRNA,0.11,0.0,0.0,0.5,0.43,1.83
EGLN3-AS1,lncRNA,0.0,0.33,0.0,0.0,2.58,0.71
EGOT,lncRNA,0.28,0.61,1.17,0.0,3.11,1.63
EHD4-AS1,lncRNA,0.19,0.18,1.2,1.25,5.66,4.61
EHHADH-AS1,lncRNA,3.17,1.0,0.7,0.0,1.64,1.69
EHMT2-AS1,lncRNA,3.05,0.91,2.18,0.56,19.37,19.22
EIF1AX-AS1,lncRNA,0.11,0.41,0.25,0.0,1.45,0.7
EIF1B-AS1,lncRNA,13.61,12.59,28.71,19.41,73.73,85.22
EIF2AK3-DT,lncRNA,0.7,1.16,2.83,13.65,12.62,14.66
EIF2B5-DT,lncRNA,2.45,0.5,0.96,1.86,17.48,13.8
EIF3J-DT,lncRNA,5.03,9.4,3.7,11.74,20.88,34.14
EIPR1-IT1,lncRNA,0.33,0.0,0.2,1.25,2.66,1.32
ELAVL4-AS1,lncRNA,24.79,176.63,9.45,8.27,4.75,29.11
ELDR,lncRNA,4.74,9.54,15.12,5.02,30.19,25.5
ELF3-AS1,lncRNA,3.58,5.09,3.1,6.56,12.81,18.19
ELFN1-AS1,lncRNA,0.69,0.0,0.67,1.0,6.84,4.32
ELFN2,lncRNA,1.27,1.68,2.73,3.13,9.58,19.15
ELMO1-AS1,lncRNA,1.5,19.62,1.53,2.13,1.42,3.68
ELN-AS1,lncRNA,0.0,0.74,0.58,0.74,1.05,0.44
ELOA-AS1,lncRNA,1.39,6.69,1.81,3.36,5.16,4.74
ELOVL2-AS1,lncRNA,5.2,4.54,6.2,2.55,19.06,9.2
EMC1-AS1,lncRNA,2.64,6.5,13.81,0.24,5.38,5.65
EML2-AS1,lncRNA,0.35,0.55,1.84,0.5,10.69,14.88
EML4-AS1,lncRNA,2.23,1.86,9.56,3.53,16.63,29.93
EML6-AS1,lncRNA,0.0,0.63,0.0,1.14,1.89,1.19
EMSLR,lncRNA,0.92,8.58,1.81,9.55,7.12,15.31
EMX2OS,lncRNA,8.97,11.93,13.14,6.95,33.34,27.06
ENO1-AS1,lncRNA,1.6,0.15,0.0,0.3,5.48,3.2
ENOX1-AS1,lncRNA,1.0,6.46,2.64,4.0,4.7,14.74
ENOX1-AS2,lncRNA,3.0,1.07,0.0,0.17,2.08,0.59
ENTPD1-AS1,lncRNA,24.49,37.43,57.69,32.34,130.74,95.5
ENTPD3-AS1,lncRNA,43.57,68.48,8.78,10.88,12.39,54.35
EP300-AS1,lncRNA,0.2,0.57,0.2,2.0,2.52,1.39
EPB41L4A-AS1,lncRNA,1.62,3.87,4.07,3.48,24.05,28.87
EPB41L4A-DT,lncRNA,3.45,4.91,7.11,8.32,29.39,23.86
EPCAM-DT,lncRNA,1.0,1.56,4.33,6.97,11.95,13.38
EPHA1-AS1,lncRNA,16.36,28.03,5.98,4.05,45.76,50.19
EPHA5-AS1,lncRNA,0.42,1.05,1.66,1.15,5.73,4.53
EPN2-AS1,lncRNA,0.07,0.2,0.0,0.0,1.93,4.14
EPS15-AS1,lncRNA,2.0,5.09,1.8,5.0,4.56,0.25
ERC2-IT1,lncRNA,3.0,0.74,0.51,0.35,16.91,19.95
ERCC8-AS1,lncRNA,0.0,0.0,0.0,0.11,1.59,0.24
ERI3-IT1,lncRNA,1.0,0.0,0.0,0.33,1.47,1.11
ERICD,lncRNA,0.24,1.49,1.18,4.1,13.64,12.39
ERICH3-AS1,lncRNA,5.12,6.69,1.59,8.23,7.25,8.58
ERICH6-AS1,lncRNA,3.34,2.78,9.34,1.04,25.78,32.04
ERLNC1,lncRNA,2.81,2.0,4.54,7.95,10.25,16.9
ERVE-1,lncRNA,0.39,2.04,0.82,0.0,3.86,3.41
ERVH-1,lncRNA,1.0,0.0,0.47,0.07,2.89,1.5
ERVK-28,lncRNA,0.0,0.0,0.0,0.22,0.55,0.6
ERVK13-1,lncRNA,185.28,43.85,12.8,21.85,100.79,76.16
ERVK9-11,lncRNA,0.5,4.05,3.05,1.5,6.7,6.98
ESRG,lncRNA,1.2,2.33,2.45,1.54,3.86,2.16
ETS1-AS1,lncRNA,0.99,0.11,0.75,0.96,7.85,3.39
ETV5-AS1,lncRNA,0.0,0.0,0.07,0.0,0.33,0.0
ETV7-AS1,lncRNA,0.2,4.11,1.83,2.03,47.41,40.94
EVX1-AS,lncRNA,1.02,0.92,3.31,1.7,22.68,18.91
EWSAT1,lncRNA,2.2,1.83,4.85,0.0,12.65,7.34
EXOC3-AS1,lncRNA,4.67,3.9,16.26,2.55,32.99,27.48
EXOSC10-AS1,lncRNA,0.42,0.14,1.03,0.18,4.94,2.58
EXTL3-AS1,lncRNA,8.4,7.79,14.87,16.07,54.56,50.94
EZR-AS1,lncRNA,0.0,0.0,0.21,0.0,0.36,3.58
F10-AS1,lncRNA,0.08,1.02,1.93,0.19,10.76,6.11
F11-AS1,lncRNA,0.7,2.64,1.22,2.16,6.58,9.56
FABP6-AS1,lncRNA,1.85,0.41,3.9,4.39,12.85,14.04
FAF1-AS1,lncRNA,1.0,0.33,0.0,0.0,0.86,1.34
FALEC,lncRNA,2.97,4.58,29.49,1.67,8.94,5.7
FAM106A,lncRNA,4.13,3.51,3.79,8.11,12.15,7.94
FAM106C,lncRNA,0.29,0.24,0.61,0.17,1.57,1.86
FAM111A-DT,lncRNA,2.85,2.87,4.51,3.53,24.35,27.88
FAM131B-AS1,lncRNA,0.0,0.18,0.0,0.0,0.39,0.67
FAM135A-AS1,lncRNA,0.37,0.2,0.78,0.62,4.43,3.06
FAM138A,lncRNA,0.5,0.14,0.32,0.69,1.18,1.38
FAM138B,lncRNA,0.0,0.14,0.32,1.35,0.81,0.88
FAM138C,lncRNA,0.0,0.14,0.32,0.69,1.12,1.38
FAM138D,lncRNA,0.0,0.14,0.32,0.62,0.67,1.2
FAM138E,lncRNA,0.0,0.14,0.18,0.69,1.18,1.38
FAM138F,lncRNA,0.0,0.14,0.32,0.69,1.18,1.38
FAM13A-AS1,lncRNA,7.86,19.16,6.06,17.3,28.75,26.53
FAM153CP,lncRNA,21.4,38.12,20.11,41.45,57.18,63.12
FAM155A-IT1,lncRNA,0.75,0.5,0.75,0.0,0.37,3.75
FAM157C,lncRNA,8.25,14.42,8.41,24.68,46.72,39.39
FAM160A1-DT,lncRNA,0.24,0.75,0.17,0.34,4.76,1.5
FAM167A-AS1,lncRNA,0.62,0.25,0.14,4.0,2.49,4.14
FAM170B-AS1,lncRNA,0.0,0.11,0.7,0.33,3.15,3.31
FAM181A-AS1,lncRNA,5.74,10.85,2.4,8.24,15.95,14.26
FAM182A,lncRNA,4.28,5.5,4.32,8.59,29.62,23.71
FAM182B,lncRNA,4.81,5.66,4.79,7.64,16.65,22.09
FAM193B-DT,lncRNA,0.06,0.0,0.25,0.0,8.56,5.58
FAM197Y6,lncRNA,0.74,2.3,0.47,4.84,2.9,4.63
FAM197Y7,lncRNA,0.32,0.74,0.18,2.68,1.01,0.93
FAM198B-AS1,lncRNA,5.43,3.47,13.46,6.31,22.92,18.62
FAM201A,lncRNA,1.56,12.22,17.33,10.89,29.22,15.65
FAM215A,lncRNA,0.21,0.44,0.93,0.09,2.22,1.43
FAM215B,lncRNA,1.58,7.31,3.76,4.45,19.39,14.85
FAM218A,lncRNA,1.06,4.46,1.09,0.0,26.64,13.76
FAM222A-AS1,lncRNA,3.03,1.06,1.04,8.28,15.58,33.41
FAM223A,lncRNA,1.81,6.82,1.45,1.84,21.62,22.61
FAM223B,lncRNA,1.81,6.82,1.45,2.09,21.47,26.55
FAM224A,lncRNA,0.57,0.22,1.19,0.81,9.11,5.64
FAM224B,lncRNA,0.57,0.22,1.19,1.81,9.11,5.64
FAM225A,lncRNA,3.46,4.76,17.77,11.31,32.34,38.66
FAM225B,lncRNA,4.27,4.85,17.84,10.14,30.05,27.41
FAM226B,lncRNA,0.92,1.69,0.75,0.15,8.98,10.72
FAM230A,lncRNA,0.59,0.7,1.8,2.57,5.29,5.61
FAM230B,lncRNA,2.28,2.48,2.27,3.14,10.15,8.25
FAM230C,lncRNA,3.59,13.97,1.6,5.9,3.0,4.64
FAM230D,lncRNA,1.28,1.64,0.39,1.12,2.34,2.18
FAM230E,lncRNA,1.06,0.87,0.61,1.89,2.81,2.71
FAM230F,lncRNA,0.19,0.71,1.42,0.82,1.54,0.76
FAM230G,lncRNA,0.47,0.28,0.54,2.11,2.92,2.82
FAM230H,lncRNA,1.82,2.19,2.26,2.44,7.49,8.38
FAM230I,lncRNA,0.0,3.87,0.93,0.96,2.72,4.9
FAM230J,lncRNA,1.86,1.78,1.81,2.06,8.21,7.51
FAM242A,lncRNA,0.11,1.54,0.68,2.52,3.78,3.72
FAM242B,lncRNA,0.0,0.0,0.13,0.08,0.77,1.15
FAM242C,lncRNA,1.4,1.3,3.48,3.63,4.72,3.43
FAM242D,lncRNA,0.08,3.2,0.05,0.69,4.36,3.79
FAM242E,lncRNA,0.0,0.76,0.13,0.28,0.65,1.46
FAM242F,lncRNA,0.54,1.24,1.71,0.53,2.89,3.0
FAM245A,lncRNA,0.44,0.25,1.9,3.33,4.22,2.48
FAM245B,lncRNA,0.69,1.59,2.03,1.83,8.35,13.87
FAM247B,lncRNA,0.0,0.0,0.0,0.2,0.26,0.22
FAM27C,lncRNA,7.12,12.56,11.2,13.62,46.36,35.39
FAM27E3,lncRNA,0.56,0.45,1.78,3.52,12.39,10.31
FAM27E5,lncRNA,0.69,0.83,1.7,0.0,7.76,3.08
FAM30A,lncRNA,4.99,3.52,9.02,11.7,30.66,32.78
FAM3D-AS1,lncRNA,3.14,4.27,2.1,5.07,15.57,11.54
FAM41AY1,lncRNA,0.0,0.0,0.11,1.22,0.48,0.12
FAM41AY2,lncRNA,0.0,0.0,0.06,0.61,0.24,0.06
FAM41C,lncRNA,2.96,0.79,0.32,0.55,4.95,3.95
FAM53B-AS1,lncRNA,0.99,0.96,4.37,1.67,6.36,6.29
FAM66A,lncRNA,1.87,0.15,1.76,0.76,7.63,6.45
FAM66B,lncRNA,6.64,9.48,13.25,10.9,92.84,85.33
FAM66C,lncRNA,1.55,3.75,3.38,7.35,11.01,12.45
FAM66D,lncRNA,3.76,4.36,1.67,5.2,15.21,11.2
FAM66E,lncRNA,1.27,0.75,2.0,2.59,12.64,10.11
FAM74A1,lncRNA,0.25,0.49,0.0,0.4,0.43,0.31
FAM74A7,lncRNA,0.25,0.49,0.0,0.4,0.43,0.31
FAM78B-AS1,lncRNA,0.0,1.67,0.0,1.0,1.33,0.0
FAM83A-AS1,lncRNA,1.42,0.34,3.33,0.57,9.03,9.99
FAM83C-AS1,lncRNA,0.1,0.33,0.0,0.5,1.91,0.82
FAM85B,lncRNA,0.17,0.42,0.48,0.28,0.76,0.68
FAM87A,lncRNA,3.1,6.39,10.61,4.07,26.18,29.33
FAM87B,lncRNA,1.51,2.28,3.73,2.0,11.28,13.87
FAM99A,lncRNA,3.59,7.7,2.92,2.58,9.26,15.13
FAM99B,lncRNA,2.5,7.0,2.3,2.1,7.48,14.93
FANK1-AS1,lncRNA,0.0,0.0,0.0,0.0,4.19,1.68
FAR1-IT1,lncRNA,0.25,2.5,0.29,0.75,6.49,4.28
FARP1-AS1,lncRNA,0.1,0.31,0.75,0.07,3.05,5.12
FARSA-AS1,lncRNA,0.25,0.0,0.0,0.1,0.39,1.12
FBXL19-AS1,lncRNA,6.3,36.72,1097.2,9.93,26.36,32.16
FBXO3-DT,lncRNA,0.83,4.75,1.22,0.5,5.17,3.65
FBXO30-DT,lncRNA,6.66,30.63,8.34,28.76,71.17,82.02
FBXO36-IT1,lncRNA,0.0,0.0,0.21,1.0,2.54,0.99
FBXW7-AS1,lncRNA,0.0,0.0,1.0,0.0,0.33,0.79
FENDRR,lncRNA,6.15,4.07,8.04,6.93,29.63,29.38
FER1L6-AS1,lncRNA,1.62,2.25,1.6,1.0,8.32,7.11
FER1L6-AS2,lncRNA,1.2,4.66,0.91,5.67,19.0,15.77
FEZF1-AS1,lncRNA,5.75,10.6,7.43,6.06,31.56,22.92
FGD5-AS1,lncRNA,4.46,18.75,10.69,7.79,38.2,41.4
FGF10-AS1,lncRNA,0.18,6.38,0.17,2.0,7.41,6.35
FGF12-AS1,lncRNA,0.5,0.0,0.0,0.0,0.77,0.06
FGF12-AS2,lncRNA,0.05,1.0,0.06,0.54,5.01,5.59
FGF12-AS3,lncRNA,0.0,1.0,0.97,0.14,1.7,0.84
FGF13-AS1,lncRNA,0.04,1.03,0.61,0.0,3.69,2.57
FGF14-AS1,lncRNA,1.31,0.44,1.81,4.0,4.22,3.7
FGF14-AS2,lncRNA,3.1,1.24,7.42,1.17,19.32,18.11
FGF14-IT1,lncRNA,0.18,4.58,1.61,6.8,13.28,9.72
FHAD1-AS1,lncRNA,13.56,102.05,38.55,25.65,47.16,48.03
FIGNL2-DT,lncRNA,5.47,7.31,2.3,4.33,5.89,7.98
FILNC1,lncRNA,0.75,0.54,1.24,2.51,2.43,2.55
FIRRE,lncRNA,6.41,11.86,10.13,34.84,14.94,21.14
FKBP14-AS1,lncRNA,2.55,4.66,3.02,5.95,22.98,17.48
FLG-AS1,lncRNA,7.07,14.32,24.69,24.42,40.93,58.81
FLJ12825,lncRNA,1.66,2.09,3.58,2.44,15.39,10.58
FLJ13224,lncRNA,6.96,2.63,7.37,3.16,41.5,41.11
FLJ16779,lncRNA,83.89,135.65,161.64,115.51,332.73,400.2
FLJ20021,lncRNA,0.73,0.52,1.2,6.35,6.68,7.12
FLJ31104,lncRNA,1.28,1.16,3.11,5.48,13.54,12.8
FLJ31356,lncRNA,1.27,0.89,1.52,0.09,3.22,4.87
FLJ36000,lncRNA,6.42,1.18,4.33,1.51,11.49,16.25
FLJ37453,lncRNA,8.91,12.24,12.4,10.52,51.68,55.92
FLJ40194,lncRNA,38.26,57.37,16.47,16.73,22.83,65.61
FLJ40288,lncRNA,9.63,8.05,38.63,10.1,33.19,32.15
FLJ42969,lncRNA,4.18,5.33,33.78,8.31,23.05,27.47
FLJ46284,lncRNA,0.68,10.8,6.1,7.37,125.45,105.32
FLNB-AS1,lncRNA,2.99,2.03,1.16,2.85,11.25,13.67
FLNC-AS1,lncRNA,0.0,0.75,2.09,0.05,0.39,0.67
FLVCR1-DT,lncRNA,5.43,4.23,15.24,10.34,34.49,31.55
FMR1-AS1,lncRNA,4.45,1.36,2.77,1.51,18.64,16.59
FNDC1-IT1,lncRNA,0.0,0.06,0.0,2.12,0.0,1.17
FO393408.1,lncRNA,0.0,0.57,0.43,1.0,0.33,1.42
FO393414.3,lncRNA,8.9,7.12,11.89,11.08,75.81,53.24
FO393415.2,lncRNA,0.0,0.0,0.0,0.0,0.32,0.25
FO393418.1,lncRNA,0.0,0.0,0.57,0.25,2.88,1.73
FO680682.1,lncRNA,0.0,0.05,0.11,0.33,0.0,0.68
FO704657.1,lncRNA,0.0,0.0,0.12,0.45,0.87,1.75
FOCAD-AS1,lncRNA,0.0,0.24,0.91,1.45,5.37,6.01
FOXC2-AS1,lncRNA,0.89,0.11,0.12,0.27,3.15,1.66
FOXCUT,lncRNA,1.65,1.71,4.18,3.36,25.78,20.05
FOXD1-AS1,lncRNA,0.08,0.0,0.07,0.0,0.82,0.56
FOXD2-AS1,lncRNA,2.93,7.06,9.97,10.15,33.39,23.84
FOXD3-AS1,lncRNA,0.66,0.27,2.69,1.25,8.24,9.85
FOXG1-AS1,lncRNA,2.92,3.45,3.42,6.22,14.71,5.81
FOXN3-AS1,lncRNA,2.49,2.23,1.52,0.4,6.67,6.52
FOXN3-AS2,lncRNA,7.75,5.61,19.0,18.09,77.98,77.61
FOXO6-AS1,lncRNA,0.0,0.0,0.25,0.5,5.88,12.99
FOXP1-AS1,lncRNA,4.19,4.22,1.38,9.0,1.7,1.21
FOXP1-IT1,lncRNA,1.26,5.32,2.24,0.84,5.07,6.06
FOXP4-AS1,lncRNA,2.89,2.9,2.75,0.48,9.29,3.88
FP236240.1,lncRNA,0.59,2.54,1.81,2.01,5.86,4.24
FP236241.1,lncRNA,2.24,1.66,2.04,2.58,8.93,8.31
FP236315.1,lncRNA,0.0,0.12,0.06,0.17,2.03,3.05
FP236315.3,lncRNA,0.0,0.0,0.24,0.08,0.07,0.0
FP236383.3,lncRNA,49.22,110.84,49.68,168.42,142.55,151.31
FP236383.4,lncRNA,6252.36,11645.95,14475.51,7847.25,7788.89,11672.75
FP236383.5,lncRNA,6252.63,11646.1,14475.78,7847.37,7789.2,11672.89
FP325313.3,lncRNA,2.97,3.19,3.25,1.92,18.61,13.98
FP325318.1,lncRNA,0.2,0.14,0.0,0.96,0.17,0.41
FP325330.1,lncRNA,0.06,0.0,0.29,5.0,1.06,1.0
FP325330.2,lncRNA,8.56,4.34,3.07,5.18,21.85,22.38
FP325330.3,lncRNA,6.89,6.98,10.29,13.65,33.61,41.1
FP325332.1,lncRNA,0.17,1.22,1.86,9.6,3.35,6.82
FP326651.1,lncRNA,1.96,3.16,0.16,4.57,7.3,4.15
FP475955.1,lncRNA,0.38,0.08,0.27,2.1,1.94,2.45
FP475955.2,lncRNA,0.0,0.0,0.0,0.0,0.11,0.0
FP475955.3,lncRNA,0.25,0.18,0.78,0.29,2.39,3.75
FP565171.1,lncRNA,2.4,7.53,11.25,7.16,80.16,80.26
FP565260.5,lncRNA,0.25,0.73,0.0,0.73,2.46,1.82
FP671120.4,lncRNA,25.3,57.22,25.29,86.24,71.3,76.21
FP671120.6,lncRNA,6252.31,11642.93,14474.29,7846.96,7789.6,11672.99
FP671120.7,lncRNA,6103.02,11490.58,14417.45,7785.58,7720.42,11420.6
FP700111.1,lncRNA,0.74,2.83,1.39,1.55,1.5,1.36
FREM2-AS1,lncRNA,0.0,0.0,0.0,0.0,0.07,0.0
FRG1-DT,lncRNA,1.28,1.9,6.3,5.28,14.98,10.77
FRGCA,lncRNA,0.0,0.0,0.53,0.0,2.54,1.86
FRMD6-AS1,lncRNA,1.37,2.69,4.12,5.16,5.82,13.65
FRMD6-AS2,lncRNA,30.69,39.16,30.62,35.04,136.29,148.93
FRMPD3-AS1,lncRNA,0.33,0.0,0.2,0.0,0.47,0.57
FRMPD4-AS1,lncRNA,0.0,0.0,0.0,0.0,7.41,0.54
FRY-AS1,lncRNA,0.4,4.21,0.09,1.11,1.08,0.49
FSIP2-AS1,lncRNA,0.1,0.0,1.5,1.02,2.94,3.68
FSIP2-AS2,lncRNA,0.03,1.52,1.47,1.29,3.77,4.78
FTCD-AS1,lncRNA,0.0,0.38,1.6,2.06,6.57,5.67
FTX,lncRNA,55.14,56.83,43.07,62.49,242.17,179.67
FUT8-AS1,lncRNA,2.41,11.85,5.77,4.71,36.02,33.33
FZD10-AS1,lncRNA,13.3,19.37,12.71,14.44,79.05,50.11
FZD4-DT,lncRNA,0.48,2.07,2.11,0.79,4.87,9.91
G2E3-AS1,lncRNA,0.0,0.1,0.25,1.67,1.0,2.16
GABARAPL1-AS1,lncRNA,0.0,0.5,0.0,0.0,0.25,0.11
GABPB1-AS1,lncRNA,58.28,72.56,54.32,81.35,399.07,275.34
GABPB1-IT1,lncRNA,7.23,15.27,14.69,22.7,17.87,18.37
GABRG3-AS1,lncRNA,0.58,2.31,0.67,1.17,6.69,2.7
GACAT1,lncRNA,0.61,0.0,0.5,0.23,1.82,1.81
GACAT2,lncRNA,0.0,0.58,0.62,0.0,10.92,5.37
GACAT3,lncRNA,1.1,2.84,4.96,8.48,36.09,33.36
GAPLINC,lncRNA,0.0,0.5,0.0,0.17,1.18,0.35
GAR1-DT,lncRNA,0.0,1.06,0.42,0.0,4.0,2.46
GARS1-DT,lncRNA,39.27,40.87,21.31,26.3,151.06,174.44
GAS1RR,lncRNA,4.94,5.99,15.97,8.87,15.66,9.02
GAS5,lncRNA,150.22,107.76,177.35,74.17,106.89,278.85
GAS5-AS1,lncRNA,0.05,0.37,0.0,1.08,0.33,0.14
GAS6-AS1,lncRNA,4.75,7.89,7.42,14.2,65.98,55.99
GAS6-DT,lncRNA,1.14,1.01,0.16,1.63,4.37,4.02
GAS8-AS1,lncRNA,0.0,1.61,0.33,1.0,4.03,3.6
GASAL1,lncRNA,2.49,5.64,5.37,6.95,97.15,96.97
GATA2-AS1,lncRNA,5.35,10.63,7.09,12.52,43.83,44.32
GATA3-AS1,lncRNA,5.01,12.32,5.49,7.57,56.35,58.72
GATA6-AS1,lncRNA,8.0,8.44,15.99,26.03,57.57,61.9
GAU1,lncRNA,2.5,2.15,0.49,4.31,3.93,1.85
GCC2-AS1,lncRNA,0.56,1.95,1.46,2.7,5.4,3.59
GCSAML-AS1,lncRNA,0.04,0.37,0.22,0.11,2.2,1.34
GCSIR,lncRNA,3.16,2.02,4.34,4.29,20.19,19.16
GDF5-AS1,lncRNA,2.77,2.75,1.93,3.68,9.96,10.54
GDNF-AS1,lncRNA,11.51,11.45,7.38,14.05,36.26,36.88
GEMIN7-AS1,lncRNA,2.66,4.69,6.67,4.56,24.86,22.49
GFOD1-AS1,lncRNA,0.95,0.5,1.08,1.19,3.73,3.84
GHET1,lncRNA,0.33,1.17,1.5,3.58,2.13,3.28
GHRLOS,lncRNA,1.58,0.54,1.23,0.38,9.92,7.12
GIHCG,lncRNA,2.77,2.7,2.04,0.41,10.3,10.8
GK-AS1,lncRNA,0.0,0.0,0.0,0.0,0.59,0.5
GK-IT1,lncRNA,1.0,0.0,0.0,0.0,0.87,0.44
GLCCI1-DT,lncRNA,0.2,0.5,0.42,3.12,1.35,1.79
GLIDR,lncRNA,3.09,2.24,2.74,2.3,14.54,9.86
GLIS2-AS1,lncRNA,0.25,1.25,0.0,0.14,0.98,1.95
GLIS3-AS1,lncRNA,1.21,0.06,2.11,0.19,5.87,0.71
GLYCTK-AS1,lncRNA,1.03,0.43,1.42,1.08,4.12,4.4
GMDS-DT,lncRNA,44.98,34.51,30.55,58.72,210.64,210.16
GNA14-AS1,lncRNA,0.33,0.0,0.1,1.0,1.36,0.64
GNAS-AS1,lncRNA,5.46,22.32,10.75,9.72,43.4,39.26
GNG12-AS1,lncRNA,1.39,2.97,3.23,1.74,14.27,10.8
GOLGA8M,lncRNA,0.17,0.39,0.82,0.39,0.9,1.44
GORAB-AS1,lncRNA,4.05,7.47,1.22,2.83,20.51,13.16
GPC5-AS1,lncRNA,0.0,0.14,0.0,0.0,0.41,1.09
GPC5-AS2,lncRNA,0.09,0.25,0.0,0.0,0.35,0.77
GPC5-IT1,lncRNA,2.05,0.05,0.0,0.4,4.36,2.39
GPC6-AS1,lncRNA,0.75,0.2,0.5,1.0,8.37,1.7
GPC6-AS2,lncRNA,0.5,0.0,0.0,1.83,0.47,0.62
GPR1-AS,lncRNA,29.72,62.02,46.03,48.01,192.38,203.51
GPR158-AS1,lncRNA,1.37,8.22,7.16,4.45,56.17,53.63
GPR176-DT,lncRNA,8.64,3.5,5.31,3.61,12.39,13.07
GPR50-AS1,lncRNA,3.12,2.0,6.42,1.68,19.18,14.48
GPRACR,lncRNA,3.0,2.65,3.5,1.76,16.64,13.98
GPRC5D-AS1,lncRNA,1.07,0.27,0.73,1.49,11.29,5.41
GRASLND,lncRNA,2.74,4.67,1.75,5.16,9.43,9.38
GRHL3-AS1,lncRNA,0.5,1.78,1.62,1.0,5.07,4.54
GRID1-AS1,lncRNA,2.75,0.08,1.88,5.1,2.42,1.87
GRIK1-AS1,lncRNA,3.71,3.36,2.58,6.6,49.11,31.05
GRK5-IT1,lncRNA,0.2,0.0,0.0,0.0,0.05,1.17
GRM3-AS1,lncRNA,6.78,3.63,7.36,12.59,38.45,42.29
GRM5-AS1,lncRNA,15.16,6.03,1.72,1.48,21.19,7.86
GRM7-AS1,lncRNA,2.66,0.33,1.67,4.12,7.25,3.55
GRM7-AS2,lncRNA,0.0,1.0,0.0,0.0,0.31,0.54
GRM7-AS3,lncRNA,0.62,0.44,0.61,2.0,5.43,6.13
GRM8-AS1,lncRNA,0.0,0.76,1.67,2.7,27.93,19.94
GRPEL2-AS1,lncRNA,0.25,0.5,0.17,0.0,0.27,2.54
GRTP1-AS1,lncRNA,0.15,4.48,2.12,0.17,7.29,7.81
GS1-124K5.4,lncRNA,3.82,1.31,3.5,1.19,52.34,36.61
GS1-24F4.2,lncRNA,3.89,1.72,6.34,3.55,56.92,54.16
GS1-600G8.3,lncRNA,0.0,3.62,4.22,1.0,5.23,3.55
GSEC,lncRNA,3.61,3.27,1.75,6.23,9.23,10.69
GSN-AS1,lncRNA,5.12,3.17,8.64,15.65,31.43,23.64
GSTCD-AS1,lncRNA,0.06,3.0,0.43,1.0,0.8,1.46
GTF3C2-AS1,lncRNA,0.23,1.1,1.8,0.56,10.42,10.43
GTSCR1,lncRNA,0.0,0.06,0.0,1.0,0.0,0.4
GTSE1-DT,lncRNA,1.01,0.26,1.88,0.45,3.29,0.87
GUSBP11,lncRNA,3.03,4.01,10.28,7.21,23.99,22.32
GYG2-AS1,lncRNA,0.0,1.33,0.0,0.0,2.15,0.44
H1-10-AS1,lncRNA,2.58,2.39,2.2,2.1,9.17,7.84
H19,lncRNA,3.64,3.94,5.31,4.26,21.44,26.23
H2AZ1-DT,lncRNA,5.95,6.99,5.17,6.5,93.67,59.55
H3-3A-DT,lncRNA,0.0,0.0,0.75,0.39,5.88,1.94
HAGLR,lncRNA,11.14,5.62,18.35,12.43,32.0,20.04
HAGLROS,lncRNA,2.36,0.0,1.57,1.23,5.07,3.46
HAND2-AS1,lncRNA,19.99,24.49,20.37,26.52,109.03,105.29
HAR1A,lncRNA,4.48,0.92,11.44,4.29,31.98,19.44
HAR1B,lncRNA,3.88,4.18,5.91,12.3,32.42,37.36
HAS2-AS1,lncRNA,5.92,13.15,10.19,8.73,51.69,58.15
HCCAT5,lncRNA,1.43,2.14,3.82,1.84,26.73,15.41
HCFC1-AS1,lncRNA,2.17,1.25,3.49,2.75,4.54,6.03
HCG11,lncRNA,12.16,12.66,5.35,7.68,15.86,20.97
HCG14,lncRNA,3.33,9.61,5.42,8.64,22.03,33.45
HCG15,lncRNA,0.2,3.65,0.0,1.05,0.32,0.57
HCG17,lncRNA,0.25,0.17,0.17,0.0,0.57,0.08
HCG18,lncRNA,10.65,25.04,17.66,16.6,67.23,53.68
HCG20,lncRNA,2.83,3.33,4.25,1.7,4.26,11.31
HCG21,lncRNA,0.0,0.48,0.62,0.0,5.88,1.35
HCG24,lncRNA,0.33,0.8,0.5,2.0,0.11,0.43
HCG25,lncRNA,2.34,2.62,1.03,1.47,8.32,8.92
HCG27,lncRNA,1.37,4.65,5.57,0.92,5.04,4.44
HCG9,lncRNA,0.25,2.43,1.58,1.7,5.66,7.28
HCP5,lncRNA,12.95,30.37,12.7,11.3,77.58,68.85
HCP5B,lncRNA,2.37,1.19,1.53,7.42,5.31,2.5
HDAC11-AS1,lncRNA,0.49,0.23,3.85,0.0,5.88,4.59
HDAC2-AS2,lncRNA,6.67,19.06,16.32,13.68,124.97,118.19
HDAC4-AS1,lncRNA,2.18,1.68,3.99,3.83,9.99,14.42
HDAC9-AS1,lncRNA,0.11,0.0,0.0,0.0,1.57,0.6
HDHD5-AS1,lncRNA,0.88,0.06,1.83,0.83,7.2,9.38
HECW1-IT1,lncRNA,0.89,5.36,2.52,6.71,6.48,2.52
HECW2-AS1,lncRNA,1.06,0.0,0.75,0.25,1.75,1.14
HEIH,lncRNA,5.47,6.14,7.14,3.94,19.85,25.57
HELLPAR,lncRNA,131.63,180.18,89.24,198.21,362.79,407.09
HEXA-AS1,lncRNA,1.8,2.5,5.93,2.58,11.08,11.44
HEXD-IT1,lncRNA,2.09,6.82,0.14,0.79,0.4,2.73
HGC6.3,lncRNA,2.56,4.0,6.44,4.53,41.24,53.79
HHATL-AS1,lncRNA,1.92,1.96,3.04,5.39,4.28,2.42
HHIP-AS1,lncRNA,1.82,6.57,6.14,2.55,26.86,41.94
HHLA3,lncRNA,1.52,3.16,1.5,0.5,22.78,36.95
HHLA3-AS1,lncRNA,0.0,0.18,0.07,0.0,0.24,0.0
HID1-AS1,lncRNA,0.58,3.96,0.3,1.0,1.97,0.73
HIF1A-AS1,lncRNA,0.16,0.06,4.17,1.04,5.44,2.04
HIF1A-AS3,lncRNA,0.0,0.0,0.68,0.1,3.97,2.26
HIPK1-AS1,lncRNA,0.7,7.28,1.95,2.58,9.52,13.61
HK2-DT,lncRNA,1.83,0.59,2.73,1.47,18.87,17.18
HLA-DQB1-AS1,lncRNA,0.08,12.0,0.5,0.0,1.47,0.78
HLA-F-AS1,lncRNA,9.55,5.9,10.72,9.67,18.91,14.26
HLCS-IT1,lncRNA,0.0,0.0,0.33,0.0,2.85,3.01
HLTF-AS1,lncRNA,0.0,0.08,0.38,0.08,3.03,0.88
HLX-AS1,lncRNA,2.44,2.5,0.62,1.12,6.19,4.61
HM13-AS1,lncRNA,0.42,0.5,0.15,0.37,2.5,3.41
HM13-IT1,lncRNA,0.14,1.07,0.39,0.14,0.0,0.06
HMBOX1-IT1,lncRNA,1.51,4.98,1.68,0.69,20.55,26.21
HMGA1P4,lncRNA,0.0,0.0,0.05,4.3,2.97,0.31
HMGA2-AS1,lncRNA,5.54,7.11,3.92,7.71,10.48,7.0
HMGN3-AS1,lncRNA,2.66,0.38,1.73,6.67,10.64,8.89
HMMR-AS1,lncRNA,1.14,0.0,0.9,0.5,0.49,2.63
HNF1A-AS1,lncRNA,1.29,2.08,1.75,3.72,9.78,18.6
HNF4A-AS1,lncRNA,0.06,0.97,0.05,1.6,4.26,2.74
HNRNPD-DT,lncRNA,0.5,0.55,1.67,1.24,10.73,6.22
HOMER3-AS1,lncRNA,2.39,3.01,1.65,2.17,6.66,5.63
HORMAD2-AS1,lncRNA,0.07,1.25,2.92,0.83,7.81,4.46
HOTAIR,lncRNA,0.54,0.86,1.55,3.17,10.81,12.37
HOTAIRM1,lncRNA,7.88,24.95,69.95,4.75,50.23,44.64
HOTTIP,lncRNA,8.32,4.5,8.45,5.11,26.13,24.67
HOXA-AS2,lncRNA,12.49,29.77,63.23,13.85,73.04,59.1
HOXA-AS3,lncRNA,10.8,7.13,12.31,12.48,67.46,49.97
HOXA10-AS,lncRNA,4.56,2.93,15.52,6.09,14.48,16.06
HOXA11-AS,lncRNA,16.64,23.57,22.17,30.02,27.14,25.4
HOXB-AS1,lncRNA,1.54,7.65,3.78,5.38,14.51,9.26
HOXB-AS2,lncRNA,0.77,0.1,0.7,0.0,3.1,6.37
HOXB-AS3,lncRNA,5.78,1.89,1.96,4.48,10.95,8.12
HOXB-AS4,lncRNA,0.23,0.08,0.07,1.67,7.32,2.54
HOXC-AS1,lncRNA,0.2,0.52,1.58,2.0,2.9,2.06
HOXC-AS2,lncRNA,5.44,10.68,8.09,11.72,28.24,24.49
HOXC-AS3,lncRNA,162.69,21.05,19.57,19.9,56.26,40.41
HOXC13-AS,lncRNA,2.75,3.83,3.06,0.78,18.78,14.44
HOXD-AS2,lncRNA,7.77,2.85,10.08,3.4,10.88,14.51
HPAT5,lncRNA,0.0,3.05,0.0,0.59,0.32,0.62
HPN-AS1,lncRNA,5.42,9.75,5.91,4.96,31.42,28.06
HPYR1,lncRNA,3.53,1.39,1.04,0.98,4.63,5.77
HRAT17,lncRNA,0.45,1.5,1.08,2.19,12.73,11.73
HRAT92,lncRNA,15.99,9.83,21.75,14.9,64.81,44.92
HS1BP3-IT1,lncRNA,0.5,0.0,0.31,0.11,4.36,4.53
HS6ST2-AS1,lncRNA,0.0,0.0,0.0,0.0,0.31,1.12
HSD11B1-AS1,lncRNA,1.17,0.09,0.07,2.0,3.4,3.03
HSD17B3-AS1,lncRNA,3.5,14.25,7.6,15.0,1.71,0.92
HSD52,lncRNA,4.57,3.55,4.09,3.18,26.34,25.42
HTR2A-AS1,lncRNA,0.13,0.0,0.0,3.0,0.0,0.2
HTR3E-AS1,lncRNA,0.0,0.0,0.0,0.0,2.57,1.89
HTR5A-AS1,lncRNA,3.7,2.19,2.79,2.28,4.35,11.5
HTT-AS,lncRNA,2.26,4.44,4.21,3.52,10.43,10.24
HULC,lncRNA,25.77,62.11,37.3,39.47,251.37,226.23
HUNK-AS1,lncRNA,0.0,0.74,0.08,0.12,1.63,2.0
HYI-AS1,lncRNA,1.36,1.23,0.0,0.0,0.78,0.82
HYMAI,lncRNA,3.54,1.71,3.23,6.91,15.78,14.76
IATPR,lncRNA,0.28,0.34,0.45,1.0,9.86,7.47
IBA57-DT,lncRNA,0.0,0.58,0.62,0.45,2.85,1.4
ID2-AS1,lncRNA,11.48,9.91,19.59,18.44,43.42,31.67
IDH1-AS1,lncRNA,1.82,1.91,0.59,3.5,7.7,7.72
IDH2-DT,lncRNA,2.03,3.72,2.84,0.77,28.42,34.82
IDI2-AS1,lncRNA,3.37,3.98,1.55,0.75,10.4,7.21
IER3-AS1,lncRNA,0.34,1.6,1.0,0.98,5.82,4.54
IFNG-AS1,lncRNA,3.73,2.09,2.95,2.34,10.84,8.29
IFT74-AS1,lncRNA,0.1,2.5,0.5,0.0,0.46,1.56
IGBP1-AS1,lncRNA,0.0,0.0,0.0,0.0,0.0,0.2
IGBP1-AS2,lncRNA,0.12,0.69,0.25,0.14,5.32,0.96
IGF2-AS,lncRNA,3.82,4.98,18.04,9.11,44.69,55.14
IGF2BP2-AS1,lncRNA,0.36,1.65,4.55,8.0,21.04,21.06
IGFBP7-AS1,lncRNA,1.7,0.05,1.89,2.05,8.11,8.08
IGFL2-AS1,lncRNA,6.7,58.33,90.42,97.48,12.61,19.03
IGSF11-AS1,lncRNA,3.2,1.96,4.46,2.91,10.45,5.32
IGSF21-AS1,lncRNA,0.07,0.33,0.67,1.48,9.06,9.12
IL10RB-DT,lncRNA,2.63,2.49,1.75,2.52,3.39,3.9
IL12A-AS1,lncRNA,7.88,4.94,8.35,5.02,35.86,24.05
IL1R1-AS1,lncRNA,0.0,0.0,1.0,0.0,0.62,1.77
IL20RB-AS1,lncRNA,0.0,0.0,0.0,0.12,2.79,3.21
IL21-AS1,lncRNA,1.43,0.31,1.5,0.93,19.77,12.76
IL21R-AS1,lncRNA,0.56,0.77,3.43,3.34,19.95,12.86
IL6-AS1,lncRNA,0.25,0.52,0.13,0.0,3.22,2.75
IL6R-AS1,lncRNA,1.23,2.83,3.11,2.61,8.94,13.14
ILF3-DT,lncRNA,4.71,3.22,0.89,6.41,10.79,7.69
ILRUN-AS1,lncRNA,7.74,6.35,1.33,2.67,22.53,15.34
INE1,lncRNA,0.25,0.0,0.22,0.0,1.76,1.46
INE2,lncRNA,0.0,5.2,0.0,0.22,0.72,0.0
INHBA-AS1,lncRNA,1.58,7.72,4.25,6.15,13.72,15.08
INKA2-AS1,lncRNA,5.12,2.67,1.38,4.75,5.21,5.09
INO80-AS1,lncRNA,0.0,1.34,0.31,0.0,1.12,1.92
INSIG1-DT,lncRNA,4.84,1.46,4.09,2.18,4.48,8.09
INSYN1-AS1,lncRNA,0.38,0.0,1.27,1.57,2.75,3.49
INTS6-AS1,lncRNA,5.22,25.56,1.52,20.27,22.71,33.61
INTS6L-AS1,lncRNA,0.29,0.0,0.28,0.67,2.6,0.49
INTS9-AS1,lncRNA,0.37,5.2,2.6,2.25,4.0,5.4
IPO9-AS1,lncRNA,0.46,0.06,4.89,0.32,12.63,12.91
IQCA1-AS1,lncRNA,0.0,1.0,0.0,2.0,0.56,0.58
IQCF5-AS1,lncRNA,0.38,0.29,2.46,3.67,4.27,3.71
IQCH-AS1,lncRNA,5.65,7.33,8.59,8.42,69.33,60.91
IQCJ-SCHIP1-AS1,lncRNA,1.58,0.0,0.83,0.35,1.08,1.52
IRAG1-AS1,lncRNA,0.82,2.12,2.17,2.45,6.05,4.69
IRAIN,lncRNA,9.17,0.0,3.83,1.75,24.1,20.14
IRF1-AS1,lncRNA,8.96,11.05,10.24,8.21,20.33,28.26
IRF2-DT,lncRNA,2.88,5.45,4.28,8.42,12.63,14.02
IRX4-AS1,lncRNA,1.98,2.0,3.85,2.17,10.3,6.0
ISM1-AS1,lncRNA,0.0,0.0,0.0,0.07,0.59,1.13
ITCH-AS1,lncRNA,0.0,0.64,0.0,3.43,0.25,0.42
ITCH-IT1,lncRNA,0.1,0.0,0.0,0.0,0.0,0.5
ITFG1-AS1,lncRNA,0.33,1.19,0.44,0.0,3.09,2.45
ITFG2-AS1,lncRNA,1.6,0.5599999999999999,2.24,0.88,9.15,8.59
ITGA6-AS1,lncRNA,3.33,5.55,2.25,0.5,6.14,3.6
ITGA9-AS1,lncRNA,13.45,26.95,17.51,26.3,40.11,37.62
ITGB1-DT,lncRNA,2.03,1.78,0.43,2.45,11.56,7.62
ITGB2-AS1,lncRNA,5.37,6.1,3.61,10.03,15.74,15.79
ITGB5-AS1,lncRNA,0.17,0.67,0.0,0.0,2.06,1.75
ITIH4-AS1,lncRNA,0.0,0.25,0.1,0.07,0.17,0.65
ITPK1-AS1,lncRNA,7.9,22.52,11.41,64.59,95.52,123.54
ITPKB-AS1,lncRNA,0.3,0.52,0.33,0.11,1.21,0.94
ITPKB-IT1,lncRNA,1.0,2.46,0.06,0.0,2.7,4.22
ITPR1-DT,lncRNA,0.7,3.83,1.56,3.86,15.02,10.06
ITPRIP-AS1,lncRNA,0.58,0.0,3.0,0.22,0.66,1.56
JADRR,lncRNA,0.21,1.06,0.19,0.35,1.04,2.6
JAKMIP2-AS1,lncRNA,5.17,6.41,2.94,1.71,8.24,5.56
JARID2-AS1,lncRNA,1.85,1.5,4.0,0.82,5.11,2.89
JAZF1-AS1,lncRNA,3.48,7.87,4.87,8.96,11.22,10.51
JMJD1C-AS1,lncRNA,10.92,11.26,50.84,20.21,30.65,32.25
JPX,lncRNA,4.61,17.67,3.63,13.1,27.43,26.84
JRKL-AS1,lncRNA,0.0,0.17,0.0,1.2,2.05,2.83
KANSL1-AS1,lncRNA,0.11,0.22,0.0,0.12,2.77,3.95
KANSL1L-AS1,lncRNA,0.7,0.5,2.53,2.9,3.99,1.91
KAZN-AS1,lncRNA,0.63,2.32,5.92,2.27,6.5,7.81
KBTBD11-OT1,lncRNA,1.74,0.0,0.0,0.0,3.71,3.45
KC6,lncRNA,10.0,9.18,4.28,10.17,8.2,13.17
KC877392.1,lncRNA,0.0,0.0,0.0,0.0,1.39,2.04
KC877982.1,lncRNA,0.19,0.41,0.05,0.0,1.23,0.82
KCCAT198,lncRNA,0.0,1.0,0.33,0.0,0.4,0.0
KCNAB1-AS1,lncRNA,0.0,0.0,0.17,0.17,4.67,1.31
KCNAB1-AS2,lncRNA,0.33,1.33,0.24,0.25,2.41,4.72
KCND3-AS1,lncRNA,0.33,0.31,0.0,0.0,3.45,1.79
KCND3-IT1,lncRNA,0.0,0.0,0.0,0.5,0.17,0.31
KCNH1-IT1,lncRNA,0.0,1.06,0.67,0.58,2.34,0.94
KCNH7-AS1,lncRNA,0.67,0.69,0.2,2.25,5.81,4.32
KCNIP1-AS1,lncRNA,0.1,2.98,0.25,1.0,8.83,8.53
KCNIP1-OT1,lncRNA,0.15,0.4,0.0,0.35,1.17,2.73
KCNIP2-AS1,lncRNA,0.21,1.18,1.17,0.82,1.57,2.05
KCNIP4-IT1,lncRNA,16.22,28.23,34.32,23.22,28.07,21.6
KCNJ2-AS1,lncRNA,0.25,4.08,3.12,6.03,29.67,21.95
KCNJ6-AS1,lncRNA,0.12,0.0,1.54,0.0,4.36,1.09
KCNK15-AS1,lncRNA,0.0,0.15,0.21,0.96,3.98,2.77
KCNK4-TEX40,lncRNA,2.06,3.8,7.08,3.16,26.18,23.2
KCNMA1-AS1,lncRNA,145.48,26.1,4.44,10.21,47.09,33.36
KCNMA1-AS2,lncRNA,0.0,0.0,0.0,0.0,0.58,0.08
KCNMA1-AS3,lncRNA,0.83,1.86,0.33,0.0,3.44,1.08
KCNMB2-AS1,lncRNA,1.29,4.36,4.32,3.33,4.58,10.55
KCNQ1-AS1,lncRNA,0.14,0.53,0.0,1.5,2.76,1.91
KCNQ1DN,lncRNA,0.5,1.02,0.12,1.37,4.42,5.97
KCNQ1OT1,lncRNA,59.61,83.96,60.35,81.93,503.44,518.23
KCNQ2-AS1,lncRNA,0.07,0.33,1.87,1.33,5.0,4.63
KCNQ5-AS1,lncRNA,0.86,0.98,2.17,0.5,7.03,7.82
KCTD21-AS1,lncRNA,1.64,15.28,0.48,4.97,16.57,12.17
KDM2B-DT,lncRNA,8.13,8.79,21.08,5.46,353.86,291.54
KDM4A-AS1,lncRNA,6.68,11.19,3.47,10.22,22.93,32.58
KDM5C-IT1,lncRNA,0.2,0.0,0.0,1.08,1.27,1.67
KDM7A-DT,lncRNA,3.06,1.57,3.55,3.71,10.5,7.61
KF456478.1,lncRNA,0.56,0.52,0.84,2.53,5.59,3.27
KF459542.1,lncRNA,0.25,0.93,1.35,0.19,3.42,6.12
KHDRBS2-OT1,lncRNA,0.0,0.0,0.0,0.0,3.73,1.04
KIAA0087,lncRNA,3.44,2.52,6.8,2.6,12.64,5.58
KIAA1614-AS1,lncRNA,0.67,0.29,0.0,0.04,4.71,5.28
KIAA1671-AS1,lncRNA,1.17,0.17,2.42,0.0,7.13,7.33
KIAA2012-AS1,lncRNA,0.39,1.78,0.57,5.64,8.19,1.92
KIF1C-AS1,lncRNA,0.0,0.5,0.0,1.0,0.51,0.25
KIF25-AS1,lncRNA,3.57,1.8,4.71,5.28,26.43,27.05
KIF26B-AS1,lncRNA,0.0,2.33,0.0,3.83,4.68,2.92
KIF5C-AS1,lncRNA,11.55,30.92,11.83,11.84,99.8,104.36
KIF9-AS1,lncRNA,9.01,10.26,4.99,14.56,32.24,29.72
KIRREL1-IT1,lncRNA,1.0,0.24,1.05,0.1,1.97,0.29
KIRREL3-AS1,lncRNA,0.0,0.0,1.58,0.75,2.28,3.24
KIRREL3-AS2,lncRNA,0.2,4.22,0.0,2.0,1.54,0.82
KIRREL3-AS3,lncRNA,8.48,12.69,20.73,1.86,45.13,41.77
KIZ-AS1,lncRNA,1.0,3.85,2.4,0.83,17.42,14.96
KLF3-AS1,lncRNA,2.47,4.27,5.83,9.5,32.85,26.7
KLF7-IT1,lncRNA,0.0,0.51,0.0,0.0,0.14,2.31
KLHDC7B-DT,lncRNA,4.37,4.06,2.65,1.43,3.87,2.0
KLHL30-AS1,lncRNA,0.59,1.49,1.27,2.52,9.63,7.83
KLHL6-AS1,lncRNA,0.0,0.58,0.0,0.24,1.13,1.0
KLHL7-DT,lncRNA,0.48,2.22,0.87,0.69,7.05,6.21
KLRK1-AS1,lncRNA,2.28,5.36,2.84,6.05,14.82,9.2
KMT2E-AS1,lncRNA,2.54,3.03,1.87,3.35,10.76,16.57
KRBOX1-AS1,lncRNA,0.54,0.26,4.42,3.75,15.01,15.75
KRT7-AS,lncRNA,1.31,0.89,5.87,1.02,5.45,5.43
KRT73-AS1,lncRNA,0.89,8.08,2.52,1.55,5.64,9.08
KRTAP5-AS1,lncRNA,3.24,3.52,10.36,6.16,15.46,16.89
KTN1-AS1,lncRNA,4.99,9.73,7.34,7.23,34.44,17.62
KU-MEL-3,lncRNA,0.33,0.41,4.89,1.24,3.62,3.55
L29074.1,lncRNA,0.0,0.4,0.0,0.78,0.97,0.0
L34079.2,lncRNA,0.0,0.0,0.87,0.75,4.64,2.86
L34079.3,lncRNA,1.17,0.5,0.1,0.46,1.55,0.27
L3MBTL2-AS1,lncRNA,8.09,10.51,8.49,4.85,6.95,9.14
L3MBTL4-AS1,lncRNA,0.0,2.16,0.75,2.45,0.44,0.5
LACTB2-AS1,lncRNA,0.25,5.17,5.42,4.07,10.83,11.33
LAMA4-AS1,lncRNA,4.0,5.9,0.51,1.05,26.2,42.11
LAMA5-AS1,lncRNA,1.79,2.78,0.4,2.53,10.16,8.8
LAMC1-AS1,lncRNA,0.08,0.0,0.5,0.0,1.74,1.47
LAMP5-AS1,lncRNA,1.47,4.45,6.97,1.82,22.71,11.79
LAMTOR5-AS1,lncRNA,6.94,14.31,1.95,14.0,20.61,29.94
LANCL1-AS1,lncRNA,0.0,0.0,0.14,0.0,0.71,2.75
LAPTM4A-DT,lncRNA,0.09,0.33,0.0,0.29,2.89,4.13
LARGE-AS1,lncRNA,1.56,5.37,4.85,7.61,52.35,51.01
LARGE-IT1,lncRNA,0.12,0.33,2.37,1.08,7.04,8.79
LARGE1-AS1,lncRNA,1.21,0.3,1.32,0.5,3.56,2.69
LARS2-AS1,lncRNA,0.5,1.25,0.0,1.54,1.3,0.32
LASTR,lncRNA,4.03,10.22,9.99,13.93,67.75,86.26
LATS2-AS1,lncRNA,0.25,0.35,0.0,0.64,2.39,1.77
LBX1-AS1,lncRNA,23.59,19.74,10.76,6.28,38.41,36.24
LBX2-AS1,lncRNA,2.67,5.24,12.77,3.43,47.02,43.49
LCA10,lncRNA,2.79,6.02,6.26,9.5,16.52,22.54
LCAL1,lncRNA,2.54,7.22,1.16,7.38,14.05,4.25
LCMT1-AS1,lncRNA,2.01,3.98,2.42,2.17,4.66,12.76
LCMT1-AS2,lncRNA,3.04,5.79,6.25,13.13,32.47,25.9
LCT-AS1,lncRNA,8.91,1.09,1.42,0.86,3.67,3.52
LDLRAD4-AS1,lncRNA,2.77,6.51,2.69,1.53,9.33,8.5
LEF1-AS1,lncRNA,8.35,12.84,10.74,20.49,60.76,70.79
LEMD1-AS1,lncRNA,2.7,1.66,1.6,4.73,13.46,7.82
LEMD1-DT,lncRNA,0.97,3.4,0.15,4.81,5.81,2.93
LENG8-AS1,lncRNA,1.33,3.71,2.19,2.47,14.63,23.29
LERFS,lncRNA,3.89,6.85,1.76,2.8,21.23,17.89
LGALS8-AS1,lncRNA,1.35,4.08,5.63,1.73,12.54,8.19
LGALSL-DT,lncRNA,0.75,3.0,0.0,0.75,2.11,5.75
LGR4-AS1,lncRNA,0.63,0.34,4.56,5.08,2.44,3.77
LHFPL3-AS1,lncRNA,6.14,7.27,11.67,9.24,8.31,11.32
LHFPL3-AS2,lncRNA,1.67,4.21,0.14,0.2,6.62,11.74
LHX1-DT,lncRNA,2.53,11.04,7.86,5.63,20.53,27.3
LHX5-AS1,lncRNA,0.07,1.13,1.2,4.5,4.76,1.37
LIF-AS1,lncRNA,2.53,0.0,1.15,0.12,3.03,1.0
LIFR-AS1,lncRNA,5.97,13.72,26.04,12.65,30.87,34.6
LILRB1-AS1,lncRNA,0.08,0.0,0.15,0.0,0.57,1.1
LIMD1-AS1,lncRNA,1278.77,291.74,301.72,417.78,994.38,256.17
LIMS1-AS1,lncRNA,0.0,0.0,0.0,0.0,0.0,0.42
LIN28B-AS1,lncRNA,7.6,10.72,7.08,14.15,57.47,46.1
LINC-PINT,lncRNA,6.07,6.72,10.48,12.27,61.6,47.68
LINC-ROR,lncRNA,0.41,1.93,7.34,2.16,12.8,6.98
LINC00028,lncRNA,2.65,1.34,5.92,6.29,13.35,17.23
LINC00029,lncRNA,1.97,3.53,6.72,3.45,27.88,22.51
LINC00051,lncRNA,0.0,0.91,0.24,5.12,3.67,1.28
LINC00052,lncRNA,0.54,0.08,0.34,0.62,6.3,5.55
LINC00092,lncRNA,6.85,3.9,16.43,11.83,37.43,34.98
LINC00102,lncRNA,1.14,0.66,0.1,4.08,4.74,0.84
LINC00106,lncRNA,2.2,1.2,3.94,3.88,19.12,18.96
LINC00111,lncRNA,0.12,0.53,1.18,0.6,8.92,1.76
LINC00112,lncRNA,1.12,0.79,1.35,0.33,6.1,4.33
LINC00113,lncRNA,0.2,0.0,0.0,0.0,0.56,0.41
LINC00114,lncRNA,4.25,7.15,1.0,2.47,13.03,10.54
LINC00115,lncRNA,1.0,7.32,1.73,4.43,9.43,7.85
LINC00158,lncRNA,3.7,6.21,10.66,8.22,26.39,22.84
LINC00159,lncRNA,0.64,1.45,2.71,0.14,3.92,4.66
LINC00160,lncRNA,0.06,4.0,0.0,1.0,0.75,1.15
LINC00161,lncRNA,0.0,0.33,0.0,0.0,0.32,0.49
LINC00163,lncRNA,0.0,4.81,2.29,3.46,15.53,12.84
LINC00165,lncRNA,3.33,4.02,0.77,0.09,7.37,1.92
LINC00167,lncRNA,5.05,7.35,12.86,13.12,16.41,20.21
LINC00173,lncRNA,4.64,11.72,4.02,4.65,11.27,15.34
LINC00174,lncRNA,16.35,30.09,23.9,35.76,42.84,42.43
LINC00184,lncRNA,0.0,0.0,0.2,3.0,4.08,3.48
LINC00189,lncRNA,0.0,0.0,0.0,0.5,0.33,0.55
LINC00200,lncRNA,4.17,6.56,5.04,12.71,17.2,17.85
LINC00205,lncRNA,12.87,16.08,24.31,14.16,115.77,100.58
LINC00207,lncRNA,0.5,1.05,5.14,0.8,6.94,6.49
LINC00208,lncRNA,2.36,1.36,2.57,2.17,6.19,7.03
LINC00210,lncRNA,0.12,0.23,2.0,2.25,6.04,3.38
LINC00211,lncRNA,6.67,9.87,0.17,2.07,4.42,5.93
LINC00216,lncRNA,0.76,3.33,0.0,0.0,1.36,0.95
LINC00221,lncRNA,3.63,2.7,3.45,4.9,17.97,8.51
LINC00222,lncRNA,1.48,0.8,0.98,3.65,13.52,15.4
LINC00226,lncRNA,0.0,2.17,2.42,1.33,10.26,2.98
LINC00229,lncRNA,0.5,0.0,0.62,2.25,3.57,5.51
LINC00235,lncRNA,2.05,5.17,6.42,1.57,31.36,22.53
LINC00237,lncRNA,6.3,7.66,9.51,1.05,15.39,13.91
LINC00239,lncRNA,0.67,0.0,0.31,2.4,5.65,2.41
LINC00240,lncRNA,15.27,10.74,10.03,11.33,16.18,18.95
LINC00242,lncRNA,2.05,2.43,4.78,3.39,39.57,62.01
LINC00243,lncRNA,0.4,8.6,2.61,15.32,12.79,12.94
LINC00244,lncRNA,2.0,4.27,2.0,2.17,1.36,6.95
LINC00251,lncRNA,0.0,0.42,0.0,0.38,4.53,0.82
LINC00254,lncRNA,1.0,1.2,2.18,0.2,4.03,4.04
LINC00261,lncRNA,8.74,24.29,21.25,13.39,119.05,125.28
LINC00265,lncRNA,2.91,4.9,3.99,13.19,15.83,24.46
LINC00266-1,lncRNA,0.29,0.76,0.31,0.96,0.43,1.63
LINC00266-4P,lncRNA,0.3,0.45,0.29,0.27,0.21,0.78
LINC00269,lncRNA,1.49,1.91,2.45,2.91,6.94,6.44
LINC00271,lncRNA,1.99,10.11,7.4,14.96,50.36,50.88
LINC00272,lncRNA,3.5,0.22,0.0,0.0,4.7,0.75
LINC00273,lncRNA,3.08,6.21,11.51,3.44,22.78,13.25
LINC00276,lncRNA,0.52,0.29,0.45,3.0,4.2,5.46
LINC00278,lncRNA,1.47,5.39,2.01,0.85,20.65,19.67
LINC00279,lncRNA,5.07,7.86,14.34,16.2,52.32,64.55
LINC00280,lncRNA,1.42,1.94,1.11,0.89,5.46,9.06
LINC00283,lncRNA,0.12,0.17,0.0,0.22,1.1,1.22
LINC00290,lncRNA,0.0,0.38,0.17,2.12,2.25,2.56
LINC00293,lncRNA,1.94,9.97,3.1,5.25,17.02,16.55
LINC00294,lncRNA,0.17,0.14,1.36,4.33,10.79,6.24
LINC00297,lncRNA,0.33,1.18,0.0,0.05,0.8,2.83
LINC00298,lncRNA,1.58,6.61,0.22,0.7,4.15,6.36
LINC00299,lncRNA,14.88,29.62,16.75,27.44,70.58,72.27
LINC00303,lncRNA,1.1,4.0,1.36,1.84,7.85,11.19
LINC00304,lncRNA,2.96,3.25,4.12,2.68,15.72,14.33
LINC00305,lncRNA,1.83,0.0,0.5,0.5,4.56,2.83
LINC00307,lncRNA,0.0,0.0,0.0,0.0,0.55,0.73
LINC00308,lncRNA,0.25,0.53,0.0,0.0,1.59,1.8
LINC00309,lncRNA,2.15,0.92,0.67,4.25,8.27,7.27
LINC00310,lncRNA,3.08,0.85,0.9,2.29,5.85,12.48
LINC00311,lncRNA,2.24,1.37,4.88,1.63,17.44,11.98
LINC00313,lncRNA,1.4,1.6,2.41,2.17,11.83,11.24
LINC00314,lncRNA,0.0,3.0,0.0,0.0,0.52,1.41
LINC00315,lncRNA,14.27,3.08,2.7,2.77,9.75,15.64
LINC00316,lncRNA,0.0,1.0,0.46,0.25,4.19,2.77
LINC00317,lncRNA,0.0,0.0,0.0,0.0,4.5,0.12
LINC00319,lncRNA,9.73,5.23,10.96,7.27,54.35,52.27
LINC00320,lncRNA,11.8,8.69,4.22,6.4,52.77,43.06
LINC00322,lncRNA,0.62,0.09,1.61,0.72,4.11,3.7
LINC00323,lncRNA,0.28,1.24,1.32,1.67,6.17,2.36
LINC00324,lncRNA,495.14,197.31,1958.63,496.06,911.19,692.37
LINC00326,lncRNA,10.21,5.6,5.45,11.31,81.07,54.39
LINC00327,lncRNA,3.27,2.03,8.37,1.79,48.64,29.25
LINC00330,lncRNA,4.53,5.01,4.53,3.56,4.05,7.32
LINC00331,lncRNA,2.08,4.05,2.36,10.94,7.02,10.87
LINC00332,lncRNA,1.29,2.52,1.15,3.77,2.83,2.85
LINC00333,lncRNA,0.45,1.37,0.0,0.07,1.38,1.12
LINC00334,lncRNA,1.8,5.95,5.32,1.05,28.4,22.53
LINC00336,lncRNA,2.42,0.51,1.27,2.42,7.02,5.06
LINC00337,lncRNA,2.17,3.09,1.39,2.57,7.3,4.32
LINC00339,lncRNA,8.01,11.23,2.79,13.37,23.73,20.97
LINC00342,lncRNA,5.09,3.34,1.1,7.57,7.79,22.76
LINC00343,lncRNA,0.85,6.32,2.67,4.38,17.44,14.33
LINC00345,lncRNA,3.25,1.86,1.75,4.42,1.83,0.92
LINC00347,lncRNA,0.53,0.32,1.07,0.11,2.01,3.98
LINC00348,lncRNA,4.78,3.16,7.72,3.0,115.58,147.84
LINC00349,lncRNA,0.28,0.48,0.72,1.45,0.28,0.91
LINC00350,lncRNA,0.98,3.22,2.11,2.12,13.28,8.0
LINC00351,lncRNA,4.58,0.69,0.57,1.93,7.77,5.98
LINC00352,lncRNA,0.0,0.42,0.09,1.0,0.5,0.19
LINC00353,lncRNA,0.0,0.0,0.54,0.0,0.46,0.0
LINC00354,lncRNA,1.15,4.88,4.69,4.39,26.01,14.59
LINC00355,lncRNA,41.6,7.63,38.43,24.33,35.24,43.75
LINC00358,lncRNA,1.08,1.5,1.88,2.5,7.03,9.85
LINC00362,lncRNA,0.58,0.25,0.2,0.0,1.0,0.0
LINC00363,lncRNA,0.0,0.5,0.0,0.0,1.45,1.92
LINC00364,lncRNA,1.19,0.17,1.06,3.0,2.34,1.07
LINC00365,lncRNA,0.7,0.89,1.23,4.8,10.74,9.33
LINC00366,lncRNA,4.11,2.25,4.32,2.74,3.33,0.57
LINC00368,lncRNA,0.88,3.4,1.57,0.75,14.97,15.77
LINC00370,lncRNA,0.2,0.0,3.1,0.0,4.86,2.99
LINC00373,lncRNA,6.17,5.4,2.11,3.83,5.36,4.54
LINC00374,lncRNA,0.0,0.28,0.0,1.64,0.26,1.62
LINC00375,lncRNA,0.07,0.0,0.0,0.0,0.4,1.08
LINC00376,lncRNA,1.81,1.37,0.09,0.42,2.56,4.83
LINC00377,lncRNA,0.78,1.1,0.25,0.05,0.78,1.67
LINC00378,lncRNA,8.55,28.27,12.99,21.42,30.47,139.07
LINC00379,lncRNA,0.0,0.0,1.74,1.0,1.62,4.32
LINC00380,lncRNA,0.25,0.0,0.0,0.0,0.27,0.2
LINC00381,lncRNA,1.07,0.22,0.12,0.17,2.81,4.61
LINC00382,lncRNA,0.55,0.6,0.0,2.61,1.4,3.85
LINC00383,lncRNA,0.88,1.09,0.58,1.12,4.29,8.07
LINC00384,lncRNA,5.34,7.07,11.23,5.87,39.4,31.52
LINC00385,lncRNA,0.57,1.12,2.18,3.63,8.55,7.26
LINC00387,lncRNA,0.0,0.0,0.0,0.0,0.11,0.0
LINC00388,lncRNA,0.0,0.09,0.43,0.0,0.7,1.99
LINC00390,lncRNA,3.86,17.67,4.57,4.38,14.1,16.26
LINC00391,lncRNA,1.39,4.82,3.39,5.32,22.81,29.99
LINC00392,lncRNA,0.0,0.31,0.02,0.11,0.76,0.42
LINC00393,lncRNA,2.0,3.12,4.51,4.69,13.9,19.46
LINC00395,lncRNA,0.0,0.0,0.0,0.0,0.25,0.51
LINC00396,lncRNA,0.0,0.75,0.0,0.0,0.85,0.4
LINC00397,lncRNA,1.0,2.0,0.0,1.0,0.39,1.31
LINC00398,lncRNA,0.75,3.64,1.28,2.2,38.57,14.5
LINC00399,lncRNA,0.4,0.37,0.17,0.14,8.29,8.87
LINC00400,lncRNA,0.0,0.0,0.67,0.0,0.17,0.0
LINC00402,lncRNA,1.93,1.73,3.16,0.49,12.55,10.53
LINC00404,lncRNA,7.51,3.67,2.65,0.92,67.91,46.91
LINC00407,lncRNA,0.11,0.0,0.67,0.0,1.0,1.44
LINC00408,lncRNA,0.43,0.58,0.34,0.26,1.8,2.47
LINC00410,lncRNA,3.35,3.36,1.55,5.74,7.46,9.36
LINC00411,lncRNA,0.5,0.53,1.33,0.0,2.5,2.64
LINC00412,lncRNA,0.0,1.25,0.1,2.05,0.34,2.05
LINC00415,lncRNA,0.0,0.48,2.0,0.0,0.71,0.5
LINC00421,lncRNA,1.17,1.0,0.64,0.0,8.72,5.48
LINC00423,lncRNA,0.12,0.05,1.0,0.2,2.2,0.57
LINC00424,lncRNA,0.67,0.83,0.97,1.19,4.46,3.82
LINC00426,lncRNA,4.8,3.11,3.31,15.1,115.99,27.26
LINC00427,lncRNA,0.0,0.0,0.0,0.0,0.0,0.14
LINC00428,lncRNA,0.0,6.0,0.0,0.0,0.85,0.0
LINC00430,lncRNA,0.23,0.22,0.05,0.06,1.1,1.51
LINC00433,lncRNA,3.84,2.17,5.9,3.79,117.81,83.37
LINC00434,lncRNA,0.0,0.0,0.0,0.0,1.0,0.67
LINC00437,lncRNA,0.0,0.0,0.33,2.0,1.53,1.0
LINC00440,lncRNA,0.2,1.04,5.07,6.06,1.38,6.89
LINC00442,lncRNA,19.01,10.94,73.4,19.19,209.42,206.72
LINC00443,lncRNA,0.23,1.22,1.04,0.18,4.16,2.56
LINC00445,lncRNA,3.0,1.04,1.17,0.75,14.38,9.75
LINC00446,lncRNA,0.0,0.0,0.0,0.0,0.96,3.49
LINC00448,lncRNA,12.0,6.53,0.12,2.14,1.97,2.3
LINC00449,lncRNA,0.0,3.08,0.06,1.0,1.34,2.42
LINC00452,lncRNA,0.95,1.76,0.42,1.57,11.99,8.96
LINC00454,lncRNA,7.64,13.08,29.16,14.92,19.3,19.07
LINC00456,lncRNA,0.42,1.1,1.39,7.4,4.93,9.7
LINC00457,lncRNA,0.64,0.14,0.25,2.5,6.82,4.44
LINC00458,lncRNA,3.57,2.04,1.57,2.45,5.28,5.37
LINC00459,lncRNA,0.33,0.0,0.0,1.0,4.17,7.52
LINC00460,lncRNA,2.93,6.55,5.82,4.16,23.96,49.4
LINC00461,lncRNA,29.22,38.41,39.7,45.09,268.39,145.63
LINC00462,lncRNA,0.72,0.33,0.11,0.0,3.65,3.07
LINC00463,lncRNA,0.62,4.09,8.66,18.67,4.59,7.02
LINC00466,lncRNA,2.21,3.08,3.98,3.78,20.21,13.86
LINC00467,lncRNA,6.1,10.94,3.79,7.53,23.68,22.75
LINC00469,lncRNA,0.4,0.17,0.83,0.94,9.88,4.55
LINC00470,lncRNA,4.43,7.29,3.72,3.23,26.25,23.76
LINC00471,lncRNA,2.79,4.67,4.42,7.14,20.33,15.26
LINC00472,lncRNA,19.66,30.31,34.44,30.22,194.42,170.57
LINC00474,lncRNA,0.0,0.83,0.0,1.7,3.78,5.21
LINC00476,lncRNA,4.27,4.85,5.15,7.49,24.94,30.51
LINC00477,lncRNA,0.09,4.3,1.06,4.06,8.44,3.58
LINC00479,lncRNA,5.55,3.76,6.99,6.78,26.45,25.29
LINC00482,lncRNA,1.48,4.24,3.34,11.17,28.94,38.15
LINC00484,lncRNA,18.01,4.67,13.79,11.52,31.14,31.8
LINC00485,lncRNA,1.52,10.58,1.34,3.41,12.64,15.36
LINC00486,lncRNA,27.16,56.2,8.34,20.6,23.02,30.95
LINC00487,lncRNA,1.51,0.68,1.45,3.5,5.86,10.56
LINC00488,lncRNA,0.0,0.48,2.33,1.0,3.89,3.0
LINC00489,lncRNA,0.07,0.0,0.17,0.0,0.67,3.21
LINC00491,lncRNA,0.31,0.31,0.4,1.08,23.02,0.85
LINC00492,lncRNA,0.1,0.49,0.17,0.0,0.44,0.4
LINC00494,lncRNA,4.08,6.48,2.99,9.28,22.06,19.71
LINC00498,lncRNA,0.0,0.0,0.0,0.0,0.6,1.08
LINC00499,lncRNA,4.49,10.41,11.28,14.89,44.92,47.24
LINC00500,lncRNA,0.0,2.5,0.0,0.0,0.0,0.0
LINC00501,lncRNA,1.69,0.54,0.92,0.66,6.64,6.64
LINC00502,lncRNA,0.9,1.0,1.03,0.0,2.17,0.75
LINC00504,lncRNA,1.0,7.11,0.12,3.58,3.12,3.11
LINC00506,lncRNA,2.57,6.04,1.02,3.16,9.42,14.34
LINC00507,lncRNA,7.89,2.93,7.61,7.42,33.2,39.09
LINC00508,lncRNA,1.5,0.0,0.08,3.0,1.46,0.56
LINC00511,lncRNA,34.01,59.04,77.72,66.41,382.21,326.85
LINC00513,lncRNA,1.68,9.54,3.07,5.0,35.97,41.26
LINC00517,lncRNA,0.83,1.25,0.34,1.32,9.18,5.59
LINC00518,lncRNA,0.14,1.0,1.56,1.14,5.07,3.56
LINC00519,lncRNA,2.64,0.0,0.27,0.0,6.07,7.88
LINC00520,lncRNA,4.61,4.13,0.57,3.58,12.22,24.12
LINC00523,lncRNA,1.08,1.26,8.35,3.26,27.88,13.6
LINC00524,lncRNA,0.0,0.08,0.0,1.89,7.29,2.52
LINC00525,lncRNA,0.0,0.11,0.25,0.53,3.54,3.6
LINC00526,lncRNA,2.28,1.4,4.45,2.39,12.3,11.31
LINC00528,lncRNA,0.53,2.24,4.09,2.0,9.73,15.47
LINC00529,lncRNA,0.0,0.0,0.0,1.0,3.43,0.33
LINC00533,lncRNA,0.0,0.17,0.08,0.0,1.46,0.62
LINC00534,lncRNA,16.8,24.99,6.77,16.52,48.81,45.46
LINC00535,lncRNA,9.03,8.18,4.5,9.91,21.12,14.1
LINC00536,lncRNA,3.59,6.1,7.19,0.9,10.81,15.5
LINC00538,lncRNA,0.0,0.33,0.1,0.08,0.54,1.33
LINC00539,lncRNA,0.77,3.52,3.48,2.95,21.7,18.78
LINC00540,lncRNA,0.86,1.22,1.03,1.46,11.71,11.73
LINC00543,lncRNA,6.21,5.69,20.27,14.43,75.67,70.89
LINC00544,lncRNA,0.0,0.58,0.0,4.25,2.31,1.01
LINC00545,lncRNA,0.11,0.0,0.71,0.0,3.28,0.92
LINC00547,lncRNA,1.37,0.17,0.55,3.1,2.18,1.69
LINC00550,lncRNA,1.3,4.41,1.86,3.39,3.94,6.49
LINC00551,lncRNA,6.13,3.28,9.2,6.75,27.56,18.42
LINC00554,lncRNA,4.61,2.51,5.23,4.15,21.8,16.43
LINC00555,lncRNA,0.0,0.2,0.67,0.0,0.58,1.42
LINC00556,lncRNA,0.0,0.0,0.22,0.0,0.28,0.0
LINC00557,lncRNA,0.0,0.0,0.0,0.0,0.45,1.68
LINC00558,lncRNA,6.45,3.38,2.78,2.57,14.62,13.11
LINC00559,lncRNA,6.47,11.74,1.62,1.82,26.43,20.09
LINC00560,lncRNA,0.0,0.0,0.5,4.0,1.76,0.75
LINC00561,lncRNA,0.0,0.21,0.0,1.2,0.51,1.73
LINC00562,lncRNA,2.66,12.81,6.66,17.8,29.13,40.2
LINC00563,lncRNA,0.82,0.0,0.1,0.0,0.28,0.45
LINC00564,lncRNA,0.27,0.0,0.0,0.0,0.13,0.0
LINC00565,lncRNA,9.65,6.24,6.9,2.1,29.43,17.71
LINC00566,lncRNA,0.0,3.0,0.0,0.0,0.44,1.67
LINC00567,lncRNA,3.2,1.89,2.46,5.74,11.08,17.79
LINC00570,lncRNA,2.36,0.43,0.72,0.33,4.73,6.84
LINC00571,lncRNA,0.32,8.86,1.65,4.5,10.49,15.4
LINC00572,lncRNA,2.25,6.0,1.1,5.17,2.07,3.21
LINC00574,lncRNA,3.19,1.51,3.53,3.35,24.82,40.58
LINC00575,lncRNA,2.57,0.0,0.0,0.42,1.68,1.58
LINC00578,lncRNA,4.4,5.85,4.12,9.76,15.09,21.48
LINC00581,lncRNA,1.25,0.07,0.0,0.0,8.74,6.09
LINC00582,lncRNA,0.0,0.0,0.0,0.0,3.7,1.3
LINC00583,lncRNA,0.0,0.0,0.0,0.0,0.25,1.0
LINC00587,lncRNA,0.14,1.11,0.37,3.0,2.17,2.08
LINC00588,lncRNA,1.54,0.81,6.87,3.58,23.05,19.0
LINC00589,lncRNA,0.07,0.2,2.0,1.05,4.55,1.3
LINC00592,lncRNA,7.33,1.25,3.25,2.1,7.36,12.97
LINC00595,lncRNA,13.13,17.71,20.79,18.31,67.92,62.4
LINC00596,lncRNA,0.5,0.61,0.2,0.33,0.95,1.34
LINC00598,lncRNA,23.32,36.54,23.54,41.6,162.72,165.15
LINC00601,lncRNA,0.0,0.13,0.5,0.0,0.28,1.71
LINC00602,lncRNA,5.43,3.6,13.4,7.91,30.06,34.64
LINC00603,lncRNA,0.13,0.06,0.37,1.23,1.03,1.44
LINC00604,lncRNA,1.45,1.25,0.17,3.67,1.61,1.3
LINC00605,lncRNA,0.67,0.34,2.43,1.23,13.96,10.77
LINC00606,lncRNA,0.62,1.03,1.77,7.14,8.7,7.92
LINC00607,lncRNA,5.34,8.21,10.65,8.42,42.17,33.25
LINC00608,lncRNA,0.0,10.25,2.16,4.15,8.23,10.16
LINC00609,lncRNA,0.5,0.0,0.83,0.0,2.08,2.7
LINC00612,lncRNA,4.34,1.55,4.24,3.93,15.41,16.64
LINC00613,lncRNA,0.0,0.0,1.0,0.0,0.92,2.07
LINC00615,lncRNA,0.38,0.65,3.51,1.17,4.13,16.4
LINC00616,lncRNA,1.06,4.04,3.17,0.59,21.09,18.36
LINC00620,lncRNA,0.31,0.05,1.8,0.05,4.43,8.1
LINC00621,lncRNA,4.28,3.41,3.86,16.03,11.41,19.77
LINC00622,lncRNA,0.0,0.54,0.83,0.33,3.28,1.2
LINC00623,lncRNA,1.59,4.53,6.67,3.14,24.97,17.84
LINC00624,lncRNA,1.25,1.2,4.25,1.0,7.69,6.95
LINC00626,lncRNA,0.4,0.33,0.0,1.05,0.63,1.93
LINC00628,lncRNA,5.42,1.81,1.96,2.79,15.96,13.21
LINC00629,lncRNA,1.7,0.83,1.25,3.46,11.1,8.3
LINC00630,lncRNA,7.97,16.33,14.85,41.34,191.99,153.32
LINC00632,lncRNA,16.51,38.22,26.92,24.6,96.45,109.65
LINC00635,lncRNA,3.46,2.74,7.11,16.03,22.66,23.3
LINC00636,lncRNA,0.24,3.92,6.36,3.29,10.09,12.12
LINC00637,lncRNA,2.88,1.62,1.79,2.33,7.81,10.25
LINC00638,lncRNA,5.65,3.42,6.96,5.58,33.16,28.3
LINC00639,lncRNA,17.84,19.68,9.26,12.33,99.5,87.66
LINC00640,lncRNA,3.43,1.05,1.95,1.5,10.01,4.62
LINC00641,lncRNA,2.33,2.69,1.47,2.09,15.05,5.12
LINC00642,lncRNA,6.03,4.99,7.72,8.11,17.78,16.8
LINC00644,lncRNA,0.0,0.0,0.0,0.0,0.33,0.2
LINC00645,lncRNA,0.59,1.48,2.38,4.56,7.5,5.52
LINC00648,lncRNA,0.12,0.8,1.17,0.09,5.47,4.73
LINC00649,lncRNA,10.39,32.42,12.96,18.04,52.87,46.11
LINC00652,lncRNA,1.56,0.6,1.57,0.27,6.97,4.63
LINC00653,lncRNA,0.33,0.4,0.67,2.33,3.59,2.55
LINC00654,lncRNA,10.31,8.59,16.26,5.72,107.5,108.28
LINC00656,lncRNA,4.05,0.11,2.31,0.0,6.72,2.42
LINC00658,lncRNA,2.69,3.34,1.02,2.33,5.92,6.18
LINC00659,lncRNA,0.07,2.73,2.55,0.22,6.95,6.86
LINC00661,lncRNA,5.01,4.92,7.06,3.07,19.79,25.57
LINC00662,lncRNA,15.46,34.67,18.57,40.44,123.58,113.69
LINC00663,lncRNA,0.68,1.05,1.57,4.76,16.65,17.93
LINC00664,lncRNA,1.65,8.99,11.86,23.89,79.21,77.31
LINC00665,lncRNA,11.23,38.13,8.64,27.55,57.9,42.55
LINC00667,lncRNA,8.92,7.94,6.04,11.92,50.98,37.15
LINC00668,lncRNA,4.44,4.09,3.79,7.88,17.85,11.28
LINC00670,lncRNA,1.47,5.25,2.17,9.28,8.59,9.03
LINC00671,lncRNA,0.43,7.03,5.07,8.2,7.15,10.25
LINC00676,lncRNA,2.5,0.5,0.0,0.0,1.78,3.1
LINC00677,lncRNA,2.08,0.0,1.1,0.22,3.4,3.76
LINC00678,lncRNA,0.0,1.0,0.2,0.5,4.43,1.02
LINC00681,lncRNA,1.0,0.0,0.0,0.0,1.07,1.06
LINC00682,lncRNA,3.02,11.28,3.75,10.11,30.63,24.65
LINC00683,lncRNA,8.34,21.23,17.3,14.32,79.03,96.44
LINC00685,lncRNA,1.84,2.9,0.6,9.34,5.52,8.72
LINC00686,lncRNA,0.14,0.0,0.33,0.0,0.17,0.8
LINC00687,lncRNA,1.99,6.79,0.96,5.98,8.49,4.96
LINC00689,lncRNA,8.55,6.17,7.7,6.57,55.72,29.85
LINC00690,lncRNA,0.06,0.27,4.95,0.35,16.13,10.92
LINC00691,lncRNA,0.5,1.13,0.3,4.16,4.28,4.21
LINC00692,lncRNA,0.0,0.0,0.0,2.0,0.0,0.5
LINC00698,lncRNA,1.17,0.92,1.49,0.41,2.71,3.1
LINC00700,lncRNA,3.36,3.33,2.27,1.18,25.69,25.79
LINC00701,lncRNA,0.0,0.0,0.0,0.33,0.2,0.5
LINC00702,lncRNA,9.06,5.49,2.86,12.38,24.65,29.21
LINC00703,lncRNA,0.0,0.68,1.25,0.49,31.29,3.48
LINC00705,lncRNA,0.24,3.24,1.64,3.98,3.39,12.86
LINC00706,lncRNA,0.5,0.75,0.0,0.0,0.65,0.0
LINC00707,lncRNA,7.08,9.93,4.21,8.02,25.83,17.98
LINC00708,lncRNA,2.57,4.94,4.16,3.43,17.06,14.66
LINC00709,lncRNA,0.27,0.0,0.31,0.2,1.57,0.31
LINC00710,lncRNA,4.64,15.86,9.59,6.1,65.8,55.7
LINC00824,lncRNA,7.85,10.96,16.18,12.54,175.66,179.11
LINC00836,lncRNA,1.5,10.06,5.87,4.03,39.99,41.91
LINC00837,lncRNA,68.93,31.35,173.69,61.78,456.49,429.5
LINC00838,lncRNA,0.16,3.78,0.25,13.25,9.93,15.9
LINC00839,lncRNA,3.94,4.7,11.3,5.21,40.69,31.36
LINC00840,lncRNA,3.16,8.11,4.47,5.21,27.98,23.93
LINC00841,lncRNA,2.15,7.74,4.1,7.46,14.36,18.19
LINC00842,lncRNA,1.43,3.42,5.95,3.23,5.51,12.31
LINC00844,lncRNA,4.53,7.0,3.94,9.15,7.28,9.53
LINC00845,lncRNA,0.0,0.5,0.0,0.0,1.06,0.65
LINC00847,lncRNA,4.33,1.88,6.29,4.55,15.15,11.25
LINC00850,lncRNA,0.0,0.55,0.0,0.0,0.0,0.0
LINC00851,lncRNA,0.17,0.07,0.24,1.6,2.2,3.64
LINC00852,lncRNA,1.58,0.06,0.41,0.0,7.89,1.25
LINC00853,lncRNA,7.05,0.32,2.92,3.17,24.25,29.0
LINC00857,lncRNA,3.0,0.2,3.92,2.88,9.82,7.23
LINC00858,lncRNA,0.33,6.17,1.7,7.67,14.39,6.88
LINC00861,lncRNA,4.21,18.08,1.49,7.15,38.03,37.72
LINC00862,lncRNA,1.08,1.89,6.14,7.67,91.59,55.69
LINC00863,lncRNA,6.61,5.01,7.23,6.55,22.58,17.3
LINC00865,lncRNA,6.63,7.0,7.54,9.75,33.16,34.39
LINC00866,lncRNA,0.0,0.12,0.09,0.0,0.66,1.94
LINC00867,lncRNA,0.25,2.2,2.92,4.17,14.44,9.77
LINC00868,lncRNA,0.1,0.2,4.2,1.0,14.19,12.26
LINC00870,lncRNA,3.66,10.57,7.76,6.37,24.76,15.73
LINC00871,lncRNA,1.0,4.2,0.0,0.0,3.86,0.93
LINC00877,lncRNA,7.28,8.37,5.26,5.85,25.57,21.84
LINC00879,lncRNA,4.0,6.52,1.14,0.9,16.78,14.62
LINC00880,lncRNA,0.75,0.7,0.58,0.96,3.24,2.85
LINC00881,lncRNA,1.66,1.22,4.68,3.77,18.6,18.79
LINC00882,lncRNA,8.28,14.11,10.88,35.35,38.64,36.72
LINC00884,lncRNA,53.57,32.48,107.98,45.95,228.04,209.45
LINC00885,lncRNA,0.24,1.13,6.68,0.06,9.29,9.21
LINC00886,lncRNA,5.65,3.84,10.25,11.12,40.39,39.65
LINC00887,lncRNA,1.61,3.21,2.23,2.72,10.86,15.33
LINC00891,lncRNA,20.83,16.21,15.65,11.08,56.61,30.05
LINC00892,lncRNA,2.05,1.28,0.78,3.08,0.76,3.21
LINC00893,lncRNA,1.36,1.2,4.07,0.96,16.17,10.92
LINC00894,lncRNA,4.02,9.54,8.88,10.36,34.26,38.06
LINC00895,lncRNA,4.37,0.3,4.82,4.4,10.59,7.58
LINC00896,lncRNA,1.35,1.77,5.01,0.08,12.92,8.55
LINC00898,lncRNA,2.42,8.96,2.79,7.08,27.73,16.41
LINC00899,lncRNA,12.96,37.72,21.1,10.13,37.1,38.8
LINC00900,lncRNA,1.49,6.54,3.13,14.63,12.7,14.06
LINC00901,lncRNA,0.71,0.75,0.99,1.05,2.69,1.36
LINC00904,lncRNA,1.98,1.41,3.02,7.17,7.27,8.88
LINC00905,lncRNA,1.39,5.79,4.53,2.51,16.48,18.88
LINC00906,lncRNA,0.24,3.23,2.28,1.84,9.04,10.73
LINC00907,lncRNA,3.11,13.92,9.24,4.33,27.57,38.82
LINC00909,lncRNA,4.56,11.7,9.74,3.66,33.78,33.37
LINC00910,lncRNA,16.19,19.22,17.13,17.32,51.07,54.97
LINC00911,lncRNA,0.16,1.78,1.47,0.3,1.37,1.18
LINC00917,lncRNA,2.64,3.4,4.92,4.42,18.73,12.19
LINC00919,lncRNA,0.0,0.5,3.54,4.79,6.03,6.11
LINC00920,lncRNA,1.0,0.25,0.75,0.12,6.53,3.41
LINC00921,lncRNA,1.28,2.78,6.25,5.85,17.2,14.15
LINC00922,lncRNA,4.24,0.44,1.87,1.0,13.7,7.33
LINC00923,lncRNA,6.01,14.09,10.93,13.98,96.47,56.0
LINC00924,lncRNA,76.8,16.34,2.82,3.11,9.72,10.04
LINC00926,lncRNA,8.69,5.92,4.11,4.1,22.75,36.62
LINC00927,lncRNA,3.84,1.12,4.81,7.31,15.55,10.21
LINC00928,lncRNA,6.01,6.33,3.42,0.67,7.4,8.1
LINC00929,lncRNA,0.33,2.87,1.28,4.21,10.08,11.33
LINC00930,lncRNA,5.17,18.49,8.29,12.02,115.06,118.73
LINC00934,lncRNA,1.0,0.81,0.48,0.96,7.39,3.72
LINC00937,lncRNA,2.83,3.8,5.89,6.25,11.24,8.5
LINC00939,lncRNA,4.27,4.95,7.84,10.4,10.59,13.48
LINC00940,lncRNA,8.11,5.84,13.54,9.89,9.92,8.87
LINC00941,lncRNA,0.53,3.06,2.12,1.91,8.41,8.47
LINC00942,lncRNA,1.53,2.88,3.57,3.49,11.21,15.02
LINC00943,lncRNA,3.94,9.38,5.94,8.87,32.25,40.19
LINC00944,lncRNA,2.2,0.6,2.61,0.19,8.17,5.49
LINC00945,lncRNA,1.07,0.56,2.63,0.32,4.9,4.43
LINC00951,lncRNA,2.0,0.0,1.12,0.0,0.65,1.62
LINC00954,lncRNA,6.67,1.79,10.02,10.89,22.72,26.16
LINC00955,lncRNA,0.34,1.23,2.3,4.58,10.5,8.21
LINC00957,lncRNA,2.27,3.14,4.91,3.35,22.0,16.69
LINC00958,lncRNA,6.66,5.43,4.7,11.81,23.58,25.07
LINC00960,lncRNA,3.16,2.86,4.17,7.41,23.26,27.81
LINC00963,lncRNA,17.43,32.58,22.76,37.22,143.96,122.79
LINC00964,lncRNA,16.09,19.31,43.06,19.27,61.7,51.11
LINC00967,lncRNA,0.67,0.63,1.92,1.48,3.47,2.44
LINC00968,lncRNA,0.2,0.77,2.27,4.73,3.92,8.97
LINC00970,lncRNA,0.39,0.29,0.07,0.2,2.32,2.97
LINC00971,lncRNA,1.35,12.13,5.61,4.81,47.44,31.76
LINC00972,lncRNA,1.0,1.18,0.9,0.0,0.64,0.4
LINC00973,lncRNA,9.28,1.33,0.5,0.1,0.65,0.77
LINC00974,lncRNA,2.47,6.63,11.15,19.81,56.01,48.57
LINC00987,lncRNA,2.37,9.13,2.21,2.02,19.67,10.83
LINC00989,lncRNA,49.34,19.79,6.37,16.45,42.54,31.56
LINC00992,lncRNA,0.7,0.15,0.22,3.02,5.95,1.18
LINC00994,lncRNA,1.2,0.0,1.22,0.0,1.87,2.08
LINC00996,lncRNA,7.24,6.06,5.49,8.17,17.0,17.86
LINC00997,lncRNA,1.22,2.35,2.91,3.14,9.55,12.95
LINC01001,lncRNA,0.1,1.4,1.05,2.34,6.64,5.35
LINC01002,lncRNA,1.87,4.79,3.98,7.17,22.45,19.55
LINC01003,lncRNA,2.83,6.0,20.56,4.95,20.07,19.1
LINC01004,lncRNA,1.42,3.0,6.23,1.79,7.72,6.51
LINC01005,lncRNA,0.39,0.66,0.12,1.0,2.3,4.73
LINC01006,lncRNA,18.11,17.36,19.84,19.74,65.64,54.44
LINC01007,lncRNA,2.37,5.53,6.65,1.05,41.25,27.0
LINC01010,lncRNA,1.67,3.72,6.17,7.57,4.13,6.18
LINC01011,lncRNA,11.77,8.29,24.84,8.66,19.27,14.61
LINC01012,lncRNA,3.54,5.25,3.79,13.3,30.17,46.83
LINC01013,lncRNA,8.3,18.9,15.49,15.08,78.84,83.67
LINC01014,lncRNA,1.33,1.54,1.47,2.34,2.47,1.66
LINC01015,lncRNA,0.8,2.6,1.65,4.17,12.57,8.0
LINC01016,lncRNA,5.73,8.66,11.64,4.52,25.96,17.67
LINC01017,lncRNA,0.12,0.0,0.17,2.2,0.63,0.64
LINC01018,lncRNA,9.01,15.01,15.74,39.65,47.55,35.59
LINC01019,lncRNA,3.57,3.94,2.34,3.31,21.96,27.71
LINC01020,lncRNA,5.07,2.89,1.18,4.97,10.92,9.33
LINC01022,lncRNA,1.5,3.0,0.0,2.2,2.15,1.57
LINC01023,lncRNA,0.0,0.31,1.83,0.0,3.41,5.3
LINC01028,lncRNA,1.5,4.81,0.67,3.5,36.38,34.34
LINC01029,lncRNA,3.57,31.73,5.57,4.14,21.63,25.01
LINC01030,lncRNA,0.0,1.0,0.66,0.29,1.85,2.32
LINC01031,lncRNA,1.32,1.11,1.07,1.32,4.75,6.56
LINC01033,lncRNA,0.33,1.17,0.0,1.0,3.71,5.69
LINC01034,lncRNA,0.0,0.0,0.0,0.0,0.0,0.09
LINC01035,lncRNA,0.36,0.05,0.0,0.64,0.84,0.06
LINC01036,lncRNA,15.88,18.7,4.47,5.52,22.8,20.91
LINC01038,lncRNA,0.0,0.0,0.0,0.0,0.27,0.5
LINC01039,lncRNA,0.29,0.0,0.0,0.25,12.05,4.67
LINC01040,lncRNA,0.06,0.0,0.22,0.0,1.1,0.0
LINC01043,lncRNA,1.2,1.13,1.6,6.4,11.65,8.36
LINC01044,lncRNA,1.53,4.91,2.49,1.26,17.58,19.27
LINC01046,lncRNA,4.06,4.27,4.05,2.41,9.83,15.84
LINC01047,lncRNA,0.9,0.0,0.0,3.83,8.52,10.78
LINC01048,lncRNA,0.0,0.83,0.0,0.2,0.83,0.28
LINC01049,lncRNA,0.71,4.25,7.91,6.67,12.7,7.98
LINC01050,lncRNA,0.07,0.23,0.07,0.5,6.1,3.52
LINC01052,lncRNA,0.0,0.0,0.0,2.14,2.3,1.58
LINC01053,lncRNA,0.0,0.0,0.0,2.14,1.41,2.83
LINC01054,lncRNA,0.0,0.0,0.0,0.0,1.12,0.11
LINC01055,lncRNA,2.12,6.92,1.49,10.2,3.95,1.96
LINC01056,lncRNA,3.73,14.19,9.33,19.04,15.73,24.6
LINC01058,lncRNA,0.08,0.0,1.25,0.07,6.37,9.43
LINC01060,lncRNA,1.0,4.78,1.68,6.35,15.8,17.59
LINC01063,lncRNA,1.0,3.0,1.03,0.17,2.0,0.17
LINC01065,lncRNA,3.21,0.79,0.0,1.45,6.4,9.08
LINC01066,lncRNA,0.0,0.09,0.0,0.0,1.41,0.38
LINC01067,lncRNA,0.0,0.0,0.17,1.0,0.0,0.12
LINC01068,lncRNA,0.78,0.1,0.1,0.0,7.29,8.2
LINC01069,lncRNA,0.29,0.55,0.92,4.55,4.51,4.07
LINC01070,lncRNA,0.76,0.88,1.82,0.34,20.34,19.38
LINC01072,lncRNA,0.0,1.92,17.45,22.24,1.14,0.39
LINC01074,lncRNA,0.0,0.0,0.0,0.0,0.25,0.2
LINC01075,lncRNA,0.0,1.0,0.2,0.0,0.26,0.7
LINC01076,lncRNA,0.4,0.0,0.2,0.0,1.12,1.49
LINC01077,lncRNA,0.0,0.25,0.29,0.0,0.1,0.24
LINC01078,lncRNA,0.0,0.31,0.0,0.0,0.08,0.0
LINC01079,lncRNA,0.0,0.17,0.25,0.0,0.45,0.19
LINC01080,lncRNA,0.57,0.2,0.0,0.32,5.61,3.53
LINC01081,lncRNA,0.7,2.48,2.53,1.75,2.68,6.89
LINC01082,lncRNA,1.05,1.57,0.47,0.68,8.93,10.21
LINC01087,lncRNA,0.07,3.93,0.61,0.95,2.89,4.29
LINC01088,lncRNA,9.65,13.18,13.03,21.75,450.5,589.74
LINC01089,lncRNA,4.86,1.56,6.94,4.48,20.04,15.99
LINC01090,lncRNA,0.25,0.07,1.0,0.0,3.18,0.91
LINC01091,lncRNA,8.69,12.65,6.35,21.34,67.72,54.85
LINC01093,lncRNA,2.06,7.37,1.59,8.62,17.79,20.53
LINC01094,lncRNA,0.38,9.21,4.86,5.49,14.44,12.57
LINC01095,lncRNA,0.42,3.64,2.86,0.42,5.61,4.47
LINC01096,lncRNA,1.31,3.95,3.54,4.18,16.05,12.91
LINC01097,lncRNA,2.31,1.73,9.09,9.01,39.47,43.06
LINC01098,lncRNA,0.0,0.4,0.48,0.0,2.48,2.78
LINC01099,lncRNA,2.31,1.19,1.0,0.55,6.04,1.88
LINC01100,lncRNA,0.73,0.0,0.17,0.4,4.82,2.34
LINC01102,lncRNA,13.49,34.88,11.75,26.94,161.07,146.46
LINC01103,lncRNA,0.25,1.67,0.12,1.96,5.38,2.96
LINC01104,lncRNA,5.31,1.11,0.71,6.78,8.9,8.21
LINC01106,lncRNA,1.29,0.53,4.47,1.16,7.35,7.06
LINC01107,lncRNA,2.47,1.69,4.69,2.11,14.86,17.25
LINC01108,lncRNA,0.89,6.06,6.19,4.93,14.66,10.33
LINC01109,lncRNA,3.11,6.17,5.91,5.34,53.79,116.81
LINC01111,lncRNA,0.5,3.08,5.5,3.83,23.75,39.48
LINC01114,lncRNA,5.45,1.81,4.99,8.35,18.32,24.44
LINC01115,lncRNA,6.56,3.68,4.97,5.27,30.59,33.95
LINC01116,lncRNA,1.48,5.26,1.98,1.61,8.15,10.18
LINC01117,lncRNA,0.57,0.15,1.23,3.55,8.93,9.62
LINC01118,lncRNA,0.95,1.56,1.67,3.68,28.93,15.98
LINC01119,lncRNA,0.79,3.69,1.35,1.19,18.56,15.04
LINC01120,lncRNA,2.55,3.91,2.65,1.7,12.59,6.81
LINC01121,lncRNA,4.63,6.06,9.41,17.19,91.39,77.24
LINC01122,lncRNA,5.1,27.99,35.65,8.83,22.66,27.32
LINC01123,lncRNA,0.99,0.24,4.48,1.16,9.89,8.91
LINC01124,lncRNA,4.18,5.1,14.29,2.82,25.48,28.67
LINC01126,lncRNA,2.92,0.5,1.69,0.43,6.9,8.34
LINC01127,lncRNA,1.61,2.78,7.66,2.76,11.32,16.59
LINC01128,lncRNA,7.81,14.88,13.65,19.51,93.03,74.32
LINC01132,lncRNA,8.65,7.37,11.76,8.56,93.22,78.65
LINC01133,lncRNA,0.17,7.5,2.52,3.2,7.86,3.92
LINC01134,lncRNA,26.0,12.06,5.72,9.0,17.91,22.43
LINC01135,lncRNA,2.47,9.39,5.37,5.47,22.42,17.63
LINC01136,lncRNA,2.81,3.82,1.67,2.58,26.51,19.52
LINC01137,lncRNA,4.26,3.93,7.49,3.0,11.04,18.34
LINC01138,lncRNA,4.27,7.98,4.68,10.87,30.26,23.83
LINC01139,lncRNA,0.97,7.69,12.24,1.55,17.34,22.84
LINC01140,lncRNA,2.98,4.67,14.58,12.11,87.48,79.37
LINC01141,lncRNA,3.88,5.7,8.02,1.2,18.83,17.58
LINC01142,lncRNA,0.06,0.06,3.07,0.4,1.12,2.74
LINC01143,lncRNA,4.94,7.59,10.07,45.11,9.05,16.96
LINC01144,lncRNA,1.13,0.68,4.89,0.45,10.27,11.31
LINC01146,lncRNA,7.72,12.43,5.14,8.6,18.83,17.78
LINC01147,lncRNA,0.67,1.15,0.26,0.16,3.94,3.41
LINC01148,lncRNA,0.0,0.05,0.14,0.4,3.11,0.76
LINC01149,lncRNA,1.12,1.84,0.0,4.0,3.67,7.78
LINC01150,lncRNA,1.5,1.39,1.14,0.62,6.83,3.97
LINC01151,lncRNA,2.96,6.66,1.33,8.07,21.7,14.99
LINC01152,lncRNA,0.95,6.1,5.97,3.66,10.41,16.81
LINC01153,lncRNA,1.56,5.9,5.28,5.37,20.36,21.09
LINC01154,lncRNA,0.64,7.89,2.22,0.39,7.32,15.83
LINC01159,lncRNA,3.74,2.76,9.46,7.16,23.27,16.23
LINC01160,lncRNA,0.28,0.57,2.14,0.17,2.96,5.11
LINC01162,lncRNA,0.0,1.5,0.5,1.24,3.66,1.41
LINC01163,lncRNA,3.13,1.68,0.92,4.41,19.4,16.83
LINC01164,lncRNA,4.97,3.99,1.71,1.33,7.5,14.57
LINC01165,lncRNA,6.0,0.9,4.83,2.49,40.33,24.03
LINC01166,lncRNA,4.1,7.75,12.11,9.48,24.38,25.04
LINC01167,lncRNA,0.81,1.5,0.73,0.0,4.77,4.1
LINC01168,lncRNA,5.52,3.4,8.82,4.64,50.75,33.42
LINC01169,lncRNA,0.83,7.33,0.0,4.0,3.85,1.25
LINC01170,lncRNA,3.32,7.87,5.05,11.36,11.22,12.76
LINC01173,lncRNA,0.0,0.05,0.0,0.25,0.84,0.32
LINC01176,lncRNA,1.61,2.38,3.97,6.0,26.2,18.65
LINC01177,lncRNA,0.0,0.0,0.0,0.0,0.84,0.2
LINC01179,lncRNA,7.06,3.14,6.2,0.08,17.34,10.99
LINC01180,lncRNA,0.12,6.19,0.62,0.0,3.5,4.08
LINC01181,lncRNA,0.17,0.0,0.29,0.0,1.12,0.6
LINC01182,lncRNA,4.87,2.74,2.85,10.37,21.93,18.28
LINC01184,lncRNA,33.5,33.76,41.73,41.12,277.64,267.36
LINC01185,lncRNA,4.18,5.81,1.45,3.13,14.74,16.88
LINC01186,lncRNA,0.0,0.5,1.9,1.3,3.34,1.1
LINC01187,lncRNA,2.69,4.52,4.6,3.15,46.11,26.75
LINC01189,lncRNA,0.84,1.72,0.52,4.16,3.38,3.16
LINC01191,lncRNA,2.27,3.62,9.25,3.34,20.12,24.39
LINC01192,lncRNA,4.38,17.33,11.92,16.06,24.82,23.5
LINC01193,lncRNA,3.0,5.73,3.5,2.57,15.42,13.56
LINC01194,lncRNA,0.0,0.24,1.7,0.0,2.42,0.93
LINC01195,lncRNA,0.0,0.0,0.3,0.45,0.46,0.38
LINC01197,lncRNA,2.49,15.65,7.2,7.35,27.96,17.64
LINC01198,lncRNA,7.19,5.62,11.88,17.16,163.05,144.85
LINC01201,lncRNA,0.93,0.3,0.61,0.3,0.71,1.42
LINC01202,lncRNA,2.19,7.1,1.14,0.51,16.0,23.92
LINC01203,lncRNA,1.47,0.7,1.91,9.74,8.79,8.57
LINC01204,lncRNA,3.14,8.03,3.56,2.24,54.93,52.15
LINC01205,lncRNA,3.88,10.72,4.96,11.93,9.73,10.94
LINC01206,lncRNA,10.13,41.47,10.19,45.33,104.37,93.47
LINC01208,lncRNA,5.03,7.11,2.98,6.04,27.42,25.12
LINC01209,lncRNA,0.41,7.27,0.6,3.39,2.68,1.71
LINC01210,lncRNA,2.04,10.24,5.42,16.64,18.67,18.5
LINC01213,lncRNA,1.92,1.23,2.98,0.83,32.19,48.19
LINC01214,lncRNA,0.0,0.58,0.81,0.0,5.72,4.26
LINC01215,lncRNA,5.2,0.94,2.03,4.55,7.16,3.09
LINC01216,lncRNA,0.06,0.0,0.0,0.0,2.89,0.0
LINC01217,lncRNA,2.43,0.39,1.5,1.5,2.35,2.21
LINC01218,lncRNA,3.0,0.0,0.0,0.08,0.0,0.0
LINC01219,lncRNA,0.24,0.05,1.07,1.36,3.5,1.22
LINC01220,lncRNA,0.96,8.45,2.23,3.05,6.23,7.16
LINC01221,lncRNA,0.0,0.0,0.4,0.07,0.96,1.24
LINC01222,lncRNA,1.45,7.47,2.7,3.8,35.25,45.26
LINC01224,lncRNA,2.45,3.37,3.48,2.83,12.57,11.61
LINC01226,lncRNA,3.54,8.22,5.01,11.77,14.58,22.06
LINC01227,lncRNA,0.83,0.86,2.28,1.89,8.65,5.02
LINC01228,lncRNA,0.08,5.0,0.2,2.08,1.24,3.46
LINC01229,lncRNA,4.98,5.04,20.07,11.89,40.21,29.06
LINC01230,lncRNA,1.72,3.5,8.95,9.44,27.1,29.56
LINC01231,lncRNA,3.79,1.69,3.66,11.71,22.33,20.24
LINC01232,lncRNA,4.14,5.27,5.46,5.89,24.05,28.56
LINC01233,lncRNA,0.0,0.0,0.06,0.0,3.17,2.26
LINC01234,lncRNA,4.76,13.96,9.51,17.12,25.0,27.77
LINC01235,lncRNA,1.69,1.97,1.25,3.24,3.0,8.53
LINC01237,lncRNA,5.7,0.5,2.78,0.93,44.83,48.98
LINC01238,lncRNA,31.03,77.63999999999999,39.94,49.97,477.54,811.95
LINC01239,lncRNA,5.53,3.53,1.96,6.02,6.62,9.88
LINC01241,lncRNA,11.03,5.04,17.93,9.76,43.44,41.24
LINC01242,lncRNA,2.06,0.67,2.53,3.11,7.59,7.49
LINC01243,lncRNA,0.0,0.53,0.33,0.4,4.42,1.38
LINC01247,lncRNA,6.96,5.83,0.59,7.07,15.97,5.2
LINC01248,lncRNA,0.45,0.15,1.95,1.92,3.39,3.01
LINC01249,lncRNA,0.53,0.83,3.71,1.38,13.19,18.8
LINC01250,lncRNA,0.45,2.5,0.25,1.5,6.74,5.73
LINC01251,lncRNA,2.0,0.0,0.0,0.0,0.52,1.25
LINC01252,lncRNA,35.02,45.51,75.4,52.25,510.96,584.2
LINC01254,lncRNA,5.09,3.63,8.71,10.84,35.56,39.0
LINC01255,lncRNA,7.49,5.07,10.99,14.91,32.21,29.38
LINC01256,lncRNA,0.0,0.05,0.33,1.0,1.15,0.4
LINC01257,lncRNA,5.86,4.74,8.21,2.3,9.08,14.79
LINC01258,lncRNA,2.79,1.74,0.96,1.31,6.2,5.73
LINC01259,lncRNA,0.0,0.54,1.0,3.0,0.22,0.2
LINC01260,lncRNA,0.12,0.55,1.65,0.5,2.17,2.79
LINC01262,lncRNA,0.12,0.25,0.0,0.17,1.17,1.23
LINC01264,lncRNA,0.4,1.0,2.25,0.0,2.89,2.39
LINC01266,lncRNA,1.84,4.57,3.74,9.16,12.12,12.77
LINC01267,lncRNA,1.4,1.73,1.09,0.0,4.37,8.89
LINC01269,lncRNA,0.61,0.33,0.12,0.75,2.64,3.27
LINC01270,lncRNA,1.67,4.09,4.68,3.16,42.35,44.13
LINC01271,lncRNA,0.53,1.7,0.98,3.36,6.49,4.7
LINC01273,lncRNA,0.53,0.79,1.02,0.5,9.37,6.66
LINC01275,lncRNA,0.25,0.0,0.25,0.7,2.31,3.36
LINC01276,lncRNA,0.17,2.54,2.96,0.45,3.08,2.66
LINC01277,lncRNA,0.25,3.2,0.25,2.26,4.3,5.38
LINC01278,lncRNA,8.01,8.17,2.83,7.73,68.96,99.45
LINC01280,lncRNA,6.15,11.3,9.83,18.87,18.85,33.48
LINC01281,lncRNA,1.37,0.83,2.28,0.6,4.69,1.53
LINC01282,lncRNA,1.12,0.0,0.83,0.0,1.44,1.86
LINC01283,lncRNA,0.0,1.0,1.33,4.0,1.63,3.21
LINC01284,lncRNA,7.62,7.06,8.3,2.49,31.98,36.71
LINC01285,lncRNA,8.16,9.33,3.76,5.43,20.3,22.62
LINC01287,lncRNA,10.1,18.18,13.56,12.86,53.59,49.48
LINC01288,lncRNA,0.78,0.9,0.17,2.25,2.1,3.18
LINC01289,lncRNA,6.33,5.37,13.28,10.5,45.48,63.97
LINC01290,lncRNA,0.17,0.0,0.53,0.67,9.53,11.08
LINC01291,lncRNA,6.76,4.0,3.63,9.52,33.03,27.81
LINC01293,lncRNA,0.0,0.17,0.0,0.17,1.85,0.86
LINC01297,lncRNA,1.8,9.81,1.19,2.97,4.9,9.06
LINC01298,lncRNA,0.12,0.0,0.81,0.29,3.63,2.38
LINC01299,lncRNA,0.42,0.86,2.11,2.82,15.1,12.5
LINC01300,lncRNA,0.0,0.47,0.2,0.0,4.74,3.33
LINC01301,lncRNA,10.99,9.05,10.43,7.04,23.16,24.12
LINC01303,lncRNA,7.79,9.62,2.43,7.0,12.4,16.15
LINC01304,lncRNA,28.7,62.56,57.68,49.24,217.34,220.0
LINC01305,lncRNA,9.3,6.83,26.34,11.37,127.75,126.26
LINC01307,lncRNA,29.24,75.78,12.33,3.83,26.07,37.12
LINC01309,lncRNA,0.08,0.0,0.0,0.33,2.57,1.55
LINC01310,lncRNA,8.36,8.64,9.87,5.83,32.59,31.02
LINC01311,lncRNA,4.49,15.8,13.55,8.13,38.56,29.72
LINC01312,lncRNA,1.0,0.28,0.26,0.87,1.73,9.64
LINC01315,lncRNA,5.91,24.92,13.06,15.61,42.11,31.3
LINC01318,lncRNA,0.0,0.0,0.0,0.25,0.37,0.35
LINC01320,lncRNA,5.31,7.07,8.39,11.19,47.07,47.26
LINC01322,lncRNA,15.27,19.57,12.26,7.29,38.68,35.7
LINC01323,lncRNA,0.0,0.81,0.0,0.33,0.38,0.0
LINC01324,lncRNA,0.0,3.12,4.29,0.0,1.37,2.03
LINC01326,lncRNA,2.0,0.0,0.0,2.0,0.0,1.08
LINC01327,lncRNA,0.0,0.5,0.0,0.0,0.0,1.28
LINC01331,lncRNA,0.47,0.87,3.39,2.43,7.03,10.39
LINC01332,lncRNA,0.5,0.0,0.0,0.33,0.39,2.49
LINC01333,lncRNA,8.03,7.75,13.2,3.45,13.03,18.89
LINC01335,lncRNA,0.33,0.25,1.5,2.0,6.76,3.89
LINC01337,lncRNA,0.0,1.33,1.5,1.0,0.5,0.83
LINC01338,lncRNA,3.94,9.65,2.75,3.96,36.64,34.98
LINC01339,lncRNA,0.42,0.46,0.53,1.17,6.26,4.03
LINC01340,lncRNA,4.53,8.57,7.77,9.6,26.92,42.53
LINC01341,lncRNA,1.36,1.57,4.73,14.41,29.24,12.16
LINC01342,lncRNA,4.22,1.61,2.46,3.22,39.95,36.93
LINC01343,lncRNA,1.92,2.13,6.63,1.51,10.59,5.05
LINC01344,lncRNA,7.68,2.19,3.01,9.25,29.44,29.57
LINC01345,lncRNA,2.7,2.43,2.8,9.62,30.8,17.33
LINC01346,lncRNA,4.1,2.86,5.92,2.74,28.17,21.01
LINC01348,lncRNA,2.18,3.5,1.86,7.66,12.29,13.83
LINC01349,lncRNA,0.17,0.67,0.0,0.03,0.12,0.0
LINC01350,lncRNA,0.89,0.56,1.23,0.0,3.12,3.9
LINC01351,lncRNA,0.0,0.11,0.25,0.0,2.62,1.24
LINC01352,lncRNA,0.0,1.07,0.0,1.11,0.54,0.33
LINC01353,lncRNA,3.83,5.06,8.76,2.5,11.03,5.36
LINC01354,lncRNA,67.14,51.74,144.48,77.11,1203.55,900.27
LINC01355,lncRNA,3.5,6.38,0.84,2.06,11.86,7.76
LINC01356,lncRNA,1.81,9.11,3.27,2.69,15.58,16.31
LINC01357,lncRNA,2.04,5.06,3.91,1.85,10.37,8.85
LINC01358,lncRNA,2.86,13.75,2.04,16.53,17.44,13.99
LINC01359,lncRNA,2.42,4.24,4.6,4.93,11.34,8.06
LINC01360,lncRNA,0.55,2.84,0.14,1.17,3.71,5.03
LINC01361,lncRNA,1.42,0.43,3.74,6.02,21.19,22.28
LINC01362,lncRNA,0.25,0.87,2.17,4.33,4.38,4.31
LINC01363,lncRNA,0.33,0.41,1.17,0.0,2.55,6.84
LINC01364,lncRNA,0.0,0.24,0.0,0.0,1.42,5.15
LINC01365,lncRNA,7.17,0.0,4.75,0.0,3.55,0.59
LINC01366,lncRNA,6.72,2.13,1.47,4.05,9.44,8.51
LINC01370,lncRNA,1.09,2.65,0.67,1.07,8.86,6.6
LINC01374,lncRNA,0.2,0.28,0.9,1.2,1.88,4.92
LINC01375,lncRNA,0.11,0.53,2.76,3.48,3.79,4.96
LINC01376,lncRNA,10.83,16.87,23.73,26.86,103.65,57.5
LINC01377,lncRNA,0.0,0.78,2.58,1.84,8.52,4.17
LINC01378,lncRNA,0.11,4.48,2.01,2.19,8.69,7.37
LINC01381,lncRNA,1.07,1.28,2.87,2.4,8.83,8.77
LINC01385,lncRNA,0.0,0.0,0.34,2.29,5.65,5.5
LINC01386,lncRNA,0.2,0.0,0.0,3.0,1.08,1.0
LINC01387,lncRNA,0.65,0.0,0.31,0.0,0.38,4.64
LINC01388,lncRNA,0.0,0.14,0.4,0.25,3.92,3.03
LINC01389,lncRNA,0.0,0.0,0.0,0.0,0.84,0.57
LINC01391,lncRNA,8.26,20.11,17.64,22.81,58.62,83.55
LINC01392,lncRNA,0.0,0.0,0.0,0.11,0.0,1.55
LINC01393,lncRNA,1.2,0.88,2.03,1.98,11.98,15.71
LINC01394,lncRNA,0.0,0.0,0.06,0.0,0.58,4.03
LINC01395,lncRNA,0.0,0.33,0.0,0.53,3.63,2.9
LINC01396,lncRNA,1.4,2.2,0.11,2.33,4.48,2.61
LINC01397,lncRNA,1.22,6.38,3.13,6.6,7.25,6.59
LINC01398,lncRNA,0.5,0.6,0.83,3.5,11.43,11.85
LINC01400,lncRNA,0.5,0.0,0.4,1.33,0.58,1.78
LINC01402,lncRNA,0.17,0.0,0.0,0.0,0.33,0.0
LINC01405,lncRNA,2.31,5.9,4.43,3.0,36.04,49.05
LINC01409,lncRNA,12.0,6.12,3.8,12.94,17.0,16.31
LINC01410,lncRNA,0.33,1.72,2.09,9.19,4.76,3.87
LINC01411,lncRNA,5.53,3.28,1.12,7.31,10.96,12.58
LINC01412,lncRNA,0.5,1.67,0.0,0.33,2.68,1.24
LINC01413,lncRNA,2.61,1.58,0.6,1.0,2.01,2.26
LINC01414,lncRNA,2.64,1.01,2.96,2.43,15.05,13.15
LINC01415,lncRNA,2.46,2.43,6.65,6.34,40.57,25.81
LINC01416,lncRNA,1.62,5.95,3.72,1.06,19.05,8.18
LINC01419,lncRNA,0.48,0.39,0.0,2.14,0.73,1.39
LINC01422,lncRNA,2.61,7.64,3.2,4.94,17.55,24.35
LINC01423,lncRNA,0.4,0.0,0.2,0.0,1.84,1.05
LINC01424,lncRNA,0.39,0.0,0.11,0.1,1.83,2.0
LINC01425,lncRNA,0.0,0.0,1.08,1.0,0.73,2.32
LINC01426,lncRNA,6.53,10.34,9.45,11.08,20.83,26.53
LINC01427,lncRNA,0.82,1.29,3.1,4.73,10.96,9.0
LINC01428,lncRNA,0.7,1.49,1.87,0.87,16.04,13.04
LINC01429,lncRNA,2.06,13.25,2.72,4.06,1.44,9.64
LINC01431,lncRNA,0.75,0.2,0.86,3.0,5.22,2.63
LINC01432,lncRNA,0.0,0.37,0.0,0.0,1.63,2.62
LINC01433,lncRNA,0.38,0.81,0.68,1.14,19.87,25.71
LINC01435,lncRNA,7.38,10.26,8.91,13.76,30.35,41.87
LINC01436,lncRNA,0.0,0.0,1.5,0.0,1.3,2.48
LINC01438,lncRNA,0.0,0.5,0.33,0.0,1.59,0.5
LINC01440,lncRNA,3.48,4.19,1.56,0.09,8.28,6.05
LINC01441,lncRNA,0.07,1.25,0.28,2.33,2.5,1.86
LINC01442,lncRNA,3.0,0.5,0.48,0.0,1.69,3.45
LINC01443,lncRNA,0.73,3.58,1.89,3.26,4.0,7.1
LINC01444,lncRNA,0.75,1.62,1.33,0.0,3.27,6.98
LINC01445,lncRNA,2.54,1.12,0.88,7.87,14.56,24.13
LINC01446,lncRNA,4.35,5.24,2.68,12.59,33.25,15.61
LINC01447,lncRNA,0.62,0.37,4.99,4.26,13.76,9.93
LINC01448,lncRNA,0.13,0.5,0.0,0.07,0.6,2.32
LINC01449,lncRNA,4.71,23.74,5.66,1.81,7.6,5.28
LINC01450,lncRNA,3.17,3.09,6.5,3.77,15.44,14.76
LINC01451,lncRNA,5.8,3.62,5.47,5.21,45.72,30.11
LINC01455,lncRNA,0.22,0.0,0.17,0.06,3.49,1.73
LINC01456,lncRNA,0.1,1.0,0.23,2.0,7.57,3.29
LINC01460,lncRNA,4.36,2.58,4.77,8.96,13.39,16.66
LINC01465,lncRNA,244.42,68.75,408.15,190.23,1165.84,1118.4
LINC01467,lncRNA,0.0,0.5,0.83,0.0,3.13,3.57
LINC01470,lncRNA,1.2,20.46,0.5,1.34,7.14,8.73
LINC01471,lncRNA,11.67,7.33,47.85,23.18,35.94,51.04
LINC01473,lncRNA,4.37,9.48,1.6,7.08,10.08,11.11
LINC01474,lncRNA,0.44,2.53,10.9,9.6,3.45,7.35
LINC01475,lncRNA,0.0,1.23,0.25,6.1,6.02,3.59
LINC01476,lncRNA,5.83,20.25,9.12,10.83,43.95,52.04
LINC01477,lncRNA,0.0,0.42,0.0,1.0,1.66,4.11
LINC01478,lncRNA,2.27,6.15,4.76,2.58,15.8,14.35
LINC01479,lncRNA,0.5,0.67,0.0,0.72,2.27,5.2
LINC01480,lncRNA,2.46,0.9,1.38,0.2,4.96,7.42
LINC01482,lncRNA,4.86,1.41,1.12,4.06,7.18,7.1
LINC01483,lncRNA,5.57,5.01,7.7,2.56,42.98,42.77
LINC01484,lncRNA,2.36,2.24,3.84,9.41,20.57,16.67
LINC01485,lncRNA,3.61,5.23,3.82,5.89,21.01,18.03
LINC01486,lncRNA,3.6,0.0,0.0,3.0,1.13,1.51
LINC01487,lncRNA,0.83,4.33,0.9,0.78,2.78,1.43
LINC01488,lncRNA,2.88,1.72,4.48,6.72,24.37,23.68
LINC01489,lncRNA,0.34,0.0,0.08,0.06,5.04,6.62
LINC01490,lncRNA,0.18,1.0,1.24,0.17,5.66,3.14
LINC01491,lncRNA,0.0,0.31,0.0,1.2,5.37,3.84
LINC01492,lncRNA,1.18,2.18,7.12,7.0,79.25,93.7
LINC01493,lncRNA,0.42,0.85,0.12,1.28,3.02,2.62
LINC01494,lncRNA,0.0,3.0,0.06,0.06,0.31,0.35
LINC01495,lncRNA,0.0,0.29,0.5,0.29,0.79,1.41
LINC01496,lncRNA,0.83,0.25,0.59,3.85,5.38,8.06
LINC01497,lncRNA,0.33,1.22,0.46,2.09,6.22,6.94
LINC01498,lncRNA,4.18,3.74,2.07,2.51,14.47,12.41
LINC01499,lncRNA,0.5,2.2,1.38,0.29,7.59,7.18
LINC01500,lncRNA,5.01,5.81,9.23,12.3,53.59,56.62
LINC01501,lncRNA,1.7,1.33,4.96,2.19,22.26,14.97
LINC01502,lncRNA,0.81,3.95,0.56,3.37,19.03,12.41
LINC01503,lncRNA,1.69,13.51,3.74,7.68,29.17,26.34
LINC01504,lncRNA,3.64,3.64,2.38,12.65,13.25,10.88
LINC01505,lncRNA,5.04,13.38,3.35,13.64,26.9,33.53
LINC01506,lncRNA,0.0,2.0,3.0,0.5,0.45,1.61
LINC01507,lncRNA,0.0,0.11,0.33,0.05,2.25,0.0
LINC01508,lncRNA,1.32,0.93,4.34,1.57,3.68,3.6
LINC01509,lncRNA,1.0,1.0,1.17,0.67,5.1,4.13
LINC01511,lncRNA,4.68,9.56,38.76,3.85,24.7,48.27
LINC01513,lncRNA,0.0,4.0,0.07,0.0,0.22,1.91
LINC01514,lncRNA,2.33,0.48,0.08,1.53,2.63,4.36
LINC01515,lncRNA,9.08,18.52,6.81,14.68,115.03,75.28
LINC01516,lncRNA,2.99,9.43,3.6,5.78,6.02,5.59
LINC01517,lncRNA,11.17,7.82,9.13,6.97,106.99,102.52
LINC01518,lncRNA,2.2,5.09,3.02,6.08,10.26,8.43
LINC01519,lncRNA,0.44,0.6,0.14,1.5,8.81,1.71
LINC01520,lncRNA,0.0,0.81,0.5,0.08,0.55,2.38
LINC01521,lncRNA,4.12,2.21,2.62,3.0,22.56,18.82
LINC01522,lncRNA,1.32,1.86,3.42,1.4,15.51,7.1
LINC01523,lncRNA,2.83,0.05,1.39,0.0,0.0,1.78
LINC01524,lncRNA,11.94,13.5,17.62,18.97,77.38,110.55
LINC01525,lncRNA,0.06,0.58,0.57,0.0,6.72,3.43
LINC01526,lncRNA,0.11,0.0,0.0,0.07,0.49,0.14
LINC01527,lncRNA,0.77,2.56,0.0,1.25,1.13,4.46
LINC01531,lncRNA,2.29,3.86,3.23,7.01,9.73,8.57
LINC01532,lncRNA,7.68,8.12,7.07,4.05,37.34,19.02
LINC01533,lncRNA,7.27,2.42,7.97,8.88,26.11,21.59
LINC01534,lncRNA,0.37,5.45,3.43,0.77,5.75,9.05
LINC01535,lncRNA,15.77,33.46,23.51,38.43,113.6,112.21
LINC01537,lncRNA,0.77,0.44,1.0,0.4,2.35,1.94
LINC01538,lncRNA,3.52,2.95,1.5,4.82,3.26,3.29
LINC01539,lncRNA,1.92,4.6,2.49,0.37,9.83,7.78
LINC01541,lncRNA,0.18,0.2,0.2,0.0,3.99,3.18
LINC01543,lncRNA,0.78,1.76,1.26,4.05,11.2,4.81
LINC01544,lncRNA,5.92,8.77,4.43,7.05,13.8,10.4
LINC01545,lncRNA,0.0,0.5,0.31,5.0,0.2,2.6
LINC01546,lncRNA,0.33,5.98,2.53,1.37,6.44,16.42
LINC01547,lncRNA,2.09,15.99,5.94,16.56,35.38,48.03
LINC01548,lncRNA,0.0,2.2,0.14,7.16,3.74,3.16
LINC01549,lncRNA,1.11,0.5,0.08,3.0,3.81,3.3
LINC01550,lncRNA,2.96,7.4,6.3,13.4,11.8,13.67
LINC01551,lncRNA,7.04,17.09,14.29,9.35,155.84,101.85
LINC01553,lncRNA,4.75,7.58,2.52,5.22,32.19,23.27
LINC01554,lncRNA,0.54,0.43,2.18,1.0,1.56,7.57
LINC01555,lncRNA,2.3,0.85,1.79,1.25,32.18,26.08
LINC01556,lncRNA,0.0,3.25,0.73,0.0,2.85,2.1
LINC01558,lncRNA,1.0,0.58,0.19,4.0,5.04,7.75
LINC01559,lncRNA,0.52,3.04,0.42,3.56,4.97,6.76
LINC01560,lncRNA,0.13,1.19,4.0,1.29,6.87,4.92
LINC01561,lncRNA,0.14,0.37,1.62,0.19,7.84,6.19
LINC01562,lncRNA,1.06,10.98,3.67,5.3,18.12,19.7
LINC01563,lncRNA,2.32,5.7,1.48,8.75,6.31,7.92
LINC01564,lncRNA,0.89,1.33,1.67,6.0,4.01,3.82
LINC01565,lncRNA,1.05,2.82,7.64,7.32,21.17,15.74
LINC01566,lncRNA,0.14,2.94,0.9,3.17,3.57,8.36
LINC01567,lncRNA,0.68,8.0,1.28,2.62,6.68,3.85
LINC01568,lncRNA,14.61,19.1,17.65,17.59,34.52,39.49
LINC01569,lncRNA,3.0,13.5,3.57,10.64,29.47,24.4
LINC01570,lncRNA,2.31,4.4,5.08,10.8,6.84,11.29
LINC01571,lncRNA,1.54,0.0,0.95,1.18,5.38,6.75
LINC01572,lncRNA,9.07,25.11,7.96,15.96,30.99,27.3
LINC01574,lncRNA,2.73,6.35,6.43,7.67,17.37,15.22
LINC01579,lncRNA,6.22,6.24,3.65,3.98,11.41,14.44
LINC01580,lncRNA,1.3,4.09,2.35,3.27,10.46,13.06
LINC01581,lncRNA,2.12,0.82,7.17,2.27,9.65,6.4
LINC01582,lncRNA,2.7,2.41,8.12,4.43,14.24,14.96
LINC01583,lncRNA,0.79,1.26,2.12,0.86,2.19,3.26
LINC01584,lncRNA,10.95,20.17,12.7,12.18,22.35,45.58
LINC01585,lncRNA,1.77,8.68,2.44,2.47,29.4,34.83
LINC01586,lncRNA,1.12,4.37,2.34,0.5,13.29,16.65
LINC01587,lncRNA,0.67,3.12,4.56,2.12,1.19,5.08
LINC01588,lncRNA,22.65,23.29,15.94,30.17,102.81,63.84
LINC01589,lncRNA,0.0,0.07,0.09,0.0,1.58,2.78
LINC01591,lncRNA,0.86,0.33,0.24,0.0,1.68,79.97
LINC01592,lncRNA,0.54,1.26,1.91,2.96,9.93,9.59
LINC01593,lncRNA,0.0,0.0,0.0,0.0,0.69,0.45
LINC01594,lncRNA,0.25,0.25,0.07,0.0,3.34,3.25
LINC01595,lncRNA,0.71,1.83,1.28,1.15,2.66,1.35
LINC01596,lncRNA,0.0,0.09,0.22,0.17,0.29,0.4
LINC01597,lncRNA,4.64,0.82,6.0,6.89,12.6,12.43
LINC01600,lncRNA,2.57,5.85,5.81,5.04,6.75,14.36
LINC01602,lncRNA,2.71,0.31,0.78,3.32,4.58,3.05
LINC01603,lncRNA,0.08,0.09,2.31,0.11,4.24,5.79
LINC01605,lncRNA,3.89,1.54,1.88,3.0,4.71,1.64
LINC01606,lncRNA,6.54,13.12,13.46,20.58,96.72,97.27
LINC01607,lncRNA,1.92,3.99,4.16,5.48,8.11,12.18
LINC01608,lncRNA,14.15,12.76,12.86,13.1,38.59,54.17
LINC01609,lncRNA,0.12,0.22,2.0,3.33,1.74,2.49
LINC01611,lncRNA,0.0,0.0,0.44,0.25,0.77,0.78
LINC01612,lncRNA,2.34,0.32,0.17,1.08,1.48,2.31
LINC01613,lncRNA,0.5,0.97,0.67,4.41,4.04,1.71
LINC01614,lncRNA,0.14,0.0,0.0,0.0,2.37,2.61
LINC01615,lncRNA,0.31,1.12,2.72,0.06,9.78,5.54
LINC01616,lncRNA,0.0,0.92,0.0,2.5,0.63,0.62
LINC01618,lncRNA,2.39,7.38,4.32,2.46,25.71,22.77
LINC01619,lncRNA,0.17,0.25,2.38,7.35,8.93,11.91
LINC01620,lncRNA,1.08,0.0,3.54,0.5,21.84,35.74
LINC01621,lncRNA,0.0,0.0,0.05,0.0,1.09,3.07
LINC01622,lncRNA,2.46,4.49,2.38,7.3,21.42,14.99
LINC01623,lncRNA,1.74,2.14,0.44,3.36,9.54,5.36
LINC01624,lncRNA,14.08,12.34,10.59,57.66,27.56,49.91
LINC01625,lncRNA,4.26,6.85,9.93,7.26,98.87,86.98
LINC01626,lncRNA,1.12,4.08,0.25,0.0,2.49,1.24
LINC01627,lncRNA,4.0,0.0,0.25,6.33,3.1,2.13
LINC01628,lncRNA,0.0,0.37,0.0,0.0,0.33,0.0
LINC01629,lncRNA,1.0,0.0,0.11,3.53,2.39,0.47
LINC01630,lncRNA,7.61,14.96,11.17,12.38,54.96,57.38
LINC01632,lncRNA,0.06,0.11,0.57,1.55,1.24,1.84
LINC01633,lncRNA,0.0,0.0,0.0,0.0,3.83,0.11
LINC01634,lncRNA,0.57,0.59,0.92,0.38,5.48,3.26
LINC01635,lncRNA,2.24,1.82,4.17,0.73,18.42,7.26
LINC01637,lncRNA,9.21,7.99,15.74,3.19,19.5,31.86
LINC01638,lncRNA,0.0,0.25,0.13,1.58,3.82,4.04
LINC01639,lncRNA,1.0,1.06,1.52,0.11,1.49,3.5
LINC01640,lncRNA,1.37,0.29,1.56,2.24,5.79,2.96
LINC01641,lncRNA,1.7,8.09,1.86,0.65,7.52,16.81
LINC01643,lncRNA,2.56,1.62,4.26,5.21,8.83,16.21
LINC01644,lncRNA,0.42,0.44,0.14,9.45,6.32,3.77
LINC01645,lncRNA,0.88,3.19,0.58,2.5,4.39,3.62
LINC01646,lncRNA,2.15,4.22,3.48,4.31,14.5,11.06
LINC01647,lncRNA,1.06,1.06,0.31,1.0,0.28,1.41
LINC01648,lncRNA,0.33,0.31,0.56,1.0,1.32,4.98
LINC01649,lncRNA,0.67,2.0,0.65,1.0,7.78,7.37
LINC01650,lncRNA,0.0,2.11,0.2,2.14,0.57,4.05
LINC01651,lncRNA,0.14,0.0,0.1,0.0,2.49,0.99
LINC01653,lncRNA,0.1,0.14,1.53,4.12,4.08,2.44
LINC01654,lncRNA,0.58,1.08,1.17,0.25,6.75,10.05
LINC01655,lncRNA,5.38,1.16,4.89,3.0,6.37,14.66
LINC01656,lncRNA,0.63,1.92,0.2,0.18,3.19,5.35
LINC01657,lncRNA,2.4,0.17,0.75,2.0,5.94,10.9
LINC01659,lncRNA,1.95,0.55,3.29,1.56,6.64,19.83
LINC01661,lncRNA,1.94,1.2,2.83,0.5,5.76,2.63
LINC01664,lncRNA,3.06,3.2,2.65,3.69,10.65,14.13
LINC01665,lncRNA,0.38,0.78,0.87,0.25,2.87,4.22
LINC01666,lncRNA,0.22,0.41,0.0,0.58,2.48,2.12
LINC01668,lncRNA,0.0,1.83,0.17,1.0,5.51,2.17
LINC01669,lncRNA,0.5,0.78,1.81,1.37,4.33,5.09
LINC01670,lncRNA,0.45,0.35,0.57,0.11,1.1,0.66
LINC01671,lncRNA,0.25,0.33,2.05,1.05,4.04,2.28
LINC01672,lncRNA,1.32,6.39,4.43,4.21,43.15,36.11
LINC01673,lncRNA,2.62,0.14,0.1,4.17,4.49,0.59
LINC01674,lncRNA,0.12,0.06,1.4,1.0,1.21,2.2
LINC01675,lncRNA,0.05,1.88,0.28,0.0,4.01,5.08
LINC01676,lncRNA,1.17,0.48,0.15,2.33,4.25,4.74
LINC01677,lncRNA,3.12,10.89,1.25,9.6,7.92,13.91
LINC01678,lncRNA,0.5,0.92,0.41,1.38,8.48,4.78
LINC01679,lncRNA,3.53,2.15,3.59,2.63,15.99,10.99
LINC01680,lncRNA,0.0,0.0,0.0,0.5,1.4,3.2
LINC01681,lncRNA,4.96,8.6,2.59,2.87,15.44,13.55
LINC01682,lncRNA,0.1,0.84,1.51,1.62,0.98,5.63
LINC01683,lncRNA,0.12,0.82,0.73,0.3,1.23,4.0
LINC01684,lncRNA,6.55,8.86,3.33,8.5,21.35,21.4
LINC01685,lncRNA,3.94,7.12,15.34,7.41,34.54,18.73
LINC01686,lncRNA,2.67,4.69,6.54,2.69,8.75,5.87
LINC01687,lncRNA,1.5,1.74,0.78,0.28,3.96,4.25
LINC01688,lncRNA,0.0,0.0,0.0,0.0,4.61,0.57
LINC01689,lncRNA,0.2,0.4,0.08,0.0,3.61,4.39
LINC01690,lncRNA,0.61,0.0,0.2,0.0,0.0,0.29
LINC01691,lncRNA,0.0,0.0,0.0,0.0,0.36,0.09
LINC01692,lncRNA,0.95,0.62,2.33,1.92,3.71,6.55
LINC01693,lncRNA,9.06,7.8,13.09,7.87,81.37,60.29
LINC01694,lncRNA,3.0,6.74,2.95,7.65,16.15,19.34
LINC01695,lncRNA,5.74,3.94,3.16,4.8,3.96,6.05
LINC01696,lncRNA,0.09,0.62,0.25,2.0,6.14,3.36
LINC01697,lncRNA,0.6,4.87,5.14,2.08,11.56,10.73
LINC01698,lncRNA,0.77,0.83,1.61,5.75,7.07,4.0
LINC01699,lncRNA,0.0,0.0,0.0,0.0,0.14,0.4
LINC01700,lncRNA,1.73,0.22,2.99,1.11,3.44,1.61
LINC01701,lncRNA,0.17,0.06,0.36,0.06,6.86,8.53
LINC01702,lncRNA,0.0,2.5,0.0,0.45,2.62,5.08
LINC01703,lncRNA,1.95,0.31,2.33,1.2,10.27,13.3
LINC01704,lncRNA,1.57,2.54,0.36,6.91,5.15,8.61
LINC01705,lncRNA,0.58,1.15,1.48,1.5,7.44,7.94
LINC01706,lncRNA,0.21,0.0,1.48,0.83,1.12,2.65
LINC01707,lncRNA,4.5,1.27,1.79,6.86,6.51,6.26
LINC01708,lncRNA,7.17,3.67,12.33,15.83,72.98,66.67
LINC01709,lncRNA,0.31,4.69,0.86,0.85,7.3,6.31
LINC01710,lncRNA,0.08,0.34,0.0,0.0,0.81,1.51
LINC01711,lncRNA,1.23,0.0,0.39,0.11,3.98,4.88
LINC01712,lncRNA,0.98,4.59,6.97,2.84,53.74,39.42
LINC01713,lncRNA,1.14,1.12,1.06,1.17,6.5,13.53
LINC01714,lncRNA,2.32,0.33,0.68,0.0,15.72,14.91
LINC01715,lncRNA,2.46,9.74,1.99,2.43,8.03,9.1
LINC01716,lncRNA,0.14,1.32,0.57,5.21,4.18,2.48
LINC01717,lncRNA,0.61,0.33,1.08,0.0,0.9,3.1
LINC01718,lncRNA,0.34,1.0,0.78,0.21,3.48,3.02
LINC01719,lncRNA,0.91,2.9,0.65,3.46,3.68,7.39
LINC01720,lncRNA,0.33,1.43,0.52,0.93,2.47,2.82
LINC01721,lncRNA,5.89,11.89,5.65,7.17,34.52,41.76
LINC01722,lncRNA,0.68,0.57,0.73,1.04,3.46,6.79
LINC01723,lncRNA,0.0,2.98,2.16,2.84,5.0,4.3
LINC01724,lncRNA,0.14,0.0,0.17,2.5,2.1,0.61
LINC01725,lncRNA,6.39,7.36,8.3,8.66,32.87,36.57
LINC01726,lncRNA,1.5,0.7,0.0,0.75,5.16,4.6
LINC01727,lncRNA,3.05,5.87,1.79,5.57,9.72,11.94
LINC01728,lncRNA,0.0,0.25,0.0,0.25,3.83,2.28
LINC01729,lncRNA,0.06,0.0,0.0,1.0,0.0,0.45
LINC01730,lncRNA,0.14,0.28,1.77,0.0,1.71,1.43
LINC01731,lncRNA,0.43,0.29,1.0,0.08,0.17,0.8
LINC01732,lncRNA,2.0,4.0,2.69,3.0,1.0,0.07
LINC01733,lncRNA,0.06,0.14,2.6,1.05,1.44,1.75
LINC01734,lncRNA,1.96,0.14,0.0,2.5,3.69,4.79
LINC01735,lncRNA,0.6,4.95,2.05,2.12,5.19,4.75
LINC01736,lncRNA,1.53,0.49,0.85,2.38,8.39,14.88
LINC01737,lncRNA,0.0,0.06,0.67,0.0,2.89,0.14
LINC01738,lncRNA,2.18,1.25,0.5,1.0,5.67,3.26
LINC01739,lncRNA,1.75,0.04,2.08,3.0,4.85,5.04
LINC01740,lncRNA,0.0,0.0,0.25,0.0,0.0,0.2
LINC01741,lncRNA,3.67,2.17,1.33,0.1,2.14,2.79
LINC01742,lncRNA,0.0,0.14,0.47,0.0,0.31,0.0
LINC01743,lncRNA,3.86,0.72,12.79,4.33,4.52,3.52
LINC01744,lncRNA,1.0,0.89,0.26,3.07,9.48,11.44
LINC01745,lncRNA,0.41,0.63,1.83,0.5,1.34,1.07
LINC01746,lncRNA,0.33,0.37,0.06,0.25,3.64,1.39
LINC01747,lncRNA,1.72,1.34,1.47,2.7,13.11,6.63
LINC01748,lncRNA,5.06,14.44,9.1,8.72,123.67,108.68
LINC01749,lncRNA,5.15,4.7,5.5,5.75,32.33,36.9
LINC01750,lncRNA,7.09,4.87,10.2,12.4,52.83,58.6
LINC01751,lncRNA,0.5,8.01,6.25,2.76,43.11,40.73
LINC01752,lncRNA,0.0,8.47,0.0,3.0,0.49,0.0
LINC01753,lncRNA,0.0,7.0,0.0,0.0,2.01,0.67
LINC01754,lncRNA,0.33,0.05,2.2,1.17,1.78,2.43
LINC01755,lncRNA,1.63,2.0,0.06,0.22,9.84,5.73
LINC01756,lncRNA,0.32,1.51,1.92,0.0,4.66,2.81
LINC01757,lncRNA,2.24,0.5,11.72,7.17,8.67,5.16
LINC01758,lncRNA,0.09,0.0,0.33,0.0,0.37,0.0
LINC01760,lncRNA,0.0,1.0,0.0,0.0,0.0,0.0
LINC01761,lncRNA,1.05,0.27,1.5,0.85,3.23,5.69
LINC01762,lncRNA,2.1,1.35,1.38,0.59,8.18,6.98
LINC01763,lncRNA,6.93,19.08,24.17,30.65,94.6,188.71
LINC01764,lncRNA,1.24,4.3,1.73,4.49,2.62,1.26
LINC01765,lncRNA,62.47,125.56,96.33,120.0,231.32,499.23
LINC01766,lncRNA,0.0,0.38,0.12,4.96,5.09,5.4
LINC01767,lncRNA,0.0,0.43,0.11,0.0,4.76,5.44
LINC01768,lncRNA,0.0,0.0,0.07,0.0,0.0,0.57
LINC01770,lncRNA,1.26,0.25,2.44,0.87,5.9,5.96
LINC01771,lncRNA,0.14,0.25,1.94,0.33,3.01,2.28
LINC01772,lncRNA,0.45,2.83,1.1,0.06,5.2,5.52
LINC01774,lncRNA,0.0,0.12,0.0,0.0,0.47,0.87
LINC01775,lncRNA,0.09,0.0,0.0,0.1,2.24,0.4
LINC01776,lncRNA,0.47,0.59,0.32,1.57,1.22,0.97
LINC01777,lncRNA,0.58,0.21,1.2,1.48,6.05,7.18
LINC01778,lncRNA,0.83,6.99,8.52,2.89,22.31,26.11
LINC01779,lncRNA,0.0,0.46,0.42,0.38,1.1,0.78
LINC01780,lncRNA,0.22,0.61,2.31,1.33,4.99,4.53
LINC01781,lncRNA,0.0,0.6,0.6,0.0,0.2,1.57
LINC01782,lncRNA,0.58,5.62,0.15,3.08,4.08,6.93
LINC01783,lncRNA,673.87,188.29,1300.6,223.18,2155.2,1598.23
LINC01784,lncRNA,0.0,0.0,0.0,1.62,0.41,0.28
LINC01785,lncRNA,0.58,0.39,2.0,0.08,6.55,2.72
LINC01786,lncRNA,0.47,0.18,0.17,1.08,2.78,10.89
LINC01787,lncRNA,0.0,1.2,0.71,0.7,2.63,1.23
LINC01788,lncRNA,0.11,1.5,0.08,0.12,3.22,4.5
LINC01789,lncRNA,0.36,3.79,2.03,5.69,6.97,11.68
LINC01790,lncRNA,1.2,1.58,0.0,1.0,5.61,1.96
LINC01791,lncRNA,1.59,4.35,0.17,0.07,4.56,8.95
LINC01792,lncRNA,15.49,10.77,2.66,5.43,28.93,31.04
LINC01793,lncRNA,0.59,0.2,1.27,0.09,4.09,6.0
LINC01794,lncRNA,0.5,0.0,0.0,0.0,6.25,0.09
LINC01795,lncRNA,0.13,1.0,0.17,1.0,4.52,1.1
LINC01796,lncRNA,0.64,0.5,0.2,0.58,10.44,12.29
LINC01797,lncRNA,2.14,2.76,0.91,0.7,7.15,6.33
LINC01798,lncRNA,1.41,3.23,1.77,1.68,6.35,7.52
LINC01799,lncRNA,0.0,0.0,0.0,0.0,2.0,3.97
LINC01800,lncRNA,0.0,0.12,0.21,2.25,0.29,0.89
LINC01801,lncRNA,1.0,1.06,2.89,2.15,10.3,11.36
LINC01802,lncRNA,0.1,0.0,0.0,0.0,0.0,0.32
LINC01803,lncRNA,0.25,0.0,0.0,0.42,3.91,1.32
LINC01804,lncRNA,0.94,1.5,1.66,4.45,5.01,4.41
LINC01805,lncRNA,1.0,1.06,0.0,0.1,0.0,3.73
LINC01806,lncRNA,0.11,0.63,0.76,6.29,4.31,2.45
LINC01807,lncRNA,3.17,4.83,0.83,0.43,1.09,3.17
LINC01808,lncRNA,3.46,6.93,7.21,6.76,55.57,47.17
LINC01809,lncRNA,0.42,1.0,0.5,0.0,0.73,2.0
LINC01810,lncRNA,0.0,0.1,1.2,3.1,2.35,2.27
LINC01811,lncRNA,5.74,15.88,3.49,4.61,24.91,35.71
LINC01812,lncRNA,0.0,3.2,0.0,0.0,0.55,0.3
LINC01813,lncRNA,0.0,4.0,1.07,0.0,1.11,0.0
LINC01814,lncRNA,10.79,28.95,12.13,21.27,71.75,66.27
LINC01815,lncRNA,0.32,1.29,2.25,0.7,5.41,5.79
LINC01816,lncRNA,2.01,1.04,0.68,0.43,9.05,3.73
LINC01817,lncRNA,0.33,0.2,0.0,0.0,1.09,0.0
LINC01818,lncRNA,0.17,0.2,3.87,7.0,1.56,1.81
LINC01819,lncRNA,1.76,1.69,3.36,1.91,12.9,5.47
LINC01820,lncRNA,0.09,1.23,1.33,3.0,6.23,4.1
LINC01821,lncRNA,5.03,4.49,1.07,2.63,18.4,18.57
LINC01822,lncRNA,0.0,2.0,0.57,0.17,3.61,2.98
LINC01823,lncRNA,5.46,9.02,11.14,9.73,118.57,102.08
LINC01824,lncRNA,3.17,2.22,1.84,0.47,10.18,10.79
LINC01825,lncRNA,0.11,1.43,0.38,2.0,5.02,2.91
LINC01826,lncRNA,0.49,0.0,0.0,0.0,2.42,1.26
LINC01827,lncRNA,1.21,0.12,0.0,1.0,2.79,0.8
LINC01828,lncRNA,4.27,5.36,6.6,4.33,23.29,21.27
LINC01829,lncRNA,1.55,1.96,0.64,2.82,10.32,6.8
LINC01830,lncRNA,0.0,0.15,0.56,0.0,2.09,0.06
LINC01831,lncRNA,0.0,1.27,0.25,0.42,3.51,1.48
LINC01832,lncRNA,0.33,0.35,0.12,2.0,1.67,0.0
LINC01833,lncRNA,11.3,5.95,84.65,5.99,19.41,14.42
LINC01834,lncRNA,0.0,0.0,0.0,1.0,0.98,0.33
LINC01836,lncRNA,1.18,2.27,9.07,5.52,6.41,3.54
LINC01837,lncRNA,6.05,10.06,4.78,9.05,13.77,22.12
LINC01838,lncRNA,0.2,0.14,1.35,2.36,9.05,2.74
LINC01839,lncRNA,0.25,0.06,0.0,0.0,0.53,0.43
LINC01840,lncRNA,0.65,2.31,0.0,1.06,1.47,0.64
LINC01841,lncRNA,0.0,0.43,0.58,4.13,10.19,6.99
LINC01842,lncRNA,5.91,1.15,8.24,4.79,77.75,68.34
LINC01843,lncRNA,0.7,0.55,0.0,2.7,12.07,9.31
LINC01844,lncRNA,1.06,4.33,4.37,12.34,25.98,21.66
LINC01845,lncRNA,1.76,3.52,3.6,2.94,19.47,27.98
LINC01846,lncRNA,0.4,0.0,0.12,0.0,3.68,0.57
LINC01847,lncRNA,1.88,4.16,5.23,1.48,17.69,14.49
LINC01848,lncRNA,0.28,0.14,0.94,0.22,30.93,29.88
LINC01849,lncRNA,2.93,5.72,6.0,13.39,16.63,23.68
LINC01850,lncRNA,0.0,0.05,0.0,0.0,0.0,0.41
LINC01851,lncRNA,0.12,0.58,1.2,2.0,0.83,0.42
LINC01852,lncRNA,1.26,0.1,1.32,4.58,13.35,16.4
LINC01853,lncRNA,0.0,0.0,0.0,0.0,0.5,0.36
LINC01854,lncRNA,1.0,3.75,0.5,3.08,3.66,8.02
LINC01855,lncRNA,0.0,0.5,0.0,0.0,1.5,0.41
LINC01856,lncRNA,7.53,1.36,1.33,9.64,3.74,3.56
LINC01857,lncRNA,0.06,0.0,0.26,1.0,0.21,1.48
LINC01858,lncRNA,2.87,1.4,0.14,3.25,8.05,14.72
LINC01859,lncRNA,1.54,1.62,1.96,4.21,4.46,7.32
LINC01861,lncRNA,0.0,0.0,0.0,0.71,1.09,0.8
LINC01863,lncRNA,0.0,6.62,0.7,1.75,4.61,4.03
LINC01864,lncRNA,1.59,8.85,3.27,0.25,6.65,3.69
LINC01865,lncRNA,0.5,0.0,0.08,1.0,2.88,3.24
LINC01866,lncRNA,0.25,0.0,0.0,0.0,0.67,1.0
LINC01867,lncRNA,0.0,0.1,0.0,0.0,1.17,1.11
LINC01868,lncRNA,0.14,0.43,0.0,0.0,2.45,2.51
LINC01870,lncRNA,0.0,0.2,0.08,0.0,0.3,0.79
LINC01871,lncRNA,0.0,0.0,0.2,0.0,0.92,0.25
LINC01872,lncRNA,1.85,0.14,1.27,0.77,2.95,3.59
LINC01873,lncRNA,0.2,0.0,0.0,0.09,0.7,1.6
LINC01874,lncRNA,0.33,0.25,0.5,0.0,5.59,6.94
LINC01875,lncRNA,0.69,6.08,0.83,0.2,2.32,1.53
LINC01876,lncRNA,0.51,4.05,3.32,5.25,4.25,6.47
LINC01877,lncRNA,3.2,0.64,4.98,21.64,12.0,19.22
LINC01878,lncRNA,0.34,1.72,1.15,0.4,5.23,2.99
LINC01879,lncRNA,2.0,5.98,1.47,0.21,10.96,17.25
LINC01880,lncRNA,0.0,1.9,4.2,2.91,8.8,9.38
LINC01882,lncRNA,0.64,1.04,1.58,0.59,8.11,3.17
LINC01883,lncRNA,1.0,1.0,0.25,1.0,1.88,3.65
LINC01884,lncRNA,0.17,0.45,0.12,3.0,5.14,7.97
LINC01885,lncRNA,1.0,2.22,1.21,0.37,8.17,4.11
LINC01886,lncRNA,4.13,9.93,3.87,7.85,7.83,6.77
LINC01887,lncRNA,0.2,0.0,0.7,0.25,1.58,1.71
LINC01888,lncRNA,0.0,0.07,0.64,1.08,4.8,4.92
LINC01889,lncRNA,0.0,0.0,0.0,0.0,1.67,0.59
LINC01890,lncRNA,0.92,0.0,2.25,5.1,5.21,7.47
LINC01891,lncRNA,1.0,0.08,0.0,0.12,1.02,0.38
LINC01892,lncRNA,0.17,0.21,0.31,1.0,4.53,2.01
LINC01893,lncRNA,0.58,0.2,2.65,0.6,4.37,4.29
LINC01894,lncRNA,0.0,0.1,1.08,0.0,6.82,6.19
LINC01895,lncRNA,1.0,0.17,0.0,2.5,8.31,7.33
LINC01896,lncRNA,6.04,2.31,9.8,6.08,29.43,23.87
LINC01897,lncRNA,0.18,0.06,2.0,0.0,3.7,0.84
LINC01898,lncRNA,3.06,3.08,0.14,0.0,12.18,16.62
LINC01899,lncRNA,1.2,0.0,0.0,1.0,4.17,0.76
LINC01900,lncRNA,1.3,3.12,2.56,7.25,2.57,2.54
LINC01901,lncRNA,0.0,1.06,0.65,0.62,2.05,3.58
LINC01902,lncRNA,5.21,9.8,5.44,10.66,33.62,35.83
LINC01903,lncRNA,5.08,1.45,0.79,3.2,4.38,2.09
LINC01904,lncRNA,14.66,5.89,1.0,2.82,6.58,1.75
LINC01905,lncRNA,3.76,1.91,3.19,3.34,5.69,6.43
LINC01906,lncRNA,0.0,0.0,0.1,0.0,0.48,0.0
LINC01907,lncRNA,3.24,5.33,1.25,9.58,9.7,8.7
LINC01908,lncRNA,0.0,0.0,0.0,0.0,0.3,1.0
LINC01909,lncRNA,0.0,0.57,0.06,3.73,3.52,5.65
LINC01910,lncRNA,0.1,2.35,2.05,0.83,10.75,4.28
LINC01911,lncRNA,0.2,0.07,2.05,5.34,2.7,5.26
LINC01912,lncRNA,0.0,2.41,0.12,0.07,1.18,0.68
LINC01913,lncRNA,2.2,2.01,1.24,9.11,10.12,15.43
LINC01914,lncRNA,0.0,0.0,0.32,0.5,1.86,1.15
LINC01915,lncRNA,4.42,3.68,8.47,5.15,29.31,26.02
LINC01916,lncRNA,0.07,0.0,1.33,0.0,1.95,1.38
LINC01917,lncRNA,2.0,2.96,0.25,1.42,2.19,3.21
LINC01918,lncRNA,1.46,1.8,1.13,1.0,18.73,6.45
LINC01919,lncRNA,0.52,0.7,2.03,7.59,14.64,12.61
LINC01920,lncRNA,1.23,0.5,2.9,3.45,14.36,17.23
LINC01921,lncRNA,0.21,0.22,0.31,0.0,0.12,0.08
LINC01922,lncRNA,1.0,5.77,8.06,8.96,4.94,6.74
LINC01923,lncRNA,3.34,4.9,2.81,7.5,19.55,26.87
LINC01924,lncRNA,3.43,4.1,3.69,1.36,13.83,11.47
LINC01925,lncRNA,0.3,0.4,3.41,0.0,2.67,12.45
LINC01926,lncRNA,0.5,0.0,0.0,3.1,1.64,1.75
LINC01927,lncRNA,0.6,1.19,0.29,1.12,7.5,8.32
LINC01928,lncRNA,0.0,0.0,0.0,1.0,0.07,0.08
LINC01929,lncRNA,2.66,16.15,9.7,10.12,107.74,93.21
LINC01931,lncRNA,0.6,5.95,1.8,4.26,47.4,42.57
LINC01932,lncRNA,2.0,0.0,0.0,0.5,0.55,0.33
LINC01933,lncRNA,0.25,3.98,1.58,1.78,12.19,22.4
LINC01934,lncRNA,58.2,62.57,63.49,76.78,1922.11,1820.27
LINC01935,lncRNA,0.0,0.17,0.0,0.0,0.17,0.0
LINC01936,lncRNA,1.59,1.89,2.17,3.67,17.18,17.4
LINC01937,lncRNA,0.2,0.12,0.03,0.22,0.92,0.74
LINC01938,lncRNA,1.0,0.5,2.47,3.5,10.36,9.47
LINC01939,lncRNA,3.2,3.62,3.92,8.59,8.53,5.56
LINC01940,lncRNA,2.11,0.79,3.49,6.7,26.62,19.62
LINC01941,lncRNA,0.0,1.0,0.0,0.25,1.7,0.39
LINC01942,lncRNA,1.14,0.0,0.54,0.06,4.06,5.4
LINC01943,lncRNA,0.12,2.03,0.19,2.11,1.8,1.63
LINC01944,lncRNA,1.99,3.42,7.01,4.68,21.29,11.09
LINC01945,lncRNA,0.17,0.0,0.0,0.31,0.36,0.35
LINC01946,lncRNA,0.17,0.29,0.0,1.11,0.49,0.64
LINC01947,lncRNA,0.08,0.0,2.0,3.0,0.61,2.0
LINC01948,lncRNA,23.44,20.2,32.15,25.96,258.97,251.53
LINC01949,lncRNA,3.48,0.0,1.9,10.5,1.59,5.86
LINC01950,lncRNA,0.11,0.0,1.0,0.37,0.18,0.72
LINC01951,lncRNA,2.0,0.51,0.11,1.07,1.82,1.03
LINC01952,lncRNA,0.0,1.25,0.55,0.8,1.04,0.0
LINC01953,lncRNA,0.0,0.75,0.0,0.0,2.34,1.91
LINC01954,lncRNA,0.0,0.0,0.0,0.0,1.27,2.04
LINC01955,lncRNA,0.07,0.08,0.0,1.33,3.74,1.15
LINC01956,lncRNA,4.63,13.59,10.78,4.38,16.15,14.35
LINC01957,lncRNA,0.0,0.0,0.0,0.0,0.5,1.0
LINC01958,lncRNA,2.57,5.28,0.42,1.0,7.61,11.05
LINC01960,lncRNA,5.17,7.75,6.69,9.49,37.94,37.66
LINC01961,lncRNA,1.66,2.92,0.42,0.33,8.06,8.68
LINC01962,lncRNA,1104.51,583.55,1170.23,556.68,1094.43,1201.01
LINC01963,lncRNA,0.11,0.34,0.44,0.0,6.2,2.06
LINC01964,lncRNA,2.14,0.73,3.81,3.56,9.1,9.83
LINC01965,lncRNA,2.5,11.85,4.98,2.99,18.43,13.98
LINC01966,lncRNA,0.39,0.1,0.0,1.58,0.37,1.67
LINC01967,lncRNA,2.21,0.14,1.56,0.0,18.5,20.3
LINC01968,lncRNA,10.75,16.54,11.33,12.59,25.5,26.09
LINC01970,lncRNA,1.09,2.08,3.75,1.31,15.02,13.28
LINC01971,lncRNA,1.01,0.57,4.26,3.84,16.46,10.37
LINC01972,lncRNA,0.0,0.0,0.0,0.0,0.83,2.1
LINC01973,lncRNA,5.32,6.03,15.2,6.56,19.59,18.97
LINC01974,lncRNA,0.0,3.0,0.22,0.0,3.76,11.51
LINC01975,lncRNA,0.41,1.57,1.32,1.34,1.65,2.43
LINC01976,lncRNA,0.33,0.0,2.45,2.12,2.92,1.39
LINC01977,lncRNA,3.79,4.7,2.22,4.74,11.46,13.5
LINC01978,lncRNA,1.67,2.86,4.55,4.82,18.07,14.74
LINC01979,lncRNA,11.78,14.88,12.94,12.64,261.17,167.4
LINC01980,lncRNA,1.58,1.44,1.66,4.47,21.98,20.08
LINC01981,lncRNA,0.5,0.31,0.0,0.0,2.15,0.83
LINC01982,lncRNA,0.67,0.0,0.2,3.17,0.0,0.0
LINC01983,lncRNA,0.11,0.51,1.14,0.0,2.9,1.86
LINC01985,lncRNA,0.0,0.33,0.11,0.0,0.6,2.57
LINC01986,lncRNA,0.45,2.81,5.75,6.86,31.09,28.18
LINC01987,lncRNA,4.0,4.32,4.03,3.65,16.65,14.26
LINC01988,lncRNA,2.03,2.25,3.47,1.56,58.64,41.19
LINC01989,lncRNA,1.68,6.43,0.45,9.54,15.46,14.31
LINC01990,lncRNA,2.65,3.65,5.64,6.81,18.36,23.21
LINC01991,lncRNA,1.75,5.08,0.12,0.08,6.32,8.38
LINC01992,lncRNA,1.78,1.68,0.44,5.07,2.48,4.51
LINC01993,lncRNA,1.52,2.02,1.89,2.18,8.36,10.68
LINC01994,lncRNA,2.52,3.12,6.59,5.31,68.86,81.55
LINC01995,lncRNA,0.33,0.0,1.7,2.0,1.18,0.31
LINC01996,lncRNA,0.06,1.15,0.92,3.0,6.44,2.01
LINC01997,lncRNA,0.0,0.67,0.0,0.12,0.72,1.0
LINC01998,lncRNA,0.0,1.18,0.5,1.43,5.05,0.44
LINC01999,lncRNA,0.0,0.11,0.5,0.0,2.54,0.1
LINC02000,lncRNA,0.0,0.0,0.0,0.0,0.37,0.38
LINC02002,lncRNA,0.17,0.67,1.4,3.17,3.41,2.18
LINC02003,lncRNA,6.99,4.38,1.81,5.06,9.93,10.46
LINC02004,lncRNA,0.25,0.0,0.75,0.64,1.82,1.3
LINC02005,lncRNA,0.11,0.39,0.18,2.29,6.78,6.04
LINC02006,lncRNA,1.11,13.4,1.04,3.74,29.76,29.2
LINC02008,lncRNA,1.11,0.78,2.04,0.16,22.43,20.13
LINC02009,lncRNA,2.09,6.22,0.99,1.51,5.45,6.63
LINC02010,lncRNA,0.37,2.44,3.11,2.53,4.72,4.36
LINC02011,lncRNA,3.44,2.13,1.06,2.63,9.52,8.21
LINC02012,lncRNA,4.07,1.1,1.22,4.13,4.04,4.15
LINC02013,lncRNA,0.0,1.68,0.46,0.25,2.4,4.69
LINC02014,lncRNA,0.14,0.0,0.37,0.06,0.39,0.12
LINC02015,lncRNA,1.21,2.13,2.75,8.74,12.69,11.9
LINC02016,lncRNA,0.69,0.0,1.06,2.0,3.78,4.94
LINC02017,lncRNA,0.92,1.4,0.2,0.0,0.31,0.0
LINC02018,lncRNA,1.47,3.12,9.01,11.69,20.99,21.08
LINC02019,lncRNA,1.08,3.25,0.08,2.51,6.47,5.96
LINC02020,lncRNA,2.0,3.06,2.14,5.54,21.41,18.69
LINC02021,lncRNA,0.93,1.11,6.23,3.51,19.77,9.77
LINC02022,lncRNA,6.78,2.78,1.93,2.25,27.16,20.86
LINC02023,lncRNA,0.0,4.0,0.0,7.0,1.49,2.5
LINC02024,lncRNA,0.0,1.0,0.12,1.0,0.42,1.46
LINC02025,lncRNA,0.0,2.0,0.0,1.0,0.0,0.1
LINC02026,lncRNA,1.7,5.25,3.23,2.82,41.81,36.43
LINC02027,lncRNA,6.57,2.91,2.95,8.43,2.68,4.42
LINC02028,lncRNA,9.19,13.96,16.86,18.25,53.15,53.36
LINC02029,lncRNA,0.5,0.03,0.33,1.96,3.62,2.92
LINC02030,lncRNA,0.0,2.5,0.0,1.59,3.77,2.94
LINC02031,lncRNA,1.76,2.66,0.0,1.62,2.21,1.36
LINC02032,lncRNA,2.11,16.08,1.78,2.12,3.5,3.95
LINC02033,lncRNA,0.0,0.0,1.57,3.0,6.08,5.43
LINC02034,lncRNA,0.17,0.0,1.44,0.0,3.78,0.25
LINC02035,lncRNA,7.79,3.71,2.49,8.44,10.5,13.09
LINC02036,lncRNA,5.96,2.32,3.8,17.85,17.1,16.64
LINC02037,lncRNA,1.97,0.2,2.6,3.3,3.64,3.26
LINC02038,lncRNA,0.2,0.17,1.33,0.27,1.59,5.15
LINC02039,lncRNA,0.12,0.06,1.0,0.0,0.5,1.61
LINC02040,lncRNA,0.11,0.25,0.0,0.2,1.02,4.03
LINC02041,lncRNA,0.0,0.0,0.0,0.0,1.83,0.58
LINC02042,lncRNA,27.64,4.87,0.33,3.18,5.63,0.54
LINC02043,lncRNA,0.17,0.08,0.98,1.36,3.02,2.34
LINC02044,lncRNA,0.66,2.59,2.25,2.2,2.55,6.98
LINC02045,lncRNA,0.58,0.5,0.88,0.03,3.27,0.61
LINC02046,lncRNA,0.22,0.62,2.58,0.9,32.8,12.63
LINC02047,lncRNA,0.11,0.17,2.0,0.75,2.06,3.06
LINC02048,lncRNA,5.42,3.47,6.37,5.08,32.57,48.54
LINC02049,lncRNA,0.0,0.25,0.0,3.07,0.56,0.53
LINC02050,lncRNA,0.53,0.91,1.6,2.53,3.65,4.9
LINC02051,lncRNA,0.0,0.5,0.0,0.0,0.6,2.03
LINC02052,lncRNA,0.09,2.13,5.23,2.75,21.84,18.34
LINC02053,lncRNA,4.95,18.43,20.69,27.55,17.32,42.08
LINC02054,lncRNA,2.02,6.37,1.9,24.88,5.23,5.27
LINC02055,lncRNA,95.03,22.4,21.5,25.73,199.58,67.08
LINC02056,lncRNA,0.0,0.0,0.4,2.61,5.58,1.22
LINC02057,lncRNA,0.06,0.48,1.4,6.0,6.09,2.78
LINC02058,lncRNA,0.53,0.27,2.0,0.42,2.66,4.33
LINC02059,lncRNA,0.45,0.0,1.62,0.21,7.29,6.09
LINC02060,lncRNA,0.0,1.83,0.07,0.0,3.51,4.39
LINC02061,lncRNA,0.0,0.0,0.0,0.05,0.0,0.0
LINC02062,lncRNA,0.4,0.93,1.58,5.27,7.07,3.45
LINC02063,lncRNA,0.68,0.58,0.5,1.2,16.96,13.4
LINC02064,lncRNA,4.33,2.53,2.17,5.2,17.98,20.6
LINC02065,lncRNA,0.24,0.52,0.92,6.0,1.9,5.01
LINC02066,lncRNA,0.0,0.0,1.5,0.0,1.33,3.08
LINC02067,lncRNA,3.45,3.8,3.19,1.51,13.39,14.75
LINC02068,lncRNA,1.28,3.42,2.76,2.01,4.85,6.06
LINC02069,lncRNA,6.14,9.3,17.56,18.57,19.58,19.64
LINC02070,lncRNA,0.0,0.25,2.0,0.0,0.84,0.86
LINC02071,lncRNA,0.44,2.07,3.62,4.69,8.19,6.28
LINC02073,lncRNA,4.75,16.24,6.68,11.59,207.42,235.29
LINC02074,lncRNA,1.7,2.01,5.55,6.3,6.48,5.9
LINC02075,lncRNA,2.37,0.08,1.12,2.75,2.97,3.47
LINC02076,lncRNA,1.1,2.76,4.41,7.48,29.81,24.92
LINC02077,lncRNA,0.0,0.0,0.0,0.0,0.11,0.36
LINC02078,lncRNA,0.81,2.9,5.12,10.3,10.73,13.51
LINC02079,lncRNA,0.21,0.03,0.1,0.0,0.15,0.07
LINC02080,lncRNA,2.63,3.29,2.35,7.04,17.01,18.36
LINC02082,lncRNA,3.01,4.52,1.84,5.96,15.81,9.5
LINC02084,lncRNA,3.73,6.7,7.08,8.15,9.72,9.44
LINC02085,lncRNA,1.0,1.08,0.03,1.03,1.06,1.59
LINC02086,lncRNA,3.32,4.48,5.3,4.56,11.93,7.49
LINC02087,lncRNA,2.51,3.1,1.92,9.85,9.99,10.58
LINC02088,lncRNA,0.0,0.12,0.74,0.39,1.54,0.64
LINC02089,lncRNA,0.06,0.0,0.05,0.2,4.93,1.6
LINC02090,lncRNA,0.12,0.0,0.0,0.0,0.74,0.25
LINC02091,lncRNA,0.0,1.2,1.25,0.45,11.15,6.77
LINC02092,lncRNA,2.9,4.11,3.01,3.32,17.06,10.64
LINC02093,lncRNA,23.0,45.58,24.95,24.08,186.13,169.5
LINC02094,lncRNA,0.25,0.14,0.0,0.33,1.2,0.61
LINC02096,lncRNA,1.58,0.99,3.51,4.83,28.55,25.72
LINC02097,lncRNA,0.4,0.83,1.95,1.59,35.6,29.14
LINC02098,lncRNA,2.0,0.0,0.0,0.17,2.29,1.52
LINC02099,lncRNA,0.58,1.54,3.15,0.78,8.54,10.77
LINC02100,lncRNA,0.0,0.17,0.25,0.0,1.46,1.15
LINC02101,lncRNA,0.0,0.06,0.62,0.4,2.77,7.97
LINC02102,lncRNA,1.52,2.29,2.2,0.91,20.69,5.92
LINC02103,lncRNA,0.32,0.2,0.0,1.0,0.45,0.47
LINC02104,lncRNA,0.09,0.0,0.0,0.0,0.29,0.31
LINC02105,lncRNA,0.36,1.56,0.5,0.54,2.7,1.37
LINC02106,lncRNA,3.09,5.2,12.19,0.26,20.06,19.9
LINC02108,lncRNA,0.31,1.26,1.0,1.98,0.09,0.35
LINC02109,lncRNA,228.17,45.46,42.28,40.73,246.22,41.31
LINC02110,lncRNA,0.0,0.14,0.0,0.0,0.08,0.83
LINC02111,lncRNA,0.07,0.0,0.0,1.14,2.38,1.32
LINC02112,lncRNA,0.08,5.21,4.52,5.64,20.34,25.93
LINC02113,lncRNA,1.5,0.0,0.0,0.0,0.51,0.19
LINC02114,lncRNA,0.0,0.09,0.0,0.0,0.22,0.17
LINC02115,lncRNA,0.5,0.11,0.0,0.0,2.67,0.11
LINC02116,lncRNA,0.75,3.86,3.5,3.39,11.15,17.49
LINC02117,lncRNA,0.69,2.79,0.5,3.83,0.63,3.74
LINC02118,lncRNA,0.2,1.5,0.2,2.2,2.21,5.93
LINC02119,lncRNA,1.36,2.69,1.74,4.82,12.29,8.69
LINC02120,lncRNA,0.25,1.25,0.0,0.0,2.56,3.05
LINC02121,lncRNA,0.0,0.0,0.0,0.75,0.9,1.02
LINC02122,lncRNA,0.25,0.0,0.0,0.0,3.7,0.2
LINC02123,lncRNA,6.77,12.75,10.09,12.11,133.71,156.27
LINC02124,lncRNA,0.0,0.0,0.92,0.11,1.4,0.65
LINC02125,lncRNA,1.06,2.38,0.94,0.06,4.51,4.75
LINC02126,lncRNA,0.61,0.45,0.42,0.1,0.95,1.42
LINC02127,lncRNA,0.17,1.25,0.79,2.42,2.36,1.14
LINC02128,lncRNA,5.55,5.04,3.95,5.96,26.91,22.72
LINC02129,lncRNA,0.07,0.0,0.38,0.11,0.62,0.39
LINC02130,lncRNA,5.36,2.07,1.5,3.51,19.91,11.18
LINC02131,lncRNA,0.25,0.83,2.0,0.67,1.33,3.27
LINC02132,lncRNA,0.25,0.11,0.0,0.03,0.3,0.66
LINC02133,lncRNA,3.65,0.94,0.49,2.67,3.05,2.29
LINC02134,lncRNA,1.0,0.5,0.0,0.3,2.17,2.51
LINC02135,lncRNA,4.9,65.62,25.63,21.22,36.93,47.97
LINC02136,lncRNA,1.81,1.0,1.61,0.67,4.5,5.51
LINC02137,lncRNA,4.47,0.49,1.7,3.7,6.78,6.47
LINC02138,lncRNA,1.26,1.89,1.8,0.82,7.03,8.66
LINC02139,lncRNA,0.92,4.89,0.77,4.0,4.33,4.09
LINC02140,lncRNA,1.55,1.12,3.87,1.71,14.41,7.23
LINC02141,lncRNA,0.57,2.81,6.9,2.06,9.8,11.17
LINC02142,lncRNA,0.09,1.0,0.42,0.08,3.81,1.26
LINC02143,lncRNA,1.6,2.79,0.21,2.44,16.38,10.47
LINC02144,lncRNA,0.14,0.0,0.0,0.17,0.42,0.0
LINC02145,lncRNA,1.58,2.36,0.58,5.23,5.56,13.74
LINC02146,lncRNA,2.8,0.63,1.0,0.27,2.6,1.59
LINC02147,lncRNA,0.11,1.68,3.1,0.58,5.12,7.94
LINC02148,lncRNA,0.0,0.19,1.1,1.33,0.54,1.89
LINC02149,lncRNA,2.52,5.91,23.7,5.16,6.86,4.57
LINC02150,lncRNA,4.64,2.81,1.34,5.7,9.06,17.81
LINC02151,lncRNA,0.5,1.51,3.02,0.39,6.04,2.74
LINC02152,lncRNA,0.17,0.13,1.13,0.14,3.46,3.68
LINC02153,lncRNA,0.62,0.45,0.74,0.41,7.4,3.71
LINC02154,lncRNA,0.33,0.0,0.88,3.24,2.84,2.15
LINC02155,lncRNA,0.25,0.0,0.5,0.0,0.0,1.76
LINC02156,lncRNA,1.25,2.75,1.85,2.98,7.98,14.46
LINC02157,lncRNA,1.4,0.12,0.0,3.2,4.75,2.43
LINC02158,lncRNA,0.0,1.04,2.94,1.03,2.76,2.2
LINC02159,lncRNA,1.58,0.31,0.71,0.91,5.65,3.85
LINC02160,lncRNA,2.45,16.89,1.77,6.75,21.7,35.13
LINC02161,lncRNA,0.17,0.08,0.17,0.0,0.98,0.39
LINC02162,lncRNA,0.0,0.07,0.2,4.07,0.47,2.43
LINC02163,lncRNA,0.07,0.35,0.79,0.0,2.14,2.1
LINC02164,lncRNA,0.29,0.25,0.0,0.12,2.53,1.03
LINC02165,lncRNA,4.12,0.61,0.0,1.25,3.31,2.34
LINC02166,lncRNA,0.03,0.04,0.28,0.14,2.57,3.07
LINC02167,lncRNA,3.32,0.8,1.78,0.44,15.26,9.13
LINC02168,lncRNA,1.0,0.67,1.87,1.0,5.36,3.32
LINC02169,lncRNA,0.1,0.39,0.0,0.0,0.42,2.31
LINC02171,lncRNA,0.0,0.14,0.98,0.0,7.84,3.35
LINC02172,lncRNA,0.0,0.08,0.48,1.45,3.95,3.48
LINC02173,lncRNA,0.0,0.33,0.0,0.0,0.33,0.63
LINC02174,lncRNA,1.71,0.62,2.17,0.33,7.06,3.22
LINC02175,lncRNA,5.58,5.29,9.1,19.16,18.48,20.37
LINC02176,lncRNA,3.74,19.6,5.17,1.33,472.94,752.17
LINC02177,lncRNA,1.41,3.18,2.28,5.9,11.02,11.73
LINC02178,lncRNA,0.2,1.36,0.25,0.67,0.0,0.0
LINC02179,lncRNA,0.27,3.62,2.27,3.47,19.85,11.61
LINC02180,lncRNA,0.4,1.33,2.27,1.71,3.62,6.57
LINC02181,lncRNA,4.58,5.62,11.52,5.18,22.0,28.82
LINC02182,lncRNA,0.51,1.81,1.01,2.56,6.49,4.2
LINC02183,lncRNA,1.48,2.86,7.04,2.09,6.69,5.66
LINC02184,lncRNA,0.08,0.0,0.25,0.5,1.85,2.98
LINC02185,lncRNA,5.27,7.63,1.98,3.0,12.36,12.51
LINC02186,lncRNA,0.0,0.08,0.11,0.33,1.72,0.83
LINC02188,lncRNA,45.43,16.06,45.29,37.29,69.36,69.71
LINC02189,lncRNA,1.22,0.14,0.45,0.0,2.3,1.06
LINC02190,lncRNA,0.0,1.0,0.0,1.0,0.86,3.39
LINC02191,lncRNA,0.11,0.0,0.32,2.5,1.18,3.96
LINC02192,lncRNA,0.0,0.9,0.33,1.68,1.57,1.92
LINC02193,lncRNA,2.43,2.81,0.75,3.36,3.83,9.36
LINC02194,lncRNA,1.0,3.5,0.33,8.17,3.01,3.3
LINC02195,lncRNA,0.0,1.38,0.0,0.0,0.33,0.47
LINC02196,lncRNA,0.18,0.11,0.94,3.67,6.93,5.85
LINC02197,lncRNA,5.49,4.08,5.22,4.82,39.61,47.9
LINC02198,lncRNA,0.0,0.58,0.81,0.17,2.4,3.59
LINC02199,lncRNA,5.54,8.63,2.7,37.62,41.95,40.0
LINC02200,lncRNA,3.97,3.22,3.35,3.47,34.89,26.85
LINC02201,lncRNA,0.13,3.1,1.4,1.2,8.04,5.4
LINC02202,lncRNA,1.58,0.87,2.09,1.33,3.84,8.46
LINC02203,lncRNA,0.0,1.09,0.1,0.0,0.15,0.0
LINC02204,lncRNA,3.21,10.16,11.64,8.65,41.35,42.15
LINC02205,lncRNA,0.0,0.0,0.4,0.0,0.31,1.67
LINC02206,lncRNA,0.33,0.03,0.65,0.0,1.42,1.7
LINC02207,lncRNA,1.21,8.56,5.56,6.11,18.39,23.77
LINC02208,lncRNA,5.9,7.65,7.67,7.91,23.67,17.79
LINC02209,lncRNA,0.53,2.0,0.36,0.22,14.52,10.54
LINC02211,lncRNA,5.83,4.71,2.63,3.32,12.34,13.17
LINC02212,lncRNA,1.32,0.96,2.13,4.76,16.73,19.48
LINC02213,lncRNA,0.55,1.11,5.84,2.0,12.0,5.66
LINC02214,lncRNA,0.07,0.19,0.5,0.28,1.29,7.85
LINC02215,lncRNA,0.0,0.0,1.0,0.17,0.2,0.06
LINC02216,lncRNA,0.25,1.74,1.0,1.31,15.75,8.65
LINC02217,lncRNA,5.72,4.42,5.7,6.42,35.48,31.3
LINC02219,lncRNA,0.0,2.0,0.0,0.0,1.45,1.14
LINC02220,lncRNA,0.0,1.5,0.0,0.08,0.7,0.5
LINC02221,lncRNA,0.53,1.25,0.32,1.9,5.21,9.41
LINC02222,lncRNA,2.0,0.33,1.22,0.11,5.1,5.71
LINC02223,lncRNA,2.21,7.2,4.85,9.29,19.48,17.52
LINC02224,lncRNA,0.0,8.0,0.0,0.29,5.53,0.17
LINC02225,lncRNA,0.5,2.12,2.0,5.77,3.29,2.7
LINC02226,lncRNA,0.2,0.0,0.88,0.35,3.56,3.5
LINC02227,lncRNA,79.79,126.65,129.57,998.19,980.53,1509.11
LINC02228,lncRNA,2.33,0.8,3.26,4.85,10.44,12.11
LINC02229,lncRNA,0.0,0.0,0.0,0.0,0.12,1.1
LINC02230,lncRNA,0.09,0.0,0.0,0.0,0.11,0.5
LINC02231,lncRNA,0.0,0.0,0.0,0.33,0.21,1.0
LINC02232,lncRNA,0.27,7.21,2.73,2.42,7.31,9.21
LINC02233,lncRNA,0.0,0.25,1.67,1.67,1.6,2.36
LINC02234,lncRNA,0.5,0.2,3.5,0.17,2.38,5.65
LINC02235,lncRNA,1.24,0.84,2.7,11.33,10.38,6.83
LINC02236,lncRNA,1.78,1.84,2.76,5.92,15.6,15.19
LINC02237,lncRNA,0.58,1.15,1.17,1.0,5.12,4.09
LINC02238,lncRNA,0.0,0.17,0.0,0.25,2.29,0.47
LINC02239,lncRNA,0.11,0.0,1.2,0.2,3.75,2.17
LINC02240,lncRNA,1.46,6.56,5.35,4.64,20.81,17.56
LINC02241,lncRNA,5.1,4.48,7.81,11.89,78.71,38.93
LINC02242,lncRNA,0.48,1.0,0.0,0.84,1.38,0.93
LINC02243,lncRNA,0.43,0.9,0.95,2.04,24.24,20.75
LINC02244,lncRNA,0.0,0.0,0.0,0.0,0.27,0.2
LINC02245,lncRNA,12.71,12.81,13.36,8.63,22.65,27.15
LINC02246,lncRNA,0.0,4.73,0.33,0.83,4.34,6.79
LINC02247,lncRNA,0.39,0.76,0.66,0.06,2.18,1.22
LINC02248,lncRNA,1.0,0.61,1.3,1.71,10.46,9.59
LINC02249,lncRNA,7.92,8.97,1.06,5.09,7.73,5.87
LINC02250,lncRNA,4.97,0.56,5.54,3.36,24.82,21.43
LINC02251,lncRNA,0.22,2.05,1.53,1.62,6.87,8.65
LINC02252,lncRNA,0.14,0.81,0.0,1.42,1.18,0.58
LINC02253,lncRNA,6.24,4.06,4.82,2.44,31.52,25.91
LINC02254,lncRNA,8.32,15.28,4.24,7.11,21.72,12.77
LINC02255,lncRNA,0.42,0.45,2.29,2.0,1.15,0.52
LINC02256,lncRNA,0.7,8.92,1.94,2.28,2.69,2.69
LINC02257,lncRNA,1.0,1.33,0.0,0.21,2.9,1.74
LINC02258,lncRNA,0.0,0.06,0.0,0.0,0.0,0.0
LINC02259,lncRNA,1.29,1.97,1.64,1.27,3.83,1.67
LINC02260,lncRNA,0.6,1.0,0.75,1.83,14.47,15.68
LINC02261,lncRNA,1.11,0.77,0.0,2.67,3.52,1.41
LINC02262,lncRNA,0.33,0.0,0.05,1.0,4.35,3.13
LINC02263,lncRNA,5.84,4.38,4.71,14.2,58.04,62.28
LINC02264,lncRNA,0.0,0.0,0.79,1.0,0.1,2.57
LINC02265,lncRNA,0.0,4.2,0.6,0.46,5.68,6.22
LINC02266,lncRNA,2.62,3.49,4.94,8.27,50.54,69.56
LINC02267,lncRNA,0.75,1.0,2.33,0.0,2.53,2.18
LINC02268,lncRNA,1.3,5.4,0.06,0.08,2.14,4.14
LINC02269,lncRNA,8.32,6.02,6.9,5.4,119.97,84.36
LINC02270,lncRNA,1.28,4.0,0.58,0.0,1.34,4.02
LINC02271,lncRNA,1.38,0.07,5.0,2.0,1.33,1.99
LINC02272,lncRNA,0.0,0.2,0.36,0.0,2.18,3.79
LINC02273,lncRNA,4.22,2.08,2.66,4.45,11.92,5.41
LINC02274,lncRNA,0.2,0.5,0.35,0.0,0.56,0.85
LINC02275,lncRNA,1.14,1.3,2.19,0.55,5.93,7.76
LINC02277,lncRNA,0.0,0.25,0.25,1.5,0.14,0.52
LINC02278,lncRNA,1.14,0.5,0.0,0.08,4.01,4.06
LINC02279,lncRNA,1.04,0.0,0.5,0.0,4.63,5.59
LINC02280,lncRNA,5.0,0.94,3.67,11.68,14.15,15.59
LINC02281,lncRNA,0.08,1.0,0.58,2.1,9.47,3.54
LINC02282,lncRNA,4.39,3.61,6.52,4.6,55.65,25.33
LINC02283,lncRNA,0.0,0.25,0.7,0.0,4.29,2.14
LINC02284,lncRNA,12.21,1.99,9.22,8.48,14.09,11.17
LINC02285,lncRNA,0.58,0.0,0.58,1.5,1.52,1.83
LINC02286,lncRNA,0.3,0.4,0.0,5.0,1.54,5.08
LINC02287,lncRNA,0.0,0.52,3.65,1.5,3.49,1.13
LINC02288,lncRNA,2.03,13.7,3.87,3.0,9.04,9.99
LINC02289,lncRNA,0.57,3.54,4.61,5.2,7.28,8.59
LINC02290,lncRNA,1.76,1.29,0.93,3.26,1.82,5.69
LINC02291,lncRNA,0.38,0.73,4.43,1.27,9.45,7.86
LINC02292,lncRNA,5.1,14.19,10.88,44.23,67.65,105.69
LINC02293,lncRNA,0.71,6.01,1.5,3.18,6.89,9.67
LINC02294,lncRNA,0.0,0.0,1.1,0.0,1.27,2.68
LINC02295,lncRNA,0.0,0.0,0.09,0.0,1.41,1.16
LINC02296,lncRNA,0.0,0.0,0.0,0.0,1.8,0.28
LINC02297,lncRNA,0.0,0.49,0.74,3.0,1.36,0.08
LINC02298,lncRNA,2.0,2.86,2.29,5.95,11.9,12.08
LINC02299,lncRNA,0.14,4.37,0.11,1.22,20.15,19.13
LINC02300,lncRNA,0.08,0.08,0.08,2.0,0.0,1.94
LINC02301,lncRNA,2.54,0.51,1.64,2.89,14.7,7.52
LINC02302,lncRNA,0.33,1.33,0.05,0.54,3.57,3.72
LINC02303,lncRNA,0.43,0.0,0.67,0.0,1.28,2.38
LINC02304,lncRNA,0.56,5.43,0.46,1.72,16.62,13.62
LINC02305,lncRNA,0.09,0.0,0.0,0.0,0.56,0.24
LINC02306,lncRNA,0.08,0.47,0.0,1.06,5.9,2.91
LINC02307,lncRNA,0.0,0.08,0.12,0.07,2.28,1.6
LINC02308,lncRNA,0.24,0.29,0.0,0.0,0.62,0.66
LINC02309,lncRNA,0.0,0.0,0.0,1.0,1.07,1.2
LINC02310,lncRNA,2.5,1.5,0.0,0.0,0.5,1.73
LINC02311,lncRNA,0.2,0.2,0.0,1.06,2.28,0.78
LINC02312,lncRNA,1.64,0.17,0.71,0.59,4.25,9.6
LINC02313,lncRNA,0.0,0.0,0.06,0.0,1.14,2.0
LINC02314,lncRNA,1.43,3.88,1.59,1.22,9.68,12.76
LINC02315,lncRNA,0.07,0.0,0.08,0.15,0.45,0.42
LINC02316,lncRNA,9.95,5.36,1.86,8.68,32.61,33.8
LINC02317,lncRNA,7.42,5.71,10.76,9.6,15.55,30.37
LINC02318,lncRNA,1.12,0.45,0.8,5.38,6.36,4.91
LINC02319,lncRNA,0.0,0.2,1.52,2.08,0.38,0.59
LINC02320,lncRNA,0.17,0.25,0.43,0.0,1.83,1.93
LINC02321,lncRNA,0.56,0.87,1.41,9.12,2.7,6.72
LINC02322,lncRNA,1.08,0.53,0.67,0.67,2.37,1.79
LINC02323,lncRNA,6.85,8.44,10.92,6.77,58.23,56.14
LINC02324,lncRNA,26.37,21.44,29.41,25.32,87.51,90.37
LINC02325,lncRNA,3.78,1.36,4.76,1.46,21.57,19.05
LINC02326,lncRNA,0.0,1.57,2.3,3.31,4.49,8.71
LINC02327,lncRNA,3.1,6.28,2.86,10.84,21.98,28.25
LINC02328,lncRNA,0.38,7.07,3.32,1.33,7.08,8.22
LINC02329,lncRNA,1.56,0.0,1.37,2.33,1.4,2.57
LINC02330,lncRNA,0.0,0.0,0.0,0.67,0.37,1.4
LINC02331,lncRNA,1.59,2.81,1.2,0.0,3.5,3.67
LINC02332,lncRNA,3.3,0.57,1.25,0.45,2.6,1.67
LINC02333,lncRNA,3.15,1.09,3.07,1.98,1.66,1.08
LINC02334,lncRNA,3.45,4.14,3.62,1.91,19.13,19.79
LINC02335,lncRNA,0.5,2.0,0.0,0.0,0.77,0.44
LINC02336,lncRNA,0.0,4.0,1.39,1.0,3.48,1.72
LINC02337,lncRNA,0.0,0.0,0.0,0.0,2.05,0.89
LINC02338,lncRNA,25.02,3.64,4.01,2.85,60.45,10.55
LINC02339,lncRNA,0.08,0.15,0.37,0.0,2.14,0.19
LINC02340,lncRNA,2.12,4.98,2.03,5.57,3.15,4.27
LINC02341,lncRNA,0.0,0.0,0.15,1.14,0.59,3.51
LINC02342,lncRNA,0.0,0.0,0.5,0.0,2.0,1.75
LINC02343,lncRNA,0.67,1.1,0.14,0.25,3.5,1.42
LINC02344,lncRNA,0.0,0.0,0.5,0.0,0.24,0.25
LINC02345,lncRNA,2.54,12.57,2.45,3.38,58.3,36.9
LINC02346,lncRNA,2.77,8.8,8.22,8.71,29.41,29.1
LINC02347,lncRNA,2.15,2.59,4.97,3.11,12.2,17.73
LINC02348,lncRNA,6.5,2.52,8.96,3.55,21.45,25.59
LINC02349,lncRNA,0.0,0.0,0.0,0.0,0.26,0.2
LINC02351,lncRNA,3.6,2.22,0.88,0.26,5.11,6.27
LINC02352,lncRNA,5.51,4.13,2.06,5.31,26.16,21.91
LINC02353,lncRNA,1.0,0.17,0.1,0.0,2.02,7.1
LINC02354,lncRNA,1.17,0.5,3.04,2.79,10.91,14.76
LINC02355,lncRNA,0.19,1.18,0.25,2.0,5.46,3.34
LINC02356,lncRNA,0.0,0.0,0.0,2.0,1.02,3.3
LINC02357,lncRNA,0.45,0.23,0.18,1.06,2.4,2.58
LINC02358,lncRNA,1.0,0.17,0.0,2.17,2.06,1.0
LINC02359,lncRNA,2.77,10.31,5.53,3.19,25.52,22.77
LINC02360,lncRNA,0.03,1.17,0.25,0.0,0.66,0.49
LINC02361,lncRNA,4.34,3.51,8.34,2.7,17.02,8.62
LINC02362,lncRNA,3.79,17.4,8.16,8.85,27.86,19.74
LINC02363,lncRNA,5.33,1.52,0.34,4.71,4.46,9.81
LINC02364,lncRNA,5.0,13.66,0.29,5.0,5.76,1.3
LINC02365,lncRNA,1.0,3.34,1.47,1.1,10.49,5.47
LINC02366,lncRNA,0.58,0.6,1.27,2.08,2.46,4.99
LINC02367,lncRNA,0.57,5.14,1.57,4.55,21.28,18.23
LINC02368,lncRNA,4.99,7.05,4.65,4.57,45.32,46.63
LINC02369,lncRNA,0.95,1.12,0.97,0.12,11.98,10.17
LINC02370,lncRNA,0.33,0.25,0.5,0.07,2.65,3.12
LINC02371,lncRNA,5.72,4.07,2.83,4.75,13.62,17.38
LINC02372,lncRNA,0.0,2.12,1.55,0.0,4.9,2.74
LINC02373,lncRNA,0.0,0.0,0.0,0.0,1.0,0.33
LINC02374,lncRNA,0.82,0.74,0.25,1.67,1.11,1.84
LINC02375,lncRNA,19.83,0.53,0.0,0.0,1.8,0.31
LINC02376,lncRNA,0.51,3.72,3.86,0.99,4.0,5.13
LINC02377,lncRNA,2.69,8.0,1.67,3.8,3.21,5.5
LINC02378,lncRNA,1.89,0.42,2.14,2.17,8.0,6.86
LINC02379,lncRNA,0.31,0.11,0.79,0.0,0.68,1.69
LINC02380,lncRNA,0.33,0.23,0.11,0.75,8.29,5.38
LINC02381,lncRNA,2.77,10.13,3.3,3.79,17.59,18.98
LINC02382,lncRNA,0.73,0.54,19.77,2.74,1.2,0.61
LINC02383,lncRNA,0.0,0.0,0.0,0.09,0.45,2.14
LINC02384,lncRNA,5.55,1.63,3.96,6.71,9.05,11.11
LINC02385,lncRNA,0.08,0.5,0.0,0.0,0.81,0.71
LINC02386,lncRNA,0.14,5.09,0.56,2.2,0.64,6.08
LINC02387,lncRNA,0.07,0.77,0.34,0.32,1.34,2.45
LINC02388,lncRNA,1.38,2.18,1.8,5.53,5.34,7.63
LINC02389,lncRNA,1.59,3.0,2.58,3.33,19.81,29.98
LINC02390,lncRNA,0.0,0.2,0.0,0.33,3.53,1.29
LINC02391,lncRNA,0.17,0.14,1.55,3.5,0.76,0.82
LINC02392,lncRNA,0.0,1.25,0.19,2.53,2.62,3.01
LINC02393,lncRNA,1.07,1.34,0.46,2.22,4.07,2.4
LINC02394,lncRNA,0.37,0.0,0.0,1.81,4.49,1.8
LINC02395,lncRNA,4.57,6.2,8.27,14.48,47.24,36.86
LINC02396,lncRNA,0.33,1.7,1.0,7.04,17.89,8.87
LINC02397,lncRNA,6.68,10.37,6.79,4.74,23.47,14.07
LINC02398,lncRNA,2.0,0.14,0.0,17.11,1.34,2.0
LINC02399,lncRNA,0.0,0.0,0.0,0.0,4.0,0.7
LINC02400,lncRNA,0.25,0.76,0.0,0.0,1.6,0.34
LINC02401,lncRNA,23.12,37.81,2.42,13.37,23.91,56.79
LINC02402,lncRNA,0.22,0.47,0.0,10.0,3.15,3.78
LINC02403,lncRNA,0.0,4.0,0.33,4.44,0.84,0.25
LINC02404,lncRNA,0.31,0.18,0.0,0.11,0.52,3.5
LINC02405,lncRNA,13.13,10.37,6.49,9.41,30.17,33.14
LINC02406,lncRNA,0.73,0.2,3.5,0.0,6.19,1.66
LINC02408,lncRNA,0.33,0.14,2.54,2.99,4.17,5.19
LINC02409,lncRNA,0.14,0.43,0.0,0.2,0.0,1.03
LINC02410,lncRNA,0.0,0.0,0.0,1.0,0.1,0.36
LINC02411,lncRNA,3.27,1.63,1.92,6.73,5.72,5.95
LINC02412,lncRNA,1.17,6.89,4.39,3.48,7.94,6.54
LINC02413,lncRNA,1.2,0.5,1.25,1.5,3.31,2.63
LINC02414,lncRNA,0.76,0.2,0.91,2.12,5.0,6.91
LINC02415,lncRNA,0.42,0.26,0.19,0.25,1.63,1.1
LINC02416,lncRNA,0.0,0.0,0.25,1.0,0.38,1.35
LINC02417,lncRNA,16.39,21.1,8.29,46.28,6.78,5.74
LINC02418,lncRNA,1.85,3.21,2.52,4.29,16.9,14.14
LINC02419,lncRNA,1.05,3.88,3.98,3.66,10.5,4.88
LINC02420,lncRNA,0.0,0.39,2.0,0.83,1.57,0.3
LINC02421,lncRNA,2.0,1.87,1.0,0.0,7.29,14.88
LINC02422,lncRNA,1.75,0.0,0.25,1.14,2.79,1.74
LINC02423,lncRNA,0.37,0.0,0.0,0.0,1.12,1.95
LINC02424,lncRNA,0.0,0.08,0.0,0.0,1.06,0.2
LINC02425,lncRNA,0.33,0.12,0.0,1.17,1.42,0.2
LINC02426,lncRNA,0.75,0.08,0.1,0.08,3.0,1.82
LINC02427,lncRNA,1.92,3.07,5.36,11.2,12.26,7.42
LINC02428,lncRNA,0.1,5.47,1.12,1.37,7.15,8.07
LINC02429,lncRNA,0.0,0.58,0.05,0.0,0.0,1.48
LINC02430,lncRNA,0.7,0.58,0.52,1.46,18.64,14.43
LINC02431,lncRNA,0.2,0.18,1.09,1.75,3.87,2.43
LINC02432,lncRNA,5.51,5.04,0.46,18.33,9.56,12.04
LINC02433,lncRNA,0.49,0.62,0.96,5.0,1.6,1.4
LINC02434,lncRNA,1.08,2.17,0.0,10.86,4.37,3.89
LINC02435,lncRNA,0.0,0.0,0.0,0.07,3.61,0.23
LINC02436,lncRNA,6.07,4.03,8.97,8.12,30.85,30.97
LINC02437,lncRNA,0.41,4.36,1.37,0.38,4.99,4.58
LINC02438,lncRNA,1.68,0.0,0.0,1.74,0.93,3.95
LINC02439,lncRNA,0.0,0.0,1.0,0.0,1.38,3.17
LINC02440,lncRNA,2.33,2.75,1.01,0.73,1.02,2.56
LINC02441,lncRNA,0.0,1.32,0.25,2.2,2.05,1.77
LINC02442,lncRNA,0.12,0.0,0.0,0.0,1.09,0.8
LINC02443,lncRNA,7.54,2.41,2.77,6.25,15.04,9.84
LINC02444,lncRNA,0.0,6.5,0.0,2.03,2.64,5.85
LINC02445,lncRNA,0.0,0.0,0.0,0.0,1.46,0.33
LINC02446,lncRNA,0.5,0.0,1.0,1.0,1.77,5.05
LINC02447,lncRNA,2.92,6.21,7.48,7.59,12.31,19.91
LINC02448,lncRNA,0.39,0.0,0.0,4.0,2.07,0.33
LINC02449,lncRNA,0.94,4.99,2.22,3.22,13.79,12.83
LINC02450,lncRNA,0.0,1.0,0.2,0.6,1.19,0.79
LINC02451,lncRNA,0.0,0.07,0.0,0.33,2.04,4.35
LINC02452,lncRNA,2.17,4.7,0.14,5.8,7.13,5.59
LINC02453,lncRNA,2.5,7.0,1.28,8.8,32.71,20.5
LINC02454,lncRNA,0.08,0.38,0.0,0.14,2.26,3.38
LINC02455,lncRNA,0.0,0.22,0.67,0.67,1.63,5.03
LINC02456,lncRNA,1.24,0.5,0.32,1.83,0.89,1.72
LINC02457,lncRNA,9.38,12.39,6.46,19.69,14.3,18.2
LINC02458,lncRNA,0.87,2.0,2.08,1.84,10.12,5.89
LINC02459,lncRNA,0.0,0.57,0.0,0.0,0.23,1.02
LINC02460,lncRNA,0.25,0.0,0.0,0.06,0.84,0.06
LINC02461,lncRNA,0.0,0.0,0.0,0.0,0.18,2.71
LINC02462,lncRNA,0.56,0.23,0.33,0.0,2.37,0.84
LINC02463,lncRNA,0.0,0.0,0.0,0.0,0.25,0.0
LINC02464,lncRNA,0.09,0.32,0.0,1.0,3.06,0.72
LINC02465,lncRNA,3.96,2.7,2.5,2.52,10.72,11.15
LINC02466,lncRNA,1.37,2.12,0.85,3.4,12.42,9.83
LINC02468,lncRNA,0.05,0.17,3.42,0.1,4.18,3.28
LINC02469,lncRNA,0.08,0.0,1.14,0.0,0.0,0.68
LINC02470,lncRNA,1.69,3.81,0.53,6.79,9.75,8.82
LINC02471,lncRNA,7.35,6.86,1.28,1.96,13.21,12.68
LINC02472,lncRNA,1.0,1.58,1.75,1.92,1.89,7.42
LINC02473,lncRNA,1.51,2.76,1.09,0.96,21.73,43.89
LINC02474,lncRNA,1.03,0.0,0.5,0.2,1.24,0.33
LINC02475,lncRNA,0.72,1.74,0.32,1.57,1.23,2.17
LINC02476,lncRNA,0.17,3.01,2.49,5.5,5.38,12.05
LINC02477,lncRNA,0.0,0.0,0.83,0.25,2.28,0.29
LINC02478,lncRNA,0.0,0.33,0.07,0.25,1.51,0.8
LINC02479,lncRNA,1.0,0.82,1.2,2.0,0.2,2.51
LINC02480,lncRNA,0.0,0.14,0.0,1.0,1.08,0.27
LINC02481,lncRNA,2.36,4.34,2.61,4.91,39.24,32.22
LINC02482,lncRNA,5.92,5.43,9.29,4.79,41.44,37.03
LINC02483,lncRNA,2.75,0.33,1.0,1.05,1.88,2.84
LINC02484,lncRNA,1.56,5.9,0.73,1.05,26.44,28.76
LINC02485,lncRNA,0.79,1.51,2.4,1.86,0.75,1.5
LINC02487,lncRNA,5.23,2.06,5.67,3.55,106.98,76.29
LINC02488,lncRNA,0.6,0.21,0.21,1.08,0.77,3.23
LINC02489,lncRNA,1.0,0.0,0.0,0.0,0.4,0.17
LINC02490,lncRNA,0.0,2.83,0.0,1.0,0.75,1.43
LINC02492,lncRNA,3.17,4.53,2.37,2.56,18.99,24.03
LINC02493,lncRNA,1.69,4.22,0.0,1.14,3.8,2.29
LINC02494,lncRNA,0.0,0.14,0.0,0.0,0.1,0.2
LINC02496,lncRNA,0.0,0.0,0.33,0.5,3.21,0.97
LINC02497,lncRNA,0.79,2.17,6.04,0.83,19.46,18.45
LINC02498,lncRNA,0.0,1.45,0.12,0.0,1.97,0.58
LINC02499,lncRNA,0.0,0.77,0.83,0.2,0.82,1.08
LINC02500,lncRNA,0.25,0.0,1.58,2.0,0.37,0.56
LINC02501,lncRNA,0.06,2.0,0.05,0.0,1.0,1.39
LINC02502,lncRNA,0.0,0.0,0.09,0.06,1.63,0.33
LINC02503,lncRNA,0.08,1.5,1.61,0.12,2.14,1.4
LINC02504,lncRNA,5.31,6.53,1.87,27.69,11.59,12.56
LINC02505,lncRNA,1.47,1.09,3.04,2.67,8.51,9.21
LINC02506,lncRNA,0.62,1.42,0.17,0.89,1.99,1.47
LINC02507,lncRNA,0.33,2.29,3.5,7.17,3.45,4.73
LINC02508,lncRNA,0.0,0.0,0.5,0.0,0.33,0.5
LINC02509,lncRNA,0.17,0.17,1.0,1.0,2.9,3.71
LINC02510,lncRNA,0.0,1.3,0.07,0.0,4.41,5.46
LINC02511,lncRNA,8.22,1.1,2.39,1.48,14.86,13.21
LINC02512,lncRNA,1.11,1.0,1.22,2.11,9.13,8.55
LINC02513,lncRNA,6.4,0.4,0.31,1.49,6.33,3.84
LINC02514,lncRNA,0.0,0.0,0.0,0.0,0.53,0.0
LINC02515,lncRNA,1.92,0.64,2.2,5.27,3.54,5.48
LINC02516,lncRNA,2.86,3.44,3.0,0.73,4.69,8.03
LINC02517,lncRNA,1.45,1.55,0.49,0.44,4.35,6.17
LINC02518,lncRNA,0.17,0.2,0.17,0.2,0.5,3.33
LINC02519,lncRNA,1.83,0.53,0.5,0.2,8.43,7.51
LINC02520,lncRNA,2.0,0.2,0.0,0.06,0.25,2.25
LINC02521,lncRNA,4.41,1.83,6.2,6.21,20.74,18.78
LINC02522,lncRNA,0.0,0.25,0.0,0.0,0.1,0.0
LINC02523,lncRNA,0.67,0.25,1.86,2.75,2.88,2.77
LINC02525,lncRNA,0.64,0.5,0.33,4.23,6.64,8.66
LINC02526,lncRNA,0.0,0.07,0.0,0.0,0.0,1.04
LINC02527,lncRNA,1.2,0.09,0.0,1.05,2.74,1.18
LINC02528,lncRNA,0.0,7.27,0.12,0.12,0.42,0.55
LINC02529,lncRNA,7.0,0.58,1.17,16.25,17.14,9.26
LINC02530,lncRNA,0.2,4.17,0.37,4.44,2.35,2.18
LINC02531,lncRNA,0.17,0.12,0.93,0.0,2.34,2.14
LINC02532,lncRNA,5.45,8.71,3.39,11.73,19.24,32.54
LINC02533,lncRNA,4.32,4.81,1.34,1.84,6.83,5.97
LINC02534,lncRNA,0.0,0.33,0.48,0.0,1.17,0.06
LINC02535,lncRNA,1.11,0.38,0.5,1.0,3.82,3.07
LINC02536,lncRNA,0.2,0.13,0.26,2.13,0.58,1.68
LINC02537,lncRNA,0.58,0.14,2.5,2.81,2.8,2.07
LINC02538,lncRNA,5.09,6.74,11.76,10.34,29.8,32.5
LINC02539,lncRNA,0.06,0.0,0.0,0.2,1.0,0.08
LINC02540,lncRNA,0.12,0.27,0.0,0.0,4.51,0.6
LINC02541,lncRNA,0.0,2.42,0.0,4.88,1.96,1.89
LINC02542,lncRNA,18.54,9.49,37.65,16.13,14.67,20.06
LINC02543,lncRNA,0.14,3.21,0.0,1.15,2.56,1.78
LINC02544,lncRNA,5.27,4.08,0.42,2.63,13.82,9.99
LINC02545,lncRNA,0.25,0.0,0.0,0.0,0.17,1.1
LINC02546,lncRNA,3.01,1.5,2.23,1.03,79.67,47.4
LINC02547,lncRNA,3.19,1.57,1.49,1.29,12.2,8.82
LINC02548,lncRNA,2.75,1.0,0.09,1.31,4.18,4.88
LINC02549,lncRNA,0.0,0.0,0.42,0.0,0.14,0.98
LINC02550,lncRNA,0.14,0.03,1.14,0.0,3.94,2.3
LINC02551,lncRNA,1.6,2.53,1.88,3.36,9.76,12.31
LINC02552,lncRNA,1.35,11.57,4.68,11.83,26.69,31.4
LINC02553,lncRNA,0.0,0.0,0.0,4.0,0.38,1.98
LINC02554,lncRNA,3.97,3.69,4.49,8.6,23.52,36.96
LINC02555,lncRNA,0.0,0.83,0.25,4.15,7.84,4.48
LINC02556,lncRNA,0.0,0.07,0.5,0.0,0.24,0.48
LINC02557,lncRNA,0.0,0.0,0.4,1.0,1.47,1.86
LINC02558,lncRNA,0.24,5.47,0.7,1.08,8.06,6.95
LINC02559,lncRNA,0.08,0.54,0.22,0.39,2.18,3.74
LINC02560,lncRNA,0.0,0.08,0.54,0.0,11.08,6.96
LINC02561,lncRNA,0.14,0.1,0.75,0.12,0.62,0.0
LINC02562,lncRNA,5.47,7.2,3.76,4.57,1.22,1.98
LINC02563,lncRNA,0.0,0.0,0.0,0.0,0.0,0.57
LINC02564,lncRNA,0.26,0.41,2.15,2.57,6.03,6.72
LINC02565,lncRNA,0.0,0.0,0.0,0.0,0.2,0.83
LINC02567,lncRNA,0.0,0.0,0.06,0.1,1.13,0.34
LINC02568,lncRNA,0.93,2.12,0.57,2.24,10.37,6.57
LINC02569,lncRNA,2.12,5.78,4.81,8.03,7.58,3.15
LINC02570,lncRNA,1.25,0.0,0.9,0.07,3.59,2.82
LINC02571,lncRNA,0.0,0.0,0.0,7.0,0.61,0.18
LINC02572,lncRNA,3.36,3.89,7.35,3.61,24.34,15.56
LINC02573,lncRNA,0.0,1.5,3.5,0.31,0.84,2.51
LINC02574,lncRNA,2.78,11.49,2.12,5.88,9.56,5.17
LINC02575,lncRNA,0.12,0.49,0.74,0.51,1.67,2.27
LINC02576,lncRNA,2.0,1.42,0.0,0.14,0.5,2.27
LINC02577,lncRNA,3.13,4.37,3.99,4.94,11.44,14.94
LINC02578,lncRNA,0.24,0.0,0.0,0.0,0.09,0.5
LINC02579,lncRNA,1.45,0.5,1.59,5.12,9.7,7.7
LINC02580,lncRNA,1.14,2.68,3.52,10.82,12.16,25.66
LINC02582,lncRNA,0.12,2.43,0.28,0.45,4.01,3.48
LINC02583,lncRNA,0.0,1.59,0.5,0.33,1.38,2.27
LINC02584,lncRNA,2.56,3.03,3.16,2.07,25.22,14.79
LINC02585,lncRNA,0.0,11.07,0.49,5.0,6.36,13.05
LINC02586,lncRNA,1.28,4.2,5.84,4.83,10.19,19.47
LINC02587,lncRNA,0.4,2.39,0.32,0.18,2.15,1.52
LINC02588,lncRNA,2.95,5.91,4.04,12.81,21.64,20.89
LINC02590,lncRNA,1.28,0.76,0.83,2.0,2.39,1.57
LINC02591,lncRNA,6.47,7.58,30.7,15.1,80.54,129.33
LINC02593,lncRNA,8.45,13.54,9.37,6.15,48.28,59.98
LINC02594,lncRNA,0.0,3.3,2.25,4.12,8.17,13.02
LINC02595,lncRNA,0.1,1.82,4.07,3.14,12.81,12.15
LINC02596,lncRNA,0.68,0.29,0.94,0.38,4.98,2.06
LINC02598,lncRNA,0.2,0.0,0.0,0.0,1.0,3.68
LINC02599,lncRNA,1.48,4.84,6.0,5.29,13.83,19.52
LINC02600,lncRNA,2.92,2.94,8.31,2.56,26.25,17.14
LINC02601,lncRNA,3.32,2.23,8.96,6.07,20.68,16.48
LINC02603,lncRNA,1.89,0.05,1.57,1.49,10.14,10.91
LINC02604,lncRNA,3.0,4.2,5.1,4.88,21.42,13.33
LINC02605,lncRNA,0.61,2.17,1.31,0.32,6.79,8.28
LINC02606,lncRNA,2.12,1.91,8.17,1.93,25.2,15.29
LINC02607,lncRNA,2.82,7.51,1.33,4.31,42.15,24.23
LINC02608,lncRNA,2.93,2.0,4.13,2.33,32.2,28.94
LINC02609,lncRNA,9.31,14.76,22.08,15.15,99.96,66.12
LINC02610,lncRNA,0.54,3.08,5.97,7.26,19.65,16.72
LINC02611,lncRNA,4.21,22.17,2.21,7.79,14.58,22.18
LINC02612,lncRNA,1.04,0.94,1.95,1.5,5.43,7.66
LINC02613,lncRNA,3.67,5.6,4.59,5.06,14.86,12.47
LINC02614,lncRNA,7.03,4.62,4.82,16.47,19.61,19.13
LINC02615,lncRNA,1.54,5.01,3.26,10.63,7.55,10.8
LINC02616,lncRNA,4.87,1.44,1.53,1.17,2.94,4.67
LINC02617,lncRNA,0.0,0.0,0.0,0.14,1.0,0.0
LINC02619,lncRNA,0.25,0.0,0.25,1.12,2.25,4.43
LINC02620,lncRNA,1.56,0.06,0.2,0.5,2.4,1.7
LINC02621,lncRNA,1.0,0.0,0.0,0.0,0.33,0.33
LINC02622,lncRNA,1.83,0.17,2.5,0.22,8.71,6.12
LINC02623,lncRNA,0.69,1.06,1.62,2.11,9.11,10.54
LINC02624,lncRNA,0.25,15.25,0.33,3.0,9.76,15.76
LINC02625,lncRNA,0.14,0.0,0.3,2.33,0.74,0.53
LINC02626,lncRNA,3.73,0.67,1.33,1.11,1.17,2.84
LINC02627,lncRNA,0.22,1.59,0.0,1.61,6.03,10.34
LINC02628,lncRNA,0.5,8.83,4.2,0.1,0.37,5.91
LINC02629,lncRNA,0.4,5.0,0.79,0.95,6.43,7.13
LINC02630,lncRNA,0.0,1.25,0.75,2.0,4.65,11.42
LINC02631,lncRNA,0.73,1.94,0.2,0.9,1.77,2.5
LINC02632,lncRNA,2.17,4.32,0.92,1.14,3.39,3.84
LINC02633,lncRNA,0.0,0.0,0.11,0.0,0.2,0.17
LINC02634,lncRNA,0.0,0.09,1.07,0.0,0.0,0.08
LINC02635,lncRNA,0.0,2.78,0.32,0.46,0.31,0.68
LINC02636,lncRNA,3.0,0.22,0.38,2.56,3.92,4.41
LINC02637,lncRNA,0.39,0.17,0.45,0.08,0.43,0.58
LINC02639,lncRNA,0.0,0.25,0.25,2.0,1.78,1.53
LINC02640,lncRNA,0.0,0.0,0.14,0.0,0.17,1.4
LINC02641,lncRNA,2.82,3.15,9.78,9.61,18.15,14.73
LINC02642,lncRNA,8.59,9.44,0.5,6.63,19.7,25.91
LINC02643,lncRNA,0.0,0.1,0.0,0.0,0.64,0.08
LINC02644,lncRNA,0.0,0.5,0.0,0.09,0.45,0.39
LINC02645,lncRNA,0.56,1.92,4.33,5.14,11.53,15.59
LINC02646,lncRNA,8.09,11.96,9.29,10.37,20.59,32.97
LINC02647,lncRNA,5.81,3.43,2.73,2.62,11.24,7.69
LINC02648,lncRNA,0.2,0.0,2.17,0.0,0.54,0.0
LINC02649,lncRNA,8.58,7.5,0.68,8.49,18.99,17.68
LINC02650,lncRNA,0.07,0.0,0.87,0.0,0.31,0.5
LINC02651,lncRNA,0.0,0.0,2.56,0.0,1.12,1.26
LINC02652,lncRNA,0.08,0.31,0.25,0.0,1.78,1.53
LINC02653,lncRNA,0.88,0.12,1.39,0.25,3.43,4.19
LINC02654,lncRNA,3.12,1.5,3.22,1.98,60.51,69.11
LINC02655,lncRNA,0.0,0.19,0.0,0.0,1.75,0.71
LINC02656,lncRNA,10.95,4.84,20.67,7.18,4.82,5.19
LINC02658,lncRNA,0.0,0.0,0.25,1.25,1.33,0.69
LINC02659,lncRNA,0.38,2.0,1.68,1.35,16.83,8.92
LINC02660,lncRNA,4.0,1.68,0.42,0.79,5.87,14.67
LINC02661,lncRNA,2.03,5.47,1.2,3.47,2.76,1.82
LINC02662,lncRNA,0.19,0.9,1.0,0.08,2.04,0.9
LINC02663,lncRNA,0.0,2.17,0.33,0.0,14.34,38.24
LINC02664,lncRNA,2.35,5.47,4.61,2.94,6.4,11.26
LINC02665,lncRNA,0.0,0.0,1.0,0.0,3.96,8.79
LINC02666,lncRNA,0.17,0.0,0.33,0.14,2.84,2.46
LINC02667,lncRNA,1.4,1.35,1.17,0.56,6.02,4.46
LINC02668,lncRNA,12.07,6.16,25.61,8.95,76.67,67.11
LINC02669,lncRNA,2.11,9.84,8.57,3.44,22.34,27.17
LINC02670,lncRNA,0.49,2.87,0.17,0.0,0.77,0.75
LINC02671,lncRNA,3.5,10.09,2.82,5.21,15.02,19.4
LINC02672,lncRNA,0.0,2.08,0.0,0.0,1.21,1.26
LINC02673,lncRNA,0.08,0.3,0.22,2.06,0.3,0.7
LINC02674,lncRNA,1.94,0.77,0.67,1.4,8.08,10.98
LINC02675,lncRNA,1.78,3.43,3.43,3.33,9.76,5.2
LINC02676,lncRNA,0.0,3.0,0.0,0.0,1.14,0.25
LINC02679,lncRNA,0.5,0.7,0.0,2.44,0.0,0.11
LINC02680,lncRNA,7.47,16.89,18.04,21.76,123.47,171.49
LINC02681,lncRNA,6.76,1.81,9.59,4.69,35.04,18.45
LINC02682,lncRNA,2.15,7.04,2.42,6.22,4.15,5.77
LINC02683,lncRNA,0.0,1.46,0.0,0.33,1.06,1.79
LINC02684,lncRNA,0.68,0.23,7.15,0.09,3.65,2.84
LINC02685,lncRNA,0.0,0.88,1.95,0.55,9.65,6.71
LINC02686,lncRNA,1.02,1.12,1.11,0.0,1.06,0.39
LINC02687,lncRNA,4.54,5.89,21.58,9.27,81.37,56.83
LINC02688,lncRNA,5.92,5.42,3.39,9.77,16.25,23.5
LINC02689,lncRNA,1.0,1.5,1.66,1.18,4.83,2.83
LINC02690,lncRNA,0.2,5.02,0.76,2.0,6.92,13.17
LINC02691,lncRNA,5.75,8.68,5.45,4.33,8.62,7.72
LINC02692,lncRNA,2.0,1.06,2.94,1.42,8.76,9.12
LINC02693,lncRNA,10.82,18.76,30.05,27.77,71.9,64.29
LINC02694,lncRNA,10.34,12.29,7.65,3.7,48.67,49.8
LINC02695,lncRNA,0.12,1.0,0.0,0.11,0.0,0.31
LINC02696,lncRNA,1.24,6.57,10.29,7.97,13.64,12.92
LINC02697,lncRNA,0.0,0.12,0.0,0.0,0.56,0.84
LINC02698,lncRNA,1.5,0.06,0.67,3.0,7.63,10.23
LINC02699,lncRNA,0.0,0.12,0.71,2.0,8.51,7.44
LINC02700,lncRNA,1.37,3.71,4.72,2.14,13.1,12.7
LINC02701,lncRNA,2.04,3.15,3.96,4.35,15.03,11.54
LINC02702,lncRNA,9.57,13.87,20.87,6.75,13.61,18.75
LINC02703,lncRNA,0.55,1.58,1.65,0.79,11.2,6.56
LINC02704,lncRNA,0.0,0.06,0.11,0.0,0.25,2.17
LINC02705,lncRNA,0.0,1.0,0.0,0.06,0.0,0.17
LINC02706,lncRNA,3.24,1.17,3.06,7.86,6.19,9.74
LINC02707,lncRNA,0.0,0.0,1.14,0.0,1.3,0.25
LINC02708,lncRNA,0.08,0.0,0.0,0.32,0.65,1.01
LINC02709,lncRNA,0.11,6.42,3.6,4.17,10.64,12.72
LINC02710,lncRNA,0.87,1.66,2.51,7.12,5.11,5.23
LINC02711,lncRNA,0.0,5.67,0.0,0.0,0.12,0.15
LINC02712,lncRNA,0.0,0.14,0.11,0.0,0.45,1.58
LINC02713,lncRNA,3.11,0.16,0.05,0.0,2.96,0.45
LINC02714,lncRNA,3.09,5.85,7.81,0.78,29.99,23.39
LINC02715,lncRNA,0.5,0.57,2.19,3.0,0.68,3.06
LINC02716,lncRNA,0.5,0.44,2.96,1.5,3.33,2.81
LINC02717,lncRNA,1.34,0.31,3.96,9.51,25.71,20.43
LINC02718,lncRNA,4.63,3.16,0.33,6.08,7.5,6.39
LINC02720,lncRNA,0.0,0.0,0.69,0.0,4.31,1.28
LINC02721,lncRNA,1.2,0.08,0.32,0.06,6.29,1.53
LINC02722,lncRNA,0.09,0.2,1.08,0.25,0.0,0.0
LINC02723,lncRNA,0.22,2.83,1.07,1.23,3.18,3.51
LINC02724,lncRNA,3.17,0.55,2.06,2.08,18.51,23.02
LINC02725,lncRNA,2.38,1.96,6.65,7.62,4.81,2.28
LINC02726,lncRNA,1.41,1.98,2.93,0.67,4.13,5.83
LINC02727,lncRNA,19.18,6.34,8.27,6.19,13.05,6.43
LINC02728,lncRNA,77.88,12.29,3.67,5.92,13.12,5.77
LINC02729,lncRNA,0.61,0.5,0.83,0.33,2.35,3.02
LINC02730,lncRNA,0.0,5.17,7.23,1.23,11.03,14.15
LINC02731,lncRNA,6.52,7.72,13.69,9.32,45.69,32.83
LINC02732,lncRNA,0.17,0.2,0.0,0.42,1.62,1.41
LINC02733,lncRNA,2.47,1.4,2.46,3.58,8.73,10.86
LINC02734,lncRNA,2.0,0.0,1.48,0.12,2.87,5.93
LINC02735,lncRNA,0.33,11.28,1.53,1.34,3.15,3.46
LINC02736,lncRNA,0.64,0.42,1.15,0.05,2.17,1.02
LINC02737,lncRNA,0.0,0.25,0.0,0.0,0.98,0.84
LINC02739,lncRNA,156.79,46.03,193.71,62.34,124.53,149.48
LINC02740,lncRNA,0.0,0.5,0.1,0.0,0.21,4.55
LINC02741,lncRNA,0.0,2.88,0.12,0.5,0.79,1.7
LINC02742,lncRNA,14.57,25.89,20.06,28.34,216.26,197.67
LINC02743,lncRNA,0.85,1.66,1.41,5.42,3.4,6.07
LINC02744,lncRNA,2.45,0.35,0.0,6.45,5.47,2.82
LINC02745,lncRNA,0.22,1.06,0.3,1.0,5.65,3.32
LINC02746,lncRNA,0.11,10.46,1.88,0.53,5.94,7.03
LINC02747,lncRNA,1.87,3.37,4.75,2.07,53.23,40.94
LINC02748,lncRNA,1.0,6.72,4.09,1.0,0.64,0.51
LINC02749,lncRNA,0.0,0.0,2.07,0.0,7.01,4.53
LINC02750,lncRNA,0.29,0.0,0.58,7.45,2.16,0.89
LINC02751,lncRNA,1.0,0.0,0.0,1.2,4.14,1.15
LINC02752,lncRNA,0.0,0.05,2.66,3.77,8.69,8.14
LINC02753,lncRNA,0.12,3.0,4.62,1.62,7.36,4.68
LINC02754,lncRNA,3.35,5.18,3.86,5.36,29.43,27.59
LINC02755,lncRNA,0.31,0.58,0.09,3.0,1.74,2.69
LINC02756,lncRNA,0.0,0.28,3.34,0.14,2.35,2.94
LINC02757,lncRNA,0.27,0.73,0.35,1.93,4.5,6.16
LINC02758,lncRNA,0.0,0.58,0.0,0.0,0.28,0.33
LINC02759,lncRNA,1.25,0.0,2.2,2.0,2.36,1.76
LINC02760,lncRNA,1.12,1.38,0.43,0.42,0.0,0.87
LINC02761,lncRNA,1.18,0.12,0.2,0.0,4.19,3.77
LINC02762,lncRNA,7.43,9.01,7.07,13.22,31.49,22.95
LINC02763,lncRNA,1.6,1.4,0.5,1.33,5.17,7.41
LINC02764,lncRNA,0.07,0.33,1.18,2.33,2.84,1.27
LINC02765,lncRNA,0.49,1.87,0.92,0.62,10.63,9.44
LINC02766,lncRNA,0.18,0.0,0.17,0.4,1.85,1.33
LINC02767,lncRNA,10.12,66.16,48.64,13.87,87.14,75.46
LINC02768,lncRNA,0.0,0.0,0.0,0.0,0.0,0.52
LINC02769,lncRNA,0.0,0.0,0.0,1.0,0.5,1.12
LINC02770,lncRNA,1.87,1.17,1.75,0.25,4.36,5.56
LINC02771,lncRNA,0.0,0.0,0.0,3.17,0.42,0.93
LINC02772,lncRNA,2.0,1.33,2.14,0.2,7.38,3.83
LINC02773,lncRNA,1.06,0.12,2.05,1.58,6.04,5.28
LINC02774,lncRNA,0.7,0.4,3.87,1.95,4.86,4.0
LINC02775,lncRNA,1.61,1.69,2.0,5.17,5.89,5.1
LINC02776,lncRNA,2.11,0.0,0.08,0.0,3.87,3.0
LINC02777,lncRNA,0.57,0.68,3.8,2.35,5.25,10.35
LINC02778,lncRNA,1.01,1.2,0.29,3.0,4.02,1.34
LINC02779,lncRNA,0.0,3.0,0.0,0.0,0.8,1.0
LINC02780,lncRNA,1.51,6.5,3.03,6.26,16.4,24.24
LINC02781,lncRNA,0.11,0.18,1.0,1.48,9.37,7.03
LINC02782,lncRNA,0.48,0.91,1.0,0.5,2.54,0.0
LINC02783,lncRNA,0.5,1.72,11.53,19.96,31.2,96.17
LINC02784,lncRNA,0.14,0.0,1.75,0.0,0.5,1.5
LINC02785,lncRNA,1.43,0.34,4.31,0.9,8.32,12.4
LINC02786,lncRNA,0.0,0.81,1.67,0.31,9.45,2.28
LINC02787,lncRNA,0.0,2.0,0.0,0.0,0.39,0.5
LINC02788,lncRNA,1.27,1.5,1.15,0.75,3.23,4.17
LINC02789,lncRNA,0.17,2.4,1.57,11.6,3.19,5.57
LINC02790,lncRNA,1.11,1.31,6.4,4.29,3.86,9.91
LINC02791,lncRNA,2.5,0.1,0.0,0.11,8.11,6.58
LINC02792,lncRNA,1.06,2.08,0.0,0.33,0.69,0.31
LINC02793,lncRNA,0.33,0.0,0.07,0.0,2.64,0.56
LINC02794,lncRNA,1.88,0.44,0.91,1.96,3.31,3.95
LINC02795,lncRNA,1.47,2.27,0.25,1.0,9.71,9.02
LINC02796,lncRNA,0.0,0.0,0.0,0.98,0.7,0.38
LINC02797,lncRNA,0.0,0.08,0.6,2.1,1.32,0.38
LINC02798,lncRNA,1.17,0.36,0.64,2.56,9.33,9.85
LINC02799,lncRNA,0.12,0.17,0.06,0.2,0.0,0.0
LINC02800,lncRNA,2.01,0.5,0.25,2.0,5.07,3.73
LINC02801,lncRNA,5.33,4.52,1.3,6.45,21.36,17.68
LINC02802,lncRNA,0.06,1.59,0.66,1.57,0.29,0.74
LINC02803,lncRNA,1.53,1.61,2.06,2.83,2.41,0.36
LINC02804,lncRNA,0.71,0.74,1.68,4.53,5.86,4.61
LINC02805,lncRNA,3.82,18.27,10.04,5.01,62.95,60.89
LINC02806,lncRNA,4.61,3.52,25.55,6.4,66.67,74.02
LINC02808,lncRNA,2.08,0.71,0.72,1.0,7.51,6.63
LINC02809,lncRNA,1.57,0.23,1.39,3.93,5.6,9.76
LINC02810,lncRNA,0.18,0.73,0.06,0.0,2.09,2.86
LINC02811,lncRNA,1.53,4.17,1.31,1.06,4.12,2.06
LINC02812,lncRNA,0.75,2.06,0.6,0.1,3.75,4.11
LINC02813,lncRNA,0.5,0.08,0.61,0.06,1.26,1.04
LINC02814,lncRNA,2.93,5.77,5.0,0.75,11.59,8.79
LINC02815,lncRNA,1.0,0.0,0.0,0.0,1.21,0.6
LINC02816,lncRNA,0.0,0.58,0.0,0.0,3.17,3.71
LINC02817,lncRNA,1.1,5.1,3.0,7.08,15.79,15.48
LINC02818,lncRNA,0.0,0.0,0.33,0.0,1.03,1.5
LINC02819,lncRNA,0.07,0.0,0.67,0.79,1.51,0.12
LINC02820,lncRNA,0.0,0.0,0.0,0.0,0.34,0.15
LINC02821,lncRNA,0.0,1.13,0.0,0.0,0.14,0.27
LINC02822,lncRNA,32.21,10.84,8.12,1.97,44.34,41.27
LINC02823,lncRNA,0.56,2.3,1.5,0.5,10.03,6.78
LINC02824,lncRNA,4.78,2.86,1.17,3.55,16.39,17.77
LINC02825,lncRNA,0.0,0.0,0.0,0.5,0.13,0.32
LINC02826,lncRNA,3.87,2.6,1.6,3.34,24.99,18.96
LINC02827,lncRNA,0.0,2.59,4.26,1.08,5.03,3.89
LINC02828,lncRNA,0.0,0.0,0.27,1.0,0.62,0.4
LINC02829,lncRNA,0.0,0.64,0.0,0.08,1.12,0.0
LINC02830,lncRNA,0.15,0.1,0.0,1.12,2.64,2.84
LINC02831,lncRNA,1.48,3.48,1.83,0.75,33.7,52.03
LINC02832,lncRNA,1.25,8.0,4.17,4.39,4.54,5.39
LINC02833,lncRNA,0.11,0.93,3.58,3.8,2.03,7.08
LINC02834,lncRNA,3.45,4.81,1.22,0.07,4.84,5.26
LINC02835,lncRNA,1.0,1.94,0.22,0.46,0.85,2.33
LINC02836,lncRNA,0.05,0.0,0.0,0.36,1.37,0.06
LINC02837,lncRNA,0.83,0.36,0.25,0.2,3.33,7.73
LINC02838,lncRNA,0.78,0.08,0.05,4.0,1.01,0.7
LINC02839,lncRNA,1.0,0.5,0.65,0.0,0.17,1.53
LINC02840,lncRNA,1.63,9.92,6.15,5.28,42.99,63.51
LINC02841,lncRNA,2.0,0.2,0.0,0.0,3.01,1.27
LINC02842,lncRNA,0.25,0.65,1.33,0.0,8.74,6.66
LINC02843,lncRNA,0.24,2.55,1.15,1.0,4.99,4.05
LINC02844,lncRNA,0.61,1.25,1.0,4.0,3.51,0.94
LINC02845,lncRNA,0.0,0.0,0.14,0.0,0.47,1.06
LINC02846,lncRNA,1.17,3.74,1.72,0.61,7.0,12.41
LINC02847,lncRNA,0.06,2.17,0.91,1.12,3.03,5.3
LINC02848,lncRNA,0.68,3.18,0.78,7.66,10.03,9.15
LINC02849,lncRNA,0.0,0.1,0.5,0.05,0.46,2.79
LINC02850,lncRNA,0.0,1.25,0.0,0.17,0.43,0.67
LINC02851,lncRNA,0.5,0.0,1.49,0.6,22.7,15.82
LINC02852,lncRNA,0.73,0.5,0.14,0.39,0.08,1.82
LINC02853,lncRNA,0.2,0.0,0.0,4.1,5.74,1.93
LINC02854,lncRNA,2.58,0.58,0.33,0.17,2.72,0.32
LINC02855,lncRNA,0.0,0.06,0.0,0.0,0.92,1.21
LINC02856,lncRNA,1.0,0.2,0.0,0.11,0.59,2.7
LINC02857,lncRNA,1.56,2.29,1.12,0.0,4.17,4.03
LINC02858,lncRNA,1.0,0.54,0.0,1.0,4.18,4.21
LINC02860,lncRNA,0.11,1.76,0.69,0.31,1.77,3.65
LINC02861,lncRNA,0.43,2.07,0.67,1.2,2.47,3.99
LINC02862,lncRNA,0.5,1.15,0.0,1.0,0.25,0.11
LINC02863,lncRNA,0.0,1.5,0.75,0.0,1.32,0.71
LINC02864,lncRNA,7.84,4.13,4.46,4.33,16.29,10.93
LINC02865,lncRNA,0.14,0.0,0.06,0.0,1.56,0.47
LINC02866,lncRNA,0.25,0.0,0.2,0.25,1.69,3.95
LINC02867,lncRNA,2.73,1.22,1.0,1.18,2.75,3.42
LINC02868,lncRNA,0.33,0.0,0.5,0.33,2.26,3.22
LINC02869,lncRNA,0.2,6.0,1.12,4.0,1.52,7.13
LINC02870,lncRNA,1.66,0.06,1.31,1.06,15.27,8.62
LINC02871,lncRNA,0.27,0.67,0.42,0.0,4.52,3.98
LINC02872,lncRNA,1.87,0.56,0.87,1.69,11.43,6.83
LINC02873,lncRNA,1.49,0.73,1.86,4.6,7.69,4.2
LINC02874,lncRNA,0.0,3.96,1.08,0.05,5.39,2.71
LINC02875,lncRNA,3.85,4.17,6.12,3.69,15.58,15.35
LINC02876,lncRNA,0.0,0.0,0.0,0.0,0.58,0.55
LINC02877,lncRNA,0.5,0.11,0.0,0.25,5.39,2.51
LINC02878,lncRNA,1.86,1.02,6.13,3.0,14.01,13.26
LINC02880,lncRNA,1.0,0.0,0.21,2.6,4.66,4.08
LINC02881,lncRNA,1.42,1.37,1.24,1.3,13.74,9.17
LINC02882,lncRNA,0.76,8.1,3.09,3.44,12.54,9.16
LINC02883,lncRNA,1.0,0.0,0.0,0.33,0.92,1.25
LINC02884,lncRNA,17.0,4.56,6.75,8.77,11.05,15.8
LINC02885,lncRNA,14.78,0.41,0.11,2.07,3.41,6.1
LINC02886,lncRNA,0.0,0.0,0.06,0.0,0.08,0.4
LINC02887,lncRNA,0.1,0.17,0.84,1.02,4.93,6.75
LINC02888,lncRNA,0.09,0.27,0.22,1.34,1.49,1.97
LINC02889,lncRNA,11.21,4.77,13.07,5.58,44.86,45.95
LINCADL,lncRNA,0.0,0.0,0.0,0.0,0.38,0.27
LINCMD1,lncRNA,0.09,0.17,0.4,0.0,0.24,1.07
LINCR-0001,lncRNA,0.62,0.54,1.1,2.25,6.78,4.41
LINCR-0003,lncRNA,1.05,9.91,0.62,1.28,7.92,6.96
LINGO1-AS1,lncRNA,1.44,1.29,1.94,2.85,4.36,4.81
LINGO1-AS2,lncRNA,0.12,0.61,1.0,0.12,2.31,3.0
LINP1,lncRNA,4.22,2.79,19.4,6.49,36.79,66.6
LIPC-AS1,lncRNA,0.25,0.45,0.0,1.05,2.6,0.77
LIPE-AS1,lncRNA,3.0,5.62,7.31,2.23,24.94,22.09
LIVAR,lncRNA,0.0,0.0,0.08,0.0,0.77,1.95
LIX1-AS1,lncRNA,0.14,2.15,0.33,5.47,4.03,2.71
LIX1L-AS1,lncRNA,4.13,9.94,1.93,10.32,20.3,19.59
LL22NC01-81G9.3,lncRNA,1.64,13.82,0.74,1.52,1.9,1.4
LL22NC03-63E9.3,lncRNA,0.73,2.4,5.95,0.71,9.13,8.34
LLPH-DT,lncRNA,0.5,0.0,0.2,0.0,1.42,2.57
LMCD1-AS1,lncRNA,8.76,7.31,3.48,7.33,19.62,18.13
LMF1-AS1,lncRNA,1.71,9.76,3.48,3.58,19.29,30.63
LMLN-AS1,lncRNA,0.0,0.0,0.0,0.05,0.51,1.74
LMNB1-DT,lncRNA,4.47,8.23,6.97,5.56,211.84,212.13
LMNTD2-AS1,lncRNA,2.75,2.59,2.98,3.12,10.36,9.21
LMO7-AS1,lncRNA,1.55,0.13,0.06,0.5,4.65,3.26
LMO7DN,lncRNA,3.0,2.3,1.5,0.0,3.38,3.6
LMO7DN-IT1,lncRNA,0.0,0.0,0.0,0.0,0.07,0.5
LMX1A-AS1,lncRNA,0.1,0.0,0.0,2.17,1.74,0.24
LMX1A-AS2,lncRNA,0.37,0.27,0.0,0.1,1.46,0.52
LNC-LBCS,lncRNA,16.83,11.0,8.39,16.78,52.24,59.26
LNCAROD,lncRNA,1.34,16.1,8.77,0.9,13.82,14.18
LNCARSR,lncRNA,4.28,1.12,1.22,2.64,8.12,6.24
LNCDAT,lncRNA,5.09,5.63,15.29,7.94,29.55,27.81
LNCNEF,lncRNA,3.0,0.0,0.33,0.12,4.84,1.21
LNCOC1,lncRNA,4.94,3.35,4.59,2.84,14.76,10.0
LNCOG,lncRNA,2.16,8.2,2.0,0.0,4.75,3.89
LNCPRESS1,lncRNA,0.07,0.89,0.92,0.1,8.88,13.03
LNCPRESS2,lncRNA,1.0,0.33,0.0,1.25,0.51,0.0
LNCSRLR,lncRNA,1.67,0.05,0.0,0.0,0.0,0.0
LNCTAM34A,lncRNA,4.59,4.0,8.29,4.64,49.87,38.3
LNX1-AS1,lncRNA,0.1,0.7,0.5,1.59,2.87,4.45
LNX1-AS2,lncRNA,0.33,6.33,0.97,0.29,1.08,2.24
LOH12CR2,lncRNA,1.83,1.35,2.46,2.57,14.8,10.47
LOXL1-AS1,lncRNA,5.48,10.47,3.17,10.59,33.13,18.51
LPGAT1-AS1,lncRNA,0.2,2.75,0.33,1.0,3.34,6.15
LPP-AS1,lncRNA,0.0,0.05,0.0,0.0,0.81,1.07
LPP-AS2,lncRNA,9.96,4.61,5.85,1.9,20.14,16.15
LRIG2-DT,lncRNA,1.08,13.17,4.81,9.48,34.48,26.98
LRP1-AS,lncRNA,0.14,0.33,1.25,0.25,8.16,14.63
LRP4-AS1,lncRNA,2.37,0.05,2.08,1.1,3.36,1.84
LRRC2-AS1,lncRNA,0.53,0.6,1.69,2.28,4.13,5.89
LRRC3-DT,lncRNA,0.5,0.25,3.78,0.5,9.56,7.81
LRRC52-AS1,lncRNA,0.98,4.22,4.49,7.05,9.98,7.21
LRRC7-AS1,lncRNA,0.0,0.0,0.0,0.07,0.09,0.5
LRRC8C-DT,lncRNA,10.4,11.3,13.0,26.22,41.22,45.0
LRRC8D-DT,lncRNA,1.0,0.49,1.89,0.29,17.89,12.82
LRRK2-DT,lncRNA,2.88,1.45,5.64,3.76,6.16,9.39
LRRTM4-AS1,lncRNA,0.0,0.1,0.0,0.24,0.61,0.66
LSAMP-AS1,lncRNA,0.0,0.99,0.25,0.11,0.34,0.37
LSINCT5,lncRNA,0.06,1.42,0.7,1.19,6.71,6.78
LUADT1,lncRNA,0.0,4.0,0.0,0.0,0.33,0.2
LUARIS,lncRNA,1.5,3.47,2.14,1.41,7.78,5.71
LUCAT1,lncRNA,18.17,47.07,143.48,412.09,28.76,47.99
LUNAR1,lncRNA,3.42,2.98,2.43,0.59,17.34,14.7
LURAP1L-AS1,lncRNA,12.4,16.04,14.78,28.36,281.98,261.64
LY6E-DT,lncRNA,2.24,0.62,0.98,1.12,5.01,12.3
LY86-AS1,lncRNA,5.88,15.37,12.25,11.26,30.31,28.7
LYPLAL1-AS1,lncRNA,19.6,34.29,41.53,38.83,107.5,85.72
LYPLAL1-DT,lncRNA,5.65,7.78,7.22,13.46,10.46,12.22
LYRM4-AS1,lncRNA,1.39,4.36,3.75,5.67,33.75,15.65
LYST-AS1,lncRNA,0.0,0.05,0.0,0.0,0.86,0.65
LZTS1-AS1,lncRNA,0.33,0.57,0.0,0.25,1.31,2.29
MACC1-AS1,lncRNA,0.53,0.0,0.0,0.0,0.06,0.14
MACORIS,lncRNA,0.0,0.06,0.99,0.89,8.78,8.28
MACROD2-AS1,lncRNA,0.0,0.4,1.25,0.18,1.4,2.8
MACROD2-IT1,lncRNA,0.0,0.0,1.07,0.0,0.41,0.76
MADD-AS1,lncRNA,0.0,0.0,0.0,0.08,0.91,0.7
MAFA-AS1,lncRNA,1.0,0.17,0.5,0.0,1.14,1.53
MAFG-DT,lncRNA,2.09,5.14,4.65,5.24,27.74,21.32
MAFTRR,lncRNA,8.77,6.02,2.39,11.91,15.45,14.33
MAGEA10-MAGEA5,lncRNA,0.32,0.0,0.27,0.12,3.05,2.23
MAGEA4-AS1,lncRNA,1.27,0.45,2.27,0.25,6.96,4.78
MAGEA6-DT,lncRNA,19.23,19.31,5.86,16.33,2.64,13.75
MAGEA8-AS1,lncRNA,0.5,2.31,0.34,0.5,1.64,2.21
MAGI1-AS1,lncRNA,0.0,0.33,0.33,0.0,1.29,0.89
MAGI1-IT1,lncRNA,0.47,1.16,0.6,2.03,2.95,1.08
MAGI2-AS1,lncRNA,1.09,0.0,0.72,0.14,1.62,1.69
MAGI2-AS2,lncRNA,0.12,0.0,0.0,0.08,0.72,4.46
MAGI2-AS3,lncRNA,15.08,18.49,22.37,15.75,53.55,40.0
MAILR,lncRNA,5.93,12.16,12.73,17.13,38.39,50.85
MAL2-AS1,lncRNA,0.6,0.64,2.33,1.27,5.85,9.29
MALAT1,lncRNA,167.89,103.37,250.51,336.21,171.93,134.87
MALINC1,lncRNA,3.22,6.74,10.42,11.28,40.64,37.37
MAMDC2-AS1,lncRNA,5.99,7.47,1.76,15.74,31.99,27.38
MAN1B1-DT,lncRNA,1.27,1.85,3.26,3.02,12.16,11.79
MAN2A1-DT,lncRNA,0.06,0.0,0.0,0.11,2.0,0.0
MANCR,lncRNA,5.53,14.83,20.4,24.58,85.28,99.07
MANEA-DT,lncRNA,1.08,1.26,3.94,1.68,7.98,8.01
MAP3K14-AS1,lncRNA,6.99,6.43,9.07,10.18,30.67,29.21
MAP3K2-DT,lncRNA,1.64,3.11,2.5,6.75,13.31,5.22
MAP3K20-AS1,lncRNA,2.05,4.33,2.7,4.42,21.45,21.88
MAP3K4-AS1,lncRNA,4.34,3.12,6.92,2.53,25.81,20.7
MAP3K5-AS1,lncRNA,0.5,1.0,0.75,1.25,5.44,6.49
MAP4K3-DT,lncRNA,8.5,28.15,5.37,19.02,42.14,39.94
MAPK10-AS1,lncRNA,0.0,3.0,0.0,0.14,2.87,3.33
MAPK6-DT,lncRNA,0.14,0.5,0.37,0.45,0.88,2.13
MAPKAPK5-AS1,lncRNA,1.86,4.1,4.11,7.35,20.6,28.45
MAPRE3-AS1,lncRNA,1.5,1.74,0.6,0.93,3.85,5.81
MAPT-AS1,lncRNA,7.75,16.17,13.41,42.86,80.92,75.79
MAPT-IT1,lncRNA,1.27,12.21,5.28,6.6,37.09,20.83
MARCHF10-DT,lncRNA,3.6,1.24,0.2,4.25,2.13,7.26
MARCHF11-AS1,lncRNA,0.0,2.0,1.0,2.3,0.76,0.4
MAST4-AS1,lncRNA,6.0,1.0,0.0,12.25,0.17,2.52
MAST4-IT1,lncRNA,0.0,0.0,0.0,0.0,1.19,1.0
MATN1-AS1,lncRNA,17.92,18.69,128.33,15.45,165.82,188.19
MBNL1-AS1,lncRNA,10.66,17.28,7.85,12.47,39.43,49.14
MCCC1-AS1,lncRNA,2.4,0.71,0.0,0.2,0.0,0.42
MCF2L-AS1,lncRNA,0.25,2.71,1.05,0.21,8.68,7.63
MCHR2-AS1,lncRNA,0.6,1.55,1.27,0.58,4.49,2.54
MCM3AP-AS1,lncRNA,8.14,10.14,9.16,5.62,25.0,29.62
MCM8-AS1,lncRNA,0.0,0.0,0.09,0.1,1.25,3.15
MCPH1-AS1,lncRNA,5.94,30.18,13.33,10.11,28.52,24.51
MCTP1-AS1,lncRNA,0.0,0.0,1.0,0.0,0.48,0.08
MDC1-AS1,lncRNA,0.03,0.48,1.65,1.5,0.8,1.86
MDS2,lncRNA,2.95,7.33,2.4,2.77,14.74,21.48
MECOM-AS1,lncRNA,0.0,0.42,0.0,0.0,1.67,3.74
MED14OS,lncRNA,1.7,1.53,3.02,2.46,10.95,7.11
MED4-AS1,lncRNA,0.17,0.25,0.41,0.77,0.33,1.03
MED8-AS1,lncRNA,0.1,0.23,0.08,1.14,1.71,1.09
MEF2C-AS1,lncRNA,10.76,4.8,3.94,10.8,28.47,17.42
MEF2C-AS2,lncRNA,0.52,3.39,0.73,0.86,6.07,11.21
MEG3,lncRNA,35.16,57.4,48.66,25.45,160.39,152.86
MEG8,lncRNA,11.36,11.93,10.06,22.95,28.63,33.77
MEG9,lncRNA,0.62,3.19,2.86,2.95,12.16,16.99
MEIS1-AS2,lncRNA,6.34,13.48,11.48,19.9,117.71,119.5
MEIS1-AS3,lncRNA,1.81,0.55,2.0,1.33,16.36,21.38
MELTF-AS1,lncRNA,3.96,5.02,2.07,4.92,10.25,7.57
MESTIT1,lncRNA,3.47,3.84,4.61,4.84,37.41,35.22
METTL14-DT,lncRNA,17.4,6.47,1.96,9.07,17.75,12.32
MFF-DT,lncRNA,45.38,40.0,11.84,21.06,97.23,103.62
MGAT3-AS1,lncRNA,0.43,0.21,1.68,1.29,7.31,3.26
MGC15885,lncRNA,5.68,7.88,8.7,4.07,54.58,52.66
MGC16275,lncRNA,8.09,6.02,4.69,4.33,20.95,10.86
MGC27382,lncRNA,0.39,1.09,0.27,3.5,4.74,3.74
MGC32805,lncRNA,2.44,2.22,3.99,8.24,6.26,1.92
MGC4859,lncRNA,1.55,1.45,3.16,2.39,18.05,14.25
MHENCR,lncRNA,0.0,2.58,2.26,2.33,4.87,4.51
MIAT,lncRNA,24.58,32.65,46.08,49.2,893.51,358.5
MIATNB,lncRNA,20.43,38.44,20.04,24.51,229.86,279.53
MICB-DT,lncRNA,1.73,4.46,3.13,0.59,12.65,7.93
MID1IP1-AS1,lncRNA,0.21,0.2,0.0,0.12,1.01,0.64
MIF-AS1,lncRNA,2.48,3.83,5.34,5.81,20.05,16.5
MIMT1,lncRNA,2.06,0.5,0.85,1.2,6.76,5.08
MINCR,lncRNA,6.47,2.31,8.98,2.88,9.45,7.21
MIOS-DT,lncRNA,4.73,3.08,0.21,4.7,6.76,5.23
MIR1-1HG,lncRNA,13.96,8.01,17.87,19.11,10.82,18.48
MIR1-1HG-AS1,lncRNA,2.91,2.53,4.32,3.95,22.41,24.44
MIR100HG,lncRNA,28.72,48.62,48.58,59.72,162.28,138.13
MIR122HG,lncRNA,64.48,26.98,45.48,91.55,66.91,129.0
MIR124-1HG,lncRNA,7.64,10.93,13.39,17.29,67.16,46.63
MIR124-2HG,lncRNA,389.95,952.23,374.05,322.81,833.39,1129.45
MIR1302-2HG,lncRNA,0.0,0.0,0.2,0.76,2.19,1.46
MIR1302-9HG,lncRNA,2.51,3.12,4.01,7.53,10.68,14.38
MIR133A1HG,lncRNA,6.95,5.65,19.84,11.54,18.28,27.82
MIR137HG,lncRNA,2.11,13.87,4.26,18.95,21.43,20.37
MIR155HG,lncRNA,4.6,4.16,3.72,1.57,7.13,10.38
MIR17HG,lncRNA,2558.61,1145.88,3797.76,1771.64,9169.39,10296.93
MIR181A1HG,lncRNA,0.23,1.33,1.49,3.27,5.33,5.96
MIR181A2HG,lncRNA,0.08,1.0,0.0,0.0,0.52,0.25
MIR1915HG,lncRNA,8.03,10.11,23.3,8.7,36.72,34.97
MIR193BHG,lncRNA,16.23,32.89,22.3,31.46,63.1,50.04
MIR194-2HG,lncRNA,24.05,21.81,23.89,22.5,117.7,149.96
MIR200CHG,lncRNA,0.0,0.25,0.0,0.0,1.46,0.45
MIR202HG,lncRNA,2.34,0.1,1.49,3.41,7.64,5.66
MIR2052HG,lncRNA,8.64,16.58,13.74,11.37,28.62,41.64
MIR205HG,lncRNA,2.29,3.21,2.24,3.57,17.35,17.4
MIR210HG,lncRNA,2.44,1.04,3.49,2.24,14.37,10.86
MIR2117HG,lncRNA,0.0,0.2,0.0,0.64,0.67,0.0
MIR217HG,lncRNA,0.2,0.5,0.0,0.0,0.73,0.0
MIR222HG,lncRNA,0.49,2.65,3.13,5.0,18.84,11.9
MIR223HG,lncRNA,2016.32,1668.1,2457.03,1899.97,8821.11,17124.73
MIR22HG,lncRNA,288.68,144.45,203.72,137.56,606.67,264.83
MIR23AHG,lncRNA,2793.96,1468.64,2133.14,1878.18,9621.44,10229.08
MIR29B2CHG,lncRNA,48.04,26.44,82.74,47.79,291.11,578.89
MIR302CHG,lncRNA,0.6,0.57,1.38,1.12,7.02,6.85
MIR3142HG,lncRNA,403.68,103.73,298.2,404.69,5262.02,1461.46
MIR3150BHG,lncRNA,1.65,1.05,1.44,0.11,9.62,6.69
MIR31HG,lncRNA,2.4,3.33,2.84,6.86,29.0,27.73
MIR325HG,lncRNA,0.0,3.32,0.88,0.25,3.3,5.85
MIR34AHG,lncRNA,7.9,8.78,7.26,11.61,27.61,28.76
MIR3659HG,lncRNA,4.85,11.18,17.65,8.22,21.49,24.92
MIR3663HG,lncRNA,0.25,8.07,2.58,5.36,9.19,5.39
MIR3681HG,lncRNA,3.74,2.64,4.82,5.27,27.48,18.08
MIR378D2HG,lncRNA,0.33,1.25,1.6,1.06,5.81,2.95
MIR381HG,lncRNA,0.08,0.35,0.33,0.45,3.65,2.43
MIR3936HG,lncRNA,2.64,7.57,5.62,6.71,13.22,14.33
MIR3945HG,lncRNA,1.33,1.42,0.92,0.12,13.18,5.64
MIR3976HG,lncRNA,12.93,18.43,16.91,9.5,61.74,48.23
MIR4280HG,lncRNA,1.41,0.49,0.06,5.86,6.45,2.24
MIR4290HG,lncRNA,1.73,0.1,1.01,0.6,6.84,5.79
MIR4300HG,lncRNA,14.03,8.85,11.05,13.9,7.76,13.14
MIR4307HG,lncRNA,1.47,8.84,0.36,8.39,7.8,6.27
MIR4422HG,lncRNA,1.3,0.76,1.4,5.1,8.68,6.7
MIR4432HG,lncRNA,7.13,15.23,14.48,13.89,64.58,67.63
MIR4435-2HG,lncRNA,30.13,33.71,33.4,49.52,184.95,200.45
MIR4453HG,lncRNA,2.75,5.3,3.65,4.58,8.05,7.3
MIR4458HG,lncRNA,1.63,4.31,3.73,5.73,14.38,19.61
MIR4500HG,lncRNA,9.5,23.56,6.97,36.64,43.49,37.64
MIR4527HG,lncRNA,4.33,1.5,4.25,9.0,18.53,10.39
MIR4713HG,lncRNA,0.0,2.12,0.42,3.3,8.55,8.96
MIR497HG,lncRNA,14.53,4.77,9.69,11.54,33.07,39.09
MIR503HG,lncRNA,2.44,0.52,4.27,3.46,17.22,19.38
MIR548A1HG,lncRNA,3.0,6.08,0.3,5.11,2.74,6.77
MIR548XHG,lncRNA,2.23,3.67,2.84,0.35,4.77,2.09
MIR5689HG,lncRNA,0.0,0.55,0.0,2.0,1.8,0.63
MIR583HG,lncRNA,0.0,0.0,0.0,0.0,0.0,1.0
MIR600HG,lncRNA,10.15,4.54,5.54,4.93,63.21,34.35
MIR646HG,lncRNA,24.42,27.19,19.23,42.5,188.68,195.8
MIR663AHG,lncRNA,2.92,7.53,6.03,6.52,21.21,28.03
MIR670HG,lncRNA,0.17,0.0,0.25,0.5,2.32,3.57
MIR7-3HG,lncRNA,0.37,6.43,4.73,1.45,8.96,7.85
MIR7515HG,lncRNA,1.52,12.19,4.88,8.34,16.57,11.76
MIR762HG,lncRNA,3.83,2.35,5.8,1.81,27.66,16.9
MIR9-1HG,lncRNA,10.23,15.64,15.57,23.21,77.41,84.88
MIR9-3HG,lncRNA,7.7,15.66,32.93,14.73,68.24,64.98
MIR924HG,lncRNA,8.11,8.75,5.75,9.59,41.79,37.84
MIR99AHG,lncRNA,23.28,43.97,26.21,41.45,229.08,209.82
MIRLET7A1HG,lncRNA,2956.32,1136.76,1219.96,2280.71,5533.45,4413.13
MIRLET7BHG,lncRNA,3918.15,1394.18,1930.42,3073.27,5511.04,5885.75
MIS18A-AS1,lncRNA,0.5,1.17,0.1,0.5,0.57,2.84
MKLN1-AS,lncRNA,2.21,4.94,7.67,3.17,23.52,13.96
MKNK1-AS1,lncRNA,4.17,0.07,3.02,0.38,5.83,9.98
MKX-AS1,lncRNA,1.02,1.02,0.11,1.31,1.03,2.49
MLIP-AS1,lncRNA,1.35,0.6,12.74,2.67,7.8,4.46
MLIP-IT1,lncRNA,0.0,0.39,0.0,0.0,1.32,2.5
MMADHC-DT,lncRNA,91.26,74.63,137.08,93.14,245.87,156.52
MME-AS1,lncRNA,0.15,1.03,0.22,0.25,0.75,1.25
MMEL1-AS1,lncRNA,0.0,0.57,0.0,1.0,4.37,7.74
MMP2-AS1,lncRNA,1.82,4.36,2.0,11.17,12.17,11.54
MMP25-AS1,lncRNA,9.08,11.45,23.12,19.32,85.87,72.89
MNX1-AS1,lncRNA,1.19,1.17,2.33,4.4,6.93,5.43
MNX1-AS2,lncRNA,17.53,5.62,2.12,2.65,28.21,10.02
MORC1-AS1,lncRNA,0.0,0.0,0.59,0.2,0.39,0.33
MORC2-AS1,lncRNA,11.64,2.91,15.95,11.74,68.81,69.98
MORF4L2-AS1,lncRNA,3.31,1.71,3.33,2.17,9.12,6.66
MPP7-DT,lncRNA,13.35,158.5,371.65,13.06,11.39,32.53
MPPED2-AS1,lncRNA,2.11,4.16,3.05,1.52,7.35,3.91
MPRIP-AS1,lncRNA,5.53,5.83,0.83,2.82,21.68,13.08
MRAP-AS1,lncRNA,0.42,0.0,0.33,0.2,3.89,3.23
MRGPRF-AS1,lncRNA,0.75,0.79,3.44,0.47,18.97,15.02
MRGPRG-AS1,lncRNA,1.35,4.93,1.65,3.94,11.03,7.91
MROCKI,lncRNA,0.33,1.2,1.08,1.19,1.5,1.0
MRPL20-AS1,lncRNA,4.45,4.24,6.12,1.5,55.2,50.01
MRPL20-DT,lncRNA,0.79,0.06,0.07,0.45,1.13,1.2
MRPL23-AS1,lncRNA,3.77,2.53,3.01,0.78,11.79,11.58
MRPS30-DT,lncRNA,0.0,1.03,0.12,0.0,7.56,3.32
MRPS9-AS1,lncRNA,0.56,0.66,1.47,0.05,3.68,2.76
MRPS9-AS2,lncRNA,0.0,0.0,0.3,0.41,4.27,1.9
MRTFA-AS1,lncRNA,1.07,2.09,0.08,1.68,1.02,7.94
MSC-AS1,lncRNA,5.87,13.91,12.85,8.08,49.07,52.28
MSH2-OT1,lncRNA,32.54,16.09,49.11,14.26,7.09,7.32
MTOR-AS1,lncRNA,0.0,0.0,0.37,0.0,2.24,4.5
MTUS2-AS1,lncRNA,1.63,1.25,1.25,0.65,10.52,7.77
MTUS2-AS2,lncRNA,0.22,0.45,0.3,0.0,2.75,0.66
MUC12-AS1,lncRNA,0.0,0.1,0.67,0.25,0.12,1.8
MUC20-OT1,lncRNA,19.65,40.31,8.84,53.49,33.07,43.27
MUC5B-AS1,lncRNA,0.1,0.04,0.06,0.0,0.28,0.88
MYADM-AS1,lncRNA,1.0,0.0,2.12,2.5,8.0,3.92
MYB-AS1,lncRNA,0.0,0.0,0.5,0.0,0.33,0.1
MYCBP2-AS1,lncRNA,1.64,2.05,2.42,0.13,11.95,13.41
MYCBP2-AS2,lncRNA,1.26,1.58,0.0,1.36,3.38,3.03
MYCL-AS1,lncRNA,0.22,0.37,0.25,0.0,1.38,1.5
MYCNOS,lncRNA,5.79,7.44,10.15,11.29,26.17,20.93
MYCNUT,lncRNA,0.0,2.2,0.34,0.1,2.13,1.49
MYG1-AS1,lncRNA,0.0,1.03,0.37,0.59,1.39,1.01
MYHAS,lncRNA,0.34,1.75,0.0,0.0,5.21,1.99
MYLK-AS1,lncRNA,4.05,4.14,7.43,6.97,40.1,38.7
MYLK-AS2,lncRNA,0.0,0.5,0.12,2.5,2.13,3.34
MYO16-AS1,lncRNA,2.0,1.11,2.5,2.0,6.42,9.56
MYO16-AS2,lncRNA,0.0,0.0,0.0,0.08,2.17,0.09
MYO18B-AS1,lncRNA,3.42,4.67,4.57,4.78,15.16,13.56
MYO3B-AS1,lncRNA,1.89,3.33,4.7,2.69,10.11,10.49
MYOCD-AS1,lncRNA,0.0,0.0,0.0,0.0,2.88,1.47
MYOM3-AS1,lncRNA,0.0,1.0,0.0,0.0,1.27,0.6
MYOSLID,lncRNA,1.74,4.27,6.08,1.51,21.05,25.44
MYRF-AS1,lncRNA,4.72,4.54,9.42,4.56,11.58,19.98
MYT1L-AS1,lncRNA,4.43,1.25,6.95,6.87,30.73,17.84
MZF1-AS1,lncRNA,7.08,11.32,21.03,5.31,37.88,32.09
N4BP2L2-IT2,lncRNA,1.38,3.42,3.5,4.32,4.81,6.33
NAALADL2-AS1,lncRNA,0.2,0.0,0.07,3.28,3.42,0.2
NAALADL2-AS2,lncRNA,10.5,30.17,20.7,7.95,94.01,63.3
NAALADL2-AS3,lncRNA,0.0,0.0,0.0,0.0,0.1,0.08
NABP1-OT1,lncRNA,0.33,0.99,2.77,2.73,1.78,3.18
NADK2-AS1,lncRNA,0.0,0.11,2.65,0.12,2.2,1.51
NAGPA-AS1,lncRNA,1.88,2.97,0.89,3.3,7.18,8.27
NALCN-AS1,lncRNA,26.93,46.05,43.73,19.19,174.18,202.85
NALT1,lncRNA,183.04,162.19,329.71,217.26,730.73,511.9
NAMA,lncRNA,1.67,1.16,0.56,6.79,10.65,6.43
NANOGP11,lncRNA,0.0,0.34,0.23,0.0,3.81,2.24
NAPA-AS1,lncRNA,1.62,4.82,2.71,2.39,8.96,12.11
NARF-AS1,lncRNA,0.0,0.0,0.0,0.5,1.5,0.2
NARF-IT1,lncRNA,1.5,5.15,1.67,4.5,0.37,3.81
NAV2-AS1,lncRNA,0.0,1.64,0.0,0.0,0.05,1.42
NAV2-AS2,lncRNA,0.33,0.5,0.1,0.12,2.47,1.09
NAV2-AS3,lncRNA,0.0,1.0,1.0,0.0,0.0,2.31
NAV2-AS4,lncRNA,4.0,0.0,0.53,5.89,0.21,5.08
NAV2-AS5,lncRNA,0.76,3.43,0.08,1.53,2.47,1.37
NAV2-IT1,lncRNA,0.0,0.0,0.0,0.0,0.96,0.47
NBAT1,lncRNA,1.5,0.75,3.93,2.39,8.01,11.63
NBR2,lncRNA,7.13,5.3,3.41,9.14,20.4,12.61
NCAM1-AS1,lncRNA,0.76,3.13,2.09,3.33,11.64,9.41
NCBP2-AS1,lncRNA,0.0,0.91,1.17,1.2,2.32,2.86
NCF4-AS1,lncRNA,0.7,2.33,2.27,1.08,3.24,2.71
NCK1-DT,lncRNA,9.01,7.0,6.02,4.85,18.86,14.67
NCKAP5-AS1,lncRNA,0.82,1.39,4.05,3.4,8.59,5.39
NCKAP5-AS2,lncRNA,1.47,0.31,0.0,0.33,4.06,3.71
NCKAP5-IT1,lncRNA,0.0,0.0,0.05,0.0,0.83,0.66
NCMAP-DT,lncRNA,0.38,2.45,0.21,0.0,5.28,6.1
NCOA7-AS1,lncRNA,0.47,0.0,0.2,0.0,0.4,0.43
NCRNA00250,lncRNA,1.55,5.86,1.77,2.0,6.07,3.66
NDFIP2-AS1,lncRNA,0.6,0.25,2.25,0.17,20.26,10.71
NDP-AS1,lncRNA,0.23,8.62,3.14,1.22,9.54,7.22
NDST1-AS1,lncRNA,4.93,1.5,9.58,3.88,18.48,16.71
NDUFA6-DT,lncRNA,6.91,15.42,27.31,10.17,39.68,28.87
NDUFB2-AS1,lncRNA,3.33,5.09,2.8,5.95,23.39,19.14
NDUFV2-AS1,lncRNA,2.04,2.19,5.08,5.75,12.83,8.65
NEAT1,lncRNA,29.99,44.06,49.35,85.82,120.5,115.55
NEBL-AS1,lncRNA,7.41,0.75,5.14,2.33,10.49,7.86
NECTIN1-AS1,lncRNA,0.0,0.29,2.19,0.0,1.04,1.77
NECTIN3-AS1,lncRNA,0.52,4.67,8.61,5.42,11.49,9.97
NECTIN4-AS1,lncRNA,2.25,0.41,1.71,0.0,3.59,1.1
NEGR1-IT1,lncRNA,0.5,3.0,0.0,0.0,0.31,0.41
NEURL1-AS1,lncRNA,3.73,1.92,0.48,0.7,40.03,39.3
NEUROG2-AS1,lncRNA,0.35,1.75,6.5,1.6,4.0,4.75
NEXN-AS1,lncRNA,3.9,4.29,6.95,2.32,18.23,9.69
NFE2L1-DT,lncRNA,2.97,2.78,5.6,0.33,13.31,13.72
NFE4,lncRNA,4.32,11.75,9.25,1.81,14.28,6.94
NFIA-AS1,lncRNA,0.0,0.0,0.0,0.07,0.36,0.93
NFIA-AS2,lncRNA,4.16,3.7,2.06,4.42,10.25,11.96
NFYC-AS1,lncRNA,4.07,1.47,5.2,2.14,11.14,7.37
NGF-AS1,lncRNA,0.25,2.86,0.5,4.43,2.69,1.52
NHEG1,lncRNA,1.37,1.14,2.21,1.75,5.21,5.13
NHS-AS1,lncRNA,0.0,0.2,0.0,0.0,0.24,1.08
NIFK-AS1,lncRNA,69.08,37.14,52.38,94.66,189.85,172.34
NINJ2-AS1,lncRNA,1.96,4.52,10.97,6.94,42.29,19.45
NIPBL-DT,lncRNA,1.25,6.2,7.77,11.78,40.58,39.63
NKILA,lncRNA,1.18,4.66,7.02,4.86,17.75,13.22
NKX2-1-AS1,lncRNA,1.39,1.1,1.57,1.65,21.85,14.27
NKX2-2-AS1,lncRNA,0.15,0.68,0.62,1.07,2.99,2.06
NLGN1-AS1,lncRNA,0.05,0.33,0.28,0.0,0.53,1.57
NLGN4Y-AS1,lncRNA,3.12,0.0,0.0,2.33,0.0,0.33
NMBR-AS1,lncRNA,0.0,0.1,1.34,0.5,0.26,0.45
NNT-AS1,lncRNA,7.01,15.87,5.75,8.14,82.35,53.77
NOL4L-DT,lncRNA,0.2,0.2,0.0,0.0,1.43,1.41
NOP14-AS1,lncRNA,8.22,9.38,19.52,10.79,110.95,66.14
NOP53-AS1,lncRNA,1.5,2.64,0.0,0.5,0.4,2.37
NORAD,lncRNA,33.21,39.86,14.7,23.72,165.96,170.03
NPAS2-AS1,lncRNA,2.25,4.05,1.15,4.17,8.17,6.75
NPHP3-AS1,lncRNA,1.45,4.87,1.92,4.91,7.41,7.44
NPSR1-AS1,lncRNA,2.19,3.51,1.31,1.64,13.18,10.13
NPTN-IT1,lncRNA,0.33,2.08,1.75,3.27,7.54,11.66
NQO2-AS1,lncRNA,4.95,1.12,3.29,8.57,8.43,5.71
NR2F1-AS1,lncRNA,26.95,27.44,31.25,49.88,137.83,137.2
NR2F2-AS1,lncRNA,68.11,58.99,85.37,75.53,483.05,426.76
NR4A1AS,lncRNA,0.56,1.5,0.04,0.0,1.55,0.62
NRAD1,lncRNA,1.91,7.75,2.62,1.52,9.12,6.49
NRAV,lncRNA,5.35,4.3,1.11,1.13,8.86,13.34
NREP-AS1,lncRNA,0.53,0.29,0.29,0.0,0.67,0.53
NRG1-IT1,lncRNA,0.27,3.21,0.0,4.33,4.34,2.83
NRG1-IT3,lncRNA,1.0,0.0,0.57,0.38,3.07,1.01
NRG3-AS1,lncRNA,0.0,1.0,0.1,0.85,0.38,0.25
NRIR,lncRNA,2.14,5.8,1.08,2.01,6.07,9.66
NRSN2-AS1,lncRNA,8.55,17.9,7.86,17.39,16.81,17.1
NRXN2-AS1,lncRNA,0.0,0.06,0.48,0.33,2.49,1.01
NSMCE1-DT,lncRNA,5.15,8.31,3.95,3.67,16.63,16.54
NTM-AS1,lncRNA,4.59,4.9,7.07,5.54,20.68,11.59
NTM-IT,lncRNA,0.0,0.0,0.0,0.09,1.39,1.0
NTRK3-AS1,lncRNA,9.59,2.07,2.5,5.98,6.95,3.32
NUCB1-AS1,lncRNA,0.14,0.6,0.82,0.11,2.8,3.66
NUP153-AS1,lncRNA,2.96,1.25,2.23,2.18,14.3,7.43
NUP50-DT,lncRNA,2.83,6.53,4.53,12.4,6.45,13.19
NUTM2A-AS1,lncRNA,27.62,39.85,25.31,41.69,146.62,155.74
NUTM2B-AS1,lncRNA,12.43,22.4,19.24,22.32,75.27,81.17
NXT1-AS1,lncRNA,1.35,3.04,3.41,1.83,33.55,22.98
OBI1-AS1,lncRNA,2.02,5.6,7.34,4.15,24.67,20.67
OBSCN-AS1,lncRNA,6.85,10.53,5.31,6.97,27.01,30.26
OCIAD1-AS1,lncRNA,0.0,0.04,0.0,0.0,0.0,5.34
ODC1-DT,lncRNA,12.99,14.21,14.67,15.35,30.17,21.17
ODF2-AS1,lncRNA,0.62,0.0,0.17,1.0,1.28,1.3
OGFR-AS1,lncRNA,3.3,0.69,1.7,0.48,4.54,4.57
OGFRP1,lncRNA,5.94,5.05,9.59,3.45,19.7,21.37
OIP5-AS1,lncRNA,9.06,21.18,4.52,14.91,23.46,21.74
OLMALINC,lncRNA,17.6,38.36,21.67,46.71,138.3,118.95
OOEP-AS1,lncRNA,1.69,1.86,1.59,0.55,2.75,3.73
OPA1-AS1,lncRNA,0.69,0.0,0.0,0.0,1.53,0.61
OPCML-IT1,lncRNA,0.75,2.47,3.81,1.89,21.5,20.59
OPCML-IT2,lncRNA,0.0,0.41,0.0,3.0,1.79,1.64
OR2A1-AS1,lncRNA,1.74,2.24,2.86,1.6,10.9,10.57
OR7E11P,lncRNA,0.12,0.46,0.37,1.5,0.82,1.6
OSBPL10-AS1,lncRNA,1.0,3.2,1.08,0.67,7.6,6.95
OSER1-DT,lncRNA,7.72,4.49,6.42,17.07,32.5,23.91
OSGEPL1-AS1,lncRNA,0.7,0.33,0.1,1.66,1.71,1.63
OSMR-AS1,lncRNA,7.22,3.97,8.67,8.91,9.94,13.87
OSTM1-AS1,lncRNA,4.58,15.46,16.26,10.66,39.42,31.63
OSTN-AS1,lncRNA,0.0,0.33,0.0,1.0,1.91,1.44
OTUD6B-AS1,lncRNA,5.11,13.37,15.01,12.69,25.17,29.21
OTX2-AS1,lncRNA,1.04,6.91,1.22,6.47,3.33,5.98
OVAAL,lncRNA,0.17,0.17,2.06,4.89,2.98,2.7
OVCH1-AS1,lncRNA,12.85,6.55,4.65,4.6,34.17,18.77
OVOL1-AS1,lncRNA,0.0,2.14,0.48,0.17,5.65,4.68
OXCT1-AS1,lncRNA,0.6,1.4,7.03,1.02,12.62,8.52
P3H2-AS1,lncRNA,1.4,0.0,0.75,0.0,2.43,2.17
P4HA2-AS1,lncRNA,0.0,0.33,0.0,0.0,1.47,2.05
P4HA3-AS1,lncRNA,0.7,3.32,0.8,2.0,2.72,2.13
PABPC1L2B-AS1,lncRNA,1.54,1.4,2.1,0.3,4.34,9.06
PABPC4-AS1,lncRNA,1.77,2.95,4.18,3.39,8.59,4.97
PABPC5-AS1,lncRNA,0.05,3.35,13.7,8.56,65.86,53.83
PACERR,lncRNA,2.67,2.65,1.06,1.61,10.87,10.87
PACRG-AS1,lncRNA,9.2,11.94,15.55,12.21,76.77,69.22
PACRG-AS2,lncRNA,0.96,3.36,4.63,4.68,14.28,16.37
PACRG-AS3,lncRNA,5.3,7.82,20.48,12.58,40.36,42.25
PALLD-AS1,lncRNA,0.08,1.07,0.0,0.0,1.46,0.08
PAN3-AS1,lncRNA,1.16,14.11,2.06,2.77,23.87,24.66
PANCR,lncRNA,2.75,0.81,0.2,0.09,1.05,0.58
PANDAR,lncRNA,0.27,1.42,0.0,0.42,3.03,2.48
PANK2-AS1,lncRNA,0.0,0.2,0.0,0.44,6.5,3.95
PANTR1,lncRNA,8.41,31.94,51.64,13.31,49.98,41.06
PAPPA-AS1,lncRNA,3.62,9.29,6.3,7.5,19.22,16.45
PAPPA-AS2,lncRNA,11.0,0.84,1.26,0.2,6.27,4.81
PAQR9-AS1,lncRNA,2.72,10.95,4.52,1.86,16.97,20.24
PARAL1,lncRNA,0.0,0.14,0.0,0.0,0.71,0.81
PARD3-AS1,lncRNA,0.17,0.0,1.92,0.14,10.06,2.24
PARD6G-AS1,lncRNA,9.54,15.37,9.53,10.71,77.12,62.72
PARM1-AS1,lncRNA,2.98,1.34,1.8,0.5,11.01,7.54
PARP11-AS1,lncRNA,0.61,0.5,1.1,0.43,3.14,2.89
PART1,lncRNA,56.47,138.15,68.82,71.12,1471.37,2756.08
PARTICL,lncRNA,0.89,0.92,1.95,0.4,16.32,9.77
PAUPAR,lncRNA,11.48,14.53,10.59,13.01,32.29,35.08
PAX8-AS1,lncRNA,21.68,16.26,23.95,25.17,162.11,163.65
PAXBP1-AS1,lncRNA,7.37,4.52,7.49,5.26,17.74,17.82
PAXIP1-AS2,lncRNA,3.36,2.08,5.06,9.89,60.95,48.82
PAXIP1-DT,lncRNA,0.85,4.58,2.5,3.62,12.55,12.77
PBX1-AS1,lncRNA,0.1,0.0,0.51,8.33,5.43,8.18
PCA3,lncRNA,9.45,18.97,3.26,11.76,38.52,40.39
PCAT1,lncRNA,9.08,30.01,21.03,43.82,73.0,82.4
PCAT14,lncRNA,2.58,4.53,5.33,4.68,18.62,16.93
PCAT18,lncRNA,0.69,3.72,0.67,0.31,1.96,4.31
PCAT19,lncRNA,0.2,9.47,10.57,19.83,71.96,53.96
PCAT4,lncRNA,0.2,0.64,0.68,1.37,11.09,9.81
PCAT5,lncRNA,3.34,2.36,2.33,5.52,25.43,23.07
PCAT6,lncRNA,2.83,0.59,3.2,1.16,8.18,7.37
PCAT7,lncRNA,4.42,7.71,3.47,5.25,20.6,21.6
PCBP1-AS1,lncRNA,42.6,95.54,43.32,40.23,221.83,227.31
PCBP2-OT1,lncRNA,1.77,0.32,0.44,0.44,3.65,4.83
PCBP3-AS1,lncRNA,11.03,15.12,31.87,7.22,32.09,32.08
PCCA-AS1,lncRNA,0.1,0.0,0.5,6.15,3.57,3.76
PCCA-DT,lncRNA,3.46,1.89,4.04,3.85,6.4,5.83
PCDH9-AS1,lncRNA,0.0,0.0,0.0,0.0,1.55,0.56
PCDH9-AS2,lncRNA,0.1,1.0,1.2,0.2,1.16,7.8
PCDH9-AS3,lncRNA,0.0,0.06,0.0,0.0,0.07,0.0
PCDH9-AS4,lncRNA,0.0,0.25,0.0,0.14,0.29,0.08
PCED1B-AS1,lncRNA,2.33,6.25,0.31,8.75,7.86,14.47
PCF11-AS1,lncRNA,0.1,0.0,0.66,0.1,0.5,1.21
PCGEM1,lncRNA,0.0,2.48,0.0,3.25,0.81,1.02
PCOLCE-AS1,lncRNA,6.09,3.46,8.7,5.41,19.31,16.58
PCOTH,lncRNA,0.37,0.38,0.89,0.86,4.3,2.79
PCSEAT,lncRNA,0.4,1.4,6.98,3.44,13.27,12.45
PCSK6-AS1,lncRNA,0.2,0.11,0.0,4.33,0.8,0.83
PCYT1B-AS1,lncRNA,0.0,0.0,0.0,0.08,0.5,0.33
PDC-AS1,lncRNA,5.13,6.12,4.45,6.89,41.5,33.98
PDCD4-AS1,lncRNA,0.0,0.2,2.3,0.09,4.54,2.9
PDE11A-AS1,lncRNA,0.06,0.17,0.96,1.0,2.57,1.81
PDE2A-AS1,lncRNA,1.88,0.53,1.91,1.75,9.42,5.55
PDE2A-AS2,lncRNA,0.96,0.5,1.16,0.5,4.2,4.87
PDE4B-AS1,lncRNA,0.0,1.0,0.0,0.0,0.06,1.34
PDE6B-AS1,lncRNA,0.22,1.03,1.61,1.49,12.93,10.2
PDE9A-AS1,lncRNA,3.65,1.16,2.25,0.5,23.37,7.26
PDXDC2P-NPIPB14P,lncRNA,5.43,3.44,5.11,11.87,10.19,10.38
PDXP-DT,lncRNA,2.12,1.79,8.1,1.37,12.68,16.66
PDYN-AS1,lncRNA,2.55,2.87,2.85,2.29,11.0,14.44
PDZRN3-AS1,lncRNA,0.87,0.21,0.24,2.0,3.78,4.42
PEF1-AS1,lncRNA,4.01,7.42,9.67,3.28,24.29,23.93
PEG13,lncRNA,8.57,7.65,16.66,8.16,67.24,54.06
PELATON,lncRNA,7.37,45.15,21.93,28.01,62.34,66.37
PEX5L-AS1,lncRNA,0.06,0.0,0.62,1.5,6.23,6.6
PEX5L-AS2,lncRNA,1.0,0.0,0.58,0.1,1.9,3.57
PFKP-DT,lncRNA,0.0,0.0,0.0,0.0,0.89,0.67
PGM5-AS1,lncRNA,0.41,1.36,2.22,2.03,4.05,1.51
PGM5P3-AS1,lncRNA,1.88,2.4,1.73,4.54,12.06,6.55
PGM5P4-AS1,lncRNA,1.78,1.54,0.69,2.68,6.15,2.96
PGR-AS1,lncRNA,3.11,2.92,3.39,6.1,22.05,14.65
PHACTR2-AS1,lncRNA,13.27,27.07,12.03,12.44,43.57,54.37
PHACTR3-AS1,lncRNA,0.38,7.58,0.75,3.57,0.7,1.98
PHC2-AS1,lncRNA,0.0,0.24,0.0,0.0,1.84,0.0
PHEX-AS1,lncRNA,1.37,1.22,1.6,1.95,4.92,3.84
PHKA1-AS1,lncRNA,0.0,0.2,0.0,0.0,1.49,1.53
PHKA2-AS1,lncRNA,1.71,0.13,1.42,1.22,11.99,12.52
PHOX2B-AS1,lncRNA,0.0,1.25,0.72,0.27,6.75,3.68
PICART1,lncRNA,0.53,0.35,4.68,1.34,7.55,4.71
PICSAR,lncRNA,3.09,0.95,0.39,0.0,10.71,15.01
PIGY-DT,lncRNA,0.75,0.0,0.0,1.75,0.39,0.86
PIK3CD-AS1,lncRNA,4.52,7.08,14.33,11.71,36.23,24.82
PIK3CD-AS2,lncRNA,1.2,0.87,4.72,7.42,3.74,2.56
PIK3IP1-DT,lncRNA,0.5,2.0,0.0,0.2,0.22,0.1
PINCR,lncRNA,0.64,0.33,0.0,0.33,0.87,1.9
PINK1-AS,lncRNA,1.01,5.08,2.25,11.5,6.09,5.63
PISRT1,lncRNA,1.35,4.82,0.48,1.35,3.65,5.04
PITPNA-AS1,lncRNA,0.25,1.12,0.0,0.95,0.9,1.19
PITPNM2-AS1,lncRNA,0.3,0.74,1.9,3.29,4.0,3.97
PITRM1-AS1,lncRNA,2.66,2.22,5.24,2.53,29.62,25.72
PKD1P6-NPIPP1,lncRNA,1.27,1.65,1.7,2.26,6.48,6.23
PKIA-AS1,lncRNA,0.25,1.98,1.79,3.33,9.58,4.98
PKN2-AS1,lncRNA,13.67,9.11,10.64,6.06,54.06,56.79
PKNOX2-AS1,lncRNA,0.58,1.0,1.0,0.34,4.13,4.19
PKP4-AS1,lncRNA,1.03,1.23,5.49,4.84,22.22,8.43
PLA2G4C-AS1,lncRNA,0.0,0.33,0.49,0.25,5.26,2.42
PLA2G4E-AS1,lncRNA,0.9,2.12,2.0,0.71,9.71,7.09
PLAC4,lncRNA,5.85,8.66,7.92,4.85,62.08,63.87
PLBD1-AS1,lncRNA,3.58,9.01,8.27,3.56,15.07,9.38
PLCB1-IT1,lncRNA,0.0,0.17,0.0,0.0,0.0,0.22
PLCB2-AS1,lncRNA,0.07,0.0,1.0,0.0,0.53,0.11
PLCE1-AS1,lncRNA,0.29,3.14,2.56,4.2,16.01,13.72
PLCE1-AS2,lncRNA,11.61,26.22,9.68,11.08,33.21,41.51
PLCG1-AS1,lncRNA,23.51,22.21,17.47,80.39,54.98,75.64
PLCH1-AS1,lncRNA,0.12,0.6,0.77,0.08,3.29,2.82
PLCH1-AS2,lncRNA,0.0,0.0,0.33,0.1,0.89,1.33
PLCL2-AS1,lncRNA,0.0,0.2,4.17,0.0,0.22,0.95
PLCXD2-AS1,lncRNA,0.0,0.0,0.44,0.0,3.32,3.71
PLS1-AS1,lncRNA,0.0,0.0,0.0,0.0,1.7,1.0
PLS3-AS1,lncRNA,0.3,0.1,0.79,1.0,1.61,2.71
PLSCR5-AS1,lncRNA,0.0,0.33,0.11,0.22,1.8,1.95
PLUT,lncRNA,4.15,2.26,3.85,2.71,29.94,34.03
POC1B-AS1,lncRNA,6.09,4.31,5.91,9.63,33.79,36.77
POLH-AS1,lncRNA,0.16,0.5,0.5,0.32,0.89,2.58
POLR2J4,lncRNA,1.44,4.87,5.35,4.73,13.36,17.89
POT1-AS1,lncRNA,2.41,9.46,4.71,4.4,25.96,22.32
POTEF-AS1,lncRNA,0.65,0.06,0.0,0.8,0.2,0.0
POTEH-AS1,lncRNA,1.4,3.34,2.46,5.84,23.47,25.75
POU6F2-AS1,lncRNA,3.17,0.0,0.4,6.0,1.53,1.42
POU6F2-AS2,lncRNA,1.0,2.14,0.08,2.0,3.06,3.19
PP12613,lncRNA,3.04,8.01,5.1,5.95,18.28,22.73
PP2672,lncRNA,0.79,2.46,1.38,4.45,9.9,6.66
PP7080,lncRNA,7.1,10.71,3.37,4.2,13.84,13.9
PPEF1-AS1,lncRNA,0.0,0.06,0.25,0.0,0.12,0.12
PPFIA2-AS1,lncRNA,1.34,0.39,0.06,0.07,10.32,9.64
PPIC-AS1,lncRNA,0.67,0.11,1.86,0.06,3.96,3.79
PPM1B-DT,lncRNA,1.46,1.68,1.18,4.32,31.86,24.3
PPM1F-AS1,lncRNA,37.8,28.36,35.13,36.29,162.84,122.51
PPM1K-DT,lncRNA,39.32,14.34,19.72,21.81,102.53,24.93
PPP1R12A-AS1,lncRNA,2.38,9.68,4.79,11.13,16.88,20.53
PPP1R14B-AS1,lncRNA,0.82,1.07,2.31,2.7,8.83,7.01
PPP1R21-DT,lncRNA,0.45,0.2,1.59,0.2,3.32,1.15
PPP1R26-AS1,lncRNA,4.53,13.68,3.42,2.24,16.73,13.04
PPP1R35-AS1,lncRNA,0.75,1.5,1.75,1.5,0.87,0.74
PPP1R9A-AS1,lncRNA,1.17,1.43,0.43,6.49,4.61,3.43
PPP2R2B-IT1,lncRNA,0.0,0.0,0.67,0.92,5.85,2.0
PPP3CB-AS1,lncRNA,3.07,6.39,2.73,11.33,10.25,9.13
PPP4R1-AS1,lncRNA,0.12,0.5,0.0,0.0,0.33,0.92
PPP4R3B-DT,lncRNA,0.64,0.39,1.31,0.65,10.45,3.66
PRANCR,lncRNA,5.45,5.65,4.55,7.0,19.24,20.18
PRC1-AS1,lncRNA,1.6,2.28,4.43,3.68,16.46,13.67
PRDM16-DT,lncRNA,8.49,5.51,15.34,13.95,46.63,41.47
PRDX6-AS1,lncRNA,5.84,5.07,7.98,11.63,46.16,33.59
PRECSIT,lncRNA,3.47,4.18,3.14,8.34,16.13,16.23
PRICKLE2-AS1,lncRNA,5.9,9.37,9.34,7.39,107.91,86.28
PRICKLE2-AS2,lncRNA,0.0,0.0,0.0,0.0,0.65,0.46
PRICKLE2-AS3,lncRNA,0.39,1.01,0.72,3.16,1.77,3.31
PRICKLE2-DT,lncRNA,0.12,2.0,2.41,4.41,4.11,5.56
PRKAG2-AS1,lncRNA,2.32,1.1,3.15,2.07,15.38,17.64
PRKAR1B-AS1,lncRNA,0.0,2.79,0.67,1.0,6.46,7.21
PRKAR1B-AS2,lncRNA,0.64,1.5,0.17,2.17,2.93,2.25
PRKAR2A-AS1,lncRNA,5.31,4.14,8.17,10.44,23.9,7.89
PRKAR2B-AS1,lncRNA,1.11,0.93,0.93,1.08,16.41,13.85
PRKCA-AS1,lncRNA,0.77,1.12,1.03,2.18,7.58,8.06
PRKCE-AS1,lncRNA,0.0,0.0,1.0,0.0,0.0,0.0
PRKCQ-AS1,lncRNA,8.0,5.78,5.86,3.32,53.96,52.84
PRKCZ-AS1,lncRNA,1.75,0.33,3.42,0.25,6.86,6.28
PRKG1-AS1,lncRNA,7.42,4.24,4.0,8.61,45.83,56.82
PRKG2-AS1,lncRNA,0.0,0.0,0.0,0.0,2.86,2.3
PRKX-AS1,lncRNA,0.17,0.33,0.0,0.06,2.27,1.32
PRMT5-AS1,lncRNA,1.29,4.16,46.8,0.44,17.29,19.98
PRNCR1,lncRNA,76.36,61.06,86.46,67.95,874.46,729.81
PRNT,lncRNA,0.0,3.57,2.28,4.27,15.42,9.73
PRORY,lncRNA,6.31,9.19,5.13,4.82,39.97,49.77
PROSER2-AS1,lncRNA,3.95,0.7,0.67,1.07,11.56,7.02
PROX1-AS1,lncRNA,26.09,238.53,56.22,36.63,161.57,119.34
PRR29-AS1,lncRNA,4.01,5.63,6.19,10.21,27.93,22.46
PRR34,lncRNA,5.39,2.84,1.1,0.91,10.96,17.89
PRR34-AS1,lncRNA,1.67,0.33,0.25,3.0,11.4,3.03
PRR7-AS1,lncRNA,2.89,1.46,2.03,1.73,15.23,13.0
PRRT3-AS1,lncRNA,1.5,0.0,0.5,0.25,1.97,1.12
PRRX2-AS1,lncRNA,0.61,2.76,2.74,3.13,9.13,13.07
PRSS30P,lncRNA,7.26,1.13,13.21,9.34,13.7,13.18
PSD2-AS1,lncRNA,4.43,0.5,0.0,2.7,3.74,2.5
PSG8-AS1,lncRNA,0.12,2.42,1.75,0.81,7.25,2.89
PSLNR,lncRNA,0.51,2.32,0.79,3.77,0.76,1.59
PSMA3-AS1,lncRNA,12.5,25.35,13.04,20.64,161.19,199.38
PSMB8-AS1,lncRNA,0.94,7.34,3.88,3.06,14.91,9.7
PSMD6-AS1,lncRNA,0.82,0.31,0.02,0.06,0.0,0.05
PSMD6-AS2,lncRNA,1.77,1.83,1.37,0.1,3.18,6.49
PSMG3-AS1,lncRNA,2.69,5.89,5.99,6.55,47.07,33.75
PSORS1C3,lncRNA,0.0,0.12,0.65,1.12,1.77,0.44
PSPC1-AS2,lncRNA,0.33,0.22,0.0,0.0,0.17,1.33
PTCHD1-AS,lncRNA,0.16,0.2,0.71,1.79,4.0,3.06
PTCSC1,lncRNA,1.5,3.78,6.35,4.92,9.96,11.15
PTCSC2,lncRNA,0.38,4.02,4.66,8.94,12.72,8.51
PTCSC3,lncRNA,0.0,0.0,0.0,3.0,0.42,0.5
PTENP1-AS,lncRNA,1.68,1.69,3.47,1.45,6.88,6.35
PTGER4P2-CDK2AP2P2,lncRNA,0.57,1.35,1.65,0.83,9.89,8.42
PTGES2-AS1,lncRNA,7.97,7.4,6.64,5.56,41.58,51.29
PTOV1-AS1,lncRNA,10.95,16.67,32.48,22.07,46.29,30.41
PTOV1-AS2,lncRNA,0.67,0.48,2.74,3.83,8.48,7.14
PTPRD-AS1,lncRNA,3.87,5.09,8.36,17.51,7.33,16.57
PTPRD-AS2,lncRNA,1.06,4.51,6.2,2.62,2.62,4.39
PTPRG-AS1,lncRNA,9.99,18.52,22.19,23.73,28.39,29.51
PTPRJ-AS1,lncRNA,0.25,1.33,0.0,0.0,0.0,0.08
PTPRK-AS1,lncRNA,0.0,6.0,3.32,0.0,3.78,4.72
PTPRN2-AS1,lncRNA,1.24,0.9,1.89,0.83,17.62,18.13
PTPRT-AS1,lncRNA,0.25,0.31,0.78,3.37,3.13,10.31
PURPL,lncRNA,1.66,7.28,3.07,6.84,12.78,15.45
PVT1,lncRNA,15.61,26.25,27.13,27.83,71.45,87.53
PWRN1,lncRNA,34.44,47.01,35.52,42.69,229.75,234.65
PWRN2,lncRNA,0.25,3.14,1.34,0.88,6.57,14.55
PWRN4,lncRNA,5.12,2.28,3.12,2.17,7.4,5.82
PXN-AS1,lncRNA,1.35,6.29,6.23,4.42,18.42,22.95
PYCARD-AS1,lncRNA,0.87,0.92,0.7,1.07,3.7,6.9
RAB11B-AS1,lncRNA,3.05,1.78,2.24,4.73,8.07,14.4
RAB30-DT,lncRNA,5.33,9.14,3.27,8.82,26.17,19.87
RAB33B-AS1,lncRNA,4.29,10.33,6.87,7.15,14.6,16.38
RABGAP1L-AS1,lncRNA,0.33,1.0,0.0,0.75,0.12,1.14
RABGAP1L-DT,lncRNA,12.12,4.2,4.46,8.28,17.83,16.67
RABGAP1L-IT1,lncRNA,0.48,4.64,0.64,3.25,0.44,0.95
RAD21-AS1,lncRNA,1.81,1.82,5.15,6.2,21.33,19.93
RAD51-AS1,lncRNA,2.98,6.64,3.25,7.55,8.74,11.39
RAET1E-AS1,lncRNA,2.57,1.69,5.170000000000001,3.44,22.76,20.16
RAI1-AS1,lncRNA,1.59,0.0,0.67,0.0,1.21,0.31
RALGPS2-AS1,lncRNA,5.49,4.85,7.91,8.61,54.14,40.7
RALY-AS1,lncRNA,5.33,15.85,7.64,13.01,27.09,42.83
RAMP2-AS1,lncRNA,6.56,4.52,9.8,8.91,33.49,43.2
RAP2C-AS1,lncRNA,1.5,2.16,1.64,3.44,10.18,12.32
RAPGEF4-AS1,lncRNA,5.76,2.3,5.52,9.2,9.95,8.0
RARA-AS1,lncRNA,9.96,25.34,11.14,11.64,28.23,34.91
RASA2-IT1,lncRNA,0.0,0.25,0.0,0.0,0.25,0.0
RASA3-IT1,lncRNA,1.11,1.72,1.07,0.0,2.97,1.36
RASAL2-AS1,lncRNA,4.21,3.04,3.65,1.52,10.85,10.09
RASGRF2-AS1,lncRNA,0.2,1.15,2.51,0.47,28.05,15.78
RASGRP3-AS1,lncRNA,0.0,0.87,0.0,1.83,0.5,1.75
RASSF1-AS1,lncRNA,2.43,3.48,13.21,4.7,40.36,43.3
RASSF10-DT,lncRNA,2.87,1.0,0.57,0.5,2.42,4.84
RASSF8-AS1,lncRNA,8.65,16.77,13.3,43.18,44.65,45.54
RB1-DT,lncRNA,1.32,3.52,2.04,6.69,5.78,8.36
RBAKDN,lncRNA,0.71,0.0,1.05,2.33,15.72,24.38
RBFADN,lncRNA,1.02,4.02,2.91,1.92,10.65,5.93
RBM15-AS1,lncRNA,5.36,10.3,1.14,3.24,8.69,10.66
RBM26-AS1,lncRNA,5.18,53.1,15.88,12.53,29.5,48.01
RBM38-AS1,lncRNA,6.86,7.98,5.73,10.83,15.81,23.07
RBM5-AS1,lncRNA,0.2,4.53,0.2,5.08,1.51,6.25
RBMS3-AS1,lncRNA,0.0,0.59,0.2,1.0,0.11,2.0
RBMS3-AS2,lncRNA,0.08,0.17,0.57,3.5,3.94,3.5
RBMS3-AS3,lncRNA,13.62,10.17,10.39,5.89,16.78,19.14
RBPMS-AS1,lncRNA,2.03,1.46,4.82,6.47,9.46,12.38
RC3H1-IT1,lncRNA,0.0,0.73,1.33,1.0,0.0,0.37
RCAN3AS,lncRNA,0.32,0.5,1.5,3.0,2.06,0.94
RCC2-AS1,lncRNA,0.4,0.0,0.3,0.06,0.56,0.09
RCCD1-AS1,lncRNA,0.72,4.21,2.42,2.04,7.76,10.0
RDH10-AS1,lncRNA,0.32,0.04,1.49,2.16,5.29,6.56
RELA-DT,lncRNA,1.21,6.29,1.68,7.78,20.25,18.23
REPIN1-AS1,lncRNA,0.54,0.8,0.33,1.04,2.82,3.57
RERE-AS1,lncRNA,1.07,0.38,1.38,8.53,3.92,4.41
RERG-AS1,lncRNA,0.07,0.0,0.48,0.0,1.14,0.18
RERG-IT1,lncRNA,0.0,0.0,0.45,0.0,6.09,1.3
REV3L-IT1,lncRNA,0.32,1.36,0.0,4.2,0.42,0.07
RFPL1S,lncRNA,10.94,23.67,7.64,19.41,50.1,28.47
RFPL3S,lncRNA,3.9,14.78,2.97,14.32,33.12,59.38
RFX3-AS1,lncRNA,3.0,0.29,4.0,6.14,8.7,7.4
RFX5-AS1,lncRNA,0.2,0.5,0.0,3.0,2.43,1.05
RGMB-AS1,lncRNA,0.74,2.19,16.81,2.72,40.39,33.54
RGPD4-AS1,lncRNA,3.61,14.45,1.2,13.12,2.66,2.53
RGS5,lncRNA,0.41,1.97,3.4,0.24,8.39,9.43
RGS5-AS1,lncRNA,3.37,1.0,0.12,0.25,2.54,2.25
RHOA-IT1,lncRNA,2.61,0.0,0.33,2.0,1.54,2.34
RHOQ-AS1,lncRNA,0.0,2.99,1.54,1.42,3.38,2.3
RHOXF1-AS1,lncRNA,6.17,2.06,4.69,1.4,11.14,6.8
RHPN1-AS1,lncRNA,9.42,3.45,7.51,3.41,20.79,15.7
RIC3-DT,lncRNA,0.39,3.93,2.75,7.71,13.42,12.3
RIPOR3-AS1,lncRNA,0.91,1.2,2.38,0.45,14.26,9.62
RMDN2-AS1,lncRNA,0.13,3.4,0.41,3.17,9.51,13.23
RMRP,lncRNA,250.11,141.0,2598.82,340.12,356.1,445.86
RMST,lncRNA,11.57,7.68,9.69,17.28,20.56,27.11
RN7SL832P,lncRNA,2.5,4.81,0.55,4.78,5.72,5.81
RNASEH1-AS1,lncRNA,8.48,9.42,9.29,10.2,23.08,19.55
RNASEH2B-AS1,lncRNA,3.67,15.26,5.87,15.56,59.95,54.96
RNF139-AS1,lncRNA,4.0,4.73,3.25,3.67,12.33,13.75
RNF157-AS1,lncRNA,3.19,6.86,6.86,8.85,26.61,27.42
RNF185-AS1,lncRNA,0.0,0.0,0.25,0.0,0.1,0.36
RNF207-AS1,lncRNA,4.73,4.12,0.12,0.83,5.16,2.31
RNF213-AS1,lncRNA,4.93,7.38,11.65,7.87,29.34,25.69
RNF216-IT1,lncRNA,1.0,0.09,0.17,0.07,0.8,0.77
RNF216P1,lncRNA,11.19,9.65,27.77,10.61,11.72,26.5
RNF217-AS1,lncRNA,17.28,21.76,141.62,28.68,28.88,32.76
RNF32-AS1,lncRNA,0.26,0.75,2.91,0.25,5.79,3.9
RNFT1-DT,lncRNA,2.07,2.16,4.35,6.25,8.7,8.76
RNU6ATAC35P,lncRNA,0.0,0.0,0.0,0.09,0.17,0.08
ROCR,lncRNA,2.22,5.72,9.14,7.25,16.73,20.09
ROPN1L-AS1,lncRNA,0.1,0.0,0.42,0.5,9.45,4.71
ROR1-AS1,lncRNA,5.87,6.64,2.14,10.63,20.36,22.07
RORA-AS1,lncRNA,0.32,0.57,3.3,0.9,3.76,5.84
RORA-AS2,lncRNA,0.14,0.61,0.36,1.0,4.86,3.98
RORB-AS1,lncRNA,1.78,3.5,4.41,0.75,8.6,4.52
RPARP-AS1,lncRNA,12.91,11.05,7.16,20.6,25.63,20.26
RPL34-DT,lncRNA,6.78,11.44,25.01,10.23,83.02,51.26
RPL37A-DT,lncRNA,1.48,0.25,0.94,0.19,3.7,4.35
RPP38-DT,lncRNA,1.51,3.62,2.03,2.56,9.94,8.37
RPS6KA2-AS1,lncRNA,2.09,0.34,4.06,0.96,2.23,2.66
RPS6KA2-IT1,lncRNA,1.08,2.81,3.47,0.24,5.71,7.61
RPS6KB2-AS1,lncRNA,0.24,2.66,1.14,1.44,5.46,2.95
RRM1-AS1,lncRNA,0.0,0.0,0.22,0.8,0.07,0.0
RRN3P2,lncRNA,1.12,0.25,1.57,0.71,5.89,4.69
RRS1-AS1,lncRNA,0.59,0.44,0.62,0.4,2.55,5.2
RSF1-IT1,lncRNA,3.0,8.0,0.0,4.33,0.0,3.92
RSF1-IT2,lncRNA,2.0,0.11,0.0,0.0,0.14,0.31
RTCA-AS1,lncRNA,2.84,5.91,5.03,16.29,20.19,18.91
RUFY1-AS1,lncRNA,1.36,0.25,1.97,2.81,6.0,7.18
RUNDC3A-AS1,lncRNA,12.43,18.23,15.11,14.22,677.28,640.3
RUNX2-AS1,lncRNA,1.51,0.2,4.98,1.35,1.97,1.03
RUNX3-AS1,lncRNA,0.0,0.33,1.15,1.08,6.39,4.31
RUSC1-AS1,lncRNA,4.1,1.05,5.81,3.09,38.17,27.59
RUVBL1-AS1,lncRNA,4.26,0.11,4.8,3.17,5.26,8.09
RXYLT1-AS1,lncRNA,4.96,1.37,1.14,3.07,1.38,2.93
RYR3-DT,lncRNA,3.28,3.1,7.63,2.12,13.56,14.08
SACS-AS1,lncRNA,6.92,0.1,4.4,1.79,6.28,7.24
SALRNA1,lncRNA,2.12,3.59,3.55,2.89,10.52,16.06
SALRNA2,lncRNA,0.41,0.0,0.72,0.52,9.75,6.62
SALRNA3,lncRNA,1.5,0.87,0.33,0.0,1.0,2.29
SAMD12-AS1,lncRNA,4.13,4.21,3.4,3.58,17.26,16.48
SAMMSON,lncRNA,13.7,22.74,15.59,18.59,95.51,67.8
SAMSN1-AS1,lncRNA,1.0,0.0,0.0,1.0,0.48,0.4
SAP30-DT,lncRNA,8.3,12.12,12.37,18.86,101.5,86.51
SAP30L-AS1,lncRNA,8.42,9.69,8.45,10.41,48.23,38.62
SAPCD1-AS1,lncRNA,0.11,0.0,0.0,0.02,0.11,0.44
SATB1-AS1,lncRNA,6.13,6.17,7.23,11.75,62.94,44.39
SATB2-AS1,lncRNA,12.61,8.58,20.25,14.44,61.13,46.88
SBF2-AS1,lncRNA,3.52,4.23,1.47,4.15,13.88,17.53
SBNO1-AS1,lncRNA,10.44,7.51,27.72,5.15,25.05,29.5
SCAANT1,lncRNA,0.0,1.5,0.77,0.0,3.39,2.9
SCAMP1-AS1,lncRNA,5.06,7.08,7.27,6.7,9.09,6.74
SCARNA9,lncRNA,0.75,0.5,3.04,9.53,1.0,1.78
SCAT1,lncRNA,6.61,12.22,9.89,24.32,132.68,108.94
SCAT2,lncRNA,0.08,0.59,0.48,0.19,0.4,1.18
SCAT8,lncRNA,0.11,0.56,1.93,1.0,0.17,1.27
SCEL-AS1,lncRNA,0.0,0.0,0.0,0.0,0.34,0.92
SCG5-AS1,lncRNA,0.79,1.11,0.76,0.12,1.09,2.96
SCGB1B2P,lncRNA,0.64,0.27,2.64,1.22,8.41,9.47
SCHLAP1,lncRNA,289.27,1024.76,437.83,511.51,2866.06,5484.22
SCN1A-AS1,lncRNA,8.85,14.49,5.04,13.76,68.08,48.87
SCOC-AS1,lncRNA,3.45,7.6,8.15,11.88,39.93,39.08
SCP2D1-AS1,lncRNA,1.0,0.0,0.05,0.0,1.0,1.94
SCTR-AS1,lncRNA,0.57,2.42,1.58,1.11,3.66,5.2
SCUBE1-AS1,lncRNA,9.66,20.24,10.83,7.13,14.01,9.81
SCUBE1-AS2,lncRNA,0.0,0.0,0.33,0.0,1.33,0.75
SDAD1-AS1,lncRNA,0.45,2.0,1.09,4.0,4.23,2.6
SDCBP2-AS1,lncRNA,2.37,12.43,2.04,2.83,21.87,20.82
SDK1-AS1,lncRNA,0.28,0.2,0.31,0.2,4.84,1.39
SEC23A-AS1,lncRNA,0.67,0.94,2.58,1.25,3.22,5.47
SEC24B-AS1,lncRNA,4.52,8.92,8.07,18.11,85.13,90.45
SEC61G-DT,lncRNA,1.96,4.81,1.08,0.53,7.68,3.68
SEC62-AS1,lncRNA,0.12,0.0,0.0,0.14,0.07,1.0
SEMA3B-AS1,lncRNA,1.39,1.25,0.0,0.0,1.17,2.11
SEMA3F-AS1,lncRNA,0.93,8.37,3.81,1.2,12.27,12.75
SEMA5A-AS1,lncRNA,0.0,1.33,1.55,0.0,4.52,2.34
SEMA6A-AS1,lncRNA,0.61,2.62,1.64,1.0,8.66,10.61
SEMA6A-AS2,lncRNA,2.7,0.4,2.72,4.26,15.46,10.37
SENCR,lncRNA,21.72,22.67,11.91,13.65,89.58,143.08
SEPSECS-AS1,lncRNA,1.27,4.77,1.12,3.75,5.44,4.65
SEPTIN14P5,lncRNA,0.49,0.05,0.21,0.07,0.0,0.06
SEPTIN4-AS1,lncRNA,0.04,0.64,0.82,8.25,2.52,2.91
SEPTIN7-DT,lncRNA,10.19,8.48,8.45,5.62,8.5,15.74
SEPTIN9-DT,lncRNA,0.0,0.2,1.28,0.43,9.4,9.11
SERPINB9P1,lncRNA,1.66,1.63,5.11,1.95,8.92,9.18
SERTAD4-AS1,lncRNA,0.46,0.99,2.1,0.43,10.44,4.84
SETBP1-DT,lncRNA,4.05,1.14,3.12,1.15,12.97,6.77
SETD4-AS1,lncRNA,0.0,0.0,1.22,0.0,5.07,3.55
SEZ6L-AS1,lncRNA,0.75,0.25,0.1,0.12,0.16,1.48
SFTA1P,lncRNA,8.33,1.32,4.23,7.0,7.61,8.18
SFTA3,lncRNA,6.08,1.3,3.95,5.11,21.9,18.02
SFTPD-AS1,lncRNA,0.43,1.4,0.0,2.59,4.88,6.49
SGMS1-AS1,lncRNA,2.2,12.58,11.99,11.28,45.46,42.64
SGO1-AS1,lncRNA,4.18,8.5,4.33,5.81,12.11,18.02
SGSM3-AS1,lncRNA,1.5,4.0,0.0,0.25,0.97,1.15
SH3BP5-AS1,lncRNA,3.71,7.15,6.05,8.23,24.61,16.17
SH3PXD2A-AS1,lncRNA,1.58,1.43,0.32,3.12,7.91,9.87
SH3RF3-AS1,lncRNA,3.6,4.94,15.68,5.69,22.6,28.62
SH3TC2-DT,lncRNA,6.36,7.87,9.06,1.32,48.09,20.15
SHANK2-AS1,lncRNA,1.55,13.93,2.07,7.53,46.18,21.08
SHANK2-AS2,lncRNA,0.5,0.3,0.14,3.5,1.07,1.28
SHANK2-AS3,lncRNA,1.09,0.92,0.75,0.0,6.57,4.25
SHROOM3-AS1,lncRNA,5.53,4.72,6.82,14.41,19.78,17.98
SIAH2-AS1,lncRNA,5.69,11.25,31.97,3.0,19.92,32.71
SIDT1-AS1,lncRNA,3.4,5.55,3.1,1.89,19.07,31.83
SIGLEC10-AS1,lncRNA,0.65,0.3,0.0,2.08,5.6,2.58
SILC1,lncRNA,22.96,21.52,13.24,20.37,73.28,80.62
SIM1-AS1,lncRNA,0.0,0.08,0.0,0.0,0.77,0.0
SIRLNT,lncRNA,2.14,1.7,1.08,0.71,1.04,2.34
SIRPG-AS1,lncRNA,0.2,3.07,0.48,3.2,5.48,5.94
SIX3-AS1,lncRNA,0.44,1.26,1.51,1.33,5.34,4.72
SKAP1-AS1,lncRNA,1.69,2.8,0.0,0.27,2.39,3.53
SLBP-DT,lncRNA,1.47,0.83,1.59,1.47,8.34,3.67
SLC12A5-AS1,lncRNA,45.89,135.6,92.05,68.73,257.74,499.55
SLC12A9-AS1,lncRNA,0.25,1.28,2.33,4.74,13.14,14.16
SLC14A2-AS1,lncRNA,1.0,1.32,1.33,0.0,2.69,2.26
SLC16A1-AS1,lncRNA,15.33,46.6,23.36,32.16,167.4,130.22
SLC16A12-AS1,lncRNA,0.0,0.0,0.0,0.5,0.35,0.38
SLC1A2-AS1,lncRNA,0.33,2.67,0.89,1.73,1.45,2.9
SLC24A3-AS1,lncRNA,1.98,3.0,1.7,5.75,28.2,20.62
SLC25A21-AS1,lncRNA,1.29,2.14,3.47,1.85,23.85,22.3
SLC25A25-AS1,lncRNA,18.56,24.45,34.06,26.05,68.51,53.13
SLC25A30-AS1,lncRNA,1.42,0.39,2.14,3.95,16.39,10.59
SLC25A34-AS1,lncRNA,0.0,0.0,0.0,0.0,1.1,0.24
SLC25A48-AS1,lncRNA,0.17,1.23,0.23,1.0,4.29,5.48
SLC25A5-AS1,lncRNA,2.4,1.3,7.6,2.56,49.82,49.72
SLC26A4-AS1,lncRNA,23.73,21.51,11.22,17.77,48.86,43.92
SLC2A1-AS1,lncRNA,2.54,1.08,1.05,3.82,7.97,10.27
SLC2A9-AS1,lncRNA,0.64,2.0,0.33,0.0,0.09,0.0
SLC30A6-DT,lncRNA,0.5,0.24,0.0,0.25,2.77,7.84
SLC35F3-AS1,lncRNA,0.0,0.2,0.5,0.0,0.14,0.37
SLC39A12-AS1,lncRNA,1.11,1.58,1.24,0.27,12.58,15.21
SLC5A4-AS1,lncRNA,2.83,4.46,7.94,16.59,45.99,62.27
SLC6A1-AS1,lncRNA,0.33,0.02,0.0,0.43,1.2,1.76
SLC6A12-AS1,lncRNA,0.95,0.33,0.5,0.05,3.85,2.8
SLC6A17-AS1,lncRNA,1.31,3.57,2.36,0.17,8.36,11.13
SLC7A11-AS1,lncRNA,7.26,14.89,17.23,15.26,16.3,18.31
SLC7A14-AS1,lncRNA,0.64,2.73,1.72,10.18,15.84,18.6
SLC8A1-AS1,lncRNA,46.14,196.89,67.3,71.31,121.37,213.66
SLC9A3-AS1,lncRNA,6.65,7.15,11.46,8.17,78.42,54.53
SLC9A9-AS1,lncRNA,0.35,1.19,0.14,0.14,0.17,0.58
SLC9A9-AS2,lncRNA,0.5,0.07,0.0,0.0,0.83,0.0
SLCO4A1-AS1,lncRNA,2.35,1.48,1.09,2.46,5.39,2.11
SLFN12L,lncRNA,0.12,1.17,0.2,1.11,3.61,2.98
SLFNL1-AS1,lncRNA,10.76,12.73,22.65,9.11,31.16,22.44
SLIT1-AS1,lncRNA,0.1,0.48,2.33,0.06,3.64,2.52
SLIT2-IT1,lncRNA,0.0,0.0,0.08,0.0,0.96,2.46
SLIT3-AS1,lncRNA,4.87,3.48,4.87,4.71,16.91,14.69
SLIT3-AS2,lncRNA,6.95,7.39,3.62,21.38,19.15,22.11
SLX1A-SULT1A3,lncRNA,3.4,7.03,5.18,10.84,14.0,15.89
SLX1B-SULT1A4,lncRNA,2.64,6.66,5.09,10.43,13.18,15.38
SMAD1-AS1,lncRNA,0.0,0.5,0.57,0.0,1.22,0.23
SMAD1-AS2,lncRNA,0.0,0.5,0.0,0.5,4.05,3.0
SMAD5-AS1,lncRNA,2.38,1.76,1.6,1.04,6.95,3.83
SMAD9-IT1,lncRNA,0.0,1.97,0.48,0.25,0.57,0.53
SMARCA5-AS1,lncRNA,2.53,2.16,5.62,2.46,20.93,21.79
SMARCAL1-AS1,lncRNA,0.08,2.08,0.42,0.0,2.94,1.58
SMC2-AS1,lncRNA,5.25,0.2,2.88,1.4,6.94,9.27
SMC5-AS1,lncRNA,5.0,8.9,6.2,6.79,25.03,33.66
SMCR2,lncRNA,0.17,0.25,0.0,0.0,0.17,0.0
SMCR5,lncRNA,1.23,0.54,0.67,6.28,2.74,9.02
SMG7-AS1,lncRNA,5.94,14.05,5.69,6.85,45.62,23.37
SMILR,lncRNA,0.0,0.0,0.0,0.33,0.85,0.44
SMIM10L2B-AS1,lncRNA,0.0,0.0,0.2,0.2,1.22,2.7
SMIM15-AS1,lncRNA,0.88,7.45,0.45,2.7,5.78,3.65
SMIM2-AS1,lncRNA,2.19,6.34,3.1,2.16,5.94,6.01
SMIM2-IT1,lncRNA,0.83,0.58,1.1,0.2,1.19,1.46
SMYD3-AS1,lncRNA,0.17,0.62,0.57,0.33,0.44,0.14
SMYD3-IT1,lncRNA,1.5,1.0,0.0,0.0,3.17,2.68
SNAI3-AS1,lncRNA,8.52,8.2,12.91,11.31,51.93,37.98
SNAP25-AS1,lncRNA,10.96,52.7,10.86,10.77,43.3,53.17
SNAP47-AS1,lncRNA,0.0,0.67,1.94,0.0,6.13,11.3
SNCA-AS1,lncRNA,0.15,0.0,0.41,6.61,19.64,20.47
SND1-IT1,lncRNA,13.25,5.15,7.97,15.56,56.0,44.67
SNED1-AS1,lncRNA,0.0,0.0,0.0,0.0,0.46,1.25
SNHG1,lncRNA,3132.26,2723.53,22807.39,3681.95,1323.75,5249.59
SNHG10,lncRNA,11.97,27.11,15.73,14.53,37.71,32.21
SNHG11,lncRNA,3.48,3.97,6.36,4.51,21.36,27.74
SNHG12,lncRNA,32.25,16.28,50.04,36.8,31.47,32.19
SNHG14,lncRNA,193.85,568.11,180.78,201.48,519.1,718.02
SNHG15,lncRNA,2.13,4.15,21.88,10.41,18.95,22.22
SNHG16,lncRNA,6.73,9.54,5.3,7.24,10.51,15.95
SNHG17,lncRNA,29.43,22.6,48.21,44.48,134.67,131.39
SNHG18,lncRNA,4.41,5.37,4.78,7.64,16.09,12.12
SNHG19,lncRNA,0.0,0.3,2.83,2.08,3.09,3.94
SNHG20,lncRNA,48.02,96.26,77.84,218.97,2513.96,2437.27
SNHG21,lncRNA,1.99,0.11,0.33,2.0,2.4,2.14
SNHG22,lncRNA,5.64,10.97,7.48,7.64,423.35,489.68
SNHG25,lncRNA,4.83,12.08,4.56,5.14,2.86,2.57
SNHG26,lncRNA,10.18,11.97,12.16,12.27,65.37,60.2
SNHG27,lncRNA,0.81,0.29,3.26,2.21,10.25,11.0
SNHG28,lncRNA,2.36,8.14,3.1,6.28,12.61,10.5
SNHG29,lncRNA,29.19,13.96,17.77,21.55,34.76,44.65
SNHG3,lncRNA,54.24,26.88,34.41,62.91,30.73,125.71
SNHG30,lncRNA,0.63,0.56,1.42,0.0,2.85,2.92
SNHG31,lncRNA,3.19,1.74,0.39,2.15,9.0,7.29
SNHG32,lncRNA,0.99,5.2,10.45,7.23,7.83,5.43
SNHG4,lncRNA,5.54,3.03,0.43,6.31,16.04,6.26
SNHG5,lncRNA,601.52,817.76,562.96,527.68,223.18,355.27
SNHG6,lncRNA,7.46,8.83,12.96,13.68,110.49,73.74
SNHG7,lncRNA,11.12,6.13,13.37,11.26,21.24,19.79
SNHG8,lncRNA,2.05,5.5,5.37,5.3,15.76,11.06
SNHG9,lncRNA,2.28,1.48,3.3,4.27,14.94,11.17
SNRK-AS1,lncRNA,1.67,1.0,1.79,2.78,6.9,7.65
SNTG2-AS1,lncRNA,1.28,0.75,2.87,1.86,6.71,10.17
SNX9-AS1,lncRNA,0.05,0.25,0.67,0.0,1.0,0.0
SOCAR,lncRNA,0.17,1.0,0.15,0.0,0.45,0.64
SOCS2-AS1,lncRNA,3.7,4.69,9.26,4.74,26.2,18.62
SOD2-OT1,lncRNA,0.42,0.57,2.22,2.08,5.73,5.28
SORCS3-AS1,lncRNA,0.0,2.08,0.56,0.53,8.71,8.11
SOS1-IT1,lncRNA,0.5,2.56,0.53,2.5,0.64,0.64
SOX1-OT,lncRNA,1.22,2.52,6.75,4.43,19.3,18.91
SOX2-OT,lncRNA,50.9,71.94,59.1,55.54,376.23,348.23
SOX21-AS1,lncRNA,5.54,13.93,8.04,6.74,37.15,34.03
SOX5-AS1,lncRNA,0.76,0.31,1.52,1.0,3.46,6.86
SOX9-AS1,lncRNA,13.0,19.98,18.3,38.4,299.05,248.85
SP2-AS1,lncRNA,4.83,0.58,0.58,8.07,7.14,6.75
SPACA6P-AS,lncRNA,190.87,78.75,63.89,82.07,552.55,413.38
SPAG16-DT,lncRNA,0.2,0.44,0.0,0.0,0.83,1.96
SPAG5-AS1,lncRNA,3.23,6.3,6.82,10.51,30.76,18.29
SPANXA2-OT1,lncRNA,2.27,6.89,2.3,7.31,20.9,20.79
SPART-AS1,lncRNA,4.66,3.4,4.02,4.34,13.14,11.37
SPATA13,lncRNA,0.37,0.0,1.08,0.67,5.25,3.66
SPATA13-AS1,lncRNA,0.0,1.5,1.0,0.0,2.17,1.56
SPATA17-AS1,lncRNA,1.05,4.3,1.64,2.28,19.87,27.65
SPATA3-AS1,lncRNA,10.02,7.79,14.08,9.55,42.07,36.34
SPATA41,lncRNA,1.73,2.51,4.86,7.95,24.09,20.92
SPATA42,lncRNA,0.33,0.11,0.57,1.66,4.31,1.32
SPATA8,lncRNA,2.25,2.18,4.32,1.17,9.66,4.82
SPATA8-AS1,lncRNA,3.12,0.58,0.0,1.0,1.76,1.21
SPCS3-AS1,lncRNA,0.82,0.95,4.64,0.52,18.71,11.1
SPIN4-AS1,lncRNA,0.33,2.0,0.32,0.11,45.61,77.79
SPINT1-AS1,lncRNA,0.41,0.09,0.62,1.68,8.67,2.8
SPON1-AS1,lncRNA,0.09,0.25,2.0,0.12,0.96,2.42
SPRY4-AS1,lncRNA,1.59,5.55,1.11,3.5,13.01,9.69
SPTBN1-AS1,lncRNA,0.5,0.53,1.3,0.2,2.25,3.17
SRD5A3-AS1,lncRNA,4.9,9.41,4.56,7.64,8.66,14.16
SREBF2-AS1,lncRNA,11.69,23.18,23.21,14.03,58.5,60.49
SRGAP2-AS1,lncRNA,0.8,2.67,1.39,1.5,1.5,1.41
SRGAP3-AS1,lncRNA,1.0,0.64,0.14,0.0,2.2,0.57
SRGAP3-AS2,lncRNA,0.14,3.5,1.45,0.4,3.69,4.34
SRGAP3-AS3,lncRNA,2.51,6.7,2.85,5.92,28.84,28.39
SRGAP3-AS4,lncRNA,0.5,1.64,0.0,1.67,8.69,18.77
SRI-AS1,lncRNA,0.25,0.0,3.46,6.0,2.69,3.41
SRP14-AS1,lncRNA,3.22,3.67,5.95,8.48,57.36,58.17
SRRM2-AS1,lncRNA,8.33,8.5,32.03,10.17,108.72,83.02
SSBP3-AS1,lncRNA,1.39,6.37,0.11,1.1,4.46,2.88
SSTR5-AS1,lncRNA,19.05,17.9,26.36,45.01,52.15,54.53
ST20-AS1,lncRNA,5.54,13.5,7.16,7.22,68.55,17.73
ST3GAL3-AS1,lncRNA,1.0,4.1,2.0,13.5,1.0,0.0
ST3GAL5-AS1,lncRNA,7.4,2.05,3.66,1.2,25.4,22.18
ST3GAL6-AS1,lncRNA,13.01,18.31,11.69,16.77,121.9,86.78
ST6GAL2-IT1,lncRNA,0.0,0.09,0.81,0.25,0.0,0.0
ST7-AS1,lncRNA,6.45,8.77,6.41,3.31,16.03,15.38
ST7-AS2,lncRNA,0.37,1.0,0.67,2.31,5.45,3.77
ST7-OT4,lncRNA,1.51,0.77,1.23,1.59,17.28,13.97
ST8SIA6-AS1,lncRNA,1.22,1.75,1.0,5.75,10.55,8.23
STAG3L5P-PVRIG2P-PILRB,lncRNA,2.57,1.28,8.17,5.14,19.69,17.13
STAM-AS1,lncRNA,2.73,4.85,3.68,5.49,6.94,10.32
STARD13-AS,lncRNA,1.71,4.68,2.68,2.0,12.1,9.85
STARD13-IT1,lncRNA,1.0,3.64,2.0,0.0,6.55,5.25
STARD4-AS1,lncRNA,3.44,5.84,5.3,2.97,34.3,24.52
STARD7-AS1,lncRNA,5.45,6.82,9.36,8.03,26.21,27.59
STAU2-AS1,lncRNA,0.0,3.67,1.73,1.05,6.53,7.05
STEAP2-AS1,lncRNA,2.36,2.77,0.61,1.33,8.87,6.69
STEAP3-AS1,lncRNA,2.08,1.9,2.16,3.17,8.35,8.64
STIM1-AS1,lncRNA,0.38,0.14,4.62,1.2,3.65,5.81
STIM2-AS1,lncRNA,1.08,2.12,2.12,5.83,15.46,13.17
STK24-AS1,lncRNA,0.33,0.88,2.24,3.0,6.64,6.37
STK32A-AS1,lncRNA,0.25,7.22,1.94,4.69,13.1,18.81
STK4-AS1,lncRNA,0.0,2.78,4.34,3.67,12.51,9.14
STPG2-AS1,lncRNA,0.0,0.4,0.37,0.28,10.07,8.44
STPG3-AS1,lncRNA,0.04,2.22,2.39,2.83,6.27,5.71
STX17-AS1,lncRNA,1.33,2.37,1.84,8.13,9.79,6.95
STX18-AS1,lncRNA,10.17,33.1,22.35,15.8,60.19,63.11
STX18-IT1,lncRNA,0.0,0.06,1.25,0.25,1.55,0.82
STXBP5-AS1,lncRNA,12.0,54.88,12.57,9.08,100.45,96.66
SUCLA2-AS1,lncRNA,2.14,0.92,1.39,5.0,4.26,2.62
SUCLG2-AS1,lncRNA,6.89,15.07,1.59,8.85,13.68,15.95
SUGCT-AS1,lncRNA,1.57,0.61,0.05,1.0,1.63,0.39
SUGT1-DT,lncRNA,0.52,0.62,2.25,0.0,4.98,4.88
SUGT1P4-STRA6LP,lncRNA,1.08,0.58,1.66,1.83,9.61,11.37
SUGT1P4-STRA6LP-CCDC180,lncRNA,7.59,10.72,18.94,8.7,40.09,37.81
SUV39H2-DT,lncRNA,0.38,0.64,1.36,0.76,9.52,6.98
SYN3-AS1,lncRNA,0.11,0.0,0.14,0.0,0.51,0.38
SYNE1-AS1,lncRNA,0.96,0.39,0.29,0.06,3.37,1.83
SYNGAP1-AS1,lncRNA,1.51,0.39,1.75,7.81,14.15,5.53
SYNJ2-IT1,lncRNA,0.14,0.0,1.11,2.25,1.18,4.23
SYNPR-AS1,lncRNA,1.39,0.15,0.0,2.0,1.97,1.09
SYP-AS1,lncRNA,0.0,0.0,0.0,0.0,0.99,1.03
SZT2-AS1,lncRNA,1.1,0.1,0.86,3.12,2.81,4.43
TAB2-AS1,lncRNA,0.0,0.25,1.87,0.31,7.2,5.8
TAB3-AS1,lncRNA,0.0,0.0,0.0,0.0,0.0,0.1
TAB3-AS2,lncRNA,0.0,0.31,0.0,0.0,0.0,0.0
TAF1A-AS1,lncRNA,2.27,5.82,5.08,8.0,8.27,9.88
TANK-AS1,lncRNA,0.7,0.4,0.0,0.0,0.25,2.45
TAPT1-AS1,lncRNA,5.0,12.75,10.27,1.27,18.95,21.28
TARID,lncRNA,6.81,11.95,4.99,10.42,32.28,31.18
TAT-AS1,lncRNA,0.06,0.83,0.6,3.88,5.05,4.52
TAX1BP1-AS1,lncRNA,2.27,8.33,2.7,3.62,11.47,6.9
TBC1D22A-AS1,lncRNA,2.11,4.23,2.83,5.2,7.28,6.05
TBC1D26-AS1,lncRNA,3.97,2.07,1.94,4.76,4.96,12.22
TBC1D3P1-DHX40P1,lncRNA,33.39,5.17,7.0,3.66,59.56,28.18
TBC1D8-AS1,lncRNA,2.28,5.58,2.81,1.38,9.82,7.94
TBILA,lncRNA,0.21,0.34,1.69,0.4,1.75,0.78
TBL1XR1-AS1,lncRNA,0.33,0.25,1.17,0.82,1.05,0.2
TBX18-AS1,lncRNA,1.5,0.89,1.1,0.65,6.67,6.12
TBX2-AS1,lncRNA,0.62,0.54,4.96,4.73,11.3,10.81
TBX5-AS1,lncRNA,4.57,3.66,4.7,5.16,20.96,17.04
TCEAL3-AS1,lncRNA,0.0,0.0,0.0,0.0,0.37,0.0
TCERG1L-AS1,lncRNA,0.0,0.0,0.0,0.0,2.85,2.19
TCF4-AS1,lncRNA,0.0,0.0,0.0,0.25,4.18,2.92
TCF4-AS2,lncRNA,0.0,0.42,1.0,0.0,0.25,1.28
TCF7L1-IT1,lncRNA,0.14,0.0,0.0,0.0,0.71,0.5
TCL6,lncRNA,5.87,5.5,5.63,17.54,14.22,13.45
TDRG1,lncRNA,2.21,6.25,0.66,3.07,9.57,5.99
TDRKH-AS1,lncRNA,1.39,0.63,1.75,2.82,7.26,5.13
TEMN3-AS1,lncRNA,0.0,0.33,0.0,0.0,0.33,0.27
TENM3-AS1,lncRNA,4.61,9.1,14.77,22.85,47.54,55.26
TERC,lncRNA,3.17,1.13,7.48,3.22,9.44,9.32
TESC-AS1,lncRNA,1.34,1.45,0.9,1.16,11.49,12.62
TET2-AS1,lncRNA,0.0,0.1,0.0,4.0,0.17,0.0
TEX26-AS1,lncRNA,3.93,1.46,2.04,4.24,17.26,9.78
TEX36-AS1,lncRNA,0.0,0.0,1.57,0.0,0.0,1.15
TEX41,lncRNA,16.78,22.09,10.05,17.61,44.09,37.72
TFAP2A-AS1,lncRNA,0.49,4.96,4.21,4.15,19.09,19.14
TFAP2A-AS2,lncRNA,6.71,4.72,7.86,9.12,58.24,59.85
TFAP2E-AS1,lncRNA,1.41,2.34,2.84,5.35,17.36,13.88
TFPI2-DT,lncRNA,1.25,0.58,0.0,0.5,3.34,1.89
TGFA-IT1,lncRNA,0.0,0.0,0.11,0.0,0.0,0.0
TGFB2-AS1,lncRNA,4.37,9.76,4.08,3.56,3.08,3.17
TGFB2-OT1,lncRNA,1.96,0.03,0.24,2.0,0.84,1.5
TGFB3-AS1,lncRNA,0.75,0.27,0.15,0.07,2.33,0.85
TH2LCRR,lncRNA,0.7,0.09,0.64,1.0,0.76,1.62
THAP7-AS1,lncRNA,0.81,3.27,2.58,0.89,10.87,14.77
THAP9-AS1,lncRNA,1.08,1.87,3.3,2.46,19.95,16.45
THBS3-AS1,lncRNA,12.38,4.72,18.63,13.55,50.7,46.61
THBS4-AS1,lncRNA,5.4,3.1,8.33,8.36,20.17,12.68
THCAT155,lncRNA,1.7,1.91,2.04,8.09,15.81,8.85
THCAT158,lncRNA,2.42,0.0,0.25,0.0,1.79,0.5
THOC3-AS1,lncRNA,1.73,0.12,1.01,2.29,5.8,9.73
THOC7-AS1,lncRNA,0.32,4.78,0.46,3.5,1.14,3.36
THORLNC,lncRNA,3.68,5.57,7.12,7.24,7.21,10.35
THRA1/BTR,lncRNA,0.25,3.83,0.4,0.75,9.72,7.28
THRB-AS1,lncRNA,6.41,5.05,7.92,14.88,42.2,34.07
THRB-IT1,lncRNA,1.0,4.2,0.14,0.36,6.46,3.47
THRIL,lncRNA,9.72,4.79,2.61,1.25,5.99,6.34
THSD4-AS1,lncRNA,2.9,3.37,5.06,7.53,9.89,15.57
THUMPD3-AS1,lncRNA,19.27,18.17,10.96,18.18,178.61,136.94
THY1-AS1,lncRNA,0.07,1.57,0.06,4.0,2.21,1.61
TIMMDC1-DT,lncRNA,0.0,1.83,0.0,0.42,2.17,3.45
TINAG-AS1,lncRNA,0.0,0.61,0.58,1.71,0.67,0.84
TIPARP-AS1,lncRNA,0.49,0.69,0.64,2.84,8.5,2.55
TLR8-AS1,lncRNA,0.53,1.0,2.1,1.43,4.48,2.21
TLX1NB,lncRNA,0.25,2.64,4.42,0.56,4.13,3.57
TM4SF1-AS1,lncRNA,3.71,3.03,3.97,2.24,6.76,5.26
TM4SF19-AS1,lncRNA,3.0,5.42,3.52,2.89,15.82,13.49
TMC3-AS1,lncRNA,2.36,3.62,5.32,7.06,28.49,19.86
TMCC1-AS1,lncRNA,9.13,40.79,10.84,12.54,28.38,22.38
TMCC2-AS1,lncRNA,0.0,0.0,1.0,0.0,1.33,1.26
TMCO1-AS1,lncRNA,0.51,0.23,2.93,2.93,5.88,6.79
TMED2-DT,lncRNA,23.69,13.34,11.17,21.62,71.43,63.48
TMEM105,lncRNA,4.77,6.28,6.23,2.98,16.54,23.72
TMEM108-AS1,lncRNA,0.59,0.43,0.54,7.5,13.22,7.86
TMEM132D-AS1,lncRNA,5.59,2.6,4.02,1.0,7.65,7.16
TMEM132D-AS2,lncRNA,1.52,0.36,3.6,5.09,13.63,18.21
TMEM139-AS1,lncRNA,1.42,1.72,0.26,0.55,6.6,2.87
TMEM147-AS1,lncRNA,3.19,4.44,6.84,5.63,16.45,15.29
TMEM161B-AS1,lncRNA,17.47,22.86,16.43,17.43,122.34,158.58
TMEM167B-DT,lncRNA,1.39,5.44,2.99,7.58,17.42,11.69
TMEM18-DT,lncRNA,5.83,0.27,5.87,1.57,16.85,18.39
TMEM202-AS1,lncRNA,3.93,7.06,5.39,5.78,25.66,21.16
TMEM212-AS1,lncRNA,1.36,0.0,0.5,1.25,0.76,1.46
TMEM212-IT1,lncRNA,0.0,0.0,0.0,0.0,0.33,0.39
TMEM220-AS1,lncRNA,0.72,0.33,1.41,0.21,9.52,7.88
TMEM246-AS1,lncRNA,1.19,3.82,5.09,6.08,45.98,55.52
TMEM252-DT,lncRNA,0.0,0.17,0.75,0.48,5.45,1.89
TMEM254-AS1,lncRNA,2.43,2.17,0.39,3.83,15.5,7.44
TMEM26-AS1,lncRNA,3.33,0.65,1.72,0.29,2.33,4.86
TMEM30A-DT,lncRNA,4.64,4.64,4.37,2.79,12.49,21.75
TMEM44-AS1,lncRNA,2.1,3.34,1.51,3.75,15.23,9.32
TMEM51-AS1,lncRNA,7.29,12.11,11.46,12.57,37.35,53.74
TMEM72-AS1,lncRNA,1.64,9.31,6.84,9.83,22.97,29.71
TMEM75,lncRNA,2.67,6.89,2.14,7.15,4.31,4.77
TMEM78,lncRNA,32.94,19.61,81.07,42.04,29.21,44.19
TMEM92-AS1,lncRNA,0.81,0.0,0.5,0.29,1.74,3.61
TMEM99,lncRNA,1.2,0.38,0.54,5.83,5.44,13.68
TMEM9B-AS1,lncRNA,1.83,3.79,5.2,9.2,11.66,8.27
TMLHE-AS1,lncRNA,0.89,1.82,0.83,3.67,4.43,4.55
TMPO-AS1,lncRNA,6.72,5.06,2.9,14.02,53.63,44.78
TMSB15B-AS1,lncRNA,1.19,5.91,5.17,2.03,15.97,17.73
TNFRSF10A-AS1,lncRNA,0.12,0.0,0.0,0.0,1.0,0.2
TNFRSF14-AS1,lncRNA,7.28,5.93,10.61,15.73,53.25,35.86
TNK2-AS1,lncRNA,1.96,1.7,3.6,5.14,13.82,14.29
TNKS2-AS1,lncRNA,4.52,1.83,1.11,0.21,6.65,2.36
TNR-IT1,lncRNA,0.05,0.21,1.26,0.16,1.66,3.56
TNS1-AS1,lncRNA,0.4,0.98,4.05,2.22,23.87,18.44
TOB1-AS1,lncRNA,3.74,4.67,6.34,6.53,17.49,21.57
TOLLIP-AS1,lncRNA,4.19,2.11,5.55,2.88,11.97,12.07
TONSL-AS1,lncRNA,0.6,0.5,1.12,1.21,4.84,1.6
TP53TG1,lncRNA,4.17,1.72,2.31,1.39,29.17,16.0
TP73-AS2,lncRNA,1.0,0.0,0.88,2.5,1.25,2.3
TP73-AS3,lncRNA,1.36,2.81,0.5,0.11,3.86,8.93
TPM1-AS,lncRNA,3.5,6.11,14.37,7.12,26.61,16.86
TPRG1-AS1,lncRNA,0.14,0.55,0.64,0.0,5.62,1.98
TPRG1-AS2,lncRNA,0.0,0.1,0.0,0.0,0.22,0.89
TPT1-AS1,lncRNA,6.32,8.65,13.97,27.12,88.32,93.62
TRAF3IP2-AS1,lncRNA,7.38,5.51,6.34,10.52,12.01,25.76
TRAM2-AS1,lncRNA,8.0,12.71,4.14,10.72,33.07,21.49
TRAPPC12-AS1,lncRNA,0.48,0.6,0.07,6.67,1.37,1.23
TRBV11-2,lncRNA,0.91,0.12,0.62,0.0,0.67,0.95
TRDN-AS1,lncRNA,5.54,4.1,5.93,7.58,23.42,37.69
TRERNA1,lncRNA,0.0,0.25,0.14,0.0,1.32,1.25
TRG-AS1,lncRNA,10.82,7.68,5.7,8.41,14.03,13.26
TRHDE-AS1,lncRNA,37.55,29.29,20.53,12.89,109.91,82.14
TRIM31-AS1,lncRNA,1.25,3.75,1.88,0.0,1.67,4.62
TRIM36-IT1,lncRNA,5.6,6.16,3.3,2.67,62.05,44.66
TRIM52-AS1,lncRNA,6.61,6.93,19.71,10.61,33.04,112.1
TRIM67-AS1,lncRNA,12.01,2.0,14.0,9.13,31.18,22.54
TRIM7-AS1,lncRNA,0.72,0.82,0.54,3.61,5.47,10.13
TRMT2B-AS1,lncRNA,0.0,0.56,0.0,0.14,0.5,0.0
TRPC7-AS1,lncRNA,1.0,1.0,0.0,0.11,0.17,1.76
TRPC7-AS2,lncRNA,0.29,0.78,2.09,1.54,8.46,14.6
TRPM2-AS,lncRNA,2.54,2.64,2.81,7.05,28.0,27.13
TSBP1-AS1,lncRNA,3.58,12.29,6.17,8.33,30.96,34.54
TSC22D1-AS1,lncRNA,3.44,5.8,7.38,5.06,28.03,28.75
TSIX,lncRNA,11.68,20.97,22.07,21.43,131.91,147.13
TSPAN18-AS1,lncRNA,0.12,0.0,0.0,0.0,3.12,1.84
TSPAN9-IT1,lncRNA,0.0,0.0,0.17,0.0,1.08,0.2
TSPEAR-AS1,lncRNA,18.08,1.55,3.98,9.97,21.67,16.77
TSPEAR-AS2,lncRNA,0.37,1.9,4.42,5.16,21.67,11.94
TSPOAP1-AS1,lncRNA,11.5,7.31,17.72,14.46,38.28,22.96
TTC21B-AS1,lncRNA,0.12,1.1,0.6,0.09,2.02,2.28
TTC23L-AS1,lncRNA,2.67,0.17,3.21,1.32,6.63,5.03
TTC28-AS1,lncRNA,11.9,33.67,18.0,28.12,108.54,105.43
TTC3-AS1,lncRNA,0.0,0.47,0.43,0.1,0.43,2.31
TTC39A-AS1,lncRNA,0.03,1.52,4.17,1.91,19.25,3.73
TTC39C-AS1,lncRNA,4.23,7.97,4.25,4.64,31.69,34.28
TTLL1-AS1,lncRNA,3.25,11.3,1.78,2.14,7.17,6.52
TTLL10-AS1,lncRNA,12.01,6.16,9.96,9.8,30.34,27.6
TTLL11-IT1,lncRNA,0.0,0.67,0.05,0.11,0.7,1.53
TTLL7-IT1,lncRNA,1.23,1.31,3.06,1.94,2.78,2.8
TTN-AS1,lncRNA,10.14,13.0,12.58,9.38,68.03,47.56
TTTY1,lncRNA,1.1,2.19,0.49,1.17,20.62,14.18
TTTY10,lncRNA,15.34,35.09,20.71,22.02,79.15,119.4
TTTY12,lncRNA,0.0,0.0,0.0,0.62,2.28,2.63
TTTY13,lncRNA,1.4,0.41,0.82,2.55,7.44,2.59
TTTY14,lncRNA,25.33,19.29,25.68,23.04,74.35,82.66
TTTY17A,lncRNA,0.0,0.0,0.0,0.0,0.25,0.0
TTTY17B,lncRNA,0.0,0.0,0.0,0.0,0.25,0.0
TTTY17C,lncRNA,0.0,0.24,0.33,0.0,2.71,0.36
TTTY18,lncRNA,1.25,2.78,3.11,4.81,16.18,16.56
TTTY19,lncRNA,0.0,0.0,0.0,0.0,0.62,1.0
TTTY1B,lncRNA,1.1,2.19,0.49,1.17,20.62,14.18
TTTY2,lncRNA,0.58,0.08,0.45,0.45,4.19,3.69
TTTY20,lncRNA,0.0,0.07,0.0,1.0,0.28,0.3
TTTY21,lncRNA,0.0,0.0,0.0,0.0,2.0,0.06
TTTY21B,lncRNA,0.0,0.0,0.06,0.0,0.07,0.1
TTTY22,lncRNA,0.5,2.5,0.2,0.17,3.61,6.06
TTTY23,lncRNA,0.0,0.29,0.0,0.0,0.5,0.65
TTTY2B,lncRNA,1.78,2.04,2.56,6.09,16.95,13.79
TTTY3,lncRNA,0.0,0.07,0.17,0.0,1.08,0.24
TTTY3B,lncRNA,0.0,0.07,0.17,0.0,1.08,0.24
TTTY4,lncRNA,0.0,0.06,0.32,0.0,0.4,0.12
TTTY4B,lncRNA,0.0,0.06,0.32,0.0,0.4,0.12
TTTY4C,lncRNA,0.0,0.06,0.32,0.0,0.4,0.12
TTTY5,lncRNA,1.93,0.35,0.33,5.5,4.99,3.27
TTTY6,lncRNA,0.0,0.0,0.25,0.0,0.81,0.18
TTTY6B,lncRNA,0.0,0.0,0.25,0.0,0.81,0.18
TTTY7,lncRNA,0.33,0.56,1.74,0.0,4.1,2.9
TTTY7B,lncRNA,0.33,0.61,1.87,0.0,5.02,3.91
TTTY8,lncRNA,0.5,0.0,1.0,0.0,0.55,0.14
TTTY8B,lncRNA,0.5,0.0,1.0,0.0,0.55,0.14
TTTY9B,lncRNA,0.0,1.75,0.6,1.06,2.52,3.62
TUB-AS1,lncRNA,2.0,9.26,3.51,2.68,9.82,8.99
TUBA3FP,lncRNA,1.75,3.06,4.49,3.75,15.22,14.57
TUSC7,lncRNA,2.63,1.66,3.21,4.2,11.54,6.43
TUSC8,lncRNA,0.54,2.13,1.02,1.56,9.45,4.22
TXNDC12-AS1,lncRNA,0.07,0.0,0.0,0.17,2.08,1.46
TYMSOS,lncRNA,3.64,9.04,2.85,2.89,8.06,15.83
U47924.1,lncRNA,0.0,0.75,0.78,2.0,4.21,6.71
U47924.2,lncRNA,13.01,7.6,35.53,8.24,52.46,68.32
U47924.3,lncRNA,0.0,0.0,0.0,0.0,0.1,0.0
U52111.1,lncRNA,2.27,0.64,1.02,1.1,6.78,2.28
U62317.1,lncRNA,0.33,0.21,1.0,0.87,0.62,0.54
U62317.2,lncRNA,0.0,0.12,0.06,0.55,1.95,0.87
U62317.3,lncRNA,3.04,5.1,1.7,5.67,2.8,3.69
U62631.1,lncRNA,0.0,0.12,0.0,0.0,0.3,0.85
U73166.1,lncRNA,0.9,0.22,0.2,1.03,11.83,10.3
U73169.1,lncRNA,0.83,0.0,0.0,1.0,2.31,0.72
U82671.1,lncRNA,3.83,1.39,20.95,2.05,68.99,49.59
U91319.1,lncRNA,2.26,4.83,1.32,3.26,11.11,21.28
U91324.1,lncRNA,1.88,2.58,2.17,2.0,3.69,2.16
U91328.1,lncRNA,0.75,4.49,2.7,7.35,31.39,25.2
U91328.2,lncRNA,0.0,0.0,0.1,0.05,0.09,0.06
U91328.3,lncRNA,0.33,4.0,0.0,0.05,0.5,0.58
U95743.1,lncRNA,1.14,0.53,0.2,6.0,5.83,7.92
UBA6-AS1,lncRNA,3.04,7.97,4.51,8.09,58.55,50.68
UBAC2-AS1,lncRNA,1.25,4.11,1.18,10.31,13.2,9.88
UBE2D3-AS1,lncRNA,0.5,0.0,0.43,0.0,6.38,0.98
UBE2E1-AS1,lncRNA,0.64,0.07,0.43,1.5,3.68,3.33
UBE2E2-AS1,lncRNA,0.29,0.55,0.4,0.0,2.75,2.93
UBE2Q1-AS1,lncRNA,0.0,1.0,0.2,0.0,2.5,1.5
UBE2R2-AS1,lncRNA,2.76,0.33,1.15,2.22,6.7,4.41
UBL7-AS1,lncRNA,2.42,1.43,2.0,0.16,9.23,4.88
UBOX5-AS1,lncRNA,1.31,0.25,2.3,2.02,2.96,5.46
UBR5-AS1,lncRNA,0.58,0.55,3.96,3.45,7.68,3.54
UBXN7-AS1,lncRNA,2.58,0.18,2.29,0.04,10.29,7.67
UCA1,lncRNA,2.27,0.89,3.95,3.89,9.16,15.72
UCHL1-AS1,lncRNA,0.5,0.12,1.5,0.0,1.32,2.39
UCKL1-AS1,lncRNA,3.92,11.44,31.83,11.14,49.35,45.43
UFL1-AS1,lncRNA,1.82,3.6,1.61,5.45,23.44,11.88
UGDH-AS1,lncRNA,1.75,1.07,1.4,1.15,5.45,4.11
UICLM,lncRNA,0.83,0.14,3.52,2.52,8.87,10.95
UMLILO,lncRNA,0.0,0.0,0.0,0.0,0.64,0.0
UMODL1-AS1,lncRNA,0.24,0.63,1.4,0.1,2.81,3.83
UNC5B-AS1,lncRNA,2.17,1.42,5.44,3.35,20.5,23.0
UNQ6494,lncRNA,0.56,0.34,1.6,6.06,11.36,12.77
UPK1A-AS1,lncRNA,0.29,2.0,2.21,0.5,2.71,1.58
UPP2-IT1,lncRNA,0.0,0.0,0.0,0.0,0.14,0.17
URB1-AS1,lncRNA,2.48,3.5,4.23,15.31,25.01,18.73
USH2A-AS1,lncRNA,0.17,0.0,1.48,0.0,2.2,0.75
USH2A-AS2,lncRNA,0.14,1.83,0.72,0.12,0.67,3.6
USP12-AS1,lncRNA,0.0,0.0,0.05,0.0,2.13,0.0
USP12-AS2,lncRNA,0.68,0.0,0.0,0.0,2.34,0.73
USP2-AS1,lncRNA,588.82,582.32,463.88,939.73,581.23,2881.69
USP27X-AS1,lncRNA,2.58,3.62,4.81,1.66,8.61,6.65
USP3-AS1,lncRNA,4.09,8.56,4.16,5.37,16.25,24.13
USP30-AS1,lncRNA,0.12,0.0,0.29,0.12,4.28,5.52
USP46-DT,lncRNA,3.5,3.58,2.85,3.83,26.93,33.7
UST-AS1,lncRNA,0.0,3.0,1.08,0.0,2.74,1.12
UVRAG-DT,lncRNA,2.96,5.06,1.38,6.53,14.1,18.88
UXT-AS1,lncRNA,2.41,8.65,2.49,11.81,24.93,19.44
VAC14-AS1,lncRNA,6.52,15.08,8.03,9.56,30.91,41.28
VASH1-AS1,lncRNA,0.26,0.51,0.62,0.23,2.82,3.18
VAV3-AS1,lncRNA,1.0,0.0,0.0,0.0,0.13,1.99
VCAN-AS1,lncRNA,4.0,69.71,1.83,0.67,46.55,53.03
VIM-AS1,lncRNA,34.12,10.62,2.23,16.98,18.38,6.82
VIPR1-AS1,lncRNA,11.34,11.62,7.18,10.6,64.11,53.75
VLDLR-AS1,lncRNA,5.03,26.46,8.33,11.35,25.71,29.18
VPS13A-AS1,lncRNA,2.32,2.15,3.45,0.55,7.45,6.57
VPS13B-DT,lncRNA,2.31,1.18,4.08,3.66,14.79,16.5
VPS33B-DT,lncRNA,1.71,7.17,2.54,2.57,8.97,11.42
VPS9D1-AS1,lncRNA,3.11,0.97,3.58,1.89,13.76,9.5
VSTM2A-OT1,lncRNA,0.27,0.5,0.0,0.24,1.48,1.55
VWA8-AS1,lncRNA,2.43,1.25,0.9,0.54,4.19,5.56
VWC2L-IT1,lncRNA,0.0,0.2,0.6,0.0,0.4,0.24
WAC-AS1,lncRNA,9.5,12.0,11.71,6.89,25.47,25.89
WAKMAR2,lncRNA,1.84,1.28,4.33,7.23,13.43,10.22
WARS2-AS1,lncRNA,2.14,9.09,8.98,7.48,28.46,34.78
WARS2-IT1,lncRNA,0.0,0.51,0.41,0.5,1.32,1.44
WASF3-AS1,lncRNA,12.61,9.31,3.63,8.74,26.0,26.12
WASHC5-AS1,lncRNA,0.54,0.09,0.18,0.0,1.04,1.38
WASIR1,lncRNA,2.0,1.58,0.9,2.66,2.36,2.42
WASIR2,lncRNA,0.5,0.79,0.45,1.33,1.68,0.87
WASL-DT,lncRNA,2.1,2.62,0.45,1.2,4.54,2.86
WDFY3-AS1,lncRNA,0.25,1.83,1.0,0.33,6.29,6.05
WDFY3-AS2,lncRNA,4.02,7.81,12.38,11.65,26.74,30.25
WDR11-AS1,lncRNA,8.04,32.0,9.17,11.36,42.22,42.57
WDR5-DT,lncRNA,2.02,10.57,20.9,1.68,24.04,24.26
WDR5B-DT,lncRNA,0.62,5.22,1.91,1.16,9.93,6.11
WDR7-OT1,lncRNA,0.0,0.22,0.0,0.33,0.05,0.26
WDR86-AS1,lncRNA,4.14,1.35,3.36,3.73,9.36,8.44
WEE2-AS1,lncRNA,1.97,1.58,7.3,11.12,20.91,18.76
WNT5A-AS1,lncRNA,1.27,1.4,1.76,0.67,53.14,90.79
WSPAR,lncRNA,0.58,0.17,1.33,0.33,1.64,1.99
WT1-AS,lncRNA,9.41,5.45,13.38,9.0,54.46,55.19
WWC2-AS1,lncRNA,0.0,0.08,0.0,0.0,0.5,2.53
WWC2-AS2,lncRNA,3.82,14.97,9.44,9.14,42.88,28.63
WWC3-AS1,lncRNA,0.25,0.74,0.1,0.0,0.77,1.38
WWOX-AS1,lncRNA,0.0,0.82,0.0,0.12,2.53,3.95
WWTR1-AS1,lncRNA,11.2,13.41,7.93,13.06,17.59,15.76
WWTR1-IT1,lncRNA,2.12,0.0,0.33,5.0,0.0,1.44
XACT,lncRNA,1484.65,1026.42,845.17,5269.88,2645.59,4350.48
XGY2,lncRNA,1.75,1.76,4.33,2.92,22.42,21.55
XIAP-AS1,lncRNA,1.83,1.58,0.25,2.39,1.42,2.39
XIRP2-AS1,lncRNA,0.0,0.0,0.0,0.0,0.12,0.0
XIST,lncRNA,18.8,24.13,14.13,13.72,62.85,73.07
XPC-AS1,lncRNA,23.74,68.48,35.49,41.05,50.47,61.1
XXYLT1-AS1,lncRNA,4.51,2.08,2.14,1.82,4.19,4.79
XXYLT1-AS2,lncRNA,2.0,0.29,0.12,2.4,2.23,3.59
YEATS2-AS1,lncRNA,3.17,4.08,0.97,7.06,6.18,9.36
YTHDF3-AS1,lncRNA,0.24,1.42,0.51,0.05,3.56,7.37
Z68323.1,lncRNA,5.05,3.98,1.68,14.59,14.11,14.74
Z68871.1,lncRNA,0.58,0.28,4.33,0.0,2.0,4.4
Z69666.1,lncRNA,1.5,0.08,0.22,7.25,1.83,2.01
Z69667.1,lncRNA,1.0,1.48,0.23,2.0,3.37,1.67
Z69706.1,lncRNA,0.0,0.75,0.0,0.0,1.01,1.5
Z69720.1,lncRNA,0.25,0.07,0.0,0.0,0.0,0.3
Z69733.1,lncRNA,0.12,3.01,1.12,3.07,4.51,1.99
Z70719.1,lncRNA,0.0,0.0,0.0,0.09,0.74,0.68
Z72006.1,lncRNA,0.0,0.33,0.58,1.0,4.98,6.31
Z73420.1,lncRNA,0.0,2.27,1.33,1.4,1.03,1.49
Z73495.1,lncRNA,0.0,0.8,0.08,0.0,1.33,0.06
Z80897.1,lncRNA,1.64,0.0,3.35,1.66,12.37,10.51
Z80897.2,lncRNA,1.58,0.61,2.2,3.98,7.28,3.08
Z82173.1,lncRNA,0.75,0.57,0.0,0.0,0.64,0.63
Z82185.1,lncRNA,0.08,0.33,2.33,1.0,3.53,6.42
Z82186.1,lncRNA,5.23,3.3,4.24,5.77,14.59,13.14
Z82188.2,lncRNA,1.36,0.2,0.21,0.12,3.19,5.9
Z82195.3,lncRNA,0.0,2.0,0.0,0.2,0.43,1.47
Z82196.1,lncRNA,0.28,0.5,0.0,1.0,3.18,1.73
Z82196.2,lncRNA,1.33,0.0,0.37,0.0,1.5,0.5
Z82198.1,lncRNA,0.21,0.2,0.0,0.04,0.6,1.04
Z82198.2,lncRNA,0.0,0.17,0.0,0.1,1.88,2.6
Z82202.1,lncRNA,3.48,5.53,5.28,3.48,15.77,13.3
Z82202.2,lncRNA,0.1,0.0,0.58,0.74,5.41,1.5
Z82214.1,lncRNA,0.25,0.38,0.67,1.36,5.44,3.33
Z82215.1,lncRNA,9.08,4.81,3.13,1.8,17.6,33.25
Z82217.1,lncRNA,4.61,10.7,3.83,9.36,7.91,7.75
Z82243.1,lncRNA,0.67,0.51,0.25,0.0,2.43,0.12
Z82244.1,lncRNA,1.73,1.2,3.34,3.58,28.9,13.11
Z82244.2,lncRNA,0.31,0.18,0.2,0.0,1.83,4.93
Z82249.1,lncRNA,0.0,0.0,0.44,0.0,0.19,0.0
Z83745.1,lncRNA,0.34,0.07,0.61,1.92,2.59,2.69
Z83818.2,lncRNA,0.0,0.17,0.0,0.0,1.03,1.36
Z83839.2,lncRNA,0.12,0.0,0.0,0.0,0.53,1.22
Z83843.1,lncRNA,0.0,1.29,0.43,3.0,4.32,2.43
Z83847.1,lncRNA,0.25,0.74,1.42,0.17,5.83,3.55
Z84466.1,lncRNA,1.74,5.5,3.68,3.55,16.99,12.19
Z84468.1,lncRNA,8.2,6.05,4.76,4.75,15.57,9.7
Z84468.2,lncRNA,7.13,5.31,5.86,2.17,8.99,11.67
Z84485.1,lncRNA,2.83,1.24,1.5,0.14,5.2,6.62
Z84486.1,lncRNA,3.18,0.67,2.0,1.2,2.34,1.41
Z84723.1,lncRNA,0.22,0.07,0.18,2.23,2.69,1.12
Z85994.1,lncRNA,0.08,0.0,0.0,0.0,2.3,1.83
Z85996.2,lncRNA,0.45,1.43,5.69,1.33,8.49,3.38
Z85996.3,lncRNA,0.0,2.0,0.12,0.07,2.32,1.0
Z92544.1,lncRNA,2.23,4.5,11.0,12.03,31.17,19.13
Z93020.1,lncRNA,0.0,0.0,1.0,0.0,0.0,0.08
Z93022.1,lncRNA,11.22,9.61,4.67,7.33,9.88,7.64
Z93241.1,lncRNA,59.69,22.29,38.01,37.04,43.15,38.75
Z93403.1,lncRNA,0.0,0.25,1.25,0.0,0.21,0.81
Z93930.2,lncRNA,2.65,2.92,2.51,5.07,15.89,12.49
Z93930.3,lncRNA,0.0,0.37,0.0,0.0,1.5,1.68
Z93943.1,lncRNA,0.25,0.0,1.0,2.0,9.88,11.17
Z94057.1,lncRNA,3.62,11.0,11.84,1.66,6.11,9.84
Z94160.1,lncRNA,7.91,13.14,10.32,7.79,62.92,42.46
Z94160.2,lncRNA,1.19,0.55,0.52,0.72,1.51,2.35
Z94277.1,lncRNA,1.18,2.24,0.31,0.2,5.63,2.78
Z94721.1,lncRNA,0.07,0.2,1.14,0.17,1.06,1.5
Z94721.2,lncRNA,2.29,3.58,4.77,1.16,6.79,10.12
Z94721.3,lncRNA,0.2,0.12,0.0,1.1,1.47,4.62
Z95114.1,lncRNA,11.77,31.78,8.51,21.33,41.35,38.81
Z95114.2,lncRNA,3.39,9.73,3.75,4.72,13.15,21.46
Z95114.4,lncRNA,3.51,2.59,0.81,12.65,8.45,14.73
Z95115.1,lncRNA,2.0,0.33,1.23,3.25,1.91,2.8
Z95115.2,lncRNA,0.36,0.03,0.85,0.17,4.64,1.27
Z95118.2,lncRNA,2.18,1.91,0.82,1.62,11.72,8.71
Z95331.1,lncRNA,16.05,21.09,17.37,25.57,45.1,63.91
Z95624.1,lncRNA,0.0,0.18,0.05,0.0,2.22,1.6
Z96074.1,lncRNA,1.64,5.49,2.83,5.23,17.17,10.32
Z97055.2,lncRNA,1.97,2.98,2.12,2.74,14.48,8.45
Z97056.1,lncRNA,0.14,0.0,0.22,0.24,1.67,3.3
Z97056.2,lncRNA,3.3,4.38,5.06,5.83,4.18,5.97
Z97056.3,lncRNA,0.0,0.0,0.0,0.0,1.28,1.0
Z97192.1,lncRNA,8.31,4.87,23.9,13.82,49.34,71.03
Z97192.2,lncRNA,0.75,0.75,2.82,0.67,43.33,25.19
Z97192.3,lncRNA,8.97,17.99,19.45,36.58,178.36,146.34
Z97192.4,lncRNA,3.24,1.71,3.0,6.42,11.91,9.22
Z97198.1,lncRNA,0.0,0.0,0.0,0.0,1.49,0.5
Z97200.1,lncRNA,2.58,4.53,0.42,4.17,10.95,16.72
Z97205.1,lncRNA,0.0,0.33,1.17,1.0,1.99,1.75
Z97205.2,lncRNA,3.78,4.12,0.35,3.56,25.05,30.4
Z97205.3,lncRNA,7.73,3.02,29.11,10.08,306.54,288.35
Z97353.2,lncRNA,1.83,8.07,0.19,2.85,4.7,4.03
Z97652.1,lncRNA,0.16,0.15,1.4,1.27,0.61,1.08
Z97653.1,lncRNA,0.67,0.35,3.45,2.2,4.69,3.3
Z97832.2,lncRNA,1.56,3.7,0.67,4.18,11.61,13.88
Z97986.1,lncRNA,2.62,0.0,1.77,0.77,1.2,1.69
Z97989.1,lncRNA,0.08,4.41,0.26,0.25,0.98,3.58
Z98200.1,lncRNA,2.1,6.0,1.14,1.51,0.32,1.17
Z98257.1,lncRNA,1.21,0.8,2.43,0.97,13.02,5.4
Z98257.2,lncRNA,0.2,0.07,0.57,0.5,1.34,0.54
Z98259.1,lncRNA,0.73,3.0,0.93,2.58,2.92,1.71
Z98259.2,lncRNA,0.0,0.14,0.17,2.17,2.66,2.89
Z98259.3,lncRNA,2.24,3.67,4.6,4.03,7.52,14.5
Z98742.1,lncRNA,0.0,0.0,0.1,0.0,0.93,1.09
Z98742.4,lncRNA,0.0,0.92,0.45,0.78,8.15,10.32
Z98745.1,lncRNA,0.17,0.92,0.97,1.39,7.68,6.8
Z98745.2,lncRNA,0.0,0.0,1.25,0.0,0.97,2.83
Z98747.1,lncRNA,1.0,0.0,0.0,0.0,0.61,0.06
Z98749.1,lncRNA,0.5,1.0,0.17,0.0,2.84,3.74
Z98752.1,lncRNA,0.0,0.0,0.17,0.05,0.19,0.8
Z98752.4,lncRNA,2.5,0.5,3.84,1.76,3.73,2.64
Z98880.1,lncRNA,0.06,0.64,1.19,0.78,7.02,10.09
Z98883.1,lncRNA,1.2,1.17,2.16,1.12,8.74,9.57
Z98884.1,lncRNA,0.0,0.92,0.65,0.0,0.57,1.94
Z98884.2,lncRNA,0.0,0.0,0.12,0.0,0.12,0.0
Z98885.2,lncRNA,0.34,1.95,0.39,0.14,8.94,4.71
Z98885.3,lncRNA,2.25,6.66,3.42,5.36,17.1,16.09
Z98886.1,lncRNA,6.06,4.53,5.45,3.27,11.94,10.91
Z98949.2,lncRNA,3.0,0.0,0.08,0.25,0.64,0.43
Z99127.3,lncRNA,0.54,0.21,0.66,0.3,4.79,5.0
Z99289.1,lncRNA,0.87,0.37,0.43,0.33,1.03,1.82
Z99289.2,lncRNA,0.25,1.25,1.17,2.17,3.02,5.66
Z99289.3,lncRNA,0.2,0.33,0.64,2.0,6.24,0.93
Z99496.1,lncRNA,0.14,4.45,0.14,0.83,0.59,2.35
Z99572.1,lncRNA,4.18,10.21,10.77,13.6,69.93,81.1
Z99716.1,lncRNA,0.9,1.22,0.6,0.07,7.59,7.04
Z99716.2,lncRNA,3.71,7.15,5.54,8.44,72.4,62.91
Z99755.2,lncRNA,0.33,0.57,0.0,0.0,0.98,1.53
Z99758.1,lncRNA,0.0,0.16,0.35,0.08,0.14,0.72
Z99774.1,lncRNA,2.7,8.56,1.21,5.02,14.12,10.14
Z99916.1,lncRNA,0.28,0.62,0.61,0.7,2.38,2.53
Z99916.3,lncRNA,0.0,0.26,0.33,1.47,1.13,0.68
Z99943.1,lncRNA,0.0,0.34,0.67,0.07,2.3,2.47
ZBED3-AS1,lncRNA,18.55,32.36,36.64,26.35,294.85,233.18
ZBED5-AS1,lncRNA,2.54,3.75,4.11,3.06,14.4,10.08
ZBTB11-AS1,lncRNA,1.07,3.94,1.85,0.57,12.23,12.37
ZBTB20-AS1,lncRNA,22.13,34.14,37.81,55.0,144.48,206.26
ZBTB20-AS2,lncRNA,1.77,3.07,0.85,0.06,10.48,11.04
ZBTB20-AS3,lncRNA,0.0,0.0,0.0,0.0,0.0,1.0
ZBTB20-AS4,lncRNA,0.51,0.76,1.95,0.5,0.06,0.58
ZBTB20-AS5,lncRNA,0.08,0.65,0.5,0.17,3.29,1.95
ZBTB40-IT1,lncRNA,0.0,0.0,0.0,0.0,0.24,0.99
ZBTB44-DT,lncRNA,6.37,5.77,2.52,7.65,21.69,19.45
ZBTB46-AS1,lncRNA,0.0,0.0,0.0,0.0,0.78,0.73
ZDHHC20-IT1,lncRNA,0.0,0.0,0.0,0.2,1.23,0.67
ZEB1-AS1,lncRNA,3.79,8.11,5.13,12.6,32.9,29.93
ZEB2-AS1,lncRNA,6.99,16.12,3.61,11.27,18.62,16.39
ZFAND2A-DT,lncRNA,3.94,2.93,7.37,3.2,19.85,13.08
ZFAS1,lncRNA,10.85,30.99,6.21,20.05,31.16,26.56
ZFAT-AS1,lncRNA,0.0,0.17,0.07,0.02,0.48,0.42
ZFHX2-AS1,lncRNA,4.32,1.7,7.03,6.3,17.28,24.59
ZFHX4-AS1,lncRNA,1.84,4.55,2.0,2.94,12.91,12.41
ZFPM2-AS1,lncRNA,1.0,0.74,0.33,5.67,4.67,9.68
ZFX-AS1,lncRNA,0.28,0.25,0.0,0.12,6.72,3.49
ZFY-AS1,lncRNA,0.0,0.0,0.38,0.5,0.25,0.15
ZIC4-AS1,lncRNA,0.0,0.0,0.25,0.0,0.17,0.21
ZIM2-AS1,lncRNA,0.36,2.39,4.18,2.06,1.13,1.03
ZKSCAN2-DT,lncRNA,2.82,5.57,1.39,5.71,10.02,6.54
ZKSCAN7-AS1,lncRNA,1.88,0.0,0.55,1.17,16.83,0.98
ZMIZ1-AS1,lncRNA,22.52,24.57,22.78,18.88,151.87,235.36
ZMYM4-AS1,lncRNA,0.0,0.55,0.25,0.0,0.34,0.25
ZMYND10-AS1,lncRNA,0.32,0.12,0.07,0.1,1.44,2.04
ZNF114-AS1,lncRNA,2.7,0.5,0.14,0.68,2.58,2.3
ZNF133-AS1,lncRNA,0.0,0.0,0.17,0.0,0.74,0.35
ZNF197-AS1,lncRNA,0.0,0.0,0.0,0.0,0.0,0.33
ZNF213-AS1,lncRNA,150.65,111.95,372.97,142.16,2607.25,2482.96
ZNF22-AS1,lncRNA,1.86,2.08,3.85,6.08,13.37,19.72
ZNF232-AS1,lncRNA,0.81,2.31,5.05,1.35,10.0,12.06
ZNF236-DT,lncRNA,0.3,2.17,0.42,2.91,4.03,4.75
ZNF25-DT,lncRNA,0.05,3.32,1.01,0.62,9.72,4.51
ZNF252P-AS1,lncRNA,12.67,26.92,16.7,26.05,17.92,17.49
ZNF295-AS1,lncRNA,9.77,19.48,25.33,23.12,70.87,65.55
ZNF30-AS1,lncRNA,2.75,0.5,0.5,0.75,3.19,3.55
ZNF32-AS1,lncRNA,0.0,2.5,0.0,0.0,0.2,0.06
ZNF32-AS2,lncRNA,0.2,0.0,0.0,0.0,48.68,39.31
ZNF32-AS3,lncRNA,1.62,6.17,11.58,3.0,17.43,23.62
ZNF337-AS1,lncRNA,6.82,6.63,17.86,9.04,12.47,13.66
ZNF341-AS1,lncRNA,0.18,0.0,0.0,0.0,1.74,1.45
ZNF346-IT1,lncRNA,3.25,0.73,0.25,2.75,37.47,53.06
ZNF350-AS1,lncRNA,0.99,1.85,4.26,5.02,14.99,8.92
ZNF385D-AS1,lncRNA,0.0,0.0,0.48,0.29,2.12,3.79
ZNF385D-AS2,lncRNA,0.33,0.0,0.09,0.25,0.0,0.08
ZNF426-DT,lncRNA,0.0,3.25,0.11,1.33,3.14,2.3
ZNF433-AS1,lncRNA,1.61,7.64,2.95,3.58,21.71,29.49
ZNF436-AS1,lncRNA,2010.96,192.59,116.62,148.17,196.2,57.74
ZNF451-AS1,lncRNA,3.4,2.38,4.09,2.33,13.82,15.58
ZNF454-DT,lncRNA,0.0,0.11,0.0,0.0,0.17,0.2
ZNF460-AS1,lncRNA,0.14,2.39,0.62,0.85,0.85,1.06
ZNF474-AS1,lncRNA,0.0,0.0,0.0,0.0,0.35,0.24
ZNF503-AS1,lncRNA,3.67,7.06,9.45,3.77,23.09,19.5
ZNF503-AS2,lncRNA,3.99,5.35,59.31,19.76,106.49,115.14
ZNF516-DT,lncRNA,3.73,3.74,3.81,2.34,8.75,4.51
ZNF528-AS1,lncRNA,6.53,11.92,7.78,9.58,13.76,19.81
ZNF529-AS1,lncRNA,4.31,3.77,9.72,5.6,72.1,64.11
ZNF561-AS1,lncRNA,6.05,13.41,4.4,14.67,17.25,22.75
ZNF571-AS1,lncRNA,17.36,13.12,16.57,28.32,55.61,58.16
ZNF582-AS1,lncRNA,1.16,10.43,5.75,1.75,15.61,11.07
ZNF630-AS1,lncRNA,0.2,0.5,0.0,0.0,1.0,1.33
ZNF649-AS1,lncRNA,0.09,0.1,0.0,0.0,2.52,3.24
ZNF667-AS1,lncRNA,16.66,25.4,10.77,31.19,46.36,61.15
ZNF674-AS1,lncRNA,1.0,1.0,0.0,3.17,2.74,0.87
ZNF687-AS1,lncRNA,1.42,5.06,18.92,14.16,69.2,84.08
ZNF710-AS1,lncRNA,0.08,5.96,0.33,0.16,4.71,6.89
ZNF775-AS1,lncRNA,6.05,3.0,8.1,1.18,26.66,19.69
ZNF790-AS1,lncRNA,5.18,7.22,6.76,6.26,17.38,13.59
ZNF793-AS1,lncRNA,0.37,0.86,1.54,1.49,5.08,5.28
ZNF8-ERVK3-1,lncRNA,1.71,3.76,6.27,3.69,24.9,23.3
ZNF84-DT,lncRNA,0.54,0.05,0.33,0.27,1.07,1.86
ZNNT1,lncRNA,23.67,25.07,16.83,21.78,119.24,59.82
ZNRD2-AS1,lncRNA,3.33,8.32,4.11,10.41,43.28,49.47
ZNRF3-AS1,lncRNA,2.46,1.87,1.41,7.1,5.55,7.23
ZNRF3-IT1,lncRNA,0.14,0.5,0.51,0.0,1.7,1.97
ZRANB2-AS1,lncRNA,1.08,0.08,0.1,0.85,1.81,1.74
ZRANB2-AS2,lncRNA,8.05,12.94,9.49,14.09,44.48,49.48
ZSCAN16-AS1,lncRNA,2.79,6.17,7.74,7.79,41.42,36.43
ZSWIM8-AS1,lncRNA,0.33,1.23,2.24,0.08,2.65,1.37
hsa-mir-1253,lncRNA,0.12,0.0,0.0,0.12,0.1,0.07
hsa-mir-423,lncRNA,700.31,190.57,452.71,507.69,596.63,527.98
