ID,Type,C1_L-10,C1_R+3,C2_L-10,C2_R+3,C3_L-10,C3_R+3
A1BG-AS1,lncRNA,3,2,2,1,10,7
A2M-AS1,lncRNA,1,0,2,0,8,9
A2ML1-AS1,lncRNA,0,0,1,0,0,0
A2ML1-AS2,lncRNA,1,1,0,1,0,0
AA06,lncRNA,2,1,0,2,4,1
AADACL2-AS1,lncRNA,0,0,1,1,1,1
AATBC,lncRNA,5,5,6,6,20,18
ABALON,lncRNA,4,4,5,4,11,9
ABCA9-AS1,lncRNA,8,8,11,7,15,10
ABCC5-AS1,lncRNA,0,0,0,1,1,0
ABHD15-AS1,lncRNA,0,1,2,1,0,0
AC000035.1,lncRNA,0,0,1,1,3,1
AC000036.1,lncRNA,0,1,0,0,5,3
AC000050.1,lncRNA,0,0,3,0,3,1
AC000058.1,lncRNA,0,3,0,0,7,1
AC000061.1,lncRNA,0,0,0,2,0,1
AC000065.1,lncRNA,2,1,1,3,10,12
AC000065.2,lncRNA,0,1,1,0,3,2
AC000067.1,lncRNA,2,0,1,0,2,3
AC000068.1,lncRNA,2,4,6,16,9,9
AC000068.2,lncRNA,0,0,0,0,2,2
AC000072.1,lncRNA,0,0,0,0,0,2
AC000085.1,lncRNA,1,0,2,0,3,2
AC000120.1,lncRNA,2,5,0,5,2,8
AC000124.1,lncRNA,1,1,10,5,11,8
AC000372.1,lncRNA,0,2,0,0,1,0
AC000403.1,lncRNA,0,5,1,0,3,6
AC001226.1,lncRNA,0,1,0,0,0,0
AC002044.1,lncRNA,0,6,3,2,4,3
AC002057.1,lncRNA,0,1,0,0,2,2
AC002057.2,lncRNA,0,0,1,0,3,3
AC002059.1,lncRNA,0,1,2,1,4,6
AC002064.1,lncRNA,0,0,0,0,4,0
AC002066.1,lncRNA,0,0,1,0,3,1
AC002069.2,lncRNA,2,1,2,1,5,10
AC002070.1,lncRNA,1,0,0,0,14,12
AC002072.1,lncRNA,0,0,1,0,1,0
AC002074.1,lncRNA,3,5,0,2,6,5
AC002074.2,lncRNA,0,1,1,0,1,1
AC002091.2,lncRNA,0,0,0,0,8,7
AC002094.1,lncRNA,1,3,6,2,15,16
AC002094.2,lncRNA,0,2,1,0,3,2
AC002094.4,lncRNA,0,0,0,0,1,0
AC002101.1,lncRNA,4,4,2,2,17,6
AC002115.1,lncRNA,0,0,1,0,1,1
AC002116.1,lncRNA,4,1,1,1,9,7
AC002116.2,lncRNA,0,0,2,1,5,3
AC002128.1,lncRNA,0,0,0,1,6,2
AC002128.2,lncRNA,0,1,0,0,8,6
AC002306.1,lncRNA,2,0,0,3,1,3
AC002310.1,lncRNA,4,2,11,6,35,18
AC002310.2,lncRNA,3,3,4,4,9,12
AC002331.1,lncRNA,2,1,2,0,1,3
AC002347.1,lncRNA,0,0,0,1,2,1
AC002351.1,lncRNA,0,2,2,2,4,2
AC002368.1,lncRNA,0,0,0,0,1,0
AC002375.1,lncRNA,0,6,1,0,3,4
AC002377.1,lncRNA,2,1,0,1,18,12
AC002378.1,lncRNA,1,2,1,0,2,4
AC002383.1,lncRNA,0,1,1,0,1,2
AC002386.1,lncRNA,0,0,0,0,0,1
AC002398.1,lncRNA,0,1,1,4,5,3
AC002398.2,lncRNA,0,0,2,1,1,4
AC002401.1,lncRNA,0,0,2,0,2,1
AC002401.2,lncRNA,1,1,2,0,2,4
AC002401.3,lncRNA,0,0,0,0,1,2
AC002401.4,lncRNA,0,0,0,0,6,4
AC002407.1,lncRNA,1552,726,2743,1237,6149,7272
AC002428.1,lncRNA,0,1,0,0,2,2
AC002428.2,lncRNA,0,0,0,0,0,2
AC002451.1,lncRNA,9,13,18,19,123,104
AC002456.1,lncRNA,6,9,2,5,7,13
AC002458.1,lncRNA,0,0,1,1,4,3
AC002460.1,lncRNA,0,0,0,0,1,0
AC002460.2,lncRNA,1,1,4,4,14,9
AC002463.1,lncRNA,4,11,2,9,16,15
AC002464.1,lncRNA,0,0,0,0,1,2
AC002465.1,lncRNA,0,3,0,0,0,1
AC002467.1,lncRNA,8,11,8,4,66,63
AC002470.1,lncRNA,1,2,2,1,1,1
AC002470.2,lncRNA,5,11,12,6,26,24
AC002472.1,lncRNA,0,0,1,1,6,3
AC002480.1,lncRNA,2,0,2,1,5,4
AC002480.2,lncRNA,4,10,11,10,123,138
AC002511.1,lncRNA,0,0,4,2,5,4
AC002511.2,lncRNA,0,1,1,1,3,9
AC002519.1,lncRNA,0,2,0,0,1,1
AC002529.1,lncRNA,3,3,2,3,9,9
AC002542.6,lncRNA,1,1,0,4,7,6
AC002546.1,lncRNA,1,1,0,0,3,2
AC002550.1,lncRNA,0,2,2,1,4,3
AC002551.1,lncRNA,1,3,0,1,1,1
AC002553.1,lncRNA,1,0,0,5,1,3
AC002553.2,lncRNA,0,0,0,0,1,0
AC002558.2,lncRNA,2,1,1,7,0,2
AC002558.3,lncRNA,1,14,1,3,6,5
AC002563.1,lncRNA,0,0,0,0,1,3
AC003001.1,lncRNA,2,3,3,4,67,50
AC003005.2,lncRNA,1,4,2,4,1,1
AC003009.1,lncRNA,0,0,0,0,2,1
AC003035.1,lncRNA,0,0,0,0,1,0
AC003035.2,lncRNA,0,0,0,1,1,1
AC003043.1,lncRNA,3,0,0,0,0,1
AC003043.2,lncRNA,1,1,3,5,11,11
AC003044.1,lncRNA,0,0,0,2,2,4
AC003070.1,lncRNA,2,1,9,2,9,8
AC003070.2,lncRNA,0,0,0,0,2,2
AC003077.1,lncRNA,2,2,2,3,5,8
AC003084.1,lncRNA,0,0,0,0,0,1
AC003086.1,lncRNA,1,0,1,0,2,2
AC003087.1,lncRNA,0,0,0,0,1,1
AC003092.1,lncRNA,1,0,2,0,44,34
AC003092.2,lncRNA,0,0,0,0,0,1
AC003093.1,lncRNA,5,2,3,7,6,6
AC003098.1,lncRNA,0,1,0,0,1,2
AC003101.1,lncRNA,0,0,0,2,2,4
AC003101.2,lncRNA,0,2,0,1,5,3
AC003102.1,lncRNA,15,11,6,11,38,36
AC003659.1,lncRNA,0,1,0,0,0,0
AC003666.1,lncRNA,1,1,0,4,3,1
AC003681.1,lncRNA,44,63,52,77,170,202
AC003682.1,lncRNA,0,1,0,0,0,1
AC003684.1,lncRNA,3,17,8,11,8,7
AC003685.1,lncRNA,0,0,0,0,0,1
AC003687.1,lncRNA,0,0,0,0,1,1
AC003688.2,lncRNA,0,2,0,0,1,2
AC003950.1,lncRNA,0,0,0,0,1,0
AC003956.1,lncRNA,0,0,0,2,3,0
AC003958.2,lncRNA,4,2,1,1,32,19
AC003965.1,lncRNA,1,0,2,2,4,2
AC003965.2,lncRNA,0,0,0,4,2,1
AC003973.1,lncRNA,2,2,0,4,10,12
AC003975.1,lncRNA,0,0,0,2,0,0
AC003982.1,lncRNA,2,2,1,3,11,8
AC003984.1,lncRNA,3,2,1,2,3,7
AC003985.1,lncRNA,0,0,0,0,2,1
AC003986.1,lncRNA,4,1,6,6,16,28
AC003986.2,lncRNA,1,0,1,2,2,5
AC003986.3,lncRNA,0,0,1,2,14,11
AC003988.1,lncRNA,0,2,0,1,6,4
AC003991.1,lncRNA,1,7,1,6,11,15
AC004000.1,lncRNA,0,1,0,2,0,0
AC004009.1,lncRNA,0,2,0,0,2,3
AC004012.1,lncRNA,0,0,1,4,1,1
AC004014.1,lncRNA,0,0,0,0,0,1
AC004023.1,lncRNA,1,0,0,0,19,10
AC004034.1,lncRNA,1,0,1,0,2,2
AC004039.1,lncRNA,1,2,1,6,0,1
AC004052.1,lncRNA,1,0,0,1,1,1
AC004053.1,lncRNA,0,0,2,0,2,3
AC004054.1,lncRNA,0,0,0,0,1,1
AC004063.1,lncRNA,0,1,0,1,1,1
AC004066.1,lncRNA,1,0,0,0,0,0
AC004067.1,lncRNA,0,0,1,0,0,1
AC004069.1,lncRNA,0,6,0,2,0,3
AC004076.2,lncRNA,2,1,2,6,8,10
AC004080.1,lncRNA,1,0,5,1,12,13
AC004080.17,lncRNA,0,0,0,1,3,1
AC004080.2,lncRNA,0,0,2,0,5,6
AC004080.4,lncRNA,4,4,4,2,13,20
AC004080.5,lncRNA,0,0,0,0,4,1
AC004080.6,lncRNA,0,0,0,0,4,2
AC004083.1,lncRNA,4,2,3,5,20,16
AC004112.1,lncRNA,0,0,0,0,1,1
AC004129.3,lncRNA,2,0,0,0,5,2
AC004130.2,lncRNA,0,0,1,0,11,9
AC004147.1,lncRNA,0,0,0,3,1,1
AC004147.2,lncRNA,1,2,2,4,10,9
AC004147.3,lncRNA,0,2,0,0,0,0
AC004147.4,lncRNA,2,4,2,5,10,6
AC004147.5,lncRNA,0,0,0,0,1,1
AC004148.1,lncRNA,4,2,1,3,7,8
AC004156.1,lncRNA,60,96,104,78,118,179
AC004158.1,lncRNA,4,4,6,5,20,15
AC004160.1,lncRNA,3,5,1,4,15,17
AC004160.2,lncRNA,0,0,0,1,1,3
AC004217.1,lncRNA,0,4,0,1,1,2
AC004221.1,lncRNA,0,3,1,0,4,3
AC004223.2,lncRNA,0,0,0,0,0,2
AC004224.2,lncRNA,0,0,0,2,8,5
AC004231.1,lncRNA,34,0,6,3,49,9
AC004231.3,lncRNA,0,0,0,0,1,1
AC004232.1,lncRNA,16,5,10,36,30,32
AC004233.1,lncRNA,1,0,1,2,4,4
AC004233.2,lncRNA,1,3,0,3,2,1
AC004233.3,lncRNA,0,1,0,0,2,1
AC004241.1,lncRNA,1,2,5,7,15,15
AC004241.2,lncRNA,0,0,0,0,1,1
AC004241.4,lncRNA,0,0,0,2,1,0
AC004253.1,lncRNA,0,0,0,0,1,1
AC004263.1,lncRNA,0,2,0,2,4,1
AC004263.2,lncRNA,1,2,2,3,5,6
AC004264.1,lncRNA,5,9,9,6,14,13
AC004381.1,lncRNA,0,0,0,0,1,1
AC004408.1,lncRNA,0,0,0,1,2,2
AC004415.1,lncRNA,0,0,0,0,1,0
AC004448.1,lncRNA,0,0,0,0,1,0
AC004448.2,lncRNA,2,4,7,6,26,21
AC004448.3,lncRNA,0,0,1,1,5,3
AC004448.5,lncRNA,0,0,2,0,1,1
AC004449.1,lncRNA,0,0,0,0,3,6
AC004461.2,lncRNA,0,0,0,0,1,2
AC004464.1,lncRNA,0,0,0,6,1,0
AC004466.1,lncRNA,0,0,1,0,4,1
AC004466.2,lncRNA,1,0,1,0,0,0
AC004466.3,lncRNA,1,1,1,0,3,2
AC004470.1,lncRNA,0,0,0,0,1,3
AC004470.2,lncRNA,0,0,0,0,2,3
AC004471.1,lncRNA,2,0,2,2,9,5
AC004471.2,lncRNA,2,1,2,1,2,3
AC004477.1,lncRNA,0,0,0,0,0,1
AC004485.1,lncRNA,0,0,0,7,0,0
AC004490.1,lncRNA,2,1,1,5,24,32
AC004492.1,lncRNA,0,0,1,0,1,1
AC004494.1,lncRNA,8,27,21,14,85,120
AC004510.2,lncRNA,4,0,1,2,2,2
AC004522.3,lncRNA,0,0,3,0,3,1
AC004522.4,lncRNA,1,0,0,0,1,0
AC004522.5,lncRNA,3,5,2,3,3,4
AC004528.1,lncRNA,0,2,0,0,0,1
AC004528.2,lncRNA,1,1,1,2,5,6
AC004540.1,lncRNA,8,14,8,13,37,60
AC004540.2,lncRNA,1,17,10,4,9,14
AC004542.2,lncRNA,1,2,0,0,1,4
AC004543.1,lncRNA,0,0,0,0,3,0
AC004551.1,lncRNA,0,1,0,2,0,1
AC004554.1,lncRNA,3,2,14,2,7,4
AC004584.1,lncRNA,0,0,0,0,1,0
AC004584.3,lncRNA,15,6,2,28,32,26
AC004585.1,lncRNA,2,0,1,0,5,5
AC004590.1,lncRNA,0,1,0,0,1,2
AC004593.1,lncRNA,0,1,2,0,3,17
AC004594.1,lncRNA,1,4,2,3,17,13
AC004596.1,lncRNA,0,0,0,0,4,1
AC004597.1,lncRNA,2,0,1,0,3,3
AC004637.1,lncRNA,0,0,0,1,14,10
AC004672.1,lncRNA,0,2,3,1,7,11
AC004672.2,lncRNA,1,0,0,0,2,1
AC004687.1,lncRNA,1081,888,983,894,3203,3161
AC004687.3,lncRNA,4,3,5,4,19,15
AC004690.2,lncRNA,3,3,1,3,2,6
AC004691.1,lncRNA,1,2,1,5,23,31
AC004692.2,lncRNA,2,1,3,4,13,16
AC004702.1,lncRNA,0,0,1,0,0,0
AC004704.1,lncRNA,12,22,10,13,67,123
AC004704.2,lncRNA,3,2,4,4,7,7
AC004704.3,lncRNA,2,6,1,7,54,61
AC004706.1,lncRNA,12,25,20,27,35,66
AC004707.1,lncRNA,5,3,9,1,3,5
AC004765.1,lncRNA,0,5,1,2,0,2
AC004771.1,lncRNA,0,1,1,0,0,1
AC004771.2,lncRNA,0,0,0,0,5,3
AC004771.3,lncRNA,0,1,0,0,1,2
AC004771.4,lncRNA,0,1,0,0,2,3
AC004775.1,lncRNA,0,0,0,0,0,1
AC004784.1,lncRNA,0,0,0,2,1,2
AC004801.3,lncRNA,1,0,2,0,1,3
AC004801.4,lncRNA,1,4,2,4,7,13
AC004801.5,lncRNA,2,2,1,2,4,5
AC004801.6,lncRNA,1,0,0,0,1,1
AC004803.1,lncRNA,1,3,2,4,17,20
AC004812.2,lncRNA,2,1,3,4,12,9
AC004816.1,lncRNA,0,1,2,0,11,17
AC004816.2,lncRNA,0,0,4,1,3,3
AC004817.1,lncRNA,0,0,0,3,2,1
AC004817.2,lncRNA,0,1,0,0,5,2
AC004817.3,lncRNA,3,0,3,2,10,10
AC004817.4,lncRNA,0,0,1,3,7,4
AC004817.5,lncRNA,0,12,5,4,36,18
AC004825.2,lncRNA,0,1,0,2,0,2
AC004825.3,lncRNA,5,12,2,8,20,14
AC004828.1,lncRNA,0,0,0,0,2,0
AC004828.2,lncRNA,14,23,19,11,128,182
AC004830.2,lncRNA,1,0,0,5,1,2
AC004832.1,lncRNA,28,54,28,27,125,236
AC004832.4,lncRNA,0,0,1,0,0,0
AC004832.5,lncRNA,0,2,4,4,1,2
AC004832.6,lncRNA,6,2,1,0,15,9
AC004834.1,lncRNA,1,11,10,8,18,20
AC004835.1,lncRNA,0,1,0,0,2,6
AC004837.2,lncRNA,0,0,0,0,2,0
AC004837.3,lncRNA,1,0,1,0,3,2
AC004837.4,lncRNA,0,0,0,0,4,3
AC004839.2,lncRNA,0,0,0,1,2,3
AC004846.1,lncRNA,2,2,2,4,12,10
AC004846.2,lncRNA,0,0,0,0,1,2
AC004847.1,lncRNA,2,0,1,0,2,3
AC004852.2,lncRNA,4,5,3,3,17,12
AC004854.2,lncRNA,2,1,6,4,11,9
AC004862.1,lncRNA,2,4,1,0,9,13
AC004863.1,lncRNA,2,2,2,2,8,9
AC004869.1,lncRNA,0,0,0,2,3,2
AC004869.2,lncRNA,0,0,0,2,2,1
AC004870.2,lncRNA,0,3,1,2,5,5
AC004870.3,lncRNA,0,0,0,0,1,1
AC004870.4,lncRNA,0,0,0,0,2,2
AC004875.1,lncRNA,0,0,0,0,3,2
AC004877.1,lncRNA,4,2,2,1,13,12
AC004879.1,lncRNA,0,0,0,0,1,2
AC004882.1,lncRNA,1,0,1,1,4,2
AC004882.3,lncRNA,0,1,1,0,8,17
AC004884.2,lncRNA,0,0,0,1,1,0
AC004888.1,lncRNA,0,0,0,0,2,1
AC004893.2,lncRNA,2,1,2,1,16,6
AC004895.1,lncRNA,0,1,2,1,7,8
AC004900.1,lncRNA,0,0,1,0,1,0
AC004917.1,lncRNA,1,3,2,1,2,4
AC004918.3,lncRNA,0,0,1,0,3,2
AC004920.1,lncRNA,1,0,0,0,2,1
AC004921.1,lncRNA,0,0,0,0,4,2
AC004921.2,lncRNA,1,0,0,1,2,2
AC004923.4,lncRNA,1,0,3,1,2,4
AC004936.1,lncRNA,0,3,8,0,1,1
AC004938.2,lncRNA,0,0,2,2,4,3
AC004941.1,lncRNA,1,0,0,3,7,7
AC004943.1,lncRNA,0,1,0,0,1,2
AC004943.2,lncRNA,20,10,13,13,28,25
AC004943.3,lncRNA,0,0,0,0,2,1
AC004944.1,lncRNA,1,0,1,1,5,4
AC004946.1,lncRNA,0,1,0,1,1,0
AC004946.2,lncRNA,0,0,0,1,1,0
AC004947.1,lncRNA,1,1,2,1,5,5
AC004947.3,lncRNA,0,2,0,1,0,0
AC004948.1,lncRNA,0,0,0,0,1,1
AC004951.1,lncRNA,2,2,1,3,8,7
AC004951.4,lncRNA,0,0,0,2,3,3
AC004967.2,lncRNA,2,4,1,3,2,2
AC004969.1,lncRNA,0,0,0,0,2,3
AC004973.1,lncRNA,1,0,0,0,1,0
AC004974.1,lncRNA,3,7,8,2,38,24
AC004975.2,lncRNA,0,0,0,0,2,3
AC004982.1,lncRNA,0,0,0,0,4,2
AC004990.1,lncRNA,1,3,3,1,8,5
AC005005.3,lncRNA,0,1,0,2,2,1
AC005005.4,lncRNA,14,41,6,35,44,40
AC005006.1,lncRNA,2,5,0,2,1,2
AC005008.2,lncRNA,0,0,0,0,3,0
AC005009.1,lncRNA,0,0,0,0,2,1
AC005013.1,lncRNA,0,0,0,2,0,1
AC005014.2,lncRNA,0,0,0,0,1,1
AC005014.3,lncRNA,0,1,0,0,3,2
AC005014.4,lncRNA,0,0,0,0,1,1
AC005019.2,lncRNA,0,1,1,7,9,1
AC005034.2,lncRNA,1,12,8,1,27,32
AC005034.3,lncRNA,0,1,1,1,2,1
AC005034.4,lncRNA,0,0,0,0,1,0
AC005034.5,lncRNA,0,0,0,0,0,2
AC005034.6,lncRNA,1,0,22,3,14,10
AC005037.1,lncRNA,0,6,1,1,4,3
AC005040.2,lncRNA,1,2,1,12,11,13
AC005041.3,lncRNA,0,1,1,3,5,2
AC005041.4,lncRNA,1,2,1,2,16,6
AC005041.5,lncRNA,0,1,2,0,6,6
AC005042.1,lncRNA,0,1,0,1,1,1
AC005046.1,lncRNA,0,0,0,1,1,1
AC005050.1,lncRNA,0,1,0,1,3,6
AC005050.2,lncRNA,0,0,0,0,2,2
AC005050.3,lncRNA,10,32,15,19,41,44
AC005052.2,lncRNA,1,1,1,0,7,8
AC005062.1,lncRNA,6,4,3,4,5,4
AC005064.1,lncRNA,9,7,14,71,25,22
AC005070.3,lncRNA,1,2,0,1,0,0
AC005071.1,lncRNA,0,0,0,2,0,1
AC005072.1,lncRNA,1,2,0,5,3,3
AC005076.1,lncRNA,4,3,2,0,7,8
AC005081.1,lncRNA,0,1,1,4,8,5
AC005082.1,lncRNA,2,4,3,4,7,12
AC005082.2,lncRNA,0,1,0,1,2,2
AC005083.1,lncRNA,0,0,0,0,1,1
AC005086.2,lncRNA,2,0,1,0,7,7
AC005089.1,lncRNA,5,6,1,8,5,3
AC005090.1,lncRNA,0,0,0,0,2,3
AC005096.1,lncRNA,0,0,0,6,3,1
AC005100.1,lncRNA,0,2,0,1,8,9
AC005100.2,lncRNA,1,0,3,2,6,3
AC005104.1,lncRNA,0,0,0,0,0,1
AC005104.2,lncRNA,0,0,0,0,1,2
AC005144.1,lncRNA,2,0,0,1,3,2
AC005153.1,lncRNA,0,2,0,2,3,3
AC005154.3,lncRNA,1,0,0,0,1,0
AC005154.4,lncRNA,1,0,0,0,4,3
AC005160.1,lncRNA,0,1,2,0,0,0
AC005162.1,lncRNA,0,0,0,2,4,7
AC005162.2,lncRNA,1,1,1,4,15,14
AC005165.1,lncRNA,7,5,6,4,25,28
AC005165.3,lncRNA,2,1,0,0,4,2
AC005180.1,lncRNA,0,0,1,0,2,0
AC005180.2,lncRNA,0,3,0,5,2,3
AC005197.1,lncRNA,6,4,0,0,1,3
AC005208.1,lncRNA,0,2,0,0,5,1
AC005209.1,lncRNA,0,0,0,1,2,3
AC005220.1,lncRNA,1,2,0,2,3,6
AC005224.1,lncRNA,2,7,4,5,38,38
AC005224.2,lncRNA,2,0,2,16,12,7
AC005224.3,lncRNA,9,25,10,11,23,26
AC005225.1,lncRNA,0,1,0,0,1,3
AC005225.2,lncRNA,1,5,1,6,9,12
AC005225.3,lncRNA,2,0,0,0,1,0
AC005229.3,lncRNA,5,2,4,4,24,30
AC005229.4,lncRNA,0,0,0,1,3,4
AC005232.1,lncRNA,0,1,0,0,2,2
AC005234.1,lncRNA,2,1,0,2,0,0
AC005234.2,lncRNA,0,0,3,1,9,6
AC005244.2,lncRNA,0,0,0,0,0,1
AC005252.4,lncRNA,5,4,0,1,0,0
AC005253.1,lncRNA,1,2,6,1,17,11
AC005253.2,lncRNA,0,2,0,0,5,4
AC005256.1,lncRNA,1,3,1,3,6,7
AC005258.2,lncRNA,1,1,4,3,17,14
AC005261.1,lncRNA,0,5,3,4,3,1
AC005261.2,lncRNA,7,10,5,4,7,13
AC005261.3,lncRNA,0,0,1,0,1,0
AC005262.2,lncRNA,1,0,2,0,4,3
AC005264.1,lncRNA,1,4,2,3,7,9
AC005277.1,lncRNA,0,0,0,0,1,0
AC005280.1,lncRNA,2,1,1,2,12,13
AC005280.2,lncRNA,3,11,2,4,14,10
AC005280.3,lncRNA,1,3,0,1,2,3
AC005281.1,lncRNA,0,1,0,1,4,5
AC005288.1,lncRNA,1,1,0,1,6,5
AC005291.1,lncRNA,0,2,0,0,0,0
AC005291.2,lncRNA,0,0,0,1,1,1
AC005293.1,lncRNA,0,1,1,0,11,6
AC005301.1,lncRNA,1,0,1,1,2,1
AC005301.2,lncRNA,0,1,0,1,2,4
AC005303.1,lncRNA,0,0,0,2,4,3
AC005304.1,lncRNA,0,0,0,0,1,1
AC005304.2,lncRNA,2,0,0,0,6,7
AC005304.3,lncRNA,0,0,1,0,0,1
AC005306.1,lncRNA,1,1,2,1,7,4
AC005307.1,lncRNA,0,0,0,2,6,6
AC005323.1,lncRNA,0,1,0,1,3,1
AC005324.1,lncRNA,0,2,0,0,0,1
AC005324.4,lncRNA,1,0,0,0,1,0
AC005329.1,lncRNA,1,4,2,4,17,22
AC005329.2,lncRNA,0,0,3,1,2,1
AC005329.3,lncRNA,1,1,2,2,14,15
AC005330.1,lncRNA,0,3,3,2,7,3
AC005332.1,lncRNA,4,3,4,5,11,15
AC005332.2,lncRNA,0,1,0,0,1,0
AC005332.3,lncRNA,0,0,0,1,0,0
AC005332.5,lncRNA,2,3,5,9,16,11
AC005332.6,lncRNA,3,2,3,2,13,13
AC005339.1,lncRNA,0,0,0,0,2,2
AC005342.1,lncRNA,0,0,1,3,0,2
AC005342.2,lncRNA,0,1,1,9,11,5
AC005343.1,lncRNA,0,3,3,13,3,15
AC005343.4,lncRNA,0,0,0,0,2,0
AC005344.1,lncRNA,0,0,0,0,0,1
AC005355.1,lncRNA,0,0,3,0,3,2
AC005358.1,lncRNA,0,2,2,5,11,6
AC005363.2,lncRNA,0,1,0,0,1,1
AC005379.1,lncRNA,0,0,1,0,1,2
AC005381.1,lncRNA,0,0,0,0,3,2
AC005387.1,lncRNA,1,3,0,1,1,1
AC005387.2,lncRNA,0,0,0,0,2,0
AC005392.1,lncRNA,0,2,0,0,0,1
AC005392.3,lncRNA,0,0,0,0,0,1
AC005393.1,lncRNA,0,0,0,0,2,1
AC005394.1,lncRNA,1,0,0,1,1,1
AC005394.2,lncRNA,0,1,1,4,7,8
AC005400.1,lncRNA,2,4,0,5,7,4
AC005410.2,lncRNA,0,0,0,0,0,1
AC005414.1,lncRNA,2,2,1,5,7,5
AC005476.2,lncRNA,3,2,1,4,5,6
AC005479.1,lncRNA,1,2,2,2,2,3
AC005479.2,lncRNA,0,4,0,0,0,2
AC005480.1,lncRNA,5,3,1,7,4,6
AC005481.1,lncRNA,13,23,24,15,322,437
AC005482.1,lncRNA,0,0,0,1,4,2
AC005486.1,lncRNA,0,0,0,0,1,0
AC005487.1,lncRNA,7,4,4,12,55,65
AC005495.1,lncRNA,0,0,0,1,0,0
AC005498.1,lncRNA,0,0,0,0,1,0
AC005498.2,lncRNA,8,4,18,3,3,4
AC005498.3,lncRNA,1,1,1,4,6,6
AC005515.1,lncRNA,0,0,0,0,0,1
AC005518.1,lncRNA,0,1,1,0,5,4
AC005519.1,lncRNA,1,4,0,5,3,1
AC005520.2,lncRNA,9,11,11,14,120,95
AC005520.3,lncRNA,0,0,0,0,2,0
AC005520.5,lncRNA,0,0,0,13,1,1
AC005522.1,lncRNA,2,5,5,1,6,9
AC005523.1,lncRNA,1,0,1,3,88,60
AC005523.2,lncRNA,3,7,9,15,45,47
AC005529.1,lncRNA,1,0,1,1,1,7
AC005532.1,lncRNA,1,1,1,0,6,7
AC005537.1,lncRNA,7,7,5,9,9,10
AC005538.1,lncRNA,0,0,1,1,1,0
AC005538.3,lncRNA,4,6,5,6,27,45
AC005540.1,lncRNA,0,1,2,2,6,11
AC005544.1,lncRNA,0,0,2,2,1,2
AC005544.2,lncRNA,1,0,0,0,2,7
AC005546.1,lncRNA,0,0,0,1,1,1
AC005548.1,lncRNA,1,0,0,1,7,4
AC005549.1,lncRNA,1,1,3,0,3,4
AC005550.1,lncRNA,0,0,0,0,1,0
AC005550.2,lncRNA,0,2,2,5,11,16
AC005552.1,lncRNA,2,2,3,1,4,3
AC005562.1,lncRNA,15,18,2,19,23,23
AC005580.1,lncRNA,0,1,2,2,3,4
AC005586.1,lncRNA,1,1,1,1,5,8
AC005592.2,lncRNA,0,0,0,2,1,2
AC005594.1,lncRNA,1,2,3,0,3,2
AC005597.1,lncRNA,1,4,0,2,39,44
AC005599.1,lncRNA,2,1,1,3,6,6
AC005606.1,lncRNA,0,1,0,0,0,1
AC005606.2,lncRNA,3,1,2,1,7,8
AC005609.1,lncRNA,1,1,2,1,14,10
AC005609.2,lncRNA,0,0,0,0,1,1
AC005609.3,lncRNA,0,0,0,0,1,1
AC005609.5,lncRNA,3,3,4,7,16,21
AC005614.1,lncRNA,1,1,1,4,8,7
AC005614.2,lncRNA,0,0,0,1,1,1
AC005616.1,lncRNA,2,0,0,2,1,0
AC005618.1,lncRNA,1,5,2,4,6,8
AC005618.2,lncRNA,1,0,0,0,0,2
AC005618.3,lncRNA,0,0,1,0,7,2
AC005618.4,lncRNA,1,3,1,0,5,3
AC005625.1,lncRNA,2,2,2,0,19,20
AC005632.3,lncRNA,0,0,0,0,5,3
AC005632.5,lncRNA,0,0,0,2,1,2
AC005632.6,lncRNA,2,9,1,1,9,6
AC005670.1,lncRNA,1,1,0,0,3,1
AC005670.3,lncRNA,9,12,20,29,170,103
AC005674.1,lncRNA,2,2,5,7,17,22
AC005682.2,lncRNA,2,0,1,0,4,3
AC005692.1,lncRNA,0,3,1,0,1,0
AC005692.2,lncRNA,0,1,0,0,1,2
AC005692.3,lncRNA,6,3,1,1,8,12
AC005695.1,lncRNA,4,6,6,10,43,18
AC005695.3,lncRNA,2,0,2,2,7,3
AC005696.1,lncRNA,0,6,6,0,3,3
AC005696.2,lncRNA,0,0,0,0,1,1
AC005696.3,lncRNA,0,0,0,0,1,0
AC005696.4,lncRNA,4,5,5,3,24,11
AC005697.2,lncRNA,0,1,0,0,1,3
AC005697.3,lncRNA,0,0,0,0,1,2
AC005699.1,lncRNA,0,2,0,7,4,7
AC005703.1,lncRNA,1,0,1,0,1,1
AC005703.2,lncRNA,0,0,0,0,1,0
AC005703.3,lncRNA,1,0,0,0,1,0
AC005703.6,lncRNA,2,3,1,0,4,3
AC005722.3,lncRNA,3,2,3,2,9,9
AC005722.4,lncRNA,0,0,0,0,1,0
AC005725.1,lncRNA,0,2,2,2,1,4
AC005726.2,lncRNA,0,2,1,0,3,4
AC005726.3,lncRNA,0,1,0,2,1,1
AC005726.4,lncRNA,1,0,1,2,0,0
AC005730.2,lncRNA,1,1,1,4,7,6
AC005730.3,lncRNA,0,0,0,0,1,0
AC005736.1,lncRNA,0,0,0,0,0,1
AC005740.3,lncRNA,0,0,0,0,0,1
AC005740.4,lncRNA,0,0,0,1,0,0
AC005740.5,lncRNA,9,6,11,17,26,20
AC005746.1,lncRNA,5,0,0,1,3,3
AC005746.2,lncRNA,0,0,0,0,1,1
AC005746.3,lncRNA,0,1,0,0,1,1
AC005753.1,lncRNA,0,0,2,1,6,2
AC005753.2,lncRNA,2,1,0,0,1,1
AC005753.3,lncRNA,0,0,0,0,3,7
AC005757.1,lncRNA,0,0,0,0,1,0
AC005759.1,lncRNA,2,5,5,3,22,15
AC005772.1,lncRNA,2,0,1,0,5,4
AC005772.2,lncRNA,3,5,2,4,7,16
AC005774.2,lncRNA,0,0,0,0,1,1
AC005775.1,lncRNA,1,1,2,2,14,9
AC005776.2,lncRNA,0,15,1,4,7,3
AC005785.1,lncRNA,3,4,6,5,28,32
AC005786.2,lncRNA,0,2,2,0,1,3
AC005786.3,lncRNA,0,1,0,2,2,2
AC005789.1,lncRNA,0,2,1,1,3,3
AC005790.1,lncRNA,1,0,1,3,0,2
AC005803.1,lncRNA,1,0,0,0,3,2
AC005808.1,lncRNA,0,1,4,1,3,3
AC005821.1,lncRNA,3,3,6,2,9,10
AC005821.2,lncRNA,0,5,5,5,22,9
AC005823.1,lncRNA,0,0,0,2,0,1
AC005823.2,lncRNA,0,0,0,0,1,0
AC005828.1,lncRNA,1,2,0,1,3,1
AC005828.2,lncRNA,0,0,1,0,1,1
AC005828.3,lncRNA,1,2,0,1,0,1
AC005828.4,lncRNA,8,8,9,6,91,81
AC005832.1,lncRNA,0,0,0,0,1,0
AC005833.2,lncRNA,2,3,7,6,13,10
AC005837.1,lncRNA,1,1,4,1,3,3
AC005837.4,lncRNA,1,0,1,1,0,1
AC005838.2,lncRNA,0,1,0,5,4,7
AC005840.2,lncRNA,1,3,2,1,16,15
AC005840.4,lncRNA,1,0,0,1,19,3
AC005845.1,lncRNA,0,0,0,0,5,2
AC005856.1,lncRNA,0,0,3,2,6,5
AC005863.1,lncRNA,1,2,3,1,9,7
AC005865.2,lncRNA,0,0,0,0,1,2
AC005871.1,lncRNA,1,0,0,0,2,2
AC005871.2,lncRNA,0,0,1,0,2,2
AC005884.1,lncRNA,1,1,0,3,1,3
AC005884.2,lncRNA,0,1,0,0,0,0
AC005888.1,lncRNA,1,2,0,1,3,4
AC005899.1,lncRNA,0,0,2,0,1,1
AC005899.4,lncRNA,2,5,2,3,12,10
AC005899.5,lncRNA,2,6,0,3,1,0
AC005899.6,lncRNA,1,0,0,2,0,0
AC005899.7,lncRNA,0,0,1,0,38,30
AC005899.8,lncRNA,7,10,11,16,128,128
AC005901.1,lncRNA,0,0,0,0,3,1
AC005906.2,lncRNA,4,13,16,14,40,23
AC005906.3,lncRNA,0,4,6,1,16,8
AC005908.2,lncRNA,1,0,0,1,1,2
AC005909.1,lncRNA,0,0,0,3,4,1
AC005909.2,lncRNA,0,1,0,0,2,1
AC005912.2,lncRNA,2,2,3,7,8,6
AC005914.1,lncRNA,1,8,1,3,2,3
AC005920.1,lncRNA,2,3,5,5,20,9
AC005920.2,lncRNA,0,0,0,0,5,4
AC005920.3,lncRNA,0,0,0,1,12,10
AC005920.4,lncRNA,0,0,0,0,0,1
AC005921.2,lncRNA,0,0,0,2,0,1
AC005921.4,lncRNA,1,2,1,2,20,9
AC005944.1,lncRNA,3,6,5,0,7,5
AC005954.2,lncRNA,0,0,0,0,1,1
AC005962.1,lncRNA,1,1,0,0,2,2
AC005962.2,lncRNA,5,2,5,4,12,7
AC005972.3,lncRNA,2,6,2,5,14,11
AC005993.1,lncRNA,2,3,2,4,7,6
AC005996.1,lncRNA,0,0,0,1,1,0
AC005998.1,lncRNA,4,2,3,2,21,30
AC005999.1,lncRNA,0,0,0,0,2,1
AC005999.2,lncRNA,1,0,0,1,2,2
AC006001.2,lncRNA,15,6,14,16,175,178
AC006003.1,lncRNA,0,0,0,0,4,2
AC006007.1,lncRNA,0,5,0,1,2,2
AC006008.1,lncRNA,0,0,0,0,2,6
AC006013.1,lncRNA,0,0,1,0,1,4
AC006017.1,lncRNA,0,0,0,0,1,1
AC006019.1,lncRNA,15,8,35,20,33,36
AC006019.2,lncRNA,1,0,3,3,6,8
AC006019.3,lncRNA,0,2,0,1,1,1
AC006026.3,lncRNA,0,0,0,0,5,2
AC006027.1,lncRNA,0,0,0,0,1,1
AC006033.2,lncRNA,2,4,1,0,3,3
AC006037.1,lncRNA,0,0,0,0,0,1
AC006040.1,lncRNA,0,0,0,0,1,0
AC006041.1,lncRNA,0,0,0,0,0,1
AC006041.2,lncRNA,3,6,6,2,13,16
AC006042.1,lncRNA,0,1,0,0,0,0
AC006043.1,lncRNA,1,0,3,1,2,6
AC006058.1,lncRNA,2,2,4,7,10,14
AC006058.2,lncRNA,1,1,5,2,9,11
AC006058.3,lncRNA,2,3,5,2,14,14
AC006059.1,lncRNA,2,6,3,2,10,7
AC006059.3,lncRNA,2,1,10,7,13,15
AC006059.4,lncRNA,0,0,0,1,2,2
AC006059.5,lncRNA,4,6,3,12,16,14
AC006062.1,lncRNA,0,1,3,5,6,4
AC006063.2,lncRNA,2,1,1,3,8,8
AC006063.3,lncRNA,0,0,1,4,6,3
AC006063.4,lncRNA,1,2,7,2,7,7
AC006064.1,lncRNA,0,0,1,3,2,4
AC006064.2,lncRNA,1,1,1,0,6,4
AC006064.3,lncRNA,0,0,1,1,2,1
AC006064.4,lncRNA,19,39,3,3,3,7
AC006064.5,lncRNA,4,1,5,7,9,6
AC006065.3,lncRNA,0,0,0,0,2,4
AC006065.4,lncRNA,0,0,0,1,4,1
AC006076.1,lncRNA,0,0,0,3,1,1
AC006111.1,lncRNA,0,0,0,0,0,1
AC006111.2,lncRNA,1,2,0,0,1,1
AC006111.3,lncRNA,0,0,1,0,1,0
AC006112.1,lncRNA,0,4,2,4,2,1
AC006115.2,lncRNA,14,13,16,13,100,103
AC006116.6,lncRNA,0,0,0,0,3,2
AC006116.7,lncRNA,4,4,13,4,25,21
AC006116.8,lncRNA,0,0,0,1,4,2
AC006116.9,lncRNA,3,1,1,8,7,4
AC006130.1,lncRNA,0,1,2,12,6,37
AC006130.3,lncRNA,0,1,0,2,3,6
AC006141.1,lncRNA,7,14,0,4,2,4
AC006144.1,lncRNA,0,0,0,0,0,1
AC006146.1,lncRNA,0,4,0,2,0,1
AC006148.1,lncRNA,33,29,25,30,404,333
AC006148.2,lncRNA,0,1,1,0,6,8
AC006150.1,lncRNA,0,0,1,0,1,2
AC006157.1,lncRNA,0,0,0,0,2,2
AC006159.1,lncRNA,0,0,1,0,0,2
AC006160.1,lncRNA,2,4,2,2,16,12
AC006197.2,lncRNA,0,0,2,2,4,3
AC006205.1,lncRNA,0,0,0,0,0,1
AC006206.1,lncRNA,2,18,3,10,18,21
AC006206.2,lncRNA,1,5,3,3,7,12
AC006207.1,lncRNA,0,0,0,0,1,1
AC006213.1,lncRNA,4,3,2,2,40,42
AC006213.2,lncRNA,1,1,2,0,3,3
AC006213.3,lncRNA,0,1,1,0,5,3
AC006213.7,lncRNA,0,2,0,0,2,0
AC006230.1,lncRNA,8,4,5,11,22,22
AC006237.1,lncRNA,0,0,0,0,3,1
AC006238.2,lncRNA,3,3,1,0,4,6
AC006249.1,lncRNA,0,0,0,1,4,3
AC006252.1,lncRNA,0,0,0,0,2,4
AC006262.1,lncRNA,10,16,7,16,24,27
AC006262.2,lncRNA,0,0,0,0,1,1
AC006262.3,lncRNA,0,0,1,0,0,2
AC006270.1,lncRNA,0,1,0,1,3,3
AC006272.1,lncRNA,1,0,1,0,2,2
AC006273.1,lncRNA,2,1,1,2,4,2
AC006288.1,lncRNA,0,0,0,0,4,2
AC006296.1,lncRNA,0,0,0,0,2,1
AC006296.2,lncRNA,0,0,0,2,1,1
AC006296.3,lncRNA,0,12,2,2,26,27
AC006299.1,lncRNA,3,3,3,2,15,12
AC006305.1,lncRNA,12,4,4,7,23,28
AC006305.2,lncRNA,0,1,0,0,7,2
AC006305.3,lncRNA,0,3,1,0,4,5
AC006348.1,lncRNA,12,11,3,15,26,32
AC006355.2,lncRNA,0,0,1,0,0,2
AC006364.1,lncRNA,2,2,4,3,15,29
AC006369.1,lncRNA,1,2,0,2,2,2
AC006369.2,lncRNA,0,0,0,0,0,1
AC006372.1,lncRNA,0,2,1,2,10,8
AC006372.2,lncRNA,0,0,2,0,3,6
AC006372.3,lncRNA,3,7,11,7,37,30
AC006398.1,lncRNA,1,0,1,4,4,2
AC006435.1,lncRNA,2,0,3,1,9,3
AC006435.2,lncRNA,1,0,1,1,1,3
AC006441.1,lncRNA,0,1,0,0,1,0
AC006441.3,lncRNA,1,4,0,0,1,1
AC006441.4,lncRNA,0,1,0,0,1,7
AC006445.2,lncRNA,1,0,0,2,1,1
AC006449.1,lncRNA,1,0,2,1,1,1
AC006449.2,lncRNA,1,1,0,1,11,8
AC006449.3,lncRNA,1,0,0,4,3,2
AC006449.5,lncRNA,1,3,3,8,25,18
AC006449.6,lncRNA,3,7,9,10,59,30
AC006450.1,lncRNA,0,0,0,0,4,1
AC006450.2,lncRNA,1,0,0,0,1,1
AC006450.3,lncRNA,9,4,11,10,14,23
AC006452.1,lncRNA,4,8,8,17,16,18
AC006455.1,lncRNA,0,0,0,0,1,2
AC006455.4,lncRNA,0,0,0,0,2,1
AC006455.5,lncRNA,2,1,3,3,13,9
AC006455.8,lncRNA,0,0,0,0,0,1
AC006459.1,lncRNA,0,0,2,0,2,1
AC006460.1,lncRNA,2,0,3,0,11,8
AC006460.2,lncRNA,60,25,368,100,238,261
AC006478.1,lncRNA,5,0,0,0,1,1
AC006478.2,lncRNA,3,1,10,0,7,5
AC006480.2,lncRNA,0,2,1,1,2,1
AC006483.2,lncRNA,3,6,7,6,71,77
AC006487.1,lncRNA,1,1,3,3,40,44
AC006487.2,lncRNA,0,1,2,2,8,3
AC006504.1,lncRNA,5,3,7,4,19,15
AC006504.2,lncRNA,1,0,0,0,2,1
AC006504.5,lncRNA,18,11,13,18,144,102
AC006504.7,lncRNA,0,0,0,0,0,1
AC006511.4,lncRNA,0,0,0,0,3,1
AC006511.5,lncRNA,3,5,5,7,77,79
AC006511.6,lncRNA,0,5,0,1,2,2
AC006517.2,lncRNA,0,3,0,1,3,2
AC006525.1,lncRNA,0,1,0,2,2,1
AC006538.1,lncRNA,24,41,52,19,12,30
AC006538.3,lncRNA,0,0,2,0,6,1
AC006538.4,lncRNA,1,5,4,1,15,19
AC006547.1,lncRNA,8,10,5,9,12,12
AC006547.2,lncRNA,0,0,0,0,2,0
AC006547.3,lncRNA,0,0,0,0,1,1
AC006557.1,lncRNA,0,0,0,1,4,1
AC006566.1,lncRNA,0,0,0,0,1,2
AC006566.2,lncRNA,0,2,0,0,8,8
AC006581.1,lncRNA,0,1,0,0,1,0
AC006581.2,lncRNA,0,5,2,3,1,1
AC006942.1,lncRNA,0,2,7,3,19,12
AC006946.2,lncRNA,4,1,1,0,5,3
AC006946.3,lncRNA,0,3,1,3,3,3
AC006947.1,lncRNA,0,1,0,1,2,0
AC006960.2,lncRNA,0,0,0,0,1,1
AC006960.3,lncRNA,0,0,0,0,1,0
AC006967.2,lncRNA,0,0,2,2,2,2
AC006967.3,lncRNA,0,1,2,4,1,4
AC006970.2,lncRNA,0,1,0,0,2,2
AC006972.1,lncRNA,0,1,0,0,2,3
AC006974.1,lncRNA,1,2,2,3,2,4
AC006974.2,lncRNA,0,2,3,0,5,9
AC006994.1,lncRNA,5,2,3,8,10,15
AC007000.3,lncRNA,0,1,1,0,0,2
AC007001.1,lncRNA,0,2,0,0,0,6
AC007003.1,lncRNA,0,6,1,2,1,1
AC007009.1,lncRNA,0,0,1,0,2,1
AC007014.1,lncRNA,0,0,1,0,1,0
AC007014.2,lncRNA,0,0,0,0,2,1
AC007029.1,lncRNA,0,0,0,0,1,4
AC007032.1,lncRNA,1,5,1,3,7,4
AC007036.1,lncRNA,0,0,0,0,1,0
AC007036.2,lncRNA,3,0,0,1,1,2
AC007036.3,lncRNA,2,2,3,1,5,4
AC007036.5,lncRNA,1,1,1,0,6,8
AC007038.1,lncRNA,0,3,0,4,3,7
AC007040.1,lncRNA,1,2,2,2,4,6
AC007064.2,lncRNA,0,0,0,1,0,0
AC007066.2,lncRNA,0,0,0,0,2,4
AC007066.3,lncRNA,0,0,0,0,2,3
AC007091.1,lncRNA,1,1,1,0,1,1
AC007092.1,lncRNA,0,1,1,3,3,4
AC007098.1,lncRNA,8,8,14,5,61,42
AC007099.1,lncRNA,1,1,1,5,0,1
AC007099.2,lncRNA,0,0,2,0,1,1
AC007100.1,lncRNA,2,3,2,0,6,4
AC007106.1,lncRNA,0,1,1,4,7,6
AC007106.2,lncRNA,1,6,1,3,5,4
AC007114.1,lncRNA,5,1,1,4,31,14
AC007114.2,lncRNA,8,18,10,10,81,66
AC007126.1,lncRNA,11,31,17,20,122,120
AC007128.1,lncRNA,1,4,2,2,14,17
AC007128.2,lncRNA,1,3,1,2,12,16
AC007130.1,lncRNA,0,0,0,0,2,1
AC007132.1,lncRNA,2,8,0,2,17,14
AC007159.1,lncRNA,2,3,0,5,7,3
AC007161.3,lncRNA,2,4,115,1,4,4
AC007179.1,lncRNA,0,0,0,1,7,10
AC007179.2,lncRNA,4,8,2,7,30,16
AC007182.1,lncRNA,6,6,3,2,16,26
AC007192.2,lncRNA,1,1,1,4,3,2
AC007193.1,lncRNA,0,0,0,0,1,1
AC007193.2,lncRNA,1,0,1,0,1,1
AC007193.3,lncRNA,0,0,0,0,1,0
AC007216.1,lncRNA,0,0,1,1,3,3
AC007216.3,lncRNA,1,8,6,7,110,63
AC007216.4,lncRNA,0,1,2,0,4,3
AC007218.1,lncRNA,0,1,0,4,2,3
AC007218.3,lncRNA,0,1,1,0,3,3
AC007220.1,lncRNA,0,2,1,2,4,4
AC007220.2,lncRNA,0,0,0,0,1,9
AC007221.1,lncRNA,0,0,0,1,1,4
AC007222.2,lncRNA,1,2,2,3,14,11
AC007223.1,lncRNA,1,1,1,0,24,26
AC007240.3,lncRNA,4,5,2,7,22,13
AC007250.1,lncRNA,0,0,1,0,4,4
AC007255.1,lncRNA,0,0,3,0,7,9
AC007262.2,lncRNA,8,0,5,7,10,9
AC007269.1,lncRNA,1,1,2,0,2,4
AC007271.1,lncRNA,2,12,0,3,12,8
AC007272.1,lncRNA,0,3,0,3,3,4
AC007277.1,lncRNA,1,2,4,3,17,21
AC007278.1,lncRNA,0,2,4,0,2,1
AC007278.2,lncRNA,0,0,1,1,2,3
AC007279.1,lncRNA,1,3,1,3,2,4
AC007283.1,lncRNA,0,0,1,0,0,0
AC007285.1,lncRNA,0,0,0,2,1,0
AC007292.1,lncRNA,0,1,0,1,4,2
AC007292.2,lncRNA,0,1,1,1,6,3
AC007292.3,lncRNA,0,1,0,0,0,1
AC007298.1,lncRNA,0,0,0,0,1,0
AC007298.2,lncRNA,0,0,0,2,1,0
AC007314.1,lncRNA,1,0,0,0,6,5
AC007317.1,lncRNA,0,1,0,1,3,3
AC007319.1,lncRNA,2,2,4,2,2,5
AC007326.2,lncRNA,8,7,11,23,32,33
AC007326.5,lncRNA,0,0,0,0,1,2
AC007327.2,lncRNA,2,0,0,0,0,0
AC007333.1,lncRNA,3,0,2,1,2,2
AC007333.2,lncRNA,0,0,1,0,1,1
AC007336.1,lncRNA,11,6,7,10,114,114
AC007336.2,lncRNA,1,0,0,0,1,2
AC007342.1,lncRNA,0,3,0,2,4,12
AC007342.4,lncRNA,1,1,3,0,6,3
AC007342.5,lncRNA,0,3,1,3,0,4
AC007343.1,lncRNA,0,0,1,0,2,2
AC007344.1,lncRNA,1,0,0,1,2,5
AC007347.1,lncRNA,0,0,0,0,1,0
AC007349.1,lncRNA,0,1,0,1,3,2
AC007349.2,lncRNA,2,0,0,0,3,1
AC007349.3,lncRNA,0,1,0,0,2,2
AC007349.4,lncRNA,0,0,0,6,1,0
AC007350.1,lncRNA,0,0,0,3,3,1
AC007359.1,lncRNA,1,7,1,2,19,13
AC007362.1,lncRNA,1,5,4,3,18,7
AC007365.1,lncRNA,0,0,0,2,2,1
AC007368.1,lncRNA,7,5,9,12,22,20
AC007370.2,lncRNA,0,0,1,1,2,4
AC007375.3,lncRNA,2,4,4,1,23,20
AC007376.2,lncRNA,0,2,2,1,1,4
AC007378.1,lncRNA,1,0,0,1,1,0
AC007381.1,lncRNA,3,4,10,11,8,11
AC007383.1,lncRNA,1,4,9,3,9,10
AC007383.2,lncRNA,0,1,1,1,1,0
AC007384.1,lncRNA,1,2,1,1,4,3
AC007387.1,lncRNA,0,0,0,0,4,2
AC007387.2,lncRNA,1,3,2,2,8,4
AC007389.1,lncRNA,8,15,8,31,41,34
AC007389.2,lncRNA,2,0,0,3,0,5
AC007389.3,lncRNA,0,1,0,0,1,1
AC007390.1,lncRNA,3,3,1,4,12,12
AC007391.1,lncRNA,0,0,0,0,10,3
AC007391.2,lncRNA,0,1,0,2,3,3
AC007391.3,lncRNA,0,0,3,1,1,1
AC007402.1,lncRNA,1,4,2,11,4,7
AC007402.2,lncRNA,1,1,0,2,9,8
AC007403.1,lncRNA,0,0,7,2,2,1
AC007405.1,lncRNA,14,28,13,14,14,51
AC007405.2,lncRNA,3,6,7,3,26,31
AC007405.3,lncRNA,0,4,6,1,8,10
AC007405.4,lncRNA,0,1,2,2,4,7
AC007406.1,lncRNA,0,0,1,0,1,0
AC007406.2,lncRNA,0,0,0,0,0,1
AC007406.3,lncRNA,6,6,5,6,120,114
AC007406.4,lncRNA,5,5,3,7,43,45
AC007422.1,lncRNA,6,3,10,17,54,47
AC007431.1,lncRNA,0,1,0,0,2,2
AC007431.2,lncRNA,0,0,0,0,2,0
AC007432.1,lncRNA,0,0,2,3,7,6
AC007448.3,lncRNA,0,0,0,0,0,2
AC007448.4,lncRNA,2,6,2,2,13,11
AC007448.5,lncRNA,0,10,0,7,3,4
AC007461.1,lncRNA,1,2,0,1,7,6
AC007463.1,lncRNA,0,0,0,0,6,7
AC007463.2,lncRNA,0,0,1,0,0,1
AC007483.1,lncRNA,0,0,0,0,2,1
AC007491.1,lncRNA,5,1,1,5,12,15
AC007493.1,lncRNA,3,6,1,1,11,10
AC007493.2,lncRNA,0,0,2,2,9,4
AC007494.2,lncRNA,0,0,1,0,1,2
AC007495.1,lncRNA,0,0,0,0,1,1
AC007496.1,lncRNA,0,0,0,1,0,1
AC007496.2,lncRNA,3,11,0,2,8,12
AC007497.2,lncRNA,0,0,2,1,1,2
AC007511.1,lncRNA,2,2,9,15,30,41
AC007513.1,lncRNA,0,0,0,2,0,0
AC007527.1,lncRNA,0,0,0,0,1,1
AC007527.2,lncRNA,0,0,1,0,0,2
AC007528.1,lncRNA,0,0,0,0,1,0
AC007529.1,lncRNA,0,1,0,8,1,3
AC007529.2,lncRNA,0,0,0,0,3,1
AC007533.1,lncRNA,0,0,2,0,2,2
AC007535.1,lncRNA,1,0,0,0,1,0
AC007540.1,lncRNA,0,0,0,0,2,2
AC007541.1,lncRNA,3,6,1,0,5,5
AC007546.1,lncRNA,0,0,0,0,4,0
AC007552.2,lncRNA,0,0,0,1,2,5
AC007556.1,lncRNA,0,1,1,0,2,4
AC007557.1,lncRNA,0,1,0,0,2,5
AC007557.2,lncRNA,0,2,1,1,3,4
AC007557.3,lncRNA,1,0,0,0,7,3
AC007557.4,lncRNA,0,0,0,0,1,0
AC007563.1,lncRNA,0,0,0,0,2,1
AC007563.2,lncRNA,0,1,0,0,3,5
AC007563.3,lncRNA,0,0,1,0,3,3
AC007566.1,lncRNA,1,1,1,4,3,5
AC007569.1,lncRNA,1,2,0,0,9,4
AC007570.1,lncRNA,0,1,0,1,2,1
AC007595.1,lncRNA,0,3,1,2,1,5
AC007598.2,lncRNA,0,0,0,0,2,3
AC007601.1,lncRNA,2,1,3,4,3,5
AC007601.2,lncRNA,0,0,0,0,2,3
AC007603.1,lncRNA,1,2,0,1,7,5
AC007608.1,lncRNA,2,6,1,8,8,8
AC007608.2,lncRNA,0,1,0,0,5,2
AC007608.3,lncRNA,6,2,3,7,19,17
AC007610.1,lncRNA,0,1,0,0,2,2
AC007610.2,lncRNA,0,0,0,0,2,0
AC007610.5,lncRNA,0,1,1,4,2,1
AC007611.1,lncRNA,2,4,2,2,7,11
AC007613.1,lncRNA,5,11,3,4,35,22
AC007614.1,lncRNA,15,16,33,28,220,219
AC007620.2,lncRNA,1,2,0,2,1,1
AC007622.2,lncRNA,1,3,1,4,5,9
AC007631.1,lncRNA,0,0,0,2,1,0
AC007637.1,lncRNA,0,0,0,0,9,6
AC007638.1,lncRNA,15,36,30,51,204,271
AC007638.2,lncRNA,1,1,0,1,5,2
AC007639.1,lncRNA,0,0,0,0,2,1
AC007649.1,lncRNA,1,3,1,2,3,6
AC007652.1,lncRNA,0,1,0,1,0,0
AC007652.2,lncRNA,2,7,2,4,10,15
AC007652.3,lncRNA,0,0,0,2,2,1
AC007655.2,lncRNA,0,0,1,0,1,1
AC007656.1,lncRNA,0,0,0,0,6,5
AC007656.2,lncRNA,0,0,0,1,3,0
AC007656.4,lncRNA,0,0,1,3,1,2
AC007663.2,lncRNA,0,1,1,1,8,8
AC007663.3,lncRNA,1,1,0,1,2,4
AC007663.4,lncRNA,0,0,0,1,0,0
AC007666.1,lncRNA,2,6,2,4,3,3
AC007666.2,lncRNA,0,0,1,0,2,2
AC007671.1,lncRNA,0,0,1,0,1,1
AC007673.1,lncRNA,0,1,0,0,0,1
AC007679.1,lncRNA,0,2,1,3,2,4
AC007681.1,lncRNA,1,2,1,1,8,2
AC007682.1,lncRNA,0,0,0,1,0,1
AC007684.2,lncRNA,0,0,3,0,0,0
AC007686.2,lncRNA,3,1,1,0,1,1
AC007686.3,lncRNA,6,14,10,7,39,33
AC007686.4,lncRNA,4,4,0,4,6,7
AC007686.5,lncRNA,0,2,0,0,3,2
AC007688.3,lncRNA,1,1,6,2,1,0
AC007695.1,lncRNA,4,7,4,3,75,50
AC007728.1,lncRNA,0,1,2,0,3,2
AC007728.2,lncRNA,2,1,2,5,12,8
AC007728.3,lncRNA,0,0,0,0,9,2
AC007731.2,lncRNA,0,0,2,1,0,1
AC007731.3,lncRNA,0,1,0,0,3,7
AC007731.5,lncRNA,0,0,1,0,0,1
AC007736.1,lncRNA,1,3,0,0,2,6
AC007743.1,lncRNA,1,2,3,0,21,10
AC007744.1,lncRNA,1,1,1,2,3,6
AC007749.1,lncRNA,0,1,0,1,0,1
AC007749.2,lncRNA,1,2,4,4,8,5
AC007750.1,lncRNA,2,1,4,5,27,20
AC007773.1,lncRNA,1,1,7,1,7,6
AC007780.1,lncRNA,2,8,2,4,10,19
AC007785.1,lncRNA,0,0,0,1,0,0
AC007785.3,lncRNA,2,8,7,31,14,23
AC007786.1,lncRNA,1,3,1,2,4,8
AC007786.2,lncRNA,2,0,0,1,2,1
AC007786.3,lncRNA,0,0,0,0,1,0
AC007786.4,lncRNA,25,28,63,28,24,40
AC007787.1,lncRNA,2,1,1,5,6,3
AC007795.1,lncRNA,1,1,1,3,26,4
AC007834.1,lncRNA,0,0,0,0,0,1
AC007846.1,lncRNA,1,5,0,5,5,6
AC007848.1,lncRNA,0,1,1,0,6,6
AC007848.2,lncRNA,0,0,1,0,3,6
AC007849.1,lncRNA,0,1,3,0,1,2
AC007861.1,lncRNA,0,2,1,0,5,5
AC007861.2,lncRNA,0,1,0,0,1,1
AC007876.1,lncRNA,0,0,0,0,5,4
AC007877.1,lncRNA,0,2,0,1,5,10
AC007878.1,lncRNA,0,0,0,5,2,1
AC007879.1,lncRNA,0,0,1,0,2,0
AC007879.2,lncRNA,0,0,1,0,3,0
AC007879.3,lncRNA,1,3,3,0,2,4
AC007879.5,lncRNA,1,5,2,8,17,21
AC007880.1,lncRNA,0,1,1,1,5,2
AC007881.2,lncRNA,0,0,2,2,0,3
AC007881.3,lncRNA,0,0,0,0,9,3
AC007881.4,lncRNA,0,4,1,2,3,1
AC007906.1,lncRNA,1,1,0,0,1,1
AC007907.1,lncRNA,0,0,0,0,2,1
AC007920.1,lncRNA,0,2,3,4,9,8
AC007920.2,lncRNA,0,0,2,0,1,2
AC007922.1,lncRNA,0,0,0,0,1,1
AC007922.2,lncRNA,0,1,0,1,0,0
AC007922.3,lncRNA,3,2,7,3,38,31
AC007922.4,lncRNA,1,3,1,2,4,7
AC007923.1,lncRNA,0,0,1,0,3,1
AC007923.3,lncRNA,0,0,1,0,3,0
AC007938.1,lncRNA,3,0,1,2,3,5
AC007938.2,lncRNA,315,185,180,392,3089,1063
AC007938.3,lncRNA,0,0,0,0,2,2
AC007948.1,lncRNA,0,0,0,0,0,3
AC007950.1,lncRNA,0,0,0,2,1,0
AC007950.2,lncRNA,2,4,0,1,5,5
AC007952.1,lncRNA,0,1,0,1,3,2
AC007952.2,lncRNA,2,5,1,5,6,4
AC007952.3,lncRNA,0,0,0,0,1,1
AC007952.4,lncRNA,108,50,113,164,32,61
AC007952.5,lncRNA,0,1,1,1,3,1
AC007952.6,lncRNA,2,1,2,4,8,3
AC007952.7,lncRNA,1,0,1,1,2,2
AC007952.8,lncRNA,0,0,1,0,1,1
AC007952.9,lncRNA,9,70,19,19,17,22
AC007953.1,lncRNA,0,1,1,0,1,3
AC007953.2,lncRNA,1,5,4,3,20,14
AC007991.3,lncRNA,2,2,3,1,0,2
AC007991.4,lncRNA,2,2,0,0,0,1
AC007993.2,lncRNA,1,2,0,0,8,6
AC007993.3,lncRNA,0,0,0,0,1,2
AC007996.1,lncRNA,0,0,0,3,5,12
AC007998.3,lncRNA,0,0,0,2,1,0
AC007998.4,lncRNA,0,0,2,1,2,0
AC008011.2,lncRNA,2,5,7,4,19,20
AC008014.1,lncRNA,4,2,0,4,7,3
AC008026.3,lncRNA,2,4,0,4,4,4
AC008033.3,lncRNA,0,0,0,0,2,6
AC008035.1,lncRNA,0,0,0,2,0,0
AC008040.1,lncRNA,11,4,7,13,88,62
AC008050.1,lncRNA,1,1,4,9,10,8
AC008055.2,lncRNA,5,8,5,11,32,15
AC008056.1,lncRNA,0,0,3,0,2,1
AC008056.2,lncRNA,0,1,1,0,0,0
AC008056.3,lncRNA,4,1,1,0,4,6
AC008060.1,lncRNA,1,0,3,2,21,20
AC008060.2,lncRNA,0,1,1,0,1,3
AC008060.3,lncRNA,0,0,1,2,1,1
AC008060.4,lncRNA,15,8,29,14,137,111
AC008060.5,lncRNA,1,5,6,8,59,91
AC008063.1,lncRNA,1,0,1,0,2,1
AC008067.1,lncRNA,18,24,13,14,64,86
AC008073.1,lncRNA,0,0,0,0,2,1
AC008073.2,lncRNA,8,8,46,11,18,13
AC008074.2,lncRNA,1,6,1,1,5,8
AC008079.1,lncRNA,40,53,48,74,271,251
AC008080.1,lncRNA,0,0,0,0,8,8
AC008080.3,lncRNA,0,0,0,3,0,0
AC008080.4,lncRNA,2,0,0,0,4,3
AC008083.2,lncRNA,0,0,0,0,3,1
AC008083.3,lncRNA,0,2,0,0,3,2
AC008083.4,lncRNA,0,0,0,0,1,1
AC008088.1,lncRNA,1,0,1,0,8,11
AC008103.1,lncRNA,1,0,0,1,1,1
AC008105.1,lncRNA,8,7,6,9,18,14
AC008105.2,lncRNA,13,16,10,17,33,38
AC008114.1,lncRNA,0,0,0,0,0,1
AC008115.1,lncRNA,2,2,1,0,9,7
AC008115.2,lncRNA,0,2,1,0,0,0
AC008115.3,lncRNA,1,1,2,0,3,1
AC008115.4,lncRNA,0,0,0,0,2,1
AC008119.1,lncRNA,1,1,0,0,3,2
AC008121.2,lncRNA,0,0,2,0,0,1
AC008121.3,lncRNA,0,0,0,0,1,1
AC008124.1,lncRNA,9,33,21,35,256,240
AC008125.1,lncRNA,0,1,1,2,4,4
AC008127.1,lncRNA,0,0,1,2,3,3
AC008133.1,lncRNA,0,0,0,0,1,1
AC008147.1,lncRNA,0,0,2,0,20,16
AC008147.2,lncRNA,2,12,4,7,5,10
AC008149.1,lncRNA,4,0,0,0,2,1
AC008149.2,lncRNA,4,3,6,5,37,33
AC008154.1,lncRNA,0,0,0,0,0,1
AC008154.2,lncRNA,0,0,0,3,0,1
AC008164.1,lncRNA,0,1,1,0,4,5
AC008170.1,lncRNA,1,0,0,3,7,3
AC008175.1,lncRNA,1,7,3,2,19,13
AC008180.2,lncRNA,1,0,0,2,4,2
AC008250.1,lncRNA,0,1,0,1,0,1
AC008250.2,lncRNA,0,0,1,0,0,0
AC008264.2,lncRNA,2,2,3,1,6,6
AC008268.1,lncRNA,0,1,0,0,2,2
AC008269.1,lncRNA,4,4,2,8,3,9
AC008269.2,lncRNA,0,0,0,0,2,0
AC008273.1,lncRNA,1,0,0,0,1,0
AC008277.1,lncRNA,0,9,1,0,2,2
AC008278.1,lncRNA,0,0,0,0,1,3
AC008278.2,lncRNA,2,1,8,8,4,3
AC008280.2,lncRNA,0,0,0,0,0,1
AC008281.1,lncRNA,0,0,0,1,2,1
AC008378.1,lncRNA,0,0,0,0,5,3
AC008391.1,lncRNA,0,0,0,0,2,2
AC008393.1,lncRNA,1,2,2,1,3,4
AC008395.1,lncRNA,0,0,0,0,1,0
AC008403.2,lncRNA,2,6,4,2,10,6
AC008403.3,lncRNA,2,1,1,1,23,7
AC008406.1,lncRNA,0,0,0,0,3,3
AC008406.2,lncRNA,0,0,0,0,1,1
AC008406.3,lncRNA,0,1,1,2,4,3
AC008415.1,lncRNA,1,0,0,0,0,3
AC008429.1,lncRNA,5,20,10,7,23,22
AC008429.3,lncRNA,0,0,0,0,1,0
AC008434.1,lncRNA,0,1,0,3,0,3
AC008438.1,lncRNA,0,0,0,1,6,2
AC008438.2,lncRNA,0,0,1,0,3,5
AC008440.1,lncRNA,3,26,1,0,0,3
AC008443.1,lncRNA,0,0,0,0,0,1
AC008443.2,lncRNA,1,0,2,0,1,2
AC008443.3,lncRNA,0,2,3,2,4,6
AC008443.4,lncRNA,0,5,0,1,9,3
AC008443.6,lncRNA,0,0,0,0,0,1
AC008443.7,lncRNA,0,2,2,3,5,5
AC008453.1,lncRNA,1,5,0,0,2,2
AC008453.2,lncRNA,0,1,1,4,9,10
AC008456.1,lncRNA,0,0,0,0,2,1
AC008459.1,lncRNA,5,2,2,5,3,3
AC008462.1,lncRNA,0,0,1,0,3,0
AC008464.1,lncRNA,0,0,0,2,0,2
AC008467.1,lncRNA,1,7,2,3,13,16
AC008474.1,lncRNA,0,0,1,0,0,0
AC008494.3,lncRNA,1,0,1,1,11,8
AC008496.2,lncRNA,1,0,0,1,5,10
AC008496.3,lncRNA,5,9,2,7,20,23
AC008505.1,lncRNA,2,3,0,2,11,13
AC008507.2,lncRNA,0,0,0,0,4,0
AC008507.4,lncRNA,6,7,16,8,32,30
AC008507.5,lncRNA,2,4,0,6,5,4
AC008514.1,lncRNA,0,1,0,0,1,2
AC008517.1,lncRNA,0,0,0,0,0,2
AC008522.1,lncRNA,0,1,1,2,10,5
AC008525.1,lncRNA,2,3,7,3,26,21
AC008525.2,lncRNA,1,0,0,0,1,1
AC008532.1,lncRNA,2,7,0,0,4,4
AC008534.1,lncRNA,2,1,1,0,7,10
AC008537.2,lncRNA,0,0,0,1,0,1
AC008537.4,lncRNA,0,1,2,1,3,4
AC008539.1,lncRNA,0,0,0,0,1,0
AC008543.1,lncRNA,1,0,1,2,3,2
AC008543.3,lncRNA,0,3,0,0,2,2
AC008543.4,lncRNA,0,0,0,1,1,1
AC008543.5,lncRNA,0,3,1,0,2,5
AC008549.1,lncRNA,0,0,0,0,0,6
AC008549.2,lncRNA,0,0,0,4,0,0
AC008551.1,lncRNA,0,1,0,3,4,5
AC008554.1,lncRNA,0,1,1,0,22,9
AC008555.1,lncRNA,0,1,1,0,2,1
AC008555.2,lncRNA,15,26,11,18,42,33
AC008555.4,lncRNA,2,3,0,0,3,5
AC008556.1,lncRNA,2,3,2,0,17,17
AC008558.1,lncRNA,0,0,0,0,2,1
AC008567.2,lncRNA,0,0,0,0,3,1
AC008567.3,lncRNA,0,2,1,1,6,2
AC008568.1,lncRNA,5,8,6,11,17,12
AC008569.1,lncRNA,2,12,1,1,1,2
AC008569.2,lncRNA,0,0,0,1,2,0
AC008571.2,lncRNA,1,0,3,3,9,5
AC008572.1,lncRNA,0,1,0,1,0,0
AC008588.1,lncRNA,1,1,0,1,0,0
AC008591.1,lncRNA,7,11,1,10,15,8
AC008592.1,lncRNA,0,0,0,3,1,1
AC008592.2,lncRNA,2,0,0,0,1,2
AC008592.3,lncRNA,0,0,0,2,0,0
AC008592.4,lncRNA,2,0,1,0,0,0
AC008601.1,lncRNA,0,0,0,0,3,4
AC008608.2,lncRNA,1,1,1,1,2,3
AC008610.1,lncRNA,1,0,0,1,0,0
AC008619.1,lncRNA,0,0,2,0,0,1
AC008622.2,lncRNA,6,2,6,6,15,15
AC008625.1,lncRNA,0,2,1,6,7,3
AC008627.1,lncRNA,0,1,0,0,2,3
AC008629.1,lncRNA,1,3,1,4,9,11
AC008632.1,lncRNA,2,0,2,0,14,4
AC008635.1,lncRNA,1,2,1,0,5,6
AC008641.1,lncRNA,0,0,0,1,16,10
AC008649.1,lncRNA,0,1,1,1,6,5
AC008649.2,lncRNA,1,0,0,0,0,2
AC008652.1,lncRNA,0,0,0,2,5,4
AC008655.2,lncRNA,1,1,0,0,13,5
AC008659.1,lncRNA,1,0,2,1,4,2
AC008662.1,lncRNA,2,1,0,2,2,1
AC008663.1,lncRNA,0,0,0,0,0,2
AC008663.2,lncRNA,1,2,2,0,8,8
AC008663.3,lncRNA,0,0,0,0,1,1
AC008667.1,lncRNA,0,0,0,0,3,4
AC008667.2,lncRNA,0,0,1,0,2,2
AC008667.3,lncRNA,0,1,1,0,2,1
AC008667.4,lncRNA,0,0,1,0,1,1
AC008669.1,lncRNA,0,0,0,0,1,1
AC008674.1,lncRNA,1,7,2,3,8,14
AC008676.1,lncRNA,1,0,0,4,3,3
AC008679.1,lncRNA,0,2,0,6,3,4
AC008680.1,lncRNA,0,0,0,0,1,1
AC008686.1,lncRNA,0,2,1,0,1,1
AC008687.3,lncRNA,0,1,5,3,4,3
AC008691.1,lncRNA,6,13,14,21,51,75
AC008696.2,lncRNA,0,0,0,2,2,3
AC008700.1,lncRNA,0,0,0,0,1,3
AC008703.1,lncRNA,2,0,0,1,3,1
AC008705.2,lncRNA,0,1,0,0,0,0
AC008708.2,lncRNA,0,1,0,0,2,3
AC008728.1,lncRNA,0,0,0,0,2,1
AC008731.1,lncRNA,0,2,0,5,1,0
AC008734.1,lncRNA,0,0,0,1,0,1
AC008734.2,lncRNA,0,0,0,0,1,1
AC008735.1,lncRNA,0,4,1,0,2,1
AC008735.2,lncRNA,0,1,0,0,1,2
AC008735.3,lncRNA,5,9,5,2,15,29
AC008735.4,lncRNA,0,1,0,0,4,1
AC008736.1,lncRNA,0,0,3,2,3,1
AC008736.2,lncRNA,1,0,0,0,2,2
AC008737.1,lncRNA,0,0,0,0,1,1
AC008738.1,lncRNA,0,2,0,0,1,0
AC008738.2,lncRNA,0,1,0,0,2,2
AC008738.3,lncRNA,0,4,0,0,3,1
AC008738.4,lncRNA,3,3,5,4,17,14
AC008738.5,lncRNA,3,1,2,2,6,3
AC008738.6,lncRNA,0,1,0,0,0,0
AC008738.7,lncRNA,0,1,1,0,0,1
AC008739.1,lncRNA,0,0,0,0,1,0
AC008741.1,lncRNA,2,1,0,2,11,9
AC008742.1,lncRNA,1,1,0,0,5,5
AC008743.1,lncRNA,2,1,2,4,5,3
AC008747.1,lncRNA,1,0,0,0,1,1
AC008750.1,lncRNA,0,2,0,0,2,1
AC008750.2,lncRNA,3,4,8,2,24,25
AC008750.3,lncRNA,0,0,0,0,0,1
AC008750.4,lncRNA,0,1,0,2,9,14
AC008750.6,lncRNA,1,2,0,0,3,5
AC008751.3,lncRNA,2,1,3,3,8,7
AC008752.1,lncRNA,0,0,0,1,1,2
AC008752.2,lncRNA,0,0,3,5,1,3
AC008753.2,lncRNA,0,5,1,0,1,1
AC008753.3,lncRNA,0,0,1,0,1,3
AC008758.2,lncRNA,1,1,0,0,5,3
AC008758.4,lncRNA,0,1,1,2,4,2
AC008759.2,lncRNA,0,1,0,2,0,1
AC008759.3,lncRNA,1,0,0,0,3,1
AC008760.1,lncRNA,1,0,0,1,1,2
AC008760.2,lncRNA,1,2,1,0,5,5
AC008761.1,lncRNA,0,0,0,1,2,2
AC008761.2,lncRNA,0,0,0,0,1,0
AC008763.1,lncRNA,4,4,9,7,21,21
AC008764.2,lncRNA,2,2,5,1,5,6
AC008764.3,lncRNA,0,0,0,1,1,1
AC008764.5,lncRNA,0,1,0,0,0,2
AC008764.6,lncRNA,2,6,2,3,6,9
AC008764.7,lncRNA,3,1,3,3,1,1
AC008764.8,lncRNA,6,6,9,4,71,83
AC008766.1,lncRNA,5,3,2,5,4,5
AC008770.3,lncRNA,0,0,0,2,0,3
AC008771.1,lncRNA,2,8,3,3,8,9
AC008780.1,lncRNA,0,1,0,1,2,4
AC008781.1,lncRNA,0,1,0,0,0,1
AC008781.2,lncRNA,0,0,0,0,0,1
AC008786.1,lncRNA,0,0,0,0,3,1
AC008798.2,lncRNA,5,3,14,5,87,65
AC008798.3,lncRNA,2,4,5,3,14,24
AC008799.2,lncRNA,0,1,0,0,0,1
AC008805.2,lncRNA,0,0,0,0,1,1
AC008808.1,lncRNA,0,0,0,3,10,7
AC008808.2,lncRNA,0,0,1,0,3,2
AC008825.1,lncRNA,2,1,5,4,16,12
AC008840.1,lncRNA,4,9,1,2,4,2
AC008852.1,lncRNA,0,0,1,1,7,3
AC008869.1,lncRNA,0,0,0,0,2,2
AC008870.1,lncRNA,0,4,0,1,3,2
AC008870.2,lncRNA,0,0,0,0,1,2
AC008870.3,lncRNA,1,1,3,0,4,2
AC008870.4,lncRNA,1,2,0,0,8,0
AC008875.1,lncRNA,0,0,0,0,5,5
AC008875.2,lncRNA,0,1,2,0,2,4
AC008875.3,lncRNA,5,4,10,6,15,14
AC008877.1,lncRNA,0,0,0,0,1,0
AC008878.3,lncRNA,0,0,0,0,1,1
AC008883.2,lncRNA,0,0,0,0,1,0
AC008883.3,lncRNA,29,7,3,0,6,3
AC008885.2,lncRNA,0,1,1,0,1,1
AC008892.1,lncRNA,2,16,3,3,40,61
AC008894.1,lncRNA,0,0,0,0,0,1
AC008894.2,lncRNA,4,4,6,2,17,13
AC008897.2,lncRNA,0,0,0,0,2,1
AC008906.1,lncRNA,0,1,3,0,0,1
AC008906.2,lncRNA,0,0,1,0,1,1
AC008914.1,lncRNA,0,0,0,0,1,1
AC008915.1,lncRNA,2,2,0,1,0,3
AC008915.2,lncRNA,1,1,1,3,6,3
AC008937.1,lncRNA,1,0,1,1,3,3
AC008937.2,lncRNA,6,0,4,4,7,8
AC008937.3,lncRNA,1,0,0,2,1,3
AC008938.1,lncRNA,2,2,3,7,12,14
AC008940.1,lncRNA,0,0,0,0,4,4
AC008945.1,lncRNA,1,0,0,0,0,1
AC008945.2,lncRNA,4,4,4,6,18,13
AC008946.1,lncRNA,0,1,0,7,0,1
AC008948.1,lncRNA,0,0,1,0,2,1
AC008957.1,lncRNA,0,5,4,0,2,5
AC008957.2,lncRNA,0,2,0,1,0,0
AC008964.1,lncRNA,2,1,0,0,2,1
AC008966.1,lncRNA,6,14,3,7,22,16
AC008966.2,lncRNA,0,0,0,1,0,0
AC008966.3,lncRNA,1,1,1,2,3,3
AC008969.1,lncRNA,132,60,36,36,155,91
AC008969.2,lncRNA,0,0,1,2,3,5
AC008972.1,lncRNA,0,1,0,1,1,1
AC008972.2,lncRNA,1,0,0,0,4,6
AC008982.2,lncRNA,3,3,0,5,3,3
AC008991.1,lncRNA,0,0,0,0,1,1
AC008992.1,lncRNA,0,0,0,0,4,5
AC008993.3,lncRNA,0,0,0,1,0,1
AC009005.1,lncRNA,1,0,1,1,5,3
AC009019.1,lncRNA,0,0,0,1,2,2
AC009019.2,lncRNA,2,1,1,0,1,1
AC009021.1,lncRNA,0,0,0,4,0,1
AC009021.2,lncRNA,0,0,0,3,2,1
AC009032.1,lncRNA,0,0,0,1,1,1
AC009034.1,lncRNA,0,1,0,0,0,0
AC009035.1,lncRNA,1,4,2,3,4,4
AC009041.1,lncRNA,2,4,5,9,13,12
AC009041.2,lncRNA,0,1,1,1,7,6
AC009041.3,lncRNA,0,0,0,1,0,1
AC009052.1,lncRNA,1,0,0,0,2,2
AC009053.2,lncRNA,2,4,3,10,16,14
AC009053.3,lncRNA,2,1,2,5,7,16
AC009054.1,lncRNA,0,0,3,3,0,1
AC009054.2,lncRNA,0,6,0,4,0,2
AC009055.1,lncRNA,0,0,0,1,2,2
AC009055.2,lncRNA,3,4,1,1,15,16
AC009060.1,lncRNA,5,6,11,7,223,171
AC009061.1,lncRNA,1,0,2,1,4,5
AC009061.2,lncRNA,11,25,7,49,24,31
AC009063.1,lncRNA,0,2,2,0,1,3
AC009063.2,lncRNA,4,14,12,12,84,93
AC009063.3,lncRNA,6,8,3,6,5,11
AC009063.4,lncRNA,4,0,2,1,10,5
AC009065.1,lncRNA,1,1,2,1,5,4
AC009065.2,lncRNA,0,1,2,1,3,3
AC009065.3,lncRNA,1,0,0,2,1,4
AC009065.4,lncRNA,4,5,5,7,14,17
AC009065.5,lncRNA,0,0,0,0,1,1
AC009065.6,lncRNA,0,0,1,0,3,2
AC009065.7,lncRNA,0,0,0,0,1,1
AC009065.8,lncRNA,0,2,0,1,1,3
AC009075.1,lncRNA,0,0,2,2,8,11
AC009081.2,lncRNA,1,2,0,1,2,3
AC009084.1,lncRNA,0,0,0,0,1,1
AC009087.1,lncRNA,1,0,0,0,0,1
AC009088.1,lncRNA,0,1,0,0,1,1
AC009088.2,lncRNA,0,0,0,2,0,1
AC009088.3,lncRNA,0,0,2,0,3,7
AC009090.1,lncRNA,1,0,0,4,5,3
AC009090.2,lncRNA,1,2,1,1,7,8
AC009090.3,lncRNA,0,0,0,0,1,0
AC009090.6,lncRNA,9,17,15,15,170,145
AC009093.1,lncRNA,3,8,5,9,30,36
AC009093.10,lncRNA,1,1,1,0,3,3
AC009093.11,lncRNA,0,1,1,0,3,3
AC009093.2,lncRNA,1,2,4,1,7,3
AC009093.4,lncRNA,0,0,0,0,2,1
AC009093.5,lncRNA,0,0,0,0,1,0
AC009095.1,lncRNA,0,0,0,2,1,1
AC009097.1,lncRNA,2,0,0,3,5,6
AC009097.2,lncRNA,1,0,1,0,7,3
AC009097.3,lncRNA,5,2,0,2,2,1
AC009097.4,lncRNA,4,3,9,7,7,11
AC009102.1,lncRNA,1,0,1,1,18,9
AC009102.2,lncRNA,0,0,0,1,5,6
AC009102.4,lncRNA,2,0,0,1,3,3
AC009107.2,lncRNA,2,14,7,11,28,42
AC009108.3,lncRNA,3,9,7,3,32,32
AC009110.1,lncRNA,0,0,0,0,1,2
AC009113.1,lncRNA,6,8,7,9,11,10
AC009113.2,lncRNA,0,0,0,0,0,1
AC009117.2,lncRNA,0,3,1,1,8,10
AC009118.2,lncRNA,1,1,1,2,16,14
AC009119.1,lncRNA,0,4,2,2,11,9
AC009119.2,lncRNA,0,0,1,1,3,4
AC009120.2,lncRNA,2,3,3,3,19,14
AC009120.3,lncRNA,4,1,2,3,8,9
AC009120.4,lncRNA,0,5,0,5,1,3
AC009120.5,lncRNA,0,7,0,6,2,2
AC009121.2,lncRNA,6,4,14,6,59,33
AC009121.3,lncRNA,0,1,3,1,2,2
AC009121.4,lncRNA,0,0,0,1,0,1
AC009123.1,lncRNA,1,6,3,1,5,6
AC009126.1,lncRNA,23,16,34,20,27,36
AC009133.1,lncRNA,5,6,4,9,24,25
AC009133.2,lncRNA,1,2,3,3,5,4
AC009133.3,lncRNA,2,3,0,7,1,8
AC009133.4,lncRNA,1,0,0,1,3,2
AC009133.5,lncRNA,1,2,1,0,3,2
AC009134.1,lncRNA,0,1,0,0,1,0
AC009135.1,lncRNA,1,1,0,0,11,6
AC009137.2,lncRNA,0,0,0,1,0,0
AC009139.1,lncRNA,0,0,0,0,4,2
AC009139.2,lncRNA,0,0,1,0,1,1
AC009141.1,lncRNA,0,2,0,0,2,0
AC009142.1,lncRNA,0,1,0,0,2,1
AC009145.1,lncRNA,0,0,0,2,1,1
AC009145.2,lncRNA,5,3,4,2,38,47
AC009145.3,lncRNA,0,0,0,0,3,1
AC009148.1,lncRNA,0,4,1,3,10,7
AC009152.1,lncRNA,0,0,0,0,3,0
AC009152.3,lncRNA,0,0,0,2,10,7
AC009152.6,lncRNA,1,2,0,1,2,0
AC009154.1,lncRNA,2,1,14,5,3,2
AC009154.2,lncRNA,0,0,0,0,1,0
AC009158.1,lncRNA,1,2,4,2,3,8
AC009159.1,lncRNA,0,1,0,0,3,1
AC009159.2,lncRNA,0,4,0,2,0,0
AC009159.3,lncRNA,0,0,0,0,2,1
AC009163.1,lncRNA,0,0,0,0,1,2
AC009163.4,lncRNA,1,0,2,0,2,2
AC009163.6,lncRNA,0,0,0,0,0,2
AC009163.7,lncRNA,3,5,2,5,19,12
AC009166.1,lncRNA,0,0,3,1,13,8
AC009166.3,lncRNA,1,1,1,1,8,8
AC009167.1,lncRNA,0,2,0,4,0,0
AC009171.2,lncRNA,0,0,0,0,1,1
AC009185.1,lncRNA,1,0,1,2,2,1
AC009226.1,lncRNA,1,1,1,2,5,6
AC009227.1,lncRNA,0,1,0,1,2,2
AC009227.2,lncRNA,0,0,1,0,2,3
AC009228.1,lncRNA,2,5,2,6,19,11
AC009229.1,lncRNA,0,1,0,0,3,0
AC009230.1,lncRNA,4,0,0,0,19,0
AC009234.1,lncRNA,1,0,0,0,1,1
AC009236.1,lncRNA,1,4,0,1,5,0
AC009236.2,lncRNA,1,1,2,1,9,5
AC009237.14,lncRNA,2,0,1,1,10,6
AC009237.15,lncRNA,0,0,0,0,1,0
AC009242.1,lncRNA,7,13,34,13,17,16
AC009244.1,lncRNA,3,4,0,1,4,5
AC009248.2,lncRNA,0,0,0,1,0,0
AC009262.1,lncRNA,0,0,0,0,1,2
AC009264.1,lncRNA,4,4,5,12,36,23
AC009268.3,lncRNA,0,0,0,0,2,0
AC009269.2,lncRNA,0,2,2,8,8,12
AC009269.3,lncRNA,3,2,0,0,3,0
AC009269.4,lncRNA,0,0,0,0,0,2
AC009269.5,lncRNA,0,0,0,0,0,1
AC009271.1,lncRNA,1,8,4,1,10,7
AC009271.2,lncRNA,0,0,0,0,2,3
AC009275.1,lncRNA,1,1,5,4,8,12
AC009276.1,lncRNA,0,1,7,3,2,5
AC009283.1,lncRNA,0,0,0,1,0,0
AC009292.1,lncRNA,10,5,10,4,15,20
AC009292.2,lncRNA,0,0,1,0,2,3
AC009299.2,lncRNA,2,3,4,7,10,13
AC009301.1,lncRNA,0,0,0,0,1,0
AC009303.2,lncRNA,2,1,4,1,11,11
AC009303.3,lncRNA,0,0,3,0,0,3
AC009309.1,lncRNA,0,0,1,1,5,6
AC009312.1,lncRNA,0,3,4,2,6,7
AC009315.1,lncRNA,31,65,23,52,78,86
AC009318.1,lncRNA,4,12,1,5,6,10
AC009318.3,lncRNA,0,0,0,0,1,0
AC009318.4,lncRNA,0,0,0,0,0,1
AC009320.1,lncRNA,0,0,1,1,2,4
AC009336.1,lncRNA,1,5,5,5,28,20
AC009365.2,lncRNA,0,1,0,1,3,5
AC009365.3,lncRNA,0,0,0,0,1,0
AC009387.1,lncRNA,2,2,4,8,2,2
AC009396.1,lncRNA,1,0,0,0,3,2
AC009396.2,lncRNA,0,1,0,0,3,2
AC009396.3,lncRNA,0,3,0,0,5,10
AC009403.1,lncRNA,1,6,3,2,5,5
AC009403.2,lncRNA,11,11,13,9,64,48
AC009403.3,lncRNA,0,0,4,1,6,1
AC009404.1,lncRNA,4,7,1,8,21,22
AC009407.1,lncRNA,0,0,1,1,3,5
AC009410.1,lncRNA,0,0,0,0,1,0
AC009411.1,lncRNA,0,1,4,0,3,3
AC009411.2,lncRNA,1,1,0,2,6,6
AC009413.1,lncRNA,0,2,1,4,3,4
AC009432.1,lncRNA,0,0,1,3,0,1
AC009432.2,lncRNA,2,2,1,2,2,3
AC009434.1,lncRNA,2,0,0,1,4,2
AC009435.1,lncRNA,0,0,0,0,1,1
AC009446.1,lncRNA,0,3,2,4,4,2
AC009468.1,lncRNA,0,0,0,0,1,0
AC009468.2,lncRNA,0,0,0,0,1,2
AC009478.1,lncRNA,1,3,1,1,162,19
AC009480.1,lncRNA,8,2,1,2,2,2
AC009486.1,lncRNA,2,2,0,1,10,4
AC009486.2,lncRNA,0,3,2,1,3,7
AC009487.1,lncRNA,1,1,0,1,3,2
AC009487.2,lncRNA,1,0,2,0,7,4
AC009494.2,lncRNA,0,1,0,0,3,1
AC009495.1,lncRNA,0,0,0,0,1,2
AC009495.2,lncRNA,0,0,0,0,0,1
AC009495.3,lncRNA,0,1,0,1,3,3
AC009498.1,lncRNA,1,1,1,6,3,4
AC009501.2,lncRNA,0,0,0,0,0,1
AC009505.1,lncRNA,1,2,0,0,1,4
AC009506.1,lncRNA,5,4,25,39,25,26
AC009509.1,lncRNA,4,2,1,1,4,4
AC009509.2,lncRNA,0,0,0,0,0,1
AC009509.4,lncRNA,0,0,0,0,1,0
AC009511.1,lncRNA,1,2,1,0,0,0
AC009511.2,lncRNA,2,1,1,1,4,3
AC009518.1,lncRNA,2,6,2,2,11,11
AC009522.1,lncRNA,0,1,2,1,4,3
AC009531.1,lncRNA,1,6,5,2,25,32
AC009533.3,lncRNA,2,5,0,7,2,5
AC009533.4,lncRNA,2,1,1,1,2,2
AC009542.1,lncRNA,0,1,2,2,23,5
AC009549.1,lncRNA,1,1,2,0,17,45
AC009554.1,lncRNA,0,0,2,4,3,2
AC009558.1,lncRNA,0,0,1,0,0,4
AC009558.2,lncRNA,0,2,0,0,0,1
AC009560.1,lncRNA,0,0,0,0,2,2
AC009560.3,lncRNA,2,3,1,6,6,3
AC009560.4,lncRNA,2,0,0,0,1,2
AC009562.1,lncRNA,2,0,3,5,6,7
AC009563.1,lncRNA,0,0,0,0,1,2
AC009567.1,lncRNA,0,0,0,1,3,2
AC009570.1,lncRNA,0,0,3,0,4,2
AC009570.2,lncRNA,1,1,0,1,2,3
AC009597.1,lncRNA,4,6,2,4,11,8
AC009623.1,lncRNA,5,6,3,5,11,14
AC009623.2,lncRNA,0,0,0,0,0,1
AC009623.3,lncRNA,1,2,0,0,6,2
AC009630.1,lncRNA,1,4,2,5,12,10
AC009630.2,lncRNA,0,0,0,0,1,3
AC009630.3,lncRNA,0,0,0,1,4,3
AC009630.4,lncRNA,0,0,2,5,10,4
AC009646.2,lncRNA,0,0,0,1,1,3
AC009652.1,lncRNA,0,2,0,2,2,3
AC009654.1,lncRNA,0,0,0,0,3,2
AC009656.1,lncRNA,0,1,0,1,5,2
AC009682.1,lncRNA,0,0,0,0,2,0
AC009686.1,lncRNA,0,0,0,0,1,0
AC009690.2,lncRNA,10,2,1,1,8,7
AC009704.1,lncRNA,0,0,0,4,2,2
AC009704.2,lncRNA,0,0,0,0,6,2
AC009704.3,lncRNA,0,1,2,1,6,4
AC009716.1,lncRNA,0,0,0,3,2,1
AC009720.1,lncRNA,0,3,2,40,7,3
AC009731.1,lncRNA,7,4,4,6,29,24
AC009743.1,lncRNA,3,0,2,1,5,8
AC009754.1,lncRNA,1,0,0,0,0,1
AC009754.2,lncRNA,0,3,3,2,6,9
AC009779.2,lncRNA,0,4,2,5,7,8
AC009779.4,lncRNA,0,1,0,1,1,5
AC009802.1,lncRNA,2,1,0,2,4,2
AC009803.1,lncRNA,2,4,3,17,7,7
AC009803.2,lncRNA,1,1,0,0,3,1
AC009804.2,lncRNA,1,2,1,0,9,4
AC009806.1,lncRNA,2,0,0,0,2,1
AC009812.1,lncRNA,1,1,1,1,11,6
AC009812.3,lncRNA,2,11,2,4,6,4
AC009812.4,lncRNA,0,0,1,0,7,9
AC009831.1,lncRNA,5,3,6,5,12,16
AC009835.1,lncRNA,0,0,1,0,2,0
AC009852.1,lncRNA,0,0,0,1,7,5
AC009869.1,lncRNA,3,2,4,4,12,13
AC009878.1,lncRNA,0,0,0,0,2,1
AC009878.2,lncRNA,3,6,7,7,11,7
AC009879.4,lncRNA,0,2,0,1,3,3
AC009884.1,lncRNA,0,0,1,1,5,10
AC009899.1,lncRNA,2,8,10,6,19,22
AC009902.2,lncRNA,1,6,2,1,7,7
AC009902.3,lncRNA,0,0,2,1,5,3
AC009908.1,lncRNA,1,0,0,2,11,5
AC009948.1,lncRNA,2,0,0,1,1,1
AC009948.2,lncRNA,1,1,1,1,8,15
AC009950.1,lncRNA,9,8,6,10,71,46
AC009951.5,lncRNA,0,0,0,2,1,1
AC009951.6,lncRNA,2,5,2,32,5,5
AC009955.2,lncRNA,0,0,1,1,0,1
AC009955.3,lncRNA,1,4,0,1,1,1
AC009955.4,lncRNA,0,0,0,0,3,1
AC009961.1,lncRNA,3,2,2,10,5,6
AC009961.3,lncRNA,3,0,1,0,4,4
AC009962.1,lncRNA,1,10,9,3,19,15
AC009965.1,lncRNA,0,0,0,2,1,1
AC009970.1,lncRNA,0,0,0,0,2,1
AC009971.1,lncRNA,18,2,0,1,7,2
AC009974.1,lncRNA,1,1,0,0,5,3
AC009974.2,lncRNA,0,0,0,0,2,1
AC009975.1,lncRNA,0,0,1,0,3,3
AC009975.2,lncRNA,0,0,0,2,2,2
AC009987.1,lncRNA,0,0,0,0,1,2
AC009988.1,lncRNA,1,0,1,0,1,1
AC009996.1,lncRNA,9,9,14,11,5,8
AC010082.1,lncRNA,0,1,2,2,1,1
AC010086.3,lncRNA,1,1,2,1,3,5
AC010092.1,lncRNA,1,2,2,3,7,7
AC010096.1,lncRNA,2,0,1,1,2,2
AC010105.1,lncRNA,0,0,0,0,1,4
AC010132.1,lncRNA,0,0,0,0,1,1
AC010132.4,lncRNA,0,0,0,1,1,1
AC010139.1,lncRNA,0,0,1,0,3,2
AC010145.1,lncRNA,0,0,0,0,1,1
AC010148.1,lncRNA,3,12,3,8,57,43
AC010149.1,lncRNA,0,0,0,0,1,2
AC010157.1,lncRNA,0,0,0,0,0,1
AC010157.2,lncRNA,0,1,5,0,1,2
AC010163.2,lncRNA,0,1,0,0,1,2
AC010163.3,lncRNA,2,7,10,7,53,50
AC010168.1,lncRNA,0,0,1,0,4,1
AC010168.2,lncRNA,2,4,1,4,12,7
AC010173.1,lncRNA,26,42,16,17,34,27
AC010175.1,lncRNA,1,0,2,0,19,8
AC010181.1,lncRNA,0,0,0,0,5,3
AC010181.2,lncRNA,1,0,0,0,1,1
AC010183.1,lncRNA,0,0,0,3,1,1
AC010183.2,lncRNA,0,0,0,0,1,1
AC010184.1,lncRNA,6,9,3,6,19,11
AC010185.1,lncRNA,0,0,0,0,1,0
AC010186.1,lncRNA,2,1,3,4,14,16
AC010186.3,lncRNA,7,27,6,9,47,42
AC010196.1,lncRNA,1,0,0,0,0,0
AC010197.1,lncRNA,0,1,0,0,5,2
AC010198.1,lncRNA,4,10,3,2,16,16
AC010198.2,lncRNA,9,19,13,26,38,45
AC010201.2,lncRNA,1,0,0,0,2,4
AC010201.3,lncRNA,0,0,0,0,1,1
AC010203.2,lncRNA,0,0,1,0,0,0
AC010205.1,lncRNA,0,0,0,0,3,1
AC010207.1,lncRNA,0,0,2,0,2,3
AC010210.1,lncRNA,25,33,63,14,55,62
AC010223.1,lncRNA,1,2,2,1,5,4
AC010226.1,lncRNA,3,4,9,3,15,12
AC010230.1,lncRNA,0,1,0,4,2,3
AC010240.3,lncRNA,0,0,1,0,6,7
AC010245.1,lncRNA,0,1,0,0,0,0
AC010245.2,lncRNA,3,7,0,0,0,2
AC010247.1,lncRNA,0,1,6,1,15,8
AC010247.2,lncRNA,4,2,5,2,117,117
AC010251.1,lncRNA,0,1,3,2,2,2
AC010255.1,lncRNA,0,0,1,1,9,10
AC010260.1,lncRNA,0,2,0,0,1,1
AC010261.1,lncRNA,0,1,0,4,1,1
AC010261.2,lncRNA,1,3,1,1,3,5
AC010266.1,lncRNA,0,0,0,0,2,2
AC010266.2,lncRNA,3,2,6,0,4,6
AC010267.1,lncRNA,1,1,1,2,1,3
AC010271.1,lncRNA,0,1,0,1,9,8
AC010271.2,lncRNA,2,1,3,3,20,33
AC010273.2,lncRNA,1,1,7,3,111,127
AC010275.1,lncRNA,0,0,0,1,1,1
AC010280.1,lncRNA,0,0,0,0,2,2
AC010280.2,lncRNA,0,0,0,0,0,2
AC010280.3,lncRNA,0,0,0,0,2,3
AC010285.1,lncRNA,0,0,1,0,2,4
AC010285.3,lncRNA,1,2,2,0,4,2
AC010291.1,lncRNA,0,0,2,0,2,2
AC010300.1,lncRNA,6,6,6,7,12,12
AC010307.2,lncRNA,0,0,0,0,2,6
AC010307.3,lncRNA,0,2,1,3,7,8
AC010307.4,lncRNA,0,0,0,0,1,0
AC010319.3,lncRNA,0,0,0,0,1,1
AC010319.4,lncRNA,1,2,0,0,0,1
AC010319.5,lncRNA,1,0,2,2,2,1
AC010320.1,lncRNA,1,0,1,1,3,2
AC010320.2,lncRNA,0,0,0,0,4,2
AC010320.3,lncRNA,0,0,0,4,3,1
AC010320.4,lncRNA,5,3,1,1,9,10
AC010325.2,lncRNA,0,2,0,1,0,1
AC010326.3,lncRNA,3,6,2,0,2,3
AC010327.4,lncRNA,1,1,5,1,21,13
AC010327.5,lncRNA,0,0,1,0,3,4
AC010327.6,lncRNA,11,15,7,4,22,20
AC010327.7,lncRNA,2,1,2,1,6,5
AC010327.8,lncRNA,7,13,0,17,8,10
AC010328.1,lncRNA,6,5,2,16,16,16
AC010328.3,lncRNA,0,1,0,1,1,4
AC010329.1,lncRNA,8,2,3,5,12,20
AC010331.1,lncRNA,2,2,3,2,22,18
AC010332.3,lncRNA,3,7,7,11,23,28
AC010333.1,lncRNA,0,2,0,1,2,0
AC010333.2,lncRNA,0,0,0,1,2,1
AC010333.3,lncRNA,1,3,10,4,1,1
AC010335.1,lncRNA,0,0,1,0,2,0
AC010336.1,lncRNA,9,19,15,8,65,80
AC010336.2,lncRNA,0,1,1,0,3,2
AC010336.3,lncRNA,2,4,1,2,1,1
AC010336.4,lncRNA,0,1,0,0,1,1
AC010336.5,lncRNA,2,1,1,0,3,3
AC010336.6,lncRNA,1,0,1,1,2,1
AC010336.7,lncRNA,3,0,0,0,3,3
AC010343.3,lncRNA,1,2,1,3,16,7
AC010359.2,lncRNA,2,2,1,3,13,17
AC010359.3,lncRNA,0,2,1,5,7,2
AC010378.1,lncRNA,4,0,1,0,3,1
AC010387.1,lncRNA,0,3,0,1,0,0
AC010395.1,lncRNA,1,0,0,0,2,2
AC010401.1,lncRNA,3,2,1,2,13,9
AC010406.1,lncRNA,0,0,0,0,0,2
AC010420.1,lncRNA,1,0,1,2,1,1
AC010422.1,lncRNA,0,0,0,0,1,0
AC010422.2,lncRNA,0,2,0,3,3,2
AC010422.4,lncRNA,3,1,0,1,0,2
AC010422.7,lncRNA,1,0,0,0,2,3
AC010424.3,lncRNA,0,3,0,10,3,4
AC010445.1,lncRNA,0,1,5,3,0,4
AC010451.1,lncRNA,1,1,0,0,2,1
AC010451.2,lncRNA,0,4,1,1,5,3
AC010451.3,lncRNA,0,0,0,0,0,1
AC010457.1,lncRNA,0,0,0,3,2,2
AC010463.2,lncRNA,0,6,0,2,3,2
AC010463.3,lncRNA,0,0,0,0,0,1
AC010468.1,lncRNA,0,0,0,2,1,1
AC010476.2,lncRNA,7,23,4,5,22,23
AC010478.1,lncRNA,4,3,5,12,51,41
AC010485.1,lncRNA,0,10,7,1,5,6
AC010486.3,lncRNA,0,0,0,0,1,2
AC010487.1,lncRNA,0,0,0,4,3,3
AC010491.1,lncRNA,3,6,11,9,60,49
AC010491.2,lncRNA,4,4,17,8,34,32
AC010494.1,lncRNA,1,1,2,0,6,7
AC010501.2,lncRNA,3,6,16,9,41,38
AC010503.1,lncRNA,0,0,0,0,0,1
AC010503.4,lncRNA,0,1,1,0,1,3
AC010504.1,lncRNA,0,2,1,0,1,2
AC010511.1,lncRNA,0,0,0,4,1,1
AC010519.1,lncRNA,0,1,0,1,1,0
AC010524.1,lncRNA,0,1,1,1,0,1
AC010525.1,lncRNA,0,6,0,2,1,4
AC010528.1,lncRNA,0,0,1,0,5,1
AC010528.2,lncRNA,1,1,0,0,1,1
AC010530.1,lncRNA,0,0,0,1,1,1
AC010531.3,lncRNA,3,0,0,0,0,0
AC010531.4,lncRNA,5,13,13,0,16,14
AC010531.5,lncRNA,0,0,0,0,2,1
AC010531.6,lncRNA,4,10,2,0,12,10
AC010531.7,lncRNA,0,0,1,0,4,3
AC010536.1,lncRNA,2,6,5,3,29,21
AC010536.2,lncRNA,0,0,0,1,3,1
AC010536.3,lncRNA,4,1,7,3,18,14
AC010538.1,lncRNA,1,6,2,4,9,5
AC010542.1,lncRNA,1,1,3,1,22,16
AC010542.2,lncRNA,0,1,0,0,2,1
AC010542.4,lncRNA,545,199,379,380,260,438
AC010542.5,lncRNA,2,8,0,0,1,1
AC010547.1,lncRNA,1,0,1,2,4,4
AC010547.2,lncRNA,0,2,0,0,0,0
AC010547.3,lncRNA,0,0,0,0,1,0
AC010551.1,lncRNA,0,3,0,0,4,5
AC010551.2,lncRNA,0,0,1,1,2,0
AC010551.3,lncRNA,0,0,0,1,2,1
AC010595.1,lncRNA,0,0,0,1,2,2
AC010601.1,lncRNA,0,0,1,2,2,0
AC010605.1,lncRNA,6,8,0,3,2,2
AC010608.1,lncRNA,0,0,0,0,2,2
AC010609.1,lncRNA,0,0,0,0,1,0
AC010615.2,lncRNA,3,3,2,3,4,9
AC010618.2,lncRNA,1,4,0,1,3,0
AC010618.3,lncRNA,4,11,6,17,10,13
AC010619.2,lncRNA,2,1,2,3,7,6
AC010623.1,lncRNA,1,11,0,2,2,5
AC010624.1,lncRNA,2,4,62,4,16,4
AC010624.2,lncRNA,1,2,3,5,4,3
AC010624.3,lncRNA,2,2,3,5,7,5
AC010624.5,lncRNA,0,0,1,1,2,2
AC010632.1,lncRNA,1,0,0,1,5,5
AC010632.2,lncRNA,0,0,0,2,0,0
AC010634.1,lncRNA,0,0,0,0,1,0
AC010636.1,lncRNA,0,1,0,0,1,1
AC010636.2,lncRNA,1,0,1,2,1,2
AC010641.1,lncRNA,0,0,0,1,3,4
AC010641.2,lncRNA,2,3,4,5,7,5
AC010642.2,lncRNA,4,2,3,5,11,8
AC010643.1,lncRNA,2,5,1,11,5,8
AC010649.1,lncRNA,2,2,1,2,10,8
AC010654.1,lncRNA,3,1,1,2,3,5
AC010655.2,lncRNA,0,0,0,0,2,1
AC010655.4,lncRNA,0,0,0,1,2,1
AC010677.2,lncRNA,2,0,0,0,2,2
AC010680.1,lncRNA,0,2,0,0,6,2
AC010680.2,lncRNA,0,0,0,1,1,1
AC010680.3,lncRNA,1,0,3,1,0,1
AC010680.4,lncRNA,0,0,0,0,1,0
AC010680.5,lncRNA,0,0,0,0,0,1
AC010719.1,lncRNA,0,0,0,0,2,0
AC010722.1,lncRNA,0,0,0,0,2,3
AC010727.1,lncRNA,1,7,2,2,23,17
AC010729.1,lncRNA,0,4,3,3,7,9
AC010729.2,lncRNA,5,0,4,2,9,12
AC010731.1,lncRNA,0,0,0,0,2,1
AC010733.1,lncRNA,3,8,1,1,2,3
AC010735.1,lncRNA,0,0,0,0,2,0
AC010735.2,lncRNA,0,3,0,1,4,5
AC010737.1,lncRNA,6,0,0,0,1,0
AC010745.1,lncRNA,4,1,1,2,2,4
AC010745.2,lncRNA,2,3,2,2,19,29
AC010745.3,lncRNA,0,0,0,1,1,1
AC010745.4,lncRNA,0,2,0,0,0,1
AC010745.5,lncRNA,0,1,4,1,1,1
AC010746.2,lncRNA,0,0,0,0,1,2
AC010754.1,lncRNA,1,2,1,1,5,6
AC010760.1,lncRNA,0,0,0,1,1,0
AC010761.1,lncRNA,1,3,2,1,4,4
AC010761.2,lncRNA,4,3,1,1,21,15
AC010761.4,lncRNA,0,2,0,0,3,3
AC010761.5,lncRNA,0,0,0,0,1,0
AC010761.6,lncRNA,1,2,0,2,1,2
AC010768.1,lncRNA,2,2,16,1,7,7
AC010768.2,lncRNA,1,2,0,0,3,5
AC010768.4,lncRNA,1,0,2,0,4,2
AC010776.1,lncRNA,0,0,0,0,1,0
AC010776.2,lncRNA,0,4,1,1,18,12
AC010776.3,lncRNA,0,0,0,0,1,0
AC010789.1,lncRNA,0,0,0,0,1,0
AC010789.2,lncRNA,6,5,14,2,1,4
AC010809.1,lncRNA,4,1,5,4,6,6
AC010809.2,lncRNA,0,0,1,1,0,2
AC010834.1,lncRNA,0,0,1,0,0,1
AC010834.2,lncRNA,0,0,1,0,2,3
AC010834.3,lncRNA,2,7,1,11,27,27
AC010857.1,lncRNA,0,0,0,0,2,1
AC010872.2,lncRNA,0,0,0,0,2,0
AC010880.1,lncRNA,0,0,0,0,6,12
AC010883.1,lncRNA,0,1,0,0,0,1
AC010883.2,lncRNA,2,2,3,2,7,10
AC010883.3,lncRNA,3,16,8,1,14,22
AC010884.1,lncRNA,2,3,2,2,4,9
AC010889.1,lncRNA,1,0,0,1,3,6
AC010889.2,lncRNA,3,6,5,9,7,10
AC010891.1,lncRNA,0,0,0,0,1,0
AC010894.1,lncRNA,0,0,0,2,5,7
AC010894.2,lncRNA,2,1,3,3,31,19
AC010894.3,lncRNA,1,0,1,0,2,2
AC010896.1,lncRNA,2,6,6,2,39,34
AC010904.2,lncRNA,0,0,0,4,0,0
AC010907.1,lncRNA,1,0,0,1,3,5
AC010907.2,lncRNA,0,2,1,0,1,2
AC010913.1,lncRNA,4,7,8,5,38,40
AC010931.1,lncRNA,11,4,5,5,29,23
AC010931.2,lncRNA,0,0,0,0,0,1
AC010941.1,lncRNA,0,1,3,7,9,2
AC010967.1,lncRNA,0,1,0,0,3,1
AC010967.2,lncRNA,0,0,0,1,0,0
AC010969.1,lncRNA,2,2,0,3,16,7
AC010969.2,lncRNA,0,7,2,0,4,7
AC010969.3,lncRNA,0,0,1,0,1,1
AC010973.1,lncRNA,0,5,0,1,1,1
AC010973.2,lncRNA,4,9,2,3,5,3
AC010974.1,lncRNA,0,0,0,0,0,2
AC010974.2,lncRNA,0,1,0,1,2,2
AC010976.1,lncRNA,16,26,42,48,330,448
AC010976.2,lncRNA,0,1,2,1,2,2
AC010978.1,lncRNA,2,3,6,6,18,22
AC010982.1,lncRNA,0,0,0,0,1,1
AC010982.2,lncRNA,0,0,0,0,1,3
AC010983.1,lncRNA,0,0,0,0,1,1
AC010987.1,lncRNA,0,1,0,0,7,2
AC010991.1,lncRNA,1,0,0,0,2,2
AC010996.1,lncRNA,1,1,0,2,5,4
AC010997.2,lncRNA,0,0,1,0,6,4
AC010997.3,lncRNA,1,1,1,1,6,6
AC010997.4,lncRNA,5,4,6,6,10,6
AC010997.5,lncRNA,1,1,0,1,7,7
AC010998.1,lncRNA,0,0,0,0,1,1
AC010998.2,lncRNA,0,0,0,1,0,1
AC010998.3,lncRNA,0,0,0,1,0,0
AC010999.1,lncRNA,0,0,0,0,1,0
AC010999.2,lncRNA,0,1,0,2,2,2
AC011008.1,lncRNA,0,3,0,0,1,4
AC011029.1,lncRNA,0,2,0,0,1,1
AC011092.2,lncRNA,0,0,1,0,0,2
AC011092.3,lncRNA,4,1,2,7,5,2
AC011095.1,lncRNA,1,3,10,5,56,44
AC011120.1,lncRNA,0,0,0,0,1,3
AC011124.1,lncRNA,0,0,4,3,6,3
AC011124.2,lncRNA,6,10,3,2,14,19
AC011139.1,lncRNA,0,0,0,1,2,2
AC011193.1,lncRNA,1,0,0,1,5,4
AC011196.1,lncRNA,0,0,0,0,0,2
AC011228.1,lncRNA,0,0,0,0,2,0
AC011228.2,lncRNA,0,0,1,0,1,2
AC011233.2,lncRNA,4,3,1,2,13,10
AC011239.1,lncRNA,3,0,1,1,9,13
AC011243.1,lncRNA,0,0,1,4,1,1
AC011246.1,lncRNA,1,3,1,6,8,7
AC011247.1,lncRNA,0,1,1,0,7,3
AC011257.1,lncRNA,0,0,0,0,0,1
AC011284.1,lncRNA,0,0,0,0,1,1
AC011287.1,lncRNA,1,3,10,5,12,11
AC011287.2,lncRNA,1,1,0,0,1,1
AC011290.1,lncRNA,0,0,0,0,0,1
AC011294.1,lncRNA,1,0,3,1,6,6
AC011297.1,lncRNA,13,38,12,7,19,25
AC011298.1,lncRNA,2,4,4,2,10,8
AC011303.1,lncRNA,0,0,2,0,1,1
AC011306.1,lncRNA,1,2,0,4,3,3
AC011317.1,lncRNA,0,1,1,1,7,5
AC011322.1,lncRNA,0,1,1,0,6,6
AC011333.1,lncRNA,0,0,0,0,0,1
AC011337.1,lncRNA,0,4,7,1,3,7
AC011346.1,lncRNA,8,14,28,28,52,34
AC011351.1,lncRNA,0,0,0,0,2,2
AC011352.1,lncRNA,0,0,0,0,1,0
AC011352.3,lncRNA,0,0,0,0,1,0
AC011362.1,lncRNA,0,0,0,0,1,1
AC011363.1,lncRNA,0,0,0,2,2,4
AC011365.1,lncRNA,0,1,1,0,2,1
AC011369.1,lncRNA,0,3,1,1,5,7
AC011370.1,lncRNA,14,12,26,60,756,446
AC011373.1,lncRNA,0,0,0,0,1,2
AC011374.1,lncRNA,0,0,0,0,2,2
AC011374.3,lncRNA,0,0,0,0,0,1
AC011379.1,lncRNA,7,4,4,8,4,12
AC011379.2,lncRNA,7,2,3,12,29,25
AC011383.1,lncRNA,0,0,0,0,4,2
AC011388.1,lncRNA,1,0,0,0,2,2
AC011389.1,lncRNA,0,1,0,0,0,0
AC011396.1,lncRNA,0,0,0,0,1,1
AC011396.2,lncRNA,0,0,0,0,1,1
AC011396.3,lncRNA,0,0,0,3,1,0
AC011405.1,lncRNA,0,4,3,1,1,9
AC011407.1,lncRNA,0,0,0,3,5,4
AC011410.1,lncRNA,0,0,0,0,4,1
AC011416.3,lncRNA,3,4,2,3,15,15
AC011416.4,lncRNA,4,13,8,9,30,37
AC011442.1,lncRNA,0,5,1,3,1,2
AC011443.1,lncRNA,0,2,0,2,1,1
AC011444.1,lncRNA,2,0,1,0,4,7
AC011444.2,lncRNA,0,0,1,0,14,9
AC011444.3,lncRNA,0,1,0,0,1,1
AC011445.1,lncRNA,1,0,0,0,1,2
AC011446.1,lncRNA,0,2,0,0,0,0
AC011446.2,lncRNA,15,23,8,36,12,32
AC011446.3,lncRNA,1,1,0,12,3,4
AC011447.3,lncRNA,3,12,3,7,19,24
AC011450.1,lncRNA,0,0,1,0,1,2
AC011451.1,lncRNA,1,0,0,0,0,2
AC011451.3,lncRNA,0,0,0,4,2,2
AC011451.4,lncRNA,1,3,0,1,2,4
AC011453.1,lncRNA,0,6,0,5,2,1
AC011455.1,lncRNA,0,1,0,0,9,7
AC011455.6,lncRNA,4,8,0,5,2,2
AC011461.1,lncRNA,1,2,0,1,0,1
AC011462.2,lncRNA,0,0,0,0,1,1
AC011462.3,lncRNA,0,3,2,17,9,3
AC011462.4,lncRNA,0,0,1,2,3,4
AC011462.5,lncRNA,6,9,2,1,23,17
AC011465.1,lncRNA,0,0,0,0,0,1
AC011466.1,lncRNA,1,4,3,1,5,4
AC011466.2,lncRNA,0,0,0,0,1,1
AC011466.3,lncRNA,0,1,2,2,17,12
AC011467.1,lncRNA,1,6,3,6,9,8
AC011467.3,lncRNA,0,0,0,0,2,0
AC011467.6,lncRNA,0,4,1,2,5,6
AC011468.2,lncRNA,0,2,0,0,2,1
AC011468.3,lncRNA,0,0,0,1,0,0
AC011468.5,lncRNA,1,0,1,0,6,4
AC011471.2,lncRNA,0,1,1,3,4,4
AC011472.1,lncRNA,0,0,2,2,0,2
AC011472.2,lncRNA,0,1,0,4,3,3
AC011472.3,lncRNA,2,7,0,1,1,4
AC011472.4,lncRNA,0,0,0,0,0,1
AC011473.2,lncRNA,0,0,0,0,1,0
AC011473.3,lncRNA,1,1,5,3,1,2
AC011474.1,lncRNA,3,5,8,6,26,19
AC011474.2,lncRNA,3,6,5,9,11,9
AC011474.3,lncRNA,0,0,0,0,1,2
AC011476.2,lncRNA,0,1,3,2,7,6
AC011476.3,lncRNA,3,2,0,0,2,6
AC011477.1,lncRNA,0,0,1,2,8,16
AC011477.2,lncRNA,0,1,0,0,0,0
AC011477.3,lncRNA,2,6,2,12,15,28
AC011477.7,lncRNA,1,0,1,1,4,3
AC011477.8,lncRNA,0,0,0,1,0,1
AC011478.1,lncRNA,0,0,1,1,2,5
AC011479.2,lncRNA,0,1,0,1,0,1
AC011479.3,lncRNA,1,1,2,1,9,16
AC011479.4,lncRNA,3,1,0,2,2,2
AC011481.1,lncRNA,4,0,2,0,2,1
AC011481.2,lncRNA,0,1,1,3,2,2
AC011483.1,lncRNA,2,1,1,0,7,5
AC011483.2,lncRNA,0,1,1,2,1,2
AC011484.1,lncRNA,4,1,4,2,42,29
AC011491.2,lncRNA,0,0,0,1,1,0
AC011491.3,lncRNA,0,0,0,0,1,2
AC011495.2,lncRNA,1,4,1,15,2,4
AC011495.3,lncRNA,0,0,0,1,5,5
AC011497.1,lncRNA,1,1,2,0,7,5
AC011498.1,lncRNA,0,0,0,0,2,3
AC011498.3,lncRNA,2,0,1,2,2,3
AC011498.6,lncRNA,0,0,0,0,2,1
AC011500.3,lncRNA,1,3,1,1,6,6
AC011503.1,lncRNA,1,1,5,1,18,33
AC011503.2,lncRNA,0,3,0,0,0,3
AC011503.4,lncRNA,4,9,16,10,53,258
AC011505.1,lncRNA,1,1,0,0,2,5
AC011507.1,lncRNA,0,1,0,1,1,2
AC011509.1,lncRNA,0,0,0,0,3,4
AC011509.2,lncRNA,0,0,0,0,2,2
AC011509.3,lncRNA,0,0,3,1,3,3
AC011510.1,lncRNA,5,0,9,4,10,5
AC011511.2,lncRNA,1,1,3,2,10,8
AC011511.3,lncRNA,0,0,1,0,1,1
AC011511.5,lncRNA,11,7,25,10,51,45
AC011516.1,lncRNA,0,0,0,0,1,0
AC011518.1,lncRNA,1,2,1,2,7,8
AC011523.1,lncRNA,0,0,0,0,4,1
AC011524.2,lncRNA,0,0,0,0,1,0
AC011525.1,lncRNA,1,3,1,2,13,14
AC011525.2,lncRNA,1,1,0,1,8,10
AC011586.1,lncRNA,0,0,0,2,0,1
AC011586.2,lncRNA,1,2,1,1,2,3
AC011591.1,lncRNA,0,0,0,0,1,0
AC011593.1,lncRNA,6,6,8,9,37,30
AC011595.1,lncRNA,1,0,0,2,3,1
AC011595.2,lncRNA,0,8,2,0,3,1
AC011601.1,lncRNA,0,5,0,0,5,3
AC011603.1,lncRNA,2,0,0,2,6,3
AC011603.2,lncRNA,33,33,19,21,44,40
AC011603.3,lncRNA,0,0,0,0,0,2
AC011611.2,lncRNA,1,0,0,0,1,1
AC011611.3,lncRNA,1,0,0,2,6,4
AC011611.4,lncRNA,1,1,7,8,115,65
AC011625.1,lncRNA,0,0,0,0,1,0
AC011632.1,lncRNA,1,1,0,5,6,4
AC011632.2,lncRNA,1,0,0,0,2,2
AC011676.1,lncRNA,0,0,1,1,3,2
AC011676.2,lncRNA,1,0,0,1,3,2
AC011676.3,lncRNA,0,0,0,0,1,3
AC011676.4,lncRNA,45,6,4,4,90,2
AC011700.1,lncRNA,2,3,3,2,26,17
AC011726.1,lncRNA,1,1,0,2,0,1
AC011726.2,lncRNA,1,0,1,0,3,1
AC011731.1,lncRNA,0,0,0,0,1,1
AC011747.1,lncRNA,0,0,0,0,3,6
AC011751.1,lncRNA,2,3,1,2,4,9
AC011752.1,lncRNA,2,1,1,5,6,4
AC011753.2,lncRNA,0,1,0,0,3,0
AC011754.1,lncRNA,1,0,1,1,9,7
AC011754.2,lncRNA,1,0,0,0,1,3
AC011773.1,lncRNA,0,1,0,1,2,2
AC011773.3,lncRNA,1,0,0,1,4,3
AC011773.4,lncRNA,0,0,0,1,4,5
AC011815.1,lncRNA,14,23,69,33,230,234
AC011815.2,lncRNA,9,7,4,17,99,93
AC011824.1,lncRNA,0,0,1,1,1,2
AC011824.2,lncRNA,0,2,1,5,4,1
AC011824.3,lncRNA,0,0,0,0,10,2
AC011825.2,lncRNA,0,3,0,3,2,3
AC011825.3,lncRNA,1,0,1,0,4,2
AC011825.4,lncRNA,2,6,1,4,5,3
AC011840.1,lncRNA,1,2,1,1,3,3
AC011840.2,lncRNA,1,1,1,0,6,3
AC011840.4,lncRNA,1,0,0,0,1,1
AC011853.2,lncRNA,0,0,0,0,1,1
AC011891.2,lncRNA,0,0,0,0,1,0
AC011897.1,lncRNA,0,0,2,0,0,0
AC011899.1,lncRNA,16,52,29,28,15,21
AC011899.2,lncRNA,0,0,0,0,1,2
AC011899.3,lncRNA,1,1,1,0,7,6
AC011901.1,lncRNA,0,0,0,0,0,6
AC011912.1,lncRNA,1,0,1,2,4,5
AC011921.1,lncRNA,1,0,1,4,6,6
AC011933.2,lncRNA,6,4,3,3,12,18
AC011933.3,lncRNA,0,0,0,1,0,0
AC011933.4,lncRNA,0,0,0,0,2,2
AC011939.2,lncRNA,0,0,0,0,3,1
AC011939.3,lncRNA,0,0,0,0,1,0
AC011944.1,lncRNA,0,7,1,1,9,3
AC011978.1,lncRNA,2,2,1,9,222,446
AC011990.1,lncRNA,0,0,0,0,5,0
AC011995.1,lncRNA,0,0,0,0,0,1
AC011995.2,lncRNA,10,21,17,8,20,28
AC011997.1,lncRNA,0,0,2,0,1,0
AC011997.2,lncRNA,0,0,0,0,3,0
AC012020.1,lncRNA,3,7,5,9,15,16
AC012038.1,lncRNA,0,0,0,6,1,0
AC012038.2,lncRNA,0,0,0,0,1,1
AC012055.1,lncRNA,0,0,0,1,4,4
AC012055.2,lncRNA,0,0,0,1,0,1
AC012060.1,lncRNA,0,1,0,0,5,2
AC012063.1,lncRNA,4,12,12,9,49,37
AC012065.1,lncRNA,4,1,1,3,5,0
AC012065.2,lncRNA,0,0,1,0,1,0
AC012065.3,lncRNA,0,0,0,0,1,0
AC012066.1,lncRNA,0,0,0,1,3,2
AC012070.1,lncRNA,0,0,1,0,3,1
AC012073.1,lncRNA,0,1,2,1,4,5
AC012076.1,lncRNA,2,0,2,1,12,4
AC012078.2,lncRNA,0,0,0,0,1,1
AC012081.1,lncRNA,0,0,0,0,1,0
AC012081.2,lncRNA,0,0,0,1,2,4
AC012085.2,lncRNA,4,8,2,2,5,3
AC012087.2,lncRNA,0,0,1,2,11,9
AC012100.1,lncRNA,0,0,0,0,0,3
AC012101.1,lncRNA,0,0,0,1,1,1
AC012101.2,lncRNA,6,4,7,1,22,19
AC012103.1,lncRNA,4,4,5,6,49,53
AC012123.1,lncRNA,1,1,3,9,14,9
AC012146.2,lncRNA,1,0,1,0,7,7
AC012150.1,lncRNA,0,0,2,5,1,0
AC012150.2,lncRNA,2,2,2,0,0,0
AC012157.2,lncRNA,0,0,0,0,1,1
AC012157.3,lncRNA,0,6,0,0,1,0
AC012173.1,lncRNA,0,0,0,0,1,2
AC012174.1,lncRNA,0,0,0,1,1,1
AC012178.1,lncRNA,14,9,13,14,91,97
AC012181.2,lncRNA,2,0,0,0,0,0
AC012184.1,lncRNA,0,0,1,0,1,2
AC012184.3,lncRNA,0,1,3,3,4,15
AC012184.4,lncRNA,0,2,0,0,9,7
AC012186.2,lncRNA,1,1,1,1,6,10
AC012213.1,lncRNA,4,6,3,4,52,40
AC012213.2,lncRNA,0,7,0,12,7,8
AC012213.4,lncRNA,0,0,1,0,1,0
AC012229.1,lncRNA,0,0,0,0,1,0
AC012236.1,lncRNA,2,1,3,1,10,5
AC012254.1,lncRNA,0,0,0,0,0,1
AC012254.3,lncRNA,1,0,2,0,5,2
AC012291.2,lncRNA,0,0,0,0,1,1
AC012291.3,lncRNA,3,14,5,9,38,36
AC012301.1,lncRNA,0,0,0,0,1,0
AC012301.2,lncRNA,0,0,0,1,1,2
AC012306.2,lncRNA,2,1,1,3,3,2
AC012306.3,lncRNA,0,1,0,4,1,2
AC012307.1,lncRNA,0,1,0,4,3,4
AC012313.1,lncRNA,2,2,7,3,8,9
AC012313.2,lncRNA,1,0,1,0,11,11
AC012313.3,lncRNA,6,13,10,13,21,21
AC012313.5,lncRNA,0,0,1,1,3,3
AC012313.6,lncRNA,4,2,5,1,39,35
AC012313.7,lncRNA,0,1,0,0,1,1
AC012313.8,lncRNA,2,5,5,3,18,11
AC012313.9,lncRNA,1,1,0,0,1,1
AC012317.1,lncRNA,0,1,0,1,1,0
AC012321.1,lncRNA,0,2,0,0,1,2
AC012322.1,lncRNA,0,0,1,0,2,1
AC012325.1,lncRNA,0,0,2,0,2,2
AC012339.1,lncRNA,0,0,0,1,0,0
AC012349.1,lncRNA,14,47,21,21,80,48
AC012354.1,lncRNA,0,1,2,3,13,29
AC012355.1,lncRNA,0,0,0,1,4,3
AC012358.1,lncRNA,1,5,0,3,1,2
AC012358.2,lncRNA,14,15,9,10,23,34
AC012360.1,lncRNA,0,4,1,0,1,0
AC012360.2,lncRNA,0,0,0,0,1,0
AC012363.1,lncRNA,0,1,1,0,9,11
AC012363.2,lncRNA,0,2,0,0,0,1
AC012366.1,lncRNA,0,0,0,0,0,1
AC012368.1,lncRNA,13,30,70,165,67,63
AC012370.1,lncRNA,0,0,0,3,2,0
AC012370.2,lncRNA,0,2,5,2,8,4
AC012378.1,lncRNA,0,1,0,0,1,4
AC012378.2,lncRNA,0,1,0,1,3,3
AC012379.1,lncRNA,0,0,0,0,1,0
AC012379.2,lncRNA,0,1,1,2,14,10
AC012404.1,lncRNA,1,0,0,0,1,1
AC012404.2,lncRNA,0,0,0,0,1,1
AC012405.1,lncRNA,0,0,0,0,1,2
AC012409.1,lncRNA,1,4,1,3,11,13
AC012409.2,lncRNA,1,1,2,3,2,4
AC012409.3,lncRNA,0,0,1,0,0,0
AC012409.4,lncRNA,0,0,0,0,0,1
AC012413.1,lncRNA,0,0,0,0,0,1
AC012414.2,lncRNA,0,0,0,0,1,0
AC012414.3,lncRNA,0,0,1,0,2,2
AC012414.4,lncRNA,0,0,1,1,3,3
AC012417.1,lncRNA,0,1,0,0,0,0
AC012433.2,lncRNA,1,1,0,2,5,4
AC012442.1,lncRNA,0,0,2,0,2,3
AC012442.2,lncRNA,0,0,0,0,1,1
AC012443.2,lncRNA,2,1,2,3,15,15
AC012445.1,lncRNA,1,1,1,1,4,1
AC012447.1,lncRNA,0,0,0,1,4,4
AC012456.1,lncRNA,1,7,1,11,7,4
AC012456.2,lncRNA,0,0,2,0,0,1
AC012459.1,lncRNA,5,4,6,11,56,23
AC012462.1,lncRNA,0,1,0,1,7,9
AC012462.2,lncRNA,1,3,0,0,2,3
AC012462.3,lncRNA,0,1,0,0,1,2
AC012464.1,lncRNA,1,0,0,1,2,1
AC012464.2,lncRNA,1,3,0,0,9,9
AC012464.3,lncRNA,0,0,1,1,3,3
AC012467.2,lncRNA,2,2,0,1,3,1
AC012470.1,lncRNA,1,2,1,6,12,15
AC012485.1,lncRNA,7,4,7,7,36,39
AC012485.2,lncRNA,0,4,1,4,3,4
AC012485.3,lncRNA,3,5,2,5,12,8
AC012494.1,lncRNA,0,0,0,2,4,2
AC012494.2,lncRNA,1,4,2,2,2,4
AC012500.1,lncRNA,0,1,0,4,5,3
AC012501.2,lncRNA,0,0,0,0,4,5
AC012506.1,lncRNA,0,0,1,0,1,6
AC012506.2,lncRNA,0,0,1,0,1,2
AC012506.3,lncRNA,1,0,4,1,7,11
AC012506.4,lncRNA,2,10,0,1,1,1
AC012507.1,lncRNA,1,0,3,0,1,1
AC012507.3,lncRNA,0,0,0,0,4,3
AC012508.1,lncRNA,1,6,4,8,19,27
AC012508.2,lncRNA,0,2,1,1,5,7
AC012508.3,lncRNA,1,1,1,0,6,6
AC012511.1,lncRNA,0,0,0,0,0,2
AC012511.2,lncRNA,25,16,11,5,7837,119
AC012513.1,lncRNA,0,0,0,1,0,1
AC012531.1,lncRNA,7,0,4,6,11,10
AC012531.2,lncRNA,0,0,1,0,14,10
AC012533.1,lncRNA,4,2,1,1,17,20
AC012535.1,lncRNA,0,0,0,0,2,1
AC012555.1,lncRNA,0,0,0,0,3,2
AC012557.1,lncRNA,0,0,0,0,0,2
AC012557.2,lncRNA,0,0,0,0,0,1
AC012558.1,lncRNA,2,3,3,1,6,5
AC012560.1,lncRNA,1,4,2,1,3,3
AC012568.1,lncRNA,1,0,0,0,1,0
AC012572.1,lncRNA,1,0,1,0,1,0
AC012574.1,lncRNA,0,0,0,1,4,1
AC012574.2,lncRNA,1,1,4,7,42,28
AC012588.1,lncRNA,1,7,0,0,2,4
AC012593.1,lncRNA,2,5,3,11,9,11
AC012593.2,lncRNA,0,0,1,0,2,3
AC012613.1,lncRNA,0,1,0,1,4,3
AC012613.2,lncRNA,2,2,5,8,15,10
AC012615.1,lncRNA,1,1,1,1,9,3
AC012615.2,lncRNA,1,0,1,1,4,4
AC012615.3,lncRNA,0,0,0,0,2,2
AC012615.4,lncRNA,1,0,2,3,6,5
AC012615.5,lncRNA,0,1,1,1,2,1
AC012615.6,lncRNA,2,3,7,5,31,26
AC012625.1,lncRNA,1,1,0,1,14,14
AC012629.1,lncRNA,0,0,0,2,0,1
AC012640.1,lncRNA,3,5,3,3,49,30
AC012640.2,lncRNA,3,4,2,3,14,12
AC012640.3,lncRNA,0,0,0,0,2,2
AC012640.4,lncRNA,0,1,0,4,2,1
AC012645.1,lncRNA,0,2,3,1,16,10
AC012645.2,lncRNA,1,0,0,0,1,0
AC012645.3,lncRNA,0,2,1,0,5,3
AC012645.4,lncRNA,0,1,1,0,2,3
AC012653.2,lncRNA,0,2,0,2,0,0
AC012668.2,lncRNA,1,0,0,0,1,1
AC012668.3,lncRNA,3,6,4,3,4,5
AC012673.1,lncRNA,1,0,0,1,7,3
AC012676.1,lncRNA,1,3,2,4,9,7
AC012676.3,lncRNA,0,0,0,2,0,1
AC012676.4,lncRNA,0,0,0,2,3,5
AC013248.1,lncRNA,0,0,0,0,0,1
AC013265.1,lncRNA,0,3,0,4,0,2
AC013267.1,lncRNA,3,1,3,7,2,1
AC013268.5,lncRNA,0,0,1,1,13,17
AC013269.1,lncRNA,1,2,1,2,1,3
AC013270.1,lncRNA,0,0,0,0,1,1
AC013286.1,lncRNA,0,1,0,0,2,1
AC013287.1,lncRNA,11,21,161,3,13,14
AC013356.2,lncRNA,0,0,1,5,1,2
AC013356.3,lncRNA,0,0,0,0,1,0
AC013356.4,lncRNA,2,1,2,0,1,1
AC013391.1,lncRNA,0,1,0,0,0,1
AC013391.2,lncRNA,1,0,0,1,1,1
AC013391.3,lncRNA,0,0,0,0,0,2
AC013400.1,lncRNA,0,0,2,3,3,1
AC013401.1,lncRNA,0,0,0,1,0,1
AC013402.1,lncRNA,1,0,2,1,4,8
AC013402.3,lncRNA,0,0,0,1,4,4
AC013403.2,lncRNA,0,0,0,0,0,1
AC013436.1,lncRNA,0,0,1,2,4,3
AC013437.1,lncRNA,1,2,1,1,6,11
AC013439.1,lncRNA,0,2,0,0,3,2
AC013442.1,lncRNA,0,0,1,6,6,8
AC013448.1,lncRNA,0,0,0,3,3,5
AC013448.2,lncRNA,0,0,0,0,0,1
AC013451.1,lncRNA,0,0,1,0,2,1
AC013451.2,lncRNA,0,0,0,1,1,6
AC013452.2,lncRNA,0,0,2,0,2,1
AC013457.1,lncRNA,0,1,0,0,3,2
AC013460.1,lncRNA,6,7,9,9,33,32
AC013468.1,lncRNA,0,0,0,0,0,1
AC013472.1,lncRNA,2,1,0,0,0,1
AC013472.2,lncRNA,0,0,0,0,4,4
AC013474.2,lncRNA,0,2,0,1,1,0
AC013480.1,lncRNA,0,0,0,0,1,1
AC013486.1,lncRNA,0,1,4,2,3,8
AC013549.1,lncRNA,0,0,1,0,0,0
AC013549.4,lncRNA,1,0,0,0,0,0
AC013553.3,lncRNA,1,1,0,4,4,9
AC013553.4,lncRNA,0,0,0,0,6,3
AC013562.1,lncRNA,0,7,1,2,6,6
AC013564.1,lncRNA,0,2,2,0,3,3
AC013565.2,lncRNA,1,1,1,1,5,7
AC013640.1,lncRNA,0,0,0,0,1,1
AC013643.2,lncRNA,0,2,3,3,5,5
AC013644.1,lncRNA,5,6,3,3,12,9
AC013652.1,lncRNA,5,11,1,2,9,9
AC013652.2,lncRNA,0,0,0,0,4,1
AC013701.2,lncRNA,0,0,1,0,1,1
AC013714.1,lncRNA,0,1,0,0,1,0
AC013724.1,lncRNA,1,5,1,7,16,22
AC013726.1,lncRNA,1,1,5,2,31,34
AC013727.1,lncRNA,0,1,1,2,4,8
AC013727.2,lncRNA,0,0,0,0,1,1
AC013731.1,lncRNA,0,0,2,1,1,0
AC013733.1,lncRNA,2,0,0,0,1,0
AC013733.2,lncRNA,2,1,6,1,13,12
AC013762.1,lncRNA,1,0,0,0,1,1
AC015468.1,lncRNA,0,0,0,0,1,0
AC015468.2,lncRNA,0,1,2,0,1,0
AC015468.3,lncRNA,0,0,0,3,0,0
AC015522.1,lncRNA,1,3,0,0,5,2
AC015563.1,lncRNA,0,0,0,2,1,0
AC015563.2,lncRNA,0,0,0,0,2,2
AC015574.1,lncRNA,11,12,7,11,83,105
AC015631.1,lncRNA,1,3,3,4,12,15
AC015660.1,lncRNA,11,12,19,9,52,36
AC015660.3,lncRNA,1,0,0,4,0,1
AC015660.5,lncRNA,0,0,2,1,5,6
AC015674.1,lncRNA,0,2,0,0,1,0
AC015687.1,lncRNA,1,0,1,5,3,5
AC015688.6,lncRNA,1,1,1,0,1,1
AC015712.1,lncRNA,1,2,1,1,10,5
AC015712.2,lncRNA,6,9,13,14,48,40
AC015712.4,lncRNA,0,0,0,0,2,1
AC015712.5,lncRNA,0,0,0,0,0,1
AC015712.6,lncRNA,7,6,14,10,29,32
AC015712.7,lncRNA,0,0,1,0,0,3
AC015722.1,lncRNA,0,0,0,1,0,0
AC015722.2,lncRNA,0,1,0,3,2,1
AC015726.1,lncRNA,0,0,0,0,3,1
AC015727.1,lncRNA,0,2,0,0,0,1
AC015795.1,lncRNA,2,3,4,3,4,3
AC015802.1,lncRNA,1,1,0,0,6,5
AC015802.3,lncRNA,0,1,0,0,0,2
AC015802.4,lncRNA,4,6,8,15,17,6
AC015802.5,lncRNA,0,0,3,3,10,18
AC015802.7,lncRNA,0,0,0,0,1,1
AC015813.1,lncRNA,10,17,6,12,193,14
AC015813.3,lncRNA,7,7,3,5,25,23
AC015813.8,lncRNA,0,5,1,4,7,6
AC015818.2,lncRNA,1,0,1,0,0,0
AC015818.4,lncRNA,0,2,0,0,0,1
AC015818.7,lncRNA,1,0,0,0,2,2
AC015818.8,lncRNA,2,4,2,4,11,14
AC015818.9,lncRNA,1,1,1,1,5,2
AC015819.1,lncRNA,1,1,1,0,11,8
AC015819.2,lncRNA,0,0,0,0,11,8
AC015819.3,lncRNA,1,0,4,2,6,12
AC015819.5,lncRNA,1,0,0,1,4,2
AC015845.1,lncRNA,0,0,0,0,0,1
AC015845.2,lncRNA,2,0,1,0,3,3
AC015849.1,lncRNA,1,0,0,0,3,0
AC015849.2,lncRNA,0,0,0,0,4,2
AC015849.3,lncRNA,2,0,0,10,0,1
AC015849.4,lncRNA,0,1,0,1,0,0
AC015853.1,lncRNA,0,0,0,0,1,0
AC015853.2,lncRNA,0,0,0,1,1,0
AC015853.3,lncRNA,1,0,0,0,1,2
AC015871.3,lncRNA,5,3,1,4,2,3
AC015871.6,lncRNA,1,2,3,1,11,12
AC015878.1,lncRNA,0,0,0,0,4,3
AC015908.2,lncRNA,0,0,1,10,2,1
AC015908.3,lncRNA,2,0,1,0,6,7
AC015908.4,lncRNA,0,0,0,0,0,1
AC015908.6,lncRNA,1,0,1,2,3,6
AC015908.7,lncRNA,0,0,0,0,2,3
AC015909.1,lncRNA,0,1,4,4,11,18
AC015909.2,lncRNA,1,0,1,1,1,1
AC015909.3,lncRNA,0,3,1,5,6,5
AC015909.4,lncRNA,6,1,2,0,2,4
AC015911.2,lncRNA,0,0,0,0,0,1
AC015911.3,lncRNA,0,0,0,0,1,1
AC015911.5,lncRNA,0,0,0,0,0,1
AC015911.6,lncRNA,0,0,0,0,1,0
AC015911.8,lncRNA,0,0,0,0,0,4
AC015912.1,lncRNA,1,0,1,0,2,2
AC015912.3,lncRNA,0,3,1,3,7,2
AC015914.1,lncRNA,0,0,0,0,1,1
AC015917.2,lncRNA,0,1,0,0,4,3
AC015921.1,lncRNA,6,4,18,9,43,39
AC015922.2,lncRNA,1,0,0,0,12,11
AC015922.3,lncRNA,4,1,1,1,2,2
AC015923.1,lncRNA,0,0,0,1,1,1
AC015936.1,lncRNA,0,1,2,1,3,5
AC015943.1,lncRNA,0,0,0,0,1,1
AC015961.1,lncRNA,1,0,0,0,2,4
AC015961.2,lncRNA,0,2,2,1,6,10
AC015967.1,lncRNA,0,0,0,0,1,1
AC015969.1,lncRNA,2,5,2,1,9,8
AC015971.1,lncRNA,3,4,2,2,15,15
AC015977.1,lncRNA,0,0,0,0,2,4
AC015983.2,lncRNA,2,0,0,2,2,4
AC015987.1,lncRNA,0,0,4,1,3,3
AC016026.1,lncRNA,3,5,3,2,20,22
AC016026.2,lncRNA,1,1,1,0,9,20
AC016027.1,lncRNA,6,2,5,4,17,10
AC016027.2,lncRNA,6,6,4,2,30,18
AC016027.3,lncRNA,0,0,0,4,1,1
AC016042.1,lncRNA,1,4,3,7,17,20
AC016044.1,lncRNA,4,5,7,8,29,24
AC016065.1,lncRNA,4,16,17,15,37,23
AC016074.1,lncRNA,0,0,0,0,0,1
AC016074.2,lncRNA,2,9,8,7,17,24
AC016134.1,lncRNA,4,3,1,2,12,13
AC016168.1,lncRNA,9,15,12,17,45,40
AC016168.2,lncRNA,0,1,1,1,9,10
AC016168.4,lncRNA,4,1,0,6,2,6
AC016229.1,lncRNA,0,1,0,0,0,1
AC016229.2,lncRNA,0,1,0,0,1,1
AC016240.1,lncRNA,2,1,5,9,9,20
AC016245.1,lncRNA,6,7,6,11,18,16
AC016245.2,lncRNA,6,14,11,6,35,27
AC016266.1,lncRNA,1,0,0,0,2,3
AC016292.1,lncRNA,0,0,0,0,1,0
AC016355.1,lncRNA,11,11,47,30,17,12
AC016383.1,lncRNA,0,0,0,0,2,4
AC016383.2,lncRNA,2,0,1,2,5,4
AC016383.3,lncRNA,0,0,0,1,1,1
AC016394.1,lncRNA,0,0,0,0,0,1
AC016394.2,lncRNA,0,2,0,1,1,3
AC016396.1,lncRNA,7,0,0,0,0,0
AC016396.2,lncRNA,2,1,2,2,5,3
AC016405.1,lncRNA,0,1,1,0,2,1
AC016405.2,lncRNA,0,0,2,1,2,1
AC016405.3,lncRNA,4,1,3,5,9,10
AC016493.1,lncRNA,0,4,0,1,0,0
AC016526.1,lncRNA,1,0,0,0,3,1
AC016526.2,lncRNA,0,0,0,0,0,1
AC016526.4,lncRNA,0,0,0,0,3,1
AC016542.1,lncRNA,0,0,0,0,1,0
AC016549.1,lncRNA,1,2,3,2,7,5
AC016550.1,lncRNA,0,0,0,0,0,1
AC016550.2,lncRNA,0,0,0,0,1,0
AC016550.3,lncRNA,0,0,0,1,0,0
AC016553.1,lncRNA,0,0,0,0,3,4
AC016556.1,lncRNA,0,0,0,0,0,3
AC016571.1,lncRNA,2,0,1,4,1,9
AC016573.1,lncRNA,1,0,3,7,8,10
AC016575.1,lncRNA,2,2,8,2,11,9
AC016575.2,lncRNA,0,0,0,0,0,1
AC016576.1,lncRNA,2,0,4,0,5,9
AC016583.2,lncRNA,2,1,3,0,7,9
AC016586.1,lncRNA,0,0,3,2,1,3
AC016587.1,lncRNA,13,7,35,7,69,60
AC016588.1,lncRNA,1,1,2,2,5,8
AC016588.2,lncRNA,0,0,0,1,2,1
AC016590.1,lncRNA,4,1,4,2,22,19
AC016590.2,lncRNA,0,0,0,0,4,1
AC016590.3,lncRNA,0,0,1,0,1,2
AC016590.4,lncRNA,2,3,5,2,14,14
AC016595.1,lncRNA,0,0,0,1,2,2
AC016597.1,lncRNA,2,7,6,10,15,12
AC016597.2,lncRNA,0,0,0,1,0,0
AC016598.1,lncRNA,0,0,0,2,0,1
AC016598.2,lncRNA,0,3,0,4,8,8
AC016629.2,lncRNA,0,0,0,1,2,2
AC016629.3,lncRNA,1,1,2,3,3,3
AC016642.1,lncRNA,0,3,0,0,1,4
AC016644.1,lncRNA,0,0,0,0,1,3
AC016682.1,lncRNA,1,6,0,1,2,7
AC016683.1,lncRNA,1,1,1,1,7,10
AC016687.2,lncRNA,2,6,3,5,7,6
AC016687.3,lncRNA,16,8,37,16,312,263
AC016700.1,lncRNA,0,0,0,0,1,1
AC016705.1,lncRNA,0,1,0,2,4,8
AC016705.2,lncRNA,3,8,5,13,31,29
AC016705.3,lncRNA,3,3,1,1,6,7
AC016710.1,lncRNA,0,0,1,1,1,1
AC016717.2,lncRNA,1,2,3,0,6,10
AC016721.1,lncRNA,0,0,0,0,1,0
AC016722.1,lncRNA,0,1,2,2,5,7
AC016722.2,lncRNA,3,1,0,0,3,2
AC016727.1,lncRNA,1,8,3,1,19,20
AC016727.3,lncRNA,0,1,0,1,0,1
AC016730.1,lncRNA,0,1,1,0,3,1
AC016737.1,lncRNA,0,0,1,0,4,2
AC016737.2,lncRNA,2,2,2,2,4,2
AC016738.1,lncRNA,0,1,6,1,22,17
AC016743.1,lncRNA,1,2,2,5,1,3
AC016745.1,lncRNA,0,0,0,0,2,1
AC016745.2,lncRNA,0,2,0,2,2,3
AC016746.1,lncRNA,0,1,0,0,2,2
AC016747.1,lncRNA,3,12,9,10,5,12
AC016747.2,lncRNA,2,1,0,2,2,5
AC016747.3,lncRNA,0,0,0,0,2,1
AC016747.4,lncRNA,4,4,0,2,2,1
AC016751.1,lncRNA,0,0,0,0,2,0
AC016766.1,lncRNA,2,0,0,0,1,2
AC016769.5,lncRNA,0,0,0,3,1,1
AC016769.6,lncRNA,1,2,6,1,2,1
AC016813.1,lncRNA,1,1,0,1,8,4
AC016816.1,lncRNA,0,0,1,0,0,0
AC016820.1,lncRNA,1,0,0,1,0,0
AC016821.1,lncRNA,0,1,0,4,4,5
AC016822.1,lncRNA,3,1,0,4,5,3
AC016825.1,lncRNA,0,0,2,0,5,2
AC016831.1,lncRNA,11,10,21,18,66,136
AC016831.4,lncRNA,2,2,3,2,15,25
AC016831.5,lncRNA,1,3,1,6,13,14
AC016831.6,lncRNA,10,16,8,18,38,45
AC016866.1,lncRNA,0,0,0,0,3,3
AC016866.2,lncRNA,0,0,0,0,1,0
AC016876.1,lncRNA,6,18,9,8,26,26
AC016876.2,lncRNA,2,18,2,6,16,12
AC016876.3,lncRNA,0,1,1,1,2,1
AC016877.1,lncRNA,3,5,0,1,0,1
AC016877.3,lncRNA,2,2,3,1,12,8
AC016885.2,lncRNA,1,1,0,0,1,1
AC016888.1,lncRNA,7,22,23,11,98,182
AC016902.1,lncRNA,1,0,1,0,1,0
AC016903.1,lncRNA,0,2,2,0,4,9
AC016903.2,lncRNA,3,2,2,2,36,32
AC016907.2,lncRNA,3,4,1,1,6,6
AC016910.1,lncRNA,1,3,4,4,11,6
AC016912.1,lncRNA,0,3,0,2,7,5
AC016912.2,lncRNA,0,1,0,1,6,4
AC016924.1,lncRNA,2,2,4,4,15,19
AC016925.2,lncRNA,1,0,2,2,7,4
AC016931.1,lncRNA,0,0,4,6,5,3
AC016933.1,lncRNA,0,0,0,0,4,6
AC016949.1,lncRNA,0,7,0,1,1,0
AC016957.2,lncRNA,0,2,0,0,2,1
AC016968.1,lncRNA,0,0,0,4,1,3
AC016987.1,lncRNA,0,0,0,1,2,0
AC016993.1,lncRNA,0,1,0,0,1,0
AC016994.1,lncRNA,0,0,0,1,2,0
AC016995.1,lncRNA,2,6,0,4,2,2
AC016999.1,lncRNA,0,0,1,3,5,4
AC017000.1,lncRNA,1,2,2,11,5,5
AC017002.1,lncRNA,0,0,0,1,2,1
AC017002.2,lncRNA,0,0,0,0,2,1
AC017002.3,lncRNA,2,1,0,2,3,1
AC017006.1,lncRNA,0,0,0,0,1,1
AC017006.2,lncRNA,4,0,0,5,2,3
AC017007.4,lncRNA,0,1,4,1,1,3
AC017028.1,lncRNA,2,4,1,3,17,15
AC017028.2,lncRNA,2,2,4,2,13,10
AC017033.1,lncRNA,0,2,2,0,1,1
AC017037.5,lncRNA,0,0,0,2,0,1
AC017048.1,lncRNA,0,1,0,0,3,2
AC017048.2,lncRNA,0,0,0,0,1,2
AC017050.1,lncRNA,0,0,0,1,5,8
AC017053.1,lncRNA,0,0,1,1,5,3
AC017071.1,lncRNA,0,0,0,0,2,2
AC017074.1,lncRNA,0,0,0,0,8,5
AC017074.2,lncRNA,0,0,0,3,3,1
AC017076.1,lncRNA,0,0,0,0,1,0
AC017083.1,lncRNA,0,0,0,2,3,4
AC017083.2,lncRNA,0,0,0,0,1,0
AC017091.1,lncRNA,0,0,0,4,12,6
AC017099.2,lncRNA,0,2,2,1,3,1
AC017100.1,lncRNA,0,2,2,4,5,4
AC017101.1,lncRNA,1,0,1,0,2,1
AC017104.1,lncRNA,1,1,3,7,7,6
AC017104.2,lncRNA,0,4,2,0,0,5
AC017104.5,lncRNA,4,1,2,1,6,8
AC017116.1,lncRNA,2,0,2,1,6,6
AC017116.2,lncRNA,2,6,1,3,2,5
AC018358.1,lncRNA,4,2,3,2,22,13
AC018362.1,lncRNA,6,5,1,6,5,6
AC018362.2,lncRNA,0,0,0,0,0,1
AC018371.1,lncRNA,0,0,0,0,1,2
AC018398.1,lncRNA,3,2,3,3,4,8
AC018413.1,lncRNA,4,7,11,17,23,26
AC018437.1,lncRNA,0,0,0,0,0,1
AC018437.2,lncRNA,0,1,0,0,1,3
AC018442.2,lncRNA,0,0,0,0,4,2
AC018445.1,lncRNA,0,1,7,2,4,6
AC018445.5,lncRNA,2,1,6,95,28,42
AC018445.6,lncRNA,0,5,3,0,4,3
AC018450.1,lncRNA,0,3,0,1,1,1
AC018450.2,lncRNA,0,0,0,0,2,0
AC018462.1,lncRNA,1,0,0,3,0,0
AC018467.1,lncRNA,0,0,2,0,9,5
AC018495.1,lncRNA,0,0,0,1,1,1
AC018511.5,lncRNA,0,0,1,2,3,2
AC018521.1,lncRNA,1,2,1,0,9,6
AC018521.2,lncRNA,0,1,0,0,6,3
AC018521.3,lncRNA,0,0,1,2,5,3
AC018521.4,lncRNA,0,1,0,0,0,0
AC018521.5,lncRNA,2,11,6,11,26,22
AC018521.6,lncRNA,1,0,0,0,1,2
AC018521.7,lncRNA,3,2,1,3,8,2
AC018529.1,lncRNA,0,0,0,0,3,4
AC018529.2,lncRNA,5,10,9,18,21,18
AC018541.1,lncRNA,0,0,2,0,4,3
AC018545.1,lncRNA,0,4,1,0,2,3
AC018552.2,lncRNA,1,0,1,0,3,2
AC018552.3,lncRNA,0,1,2,10,11,8
AC018553.1,lncRNA,1,1,4,1,28,22
AC018553.2,lncRNA,5,3,7,3,8,9
AC018553.3,lncRNA,1,0,2,1,4,4
AC018557.1,lncRNA,0,1,0,1,3,3
AC018557.2,lncRNA,0,1,0,1,2,4
AC018558.1,lncRNA,2,2,1,0,8,5
AC018558.2,lncRNA,0,0,0,0,0,1
AC018558.6,lncRNA,0,2,4,6,14,18
AC018558.7,lncRNA,0,0,2,0,5,1
AC018563.1,lncRNA,1,9,1,2,3,5
AC018607.1,lncRNA,3,0,0,0,0,1
AC018616.1,lncRNA,1,0,0,1,0,0
AC018618.1,lncRNA,1,0,1,1,3,3
AC018628.2,lncRNA,0,1,0,4,2,3
AC018635.2,lncRNA,1,0,2,0,3,2
AC018637.1,lncRNA,0,1,0,0,4,1
AC018638.6,lncRNA,0,0,0,0,1,2
AC018638.7,lncRNA,1,1,1,0,1,5
AC018643.1,lncRNA,1,0,0,0,0,0
AC018645.3,lncRNA,0,0,0,1,0,1
AC018647.1,lncRNA,4,2,3,6,16,15
AC018647.2,lncRNA,2,4,7,4,15,13
AC018647.3,lncRNA,0,0,0,1,1,1
AC018648.1,lncRNA,0,0,0,0,1,0
AC018653.1,lncRNA,0,0,3,0,1,0
AC018653.3,lncRNA,0,1,2,1,11,7
AC018653.4,lncRNA,1,3,1,0,3,0
AC018678.1,lncRNA,1,0,2,2,1,2
AC018680.1,lncRNA,1,1,3,3,8,11
AC018685.1,lncRNA,0,0,0,4,1,1
AC018685.2,lncRNA,0,8,8,6,10,17
AC018685.3,lncRNA,3,1,4,1,8,9
AC018690.1,lncRNA,1,0,2,0,9,2
AC018692.1,lncRNA,0,4,1,2,1,1
AC018693.1,lncRNA,0,2,1,8,20,20
AC018695.2,lncRNA,0,2,0,1,0,0
AC018695.3,lncRNA,0,0,0,1,1,2
AC018695.4,lncRNA,0,0,0,1,2,4
AC018695.6,lncRNA,1,0,0,1,3,4
AC018695.8,lncRNA,0,1,0,2,7,12
AC018695.9,lncRNA,0,0,2,2,12,10
AC018697.1,lncRNA,4,7,12,8,37,47
AC018706.1,lncRNA,0,2,2,2,9,3
AC018714.2,lncRNA,0,0,2,0,2,2
AC018716.2,lncRNA,0,1,2,4,10,4
AC018730.1,lncRNA,2,7,2,4,7,9
AC018731.1,lncRNA,0,4,1,1,3,3
AC018742.1,lncRNA,0,0,1,1,1,1
AC018754.1,lncRNA,1,2,1,6,12,12
AC018755.1,lncRNA,0,0,0,0,5,3
AC018755.4,lncRNA,2,0,0,0,0,0
AC018761.2,lncRNA,0,0,0,0,1,1
AC018761.3,lncRNA,0,0,0,3,1,0
AC018761.4,lncRNA,0,0,0,0,1,1
AC018766.1,lncRNA,0,0,0,0,2,2
AC018767.1,lncRNA,0,0,0,3,2,2
AC018767.2,lncRNA,0,0,2,0,3,3
AC018797.3,lncRNA,0,1,0,1,1,1
AC018802.1,lncRNA,1,0,1,0,3,3
AC018802.2,lncRNA,0,0,0,0,2,1
AC018809.1,lncRNA,0,0,0,2,1,0
AC018809.2,lncRNA,1,3,3,6,12,7
AC018814.1,lncRNA,0,0,0,0,3,1
AC018816.1,lncRNA,0,0,1,1,8,4
AC018832.1,lncRNA,0,1,0,0,10,4
AC018845.3,lncRNA,0,0,0,1,3,2
AC018861.2,lncRNA,0,0,0,0,0,1
AC018865.2,lncRNA,2,1,0,1,4,3
AC018866.1,lncRNA,0,1,0,1,2,4
AC018878.1,lncRNA,0,6,0,0,0,0
AC018904.1,lncRNA,0,0,0,0,1,0
AC018904.2,lncRNA,1,1,5,2,4,6
AC018926.1,lncRNA,0,0,0,0,0,2
AC018926.2,lncRNA,1,0,0,0,1,0
AC018926.3,lncRNA,0,0,0,0,0,1
AC018931.1,lncRNA,0,0,0,0,4,8
AC018943.1,lncRNA,4,1,10,10,48,55
AC018946.1,lncRNA,0,0,0,0,1,0
AC018953.1,lncRNA,0,0,0,1,0,0
AC018953.2,lncRNA,0,0,1,0,1,0
AC018978.1,lncRNA,2,5,2,5,11,5
AC019055.1,lncRNA,0,0,2,0,0,0
AC019064.1,lncRNA,0,1,0,0,1,0
AC019068.1,lncRNA,0,2,2,1,5,3
AC019077.1,lncRNA,0,3,0,1,2,1
AC019080.1,lncRNA,2,7,7,5,12,11
AC019080.3,lncRNA,0,0,0,0,0,2
AC019080.4,lncRNA,0,0,0,0,1,0
AC019080.5,lncRNA,0,0,0,0,4,1
AC019103.1,lncRNA,0,0,0,0,4,2
AC019118.1,lncRNA,1,0,2,5,2,2
AC019118.2,lncRNA,1,3,1,4,6,4
AC019127.1,lncRNA,1,1,0,2,2,4
AC019130.1,lncRNA,0,1,1,1,1,1
AC019131.1,lncRNA,0,1,1,0,0,1
AC019131.2,lncRNA,0,0,0,0,1,0
AC019131.3,lncRNA,0,0,0,0,2,2
AC019155.2,lncRNA,0,0,1,0,4,1
AC019159.2,lncRNA,0,0,0,1,0,0
AC019171.1,lncRNA,1,2,1,2,11,8
AC019183.1,lncRNA,0,0,0,0,1,0
AC019185.1,lncRNA,0,0,0,1,1,2
AC019186.1,lncRNA,0,0,1,2,0,0
AC019193.2,lncRNA,0,0,0,0,3,0
AC019193.3,lncRNA,0,0,0,10,0,2
AC019193.4,lncRNA,0,1,4,2,4,1
AC019197.1,lncRNA,7,26,7,8,32,23
AC019205.1,lncRNA,4,5,5,13,35,29
AC019209.1,lncRNA,0,0,0,0,2,0
AC019209.2,lncRNA,0,0,0,0,0,1
AC019209.3,lncRNA,0,1,0,2,1,2
AC019254.1,lncRNA,0,0,2,1,3,2
AC019254.2,lncRNA,1,0,0,0,1,1
AC019257.1,lncRNA,3,3,6,5,31,22
AC019257.2,lncRNA,3,4,8,0,10,7
AC019257.7,lncRNA,1,3,1,4,8,5
AC019270.1,lncRNA,0,2,1,6,6,10
AC019294.2,lncRNA,5,10,8,14,8,7
AC019294.3,lncRNA,1,2,1,5,4,2
AC019330.1,lncRNA,10,3,3,1,55,10
AC019349.1,lncRNA,0,0,0,0,10,4
AC020550.2,lncRNA,0,2,1,0,1,5
AC020551.1,lncRNA,0,0,0,0,2,4
AC020558.1,lncRNA,0,0,1,4,6,5
AC020558.2,lncRNA,4,2,3,0,9,3
AC020558.6,lncRNA,0,0,0,1,9,5
AC020584.1,lncRNA,1,0,0,0,3,2
AC020595.1,lncRNA,0,0,1,0,3,3
AC020612.2,lncRNA,0,0,0,0,8,2
AC020612.3,lncRNA,0,4,8,6,25,21
AC020634.2,lncRNA,0,0,0,0,2,2
AC020637.1,lncRNA,1,1,2,3,3,1
AC020651.2,lncRNA,0,0,0,0,1,3
AC020655.1,lncRNA,0,5,2,0,1,1
AC020656.1,lncRNA,59,1209,10,9,5,10
AC020656.2,lncRNA,3,4,1,6,5,7
AC020658.2,lncRNA,1,8,6,2,41,31
AC020658.3,lncRNA,7,3,7,39,16,13
AC020658.5,lncRNA,0,0,0,0,1,2
AC020659.1,lncRNA,3,10,3,9,18,15
AC020659.2,lncRNA,1,2,0,1,9,6
AC020661.1,lncRNA,0,0,2,2,8,6
AC020661.2,lncRNA,0,0,1,1,5,8
AC020661.3,lncRNA,0,4,1,0,4,3
AC020661.4,lncRNA,1,0,1,0,1,3
AC020663.1,lncRNA,0,0,2,2,4,4
AC020663.2,lncRNA,0,1,2,0,1,1
AC020663.3,lncRNA,13,4,2,3,34,6
AC020663.4,lncRNA,2,1,2,2,15,10
AC020687.1,lncRNA,1,3,12,16,9,16
AC020703.1,lncRNA,0,0,0,0,3,0
AC020704.1,lncRNA,0,0,0,0,1,5
AC020718.1,lncRNA,0,2,3,1,4,1
AC020719.1,lncRNA,0,1,0,1,0,0
AC020741.1,lncRNA,0,1,3,8,8,5
AC020743.1,lncRNA,0,0,0,0,1,3
AC020743.2,lncRNA,0,0,0,0,1,2
AC020743.3,lncRNA,0,2,0,1,1,1
AC020763.1,lncRNA,0,0,0,0,2,2
AC020765.2,lncRNA,2,0,1,0,5,4
AC020779.2,lncRNA,1,0,0,3,11,17
AC020891.1,lncRNA,2,1,9,1,39,45
AC020891.2,lncRNA,3,0,1,2,9,21
AC020891.3,lncRNA,0,0,0,0,0,1
AC020892.1,lncRNA,1,2,6,7,34,24
AC020892.2,lncRNA,0,0,0,0,1,0
AC020897.1,lncRNA,0,1,0,1,0,1
AC020900.1,lncRNA,0,0,0,0,1,0
AC020905.1,lncRNA,1,2,2,1,1,0
AC020907.1,lncRNA,2,3,5,4,49,25
AC020907.2,lncRNA,2,1,3,2,6,4
AC020907.3,lncRNA,1,2,0,2,3,1
AC020908.1,lncRNA,0,1,0,0,0,0
AC020908.2,lncRNA,0,0,0,3,1,3
AC020908.3,lncRNA,0,1,1,9,2,1
AC020909.2,lncRNA,0,0,0,0,2,1
AC020909.3,lncRNA,0,3,0,0,1,0
AC020910.5,lncRNA,0,0,1,0,2,1
AC020911.1,lncRNA,1,0,0,2,1,1
AC020911.2,lncRNA,2,4,1,2,6,14
AC020911.3,lncRNA,0,0,0,0,1,1
AC020912.1,lncRNA,57,98,54,53,307,493
AC020913.1,lncRNA,4,0,0,3,2,2
AC020913.2,lncRNA,6,5,5,20,15,7
AC020913.3,lncRNA,9,2,5,6,130,110
AC020915.1,lncRNA,2,6,0,8,11,13
AC020915.2,lncRNA,1,1,1,2,7,6
AC020916.1,lncRNA,0,0,2,0,3,3
AC020917.2,lncRNA,0,1,0,0,1,1
AC020917.3,lncRNA,0,1,0,2,2,1
AC020922.2,lncRNA,0,1,0,0,2,0
AC020922.3,lncRNA,0,0,0,0,3,4
AC020922.4,lncRNA,0,1,1,2,15,7
AC020928.1,lncRNA,9,4,5,4,39,32
AC020928.2,lncRNA,1,5,1,2,12,13
AC020930.1,lncRNA,15,18,30,20,482,427
AC020931.1,lncRNA,0,0,1,1,7,4
AC020934.1,lncRNA,0,1,2,1,5,10
AC020934.2,lncRNA,2,0,1,1,1,3
AC020978.1,lncRNA,0,0,1,0,3,4
AC020978.2,lncRNA,0,1,0,2,1,1
AC020978.3,lncRNA,0,0,0,1,1,4
AC020978.4,lncRNA,0,0,1,5,9,8
AC020978.5,lncRNA,1,1,1,0,5,5
AC020978.6,lncRNA,0,1,0,0,1,0
AC020978.7,lncRNA,1,1,3,4,1,1
AC021016.1,lncRNA,0,1,0,0,3,3
AC021016.2,lncRNA,0,0,2,0,4,2
AC021028.1,lncRNA,0,0,2,0,4,4
AC021037.1,lncRNA,8,1,2,3,17,14
AC021055.1,lncRNA,0,0,0,0,0,1
AC021066.1,lncRNA,1,4,2,0,4,4
AC021074.3,lncRNA,4,3,6,4,14,13
AC021078.1,lncRNA,11,7,6,8,34,30
AC021086.1,lncRNA,0,6,2,1,6,6
AC021087.1,lncRNA,0,0,1,0,0,0
AC021087.3,lncRNA,39,11,4,22,36,21
AC021087.4,lncRNA,0,0,2,0,4,7
AC021088.1,lncRNA,0,0,0,2,0,2
AC021092.1,lncRNA,2,2,1,1,6,1
AC021097.1,lncRNA,0,0,0,0,2,1
AC021127.1,lncRNA,1,2,4,3,15,10
AC021134.1,lncRNA,0,7,0,2,7,5
AC021134.2,lncRNA,0,4,0,0,3,2
AC021146.12,lncRNA,0,1,0,0,1,1
AC021148.2,lncRNA,5,1,0,5,2,3
AC021151.1,lncRNA,1,1,0,0,0,1
AC021180.1,lncRNA,0,0,0,0,2,0
AC021188.1,lncRNA,1,1,2,1,14,11
AC021192.1,lncRNA,0,6,0,1,0,0
AC021218.1,lncRNA,0,1,1,2,6,5
AC021220.2,lncRNA,0,0,1,2,7,8
AC021231.1,lncRNA,4,0,9,5,23,21
AC021236.1,lncRNA,0,0,0,4,4,3
AC021237.1,lncRNA,4,6,2,1,3,3
AC021242.2,lncRNA,1,0,1,4,6,6
AC021242.3,lncRNA,3,3,3,2,12,7
AC021269.3,lncRNA,0,1,2,0,6,5
AC021321.1,lncRNA,0,0,2,1,4,7
AC021321.2,lncRNA,0,1,0,0,2,3
AC021351.1,lncRNA,0,5,0,1,2,3
AC021355.1,lncRNA,2,6,5,2,12,8
AC021382.1,lncRNA,2,3,1,4,4,7
AC021393.1,lncRNA,6,5,4,3,57,31
AC021422.1,lncRNA,0,0,0,0,1,0
AC021451.2,lncRNA,0,0,0,1,0,2
AC021483.1,lncRNA,0,0,0,0,0,2
AC021483.2,lncRNA,0,0,0,0,1,1
AC021491.1,lncRNA,0,0,0,0,2,2
AC021491.2,lncRNA,3,9,2,1,5,5
AC021491.3,lncRNA,0,0,0,0,0,1
AC021491.4,lncRNA,3,8,2,8,6,7
AC021506.1,lncRNA,0,1,0,0,7,7
AC021517.1,lncRNA,0,4,2,5,2,5
AC021517.2,lncRNA,0,0,0,0,2,1
AC021534.1,lncRNA,1,1,0,0,5,10
AC021546.1,lncRNA,2,8,1,0,3,5
AC021549.1,lncRNA,0,0,0,0,2,1
AC021573.1,lncRNA,0,0,1,2,1,1
AC021594.1,lncRNA,2,1,3,1,7,7
AC021594.2,lncRNA,0,0,0,0,1,2
AC021613.1,lncRNA,10,16,8,9,30,29
AC021613.3,lncRNA,1,1,4,0,4,4
AC021660.2,lncRNA,1,0,1,0,5,3
AC021660.4,lncRNA,0,0,0,0,1,0
AC021678.2,lncRNA,0,3,0,0,4,3
AC021683.1,lncRNA,0,0,2,0,6,3
AC021683.2,lncRNA,1,1,1,9,14,9
AC021683.3,lncRNA,4,11,14,11,57,50
AC021683.5,lncRNA,1,2,1,6,35,25
AC021683.6,lncRNA,4,1,4,2,23,22
AC021698.1,lncRNA,1,1,1,2,2,1
AC021701.1,lncRNA,0,1,5,2,15,9
AC021713.1,lncRNA,0,0,0,0,1,0
AC021723.2,lncRNA,0,3,2,0,2,7
AC021733.2,lncRNA,1,1,0,1,2,1
AC021733.4,lncRNA,0,2,2,2,5,7
AC021739.2,lncRNA,2,1,1,3,7,14
AC021739.3,lncRNA,0,0,0,0,3,1
AC021739.4,lncRNA,3,3,1,0,4,2
AC021744.1,lncRNA,0,0,1,0,3,1
AC021752.1,lncRNA,8,4,2,5,34,27
AC021755.2,lncRNA,2,3,5,0,2,2
AC021755.3,lncRNA,0,0,0,0,1,0
AC021785.1,lncRNA,0,0,0,0,1,0
AC021818.1,lncRNA,3,1,2,24,6,3
AC021851.1,lncRNA,4,4,3,3,7,4
AC021851.2,lncRNA,0,0,1,2,5,5
AC021860.1,lncRNA,0,3,0,5,0,1
AC021915.1,lncRNA,0,4,3,1,1,5
AC021915.2,lncRNA,3,4,0,2,3,2
AC021979.2,lncRNA,1,0,0,0,0,0
AC021979.3,lncRNA,17,17,30,25,405,381
AC022001.2,lncRNA,6,0,1,4,2,3
AC022001.3,lncRNA,1,0,0,0,1,0
AC022007.1,lncRNA,6,4,5,7,36,28
AC022017.1,lncRNA,0,0,0,1,10,4
AC022023.2,lncRNA,2,1,2,2,3,10
AC022028.2,lncRNA,1,2,4,6,9,7
AC022031.1,lncRNA,0,0,1,2,5,4
AC022031.2,lncRNA,0,0,2,1,8,7
AC022034.1,lncRNA,5,9,9,29,53,43
AC022034.3,lncRNA,2,1,2,0,6,5
AC022034.4,lncRNA,0,0,1,0,1,0
AC022035.1,lncRNA,0,0,0,0,2,0
AC022039.1,lncRNA,0,0,0,1,4,6
AC022068.1,lncRNA,0,0,0,1,1,3
AC022079.1,lncRNA,0,0,0,0,0,1
AC022079.2,lncRNA,0,0,0,0,1,0
AC022081.1,lncRNA,0,0,0,8,1,3
AC022087.1,lncRNA,0,0,0,0,0,1
AC022092.1,lncRNA,0,0,0,0,1,2
AC022098.1,lncRNA,3,9,11,7,26,33
AC022098.2,lncRNA,0,0,0,0,1,0
AC022098.4,lncRNA,1,0,1,1,3,4
AC022100.1,lncRNA,0,0,0,0,3,0
AC022113.1,lncRNA,0,1,2,0,6,2
AC022118.1,lncRNA,0,1,0,0,1,1
AC022126.1,lncRNA,0,8,1,1,38,34
AC022133.2,lncRNA,0,0,1,2,18,11
AC022137.3,lncRNA,1,2,2,2,7,7
AC022140.1,lncRNA,0,1,0,0,1,1
AC022144.1,lncRNA,5,5,13,7,33,22
AC022145.1,lncRNA,1,2,1,2,3,7
AC022146.2,lncRNA,2,8,0,0,0,2
AC022148.1,lncRNA,1,1,3,1,9,9
AC022148.2,lncRNA,0,1,1,0,0,1
AC022150.1,lncRNA,0,0,0,1,10,10
AC022150.2,lncRNA,1,0,1,0,4,4
AC022150.3,lncRNA,0,0,0,1,0,0
AC022154.1,lncRNA,5,16,3,14,13,11
AC022164.1,lncRNA,2,3,3,3,6,8
AC022165.1,lncRNA,0,0,0,1,2,1
AC022166.1,lncRNA,0,0,0,1,2,1
AC022166.2,lncRNA,0,0,0,0,2,1
AC022167.1,lncRNA,0,0,0,0,2,0
AC022167.2,lncRNA,3,1,2,2,15,7
AC022167.3,lncRNA,1,3,0,1,31,44
AC022167.4,lncRNA,0,0,3,1,5,4
AC022168.1,lncRNA,3,1,2,4,8,7
AC022182.1,lncRNA,4,3,14,14,43,33
AC022182.2,lncRNA,1,0,0,0,0,4
AC022188.1,lncRNA,0,2,2,5,7,10
AC022196.1,lncRNA,0,1,0,0,1,1
AC022201.1,lncRNA,0,0,0,0,3,3
AC022201.2,lncRNA,0,0,1,1,4,2
AC022210.1,lncRNA,6,12,6,8,16,15
AC022211.1,lncRNA,0,0,0,2,2,1
AC022211.2,lncRNA,3,2,4,6,20,14
AC022211.3,lncRNA,0,1,0,2,1,1
AC022217.2,lncRNA,0,1,2,0,3,6
AC022217.3,lncRNA,0,1,1,0,4,2
AC022239.1,lncRNA,5,1,4,3,27,12
AC022239.2,lncRNA,0,3,0,1,3,4
AC022267.1,lncRNA,3,5,4,12,22,17
AC022272.1,lncRNA,1,1,0,0,1,0
AC022276.1,lncRNA,1,0,0,5,4,8
AC022296.4,lncRNA,2,0,1,2,1,3
AC022306.2,lncRNA,0,4,0,0,0,0
AC022306.3,lncRNA,0,1,1,1,8,10
AC022325.2,lncRNA,0,0,0,0,1,1
AC022336.2,lncRNA,4,2,3,3,43,31
AC022360.1,lncRNA,0,2,0,0,1,1
AC022364.1,lncRNA,5,2,5,5,33,25
AC022367.1,lncRNA,2,2,0,1,3,1
AC022382.1,lncRNA,0,0,0,0,2,1
AC022382.2,lncRNA,0,0,0,0,3,3
AC022387.2,lncRNA,1,7,3,4,12,8
AC022392.1,lncRNA,1,0,0,1,5,1
AC022395.1,lncRNA,1,2,1,0,1,1
AC022400.2,lncRNA,7,0,16,7,2,2
AC022400.4,lncRNA,0,0,0,0,1,1
AC022405.1,lncRNA,1,8,0,17,1,4
AC022413.2,lncRNA,0,0,1,2,1,0
AC022431.1,lncRNA,0,0,0,0,0,2
AC022433.1,lncRNA,1,1,2,0,3,3
AC022440.1,lncRNA,0,0,4,3,7,8
AC022441.1,lncRNA,0,0,0,2,0,3
AC022447.1,lncRNA,0,1,0,0,0,0
AC022447.2,lncRNA,0,1,6,0,11,8
AC022447.3,lncRNA,0,0,0,0,1,0
AC022447.5,lncRNA,0,1,0,0,1,1
AC022447.6,lncRNA,1,0,0,1,9,9
AC022463.1,lncRNA,0,1,0,0,6,2
AC022467.1,lncRNA,0,0,1,0,1,1
AC022467.2,lncRNA,1,13,0,0,3,3
AC022469.1,lncRNA,0,0,0,0,4,0
AC022469.2,lncRNA,1,1,0,0,1,0
AC022486.1,lncRNA,1,0,1,0,3,1
AC022498.1,lncRNA,0,0,1,1,3,3
AC022506.2,lncRNA,0,1,3,0,4,2
AC022509.1,lncRNA,1,1,1,1,3,6
AC022509.2,lncRNA,1,0,0,0,0,1
AC022509.3,lncRNA,3,0,2,1,18,11
AC022509.5,lncRNA,0,0,0,1,2,2
AC022511.1,lncRNA,0,0,0,0,1,0
AC022517.1,lncRNA,0,0,1,0,1,0
AC022523.1,lncRNA,0,1,0,12,0,4
AC022523.3,lncRNA,0,0,1,0,2,3
AC022535.1,lncRNA,0,1,0,1,0,0
AC022535.2,lncRNA,1,3,1,1,1,2
AC022535.3,lncRNA,0,0,0,0,2,2
AC022537.1,lncRNA,3,3,1,1,5,3
AC022540.1,lncRNA,1,0,0,0,0,0
AC022558.1,lncRNA,4,3,0,6,4,4
AC022558.2,lncRNA,0,1,1,0,0,1
AC022558.3,lncRNA,0,0,0,0,1,0
AC022596.2,lncRNA,2,3,2,3,5,6
AC022601.1,lncRNA,0,0,0,0,1,0
AC022613.1,lncRNA,8,5,8,2,7,8
AC022613.2,lncRNA,3,9,5,1,12,16
AC022613.3,lncRNA,1,0,2,1,0,2
AC022679.1,lncRNA,0,0,1,1,3,0
AC022679.2,lncRNA,0,0,0,0,1,1
AC022690.2,lncRNA,0,2,0,2,1,2
AC022695.2,lncRNA,4,4,7,7,6,7
AC022695.3,lncRNA,7,2,0,0,3,1
AC022706.1,lncRNA,0,2,1,1,6,6
AC022710.1,lncRNA,0,1,0,3,3,3
AC022726.2,lncRNA,0,1,0,2,2,2
AC022730.3,lncRNA,0,0,0,1,0,0
AC022730.4,lncRNA,0,2,4,4,6,7
AC022733.1,lncRNA,1,0,1,1,4,3
AC022762.1,lncRNA,1,1,0,1,3,1
AC022762.2,lncRNA,1,8,3,2,7,6
AC022778.1,lncRNA,0,1,0,0,2,3
AC022784.1,lncRNA,6,15,22,18,76,75
AC022784.3,lncRNA,0,0,0,1,0,0
AC022784.5,lncRNA,1,0,1,0,2,1
AC022784.6,lncRNA,0,0,0,0,1,1
AC022809.1,lncRNA,2,4,3,0,2,1
AC022816.1,lncRNA,4,15,5,5,4,11
AC022819.1,lncRNA,3,2,3,22,12,13
AC022832.2,lncRNA,1,2,0,0,2,1
AC022858.1,lncRNA,5,5,1,2,31,14
AC022868.1,lncRNA,0,0,1,2,10,5
AC022872.1,lncRNA,0,2,1,1,1,0
AC022893.1,lncRNA,2,4,0,10,8,5
AC022893.2,lncRNA,2,4,1,2,5,7
AC022893.3,lncRNA,0,0,0,0,1,0
AC022898.1,lncRNA,0,2,0,1,2,2
AC022898.2,lncRNA,0,0,1,1,1,1
AC022903.1,lncRNA,1,1,1,1,4,3
AC022903.2,lncRNA,5,0,0,6,0,1
AC022915.1,lncRNA,0,0,0,0,0,1
AC022915.2,lncRNA,1,0,4,3,5,4
AC022915.3,lncRNA,0,5,1,2,1,1
AC022916.1,lncRNA,2,4,6,2,16,20
AC022916.2,lncRNA,0,1,0,0,0,1
AC022916.4,lncRNA,0,0,0,0,0,1
AC022929.1,lncRNA,9,25,4,2,8,9
AC022929.2,lncRNA,0,0,0,1,0,0
AC022960.1,lncRNA,0,4,0,1,0,1
AC022960.2,lncRNA,0,1,0,0,0,0
AC022966.1,lncRNA,2,3,0,0,0,1
AC022966.2,lncRNA,1,1,1,0,4,4
AC022973.3,lncRNA,0,1,2,9,5,10
AC022973.4,lncRNA,0,1,0,2,1,1
AC022973.5,lncRNA,0,2,1,0,3,1
AC023024.1,lncRNA,1,1,2,2,8,5
AC023034.1,lncRNA,0,2,0,4,4,1
AC023043.3,lncRNA,0,1,0,0,0,0
AC023051.1,lncRNA,2,5,0,0,1,4
AC023078.1,lncRNA,0,0,0,0,0,1
AC023090.1,lncRNA,0,1,0,0,4,3
AC023095.1,lncRNA,10,16,14,20,63,89
AC023115.1,lncRNA,0,0,0,1,1,1
AC023128.1,lncRNA,0,0,0,0,1,0
AC023136.1,lncRNA,0,0,0,0,0,6
AC023154.1,lncRNA,2,3,5,8,15,10
AC023157.2,lncRNA,4,11,2,6,26,14
AC023158.1,lncRNA,0,1,0,0,3,3
AC023158.2,lncRNA,1,0,0,0,2,4
AC023161.1,lncRNA,0,0,0,0,0,3
AC023200.1,lncRNA,0,0,0,0,0,1
AC023202.1,lncRNA,0,11,1,2,11,1
AC023282.1,lncRNA,4,6,2,10,16,11
AC023283.1,lncRNA,2,0,0,3,3,2
AC023296.1,lncRNA,1,1,2,5,5,4
AC023300.1,lncRNA,0,0,0,0,1,0
AC023300.2,lncRNA,1,1,2,1,0,2
AC023301.1,lncRNA,1,1,3,1,4,3
AC023302.1,lncRNA,0,0,0,1,0,1
AC023302.2,lncRNA,0,1,1,3,2,1
AC023310.4,lncRNA,0,0,0,2,2,3
AC023347.1,lncRNA,0,0,0,0,3,2
AC023355.1,lncRNA,8,16,125,17,135,102
AC023385.1,lncRNA,0,3,2,1,3,1
AC023389.1,lncRNA,0,10,0,0,1,2
AC023394.1,lncRNA,0,0,0,0,2,0
AC023403.1,lncRNA,0,0,2,0,2,1
AC023421.1,lncRNA,0,0,0,0,4,3
AC023421.2,lncRNA,0,0,0,1,9,5
AC023424.2,lncRNA,1,2,2,1,5,3
AC023442.2,lncRNA,1,1,0,0,2,0
AC023442.3,lncRNA,0,0,2,0,0,1
AC023468.1,lncRNA,0,0,0,0,1,1
AC023469.1,lncRNA,0,0,0,0,1,1
AC023469.2,lncRNA,0,0,0,0,4,1
AC023480.1,lncRNA,6,3,3,13,9,10
AC023481.1,lncRNA,0,0,0,4,4,2
AC023483.1,lncRNA,0,1,0,0,2,2
AC023494.1,lncRNA,2,6,2,0,8,7
AC023503.1,lncRNA,0,0,0,0,0,1
AC023509.1,lncRNA,6,20,1,13,11,13
AC023509.2,lncRNA,0,1,0,0,3,2
AC023509.3,lncRNA,2,0,4,2,4,6
AC023509.6,lncRNA,0,0,1,0,1,1
AC023510.1,lncRNA,0,4,0,0,0,0
AC023510.2,lncRNA,0,0,1,0,0,0
AC023511.1,lncRNA,0,0,2,0,3,2
AC023590.1,lncRNA,4,20,6,12,14,20
AC023593.1,lncRNA,2,3,5,3,33,32
AC023595.1,lncRNA,0,0,1,0,2,5
AC023632.2,lncRNA,2,3,1,6,8,9
AC023632.5,lncRNA,7,5,9,15,46,43
AC023644.1,lncRNA,0,0,1,1,1,1
AC023669.1,lncRNA,0,0,0,0,5,0
AC023781.1,lncRNA,1,2,2,3,3,5
AC023787.1,lncRNA,0,0,0,1,1,2
AC023787.2,lncRNA,0,0,2,1,3,5
AC023787.3,lncRNA,1,3,3,2,20,20
AC023790.2,lncRNA,1,0,4,2,3,2
AC023794.1,lncRNA,0,1,2,1,3,6
AC023794.2,lncRNA,24,24,3,4,12,16
AC023794.4,lncRNA,0,0,0,0,2,3
AC023794.5,lncRNA,0,2,0,2,7,3
AC023796.1,lncRNA,1,2,1,3,5,11
AC023796.2,lncRNA,0,0,0,1,0,0
AC023813.1,lncRNA,4,1,4,4,85,129
AC023813.3,lncRNA,0,1,0,0,9,9
AC023813.4,lncRNA,0,0,0,0,2,1
AC023824.1,lncRNA,1,1,1,2,24,37
AC023824.3,lncRNA,3,0,1,0,2,3
AC023824.4,lncRNA,0,2,3,1,18,28
AC023824.5,lncRNA,5,8,4,8,8,10
AC023825.2,lncRNA,0,1,0,2,3,1
AC023830.1,lncRNA,8,27,16,12,47,76
AC023830.2,lncRNA,2,3,0,4,3,8
AC023830.3,lncRNA,1,1,1,0,6,3
AC023855.1,lncRNA,0,0,1,0,0,1
AC023866.1,lncRNA,0,0,2,0,1,2
AC023866.2,lncRNA,0,2,0,0,0,1
AC023905.1,lncRNA,0,0,0,2,1,4
AC023906.2,lncRNA,0,0,0,0,2,3
AC023906.3,lncRNA,0,2,0,3,0,0
AC023906.4,lncRNA,1,1,0,2,3,2
AC023906.5,lncRNA,0,3,1,1,2,3
AC023908.2,lncRNA,0,0,0,0,1,0
AC023908.3,lncRNA,4,5,8,15,22,16
AC023946.1,lncRNA,2,0,1,0,1,4
AC023983.1,lncRNA,1,0,0,0,0,1
AC023983.2,lncRNA,0,0,0,0,2,2
AC024022.1,lncRNA,6,1,1,3,5,9
AC024028.1,lncRNA,4,6,5,7,41,15
AC024060.2,lncRNA,0,0,0,0,1,0
AC024075.1,lncRNA,0,2,0,2,1,2
AC024075.2,lncRNA,2,3,1,13,19,11
AC024075.3,lncRNA,0,0,0,0,0,1
AC024084.1,lncRNA,0,0,0,0,6,3
AC024132.1,lncRNA,1,1,2,1,10,4
AC024132.2,lncRNA,0,1,0,0,0,0
AC024132.3,lncRNA,0,0,0,0,1,0
AC024145.1,lncRNA,0,0,0,0,4,5
AC024224.2,lncRNA,1,0,1,1,2,1
AC024230.1,lncRNA,0,2,1,3,10,8
AC024236.1,lncRNA,1,4,3,2,12,9
AC024243.1,lncRNA,2,1,1,0,6,5
AC024257.1,lncRNA,2,0,2,1,21,18
AC024257.3,lncRNA,7,8,2,15,20,13
AC024257.4,lncRNA,0,0,0,0,1,0
AC024257.5,lncRNA,0,0,1,0,0,0
AC024267.1,lncRNA,1355,774,1312,662,1624,2028
AC024267.3,lncRNA,0,0,0,0,1,1
AC024267.4,lncRNA,0,0,0,0,2,0
AC024267.5,lncRNA,0,1,0,0,1,1
AC024267.6,lncRNA,0,1,1,1,4,4
AC024270.1,lncRNA,0,3,0,4,3,8
AC024270.2,lncRNA,0,0,0,0,1,1
AC024270.3,lncRNA,1,1,0,0,2,1
AC024270.4,lncRNA,4,8,2,11,31,34
AC024337.1,lncRNA,1,2,2,0,3,3
AC024337.2,lncRNA,1,1,2,5,11,16
AC024361.1,lncRNA,0,0,0,0,1,0
AC024361.2,lncRNA,7,7,27,17,8,8
AC024361.3,lncRNA,1,0,0,0,0,1
AC024382.1,lncRNA,0,0,0,2,2,2
AC024451.4,lncRNA,0,0,0,0,2,0
AC024475.1,lncRNA,0,5,0,0,1,1
AC024475.2,lncRNA,1,2,2,12,42,33
AC024559.1,lncRNA,0,0,2,2,4,3
AC024559.2,lncRNA,0,1,1,1,4,4
AC024560.1,lncRNA,0,0,1,0,4,3
AC024560.3,lncRNA,0,0,0,0,1,0
AC024560.4,lncRNA,1,3,0,4,2,2
AC024560.5,lncRNA,4,4,3,4,13,7
AC024563.1,lncRNA,0,1,0,0,2,1
AC024575.1,lncRNA,2,3,0,1,3,4
AC024579.1,lncRNA,0,0,0,0,1,0
AC024587.2,lncRNA,2,2,2,3,4,8
AC024588.1,lncRNA,1,4,1,1,9,5
AC024592.1,lncRNA,0,0,0,1,1,2
AC024592.2,lncRNA,0,0,1,2,1,1
AC024597.1,lncRNA,1,4,1,1,5,8
AC024603.1,lncRNA,0,0,0,0,2,0
AC024610.1,lncRNA,1,1,2,1,2,1
AC024610.2,lncRNA,4,12,4,8,19,13
AC024614.1,lncRNA,0,0,0,0,1,0
AC024614.2,lncRNA,1,2,4,3,1,4
AC024614.4,lncRNA,1,2,1,0,4,5
AC024619.1,lncRNA,1,0,0,0,1,1
AC024619.2,lncRNA,0,0,0,0,0,1
AC024651.1,lncRNA,0,2,0,8,3,8
AC024651.2,lncRNA,3,6,3,2,25,31
AC024651.3,lncRNA,9,9,7,4,15,12
AC024681.2,lncRNA,0,0,0,0,1,0
AC024730.1,lncRNA,0,0,0,2,3,2
AC024884.2,lncRNA,2,0,2,1,2,1
AC024896.1,lncRNA,0,3,1,9,4,5
AC024901.1,lncRNA,2,4,3,3,11,9
AC024909.1,lncRNA,3,7,6,7,17,15
AC024933.1,lncRNA,0,2,0,0,0,0
AC024933.2,lncRNA,2,0,0,0,1,1
AC024937.3,lncRNA,0,1,1,0,2,2
AC024941.2,lncRNA,2,0,0,1,0,1
AC024958.1,lncRNA,1,0,1,1,11,8
AC024996.1,lncRNA,0,0,0,0,2,0
AC025030.2,lncRNA,0,0,0,1,1,0
AC025031.2,lncRNA,0,2,1,0,9,2
AC025031.3,lncRNA,0,1,0,4,1,2
AC025031.4,lncRNA,0,3,0,1,5,3
AC025034.1,lncRNA,1,4,1,2,9,10
AC025038.1,lncRNA,0,0,0,0,0,1
AC025040.1,lncRNA,0,2,0,1,2,6
AC025043.1,lncRNA,0,0,0,0,2,2
AC025048.1,lncRNA,0,0,0,0,5,2
AC025048.2,lncRNA,1,6,1,5,26,22
AC025048.4,lncRNA,2,0,0,4,2,1
AC025048.7,lncRNA,0,4,0,2,8,12
AC025062.3,lncRNA,1,0,0,0,1,1
AC025154.1,lncRNA,0,0,1,0,2,1
AC025154.2,lncRNA,0,1,1,0,16,15
AC025160.1,lncRNA,1,1,1,3,20,15
AC025162.1,lncRNA,1,0,1,4,3,4
AC025162.2,lncRNA,0,0,1,8,2,2
AC025164.1,lncRNA,8,8,11,9,90,68
AC025164.2,lncRNA,2,0,1,3,1,2
AC025165.1,lncRNA,0,2,2,1,6,5
AC025165.2,lncRNA,0,3,2,3,1,2
AC025165.4,lncRNA,3,1,1,2,0,2
AC025165.5,lncRNA,0,1,0,0,0,0
AC025166.1,lncRNA,0,0,0,1,0,0
AC025171.1,lncRNA,21,6,63,10,59,68
AC025171.2,lncRNA,13,14,56,14,49,39
AC025171.3,lncRNA,15,8,5,8,19,20
AC025171.4,lncRNA,2,1,1,2,13,8
AC025171.5,lncRNA,1,1,2,0,9,5
AC025174.1,lncRNA,1,1,1,0,1,1
AC025175.1,lncRNA,1,0,0,0,0,0
AC025175.2,lncRNA,5,14,4,7,8,14
AC025176.1,lncRNA,0,2,1,1,19,13
AC025178.1,lncRNA,0,2,1,1,11,14
AC025180.1,lncRNA,0,2,1,1,1,5
AC025181.2,lncRNA,2,1,1,0,3,7
AC025183.1,lncRNA,5,9,18,3,59,39
AC025187.1,lncRNA,0,0,0,0,1,1
AC025188.1,lncRNA,0,2,1,1,4,6
AC025211.1,lncRNA,0,0,0,0,2,1
AC025244.1,lncRNA,0,0,0,0,1,0
AC025244.2,lncRNA,2,3,4,5,16,21
AC025252.1,lncRNA,1,0,1,0,0,1
AC025253.1,lncRNA,0,0,0,2,1,0
AC025253.2,lncRNA,2,0,0,0,0,0
AC025254.1,lncRNA,0,1,0,0,1,0
AC025257.1,lncRNA,1,3,0,0,3,1
AC025259.1,lncRNA,1,0,2,1,4,5
AC025262.3,lncRNA,0,2,5,15,11,18
AC025263.1,lncRNA,0,6,1,15,10,7
AC025265.1,lncRNA,2,0,0,0,2,1
AC025265.2,lncRNA,0,0,0,0,1,2
AC025265.3,lncRNA,0,1,0,0,7,5
AC025271.2,lncRNA,0,0,1,0,2,1
AC025271.4,lncRNA,0,1,1,0,8,4
AC025272.1,lncRNA,0,0,1,0,2,2
AC025277.1,lncRNA,0,1,2,0,3,2
AC025278.1,lncRNA,0,0,2,1,2,2
AC025279.1,lncRNA,3,2,2,4,7,7
AC025280.1,lncRNA,1,0,1,0,0,1
AC025280.2,lncRNA,8,7,6,6,42,48
AC025280.3,lncRNA,0,1,2,0,7,3
AC025284.1,lncRNA,2,1,0,1,12,16
AC025287.1,lncRNA,0,0,1,0,4,3
AC025287.2,lncRNA,0,0,0,0,8,5
AC025287.3,lncRNA,0,0,0,0,1,1
AC025370.2,lncRNA,0,0,0,2,1,2
AC025419.1,lncRNA,1,3,3,3,6,8
AC025423.4,lncRNA,0,2,0,0,4,6
AC025428.1,lncRNA,0,3,2,2,11,14
AC025430.1,lncRNA,0,2,1,8,0,3
AC025431.1,lncRNA,2,2,3,0,20,16
AC025437.1,lncRNA,0,0,0,0,2,2
AC025437.3,lncRNA,0,0,0,1,3,4
AC025437.4,lncRNA,0,2,2,1,12,20
AC025437.5,lncRNA,3,2,1,0,3,9
AC025442.1,lncRNA,1,0,1,0,4,6
AC025442.2,lncRNA,0,0,0,0,4,2
AC025449.2,lncRNA,1,8,3,12,4,11
AC025465.1,lncRNA,0,0,0,0,1,0
AC025465.2,lncRNA,11,27,12,12,141,248
AC025465.4,lncRNA,2,13,4,5,3,7
AC025470.2,lncRNA,0,0,1,2,5,7
AC025475.1,lncRNA,0,1,0,0,1,0
AC025475.2,lncRNA,0,0,0,3,1,1
AC025508.1,lncRNA,1,12,5,4,7,14
AC025539.1,lncRNA,3,1,7,1,19,24
AC025566.1,lncRNA,0,0,0,1,7,2
AC025569.1,lncRNA,1,0,1,6,7,8
AC025572.1,lncRNA,0,0,0,0,1,0
AC025575.1,lncRNA,0,0,0,0,0,5
AC025575.2,lncRNA,0,1,0,0,0,0
AC025576.1,lncRNA,0,0,0,0,1,1
AC025576.2,lncRNA,0,0,1,0,1,1
AC025576.3,lncRNA,3,1,0,0,1,0
AC025580.1,lncRNA,0,1,1,0,3,2
AC025580.2,lncRNA,5,2,3,3,3,4
AC025580.3,lncRNA,1,3,4,4,39,51
AC025614.2,lncRNA,2,7,0,5,5,12
AC025627.1,lncRNA,0,0,0,0,2,3
AC025674.2,lncRNA,1,1,1,0,3,3
AC025682.1,lncRNA,1,3,1,1,1,1
AC025752.1,lncRNA,0,0,1,0,2,0
AC025754.1,lncRNA,2,1,2,1,9,8
AC025754.2,lncRNA,0,0,0,0,1,1
AC025756.1,lncRNA,2,0,2,0,12,10
AC025766.1,lncRNA,0,0,1,0,0,1
AC025774.1,lncRNA,2,14,2,3,7,6
AC025809.1,lncRNA,0,0,0,0,0,1
AC025810.1,lncRNA,0,0,0,2,1,0
AC025811.1,lncRNA,0,0,0,0,1,1
AC025822.1,lncRNA,1,3,4,1,18,10
AC025822.2,lncRNA,3,11,4,13,14,25
AC025839.1,lncRNA,5,14,11,9,41,39
AC025871.1,lncRNA,0,0,0,0,2,1
AC025871.2,lncRNA,0,0,0,0,0,1
AC025871.3,lncRNA,0,2,1,2,0,0
AC025887.2,lncRNA,3,3,6,13,4,8
AC025917.1,lncRNA,0,0,0,0,1,1
AC025918.1,lncRNA,5,0,0,0,0,1
AC025946.1,lncRNA,0,0,0,2,2,0
AC026100.1,lncRNA,0,1,0,0,1,4
AC026108.1,lncRNA,3,1,0,0,1,0
AC026116.1,lncRNA,3,0,0,0,0,0
AC026120.3,lncRNA,1,1,1,2,15,7
AC026124.1,lncRNA,6,2,1,1,4,12
AC026124.2,lncRNA,1,0,0,3,1,0
AC026150.1,lncRNA,1,1,2,1,2,2
AC026167.1,lncRNA,0,0,0,0,0,1
AC026191.1,lncRNA,1,1,1,3,6,6
AC026202.1,lncRNA,0,0,0,2,0,2
AC026202.2,lncRNA,0,0,1,0,2,2
AC026202.3,lncRNA,1,2,6,1,9,7
AC026254.2,lncRNA,0,1,0,1,2,3
AC026271.4,lncRNA,2,1,2,4,10,6
AC026304.1,lncRNA,0,0,1,0,3,3
AC026310.1,lncRNA,0,0,0,8,1,3
AC026316.3,lncRNA,1,3,4,3,14,13
AC026316.5,lncRNA,1,0,0,1,1,0
AC026320.1,lncRNA,0,0,0,0,1,1
AC026320.3,lncRNA,3,3,3,1,6,6
AC026329.1,lncRNA,1,4,6,7,18,18
AC026333.3,lncRNA,0,2,1,4,3,2
AC026333.4,lncRNA,0,0,0,0,0,1
AC026336.2,lncRNA,0,0,0,1,1,0
AC026336.3,lncRNA,1,2,2,6,7,8
AC026341.1,lncRNA,5,11,1,3,8,7
AC026341.2,lncRNA,0,1,3,0,9,10
AC026341.3,lncRNA,1,7,1,2,6,5
AC026353.1,lncRNA,0,0,0,0,3,2
AC026355.2,lncRNA,0,1,0,0,0,0
AC026355.3,lncRNA,0,0,1,0,1,2
AC026356.1,lncRNA,0,0,0,0,2,1
AC026356.2,lncRNA,5,9,1,7,3,3
AC026358.1,lncRNA,1,1,1,2,9,6
AC026362.1,lncRNA,6,7,10,6,38,35
AC026367.1,lncRNA,0,1,1,0,2,3
AC026367.3,lncRNA,0,0,0,0,2,0
AC026368.1,lncRNA,7,15,11,3,14,14
AC026369.1,lncRNA,5,2,6,19,45,49
AC026369.2,lncRNA,1,1,5,0,5,8
AC026369.3,lncRNA,0,0,0,0,2,7
AC026391.1,lncRNA,1,3,2,9,17,10
AC026401.1,lncRNA,0,2,0,1,2,1
AC026401.2,lncRNA,0,10,3,4,1,0
AC026401.3,lncRNA,1,5,0,1,1,6
AC026402.2,lncRNA,1,0,1,0,5,5
AC026408.1,lncRNA,2,2,0,0,1,1
AC026412.3,lncRNA,2,2,6,6,9,8
AC026412.4,lncRNA,3,2,2,4,16,13
AC026414.1,lncRNA,0,1,0,0,1,0
AC026415.1,lncRNA,5,1,2,0,3,3
AC026427.1,lncRNA,1,0,0,0,3,5
AC026433.1,lncRNA,0,0,0,0,2,3
AC026458.2,lncRNA,0,0,0,0,1,1
AC026461.1,lncRNA,0,0,0,0,0,1
AC026461.2,lncRNA,0,0,3,0,0,0
AC026461.3,lncRNA,0,0,1,0,0,0
AC026462.3,lncRNA,3,5,2,4,30,23
AC026462.4,lncRNA,2,2,2,3,7,6
AC026462.5,lncRNA,0,1,2,0,12,8
AC026464.2,lncRNA,0,0,0,0,0,1
AC026469.1,lncRNA,4,3,4,4,15,16
AC026470.2,lncRNA,0,0,0,0,1,0
AC026470.3,lncRNA,0,0,0,0,0,1
AC026471.1,lncRNA,5,4,5,4,27,18
AC026471.2,lncRNA,2,0,0,1,3,5
AC026471.3,lncRNA,1,2,2,1,6,4
AC026471.4,lncRNA,0,0,0,1,2,1
AC026471.5,lncRNA,0,0,0,0,1,1
AC026474.1,lncRNA,0,5,0,4,1,4
AC026495.1,lncRNA,2,8,3,4,14,12
AC026495.2,lncRNA,0,0,1,0,4,2
AC026523.1,lncRNA,1,0,1,0,1,0
AC026523.3,lncRNA,0,2,0,0,1,2
AC026523.4,lncRNA,0,1,0,1,1,1
AC026583.1,lncRNA,0,0,0,0,1,2
AC026620.2,lncRNA,2,1,2,1,2,2
AC026624.1,lncRNA,0,4,0,1,2,4
AC026688.2,lncRNA,1,2,1,0,9,5
AC026691.1,lncRNA,1,1,2,3,17,13
AC026704.1,lncRNA,2,1,2,5,1,3
AC026719.1,lncRNA,0,0,0,0,1,0
AC026725.1,lncRNA,2,0,2,2,2,1
AC026726.1,lncRNA,2,0,2,1,3,3
AC026726.2,lncRNA,0,0,1,3,3,2
AC026736.1,lncRNA,0,0,0,1,1,2
AC026740.1,lncRNA,2,0,0,0,13,8
AC026741.1,lncRNA,0,0,0,0,3,1
AC026746.1,lncRNA,8,1,13,12,16,8
AC026748.3,lncRNA,4,1,5,3,14,14
AC026765.2,lncRNA,2,3,1,8,0,1
AC026765.3,lncRNA,5,5,3,5,12,8
AC026765.4,lncRNA,4,0,2,0,13,13
AC026770.1,lncRNA,0,0,1,0,1,4
AC026771.1,lncRNA,0,0,1,1,2,2
AC026774.1,lncRNA,1,0,4,2,11,7
AC026780.1,lncRNA,0,1,0,0,3,1
AC026780.2,lncRNA,0,1,0,0,4,2
AC026782.1,lncRNA,0,0,0,0,1,2
AC026782.2,lncRNA,0,0,1,0,0,0
AC026785.2,lncRNA,1,1,1,2,1,1
AC026785.3,lncRNA,0,0,1,2,5,6
AC026786.2,lncRNA,1,0,1,0,0,1
AC026787.1,lncRNA,0,0,0,0,0,2
AC026790.1,lncRNA,0,0,0,0,1,0
AC026803.1,lncRNA,0,0,0,1,1,2
AC026803.2,lncRNA,1,3,4,1,8,5
AC026803.3,lncRNA,0,0,0,1,1,1
AC026888.1,lncRNA,0,0,0,0,1,1
AC026894.1,lncRNA,5,2,3,4,26,21
AC026904.1,lncRNA,0,1,0,0,4,4
AC026904.2,lncRNA,0,3,2,4,18,11
AC026950.2,lncRNA,0,0,1,0,1,2
AC026954.3,lncRNA,0,1,0,1,1,0
AC026956.2,lncRNA,10,11,1,7,15,5
AC026979.2,lncRNA,1,0,1,2,5,1
AC026979.4,lncRNA,2,2,1,9,3,13
AC026991.2,lncRNA,0,0,0,0,0,2
AC026992.1,lncRNA,5,5,3,2,6,12
AC026992.2,lncRNA,8,16,42,6,25,28
AC027013.1,lncRNA,2,0,0,1,3,6
AC027018.1,lncRNA,0,0,0,1,1,2
AC027020.1,lncRNA,0,1,0,1,2,1
AC027020.2,lncRNA,1,1,1,3,6,4
AC027031.1,lncRNA,0,0,0,0,1,0
AC027045.1,lncRNA,0,0,0,0,1,2
AC027045.2,lncRNA,4,2,0,0,5,4
AC027045.3,lncRNA,0,4,3,1,6,4
AC027088.1,lncRNA,0,0,1,2,5,5
AC027088.2,lncRNA,0,0,0,0,2,0
AC027088.3,lncRNA,0,0,0,0,2,2
AC027088.5,lncRNA,6,5,10,8,67,70
AC027097.1,lncRNA,1,5,0,1,7,9
AC027097.2,lncRNA,28,21,3,10,12,14
AC027117.1,lncRNA,3,14,3,2,10,8
AC027117.2,lncRNA,3,0,1,2,7,9
AC027128.1,lncRNA,0,2,1,2,10,11
AC027129.1,lncRNA,1,0,0,1,7,1
AC027130.1,lncRNA,0,0,0,0,4,5
AC027228.1,lncRNA,1,0,0,0,0,0
AC027228.2,lncRNA,1,0,0,0,3,3
AC027237.2,lncRNA,0,3,0,11,3,1
AC027237.3,lncRNA,6,3,9,7,23,17
AC027237.4,lncRNA,0,0,0,0,3,1
AC027243.1,lncRNA,0,1,3,1,8,9
AC027243.2,lncRNA,0,1,0,0,3,1
AC027243.3,lncRNA,1,0,0,0,2,1
AC027250.2,lncRNA,2,1,0,0,3,3
AC027251.1,lncRNA,2,6,3,6,17,16
AC027271.1,lncRNA,0,1,0,0,0,0
AC027277.1,lncRNA,0,0,0,0,2,0
AC027279.1,lncRNA,6,3,2,2,43,34
AC027279.2,lncRNA,0,0,1,0,6,6
AC027287.2,lncRNA,0,0,0,0,7,9
AC027288.1,lncRNA,0,0,2,0,6,3
AC027288.3,lncRNA,2,3,1,2,4,9
AC027290.1,lncRNA,3,1,0,0,3,5
AC027307.1,lncRNA,1,2,7,0,7,7
AC027307.2,lncRNA,0,0,0,0,3,4
AC027307.3,lncRNA,0,2,0,2,2,0
AC027309.1,lncRNA,0,0,1,1,1,2
AC027315.1,lncRNA,0,0,0,0,4,7
AC027319.1,lncRNA,1,2,0,2,1,0
AC027329.1,lncRNA,0,2,0,2,3,4
AC027338.1,lncRNA,0,0,0,0,1,0
AC027343.1,lncRNA,0,0,0,0,1,0
AC027343.2,lncRNA,0,2,0,0,3,1
AC027343.3,lncRNA,0,0,0,0,1,1
AC027348.1,lncRNA,0,0,0,1,3,3
AC027373.1,lncRNA,0,0,0,1,1,2
AC027419.2,lncRNA,0,0,0,0,2,1
AC027449.1,lncRNA,0,0,0,0,0,6
AC027451.1,lncRNA,1,0,0,1,3,3
AC027458.1,lncRNA,0,1,0,0,0,1
AC027514.1,lncRNA,0,0,0,0,2,4
AC027541.1,lncRNA,0,0,0,1,14,11
AC027544.2,lncRNA,0,0,0,0,0,1
AC027575.2,lncRNA,6,3,2,2,3,2
AC027584.1,lncRNA,0,1,4,0,1,7
AC027601.1,lncRNA,4,3,7,7,41,36
AC027601.2,lncRNA,0,0,0,1,2,3
AC027601.3,lncRNA,1,1,0,0,3,2
AC027601.5,lncRNA,26,14,18,17,82,73
AC027607.1,lncRNA,0,1,0,1,3,2
AC027612.3,lncRNA,3,1,0,0,2,2
AC027627.1,lncRNA,0,0,0,0,2,1
AC027644.3,lncRNA,0,0,0,1,1,3
AC027682.1,lncRNA,1,1,5,1,10,6
AC027682.4,lncRNA,2,8,14,7,73,30
AC027682.5,lncRNA,0,0,1,7,4,5
AC027682.6,lncRNA,1,3,3,2,14,21
AC027688.1,lncRNA,0,1,0,0,1,1
AC027688.2,lncRNA,0,0,1,4,2,1
AC027702.1,lncRNA,3,7,4,4,23,22
AC027763.2,lncRNA,0,0,4,0,3,0
AC027779.1,lncRNA,0,1,1,0,1,2
AC027796.1,lncRNA,3,3,6,5,41,42
AC027796.4,lncRNA,0,2,2,5,9,3
AC027796.5,lncRNA,0,0,0,1,0,1
AC027801.1,lncRNA,1,0,0,3,6,6
AC027801.2,lncRNA,0,1,2,1,19,22
AC027801.4,lncRNA,0,1,1,1,0,3
AC027801.5,lncRNA,0,0,0,0,0,1
AC027804.1,lncRNA,0,0,0,0,1,1
AC027807.2,lncRNA,3,0,0,0,0,0
AC027808.1,lncRNA,0,0,0,0,2,2
AC027808.2,lncRNA,0,0,0,0,2,1
AC027811.1,lncRNA,19,3,0,30,3,6
AC032011.1,lncRNA,0,0,1,1,0,1
AC032019.1,lncRNA,0,0,0,1,0,0
AC032019.2,lncRNA,1,0,0,0,0,0
AC034102.3,lncRNA,0,0,0,0,3,1
AC034102.4,lncRNA,1,2,2,1,9,10
AC034102.5,lncRNA,0,1,1,1,3,2
AC034102.6,lncRNA,1,4,6,2,15,12
AC034102.7,lncRNA,0,0,0,0,0,1
AC034102.8,lncRNA,1,0,0,0,0,1
AC034110.1,lncRNA,2,8,9,3,37,51
AC034111.1,lncRNA,3,9,3,12,12,16
AC034111.2,lncRNA,4,9,1,6,4,5
AC034114.2,lncRNA,5,7,12,15,78,65
AC034139.1,lncRNA,2,3,0,1,2,6
AC034148.1,lncRNA,0,0,1,0,3,3
AC034154.1,lncRNA,0,4,0,0,1,0
AC034159.2,lncRNA,0,4,0,2,1,1
AC034187.1,lncRNA,1,3,1,3,10,6
AC034195.1,lncRNA,6,0,3,3,25,28
AC034199.1,lncRNA,1,0,0,0,6,10
AC034199.2,lncRNA,0,0,2,0,1,2
AC034206.1,lncRNA,2,0,0,1,2,2
AC034213.1,lncRNA,0,0,0,0,0,1
AC034222.2,lncRNA,0,0,0,1,2,3
AC034223.1,lncRNA,0,1,0,0,3,2
AC034223.2,lncRNA,0,0,0,0,0,1
AC034226.1,lncRNA,0,1,0,0,1,0
AC034228.1,lncRNA,1,0,1,0,0,1
AC034228.2,lncRNA,0,0,0,0,25,5
AC034229.1,lncRNA,2,0,1,1,5,3
AC034229.2,lncRNA,0,1,0,1,3,3
AC034229.3,lncRNA,0,1,0,1,3,3
AC034231.1,lncRNA,0,2,4,0,8,6
AC034232.1,lncRNA,0,1,0,0,3,4
AC034234.1,lncRNA,0,0,1,0,1,0
AC034236.2,lncRNA,1,2,1,2,15,20
AC034236.3,lncRNA,0,0,0,1,2,0
AC034238.1,lncRNA,1,9,2,5,60,40
AC034238.2,lncRNA,1,0,0,0,0,1
AC034238.3,lncRNA,0,0,0,3,0,1
AC034243.1,lncRNA,3,2,1,0,3,7
AC034245.1,lncRNA,0,0,1,0,3,0
AC034268.2,lncRNA,4,6,1,7,5,5
AC035139.2,lncRNA,4,3,0,0,2,4
AC035140.1,lncRNA,0,0,0,0,1,2
AC036101.1,lncRNA,0,0,1,2,1,3
AC036103.1,lncRNA,2,3,2,1,1,2
AC036108.1,lncRNA,1,7,1,2,10,11
AC036108.2,lncRNA,2,2,4,1,7,6
AC036108.3,lncRNA,1,0,1,1,4,5
AC036176.1,lncRNA,4,2,4,2,5,9
AC036176.3,lncRNA,1,2,1,6,1,4
AC036214.1,lncRNA,3,3,4,3,9,10
AC036214.2,lncRNA,0,0,0,0,1,1
AC036214.4,lncRNA,6,2,2,6,15,15
AC036222.1,lncRNA,0,1,0,1,2,0
AC036222.2,lncRNA,0,0,0,1,1,1
AC037193.1,lncRNA,0,2,2,3,15,10
AC037198.1,lncRNA,2,1,1,0,3,2
AC037198.2,lncRNA,0,0,0,0,2,0
AC037433.1,lncRNA,0,2,1,7,17,1
AC037441.1,lncRNA,4,5,6,5,17,11
AC037441.2,lncRNA,0,1,0,0,2,2
AC037450.1,lncRNA,0,0,0,0,2,4
AC037459.2,lncRNA,1,2,4,3,11,6
AC037459.3,lncRNA,21,3,4,1,20,4
AC037459.4,lncRNA,0,0,4,1,6,4
AC037486.1,lncRNA,1,1,3,3,10,11
AC037487.1,lncRNA,1,1,0,1,1,1
AC037487.2,lncRNA,2,1,0,0,0,0
AC037487.4,lncRNA,0,0,0,0,1,1
AC039056.1,lncRNA,1,0,0,1,1,0
AC039056.2,lncRNA,1,0,1,0,3,4
AC040160.1,lncRNA,0,2,2,1,6,4
AC040162.3,lncRNA,11,13,35,9,14,14
AC040168.1,lncRNA,6,7,7,25,39,40
AC040169.1,lncRNA,4,2,6,15,15,13
AC040169.3,lncRNA,0,0,0,0,3,1
AC040169.4,lncRNA,5,3,7,2,9,12
AC040173.1,lncRNA,1,2,3,4,5,7
AC040174.1,lncRNA,2,1,1,1,12,3
AC040896.1,lncRNA,0,3,2,1,0,0
AC040914.1,lncRNA,1,3,1,4,1,1
AC040934.1,lncRNA,1,0,1,1,10,8
AC040963.1,lncRNA,6,3,3,5,11,8
AC040970.1,lncRNA,2,2,3,5,12,11
AC040977.1,lncRNA,0,0,1,1,1,1
AC040977.2,lncRNA,0,0,1,1,1,0
AC041005.1,lncRNA,2,3,0,2,9,6
AC044781.1,lncRNA,0,0,0,3,1,0
AC044784.1,lncRNA,0,0,0,0,0,1
AC044798.1,lncRNA,0,0,0,3,0,0
AC044798.2,lncRNA,0,0,1,0,0,2
AC044798.3,lncRNA,0,4,4,10,8,11
AC044802.1,lncRNA,1,2,3,4,12,15
AC044802.2,lncRNA,0,2,1,1,1,1
AC044810.2,lncRNA,3,1,0,0,11,8
AC044810.3,lncRNA,0,0,0,0,0,1
AC044839.1,lncRNA,15,15,17,24,356,289
AC044839.2,lncRNA,1,3,5,0,7,5
AC044839.3,lncRNA,1,0,0,0,1,1
AC044840.1,lncRNA,0,0,0,0,14,10
AC044849.1,lncRNA,4,2,12,2,13,12
AC044873.1,lncRNA,0,3,0,0,1,0
AC044893.1,lncRNA,6,0,2,4,5,4
AC044893.2,lncRNA,0,0,0,0,1,0
AC046130.1,lncRNA,5,5,7,4,86,75
AC046130.2,lncRNA,0,5,0,1,1,2
AC046134.2,lncRNA,1,16,4,9,29,32
AC046143.1,lncRNA,1,2,3,1,7,3
AC046158.1,lncRNA,0,0,0,0,0,2
AC046158.2,lncRNA,0,1,0,0,0,1
AC046168.1,lncRNA,5,2,3,2,13,8
AC046168.2,lncRNA,1,0,3,1,14,8
AC046195.1,lncRNA,1,2,1,5,7,5
AC046195.2,lncRNA,1,0,1,1,4,2
AC048337.1,lncRNA,0,1,1,0,3,4
AC048341.1,lncRNA,10,18,4,13,17,57
AC048341.2,lncRNA,0,0,0,2,0,0
AC048344.1,lncRNA,0,0,0,8,0,0
AC048344.4,lncRNA,1,0,0,0,0,0
AC048352.1,lncRNA,0,1,0,0,3,9
AC048380.1,lncRNA,0,0,1,0,4,2
AC048382.1,lncRNA,0,0,0,0,2,4
AC048382.4,lncRNA,0,1,0,1,3,2
AC048382.5,lncRNA,4,6,4,3,22,19
AC048382.6,lncRNA,2,13,1,23,4,9
AC048383.1,lncRNA,0,0,0,0,0,1
AC048387.1,lncRNA,0,0,1,0,0,0
AC051618.1,lncRNA,2,0,0,0,1,0
AC051619.10,lncRNA,0,1,2,1,3,2
AC051619.4,lncRNA,4,0,2,7,8,13
AC051619.5,lncRNA,0,0,0,1,1,0
AC051619.6,lncRNA,150,53,448,81,431,341
AC051619.7,lncRNA,149,49,447,80,429,333
AC051635.1,lncRNA,1,1,0,1,5,5
AC051649.1,lncRNA,0,1,0,0,2,1
AC053503.1,lncRNA,2,2,7,2,13,11
AC053503.4,lncRNA,1,0,2,1,5,4
AC053513.1,lncRNA,1,1,0,4,5,1
AC053513.2,lncRNA,6,0,0,8,0,1
AC053527.2,lncRNA,2,2,2,3,4,3
AC053545.1,lncRNA,7,8,8,8,13,19
AC055714.1,lncRNA,4,3,1,4,15,11
AC055716.3,lncRNA,0,0,0,0,0,1
AC055717.1,lncRNA,5,3,11,6,271,140
AC055717.2,lncRNA,0,0,0,0,3,1
AC055720.1,lncRNA,0,0,0,2,1,1
AC055720.2,lncRNA,1,0,0,0,0,0
AC055720.3,lncRNA,0,0,0,3,4,3
AC055733.2,lncRNA,0,0,1,0,0,0
AC055736.1,lncRNA,0,0,0,0,1,1
AC055758.1,lncRNA,0,0,0,0,2,0
AC055758.2,lncRNA,1,1,1,1,3,4
AC055764.1,lncRNA,0,0,0,0,2,3
AC055764.2,lncRNA,0,0,0,0,1,0
AC055788.1,lncRNA,0,0,2,0,1,5
AC055788.2,lncRNA,1,0,0,3,5,2
AC055807.1,lncRNA,0,3,0,0,3,1
AC055811.1,lncRNA,0,0,2,0,7,4
AC055811.3,lncRNA,0,1,0,1,3,1
AC055840.1,lncRNA,0,1,1,2,2,1
AC055854.1,lncRNA,7,9,12,6,78,78
AC055855.1,lncRNA,0,1,0,1,2,0
AC055855.2,lncRNA,0,0,0,0,1,0
AC055860.1,lncRNA,0,1,0,0,1,2
AC055872.2,lncRNA,0,0,0,0,3,4
AC055878.1,lncRNA,0,1,0,1,1,1
AC058791.1,lncRNA,1,2,2,4,23,18
AC060234.1,lncRNA,0,0,0,0,2,2
AC060234.2,lncRNA,0,2,1,1,6,6
AC060234.3,lncRNA,2,0,2,6,0,4
AC060765.1,lncRNA,0,1,0,0,4,1
AC060765.2,lncRNA,2,2,2,7,5,11
AC060766.5,lncRNA,0,0,0,2,1,2
AC060766.6,lncRNA,1,0,0,0,25,40
AC060780.1,lncRNA,4,6,4,7,13,13
AC060809.1,lncRNA,0,0,0,0,2,1
AC060814.2,lncRNA,2,1,6,4,14,13
AC060814.3,lncRNA,0,0,1,0,1,1
AC060814.4,lncRNA,0,0,0,0,1,0
AC060834.2,lncRNA,0,0,1,1,1,2
AC061708.1,lncRNA,0,0,0,2,4,1
AC061709.2,lncRNA,1,0,4,1,6,3
AC061958.1,lncRNA,2,6,0,3,4,2
AC061961.1,lncRNA,3,2,4,2,19,13
AC061975.1,lncRNA,3,6,2,2,10,8
AC061975.4,lncRNA,0,0,0,0,2,1
AC061975.6,lncRNA,0,0,1,1,3,2
AC061975.7,lncRNA,0,0,0,0,1,0
AC061975.8,lncRNA,0,2,1,0,2,2
AC061979.1,lncRNA,2,1,3,3,8,5
AC061992.2,lncRNA,1,4,4,6,8,5
AC062004.1,lncRNA,0,0,2,2,1,3
AC062015.1,lncRNA,0,1,2,4,7,5
AC062020.1,lncRNA,0,0,0,0,9,10
AC062021.1,lncRNA,0,0,1,0,1,1
AC062022.2,lncRNA,1,11,2,3,11,14
AC062028.1,lncRNA,1,4,5,5,33,28
AC062029.1,lncRNA,4,1,1,5,9,9
AC062032.1,lncRNA,0,0,0,0,3,0
AC062037.3,lncRNA,1,4,4,4,29,24
AC063919.1,lncRNA,1,3,2,2,12,8
AC063919.2,lncRNA,0,2,4,4,1,2
AC063926.1,lncRNA,1,0,0,0,0,0
AC063938.1,lncRNA,0,4,1,1,5,9
AC063944.1,lncRNA,1,3,3,2,7,10
AC063947.1,lncRNA,0,0,2,0,1,0
AC063948.1,lncRNA,5,0,1,1,1,1
AC063949.2,lncRNA,0,0,2,1,2,2
AC063952.4,lncRNA,0,0,0,0,1,1
AC063960.1,lncRNA,0,2,0,0,2,1
AC063960.2,lncRNA,3,3,6,2,13,20
AC063962.1,lncRNA,0,0,0,0,2,2
AC063965.2,lncRNA,3,1,1,2,9,10
AC063976.1,lncRNA,1,0,0,0,1,1
AC063977.3,lncRNA,0,0,1,1,2,4
AC063977.5,lncRNA,28,8,48,17,478,454
AC063979.1,lncRNA,0,0,1,0,5,6
AC063980.1,lncRNA,1,3,0,4,3,3
AC064799.2,lncRNA,0,0,1,1,3,2
AC064801.1,lncRNA,0,0,0,0,3,2
AC064802.1,lncRNA,0,0,0,0,1,4
AC064805.1,lncRNA,1,4,3,4,16,14
AC064805.2,lncRNA,4,13,6,4,18,21
AC064807.1,lncRNA,1,9,2,13,23,12
AC064807.2,lncRNA,0,0,0,2,2,2
AC064807.3,lncRNA,0,0,1,1,2,2
AC064807.4,lncRNA,0,0,0,0,1,1
AC064834.1,lncRNA,0,0,0,0,0,1
AC064836.1,lncRNA,0,0,1,0,0,0
AC064836.2,lncRNA,1,1,3,4,10,4
AC064836.3,lncRNA,3,7,2,3,0,5
AC064843.1,lncRNA,7,15,7,80,7,31
AC064852.1,lncRNA,0,0,0,2,4,3
AC064853.1,lncRNA,0,0,1,0,3,5
AC064856.1,lncRNA,0,1,0,0,0,0
AC064869.1,lncRNA,0,0,0,0,5,2
AC064871.2,lncRNA,0,0,0,0,4,11
AC064874.1,lncRNA,0,0,0,1,1,1
AC064875.1,lncRNA,2,1,1,1,10,14
AC066580.1,lncRNA,0,3,3,2,7,6
AC066585.1,lncRNA,4,0,0,1,1,3
AC066595.1,lncRNA,0,0,2,0,0,0
AC066595.2,lncRNA,1,1,2,7,7,12
AC066612.1,lncRNA,1,1,0,2,4,4
AC066613.1,lncRNA,2,1,4,4,3,3
AC066613.2,lncRNA,0,0,0,0,0,1
AC066614.1,lncRNA,0,1,1,0,1,2
AC067747.1,lncRNA,0,0,0,0,0,1
AC067750.1,lncRNA,5,6,5,6,23,21
AC067751.1,lncRNA,2,4,4,4,11,12
AC067752.1,lncRNA,2,1,2,0,6,4
AC067773.1,lncRNA,3,8,7,6,53,116
AC067817.2,lncRNA,0,2,3,5,26,22
AC067838.1,lncRNA,1,2,0,0,0,2
AC067852.1,lncRNA,1,1,0,0,4,4
AC067852.2,lncRNA,1,1,5,1,10,11
AC067852.3,lncRNA,1,3,0,7,5,2
AC067852.5,lncRNA,0,1,0,0,6,5
AC067863.1,lncRNA,2,3,1,2,8,4
AC067930.1,lncRNA,0,2,0,0,1,3
AC067930.2,lncRNA,2,1,1,0,1,2
AC067930.3,lncRNA,0,1,3,1,3,4
AC067930.4,lncRNA,24,69,67,50,330,587
AC067930.8,lncRNA,1,6,2,3,7,7
AC067942.4,lncRNA,5,14,14,8,63,57
AC067945.1,lncRNA,3,4,0,1,1,1
AC067945.2,lncRNA,0,0,0,1,1,1
AC067945.3,lncRNA,0,0,3,0,4,3
AC067956.1,lncRNA,0,2,3,4,6,10
AC067960.1,lncRNA,3,4,7,4,59,47
AC067968.2,lncRNA,0,0,1,0,1,1
AC067969.1,lncRNA,0,0,0,1,2,1
AC067969.2,lncRNA,8,2,5,1,8,9
AC068014.1,lncRNA,0,1,0,0,0,2
AC068020.1,lncRNA,0,0,0,2,1,2
AC068025.1,lncRNA,0,0,0,1,2,2
AC068025.2,lncRNA,0,7,0,6,0,2
AC068051.1,lncRNA,10,9,4,8,45,59
AC068057.1,lncRNA,0,1,0,1,5,3
AC068057.3,lncRNA,4,3,1,4,6,6
AC068058.1,lncRNA,0,0,0,0,0,3
AC068075.1,lncRNA,5,0,5,2,8,14
AC068075.2,lncRNA,0,0,0,0,0,1
AC068112.1,lncRNA,2,1,1,2,4,2
AC068134.1,lncRNA,1,1,2,0,5,6
AC068134.2,lncRNA,0,0,4,1,13,7
AC068135.2,lncRNA,1,1,0,0,1,1
AC068189.1,lncRNA,0,4,2,0,6,2
AC068189.2,lncRNA,0,0,0,2,1,4
AC068193.1,lncRNA,0,0,1,0,1,1
AC068196.1,lncRNA,2,3,1,8,4,11
AC068205.1,lncRNA,0,1,3,4,5,11
AC068205.2,lncRNA,5,5,1,16,8,18
AC068228.1,lncRNA,1,4,1,1,4,5
AC068228.3,lncRNA,3,14,1,12,14,17
AC068234.2,lncRNA,0,0,0,0,0,3
AC068254.1,lncRNA,0,0,0,0,1,0
AC068279.2,lncRNA,0,1,1,1,1,2
AC068282.1,lncRNA,1,0,1,2,11,10
AC068282.2,lncRNA,0,2,7,1,1,3
AC068286.1,lncRNA,0,0,1,0,1,1
AC068286.2,lncRNA,2,0,3,5,5,2
AC068295.1,lncRNA,0,0,0,0,1,1
AC068305.2,lncRNA,0,0,0,0,5,5
AC068308.1,lncRNA,0,8,4,6,15,19
AC068338.2,lncRNA,1,2,3,2,15,18
AC068338.3,lncRNA,0,1,0,1,1,1
AC068385.1,lncRNA,0,0,0,1,0,1
AC068389.1,lncRNA,4,9,14,8,22,20
AC068389.2,lncRNA,0,0,0,2,4,1
AC068397.1,lncRNA,0,0,0,2,1,2
AC068397.2,lncRNA,1,0,0,0,1,3
AC068408.1,lncRNA,0,1,1,0,6,5
AC068408.2,lncRNA,0,0,0,3,1,1
AC068413.1,lncRNA,7,11,2,1,26,25
AC068418.2,lncRNA,2,1,1,2,6,7
AC068418.3,lncRNA,2,7,4,2,17,14
AC068442.1,lncRNA,1,0,0,0,3,3
AC068446.2,lncRNA,2,0,1,1,4,3
AC068473.1,lncRNA,0,2,3,3,6,8
AC068473.2,lncRNA,0,0,0,0,1,2
AC068473.3,lncRNA,9,5,9,17,32,31
AC068473.4,lncRNA,1,1,0,4,2,1
AC068473.5,lncRNA,2,6,11,8,32,43
AC068481.1,lncRNA,3,2,5,5,8,16
AC068483.1,lncRNA,1,0,0,0,2,3
AC068489.1,lncRNA,0,3,1,5,5,13
AC068491.1,lncRNA,0,0,0,0,0,1
AC068491.2,lncRNA,1,3,0,0,4,1
AC068492.1,lncRNA,0,0,0,0,1,0
AC068506.1,lncRNA,0,0,0,1,0,2
AC068533.3,lncRNA,0,0,1,0,0,0
AC068535.1,lncRNA,1,10,2,6,15,20
AC068535.2,lncRNA,0,1,0,0,1,3
AC068544.2,lncRNA,0,0,0,0,2,2
AC068580.1,lncRNA,0,1,0,0,3,1
AC068580.2,lncRNA,2,0,1,1,16,17
AC068580.3,lncRNA,1,1,1,2,8,9
AC068580.5,lncRNA,15,14,38,16,97,91
AC068587.4,lncRNA,11,13,9,20,36,43
AC068594.1,lncRNA,5,3,15,4,75,63
AC068616.1,lncRNA,1,0,0,0,1,2
AC068616.2,lncRNA,2,5,4,4,10,13
AC068616.3,lncRNA,0,0,2,1,4,3
AC068620.1,lncRNA,0,0,0,0,1,1
AC068620.2,lncRNA,0,0,0,0,1,0
AC068631.1,lncRNA,12,15,7,13,26,42
AC068633.1,lncRNA,0,0,0,5,1,4
AC068643.1,lncRNA,0,4,0,2,3,7
AC068643.2,lncRNA,0,2,3,3,3,2
AC068658.1,lncRNA,0,0,0,0,1,0
AC068672.1,lncRNA,2,0,0,0,2,1
AC068672.2,lncRNA,0,0,0,3,1,0
AC068672.3,lncRNA,1,0,0,1,4,5
AC068688.1,lncRNA,0,1,1,0,1,3
AC068700.1,lncRNA,0,0,1,1,4,3
AC068700.2,lncRNA,41,27,83,17,188,123
AC068707.1,lncRNA,2,1,4,1,11,13
AC068721.1,lncRNA,1,2,0,3,2,4
AC068722.1,lncRNA,1,32,2,6,11,9
AC068724.1,lncRNA,0,2,0,0,0,0
AC068724.3,lncRNA,2,1,2,0,2,6
AC068724.4,lncRNA,0,0,0,0,1,0
AC068725.1,lncRNA,2,3,2,2,10,20
AC068726.1,lncRNA,0,0,1,0,0,0
AC068733.1,lncRNA,1,2,0,0,4,4
AC068733.3,lncRNA,3,4,3,2,6,7
AC068756.1,lncRNA,1,0,0,0,0,0
AC068759.1,lncRNA,0,1,1,0,1,5
AC068768.1,lncRNA,0,0,0,0,1,2
AC068774.1,lncRNA,0,0,1,1,2,0
AC068787.2,lncRNA,1,5,0,2,3,8
AC068787.3,lncRNA,1,0,0,2,3,2
AC068787.4,lncRNA,0,2,1,2,1,1
AC068787.5,lncRNA,0,1,0,0,2,4
AC068789.1,lncRNA,0,0,0,0,1,0
AC068790.3,lncRNA,0,0,0,0,2,2
AC068790.5,lncRNA,0,0,2,0,1,0
AC068790.6,lncRNA,0,0,0,0,1,0
AC068790.7,lncRNA,0,0,0,2,2,2
AC068790.8,lncRNA,3,1,2,1,7,7
AC068790.9,lncRNA,4,3,2,2,27,26
AC068831.3,lncRNA,0,0,0,0,1,0
AC068831.5,lncRNA,0,1,0,0,0,0
AC068858.1,lncRNA,0,0,0,0,2,1
AC068870.1,lncRNA,0,0,0,0,4,1
AC068870.2,lncRNA,0,0,0,1,2,1
AC068875.1,lncRNA,4,5,5,4,55,42
AC068880.2,lncRNA,0,0,0,0,0,1
AC068888.1,lncRNA,8,18,27,19,95,79
AC068888.2,lncRNA,0,1,0,0,1,2
AC068898.2,lncRNA,0,7,0,0,1,1
AC068931.1,lncRNA,0,4,0,0,3,1
AC068944.1,lncRNA,1,0,0,1,3,3
AC068946.3,lncRNA,1,1,0,0,1,2
AC068985.1,lncRNA,0,0,1,0,0,1
AC068987.1,lncRNA,2,2,3,1,1,4
AC068987.2,lncRNA,0,1,2,0,15,4
AC068987.3,lncRNA,1,1,1,2,8,8
AC068989.1,lncRNA,1,2,0,0,2,3
AC068993.2,lncRNA,1,2,2,0,11,5
AC069023.1,lncRNA,2,0,0,0,0,0
AC069061.2,lncRNA,0,0,0,0,1,2
AC069079.1,lncRNA,0,0,1,2,34,17
AC069113.2,lncRNA,0,0,0,1,1,2
AC069114.1,lncRNA,0,1,0,0,0,0
AC069120.1,lncRNA,13,17,24,19,102,72
AC069133.1,lncRNA,7,9,4,8,12,3
AC069148.1,lncRNA,5,2,6,5,30,22
AC069155.1,lncRNA,0,1,0,0,2,3
AC069185.1,lncRNA,1,4,1,1,7,12
AC069200.1,lncRNA,0,5,3,0,1,1
AC069209.1,lncRNA,0,0,0,0,0,1
AC069209.2,lncRNA,3,2,2,1,9,4
AC069213.1,lncRNA,0,0,1,0,4,2
AC069214.1,lncRNA,0,0,0,0,0,1
AC069222.1,lncRNA,0,2,0,12,7,3
AC069224.1,lncRNA,0,2,3,5,61,49
AC069228.1,lncRNA,2,14,7,7,43,48
AC069234.1,lncRNA,0,0,0,1,1,0
AC069234.2,lncRNA,0,1,0,1,0,0
AC069234.3,lncRNA,1,0,1,1,1,1
AC069243.1,lncRNA,1,1,1,0,6,3
AC069272.1,lncRNA,0,0,1,0,4,6
AC069277.1,lncRNA,2,15,38,4,18,11
AC069280.1,lncRNA,1,0,1,0,0,1
AC069280.2,lncRNA,0,6,1,13,5,3
AC069281.1,lncRNA,2,18,3,9,7,16
AC069281.2,lncRNA,5,6,10,10,37,35
AC069285.2,lncRNA,0,0,0,0,2,1
AC069287.2,lncRNA,0,0,0,1,2,2
AC069287.3,lncRNA,0,0,0,0,5,2
AC069360.1,lncRNA,2,0,0,0,2,3
AC069368.2,lncRNA,3,1,1,4,2,2
AC069404.1,lncRNA,0,4,4,15,4,3
AC069410.1,lncRNA,0,3,0,0,2,2
AC069421.2,lncRNA,4,7,3,2,0,4
AC069421.3,lncRNA,4,4,2,1,3,3
AC069431.1,lncRNA,2,2,3,0,7,6
AC069437.1,lncRNA,0,0,2,0,0,0
AC069439.2,lncRNA,0,1,0,0,1,1
AC069444.1,lncRNA,0,0,0,0,1,2
AC069503.1,lncRNA,0,1,1,0,2,2
AC069503.3,lncRNA,0,0,0,0,2,0
AC069503.4,lncRNA,2,7,0,0,2,1
AC069540.2,lncRNA,0,1,0,1,11,7
AC069542.1,lncRNA,0,0,0,0,1,0
AC069547.2,lncRNA,2,1,4,1,31,27
AC069549.1,lncRNA,0,0,0,3,1,3
AC069549.2,lncRNA,6,5,1,2,8,9
AC072022.1,lncRNA,2,1,2,0,2,1
AC072026.2,lncRNA,1,0,2,2,7,7
AC072026.3,lncRNA,2,0,0,0,1,0
AC072028.1,lncRNA,1,5,1,5,15,8
AC072054.1,lncRNA,2,2,5,1,21,17
AC072061.1,lncRNA,1,2,5,1,15,21
AC072062.1,lncRNA,3,7,3,5,9,8
AC073023.1,lncRNA,0,0,0,3,0,0
AC073046.1,lncRNA,1,0,1,1,3,2
AC073046.3,lncRNA,0,0,0,0,0,1
AC073046.4,lncRNA,0,0,0,5,2,3
AC073048.1,lncRNA,0,0,0,0,4,3
AC073050.1,lncRNA,1,0,1,0,3,5
AC073052.1,lncRNA,0,3,0,0,1,2
AC073062.1,lncRNA,0,0,0,0,0,1
AC073071.1,lncRNA,0,3,0,2,2,1
AC073073.2,lncRNA,0,1,2,1,5,6
AC073091.1,lncRNA,9,22,16,17,93,133
AC073091.2,lncRNA,2,0,0,0,3,2
AC073094.1,lncRNA,1,0,2,2,9,6
AC073111.2,lncRNA,1,0,1,1,1,1
AC073114.1,lncRNA,7,6,1,1,6,8
AC073115.1,lncRNA,0,0,1,0,2,0
AC073115.2,lncRNA,1,0,1,0,1,3
AC073130.1,lncRNA,1,0,0,0,2,2
AC073130.2,lncRNA,0,0,0,1,3,3
AC073140.1,lncRNA,41334,11848,165700,31970,47842,24841
AC073140.2,lncRNA,1,2,2,1,6,6
AC073167.1,lncRNA,0,0,0,2,3,2
AC073172.1,lncRNA,0,1,1,0,3,4
AC073174.1,lncRNA,8,8,20,12,61,40
AC073176.1,lncRNA,2,1,3,2,7,9
AC073176.2,lncRNA,1,2,2,1,12,12
AC073188.2,lncRNA,0,0,0,0,1,2
AC073188.3,lncRNA,0,1,0,0,2,1
AC073188.4,lncRNA,0,0,0,0,2,1
AC073188.5,lncRNA,0,0,0,0,3,3
AC073188.6,lncRNA,2,1,3,2,13,8
AC073195.1,lncRNA,3,3,3,4,8,14
AC073210.3,lncRNA,1,1,4,4,8,4
AC073218.1,lncRNA,0,0,0,0,2,3
AC073225.1,lncRNA,7,21,8,14,62,56
AC073236.1,lncRNA,0,0,0,0,1,1
AC073254.1,lncRNA,2,5,2,7,10,20
AC073257.1,lncRNA,3,3,0,6,7,6
AC073257.2,lncRNA,1,5,0,1,4,3
AC073263.1,lncRNA,1,0,0,3,8,8
AC073263.2,lncRNA,1,0,8,3,34,23
AC073270.1,lncRNA,0,1,0,0,0,0
AC073270.2,lncRNA,0,0,1,0,1,1
AC073283.1,lncRNA,1,1,1,0,2,6
AC073283.2,lncRNA,2,1,1,0,4,5
AC073288.1,lncRNA,0,1,0,0,1,0
AC073288.2,lncRNA,0,0,1,2,3,1
AC073311.1,lncRNA,0,2,1,2,3,2
AC073314.1,lncRNA,5,6,19,8,34,59
AC073316.1,lncRNA,125,339,804,1844,1262,527
AC073316.2,lncRNA,3,2,2,11,51,43
AC073320.1,lncRNA,0,6,0,4,2,1
AC073321.1,lncRNA,0,0,0,0,3,1
AC073323.1,lncRNA,0,0,0,0,1,0
AC073325.1,lncRNA,0,0,1,0,1,0
AC073326.1,lncRNA,0,0,0,0,1,1
AC073326.2,lncRNA,0,0,0,2,0,0
AC073332.1,lncRNA,11,19,14,6,40,38
AC073333.1,lncRNA,0,4,1,0,2,1
AC073336.1,lncRNA,0,0,0,3,7,3
AC073342.1,lncRNA,2,0,3,3,4,4
AC073343.2,lncRNA,6,5,4,1,8,9
AC073346.1,lncRNA,0,0,0,2,0,1
AC073348.2,lncRNA,1,2,0,0,4,1
AC073349.1,lncRNA,1,1,0,1,2,4
AC073349.4,lncRNA,0,0,0,0,0,1
AC073349.5,lncRNA,1,2,0,0,5,4
AC073352.1,lncRNA,0,0,0,1,2,1
AC073359.1,lncRNA,0,0,0,0,0,1
AC073359.2,lncRNA,0,0,2,0,0,0
AC073365.1,lncRNA,5,5,7,11,59,50
AC073367.1,lncRNA,1,0,0,1,2,2
AC073370.1,lncRNA,0,0,0,1,1,0
AC073389.1,lncRNA,1,0,2,0,3,2
AC073389.2,lncRNA,1,3,1,1,2,5
AC073389.3,lncRNA,7,1,1,2,3,2
AC073409.2,lncRNA,0,3,0,2,0,0
AC073429.1,lncRNA,0,0,0,0,1,0
AC073429.2,lncRNA,0,0,0,2,2,2
AC073475.1,lncRNA,2,6,1,3,11,14
AC073476.2,lncRNA,2,6,2,3,13,18
AC073487.1,lncRNA,0,0,2,0,0,0
AC073508.3,lncRNA,0,1,0,1,1,4
AC073517.1,lncRNA,0,0,0,1,1,2
AC073525.1,lncRNA,1,0,0,1,7,4
AC073529.1,lncRNA,2,2,1,0,20,12
AC073530.1,lncRNA,2,0,0,3,2,1
AC073539.1,lncRNA,0,1,1,9,3,4
AC073539.3,lncRNA,0,0,1,0,1,0
AC073548.2,lncRNA,0,4,0,2,6,7
AC073569.2,lncRNA,0,1,0,0,3,4
AC073569.3,lncRNA,0,1,1,0,4,4
AC073571.1,lncRNA,0,0,0,0,3,5
AC073573.1,lncRNA,0,0,1,5,8,5
AC073575.1,lncRNA,0,2,2,10,2,3
AC073575.2,lncRNA,0,1,0,0,2,1
AC073578.1,lncRNA,5,5,6,1,6,8
AC073578.2,lncRNA,1,0,0,1,3,3
AC073578.5,lncRNA,2,2,1,0,4,3
AC073591.1,lncRNA,1,8,1,2,0,3
AC073592.1,lncRNA,4,6,2,8,11,6
AC073593.2,lncRNA,1,3,2,1,9,10
AC073611.1,lncRNA,2,17,6,4,23,21
AC073626.1,lncRNA,1,1,2,0,2,3
AC073632.1,lncRNA,0,0,1,0,2,2
AC073636.1,lncRNA,1,1,2,4,7,4
AC073648.5,lncRNA,1,3,0,4,1,1
AC073655.1,lncRNA,1,1,0,0,2,2
AC073655.2,lncRNA,0,0,0,1,2,6
AC073655.3,lncRNA,0,0,0,3,2,3
AC073657.1,lncRNA,0,0,0,0,0,1
AC073834.1,lncRNA,0,0,0,1,2,1
AC073840.1,lncRNA,3,1,2,4,6,6
AC073842.1,lncRNA,0,1,1,0,2,1
AC073842.2,lncRNA,0,4,1,0,1,4
AC073848.1,lncRNA,0,1,0,7,13,8
AC073862.1,lncRNA,0,0,0,0,1,0
AC073863.1,lncRNA,0,0,2,0,0,0
AC073869.3,lncRNA,1,4,0,1,2,2
AC073878.1,lncRNA,1,5,7,3,14,14
AC073878.2,lncRNA,0,0,0,0,2,2
AC073896.2,lncRNA,1,3,6,4,14,23
AC073896.3,lncRNA,0,6,0,1,0,0
AC073896.4,lncRNA,0,2,2,0,15,30
AC073896.5,lncRNA,0,0,0,2,1,1
AC073912.1,lncRNA,0,0,0,0,1,2
AC073934.1,lncRNA,1,0,2,2,8,5
AC073941.1,lncRNA,0,0,0,0,0,2
AC073957.1,lncRNA,0,1,3,0,2,2
AC073957.2,lncRNA,1,2,1,1,7,4
AC073957.3,lncRNA,13,12,21,16,53,41
AC073964.1,lncRNA,0,0,0,0,1,0
AC073968.2,lncRNA,0,0,0,1,2,2
AC073973.1,lncRNA,2,0,0,5,1,1
AC073987.1,lncRNA,0,2,0,1,3,0
AC074008.1,lncRNA,0,0,0,0,1,1
AC074008.2,lncRNA,0,0,0,0,1,1
AC074011.1,lncRNA,0,0,1,0,1,0
AC074024.1,lncRNA,0,0,0,1,2,1
AC074031.1,lncRNA,1,1,1,1,4,2
AC074032.1,lncRNA,5,32,8,7,15,14
AC074035.1,lncRNA,0,0,0,0,0,1
AC074044.1,lncRNA,1,2,1,0,3,2
AC074050.2,lncRNA,0,0,0,0,2,3
AC074050.4,lncRNA,0,0,1,0,1,1
AC074051.3,lncRNA,2,1,1,0,3,5
AC074052.2,lncRNA,0,0,2,5,4,10
AC074091.2,lncRNA,2,1,0,3,2,1
AC074096.1,lncRNA,0,1,1,0,1,2
AC074099.1,lncRNA,0,3,0,0,1,0
AC074117.1,lncRNA,1,1,3,1,8,10
AC074124.1,lncRNA,0,0,0,0,0,1
AC074131.1,lncRNA,0,0,0,0,0,2
AC074132.1,lncRNA,0,0,0,0,2,2
AC074135.1,lncRNA,0,0,0,3,1,2
AC074135.2,lncRNA,0,0,0,3,2,2
AC074138.1,lncRNA,2,0,3,0,7,3
AC074139.1,lncRNA,2,2,0,0,4,2
AC074183.1,lncRNA,1,2,0,2,6,5
AC074194.1,lncRNA,1,1,3,5,17,24
AC074212.1,lncRNA,13,30,28,26,96,114
AC074237.1,lncRNA,1,1,0,0,1,1
AC074254.1,lncRNA,0,1,0,5,0,1
AC074254.2,lncRNA,0,0,0,3,0,0
AC074257.1,lncRNA,1,0,0,0,3,1
AC074281.1,lncRNA,0,0,0,0,1,0
AC074286.1,lncRNA,3,7,2,1,15,15
AC074290.1,lncRNA,0,0,0,0,0,3
AC074325.1,lncRNA,0,1,1,0,4,1
AC074344.2,lncRNA,0,0,0,0,2,0
AC074366.1,lncRNA,0,0,0,0,4,2
AC074386.1,lncRNA,2,2,2,2,9,9
AC074387.1,lncRNA,2,5,1,0,2,1
AC074389.1,lncRNA,1,1,4,1,5,7
AC074389.2,lncRNA,0,0,2,2,10,11
AC074389.3,lncRNA,0,0,0,0,1,2
AC076966.2,lncRNA,0,0,0,0,0,1
AC076968.1,lncRNA,0,1,0,0,3,4
AC076968.2,lncRNA,5,6,4,3,16,20
AC077690.1,lncRNA,6,7,8,6,42,53
AC078776.1,lncRNA,0,1,1,0,3,4
AC078777.1,lncRNA,3,6,7,6,21,16
AC078778.1,lncRNA,0,1,1,2,0,1
AC078785.1,lncRNA,3,8,10,12,21,23
AC078785.2,lncRNA,0,0,0,2,6,6
AC078788.1,lncRNA,0,0,0,1,0,1
AC078795.1,lncRNA,0,2,1,1,4,4
AC078795.2,lncRNA,0,0,0,0,0,1
AC078802.1,lncRNA,3,1,4,8,12,9
AC078814.1,lncRNA,0,0,0,0,1,1
AC078816.1,lncRNA,0,1,2,1,2,2
AC078820.1,lncRNA,0,0,0,0,0,3
AC078820.2,lncRNA,5,11,22,10,75,58
AC078842.1,lncRNA,1,1,1,4,4,3
AC078842.2,lncRNA,0,0,0,0,4,4
AC078845.1,lncRNA,1,4,1,2,10,74
AC078846.1,lncRNA,4,8,4,3,21,15
AC078850.1,lncRNA,3,3,3,4,4,5
AC078850.2,lncRNA,2,1,0,3,0,0
AC078851.1,lncRNA,0,0,0,1,0,0
AC078852.1,lncRNA,0,0,0,0,0,3
AC078852.2,lncRNA,0,0,0,0,6,2
AC078860.2,lncRNA,1,1,2,0,3,7
AC078860.3,lncRNA,1,0,1,0,2,2
AC078864.1,lncRNA,1,0,2,0,0,0
AC078874.1,lncRNA,0,0,1,0,2,1
AC078878.2,lncRNA,0,2,0,4,3,7
AC078880.1,lncRNA,0,0,0,1,0,0
AC078880.2,lncRNA,0,0,1,2,1,2
AC078880.3,lncRNA,0,0,1,1,3,8
AC078880.4,lncRNA,0,0,1,0,2,1
AC078881.1,lncRNA,3,2,1,3,14,17
AC078882.1,lncRNA,0,1,1,0,1,1
AC078883.1,lncRNA,3,9,30,4,8,10
AC078883.2,lncRNA,4,8,9,6,87,69
AC078889.1,lncRNA,0,0,0,0,2,0
AC078906.1,lncRNA,0,0,1,0,0,2
AC078909.1,lncRNA,0,1,1,0,4,6
AC078909.2,lncRNA,0,0,0,2,2,6
AC078916.1,lncRNA,2,4,1,3,1,4
AC078923.1,lncRNA,0,1,1,0,4,1
AC078925.1,lncRNA,1,1,5,6,16,22
AC078929.1,lncRNA,0,0,0,1,6,5
AC078942.1,lncRNA,0,2,2,0,7,10
AC078950.1,lncRNA,0,0,2,0,3,5
AC078955.1,lncRNA,0,0,0,0,1,1
AC078962.1,lncRNA,0,0,0,5,0,0
AC078962.2,lncRNA,0,0,0,0,3,2
AC078962.3,lncRNA,1,0,0,2,0,0
AC078980.1,lncRNA,1,0,0,1,0,0
AC078983.1,lncRNA,2,0,0,2,2,2
AC078993.1,lncRNA,0,0,1,0,1,7
AC079015.1,lncRNA,0,0,0,1,1,1
AC079030.1,lncRNA,0,0,0,0,0,1
AC079031.1,lncRNA,5,7,25,5,39,27
AC079031.2,lncRNA,0,0,0,0,3,4
AC079035.1,lncRNA,0,0,1,0,0,2
AC079052.1,lncRNA,0,0,0,0,1,2
AC079054.1,lncRNA,1,1,0,0,2,1
AC079061.1,lncRNA,5,6,10,3,59,57
AC079070.1,lncRNA,2,2,0,2,4,5
AC079075.1,lncRNA,0,0,0,1,0,1
AC079089.1,lncRNA,1,1,1,1,11,10
AC079117.1,lncRNA,1,0,0,0,12,13
AC079140.6,lncRNA,0,0,0,0,1,1
AC079142.1,lncRNA,0,1,0,1,4,2
AC079145.1,lncRNA,3,2,5,3,7,6
AC079148.1,lncRNA,0,2,1,3,2,1
AC079148.2,lncRNA,2,1,2,0,4,4
AC079148.3,lncRNA,0,2,3,1,6,5
AC079154.1,lncRNA,4,6,6,5,21,29
AC079160.1,lncRNA,5,6,3,8,24,24
AC079163.2,lncRNA,0,0,1,0,2,2
AC079171.1,lncRNA,0,1,1,0,2,1
AC079174.1,lncRNA,1,5,1,4,4,4
AC079174.2,lncRNA,2,3,2,2,7,5
AC079177.1,lncRNA,0,0,1,1,17,14
AC079193.2,lncRNA,3,3,2,1,9,4
AC079200.1,lncRNA,1,1,1,0,6,7
AC079209.1,lncRNA,0,16,0,5,3,3
AC079209.2,lncRNA,0,0,0,0,1,1
AC079210.1,lncRNA,0,0,0,0,1,3
AC079226.1,lncRNA,0,0,1,0,3,1
AC079226.2,lncRNA,0,1,1,0,12,6
AC079248.1,lncRNA,0,1,0,0,1,4
AC079296.1,lncRNA,1,2,10,2,15,16
AC079296.2,lncRNA,0,0,4,0,3,5
AC079298.1,lncRNA,1,0,0,0,2,3
AC079298.2,lncRNA,1,0,0,0,1,1
AC079298.3,lncRNA,2,6,2,5,11,5
AC079304.1,lncRNA,0,0,1,1,1,2
AC079305.1,lncRNA,1,1,1,0,4,2
AC079305.2,lncRNA,1,3,3,11,8,9
AC079310.1,lncRNA,0,0,0,2,1,1
AC079313.1,lncRNA,1,3,0,0,1,1
AC079313.2,lncRNA,1,0,2,1,11,7
AC079322.1,lncRNA,1,6,1,5,0,3
AC079328.2,lncRNA,2,2,0,2,1,0
AC079329.1,lncRNA,0,1,0,0,0,1
AC079331.3,lncRNA,0,1,0,0,1,0
AC079336.1,lncRNA,1,1,2,2,19,24
AC079336.2,lncRNA,1,1,1,0,1,2
AC079336.3,lncRNA,0,0,0,2,1,2
AC079336.4,lncRNA,0,0,0,0,3,14
AC079336.5,lncRNA,3,2,3,5,10,8
AC079340.1,lncRNA,0,0,0,0,6,5
AC079340.2,lncRNA,0,4,0,0,2,8
AC079340.3,lncRNA,1,1,2,1,54,86
AC079341.1,lncRNA,0,7,0,1,3,3
AC079349.1,lncRNA,0,0,0,0,1,1
AC079354.1,lncRNA,0,0,1,0,1,3
AC079354.2,lncRNA,13,10,38,3,65,48
AC079360.1,lncRNA,0,1,1,0,2,4
AC079362.1,lncRNA,4,2,0,0,1,0
AC079380.1,lncRNA,0,0,0,0,2,0
AC079382.2,lncRNA,0,0,0,2,1,1
AC079384.1,lncRNA,2,3,1,4,52,58
AC079384.2,lncRNA,0,1,0,1,4,1
AC079385.1,lncRNA,1,1,1,3,9,6
AC079385.2,lncRNA,5,2,18,10,12,21
AC079385.3,lncRNA,0,0,0,1,8,8
AC079414.1,lncRNA,0,0,0,0,1,5
AC079414.3,lncRNA,18,11,5,9,9,9
AC079460.2,lncRNA,1,1,0,2,2,3
AC079465.1,lncRNA,3,0,1,1,12,6
AC079466.1,lncRNA,5,7,3,4,12,12
AC079466.2,lncRNA,0,0,0,4,3,1
AC079467.1,lncRNA,0,2,0,0,2,1
AC079584.1,lncRNA,0,0,0,0,1,0
AC079584.2,lncRNA,0,0,1,1,2,2
AC079598.1,lncRNA,0,0,0,0,0,2
AC079600.3,lncRNA,0,3,0,0,1,1
AC079601.1,lncRNA,2,2,3,4,12,10
AC079610.2,lncRNA,0,0,0,0,0,1
AC079612.1,lncRNA,3,2,8,1,11,8
AC079612.2,lncRNA,0,2,1,5,5,4
AC079684.1,lncRNA,0,0,0,4,0,0
AC079742.1,lncRNA,3,0,0,0,0,1
AC079753.2,lncRNA,0,9,2,5,24,17
AC079760.2,lncRNA,1,5,13,1,23,31
AC079763.1,lncRNA,0,0,9,0,0,0
AC079766.1,lncRNA,0,0,1,0,2,1
AC079768.2,lncRNA,2,3,0,0,0,0
AC079768.3,lncRNA,0,0,0,0,2,2
AC079768.4,lncRNA,0,0,0,0,1,2
AC079772.1,lncRNA,0,0,1,3,8,13
AC079776.5,lncRNA,2,2,7,3,25,20
AC079779.1,lncRNA,1,2,3,7,12,12
AC079779.2,lncRNA,1,5,2,10,10,6
AC079779.3,lncRNA,1,14,2,3,26,15
AC079779.4,lncRNA,0,0,1,0,1,0
AC079781.5,lncRNA,2,4,8,6,20,20
AC079790.1,lncRNA,1,0,0,0,5,1
AC079790.2,lncRNA,3,10,7,12,24,16
AC079793.1,lncRNA,3,7,0,1,7,4
AC079799.1,lncRNA,0,0,0,0,0,1
AC079801.1,lncRNA,0,0,0,1,1,1
AC079804.3,lncRNA,0,3,28,4,1,1
AC079807.1,lncRNA,1,1,1,1,8,12
AC079822.1,lncRNA,0,0,0,0,0,1
AC079834.1,lncRNA,1,3,3,0,14,19
AC079841.2,lncRNA,1,2,1,5,3,2
AC079848.1,lncRNA,1,0,2,5,12,16
AC079848.2,lncRNA,1,1,14,1,18,17
AC079851.1,lncRNA,3,4,1,7,6,2
AC079866.2,lncRNA,0,0,0,0,0,1
AC079906.1,lncRNA,0,1,0,0,0,1
AC079907.1,lncRNA,0,1,1,1,0,0
AC079907.2,lncRNA,0,2,1,0,6,4
AC079910.1,lncRNA,0,1,0,0,2,0
AC079915.1,lncRNA,2,9,1,9,4,8
AC079921.1,lncRNA,2,11,10,6,63,63
AC079921.2,lncRNA,0,3,0,1,1,0
AC079922.2,lncRNA,2,5,3,3,22,18
AC079943.1,lncRNA,3,1,0,0,3,8
AC079943.2,lncRNA,4,2,0,1,5,5
AC079949.1,lncRNA,22,21,52,18,1056,964
AC079949.2,lncRNA,1,3,0,1,4,4
AC079949.3,lncRNA,2,1,2,7,2,1
AC079949.5,lncRNA,0,1,3,3,7,8
AC079949.6,lncRNA,0,0,0,0,0,1
AC079950.1,lncRNA,4,4,6,7,14,7
AC079988.1,lncRNA,1,2,1,2,2,3
AC080005.1,lncRNA,0,3,0,1,2,0
AC080011.1,lncRNA,0,7,1,2,3,0
AC080013.1,lncRNA,5,6,4,7,59,51
AC080013.2,lncRNA,0,0,0,0,0,1
AC080013.3,lncRNA,0,0,0,0,1,0
AC080013.4,lncRNA,3,3,4,4,5,0
AC080023.1,lncRNA,2,4,1,7,9,5
AC080037.2,lncRNA,0,1,0,0,1,3
AC080038.1,lncRNA,3,2,4,3,9,5
AC080038.2,lncRNA,0,1,1,4,8,5
AC080068.1,lncRNA,0,1,0,0,4,1
AC080075.1,lncRNA,0,0,1,1,5,5
AC080078.1,lncRNA,0,0,1,1,0,2
AC080078.2,lncRNA,0,0,0,1,1,0
AC080079.2,lncRNA,4,6,7,5,19,14
AC080089.2,lncRNA,1,7,6,11,140,130
AC080097.1,lncRNA,3,4,8,9,19,17
AC080112.1,lncRNA,1,2,3,1,28,24
AC080112.4,lncRNA,15,19,91,39,106,181
AC080128.2,lncRNA,2,3,3,4,12,13
AC080129.1,lncRNA,0,0,0,0,1,0
AC080129.2,lncRNA,0,1,2,0,9,5
AC080132.1,lncRNA,6,14,7,12,121,111
AC080162.1,lncRNA,0,0,0,0,0,1
AC080188.1,lncRNA,0,1,1,1,3,2
AC082650.2,lncRNA,0,0,0,0,0,1
AC082651.1,lncRNA,10,72,26,35,32,39
AC082651.3,lncRNA,4,2,8,5,34,22
AC082651.4,lncRNA,2,6,3,4,9,6
AC083795.2,lncRNA,0,3,0,1,4,7
AC083799.1,lncRNA,1,4,0,1,0,0
AC083801.2,lncRNA,1,1,0,2,2,2
AC083805.1,lncRNA,4,5,2,7,26,19
AC083805.2,lncRNA,1,0,1,2,2,2
AC083805.3,lncRNA,1,2,4,1,5,9
AC083806.2,lncRNA,4,1,5,3,23,19
AC083806.3,lncRNA,0,0,1,0,1,0
AC083809.1,lncRNA,0,0,0,0,2,2
AC083836.1,lncRNA,5,0,0,0,2,1
AC083837.1,lncRNA,4,2,2,7,6,12
AC083841.1,lncRNA,0,0,1,0,5,2
AC083841.2,lncRNA,0,0,0,1,0,1
AC083841.3,lncRNA,3,2,5,0,1,1
AC083843.1,lncRNA,0,0,2,0,6,6
AC083843.2,lncRNA,0,6,1,1,16,15
AC083855.2,lncRNA,0,1,0,0,1,1
AC083862.1,lncRNA,1,0,1,0,6,5
AC083862.2,lncRNA,1,2,8,3,20,16
AC083864.1,lncRNA,0,1,3,1,8,5
AC083864.2,lncRNA,0,0,0,1,1,3
AC083864.3,lncRNA,1,1,2,1,4,6
AC083864.4,lncRNA,0,0,1,0,1,2
AC083864.5,lncRNA,0,0,0,0,0,1
AC083867.2,lncRNA,0,0,0,2,0,0
AC083870.1,lncRNA,0,2,3,3,4,3
AC083880.1,lncRNA,0,1,3,3,10,7
AC083900.1,lncRNA,0,1,0,0,1,0
AC083902.1,lncRNA,1,0,0,0,0,1
AC083906.3,lncRNA,0,0,0,0,0,1
AC083964.1,lncRNA,0,1,0,0,0,0
AC083967.1,lncRNA,0,1,0,0,2,0
AC083973.1,lncRNA,1,2,4,1,8,7
AC084018.1,lncRNA,0,1,0,1,6,5
AC084018.2,lncRNA,2,2,2,3,14,10
AC084018.3,lncRNA,0,1,1,1,4,4
AC084024.1,lncRNA,0,0,0,1,3,3
AC084024.3,lncRNA,2,8,1,1,2,1
AC084024.4,lncRNA,2,1,7,1,14,9
AC084026.1,lncRNA,0,0,0,0,2,0
AC084026.2,lncRNA,3,3,5,44,8,15
AC084030.1,lncRNA,1,2,0,3,5,4
AC084035.1,lncRNA,0,0,0,0,1,1
AC084036.1,lncRNA,0,0,0,0,1,1
AC084048.1,lncRNA,1,0,0,0,2,0
AC084064.1,lncRNA,1,6,1,9,11,10
AC084082.1,lncRNA,11,5,22,6,116,164
AC084083.1,lncRNA,2,4,5,2,6,4
AC084116.1,lncRNA,0,0,0,8,4,4
AC084116.2,lncRNA,0,1,0,0,1,2
AC084116.3,lncRNA,0,0,1,0,1,0
AC084117.1,lncRNA,0,0,0,2,0,1
AC084125.1,lncRNA,0,0,0,0,1,1
AC084125.2,lncRNA,1,3,9,5,17,14
AC084125.4,lncRNA,0,0,0,0,1,2
AC084128.1,lncRNA,0,0,0,0,2,3
AC084149.1,lncRNA,0,0,0,0,1,1
AC084167.1,lncRNA,0,2,0,0,6,3
AC084198.1,lncRNA,1,1,0,1,5,5
AC084212.1,lncRNA,0,1,13,1,6,2
AC084262.1,lncRNA,2,1,1,3,4,7
AC084262.2,lncRNA,0,0,0,2,4,8
AC084277.1,lncRNA,0,0,0,0,2,2
AC084291.1,lncRNA,0,0,0,0,3,0
AC084335.1,lncRNA,2,4,0,2,3,5
AC084346.1,lncRNA,0,0,0,0,0,2
AC084357.2,lncRNA,0,2,0,6,2,8
AC084361.1,lncRNA,0,1,0,2,2,0
AC084364.3,lncRNA,0,0,0,0,2,2
AC084365.1,lncRNA,0,0,0,0,0,1
AC084375.1,lncRNA,4,3,24,7,3,16
AC084398.2,lncRNA,1,0,2,0,10,7
AC084706.1,lncRNA,0,1,0,0,3,3
AC084724.1,lncRNA,3,1,0,1,8,5
AC084734.1,lncRNA,0,0,0,1,4,3
AC084740.1,lncRNA,3,3,6,3,21,34
AC084741.1,lncRNA,0,0,0,0,2,4
AC084757.2,lncRNA,0,1,0,0,0,0
AC084757.3,lncRNA,5,6,5,3,17,23
AC084757.4,lncRNA,0,0,0,0,0,1
AC084759.2,lncRNA,1,1,1,1,11,9
AC084768.1,lncRNA,2,2,0,1,3,2
AC084781.1,lncRNA,0,0,0,0,1,0
AC084781.2,lncRNA,0,0,0,2,0,0
AC084782.1,lncRNA,1,2,1,2,6,8
AC084782.2,lncRNA,0,0,0,2,0,0
AC084809.1,lncRNA,1,0,1,3,13,10
AC084809.2,lncRNA,0,1,1,0,5,8
AC084816.1,lncRNA,4,8,4,9,21,15
AC084819.1,lncRNA,1,2,0,4,3,3
AC084824.3,lncRNA,0,0,1,0,0,1
AC084824.4,lncRNA,0,0,2,1,1,0
AC084824.5,lncRNA,0,1,1,0,0,0
AC084834.1,lncRNA,7,5,3,8,20,21
AC084838.1,lncRNA,0,1,0,0,1,2
AC084855.1,lncRNA,0,0,0,0,2,2
AC084855.2,lncRNA,3,4,3,6,40,40
AC084864.1,lncRNA,0,0,0,0,1,1
AC084864.2,lncRNA,2,0,0,0,2,2
AC084866.1,lncRNA,1,0,1,2,5,1
AC084866.2,lncRNA,1,0,0,1,0,0
AC084871.1,lncRNA,0,0,0,1,2,0
AC084871.3,lncRNA,1,0,0,0,8,4
AC084876.1,lncRNA,0,2,0,0,5,8
AC084879.2,lncRNA,0,0,0,0,0,2
AC084880.2,lncRNA,0,0,1,0,0,1
AC084880.3,lncRNA,0,0,0,0,1,1
AC084880.4,lncRNA,0,0,0,0,1,1
AC084882.1,lncRNA,2,0,0,0,1,0
AC087045.2,lncRNA,0,1,3,0,6,7
AC087071.1,lncRNA,1,2,0,0,2,1
AC087071.2,lncRNA,0,0,1,1,2,3
AC087164.1,lncRNA,3,2,5,5,29,33
AC087175.1,lncRNA,1,0,1,0,10,13
AC087190.2,lncRNA,2,2,0,4,0,1
AC087190.3,lncRNA,24,22,25,24,271,247
AC087203.3,lncRNA,1,0,0,1,6,3
AC087222.1,lncRNA,0,0,1,0,7,5
AC087235.1,lncRNA,0,0,0,0,2,3
AC087235.2,lncRNA,0,1,0,1,1,2
AC087239.1,lncRNA,2,1,2,2,3,2
AC087241.2,lncRNA,1,2,2,0,9,6
AC087242.1,lncRNA,0,0,0,2,3,0
AC087257.1,lncRNA,1,1,1,5,7,10
AC087260.1,lncRNA,0,2,0,0,0,0
AC087269.1,lncRNA,0,2,1,0,4,3
AC087269.3,lncRNA,0,1,0,0,0,1
AC087273.1,lncRNA,1,2,0,0,4,3
AC087273.2,lncRNA,2,4,4,3,5,3
AC087276.1,lncRNA,2,6,2,3,10,16
AC087276.2,lncRNA,1,0,1,0,2,0
AC087276.3,lncRNA,0,1,0,0,0,0
AC087277.1,lncRNA,0,1,0,2,1,1
AC087280.2,lncRNA,2,8,6,5,24,31
AC087284.1,lncRNA,0,1,0,1,2,2
AC087286.1,lncRNA,0,0,0,0,0,1
AC087286.2,lncRNA,0,0,0,0,0,1
AC087286.3,lncRNA,1,6,0,1,2,1
AC087286.4,lncRNA,0,0,1,1,2,3
AC087289.1,lncRNA,1,0,2,1,6,8
AC087289.2,lncRNA,0,1,3,2,6,7
AC087289.4,lncRNA,0,2,0,0,0,0
AC087289.5,lncRNA,3,10,8,4,25,17
AC087292.1,lncRNA,1,2,1,0,3,1
AC087294.1,lncRNA,3,5,1,3,7,2
AC087301.1,lncRNA,0,2,0,2,7,6
AC087311.1,lncRNA,0,0,0,0,1,0
AC087341.1,lncRNA,1,4,0,0,1,0
AC087354.1,lncRNA,1,1,3,2,1,3
AC087362.2,lncRNA,0,0,0,0,0,1
AC087369.2,lncRNA,3,1,0,3,2,4
AC087379.1,lncRNA,2,0,3,1,4,3
AC087379.2,lncRNA,1,0,0,0,3,3
AC087386.1,lncRNA,0,0,0,0,1,0
AC087392.1,lncRNA,1,1,1,1,5,5
AC087392.2,lncRNA,1,0,0,0,5,2
AC087392.3,lncRNA,0,9,1,2,1,3
AC087392.4,lncRNA,0,0,0,0,1,3
AC087392.5,lncRNA,0,0,1,1,1,1
AC087393.2,lncRNA,0,0,1,0,2,3
AC087399.1,lncRNA,1,0,0,0,4,2
AC087427.1,lncRNA,0,1,0,0,1,0
AC087428.1,lncRNA,0,0,1,0,4,6
AC087430.1,lncRNA,6,3,2,9,22,17
AC087439.1,lncRNA,0,0,0,0,1,0
AC087439.2,lncRNA,0,1,0,0,0,1
AC087442.1,lncRNA,0,1,0,0,2,2
AC087457.1,lncRNA,3,4,3,21,25,29
AC087463.2,lncRNA,0,0,2,0,3,4
AC087463.3,lncRNA,0,0,1,1,2,2
AC087468.2,lncRNA,2,1,0,0,2,4
AC087473.1,lncRNA,1,2,6,7,14,14
AC087477.2,lncRNA,19,28,24,113,17,39
AC087477.4,lncRNA,0,2,0,0,2,1
AC087477.5,lncRNA,0,1,0,2,0,1
AC087482.1,lncRNA,9,5,22,14,17,22
AC087490.1,lncRNA,0,1,1,0,1,2
AC087491.1,lncRNA,2,0,3,0,4,3
AC087500.1,lncRNA,5,5,2,1,16,15
AC087500.2,lncRNA,0,0,0,4,1,0
AC087501.1,lncRNA,0,0,0,0,1,0
AC087501.2,lncRNA,1,0,0,2,0,1
AC087501.3,lncRNA,1,0,0,0,1,0
AC087501.4,lncRNA,1,0,3,1,2,6
AC087516.1,lncRNA,1,1,3,0,4,2
AC087516.2,lncRNA,1,3,1,1,7,7
AC087521.1,lncRNA,6,7,11,8,27,31
AC087521.2,lncRNA,4,6,1,4,7,13
AC087521.3,lncRNA,0,0,0,2,3,2
AC087521.4,lncRNA,0,1,0,0,0,0
AC087533.1,lncRNA,0,2,1,1,3,2
AC087564.1,lncRNA,27,20,32,23,202,139
AC087565.1,lncRNA,1,1,0,4,2,3
AC087565.2,lncRNA,1,0,2,4,7,11
AC087588.1,lncRNA,0,0,0,0,5,2
AC087588.2,lncRNA,4,1,3,2,4,4
AC087591.1,lncRNA,1,0,0,1,3,4
AC087612.1,lncRNA,0,1,2,0,6,3
AC087620.1,lncRNA,0,0,0,0,3,1
AC087623.1,lncRNA,0,0,0,0,2,3
AC087623.2,lncRNA,3,2,2,3,15,12
AC087623.3,lncRNA,0,1,0,0,1,1
AC087627.1,lncRNA,0,0,0,2,2,3
AC087633.1,lncRNA,0,1,1,0,2,2
AC087636.1,lncRNA,0,3,3,4,11,13
AC087639.2,lncRNA,1,3,2,2,6,4
AC087645.2,lncRNA,1,0,3,2,12,10
AC087645.4,lncRNA,0,0,0,0,1,1
AC087664.1,lncRNA,0,1,1,0,1,2
AC087664.2,lncRNA,2,1,0,2,4,2
AC087667.1,lncRNA,1,0,0,0,4,2
AC087672.1,lncRNA,0,0,0,1,0,1
AC087672.2,lncRNA,0,0,0,0,2,1
AC087683.3,lncRNA,0,3,2,3,7,6
AC087721.1,lncRNA,0,1,0,5,0,1
AC087741.1,lncRNA,3,5,4,13,27,16
AC087741.2,lncRNA,0,0,0,0,0,1
AC087742.1,lncRNA,1,1,0,0,3,2
AC087749.1,lncRNA,0,0,0,1,2,2
AC087749.2,lncRNA,0,0,0,0,1,0
AC087752.3,lncRNA,0,3,1,2,3,3
AC087752.4,lncRNA,0,0,0,0,0,1
AC087761.1,lncRNA,2,0,0,0,1,2
AC087762.1,lncRNA,0,0,1,1,1,1
AC087854.1,lncRNA,4,6,3,9,10,13
AC087855.2,lncRNA,1,0,2,0,14,8
AC087857.1,lncRNA,0,1,0,0,1,3
AC087863.2,lncRNA,0,0,0,0,0,4
AC087878.1,lncRNA,0,5,4,0,3,1
AC087883.2,lncRNA,0,2,0,0,0,0
AC087885.1,lncRNA,0,1,0,0,1,2
AC087893.2,lncRNA,0,2,0,0,2,2
AC087894.3,lncRNA,3,12,4,9,26,32
AC087897.2,lncRNA,0,0,0,0,1,2
AC089983.1,lncRNA,0,0,0,0,0,2
AC089983.2,lncRNA,0,1,1,0,7,3
AC089984.1,lncRNA,0,0,0,0,1,1
AC089985.1,lncRNA,1,1,1,0,2,2
AC089987.2,lncRNA,0,0,0,2,0,1
AC089998.1,lncRNA,0,0,0,4,2,2
AC089998.4,lncRNA,0,4,0,1,1,0
AC089999.1,lncRNA,0,0,2,0,1,2
AC089999.2,lncRNA,0,0,0,0,2,1
AC090001.1,lncRNA,3,3,2,2,18,12
AC090004.2,lncRNA,0,1,2,5,8,5
AC090016.1,lncRNA,0,0,0,0,1,2
AC090018.2,lncRNA,1,2,1,7,10,6
AC090023.1,lncRNA,0,0,0,0,1,2
AC090023.2,lncRNA,0,1,1,2,3,1
AC090044.1,lncRNA,1,0,2,0,1,0
AC090049.1,lncRNA,23,9,2,3,3,0
AC090061.1,lncRNA,2,3,1,3,22,14
AC090099.1,lncRNA,1,1,1,0,15,17
AC090099.2,lncRNA,2,1,0,1,4,2
AC090103.1,lncRNA,0,0,0,0,0,1
AC090109.1,lncRNA,0,0,0,0,1,0
AC090114.2,lncRNA,22,35,55,35,162,126
AC090115.1,lncRNA,0,6,4,2,2,1
AC090124.1,lncRNA,0,0,1,2,1,0
AC090125.1,lncRNA,1,4,1,1,25,27
AC090125.2,lncRNA,0,0,0,0,5,2
AC090136.3,lncRNA,3,9,3,4,24,21
AC090138.1,lncRNA,7,0,0,0,1,0
AC090150.1,lncRNA,1,0,2,0,4,2
AC090150.2,lncRNA,0,0,0,1,0,0
AC090152.1,lncRNA,68,220,143,140,160,424
AC090155.1,lncRNA,0,0,0,0,1,0
AC090155.2,lncRNA,0,0,0,0,1,2
AC090159.1,lncRNA,1,0,0,0,1,0
AC090164.2,lncRNA,4,3,4,1,18,17
AC090164.3,lncRNA,2,2,1,0,6,3
AC090164.4,lncRNA,1,0,0,0,2,2
AC090181.2,lncRNA,1,0,0,0,2,1
AC090186.1,lncRNA,0,0,1,0,2,1
AC090192.2,lncRNA,1,1,2,1,5,6
AC090193.1,lncRNA,0,0,0,0,1,1
AC090197.1,lncRNA,6,4,4,3,18,13
AC090198.1,lncRNA,0,9,2,0,2,4
AC090200.1,lncRNA,0,1,0,0,8,9
AC090204.1,lncRNA,0,3,1,4,2,1
AC090206.1,lncRNA,2,18,4,14,39,22
AC090213.1,lncRNA,6,0,0,1,2,0
AC090220.1,lncRNA,0,2,0,0,3,3
AC090227.3,lncRNA,0,3,0,0,0,1
AC090229.1,lncRNA,0,2,0,0,2,4
AC090236.1,lncRNA,1,3,8,1,11,4
AC090236.2,lncRNA,0,2,1,3,4,3
AC090241.2,lncRNA,6,12,8,11,37,30
AC090241.3,lncRNA,1,1,4,2,8,7
AC090260.1,lncRNA,0,1,0,1,1,1
AC090282.1,lncRNA,0,0,0,2,1,1
AC090283.1,lncRNA,7,1,4,4,4,3
AC090286.1,lncRNA,4,3,603,5,20,10
AC090337.1,lncRNA,0,0,0,2,2,2
AC090337.2,lncRNA,0,1,0,0,4,3
AC090338.1,lncRNA,8,4,3,3,4,6
AC090340.1,lncRNA,11,21,23,15,93,64
AC090348.1,lncRNA,1,0,0,0,0,0
AC090358.1,lncRNA,0,0,0,1,3,3
AC090365.1,lncRNA,0,0,0,0,1,1
AC090371.1,lncRNA,0,0,0,0,1,0
AC090371.2,lncRNA,0,1,0,1,2,1
AC090376.1,lncRNA,1,10,2,0,6,4
AC090377.1,lncRNA,2,3,20,5,16,14
AC090386.1,lncRNA,0,0,1,0,2,3
AC090398.1,lncRNA,0,5,1,3,4,4
AC090398.2,lncRNA,0,0,0,2,1,1
AC090403.1,lncRNA,3,13,5,8,54,55
AC090409.1,lncRNA,2,7,3,2,9,7
AC090409.2,lncRNA,0,0,0,0,0,1
AC090457.1,lncRNA,1,0,1,0,0,0
AC090469.1,lncRNA,0,1,0,1,6,3
AC090502.2,lncRNA,0,0,0,0,0,2
AC090503.1,lncRNA,0,0,0,0,0,1
AC090503.2,lncRNA,0,1,0,1,1,2
AC090505.2,lncRNA,0,1,0,0,2,2
AC090506.1,lncRNA,0,0,0,0,1,1
AC090510.1,lncRNA,0,0,1,1,1,1
AC090510.2,lncRNA,0,0,0,0,5,2
AC090510.3,lncRNA,0,0,0,0,2,1
AC090515.2,lncRNA,2,1,0,0,4,4
AC090515.4,lncRNA,0,1,1,0,4,2
AC090515.5,lncRNA,0,3,0,3,1,2
AC090515.6,lncRNA,1,2,2,5,10,8
AC090517.5,lncRNA,8,9,7,7,36,41
AC090518.1,lncRNA,1,2,1,0,2,4
AC090527.1,lncRNA,0,0,0,3,0,0
AC090531.1,lncRNA,0,2,0,3,2,1
AC090539.1,lncRNA,0,0,1,0,0,1
AC090541.1,lncRNA,0,0,0,0,1,1
AC090559.1,lncRNA,9,28,8,11,8,7
AC090559.2,lncRNA,0,5,4,0,0,1
AC090572.3,lncRNA,0,0,0,0,1,1
AC090577.1,lncRNA,0,0,2,2,4,6
AC090578.1,lncRNA,3,5,7,8,25,23
AC090578.2,lncRNA,0,0,0,0,1,0
AC090578.3,lncRNA,0,0,2,0,1,2
AC090579.1,lncRNA,0,1,0,0,2,1
AC090587.1,lncRNA,3,2,2,4,6,8
AC090589.2,lncRNA,0,0,0,0,1,0
AC090589.3,lncRNA,0,0,1,0,0,1
AC090607.1,lncRNA,0,0,0,0,2,7
AC090607.3,lncRNA,0,0,1,3,3,3
AC090607.4,lncRNA,0,1,0,0,0,0
AC090607.5,lncRNA,0,0,0,7,1,1
AC090617.1,lncRNA,0,0,0,0,1,1
AC090617.10,lncRNA,0,0,0,0,3,2
AC090617.3,lncRNA,0,1,0,0,0,0
AC090617.4,lncRNA,2,3,3,3,23,21
AC090617.5,lncRNA,0,2,0,1,2,0
AC090618.1,lncRNA,0,0,0,0,1,0
AC090621.1,lncRNA,1,1,3,1,21,21
AC090625.2,lncRNA,0,1,0,0,7,10
AC090629.1,lncRNA,1,2,1,0,7,5
AC090630.1,lncRNA,0,0,0,0,2,0
AC090644.1,lncRNA,0,1,0,2,3,2
AC090651.1,lncRNA,0,0,0,1,1,0
AC090673.1,lncRNA,1,5,2,3,19,19
AC090679.2,lncRNA,1,1,0,1,3,2
AC090679.3,lncRNA,0,0,0,0,2,1
AC090680.1,lncRNA,0,1,0,0,0,1
AC090692.1,lncRNA,0,0,0,0,1,0
AC090692.2,lncRNA,0,0,0,0,1,2
AC090692.3,lncRNA,1,1,2,2,2,2
AC090696.1,lncRNA,0,0,1,1,2,3
AC090707.1,lncRNA,0,0,0,1,1,0
AC090707.2,lncRNA,1,1,3,0,9,6
AC090709.1,lncRNA,0,0,0,0,1,1
AC090739.1,lncRNA,0,0,0,1,1,4
AC090753.1,lncRNA,0,0,0,1,0,1
AC090771.2,lncRNA,0,2,0,2,3,3
AC090772.1,lncRNA,0,0,1,1,1,1
AC090772.2,lncRNA,0,0,1,0,1,1
AC090772.3,lncRNA,0,0,0,1,0,0
AC090774.2,lncRNA,2,1,1,24,25,23
AC090791.1,lncRNA,0,1,0,0,0,1
AC090796.1,lncRNA,1,0,0,2,5,2
AC090802.1,lncRNA,0,0,2,0,1,1
AC090809.1,lncRNA,0,0,3,2,6,4
AC090812.1,lncRNA,0,0,0,1,2,2
AC090816.1,lncRNA,0,0,0,1,4,1
AC090820.2,lncRNA,1,1,0,6,4,4
AC090821.2,lncRNA,3,0,3,8,5,2
AC090825.1,lncRNA,7,10,8,6,26,24
AC090826.1,lncRNA,2,5,3,5,22,29
AC090826.2,lncRNA,0,0,0,0,2,2
AC090826.3,lncRNA,2,2,1,1,1,3
AC090844.2,lncRNA,1,1,2,5,6,2
AC090844.3,lncRNA,9,14,2,6,7,18
AC090877.2,lncRNA,4,5,14,6,34,37
AC090907.1,lncRNA,0,0,0,0,0,1
AC090907.2,lncRNA,0,1,0,3,1,1
AC090907.3,lncRNA,1,1,3,3,3,4
AC090912.1,lncRNA,1,3,2,1,6,8
AC090912.2,lncRNA,0,1,4,4,3,6
AC090912.3,lncRNA,0,0,0,0,0,1
AC090921.1,lncRNA,2,1,1,2,5,2
AC090936.1,lncRNA,0,2,1,0,1,1
AC090945.1,lncRNA,0,1,2,0,3,2
AC090946.1,lncRNA,0,2,1,0,1,5
AC090948.1,lncRNA,1,0,0,0,1,1
AC090948.2,lncRNA,0,4,0,0,0,1
AC090948.3,lncRNA,0,0,0,0,1,2
AC090948.4,lncRNA,0,0,1,0,2,1
AC090952.1,lncRNA,0,0,1,0,3,2
AC090952.2,lncRNA,2,5,3,6,6,4
AC090953.2,lncRNA,4,3,3,0,14,14
AC090957.1,lncRNA,1,0,1,0,6,7
AC090970.1,lncRNA,0,0,0,2,0,1
AC090970.2,lncRNA,0,0,0,0,1,1
AC090971.1,lncRNA,1,2,0,1,0,0
AC090971.2,lncRNA,0,2,0,1,1,0
AC090983.1,lncRNA,3,1,3,5,8,10
AC090983.2,lncRNA,2,2,2,3,19,34
AC090985.2,lncRNA,0,1,0,0,1,1
AC090987.1,lncRNA,1,3,6,8,12,15
AC090994.1,lncRNA,0,0,4,0,8,9
AC091010.1,lncRNA,0,0,1,0,9,9
AC091027.1,lncRNA,0,0,1,5,2,2
AC091027.2,lncRNA,1,0,0,0,1,1
AC091027.3,lncRNA,0,4,3,3,11,14
AC091043.1,lncRNA,0,0,0,0,2,0
AC091045.1,lncRNA,1,2,1,4,6,6
AC091047.1,lncRNA,1,0,0,0,2,1
AC091053.1,lncRNA,0,0,0,0,1,1
AC091053.2,lncRNA,0,1,6,2,1,1
AC091057.1,lncRNA,7,1,1,3,8,8
AC091057.2,lncRNA,0,0,0,0,0,1
AC091059.1,lncRNA,0,1,0,1,2,1
AC091062.1,lncRNA,1,0,0,0,2,1
AC091073.1,lncRNA,0,0,0,0,2,1
AC091074.2,lncRNA,5,0,1,2,2,9
AC091074.3,lncRNA,0,0,0,5,0,0
AC091078.1,lncRNA,7,19,11,13,64,97
AC091078.2,lncRNA,1,3,1,1,4,5
AC091096.1,lncRNA,1,1,1,1,10,5
AC091100.1,lncRNA,3,2,3,3,6,5
AC091114.1,lncRNA,8,4,0,3,6,5
AC091117.2,lncRNA,2,0,0,0,0,0
AC091132.1,lncRNA,0,0,0,0,0,1
AC091132.2,lncRNA,0,1,2,1,1,1
AC091132.4,lncRNA,0,3,0,2,5,4
AC091132.5,lncRNA,0,0,0,0,3,2
AC091133.1,lncRNA,0,0,0,0,1,1
AC091133.3,lncRNA,0,3,0,0,7,1
AC091133.4,lncRNA,0,1,1,0,5,6
AC091138.1,lncRNA,6,1,2,7,6,8
AC091151.1,lncRNA,0,1,0,1,4,4
AC091151.2,lncRNA,1,0,0,3,9,12
AC091152.2,lncRNA,0,0,0,0,3,4
AC091153.2,lncRNA,1,2,1,3,6,9
AC091153.3,lncRNA,1,0,0,1,1,1
AC091153.4,lncRNA,1,2,0,0,3,2
AC091163.1,lncRNA,0,1,0,1,16,5
AC091163.2,lncRNA,0,0,0,1,7,5
AC091167.5,lncRNA,0,0,0,0,1,0
AC091173.1,lncRNA,2,2,0,2,5,3
AC091178.2,lncRNA,2,0,1,4,4,6
AC091179.1,lncRNA,1,3,0,1,6,2
AC091180.2,lncRNA,3,2,1,1,3,8
AC091180.3,lncRNA,0,0,0,1,1,1
AC091180.4,lncRNA,0,0,1,0,1,0
AC091180.5,lncRNA,0,1,0,4,0,1
AC091181.2,lncRNA,0,0,1,1,6,2
AC091182.1,lncRNA,3,1,3,6,11,11
AC091182.2,lncRNA,1,3,0,5,1,5
AC091196.1,lncRNA,1,3,2,3,8,8
AC091198.1,lncRNA,0,1,2,3,8,10
AC091212.1,lncRNA,7,1,0,0,13,2
AC091214.1,lncRNA,0,0,1,3,4,4
AC091230.1,lncRNA,2,3,4,3,12,12
AC091231.1,lncRNA,0,4,0,3,0,8
AC091271.1,lncRNA,1,10,5,21,14,16
AC091435.2,lncRNA,0,0,0,0,0,1
AC091488.1,lncRNA,0,0,3,0,3,0
AC091489.1,lncRNA,0,0,0,0,0,1
AC091493.1,lncRNA,0,0,0,1,1,0
AC091544.2,lncRNA,2,2,2,5,14,14
AC091544.4,lncRNA,1,7,0,0,10,6
AC091544.5,lncRNA,0,0,1,0,0,0
AC091544.6,lncRNA,0,0,1,1,4,4
AC091563.1,lncRNA,1,0,0,0,4,0
AC091564.2,lncRNA,2,2,20,6,72,51
AC091564.3,lncRNA,1,0,2,2,4,8
AC091564.4,lncRNA,0,0,0,0,2,1
AC091564.5,lncRNA,2,0,1,3,7,5
AC091564.6,lncRNA,0,0,0,1,1,1
AC091564.7,lncRNA,2,4,3,5,11,7
AC091576.1,lncRNA,0,2,0,1,2,2
AC091588.1,lncRNA,0,0,0,0,2,3
AC091588.2,lncRNA,0,0,0,2,0,0
AC091588.3,lncRNA,1,1,3,1,5,4
AC091607.2,lncRNA,0,4,0,0,8,13
AC091614.1,lncRNA,0,0,0,1,0,0
AC091646.1,lncRNA,13,6,3,1,13,13
AC091685.1,lncRNA,0,0,2,3,0,0
AC091691.2,lncRNA,1,0,1,3,2,3
AC091691.3,lncRNA,3,4,2,2,20,8
AC091705.1,lncRNA,0,0,0,0,0,1
AC091729.1,lncRNA,1,1,0,10,13,17
AC091729.2,lncRNA,0,0,0,0,7,3
AC091730.1,lncRNA,0,2,0,1,4,1
AC091736.1,lncRNA,0,0,0,0,1,1
AC091769.1,lncRNA,1,3,0,0,0,4
AC091770.1,lncRNA,0,0,0,0,0,2
AC091806.1,lncRNA,1,2,2,8,9,12
AC091819.1,lncRNA,0,0,0,0,1,0
AC091819.2,lncRNA,0,0,3,2,1,2
AC091820.1,lncRNA,0,1,0,1,0,1
AC091820.2,lncRNA,0,0,0,0,2,2
AC091826.2,lncRNA,0,1,0,0,0,0
AC091838.1,lncRNA,0,1,0,0,1,1
AC091849.2,lncRNA,5,7,5,3,20,12
AC091868.2,lncRNA,2,1,0,2,1,1
AC091885.2,lncRNA,60,117,221,365,191,133
AC091887.1,lncRNA,0,0,0,0,1,1
AC091889.1,lncRNA,1,0,1,0,2,1
AC091893.2,lncRNA,1,3,1,3,8,8
AC091906.1,lncRNA,0,0,1,0,1,1
AC091912.3,lncRNA,0,0,1,2,1,6
AC091917.2,lncRNA,0,0,0,0,0,1
AC091917.3,lncRNA,0,0,0,0,0,1
AC091932.1,lncRNA,0,0,0,1,0,0
AC091938.1,lncRNA,2,6,4,4,44,52
AC091939.1,lncRNA,2,2,2,4,6,5
AC091944.1,lncRNA,0,0,0,3,0,0
AC091946.1,lncRNA,0,1,0,1,4,8
AC091951.4,lncRNA,0,0,0,0,1,1
AC091953.1,lncRNA,0,3,2,4,4,5
AC091962.1,lncRNA,0,0,0,2,2,2
AC091965.1,lncRNA,1,1,2,4,2,1
AC091965.4,lncRNA,0,6,0,3,1,0
AC091973.1,lncRNA,1,7,1,5,11,7
AC091978.1,lncRNA,1,2,1,0,7,5
AC091979.1,lncRNA,1,0,2,0,1,2
AC091979.2,lncRNA,1,0,1,0,0,0
AC091980.2,lncRNA,3,1,6,9,21,18
AC091982.1,lncRNA,0,0,0,0,2,2
AC091982.3,lncRNA,2,1,3,1,3,3
AC091987.1,lncRNA,1,2,2,1,5,7
AC092017.3,lncRNA,0,0,0,2,14,6
AC092042.1,lncRNA,0,1,0,1,6,7
AC092042.4,lncRNA,0,1,1,0,5,2
AC092053.2,lncRNA,14,6,26,12,22,22
AC092053.3,lncRNA,4,8,1,14,24,16
AC092053.4,lncRNA,0,8,1,2,4,1
AC092053.5,lncRNA,0,4,1,0,8,9
AC092053.6,lncRNA,1,0,1,1,7,6
AC092058.1,lncRNA,2,4,1,4,4,4
AC092059.1,lncRNA,0,2,0,7,0,0
AC092067.1,lncRNA,0,0,0,2,0,0
AC092068.1,lncRNA,6,1,2,4,2,4
AC092068.2,lncRNA,3,5,8,12,48,45
AC092068.3,lncRNA,2,4,7,8,12,14
AC092069.1,lncRNA,1,6,1,0,0,1
AC092070.3,lncRNA,0,0,0,1,9,6
AC092070.4,lncRNA,0,0,0,0,1,0
AC092071.1,lncRNA,1,1,0,0,1,5
AC092078.2,lncRNA,1,1,0,1,2,2
AC092078.3,lncRNA,5,6,1,5,4,4
AC092079.2,lncRNA,0,2,1,0,1,0
AC092100.1,lncRNA,2,1,1,1,3,12
AC092110.1,lncRNA,0,0,2,2,4,3
AC092111.1,lncRNA,0,1,1,2,2,2
AC092111.2,lncRNA,0,0,0,0,1,1
AC092112.1,lncRNA,0,1,0,0,1,1
AC092114.1,lncRNA,8,5,6,5,10,12
AC092115.3,lncRNA,0,0,1,0,1,1
AC092117.1,lncRNA,4,6,6,16,54,33
AC092118.1,lncRNA,1,2,2,1,14,10
AC092118.2,lncRNA,0,0,1,2,1,1
AC092119.2,lncRNA,1,2,0,2,3,4
AC092119.3,lncRNA,2,0,1,1,6,2
AC092120.1,lncRNA,0,0,1,1,1,1
AC092120.3,lncRNA,1,1,2,2,3,3
AC092123.1,lncRNA,0,3,3,2,22,15
AC092125.1,lncRNA,3,1,3,1,4,3
AC092125.2,lncRNA,2,6,3,1,5,7
AC092127.1,lncRNA,1,2,3,2,11,18
AC092127.2,lncRNA,0,0,0,0,2,2
AC092131.1,lncRNA,0,0,1,0,0,2
AC092132.1,lncRNA,0,0,0,0,1,1
AC092134.1,lncRNA,2,4,2,1,12,10
AC092134.3,lncRNA,0,2,1,0,0,2
AC092138.1,lncRNA,0,0,0,0,1,1
AC092138.2,lncRNA,0,4,1,0,2,1
AC092140.1,lncRNA,0,0,0,0,1,0
AC092140.2,lncRNA,0,0,0,0,1,1
AC092142.1,lncRNA,0,0,1,2,1,1
AC092142.2,lncRNA,0,0,0,0,1,0
AC092143.2,lncRNA,2,0,2,1,3,1
AC092143.3,lncRNA,1,2,1,1,5,4
AC092145.1,lncRNA,4,0,3,10,27,15
AC092153.1,lncRNA,0,1,3,0,3,4
AC092155.1,lncRNA,7,5,5,11,18,20
AC092159.1,lncRNA,0,2,0,1,2,2
AC092159.2,lncRNA,0,0,0,0,1,2
AC092162.2,lncRNA,2,2,5,5,12,13
AC092164.1,lncRNA,6,13,14,2,42,41
AC092168.1,lncRNA,0,0,0,0,2,1
AC092168.2,lncRNA,0,0,0,3,0,1
AC092168.3,lncRNA,0,2,0,0,2,1
AC092171.1,lncRNA,2,7,4,2,24,14
AC092171.2,lncRNA,0,0,1,4,14,14
AC092171.3,lncRNA,6,9,20,7,85,74
AC092171.4,lncRNA,0,0,2,1,4,6
AC092171.5,lncRNA,1,3,11,3,54,42
AC092198.1,lncRNA,2,1,2,6,16,12
AC092268.1,lncRNA,0,0,0,3,1,2
AC092275.1,lncRNA,0,0,1,6,13,4
AC092279.1,lncRNA,16,19,18,16,152,138
AC092287.1,lncRNA,1,0,0,1,2,1
AC092295.1,lncRNA,1,5,0,0,5,4
AC092295.2,lncRNA,1,2,1,2,12,9
AC092296.1,lncRNA,1,0,3,1,8,7
AC092296.2,lncRNA,12,4,4,5,12,18
AC092296.4,lncRNA,0,0,0,0,2,0
AC092301.1,lncRNA,0,0,0,0,1,4
AC092306.1,lncRNA,0,0,0,0,2,1
AC092325.1,lncRNA,0,0,1,0,0,1
AC092327.2,lncRNA,0,1,0,0,2,2
AC092329.1,lncRNA,0,0,1,0,0,0
AC092329.4,lncRNA,2,1,1,5,4,8
AC092332.1,lncRNA,0,0,0,0,1,1
AC092335.1,lncRNA,0,2,2,13,39,27
AC092336.1,lncRNA,0,0,0,0,1,0
AC092337.1,lncRNA,2,2,0,3,2,2
AC092338.1,lncRNA,0,1,0,0,0,1
AC092338.2,lncRNA,5,2,4,8,30,38
AC092338.3,lncRNA,7,1,0,3,2,6
AC092343.1,lncRNA,0,1,0,0,4,0
AC092353.1,lncRNA,25,17,40,27,742,617
AC092353.2,lncRNA,0,0,0,4,3,5
AC092354.1,lncRNA,0,4,0,0,1,0
AC092354.2,lncRNA,0,0,0,0,1,1
AC092364.1,lncRNA,4,0,2,0,2,10
AC092368.3,lncRNA,1,4,5,4,23,21
AC092375.2,lncRNA,0,4,0,2,3,2
AC092376.1,lncRNA,0,1,4,0,9,3
AC092376.2,lncRNA,26,127,26,35,125,169
AC092376.3,lncRNA,0,1,0,0,3,1
AC092377.1,lncRNA,0,0,0,2,0,0
AC092378.1,lncRNA,0,2,0,4,0,2
AC092384.1,lncRNA,1,5,8,6,35,56
AC092384.2,lncRNA,8,17,212,223,50,111
AC092384.3,lncRNA,11,3,6,7,18,13
AC092418.2,lncRNA,0,0,1,0,3,5
AC092422.1,lncRNA,0,0,0,1,0,2
AC092428.1,lncRNA,3,6,5,4,14,15
AC092431.1,lncRNA,1,94,3,1,111,7
AC092435.1,lncRNA,0,0,2,2,0,1
AC092435.2,lncRNA,1,3,0,3,2,2
AC092435.3,lncRNA,0,11,0,7,4,5
AC092436.2,lncRNA,0,0,0,0,0,1
AC092440.1,lncRNA,0,0,0,0,1,1
AC092445.1,lncRNA,1,0,0,1,3,3
AC092447.4,lncRNA,15,46,38,33,60,85
AC092447.5,lncRNA,0,2,1,1,5,8
AC092447.8,lncRNA,8,0,4,0,10,9
AC092448.1,lncRNA,1,1,2,3,2,3
AC092468.1,lncRNA,0,1,3,0,4,2
AC092473.2,lncRNA,1,0,0,1,3,1
AC092484.1,lncRNA,1,0,0,1,0,1
AC092490.1,lncRNA,1,1,0,1,2,1
AC092535.2,lncRNA,0,1,6,0,20,17
AC092535.4,lncRNA,3,1,1,0,9,8
AC092535.5,lncRNA,0,0,0,2,14,10
AC092542.1,lncRNA,1,0,0,0,0,0
AC092546.1,lncRNA,0,0,0,0,2,0
AC092567.2,lncRNA,0,1,1,0,1,0
AC092574.1,lncRNA,0,0,0,0,0,1
AC092574.2,lncRNA,0,0,1,1,1,1
AC092580.2,lncRNA,0,0,0,0,0,1
AC092580.4,lncRNA,2,4,5,5,11,6
AC092590.1,lncRNA,0,0,0,2,1,1
AC092596.1,lncRNA,0,0,0,0,2,1
AC092598.1,lncRNA,0,0,0,1,1,0
AC092604.1,lncRNA,0,1,0,0,1,1
AC092608.1,lncRNA,1,3,1,1,0,0
AC092611.1,lncRNA,1,1,0,5,8,9
AC092614.1,lncRNA,0,1,1,8,8,3
AC092617.1,lncRNA,3,4,3,2,10,12
AC092620.1,lncRNA,1,1,1,3,12,12
AC092620.2,lncRNA,0,0,0,2,1,3
AC092623.1,lncRNA,0,2,0,0,3,1
AC092625.1,lncRNA,36,9,3,6,23,6
AC092634.4,lncRNA,1,1,3,3,8,6
AC092634.7,lncRNA,0,0,1,0,0,1
AC092634.8,lncRNA,11,10,14,14,4,3
AC092636.1,lncRNA,5,5,3,20,16,13
AC092637.1,lncRNA,0,1,0,0,0,2
AC092640.1,lncRNA,0,4,2,1,3,4
AC092645.2,lncRNA,1,11,3,7,1,6
AC092650.1,lncRNA,5,15,4,12,24,27
AC092651.2,lncRNA,0,0,1,0,2,1
AC092652.1,lncRNA,1,8,0,0,5,4
AC092652.2,lncRNA,1,2,2,1,1,2
AC092653.1,lncRNA,0,0,0,0,2,2
AC092660.1,lncRNA,0,0,0,2,1,0
AC092661.1,lncRNA,6,1,3,1,13,6
AC092666.1,lncRNA,1,5,4,7,15,16
AC092667.1,lncRNA,5,3,12,4,23,16
AC092669.1,lncRNA,1,0,0,0,3,3
AC092673.1,lncRNA,0,0,0,0,1,1
AC092674.1,lncRNA,1,0,0,1,3,1
AC092675.1,lncRNA,0,6,0,6,3,4
AC092675.2,lncRNA,1,0,0,0,2,5
AC092681.2,lncRNA,2,0,1,5,3,7
AC092681.3,lncRNA,0,0,0,0,1,0
AC092683.1,lncRNA,1,4,1,2,2,4
AC092683.2,lncRNA,0,0,0,0,1,2
AC092687.2,lncRNA,0,1,0,0,4,1
AC092687.3,lncRNA,0,0,0,0,1,1
AC092691.1,lncRNA,1,0,0,1,6,6
AC092691.3,lncRNA,1,1,0,3,3,4
AC092718.1,lncRNA,1,1,8,1,14,11
AC092718.3,lncRNA,0,0,0,1,0,1
AC092718.4,lncRNA,0,0,0,0,3,7
AC092718.5,lncRNA,0,1,1,3,1,0
AC092718.8,lncRNA,0,0,0,0,2,1
AC092720.1,lncRNA,2,1,3,2,12,23
AC092720.2,lncRNA,2,4,7,2,19,13
AC092720.3,lncRNA,1,11,7,5,16,11
AC092723.1,lncRNA,0,0,0,2,4,2
AC092723.3,lncRNA,2,5,2,1,3,2
AC092723.4,lncRNA,0,1,1,1,3,1
AC092723.5,lncRNA,4,2,1,5,9,25
AC092725.1,lncRNA,0,0,0,0,2,2
AC092745.1,lncRNA,7,3,1,2,2,2
AC092745.4,lncRNA,1,2,1,3,5,3
AC092745.5,lncRNA,0,1,0,0,3,4
AC092746.1,lncRNA,0,2,0,0,0,2
AC092747.1,lncRNA,0,0,0,0,1,2
AC092747.4,lncRNA,0,0,0,0,1,0
AC092755.2,lncRNA,0,0,3,1,11,11
AC092756.1,lncRNA,2,0,0,3,2,2
AC092757.3,lncRNA,0,0,0,0,3,0
AC092793.1,lncRNA,0,0,0,0,2,2
AC092794.1,lncRNA,0,0,0,0,0,1
AC092794.2,lncRNA,0,0,0,0,1,0
AC092800.1,lncRNA,0,0,0,0,1,2
AC092802.1,lncRNA,3,2,2,11,11,9
AC092802.2,lncRNA,0,1,2,0,3,8
AC092802.3,lncRNA,0,0,0,0,1,1
AC092802.4,lncRNA,1,9,1,0,12,5
AC092803.1,lncRNA,2,6,7,3,28,30
AC092803.2,lncRNA,0,1,0,0,3,1
AC092803.3,lncRNA,0,0,0,2,10,3
AC092803.4,lncRNA,0,0,0,0,6,5
AC092805.1,lncRNA,1,4,23,9,28,30
AC092807.1,lncRNA,1,0,0,0,2,1
AC092807.3,lncRNA,3,6,11,8,30,25
AC092809.2,lncRNA,9,13,32,17,273,236
AC092809.4,lncRNA,1,1,2,2,5,3
AC092810.2,lncRNA,0,3,3,5,7,5
AC092810.3,lncRNA,2,1,1,1,4,4
AC092811.1,lncRNA,0,0,0,0,0,1
AC092813.1,lncRNA,3,1,3,2,3,4
AC092813.2,lncRNA,1,6,1,1,1,1
AC092818.1,lncRNA,1,1,0,0,6,6
AC092819.1,lncRNA,5,6,2,5,3,2
AC092819.2,lncRNA,1,0,0,0,2,1
AC092819.3,lncRNA,0,0,0,0,1,1
AC092821.3,lncRNA,4,4,5,8,14,6
AC092825.1,lncRNA,0,0,1,4,2,1
AC092828.1,lncRNA,3,20,2,4,4,5
AC092832.2,lncRNA,0,0,0,1,1,0
AC092834.1,lncRNA,1,2,0,0,3,1
AC092839.1,lncRNA,0,0,0,0,0,1
AC092844.1,lncRNA,0,0,0,0,0,2
AC092845.1,lncRNA,0,0,0,0,5,4
AC092848.2,lncRNA,1,1,1,0,8,4
AC092849.1,lncRNA,1,2,2,0,4,2
AC092849.2,lncRNA,1,1,3,0,10,9
AC092850.2,lncRNA,12,35,41,35,213,275
AC092868.2,lncRNA,0,3,0,8,0,1
AC092881.2,lncRNA,1,2,1,1,1,1
AC092894.1,lncRNA,0,1,1,0,7,6
AC092896.1,lncRNA,0,2,2,0,1,1
AC092902.2,lncRNA,0,0,0,0,1,1
AC092902.4,lncRNA,0,0,1,3,4,2
AC092902.6,lncRNA,0,0,0,2,1,0
AC092903.2,lncRNA,1,3,0,2,3,2
AC092910.3,lncRNA,4,4,4,3,19,18
AC092910.4,lncRNA,0,1,0,1,0,0
AC092919.1,lncRNA,1,1,1,2,8,6
AC092924.1,lncRNA,0,0,0,0,0,1
AC092924.2,lncRNA,0,0,1,1,9,6
AC092925.1,lncRNA,0,1,0,0,1,0
AC092933.2,lncRNA,0,0,4,1,6,4
AC092939.1,lncRNA,2,0,0,1,2,4
AC092941.1,lncRNA,0,0,0,0,0,1
AC092941.2,lncRNA,0,0,1,2,28,32
AC092943.2,lncRNA,0,0,1,0,3,2
AC092944.1,lncRNA,5,4,7,8,32,24
AC092944.3,lncRNA,0,0,3,0,0,0
AC092954.2,lncRNA,1,0,0,0,1,0
AC092957.1,lncRNA,1,5,5,4,17,12
AC092958.1,lncRNA,6,5,4,7,8,13
AC092958.2,lncRNA,0,0,0,0,0,1
AC092958.3,lncRNA,0,1,3,2,39,29
AC092958.4,lncRNA,0,0,2,0,6,6
AC092966.1,lncRNA,0,0,1,1,0,1
AC092969.1,lncRNA,0,2,1,3,14,15
AC092979.1,lncRNA,0,5,0,3,2,4
AC092979.2,lncRNA,1,2,0,4,6,9
AC093001.1,lncRNA,3,2,5,2,8,10
AC093001.2,lncRNA,0,0,0,0,2,0
AC093010.1,lncRNA,1,1,0,0,2,6
AC093010.2,lncRNA,9,19,7,9,22,21
AC093025.1,lncRNA,0,0,0,1,1,1
AC093072.1,lncRNA,0,4,1,0,1,4
AC093074.1,lncRNA,0,0,0,0,2,1
AC093083.1,lncRNA,0,1,0,0,0,0
AC093110.1,lncRNA,0,0,0,2,5,4
AC093117.1,lncRNA,0,0,1,1,4,5
AC093151.2,lncRNA,2,1,5,0,17,14
AC093151.7,lncRNA,2,0,0,0,6,3
AC093154.1,lncRNA,0,3,0,0,1,1
AC093157.1,lncRNA,5,7,4,11,34,34
AC093157.2,lncRNA,0,0,0,0,2,1
AC093158.1,lncRNA,3,5,1,4,12,9
AC093159.1,lncRNA,0,0,1,0,1,1
AC093206.1,lncRNA,0,0,0,0,3,0
AC093227.1,lncRNA,0,0,2,0,2,0
AC093227.3,lncRNA,0,0,2,0,1,0
AC093240.1,lncRNA,9,11,7,4,80,86
AC093248.1,lncRNA,0,3,3,0,0,1
AC093249.2,lncRNA,1,1,0,0,3,3
AC093249.6,lncRNA,3,2,5,1,28,24
AC093274.1,lncRNA,1,1,1,2,3,1
AC093277.1,lncRNA,0,0,0,0,2,3
AC093278.2,lncRNA,0,1,2,0,2,3
AC093281.1,lncRNA,1,1,0,0,2,2
AC093281.2,lncRNA,0,0,0,0,1,1
AC093283.1,lncRNA,0,2,1,3,3,0
AC093292.1,lncRNA,0,0,0,0,1,0
AC093295.1,lncRNA,1,5,1,4,39,29
AC093297.1,lncRNA,0,0,0,0,1,0
AC093297.2,lncRNA,0,2,2,2,6,2
AC093298.2,lncRNA,0,0,1,0,1,1
AC093305.1,lncRNA,0,0,0,0,2,0
AC093307.1,lncRNA,6,5,8,7,35,22
AC093326.1,lncRNA,4,2,1,0,12,21
AC093326.2,lncRNA,1,0,3,1,1,1
AC093330.1,lncRNA,0,0,2,0,6,5
AC093330.3,lncRNA,1,0,1,2,5,1
AC093334.1,lncRNA,0,0,0,0,3,2
AC093382.1,lncRNA,0,0,0,0,1,0
AC093388.1,lncRNA,0,0,0,0,0,1
AC093390.1,lncRNA,1,5,5,4,30,26
AC093390.2,lncRNA,6,3,12,5,63,48
AC093418.1,lncRNA,0,1,0,0,3,3
AC093424.1,lncRNA,0,0,0,0,1,0
AC093426.1,lncRNA,0,2,0,5,2,2
AC093426.2,lncRNA,8,9,21,12,90,82
AC093433.2,lncRNA,0,4,1,0,1,0
AC093458.1,lncRNA,0,0,0,0,3,0
AC093459.1,lncRNA,3,0,2,4,15,24
AC093462.1,lncRNA,1,8,3,3,30,15
AC093484.1,lncRNA,0,0,0,0,1,1
AC093484.2,lncRNA,1,3,1,2,5,7
AC093484.3,lncRNA,6,6,2,3,2,3
AC093484.4,lncRNA,0,0,0,0,0,1
AC093496.1,lncRNA,0,0,1,0,9,7
AC093503.1,lncRNA,32,6,0,7,2,1
AC093510.1,lncRNA,0,0,0,2,3,3
AC093512.1,lncRNA,0,1,2,0,1,1
AC093515.1,lncRNA,7,14,7,7,111,71
AC093516.1,lncRNA,1,1,1,0,0,1
AC093519.2,lncRNA,2,3,2,1,7,11
AC093520.1,lncRNA,8,1,1,1,6,8
AC093523.1,lncRNA,1,1,1,2,6,5
AC093525.3,lncRNA,0,0,0,1,0,1
AC093525.4,lncRNA,2,0,0,1,0,1
AC093525.5,lncRNA,0,0,0,0,1,1
AC093525.6,lncRNA,5,1,1,0,3,2
AC093525.7,lncRNA,4,3,4,4,22,19
AC093535.1,lncRNA,4,6,7,8,8,7
AC093536.2,lncRNA,2,1,2,2,16,7
AC093567.1,lncRNA,0,2,1,0,5,4
AC093575.1,lncRNA,0,1,0,0,5,3
AC093577.1,lncRNA,1,5,1,5,1,1
AC093579.1,lncRNA,0,0,0,0,1,3
AC093582.1,lncRNA,2,2,0,0,5,5
AC093583.1,lncRNA,1,2,3,1,11,9
AC093585.1,lncRNA,0,0,0,0,3,2
AC093591.2,lncRNA,3,9,10,7,43,34
AC093599.1,lncRNA,0,0,0,0,7,3
AC093599.2,lncRNA,0,0,4,1,5,3
AC093606.1,lncRNA,0,0,4,0,0,1
AC093607.1,lncRNA,0,2,1,0,3,3
AC093610.1,lncRNA,0,6,0,2,3,5
AC093620.1,lncRNA,1,3,8,3,20,15
AC093627.1,lncRNA,0,1,0,1,4,1
AC093627.2,lncRNA,0,5,0,1,7,6
AC093627.22,lncRNA,2,0,2,0,16,11
AC093627.3,lncRNA,0,0,0,0,3,1
AC093627.4,lncRNA,3,2,8,4,25,29
AC093627.5,lncRNA,0,4,3,3,35,27
AC093627.6,lncRNA,4,1,4,7,8,9
AC093627.7,lncRNA,3,3,5,4,16,19
AC093639.1,lncRNA,0,1,0,0,0,0
AC093639.2,lncRNA,0,0,0,0,1,1
AC093639.3,lncRNA,2,1,3,3,5,5
AC093642.1,lncRNA,0,0,0,0,1,2
AC093642.5,lncRNA,1,1,7,3,18,10
AC093655.1,lncRNA,1,2,1,4,3,1
AC093673.1,lncRNA,1,2,3,1,14,24
AC093675.1,lncRNA,0,0,1,4,2,0
AC093675.2,lncRNA,0,0,0,0,2,1
AC093677.2,lncRNA,2,2,2,3,7,7
AC093677.3,lncRNA,0,1,1,2,12,8
AC093689.1,lncRNA,0,1,0,0,1,0
AC093690.1,lncRNA,1,5,2,5,12,16
AC093702.1,lncRNA,0,0,2,4,20,8
AC093714.1,lncRNA,0,0,0,2,1,1
AC093714.2,lncRNA,0,0,1,1,2,3
AC093725.1,lncRNA,0,1,0,0,7,3
AC093725.2,lncRNA,3,4,2,0,150,109
AC093726.1,lncRNA,0,0,0,1,1,2
AC093726.2,lncRNA,1,0,1,0,2,2
AC093730.1,lncRNA,0,1,1,2,2,1
AC093732.1,lncRNA,0,0,0,5,2,1
AC093732.2,lncRNA,0,0,0,0,2,2
AC093734.1,lncRNA,0,0,0,0,1,2
AC093746.1,lncRNA,0,0,2,3,5,3
AC093752.1,lncRNA,1,2,0,2,18,11
AC093763.1,lncRNA,0,0,0,0,2,1
AC093765.2,lncRNA,8,3,2,2,4,1
AC093765.3,lncRNA,0,2,1,1,6,5
AC093765.4,lncRNA,1,0,2,1,8,7
AC093765.5,lncRNA,3,2,2,1,1,12
AC093766.1,lncRNA,0,2,0,1,9,10
AC093772.1,lncRNA,2,9,59,2,6,7
AC093772.2,lncRNA,0,1,1,0,2,3
AC093787.2,lncRNA,0,0,1,2,3,2
AC093788.1,lncRNA,0,2,0,0,0,0
AC093791.1,lncRNA,3,2,5,0,4,3
AC093791.2,lncRNA,0,0,0,0,1,0
AC093796.1,lncRNA,0,0,0,0,1,0
AC093797.1,lncRNA,0,3,1,1,9,10
AC093798.1,lncRNA,1,8,3,6,5,8
AC093799.1,lncRNA,0,0,4,0,4,2
AC093801.1,lncRNA,0,0,0,0,1,1
AC093802.1,lncRNA,8,7,4,18,33,26
AC093802.2,lncRNA,1,0,0,0,1,3
AC093810.1,lncRNA,0,0,0,0,1,0
AC093817.1,lncRNA,1,1,1,1,7,4
AC093817.2,lncRNA,0,0,0,0,4,7
AC093821.1,lncRNA,2,3,2,1,6,5
AC093824.2,lncRNA,2,0,1,2,3,2
AC093827.4,lncRNA,5,1,5,6,21,21
AC093831.1,lncRNA,0,0,1,0,0,0
AC093833.1,lncRNA,5,4,6,5,70,62
AC093835.1,lncRNA,0,0,1,1,0,3
AC093838.1,lncRNA,0,4,3,2,6,10
AC093840.2,lncRNA,0,1,0,3,1,2
AC093843.1,lncRNA,10,11,4,6,15,14
AC093843.2,lncRNA,0,3,0,1,1,3
AC093849.1,lncRNA,0,0,0,0,2,3
AC093849.2,lncRNA,1,1,1,3,6,11
AC093849.3,lncRNA,0,0,0,0,1,5
AC093849.4,lncRNA,1,1,2,1,4,8
AC093857.1,lncRNA,1,1,0,0,3,6
AC093864.1,lncRNA,0,0,0,0,1,1
AC093865.1,lncRNA,0,0,0,0,1,0
AC093866.1,lncRNA,6,2,1,1,17,15
AC093871.1,lncRNA,1,0,0,0,1,1
AC093879.1,lncRNA,0,0,0,0,1,1
AC093890.2,lncRNA,0,0,0,0,1,1
AC093893.1,lncRNA,0,0,0,1,0,0
AC093894.1,lncRNA,0,1,0,0,2,3
AC093894.2,lncRNA,1,0,1,1,0,1
AC093895.1,lncRNA,13,20,5,9,7,12
AC093898.1,lncRNA,0,6,1,0,1,3
AC093904.1,lncRNA,1,1,0,1,4,3
AC093904.2,lncRNA,1,2,1,1,5,3
AC093904.3,lncRNA,0,0,2,0,7,5
AC093904.4,lncRNA,3,3,2,4,17,16
AC093909.2,lncRNA,0,0,1,0,3,3
AC093909.4,lncRNA,1,2,4,5,11,14
AC093911.1,lncRNA,0,1,0,0,1,1
AC093912.1,lncRNA,0,0,4,3,5,6
AC093915.1,lncRNA,4,3,0,0,5,5
AC093916.1,lncRNA,0,5,2,0,14,12
AC093928.1,lncRNA,1,3,0,0,1,3
AC094104.1,lncRNA,0,1,0,0,2,2
AC094104.2,lncRNA,2,0,1,1,0,0
AC094105.1,lncRNA,0,0,1,0,9,7
AC094105.2,lncRNA,2,2,8,7,182,133
AC094108.1,lncRNA,0,0,0,0,1,2
AC095032.1,lncRNA,1,6,0,0,3,6
AC095038.4,lncRNA,0,0,0,4,1,0
AC095038.5,lncRNA,0,0,2,0,4,2
AC095050.1,lncRNA,1,2,7,7,3,4
AC095055.1,lncRNA,1,0,0,0,0,0
AC095056.1,lncRNA,0,0,1,0,1,1
AC095057.2,lncRNA,0,0,2,0,4,2
AC095057.3,lncRNA,0,1,0,0,0,0
AC095057.4,lncRNA,0,0,0,0,2,4
AC095059.1,lncRNA,0,0,0,0,1,0
AC095060.1,lncRNA,1,3,3,4,23,25
AC095350.1,lncRNA,7,23,16,12,63,65
AC096536.1,lncRNA,0,0,0,0,13,6
AC096536.2,lncRNA,0,0,1,1,22,25
AC096536.3,lncRNA,1,1,0,0,2,1
AC096540.1,lncRNA,4,2,1,0,7,7
AC096541.1,lncRNA,4,3,13,4,35,30
AC096543.1,lncRNA,0,0,0,1,0,1
AC096543.2,lncRNA,0,1,1,0,1,0
AC096554.1,lncRNA,0,2,0,4,0,1
AC096555.1,lncRNA,2,0,2,1,2,1
AC096559.1,lncRNA,1,2,1,0,0,1
AC096564.1,lncRNA,1,6,0,2,4,5
AC096570.1,lncRNA,4,10,13,10,27,24
AC096576.2,lncRNA,0,1,0,0,3,1
AC096576.3,lncRNA,0,0,0,0,1,0
AC096576.6,lncRNA,6,3,2,4,3,3
AC096577.1,lncRNA,0,3,2,1,3,3
AC096585.1,lncRNA,2,3,0,1,4,1
AC096588.1,lncRNA,4,7,6,5,50,56
AC096589.1,lncRNA,5,9,7,5,25,18
AC096589.2,lncRNA,1,0,1,0,2,0
AC096631.1,lncRNA,0,1,1,3,12,11
AC096637.2,lncRNA,12,11,21,16,246,236
AC096639.1,lncRNA,0,0,1,0,0,2
AC096642.1,lncRNA,1,1,2,3,22,26
AC096642.2,lncRNA,0,0,0,0,1,2
AC096644.3,lncRNA,1,2,0,1,8,2
AC096645.1,lncRNA,3,3,1,0,7,5
AC096647.1,lncRNA,1,0,1,3,0,1
AC096649.1,lncRNA,0,1,4,1,6,9
AC096659.1,lncRNA,0,0,0,0,2,1
AC096666.1,lncRNA,0,0,1,1,3,1
AC096667.1,lncRNA,3,1,3,3,9,9
AC096669.1,lncRNA,1,3,5,1,3,1
AC096675.1,lncRNA,0,2,1,8,12,11
AC096677.1,lncRNA,1,0,1,3,8,5
AC096677.2,lncRNA,0,0,0,1,1,0
AC096708.2,lncRNA,0,0,0,0,1,0
AC096708.3,lncRNA,0,0,1,0,0,0
AC096711.1,lncRNA,0,0,0,0,1,0
AC096711.2,lncRNA,0,1,0,1,3,7
AC096719.1,lncRNA,1,2,2,3,6,10
AC096732.1,lncRNA,0,5,1,0,1,2
AC096733.1,lncRNA,0,1,0,0,0,1
AC096733.2,lncRNA,4,5,13,3,44,31
AC096734.1,lncRNA,0,3,1,1,1,2
AC096734.2,lncRNA,0,1,1,1,4,6
AC096736.1,lncRNA,0,0,0,0,3,1
AC096736.3,lncRNA,0,0,0,0,0,1
AC096741.1,lncRNA,0,0,0,0,1,2
AC096746.1,lncRNA,2,8,1,1,14,23
AC096747.1,lncRNA,0,0,2,1,6,7
AC096751.2,lncRNA,1,1,2,1,3,4
AC096759.1,lncRNA,0,0,0,0,0,1
AC096759.2,lncRNA,0,1,0,0,1,1
AC096761.1,lncRNA,1,0,0,0,0,1
AC096763.1,lncRNA,2,1,3,1,9,6
AC096772.1,lncRNA,0,0,0,0,0,1
AC096773.1,lncRNA,0,0,0,0,2,1
AC096861.2,lncRNA,0,3,0,4,5,2
AC096920.1,lncRNA,0,0,0,0,1,1
AC096921.2,lncRNA,3,2,0,0,3,3
AC096970.1,lncRNA,1,0,1,1,6,2
AC096992.2,lncRNA,4,7,0,3,4,5
AC096992.3,lncRNA,2,3,2,0,19,23
AC096996.2,lncRNA,0,0,2,0,1,0
AC096996.3,lncRNA,7,1,4,9,9,6
AC097015.1,lncRNA,0,2,1,2,3,3
AC097059.1,lncRNA,0,0,1,0,2,1
AC097065.2,lncRNA,1,0,0,0,0,0
AC097103.1,lncRNA,0,0,0,0,0,2
AC097105.1,lncRNA,0,0,0,0,0,2
AC097110.1,lncRNA,0,0,0,0,1,1
AC097173.2,lncRNA,0,4,0,1,2,1
AC097358.2,lncRNA,1,5,5,1,7,6
AC097359.2,lncRNA,7,10,8,6,36,32
AC097359.3,lncRNA,0,0,0,0,4,2
AC097369.2,lncRNA,0,1,2,1,17,14
AC097372.1,lncRNA,1,0,1,0,2,6
AC097375.1,lncRNA,0,0,0,1,1,1
AC097375.2,lncRNA,0,0,0,0,1,1
AC097375.3,lncRNA,2,1,2,4,13,11
AC097375.4,lncRNA,3,1,1,1,6,4
AC097375.5,lncRNA,5,2,6,5,59,63
AC097381.1,lncRNA,5,1,8,7,24,23
AC097381.2,lncRNA,0,1,1,0,3,3
AC097381.3,lncRNA,1,3,2,2,1,3
AC097382.1,lncRNA,0,1,0,0,1,3
AC097382.2,lncRNA,2,3,4,3,28,19
AC097382.3,lncRNA,2,1,0,1,13,13
AC097448.1,lncRNA,1,0,0,1,1,0
AC097450.1,lncRNA,2,13,4,13,17,15
AC097451.1,lncRNA,0,1,2,0,0,2
AC097459.1,lncRNA,0,0,2,3,6,9
AC097462.3,lncRNA,0,2,2,8,22,24
AC097467.1,lncRNA,0,0,0,1,0,0
AC097467.3,lncRNA,5,5,1,8,11,8
AC097468.1,lncRNA,0,2,3,3,14,13
AC097468.2,lncRNA,2,3,0,3,1,2
AC097468.3,lncRNA,0,0,0,0,3,0
AC097478.1,lncRNA,0,0,0,0,0,1
AC097478.2,lncRNA,1,0,0,0,1,1
AC097478.3,lncRNA,1,8,0,2,8,2
AC097478.4,lncRNA,3,1,0,3,10,8
AC097480.1,lncRNA,1,0,1,0,4,3
AC097480.2,lncRNA,3,1,1,6,10,8
AC097487.1,lncRNA,0,1,0,0,1,2
AC097494.1,lncRNA,0,0,0,1,2,2
AC097500.1,lncRNA,0,0,0,0,1,3
AC097501.1,lncRNA,0,0,1,0,1,0
AC097504.2,lncRNA,0,2,0,0,0,1
AC097505.1,lncRNA,1,2,1,1,7,9
AC097511.1,lncRNA,0,1,4,0,2,2
AC097512.1,lncRNA,15,8,4,13,37,19
AC097515.1,lncRNA,0,0,0,3,1,2
AC097517.1,lncRNA,0,0,1,1,0,1
AC097518.1,lncRNA,0,0,0,0,1,1
AC097518.2,lncRNA,2,2,1,2,5,7
AC097520.2,lncRNA,0,0,0,0,1,1
AC097521.1,lncRNA,8,5,10,7,12,8
AC097522.2,lncRNA,0,0,1,0,1,2
AC097526.1,lncRNA,3,2,7,4,8,8
AC097528.1,lncRNA,7,1,6,1,4,2
AC097532.1,lncRNA,0,0,0,0,2,2
AC097532.2,lncRNA,0,1,0,0,4,5
AC097532.3,lncRNA,0,7,0,3,12,13
AC097535.1,lncRNA,0,1,0,0,2,1
AC097537.1,lncRNA,0,0,0,0,1,2
AC097634.1,lncRNA,2,2,2,1,6,5
AC097634.3,lncRNA,3,1,1,3,14,15
AC097637.3,lncRNA,10,15,16,106,42,42
AC097639.1,lncRNA,13,6,37,12,277,228
AC097641.1,lncRNA,0,0,0,2,2,2
AC097652.1,lncRNA,1,1,1,1,3,4
AC097654.1,lncRNA,6,3,6,6,42,30
AC097658.2,lncRNA,2,0,0,1,2,3
AC097658.3,lncRNA,3,1,4,0,4,5
AC097709.1,lncRNA,11,3,14,1,13,5
AC097713.1,lncRNA,1,4,0,1,72,87
AC097713.2,lncRNA,5,6,1,0,5,7
AC097717.1,lncRNA,1,3,5,10,11,9
AC097724.1,lncRNA,6,18,6,5,5,5
AC098483.1,lncRNA,1,0,1,1,3,4
AC098484.1,lncRNA,0,0,0,0,1,1
AC098484.2,lncRNA,0,1,0,0,3,0
AC098484.4,lncRNA,2,11,43,3,33,38
AC098487.1,lncRNA,0,1,0,3,1,3
AC098588.3,lncRNA,0,2,0,1,5,4
AC098595.1,lncRNA,11,11,11,9,56,76
AC098649.1,lncRNA,0,0,1,1,4,1
AC098656.1,lncRNA,0,0,1,2,3,2
AC098657.2,lncRNA,0,0,0,0,2,0
AC098679.4,lncRNA,0,0,1,0,0,1
AC098679.5,lncRNA,0,2,0,0,1,1
AC098680.1,lncRNA,0,0,0,0,0,2
AC098680.2,lncRNA,0,0,0,0,1,0
AC098798.1,lncRNA,0,0,1,1,1,1
AC098817.1,lncRNA,0,0,1,0,1,1
AC098818.2,lncRNA,4,6,6,3,32,24
AC098820.1,lncRNA,2,2,1,3,3,3
AC098825.1,lncRNA,0,2,0,1,1,8
AC098828.1,lncRNA,0,0,0,1,5,2
AC098848.1,lncRNA,0,1,0,0,0,2
AC098850.1,lncRNA,1,0,0,0,0,1
AC098850.2,lncRNA,1,0,0,1,2,0
AC098850.4,lncRNA,5,5,1,3,10,9
AC098851.1,lncRNA,0,0,0,3,4,2
AC098859.2,lncRNA,1,1,0,0,0,2
AC098868.1,lncRNA,1,1,1,0,5,3
AC098869.2,lncRNA,0,1,2,0,1,1
AC098872.1,lncRNA,0,0,0,2,2,1
AC098934.2,lncRNA,2,0,2,0,5,2
AC098969.1,lncRNA,2,0,0,0,5,5
AC098969.2,lncRNA,0,0,1,0,7,6
AC099050.1,lncRNA,5,4,2,2,26,18
AC099063.1,lncRNA,0,1,0,0,1,1
AC099063.4,lncRNA,1,1,0,1,1,2
AC099066.1,lncRNA,0,0,0,0,0,1
AC099066.2,lncRNA,3,9,5,6,29,20
AC099313.1,lncRNA,0,0,0,0,1,0
AC099314.1,lncRNA,2,2,0,2,1,1
AC099328.2,lncRNA,0,0,1,0,1,1
AC099329.1,lncRNA,0,2,0,1,10,13
AC099329.2,lncRNA,3,4,3,10,13,16
AC099332.1,lncRNA,2,2,4,1,89,63
AC099332.2,lncRNA,0,1,0,1,0,0
AC099342.1,lncRNA,1,0,1,0,2,3
AC099343.2,lncRNA,2,0,0,0,3,1
AC099343.3,lncRNA,1,3,4,3,9,12
AC099344.1,lncRNA,0,0,0,0,6,2
AC099344.2,lncRNA,0,0,1,0,2,2
AC099344.3,lncRNA,2,11,7,7,16,9
AC099398.1,lncRNA,3,3,2,5,8,6
AC099482.1,lncRNA,0,0,0,0,2,0
AC099482.2,lncRNA,0,0,2,2,1,2
AC099487.1,lncRNA,0,4,0,7,0,5
AC099487.2,lncRNA,2,0,0,4,2,3
AC099489.3,lncRNA,3,8,1,8,2,7
AC099499.1,lncRNA,0,0,0,0,0,1
AC099499.2,lncRNA,1,0,0,1,0,0
AC099501.1,lncRNA,0,0,1,0,1,2
AC099506.1,lncRNA,3,5,31,6,50,47
AC099506.3,lncRNA,0,0,0,0,1,2
AC099508.1,lncRNA,0,2,0,0,2,4
AC099508.2,lncRNA,1,1,0,0,1,0
AC099509.1,lncRNA,1,0,0,1,2,0
AC099509.2,lncRNA,0,0,0,0,1,1
AC099511.1,lncRNA,0,0,0,1,5,4
AC099517.1,lncRNA,2,2,0,0,4,1
AC099518.1,lncRNA,0,0,4,3,4,5
AC099518.3,lncRNA,0,0,1,0,3,3
AC099518.4,lncRNA,1,1,1,1,2,2
AC099518.5,lncRNA,0,2,1,0,2,1
AC099518.6,lncRNA,0,0,0,1,0,2
AC099520.1,lncRNA,7,12,2,5,21,12
AC099520.2,lncRNA,0,0,0,0,18,13
AC099521.1,lncRNA,13,18,23,16,204,186
AC099521.3,lncRNA,0,1,1,0,5,2
AC099524.1,lncRNA,1,1,3,1,3,6
AC099535.2,lncRNA,0,0,2,0,4,5
AC099541.1,lncRNA,0,0,2,0,2,2
AC099541.2,lncRNA,1,0,3,1,2,2
AC099542.1,lncRNA,0,2,0,0,0,1
AC099542.2,lncRNA,0,0,0,0,0,1
AC099550.1,lncRNA,0,0,0,0,3,3
AC099552.1,lncRNA,0,0,1,0,2,2
AC099552.2,lncRNA,2,2,2,0,7,4
AC099552.3,lncRNA,0,2,4,0,0,0
AC099552.5,lncRNA,0,0,0,1,3,2
AC099554.1,lncRNA,0,2,0,0,1,1
AC099560.1,lncRNA,0,0,1,0,1,2
AC099563.2,lncRNA,1,1,5,2,13,9
AC099565.1,lncRNA,2,0,0,3,5,4
AC099567.1,lncRNA,0,0,1,2,4,2
AC099568.1,lncRNA,0,0,0,0,0,1
AC099654.1,lncRNA,1,0,5,2,14,15
AC099654.11,lncRNA,0,1,1,0,1,0
AC099654.12,lncRNA,1,0,0,0,2,1
AC099661.1,lncRNA,0,1,0,9,6,5
AC099668.1,lncRNA,0,0,0,0,1,0
AC099670.3,lncRNA,1,2,2,2,1,1
AC099671.1,lncRNA,8,15,22,20,57,79
AC099677.3,lncRNA,0,0,0,0,1,0
AC099681.1,lncRNA,2,0,0,0,4,1
AC099681.2,lncRNA,0,1,0,0,2,3
AC099681.3,lncRNA,1,0,3,2,10,11
AC099684.1,lncRNA,2,3,1,3,12,5
AC099684.2,lncRNA,2,0,3,3,3,5
AC099684.3,lncRNA,0,0,0,0,6,2
AC099685.1,lncRNA,0,0,0,0,1,0
AC099753.1,lncRNA,2,0,0,2,3,2
AC099754.1,lncRNA,2,7,4,4,13,12
AC099778.1,lncRNA,3,2,5,3,18,12
AC099782.1,lncRNA,0,1,0,0,1,6
AC099786.1,lncRNA,1,0,1,1,2,4
AC099786.2,lncRNA,2,2,14,4,39,42
AC099786.3,lncRNA,0,1,0,0,0,0
AC099788.1,lncRNA,0,0,1,0,1,2
AC099791.2,lncRNA,5,9,5,182,3,2
AC099791.3,lncRNA,0,0,0,5,4,2
AC099791.4,lncRNA,0,2,8,4,6,3
AC099792.1,lncRNA,3,4,2,6,26,18
AC099794.1,lncRNA,0,4,0,2,0,2
AC099795.1,lncRNA,0,1,0,1,3,2
AC099796.2,lncRNA,0,0,1,0,3,2
AC099811.1,lncRNA,0,0,0,0,1,1
AC099811.3,lncRNA,0,1,1,1,4,5
AC099811.4,lncRNA,1,0,0,0,0,0
AC099811.5,lncRNA,0,0,1,0,1,4
AC099845.1,lncRNA,1,2,3,3,9,9
AC099850.1,lncRNA,2,1,4,1,17,12
AC099850.3,lncRNA,0,2,0,0,0,2
AC100756.3,lncRNA,2,0,0,2,0,0
AC100763.1,lncRNA,0,0,2,0,0,1
AC100768.1,lncRNA,0,0,0,0,1,0
AC100774.1,lncRNA,0,0,0,0,2,2
AC100775.1,lncRNA,0,0,0,0,0,1
AC100778.1,lncRNA,0,0,0,2,2,3
AC100778.2,lncRNA,2,5,0,1,7,7
AC100778.3,lncRNA,0,0,1,0,3,4
AC100778.4,lncRNA,0,0,0,3,0,1
AC100779.1,lncRNA,0,2,0,1,8,10
AC100781.1,lncRNA,0,0,1,1,5,4
AC100782.1,lncRNA,0,0,0,0,1,4
AC100786.1,lncRNA,0,0,1,0,2,0
AC100788.1,lncRNA,1,1,2,3,4,3
AC100791.1,lncRNA,4,4,1,1,11,10
AC100791.2,lncRNA,1,0,0,1,1,3
AC100791.3,lncRNA,0,0,0,0,1,1
AC100793.2,lncRNA,1,3,2,2,11,16
AC100793.3,lncRNA,3,1,1,2,4,2
AC100793.4,lncRNA,0,0,0,1,0,0
AC100797.4,lncRNA,4,3,6,2,26,18
AC100800.1,lncRNA,5,4,2,6,4,7
AC100801.1,lncRNA,1,10,1,3,7,7
AC100801.2,lncRNA,0,0,2,0,2,4
AC100802.1,lncRNA,2,1,2,1,2,1
AC100803.2,lncRNA,0,0,2,7,7,7
AC100803.3,lncRNA,0,1,2,2,10,12
AC100803.4,lncRNA,4,6,7,8,23,17
AC100805.1,lncRNA,1,3,2,6,6,8
AC100807.2,lncRNA,0,0,0,0,3,2
AC100808.1,lncRNA,0,0,1,0,1,1
AC100810.1,lncRNA,2,4,2,1,10,8
AC100810.3,lncRNA,2,2,1,4,18,8
AC100810.7,lncRNA,0,2,0,0,11,11
AC100812.1,lncRNA,2,0,0,0,0,2
AC100814.1,lncRNA,0,0,0,0,1,4
AC100821.2,lncRNA,0,0,1,0,0,1
AC100822.1,lncRNA,0,0,1,0,4,2
AC100823.1,lncRNA,0,0,0,0,2,1
AC100825.1,lncRNA,3,0,1,0,3,3
AC100826.1,lncRNA,0,0,1,0,1,1
AC100827.3,lncRNA,0,0,0,0,2,2
AC100827.4,lncRNA,0,0,2,1,5,4
AC100830.1,lncRNA,0,2,0,0,3,9
AC100830.3,lncRNA,3,0,0,0,7,3
AC100832.2,lncRNA,1,0,3,2,9,12
AC100834.2,lncRNA,0,0,0,2,1,0
AC100835.1,lncRNA,5,24,9,7,42,34
AC100835.2,lncRNA,0,0,0,0,1,0
AC100836.1,lncRNA,0,0,0,0,6,6
AC100839.1,lncRNA,2,0,0,0,2,0
AC100843.1,lncRNA,0,0,1,0,1,0
AC100844.1,lncRNA,0,0,1,2,2,1
AC100847.1,lncRNA,0,0,0,2,0,0
AC100849.1,lncRNA,0,0,2,2,2,1
AC100849.2,lncRNA,0,1,2,4,10,5
AC100858.1,lncRNA,0,0,0,0,2,4
AC100858.2,lncRNA,3,7,3,7,12,12
AC100858.3,lncRNA,1,0,0,0,2,4
AC100860.1,lncRNA,1,2,0,0,3,5
AC100861.1,lncRNA,1,8,3,5,35,41
AC100861.2,lncRNA,0,0,0,3,29,35
AC100863.1,lncRNA,0,0,0,1,0,1
AC100872.2,lncRNA,0,0,0,0,0,5
AC102797.1,lncRNA,1,1,1,1,4,4
AC102941.1,lncRNA,0,2,2,1,1,3
AC102941.2,lncRNA,4,5,8,8,50,27
AC102945.1,lncRNA,0,1,0,0,1,1
AC102953.1,lncRNA,1,0,1,3,11,5
AC102953.2,lncRNA,3,3,3,11,13,16
AC103409.1,lncRNA,0,1,0,2,1,3
AC103563.2,lncRNA,0,0,0,0,4,5
AC103563.7,lncRNA,0,1,1,0,3,4
AC103563.9,lncRNA,2,3,0,1,8,4
AC103564.1,lncRNA,0,1,1,2,11,9
AC103591.4,lncRNA,1,2,1,4,11,7
AC103681.1,lncRNA,0,0,0,0,1,1
AC103681.2,lncRNA,0,0,2,1,0,1
AC103691.1,lncRNA,1,9,12,10,0,0
AC103691.2,lncRNA,1,0,0,0,1,1
AC103702.1,lncRNA,14,10,8,9,33,33
AC103702.2,lncRNA,9,9,9,11,35,36
AC103703.1,lncRNA,0,0,0,0,2,3
AC103706.1,lncRNA,0,0,0,0,4,1
AC103718.1,lncRNA,6,7,13,13,75,78
AC103719.1,lncRNA,0,4,2,2,12,8
AC103724.3,lncRNA,5,2,4,5,24,12
AC103726.1,lncRNA,0,0,0,0,1,0
AC103739.1,lncRNA,0,1,0,1,0,1
AC103739.2,lncRNA,0,0,0,0,1,1
AC103739.3,lncRNA,3,1,1,3,5,2
AC103740.1,lncRNA,7,2,10,7,42,54
AC103740.2,lncRNA,0,0,2,1,4,3
AC103746.1,lncRNA,4,6,19,19,37,37
AC103758.1,lncRNA,4,7,4,7,15,14
AC103760.1,lncRNA,4,10,2,5,9,6
AC103764.1,lncRNA,0,1,1,0,2,2
AC103769.1,lncRNA,0,0,0,1,0,1
AC103770.1,lncRNA,0,0,1,1,4,1
AC103796.1,lncRNA,0,0,0,0,1,1
AC103808.1,lncRNA,1,2,4,2,25,23
AC103808.2,lncRNA,0,1,0,0,1,2
AC103808.3,lncRNA,0,0,1,1,2,5
AC103808.4,lncRNA,2,1,3,0,5,4
AC103808.5,lncRNA,0,0,0,0,1,1
AC103808.6,lncRNA,0,0,1,0,1,0
AC103809.1,lncRNA,0,2,1,3,3,3
AC103810.2,lncRNA,0,0,0,0,1,1
AC103810.5,lncRNA,0,1,0,1,2,4
AC103831.1,lncRNA,0,0,0,1,2,5
AC103833.2,lncRNA,0,2,0,0,2,1
AC103843.1,lncRNA,0,0,0,1,1,0
AC103853.1,lncRNA,1,0,1,0,2,1
AC103855.1,lncRNA,0,2,0,0,2,0
AC103855.2,lncRNA,6,8,5,6,8,9
AC103855.3,lncRNA,0,0,2,0,1,1
AC103858.1,lncRNA,0,2,0,1,0,0
AC103858.2,lncRNA,0,0,0,1,3,2
AC103858.3,lncRNA,1,7,3,10,10,8
AC103871.1,lncRNA,1,1,1,0,4,7
AC103874.1,lncRNA,2,0,0,0,1,0
AC103876.1,lncRNA,0,7,0,2,1,4
AC103923.1,lncRNA,1,0,4,5,8,11
AC103925.1,lncRNA,0,0,0,0,1,2
AC103955.1,lncRNA,0,1,0,0,1,1
AC103957.1,lncRNA,0,0,0,1,3,1
AC103974.1,lncRNA,2,6,8,3,63,48
AC103974.2,lncRNA,0,3,2,1,4,3
AC103987.2,lncRNA,0,0,0,0,1,1
AC103993.1,lncRNA,1,0,1,0,2,1
AC103996.2,lncRNA,2,3,0,0,3,2
AC103996.3,lncRNA,0,0,1,0,1,0
AC104002.1,lncRNA,0,0,0,1,0,0
AC104002.2,lncRNA,0,0,0,0,0,1
AC104002.3,lncRNA,1,2,2,3,6,4
AC104009.1,lncRNA,2,2,1,3,8,5
AC104012.1,lncRNA,0,0,0,0,2,2
AC104024.1,lncRNA,2,0,3,1,14,13
AC104024.2,lncRNA,2,3,2,3,5,7
AC104024.3,lncRNA,1,0,1,1,2,1
AC104024.4,lncRNA,2,3,1,1,14,22
AC104031.1,lncRNA,1,0,0,3,0,2
AC104041.1,lncRNA,3,9,6,9,20,30
AC104051.1,lncRNA,1,0,6,0,13,15
AC104051.2,lncRNA,1,1,0,1,3,3
AC104063.1,lncRNA,0,1,1,0,1,1
AC104066.3,lncRNA,11,6,0,1,3,3
AC104066.4,lncRNA,3,1,24,18,2,5
AC104071.1,lncRNA,2,1,0,1,5,10
AC104072.1,lncRNA,0,0,0,0,2,0
AC104073.4,lncRNA,0,0,0,0,2,0
AC104076.1,lncRNA,0,3,2,0,1,2
AC104078.1,lncRNA,121,7,6,2,83,12
AC104083.1,lncRNA,4,1,0,1,1,1
AC104088.1,lncRNA,0,0,1,3,6,3
AC104088.2,lncRNA,0,5,0,1,1,6
AC104088.3,lncRNA,2,1,2,1,4,4
AC104109.2,lncRNA,2,3,3,0,10,5
AC104109.4,lncRNA,0,2,0,0,2,2
AC104116.1,lncRNA,0,0,0,2,0,0
AC104117.3,lncRNA,0,0,5,0,1,0
AC104118.1,lncRNA,3,5,0,0,3,4
AC104119.1,lncRNA,0,0,0,0,3,0
AC104123.1,lncRNA,1,4,1,2,1,1
AC104126.1,lncRNA,0,0,0,2,1,1
AC104129.1,lncRNA,6,5,3,3,20,29
AC104134.1,lncRNA,1,1,2,0,2,2
AC104135.1,lncRNA,1,1,1,1,20,22
AC104137.1,lncRNA,0,0,0,0,4,2
AC104167.1,lncRNA,0,0,0,0,0,1
AC104169.1,lncRNA,0,0,1,0,1,1
AC104170.1,lncRNA,0,0,0,0,0,3
AC104187.1,lncRNA,1,0,4,1,2,6
AC104211.1,lncRNA,10,5,21,12,211,229
AC104211.3,lncRNA,0,1,2,0,0,2
AC104232.1,lncRNA,2,2,3,3,8,12
AC104232.2,lncRNA,0,2,2,0,1,2
AC104232.3,lncRNA,1,1,1,1,4,2
AC104237.1,lncRNA,0,0,0,0,2,1
AC104237.2,lncRNA,0,0,0,0,5,0
AC104248.1,lncRNA,0,2,1,3,12,12
AC104257.1,lncRNA,0,0,0,0,1,3
AC104260.1,lncRNA,2,1,0,1,6,2
AC104260.3,lncRNA,6,4,5,2,49,42
AC104304.3,lncRNA,0,0,0,0,3,0
AC104316.1,lncRNA,0,0,0,2,1,0
AC104316.2,lncRNA,0,0,1,0,1,1
AC104333.4,lncRNA,5,9,5,7,78,102
AC104335.1,lncRNA,0,4,2,0,5,8
AC104335.2,lncRNA,0,0,0,1,1,1
AC104365.1,lncRNA,0,2,2,0,1,1
AC104365.2,lncRNA,1,0,1,0,2,2
AC104370.1,lncRNA,2,0,1,8,9,5
AC104383.1,lncRNA,0,1,2,0,4,3
AC104389.2,lncRNA,0,0,0,0,3,0
AC104393.1,lncRNA,3,1,1,2,16,15
AC104407.1,lncRNA,1,0,2,3,5,6
AC104411.1,lncRNA,0,0,0,0,2,1
AC104417.2,lncRNA,2,1,2,2,6,12
AC104423.1,lncRNA,0,0,0,1,0,0
AC104435.2,lncRNA,0,0,0,1,1,3
AC104445.1,lncRNA,0,1,0,1,2,5
AC104451.2,lncRNA,0,0,0,0,15,9
AC104453.1,lncRNA,4,3,18,18,11,12
AC104454.2,lncRNA,0,0,0,0,2,1
AC104458.1,lncRNA,1,0,0,0,0,2
AC104459.1,lncRNA,0,0,0,1,3,2
AC104461.1,lncRNA,9,26,14,14,19,15
AC104462.1,lncRNA,0,0,1,0,3,1
AC104462.2,lncRNA,1,0,0,0,1,1
AC104463.1,lncRNA,0,0,0,0,1,0
AC104463.2,lncRNA,0,0,0,0,0,2
AC104472.1,lncRNA,0,0,0,0,2,2
AC104472.4,lncRNA,2,3,1,0,4,2
AC104472.5,lncRNA,0,1,3,1,0,1
AC104506.1,lncRNA,0,0,2,0,6,5
AC104521.1,lncRNA,1,0,0,0,5,6
AC104530.1,lncRNA,7,5,22,17,20,17
AC104532.2,lncRNA,0,1,0,2,4,1
AC104534.1,lncRNA,1,1,2,0,0,3
AC104561.1,lncRNA,0,6,1,1,1,2
AC104561.3,lncRNA,1,4,1,2,1,3
AC104561.4,lncRNA,0,0,1,1,4,6
AC104564.1,lncRNA,0,0,0,0,0,1
AC104564.2,lncRNA,0,0,0,0,3,4
AC104564.3,lncRNA,1,5,1,1,2,4
AC104564.4,lncRNA,1,1,0,1,9,3
AC104564.5,lncRNA,0,0,0,0,2,4
AC104574.1,lncRNA,6,5,10,7,35,50
AC104574.2,lncRNA,0,5,0,2,4,4
AC104590.1,lncRNA,2,2,2,1,10,10
AC104596.1,lncRNA,1,0,3,3,14,8
AC104619.2,lncRNA,0,0,0,0,0,1
AC104623.1,lncRNA,0,0,1,1,9,3
AC104633.1,lncRNA,1,0,0,0,0,1
AC104633.2,lncRNA,0,3,1,6,2,5
AC104634.1,lncRNA,0,1,0,0,0,0
AC104640.1,lncRNA,1,0,0,0,2,3
AC104653.1,lncRNA,13,10,7,4,24,24
AC104653.2,lncRNA,0,2,0,0,0,1
AC104656.1,lncRNA,2,2,0,1,10,8
AC104662.1,lncRNA,0,0,0,0,2,1
AC104664.1,lncRNA,1,0,2,0,3,4
AC104667.1,lncRNA,0,5,1,1,7,5
AC104667.2,lncRNA,0,1,1,9,7,6
AC104688.1,lncRNA,0,1,0,0,0,0
AC104689.2,lncRNA,0,0,0,2,8,7
AC104695.1,lncRNA,0,0,0,1,3,1
AC104695.2,lncRNA,0,0,0,2,2,2
AC104758.1,lncRNA,1,1,0,2,3,2
AC104758.3,lncRNA,0,0,0,0,0,1
AC104758.4,lncRNA,1,0,0,0,0,0
AC104770.1,lncRNA,0,0,0,0,2,0
AC104777.1,lncRNA,0,0,0,0,1,0
AC104777.2,lncRNA,3,0,1,2,1,1
AC104779.1,lncRNA,0,0,0,0,1,0
AC104781.1,lncRNA,0,2,0,1,2,1
AC104785.1,lncRNA,1,0,0,1,3,1
AC104790.1,lncRNA,0,0,2,1,1,2
AC104791.1,lncRNA,0,0,1,0,0,1
AC104793.1,lncRNA,1,1,2,0,2,2
AC104794.2,lncRNA,0,0,0,0,0,1
AC104794.3,lncRNA,1,2,2,6,8,9
AC104794.4,lncRNA,0,0,2,6,6,7
AC104794.5,lncRNA,0,0,0,0,1,1
AC104803.1,lncRNA,0,0,0,1,0,1
AC104806.2,lncRNA,7,3,1,3,10,12
AC104809.1,lncRNA,1,2,3,1,10,13
AC104819.3,lncRNA,0,0,0,0,1,0
AC104823.1,lncRNA,1,1,1,7,2,3
AC104825.1,lncRNA,1,1,1,4,8,10
AC104831.1,lncRNA,0,0,0,4,0,2
AC104836.1,lncRNA,0,0,0,10,0,1
AC104841.1,lncRNA,0,2,0,0,1,1
AC104850.2,lncRNA,0,0,0,0,3,3
AC104938.1,lncRNA,6,2,0,1,5,2
AC104958.1,lncRNA,1,2,3,5,8,12
AC104958.2,lncRNA,1,5,4,0,10,11
AC104961.1,lncRNA,0,0,2,2,4,6
AC104964.1,lncRNA,0,0,1,1,2,2
AC104964.2,lncRNA,1,1,3,2,13,10
AC104964.3,lncRNA,1,5,2,1,27,19
AC104971.1,lncRNA,1,0,3,14,6,9
AC104971.2,lncRNA,0,0,0,0,0,1
AC104982.2,lncRNA,0,5,0,2,0,0
AC104984.1,lncRNA,0,9,0,1,1,1
AC104984.3,lncRNA,0,0,0,2,0,0
AC104984.4,lncRNA,0,0,0,0,0,1
AC104984.5,lncRNA,1,0,0,1,1,2
AC104985.1,lncRNA,0,1,4,1,7,5
AC104985.2,lncRNA,0,0,2,2,3,2
AC104996.1,lncRNA,0,0,0,1,1,0
AC105001.1,lncRNA,3,0,1,4,8,11
AC105020.1,lncRNA,0,2,3,2,12,4
AC105020.2,lncRNA,15,18,44,24,616,586
AC105020.3,lncRNA,3,2,1,1,2,2
AC105020.4,lncRNA,0,0,1,1,2,1
AC105020.5,lncRNA,0,1,1,0,2,2
AC105020.6,lncRNA,3,6,6,6,13,10
AC105031.2,lncRNA,0,0,0,1,1,1
AC105036.3,lncRNA,0,1,0,0,1,0
AC105046.1,lncRNA,11,16,14,16,113,139
AC105046.2,lncRNA,6,1,5,14,12,19
AC105052.4,lncRNA,2,7,1,0,1,4
AC105052.5,lncRNA,1,1,5,3,2,4
AC105053.1,lncRNA,1,0,4,1,3,3
AC105094.1,lncRNA,2,6,1,1,0,0
AC105094.2,lncRNA,4,0,0,1,2,0
AC105101.2,lncRNA,2,3,6,1,8,10
AC105105.1,lncRNA,1,1,2,2,2,2
AC105105.2,lncRNA,0,0,0,0,1,2
AC105105.3,lncRNA,0,0,0,0,6,5
AC105105.4,lncRNA,3,1,1,5,27,13
AC105114.2,lncRNA,0,0,2,0,5,4
AC105118.1,lncRNA,0,1,0,1,2,0
AC105133.1,lncRNA,0,0,0,2,2,5
AC105137.2,lncRNA,5,3,12,6,50,52
AC105150.1,lncRNA,3,2,1,6,2,4
AC105177.1,lncRNA,0,0,0,1,0,0
AC105180.2,lncRNA,0,1,1,1,2,2
AC105206.1,lncRNA,0,1,2,1,4,3
AC105206.2,lncRNA,1,0,0,0,12,7
AC105206.3,lncRNA,1,8,2,2,7,7
AC105213.1,lncRNA,1,2,1,1,7,9
AC105219.1,lncRNA,0,0,4,1,2,3
AC105219.3,lncRNA,4,4,1,3,5,7
AC105227.1,lncRNA,0,0,0,0,1,0
AC105230.1,lncRNA,0,0,0,0,6,1
AC105233.4,lncRNA,3,8,3,10,14,10
AC105254.1,lncRNA,4,7,0,3,11,8
AC105265.2,lncRNA,0,0,0,0,1,1
AC105265.3,lncRNA,0,0,0,0,1,1
AC105271.1,lncRNA,6,0,0,1,1,0
AC105275.1,lncRNA,0,0,0,0,1,1
AC105275.2,lncRNA,0,0,0,0,2,2
AC105285.1,lncRNA,4,5,13,9,27,22
AC105290.1,lncRNA,2,0,0,0,1,2
AC105328.1,lncRNA,4,4,15,3,17,12
AC105339.2,lncRNA,24,15,12,8,38,34
AC105339.3,lncRNA,0,1,0,1,1,0
AC105339.6,lncRNA,2,2,1,1,4,4
AC105343.1,lncRNA,0,0,0,0,2,1
AC105343.2,lncRNA,0,1,0,2,2,2
AC105345.1,lncRNA,5,6,2,4,14,11
AC105345.2,lncRNA,1,0,2,1,5,3
AC105362.1,lncRNA,0,0,0,0,1,3
AC105383.1,lncRNA,5,6,1,5,21,22
AC105384.1,lncRNA,0,0,1,2,1,1
AC105389.1,lncRNA,0,0,0,2,1,1
AC105389.2,lncRNA,0,0,0,0,0,1
AC105390.1,lncRNA,1,0,3,1,5,6
AC105393.1,lncRNA,2,4,3,3,4,3
AC105393.2,lncRNA,0,0,1,1,0,1
AC105398.1,lncRNA,2,0,0,1,4,5
AC105402.1,lncRNA,8,1,22,9,70,45
AC105411.1,lncRNA,5,16,5,7,14,17
AC105415.1,lncRNA,22,9,1,7,33,10
AC105429.1,lncRNA,6,1,5,5,13,12
AC105430.1,lncRNA,0,0,0,0,1,0
AC105445.1,lncRNA,0,6,21,4,0,1
AC105450.1,lncRNA,2,0,2,1,10,10
AC105460.1,lncRNA,0,0,2,0,4,2
AC105460.2,lncRNA,0,0,0,0,1,2
AC105760.1,lncRNA,1,0,0,2,5,4
AC105916.1,lncRNA,0,0,0,0,4,2
AC105924.1,lncRNA,0,0,1,0,0,1
AC105935.1,lncRNA,2,4,3,1,4,4
AC105935.2,lncRNA,0,1,1,1,3,2
AC105940.1,lncRNA,3,3,5,7,1,1
AC105940.2,lncRNA,0,0,3,3,11,8
AC105941.1,lncRNA,0,0,0,0,0,2
AC105999.1,lncRNA,1,1,2,3,7,3
AC106017.1,lncRNA,0,0,1,0,1,1
AC106017.2,lncRNA,0,1,0,1,3,2
AC106028.2,lncRNA,0,0,0,0,0,1
AC106028.3,lncRNA,3,0,0,1,1,2
AC106028.4,lncRNA,0,0,0,1,4,4
AC106037.2,lncRNA,0,1,0,0,0,0
AC106037.3,lncRNA,0,0,0,0,2,1
AC106038.1,lncRNA,5,6,10,10,17,16
AC106045.1,lncRNA,0,0,1,0,2,3
AC106052.1,lncRNA,0,0,0,1,0,0
AC106706.1,lncRNA,7,7,3,3,6,9
AC106706.2,lncRNA,0,0,0,0,0,2
AC106707.1,lncRNA,1,2,1,0,3,5
AC106712.1,lncRNA,1,2,0,1,1,2
AC106719.1,lncRNA,0,0,5,1,0,0
AC106729.1,lncRNA,0,0,0,0,1,1
AC106730.1,lncRNA,0,0,0,0,0,1
AC106736.1,lncRNA,5,3,5,2,4,5
AC106738.1,lncRNA,1,0,0,0,6,2
AC106738.2,lncRNA,4,1,4,1,14,10
AC106739.1,lncRNA,0,0,3,1,8,6
AC106742.1,lncRNA,0,0,0,0,1,1
AC106743.1,lncRNA,1,0,1,2,8,2
AC106744.1,lncRNA,0,2,1,0,3,3
AC106744.2,lncRNA,0,2,0,0,3,0
AC106745.1,lncRNA,0,0,0,0,1,1
AC106754.1,lncRNA,0,0,0,0,3,1
AC106771.1,lncRNA,0,0,0,1,0,0
AC106772.1,lncRNA,0,0,1,0,4,1
AC106772.2,lncRNA,1,3,4,2,57,53
AC106779.1,lncRNA,5,1,5,3,8,7
AC106782.5,lncRNA,0,0,1,2,2,2
AC106785.2,lncRNA,0,0,0,0,2,2
AC106786.1,lncRNA,9,8,19,11,16,12
AC106791.1,lncRNA,4,14,5,9,21,22
AC106791.2,lncRNA,0,0,0,0,1,0
AC106793.1,lncRNA,2,3,1,5,14,10
AC106795.2,lncRNA,11,21,8,15,27,38
AC106795.3,lncRNA,1,1,4,2,7,6
AC106795.5,lncRNA,0,0,0,1,0,0
AC106796.1,lncRNA,0,0,0,0,2,0
AC106798.1,lncRNA,0,1,0,0,1,4
AC106799.1,lncRNA,3,0,3,1,8,9
AC106799.2,lncRNA,2,0,0,1,7,6
AC106799.3,lncRNA,3,7,5,4,9,11
AC106801.1,lncRNA,1,0,1,6,2,5
AC106818.2,lncRNA,0,4,0,2,3,3
AC106820.2,lncRNA,9,12,16,8,33,24
AC106820.3,lncRNA,0,1,2,2,0,2
AC106820.4,lncRNA,8,7,16,8,32,24
AC106820.5,lncRNA,0,0,1,0,2,3
AC106820.6,lncRNA,0,0,1,1,10,6
AC106821.1,lncRNA,0,0,3,1,4,1
AC106821.2,lncRNA,0,0,0,1,4,5
AC106822.1,lncRNA,0,0,0,0,0,1
AC106845.1,lncRNA,5,2,8,4,29,24
AC106864.1,lncRNA,3,5,1,3,0,0
AC106865.2,lncRNA,1,0,0,0,2,1
AC106870.1,lncRNA,0,0,0,0,0,2
AC106870.2,lncRNA,0,0,0,1,1,2
AC106870.3,lncRNA,0,0,0,0,1,1
AC106871.1,lncRNA,0,1,0,0,5,3
AC106872.12,lncRNA,2,4,1,2,3,7
AC106872.9,lncRNA,0,3,1,0,4,8
AC106873.1,lncRNA,0,0,0,0,1,1
AC106874.1,lncRNA,0,0,0,1,2,4
AC106875.1,lncRNA,0,1,2,2,2,2
AC106876.1,lncRNA,0,0,0,0,4,4
AC106881.1,lncRNA,2,6,4,5,31,27
AC106882.1,lncRNA,2,2,1,0,3,6
AC106886.2,lncRNA,1,2,2,1,5,5
AC106886.3,lncRNA,0,0,0,0,2,1
AC106892.1,lncRNA,0,2,1,2,0,0
AC106894.1,lncRNA,0,0,1,0,3,1
AC106895.1,lncRNA,52,129,112,95,773,1222
AC106895.2,lncRNA,4,1,1,2,9,7
AC106897.1,lncRNA,7,8,3,6,22,25
AC106900.1,lncRNA,1,2,1,0,0,1
AC107021.1,lncRNA,1,0,2,0,2,1
AC107021.2,lncRNA,2,4,0,2,6,9
AC107023.1,lncRNA,0,0,0,0,0,1
AC107027.1,lncRNA,0,0,1,1,5,3
AC107027.3,lncRNA,2,1,1,1,7,3
AC107029.1,lncRNA,1,3,2,2,5,5
AC107029.2,lncRNA,8,5,11,23,111,192
AC107031.1,lncRNA,0,0,1,0,1,1
AC107032.3,lncRNA,0,0,0,4,1,1
AC107050.1,lncRNA,1,0,0,1,1,2
AC107057.1,lncRNA,0,1,4,1,2,2
AC107067.1,lncRNA,1,2,1,0,3,4
AC107067.2,lncRNA,0,1,0,0,1,1
AC107068.1,lncRNA,5,1,0,0,9,4
AC107068.2,lncRNA,1,4,0,3,2,3
AC107071.1,lncRNA,0,0,0,0,4,6
AC107072.1,lncRNA,0,0,0,0,0,1
AC107074.1,lncRNA,2,8,1,3,6,2
AC107079.1,lncRNA,0,0,0,1,1,1
AC107081.1,lncRNA,2,1,0,0,1,4
AC107081.3,lncRNA,0,3,2,0,0,1
AC107208.1,lncRNA,0,1,5,0,1,3
AC107214.1,lncRNA,3,3,2,4,4,5
AC107220.1,lncRNA,0,0,0,4,1,0
AC107222.2,lncRNA,1,3,2,12,38,26
AC107223.1,lncRNA,26,55,20,43,45,55
AC107241.1,lncRNA,0,0,0,1,3,1
AC107294.1,lncRNA,0,0,0,0,1,2
AC107294.2,lncRNA,3,5,2,4,8,13
AC107294.3,lncRNA,0,0,0,0,0,1
AC107294.4,lncRNA,0,0,2,6,3,3
AC107302.2,lncRNA,0,0,0,0,2,2
AC107373.1,lncRNA,0,1,1,0,2,4
AC107373.2,lncRNA,0,0,1,1,5,3
AC107373.3,lncRNA,1,1,3,8,11,8
AC107375.1,lncRNA,1,2,0,3,8,12
AC107391.1,lncRNA,0,2,1,1,2,3
AC107398.3,lncRNA,3,15,18,19,47,63
AC107398.4,lncRNA,0,0,2,2,5,4
AC107398.5,lncRNA,1,1,3,4,2,4
AC107419.1,lncRNA,0,3,2,3,17,21
AC107463.1,lncRNA,0,0,1,2,2,1
AC107464.1,lncRNA,0,0,0,1,3,3
AC107464.2,lncRNA,1,2,1,1,3,2
AC107871.2,lncRNA,1,1,2,1,3,1
AC107881.1,lncRNA,0,1,1,0,3,8
AC107882.1,lncRNA,1,4,0,1,7,1
AC107884.1,lncRNA,10,21,17,19,42,37
AC107884.2,lncRNA,0,0,0,0,1,4
AC107886.1,lncRNA,0,1,0,1,0,0
AC107892.1,lncRNA,2,1,6,1,44,40
AC107896.1,lncRNA,0,1,2,0,3,3
AC107905.1,lncRNA,2,0,0,0,1,0
AC107909.1,lncRNA,2,0,4,0,1,1
AC107909.2,lncRNA,0,4,0,0,0,0
AC107918.5,lncRNA,0,0,0,0,0,1
AC107918.6,lncRNA,1,1,0,0,1,1
AC107926.1,lncRNA,1,5,2,2,1,1
AC107952.2,lncRNA,0,0,0,0,0,1
AC107953.2,lncRNA,0,0,0,0,1,2
AC107958.2,lncRNA,2,4,0,0,0,0
AC107958.3,lncRNA,0,0,0,0,4,2
AC107959.1,lncRNA,6,5,10,5,29,29
AC107959.2,lncRNA,3,3,3,5,16,17
AC107959.3,lncRNA,0,0,0,0,0,1
AC107959.4,lncRNA,1,1,5,7,7,12
AC107976.1,lncRNA,1,4,1,1,9,10
AC107980.1,lncRNA,0,4,1,1,16,13
AC107982.2,lncRNA,0,0,0,8,1,0
AC107982.3,lncRNA,2,0,0,0,1,1
AC107993.1,lncRNA,2,6,1,1,2,3
AC108002.1,lncRNA,1,3,1,1,6,9
AC108002.2,lncRNA,0,0,0,0,3,2
AC108010.1,lncRNA,2,1,2,2,2,2
AC108019.2,lncRNA,3,2,1,2,20,16
AC108021.1,lncRNA,0,1,0,0,0,1
AC108025.1,lncRNA,0,0,0,4,5,4
AC108046.1,lncRNA,0,0,1,2,1,1
AC108047.1,lncRNA,3,5,0,0,8,5
AC108050.1,lncRNA,1,1,2,4,16,13
AC108051.1,lncRNA,0,0,0,0,1,0
AC108052.1,lncRNA,2,0,1,1,1,2
AC108053.1,lncRNA,5,1,0,5,7,9
AC108057.1,lncRNA,0,0,0,0,2,1
AC108058.1,lncRNA,1,0,1,2,10,10
AC108063.2,lncRNA,1,1,3,1,6,6
AC108066.1,lncRNA,0,0,0,0,0,1
AC108066.2,lncRNA,7,5,9,12,35,34
AC108067.1,lncRNA,0,1,0,3,1,1
AC108073.3,lncRNA,8,17,4,4,9,10
AC108075.1,lncRNA,0,0,1,0,2,2
AC108097.1,lncRNA,2,0,0,0,0,0
AC108099.1,lncRNA,1,9,0,4,3,4
AC108102.1,lncRNA,0,0,1,1,2,2
AC108105.1,lncRNA,1,5,11,9,3,6
AC108112.1,lncRNA,1,0,1,0,3,3
AC108125.1,lncRNA,0,0,0,1,1,0
AC108134.1,lncRNA,10,3,11,5,110,101
AC108134.2,lncRNA,54,16,182,24,70,79
AC108134.3,lncRNA,3,3,5,7,23,34
AC108134.4,lncRNA,1,0,0,0,2,2
AC108136.1,lncRNA,3,0,0,0,1,0
AC108142.1,lncRNA,0,2,0,2,4,2
AC108156.1,lncRNA,0,3,0,0,0,1
AC108159.1,lncRNA,0,0,0,0,1,1
AC108168.1,lncRNA,0,0,0,3,0,0
AC108169.1,lncRNA,2,1,1,5,10,11
AC108174.1,lncRNA,0,0,0,0,1,0
AC108199.1,lncRNA,0,0,1,1,0,0
AC108206.1,lncRNA,4,1,1,1,15,10
AC108210.1,lncRNA,1,1,1,2,3,7
AC108448.3,lncRNA,3,2,4,1,14,12
AC108449.1,lncRNA,1,0,0,0,1,1
AC108449.2,lncRNA,3,10,3,2,66,56
AC108449.3,lncRNA,0,0,1,0,0,2
AC108451.1,lncRNA,0,0,0,2,2,3
AC108451.2,lncRNA,0,0,3,0,1,1
AC108452.1,lncRNA,2,0,0,2,5,1
AC108457.1,lncRNA,0,2,3,5,2,2
AC108462.1,lncRNA,0,0,0,3,2,3
AC108463.2,lncRNA,0,0,0,0,1,1
AC108463.3,lncRNA,0,0,0,0,2,0
AC108467.1,lncRNA,0,0,0,0,1,0
AC108471.2,lncRNA,2,2,2,11,12,23
AC108471.3,lncRNA,0,5,0,1,2,1
AC108472.1,lncRNA,2,0,2,1,3,2
AC108477.1,lncRNA,0,0,1,0,1,1
AC108477.2,lncRNA,0,3,0,0,1,1
AC108479.1,lncRNA,1,2,4,1,15,8
AC108482.1,lncRNA,4,3,0,2,2,6
AC108482.2,lncRNA,0,0,0,0,1,2
AC108488.1,lncRNA,0,0,0,0,1,2
AC108488.3,lncRNA,4,7,4,5,26,17
AC108515.1,lncRNA,0,0,0,0,0,4
AC108516.1,lncRNA,0,0,0,1,1,1
AC108516.2,lncRNA,9,17,3,6,3,3
AC108517.2,lncRNA,0,0,0,0,3,2
AC108519.1,lncRNA,4,2,8,6,43,40
AC108667.2,lncRNA,0,2,0,0,7,8
AC108673.2,lncRNA,0,0,0,0,4,1
AC108673.3,lncRNA,0,0,0,2,1,1
AC108676.1,lncRNA,4,5,1,6,8,7
AC108681.1,lncRNA,0,0,1,0,1,4
AC108690.1,lncRNA,58,401,186,258,137,225
AC108693.2,lncRNA,6,4,2,22,2,4
AC108704.1,lncRNA,0,0,0,1,6,4
AC108718.1,lncRNA,0,1,0,2,0,1
AC108721.1,lncRNA,0,0,0,0,1,1
AC108721.2,lncRNA,2,7,2,8,12,10
AC108727.2,lncRNA,0,0,0,0,2,1
AC108733.1,lncRNA,0,5,2,0,9,4
AC108734.3,lncRNA,1,1,2,1,5,2
AC108747.1,lncRNA,0,0,0,0,0,1
AC108749.1,lncRNA,2,9,9,5,37,37
AC108751.3,lncRNA,0,0,0,1,1,2
AC108752.1,lncRNA,7,15,250,17,100,100
AC108860.2,lncRNA,6,6,11,3,30,25
AC108861.1,lncRNA,0,0,1,2,3,1
AC108863.1,lncRNA,0,3,0,1,1,1
AC108865.2,lncRNA,0,0,0,0,2,2
AC108868.1,lncRNA,0,0,0,0,1,1
AC108868.2,lncRNA,3,2,0,0,3,2
AC108879.1,lncRNA,0,1,1,2,1,3
AC108925.1,lncRNA,1,7,4,5,5,12
AC108935.1,lncRNA,0,0,0,0,6,10
AC109129.1,lncRNA,0,4,1,0,3,1
AC109131.1,lncRNA,1,0,0,0,2,1
AC109133.1,lncRNA,3,2,3,1,18,9
AC109136.1,lncRNA,1,0,1,1,15,12
AC109309.1,lncRNA,0,2,3,3,8,5
AC109322.1,lncRNA,1,2,7,1,16,14
AC109322.2,lncRNA,4,4,6,6,35,38
AC109347.1,lncRNA,0,2,1,1,5,9
AC109347.2,lncRNA,0,0,0,1,0,0
AC109349.1,lncRNA,1,0,0,0,4,2
AC109361.1,lncRNA,1,1,0,0,7,5
AC109361.2,lncRNA,0,0,1,2,4,2
AC109439.1,lncRNA,1,0,0,1,3,1
AC109441.1,lncRNA,1,1,2,0,34,22
AC109446.2,lncRNA,0,0,3,0,0,1
AC109449.1,lncRNA,0,2,2,2,3,6
AC109454.2,lncRNA,0,2,3,3,68,53
AC109454.3,lncRNA,0,0,2,3,7,5
AC109458.2,lncRNA,0,9,0,0,0,2
AC109460.1,lncRNA,2,3,2,3,10,10
AC109460.2,lncRNA,5,12,1,6,5,8
AC109460.3,lncRNA,6,3,5,3,23,22
AC109462.1,lncRNA,0,0,0,0,1,0
AC109462.2,lncRNA,1,2,2,3,5,2
AC109462.3,lncRNA,0,0,0,1,1,0
AC109464.1,lncRNA,0,0,0,0,2,0
AC109464.2,lncRNA,0,0,0,0,0,1
AC109466.1,lncRNA,86,47,242,89,782,820
AC109472.1,lncRNA,0,0,0,0,1,0
AC109479.1,lncRNA,0,0,0,0,2,2
AC109479.3,lncRNA,0,0,0,0,1,2
AC109492.1,lncRNA,0,0,1,0,1,2
AC109495.1,lncRNA,0,0,0,8,1,8
AC109517.1,lncRNA,1,1,1,0,1,3
AC109583.4,lncRNA,2,1,1,2,8,6
AC109587.1,lncRNA,1,2,1,2,10,5
AC109597.1,lncRNA,1,2,2,1,3,1
AC109597.2,lncRNA,0,1,1,0,2,2
AC109630.1,lncRNA,4,12,6,11,26,32
AC109635.4,lncRNA,22,17,24,16,26,29
AC109635.5,lncRNA,0,0,0,0,2,1
AC109642.1,lncRNA,0,0,1,0,4,1
AC109782.1,lncRNA,8,4,8,5,55,35
AC109809.1,lncRNA,0,0,0,0,0,1
AC109811.1,lncRNA,1,0,0,2,6,5
AC109824.1,lncRNA,0,0,0,0,1,1
AC109925.1,lncRNA,0,1,1,2,3,6
AC109927.1,lncRNA,0,0,0,0,3,2
AC109992.2,lncRNA,1,0,0,1,1,0
AC110011.1,lncRNA,1,1,0,3,7,8
AC110014.1,lncRNA,0,0,0,0,1,1
AC110015.1,lncRNA,0,0,0,0,1,1
AC110023.1,lncRNA,1,0,1,0,0,1
AC110048.2,lncRNA,1,4,5,6,14,13
AC110058.1,lncRNA,4,3,5,4,10,4
AC110285.1,lncRNA,5,5,5,3,19,17
AC110285.2,lncRNA,14,31,16,13,133,193
AC110285.3,lncRNA,2,101,5,5,43,96
AC110285.4,lncRNA,0,1,1,0,1,1
AC110285.5,lncRNA,1,0,0,4,6,4
AC110288.1,lncRNA,1,0,1,0,2,0
AC110296.1,lncRNA,0,0,0,1,1,0
AC110491.1,lncRNA,3,4,2,2,2,4
AC110491.3,lncRNA,0,0,0,0,5,4
AC110597.1,lncRNA,0,1,3,1,8,5
AC110597.3,lncRNA,2,1,2,1,12,17
AC110603.1,lncRNA,0,2,0,0,0,0
AC110609.1,lncRNA,1,0,0,0,1,6
AC110611.1,lncRNA,2,4,4,2,48,54
AC110611.2,lncRNA,0,0,1,2,9,7
AC110614.1,lncRNA,2,2,2,1,2,3
AC110615.1,lncRNA,5,3,2,3,4,6
AC110619.1,lncRNA,8,7,13,15,18,14
AC110620.2,lncRNA,7,3,4,5,54,74
AC110716.1,lncRNA,0,1,0,0,0,0
AC110716.2,lncRNA,2,2,2,2,4,6
AC110741.1,lncRNA,1,0,0,0,2,2
AC110760.1,lncRNA,0,0,0,0,0,1
AC110769.1,lncRNA,0,0,0,1,3,2
AC110769.2,lncRNA,0,1,0,0,3,4
AC110772.1,lncRNA,2,3,5,1,7,5
AC110772.2,lncRNA,1,0,3,4,7,6
AC110790.1,lncRNA,2,0,0,0,3,0
AC110792.2,lncRNA,0,0,2,0,1,2
AC110792.4,lncRNA,0,2,2,3,3,6
AC110795.1,lncRNA,2,4,6,2,2,2
AC110800.1,lncRNA,0,1,0,0,1,1
AC110809.1,lncRNA,0,8,3,12,2,6
AC110813.1,lncRNA,3,4,5,5,30,24
AC110921.1,lncRNA,0,0,0,0,0,1
AC110926.1,lncRNA,5,1,0,6,4,1
AC110992.1,lncRNA,1,0,0,0,5,2
AC110995.1,lncRNA,1,1,1,0,5,5
AC111000.4,lncRNA,6,3,13,1,25,28
AC111006.1,lncRNA,2,2,5,1,13,12
AC111149.1,lncRNA,0,1,1,2,6,5
AC111149.2,lncRNA,2,2,2,0,5,6
AC111152.2,lncRNA,0,0,0,0,1,1
AC111170.1,lncRNA,0,0,0,1,3,2
AC111170.2,lncRNA,0,1,0,0,1,1
AC111182.1,lncRNA,5,6,8,9,25,26
AC111182.2,lncRNA,1,0,1,0,3,2
AC111194.1,lncRNA,0,1,1,0,2,1
AC111194.2,lncRNA,0,0,0,0,0,2
AC111197.1,lncRNA,0,0,1,4,6,1
AC111198.1,lncRNA,0,0,0,5,0,1
AC112172.2,lncRNA,2,0,1,0,3,1
AC112176.1,lncRNA,4,6,5,3,24,24
AC112178.1,lncRNA,1,1,0,6,6,13
AC112187.3,lncRNA,0,0,0,1,0,3
AC112196.1,lncRNA,0,0,1,0,3,1
AC112204.2,lncRNA,0,0,0,0,2,0
AC112206.2,lncRNA,14,17,11,8,37,51
AC112211.1,lncRNA,1,0,0,0,0,0
AC112219.1,lncRNA,0,0,0,0,0,1
AC112219.2,lncRNA,0,0,0,0,0,2
AC112220.2,lncRNA,0,5,3,2,10,5
AC112229.2,lncRNA,0,0,0,0,0,1
AC112229.4,lncRNA,0,0,1,1,13,17
AC112236.1,lncRNA,0,1,1,0,5,4
AC112236.2,lncRNA,0,1,1,2,14,7
AC112236.3,lncRNA,5,1,8,8,5,8
AC112242.1,lncRNA,0,0,0,1,1,0
AC112242.2,lncRNA,0,1,0,7,5,3
AC112250.2,lncRNA,0,0,0,0,1,1
AC112253.1,lncRNA,0,0,1,0,2,3
AC112254.1,lncRNA,0,0,1,2,2,1
AC112481.1,lncRNA,0,1,0,0,1,2
AC112481.2,lncRNA,38,8,7,19,72,52
AC112482.2,lncRNA,0,0,1,2,1,1
AC112484.1,lncRNA,0,5,2,2,2,5
AC112484.3,lncRNA,0,0,0,0,3,1
AC112484.5,lncRNA,0,2,6,2,6,2
AC112487.1,lncRNA,2,5,6,6,10,7
AC112491.1,lncRNA,2,5,1,2,0,3
AC112493.1,lncRNA,0,3,0,0,2,0
AC112495.1,lncRNA,0,0,0,0,2,2
AC112496.1,lncRNA,0,0,0,0,1,1
AC112503.2,lncRNA,0,0,0,0,3,6
AC112504.3,lncRNA,1,0,2,2,25,22
AC112512.1,lncRNA,0,0,1,3,2,5
AC112693.1,lncRNA,0,0,1,0,1,3
AC112721.1,lncRNA,0,0,0,1,0,2
AC112721.2,lncRNA,0,0,0,1,0,1
AC112722.1,lncRNA,1,3,1,0,2,2
AC112770.1,lncRNA,3,2,3,2,45,37
AC112907.1,lncRNA,0,0,0,0,0,2
AC112907.3,lncRNA,8,3,6,1,16,13
AC113133.1,lncRNA,0,2,1,9,11,5
AC113137.1,lncRNA,1,5,0,0,3,1
AC113143.1,lncRNA,0,0,2,2,0,0
AC113143.2,lncRNA,11,14,5,12,8,12
AC113145.1,lncRNA,1,2,0,0,2,2
AC113146.1,lncRNA,0,1,2,0,11,4
AC113167.1,lncRNA,2,5,0,2,10,7
AC113189.1,lncRNA,1,1,3,1,6,6
AC113189.2,lncRNA,2,2,3,5,8,7
AC113189.4,lncRNA,3,9,9,6,48,41
AC113192.3,lncRNA,0,0,0,0,1,0
AC113194.1,lncRNA,0,0,0,0,0,2
AC113208.4,lncRNA,0,0,0,0,1,0
AC113208.5,lncRNA,0,0,0,0,2,0
AC113331.1,lncRNA,0,0,0,0,1,0
AC113346.1,lncRNA,0,0,0,4,1,0
AC113346.2,lncRNA,0,0,0,0,1,2
AC113347.4,lncRNA,0,0,0,0,2,1
AC113348.2,lncRNA,1,2,4,0,4,3
AC113349.1,lncRNA,0,0,0,2,1,0
AC113349.2,lncRNA,0,0,0,0,2,1
AC113355.1,lncRNA,0,0,1,3,1,0
AC113370.1,lncRNA,5,11,2,5,8,10
AC113382.1,lncRNA,1,1,3,2,15,12
AC113382.2,lncRNA,0,1,2,5,0,0
AC113385.1,lncRNA,3,3,17,2,11,8
AC113386.1,lncRNA,1,0,0,0,1,1
AC113391.1,lncRNA,2,0,2,1,4,3
AC113391.2,lncRNA,2,4,1,0,1,0
AC113398.2,lncRNA,1,0,0,1,1,0
AC113404.1,lncRNA,2,0,1,2,5,1
AC113410.2,lncRNA,0,1,4,1,3,3
AC113410.4,lncRNA,0,1,1,0,8,5
AC113410.5,lncRNA,1,0,3,0,1,3
AC113414.1,lncRNA,5,5,1,22,20,10
AC113418.1,lncRNA,0,0,0,3,1,0
AC113423.2,lncRNA,0,0,1,0,1,0
AC113607.1,lncRNA,0,1,0,1,2,2
AC113608.1,lncRNA,0,1,0,1,2,0
AC113615.1,lncRNA,4,7,13,9,14,12
AC113615.2,lncRNA,1,1,0,2,3,2
AC113618.2,lncRNA,0,0,0,0,2,0
AC114271.1,lncRNA,4,23,11,10,32,37
AC114277.1,lncRNA,0,3,0,0,0,0
AC114284.1,lncRNA,0,1,0,2,1,1
AC114291.1,lncRNA,1,2,7,3,23,22
AC114296.1,lncRNA,0,4,3,5,33,46
AC114311.1,lncRNA,0,2,1,3,16,8
AC114316.1,lncRNA,3,6,2,8,19,18
AC114321.1,lncRNA,0,0,0,0,1,2
AC114341.1,lncRNA,2,4,2,2,1,1
AC114341.2,lncRNA,2,1,4,2,6,5
AC114401.1,lncRNA,0,0,4,1,2,7
AC114485.1,lncRNA,2,0,1,0,4,2
AC114488.1,lncRNA,0,0,0,2,4,1
AC114488.2,lncRNA,18,19,45,35,164,123
AC114489.1,lncRNA,0,1,0,0,3,1
AC114498.1,lncRNA,0,0,0,0,1,1
AC114501.3,lncRNA,0,0,0,1,0,1
AC114546.1,lncRNA,0,0,0,0,0,1
AC114546.2,lncRNA,0,1,0,0,2,3
AC114550.1,lncRNA,0,1,6,5,3,6
AC114550.2,lncRNA,0,0,0,0,1,0
AC114550.3,lncRNA,0,1,0,2,1,0
AC114684.1,lncRNA,1,0,0,0,1,0
AC114689.3,lncRNA,1,1,5,5,13,13
AC114730.1,lncRNA,10,4,15,5,76,52
AC114730.2,lncRNA,2,1,0,1,2,2
AC114730.3,lncRNA,1,0,2,2,7,4
AC114737.1,lncRNA,1,0,2,0,8,5
AC114741.1,lncRNA,2,1,1,0,0,0
AC114744.2,lncRNA,0,2,1,1,2,2
AC114752.1,lncRNA,0,0,0,0,1,0
AC114752.2,lncRNA,1,0,0,1,2,4
AC114757.1,lncRNA,4,3,6,3,29,36
AC114760.2,lncRNA,2,4,0,2,2,7
AC114763.1,lncRNA,0,1,0,0,8,12
AC114763.2,lncRNA,0,0,1,2,1,1
AC114776.1,lncRNA,2,4,2,3,8,6
AC114781.2,lncRNA,0,1,0,1,0,2
AC114798.1,lncRNA,0,1,1,1,2,2
AC114802.1,lncRNA,1,1,1,1,16,21
AC114808.1,lncRNA,0,1,0,0,0,0
AC114808.2,lncRNA,0,0,0,0,1,1
AC114810.1,lncRNA,0,0,0,0,0,1
AC114811.2,lncRNA,5,4,1,7,10,8
AC114812.2,lncRNA,0,0,0,2,0,0
AC114814.1,lncRNA,0,0,0,1,1,1
AC114814.2,lncRNA,0,0,0,5,2,1
AC114928.1,lncRNA,0,3,0,1,2,2
AC114930.1,lncRNA,1,1,2,0,2,3
AC114939.1,lncRNA,3,0,0,2,2,0
AC114947.2,lncRNA,0,1,0,0,2,2
AC114954.1,lncRNA,2,0,2,18,1,2
AC114956.1,lncRNA,0,2,4,1,15,24
AC114956.2,lncRNA,77,193,110,112,1325,1293
AC114964.2,lncRNA,2,5,5,5,14,18
AC114971.1,lncRNA,4,3,0,1,24,7
AC114977.1,lncRNA,0,0,0,0,1,0
AC114977.2,lncRNA,1,1,0,1,2,1
AC114980.1,lncRNA,1,9,2,2,14,30
AC115099.1,lncRNA,0,0,0,0,1,2
AC115100.1,lncRNA,0,0,0,1,4,2
AC115102.1,lncRNA,1,5,0,4,0,3
AC115220.1,lncRNA,9,7,2,4,6,5
AC115220.2,lncRNA,2,1,1,2,13,6
AC115282.1,lncRNA,1,7,2,1,10,9
AC115282.2,lncRNA,6,3,5,4,15,7
AC115284.1,lncRNA,0,0,0,0,1,2
AC115284.3,lncRNA,0,0,1,0,3,4
AC115284.4,lncRNA,1,2,4,12,4,7
AC115485.1,lncRNA,1,3,1,2,4,5
AC115522.1,lncRNA,0,0,2,0,0,4
AC115618.1,lncRNA,3,1,1,0,4,1
AC115618.2,lncRNA,0,0,0,0,0,1
AC115619.1,lncRNA,0,0,0,2,1,5
AC115622.1,lncRNA,0,0,0,1,0,0
AC115837.1,lncRNA,0,0,0,0,2,0
AC115989.1,lncRNA,0,1,0,0,0,1
AC116003.1,lncRNA,1,11,10,7,70,57
AC116003.2,lncRNA,0,0,0,1,1,1
AC116003.3,lncRNA,1,2,1,0,0,0
AC116021.1,lncRNA,0,0,1,1,3,5
AC116025.1,lncRNA,0,0,1,2,0,1
AC116025.2,lncRNA,1,4,1,0,8,7
AC116035.1,lncRNA,2,0,0,1,1,1
AC116036.2,lncRNA,0,0,0,0,0,1
AC116038.1,lncRNA,0,0,0,1,1,0
AC116049.1,lncRNA,0,0,0,0,1,1
AC116096.1,lncRNA,0,1,0,0,3,2
AC116099.1,lncRNA,0,1,0,0,0,0
AC116158.1,lncRNA,0,0,0,0,0,3
AC116158.2,lncRNA,2,1,0,0,0,1
AC116158.3,lncRNA,3,5,6,9,16,16
AC116317.1,lncRNA,0,2,3,2,3,3
AC116317.2,lncRNA,2,1,6,1,11,14
AC116337.3,lncRNA,0,0,0,0,2,0
AC116337.4,lncRNA,1,2,2,0,3,0
AC116345.1,lncRNA,6,5,4,7,10,7
AC116345.3,lncRNA,1,0,0,0,0,0
AC116345.4,lncRNA,5,2,4,1,10,7
AC116348.1,lncRNA,0,1,0,1,0,0
AC116348.2,lncRNA,1,0,8,1,28,6
AC116348.3,lncRNA,0,1,1,2,2,2
AC116350.1,lncRNA,0,0,0,1,0,1
AC116351.1,lncRNA,4,3,3,9,8,12
AC116351.2,lncRNA,2,2,7,4,20,13
AC116353.5,lncRNA,1,3,1,2,10,9
AC116361.1,lncRNA,0,1,1,0,1,3
AC116362.1,lncRNA,9,12,2,4,7,8
AC116362.2,lncRNA,1,2,1,0,0,1
AC116407.1,lncRNA,1,4,4,0,8,5
AC116407.2,lncRNA,1,1,0,2,2,2
AC116424.1,lncRNA,0,1,0,3,2,2
AC116428.1,lncRNA,0,0,0,0,3,1
AC116447.1,lncRNA,0,0,1,3,0,0
AC116456.1,lncRNA,0,0,0,0,2,2
AC116534.1,lncRNA,0,0,2,6,5,3
AC116535.1,lncRNA,4,7,1,1,4,4
AC116552.1,lncRNA,1,2,2,4,5,4
AC116565.1,lncRNA,4,5,4,2,28,12
AC116609.1,lncRNA,0,1,0,0,2,0
AC116609.2,lncRNA,0,0,0,0,1,0
AC116611.1,lncRNA,3,1,1,2,5,6
AC116612.1,lncRNA,0,2,2,1,3,6
AC116634.1,lncRNA,0,0,0,0,1,1
AC116651.1,lncRNA,0,0,0,0,1,3
AC116666.1,lncRNA,0,3,0,0,0,0
AC116667.1,lncRNA,5,3,4,11,14,10
AC116667.2,lncRNA,6,2,5,2,10,12
AC116903.1,lncRNA,0,0,0,0,2,2
AC116903.2,lncRNA,0,6,0,5,3,2
AC116913.1,lncRNA,8,0,4,0,8,5
AC116914.1,lncRNA,0,0,0,0,1,0
AC116914.2,lncRNA,0,0,0,2,1,1
AC117373.1,lncRNA,1,0,0,0,0,0
AC117373.2,lncRNA,2,1,1,2,8,12
AC117377.1,lncRNA,0,0,0,0,3,1
AC117382.2,lncRNA,2,11,5,4,28,42
AC117383.1,lncRNA,0,0,0,0,2,0
AC117386.1,lncRNA,2,0,0,0,4,1
AC117386.2,lncRNA,0,0,0,4,1,1
AC117394.2,lncRNA,0,0,0,0,2,2
AC117395.1,lncRNA,0,0,0,0,1,1
AC117422.1,lncRNA,0,0,1,5,0,1
AC117430.1,lncRNA,0,0,0,4,1,1
AC117435.1,lncRNA,2,4,7,4,18,14
AC117453.1,lncRNA,3,8,3,9,32,32
AC117461.1,lncRNA,0,2,1,2,5,6
AC117462.1,lncRNA,0,0,0,0,1,0
AC117464.1,lncRNA,0,2,1,1,7,5
AC117469.1,lncRNA,0,1,0,0,2,3
AC117473.1,lncRNA,1,0,0,0,1,0
AC117480.1,lncRNA,1,1,0,0,0,1
AC117481.1,lncRNA,0,0,0,1,0,0
AC117488.1,lncRNA,0,0,4,2,3,4
AC117498.1,lncRNA,0,0,1,1,2,2
AC117500.1,lncRNA,1,0,0,0,5,2
AC117500.2,lncRNA,0,0,3,2,5,2
AC117500.3,lncRNA,1,0,2,0,4,7
AC117500.6,lncRNA,1,0,0,0,2,2
AC117503.5,lncRNA,1,0,1,0,4,2
AC117505.1,lncRNA,2,2,2,0,1,2
AC117509.1,lncRNA,1,0,0,2,0,2
AC117522.2,lncRNA,0,0,0,2,0,1
AC117528.1,lncRNA,0,0,1,3,4,3
AC117569.1,lncRNA,6,0,0,0,2,1
AC117569.2,lncRNA,1,0,0,0,1,1
AC117834.1,lncRNA,0,0,1,1,5,2
AC117834.2,lncRNA,0,2,2,1,4,1
AC117944.1,lncRNA,0,0,0,0,2,0
AC117945.1,lncRNA,2,0,1,0,1,2
AC117945.2,lncRNA,0,0,1,0,5,3
AC118344.1,lncRNA,0,1,4,5,11,10
AC118345.1,lncRNA,0,0,0,2,1,1
AC118469.2,lncRNA,0,0,1,0,7,3
AC118553.1,lncRNA,1,0,0,1,1,1
AC118555.1,lncRNA,0,0,0,0,3,1
AC118653.1,lncRNA,0,1,0,0,0,3
AC118658.1,lncRNA,0,0,0,0,1,1
AC118754.1,lncRNA,4,0,1,0,10,9
AC118754.2,lncRNA,0,0,0,0,5,2
AC118755.1,lncRNA,2,1,1,5,12,11
AC118755.2,lncRNA,0,0,0,0,0,1
AC118757.1,lncRNA,0,2,0,0,1,0
AC118758.2,lncRNA,9,12,7,18,27,21
AC119150.1,lncRNA,0,0,1,1,1,1
AC119396.1,lncRNA,0,0,1,2,2,0
AC119403.1,lncRNA,1,1,3,4,15,2
AC119424.1,lncRNA,0,0,0,0,3,1
AC119427.1,lncRNA,0,0,0,0,2,4
AC119427.2,lncRNA,2,6,3,3,8,10
AC119428.1,lncRNA,1,0,0,0,1,1
AC119428.2,lncRNA,1,0,1,3,2,2
AC119673.1,lncRNA,0,1,2,2,3,2
AC119673.2,lncRNA,12,26,17,18,26,26
AC119674.1,lncRNA,8,11,11,9,49,39
AC119677.1,lncRNA,1,0,0,0,0,0
AC119868.2,lncRNA,0,0,0,0,0,4
AC120024.1,lncRNA,1,1,7,2,29,30
AC120036.4,lncRNA,0,1,1,1,6,6
AC120036.5,lncRNA,1,1,1,4,1,7
AC120042.1,lncRNA,0,4,0,0,0,0
AC120042.2,lncRNA,0,0,0,0,1,0
AC120045.1,lncRNA,0,0,0,2,3,2
AC120053.1,lncRNA,0,1,0,3,0,1
AC120114.1,lncRNA,0,0,0,0,5,11
AC120114.2,lncRNA,1,0,2,1,5,6
AC120193.1,lncRNA,2,1,1,1,5,10
AC120194.1,lncRNA,0,0,0,2,9,7
AC120349.1,lncRNA,0,0,0,1,0,0
AC120498.1,lncRNA,0,0,0,0,2,5
AC120498.10,lncRNA,0,0,0,0,2,0
AC120498.2,lncRNA,0,0,2,1,3,2
AC120498.3,lncRNA,1,1,2,2,7,4
AC120498.4,lncRNA,0,0,0,0,3,4
AC120498.8,lncRNA,0,0,1,0,3,2
AC120498.9,lncRNA,3,6,7,5,20,26
AC121161.2,lncRNA,1,2,0,1,3,2
AC121247.1,lncRNA,0,0,0,0,1,1
AC121333.1,lncRNA,0,0,0,0,3,1
AC121334.3,lncRNA,0,3,1,6,7,6
AC121334.4,lncRNA,0,0,0,2,0,0
AC121338.1,lncRNA,0,0,1,0,2,4
AC121338.2,lncRNA,1,5,7,1,16,13
AC121342.1,lncRNA,0,0,0,0,1,0
AC121493.1,lncRNA,0,0,0,0,2,9
AC121757.1,lncRNA,4,3,2,1,4,2
AC121757.2,lncRNA,4,1,0,1,3,0
AC121761.1,lncRNA,0,0,0,0,1,7
AC121761.2,lncRNA,0,1,0,0,0,1
AC121764.2,lncRNA,0,0,0,1,1,1
AC122129.1,lncRNA,2,2,4,1,7,6
AC122129.2,lncRNA,0,0,0,1,1,1
AC122134.1,lncRNA,0,0,0,1,1,0
AC122136.1,lncRNA,0,0,0,0,1,0
AC122138.1,lncRNA,0,1,0,0,3,1
AC122683.1,lncRNA,1,0,1,0,1,1
AC122685.1,lncRNA,1,0,0,1,7,1
AC122688.2,lncRNA,1,4,1,1,3,1
AC122688.5,lncRNA,1,0,1,1,4,6
AC122697.1,lncRNA,0,1,0,2,2,3
AC122710.1,lncRNA,1,0,3,6,3,5
AC122710.2,lncRNA,0,1,0,0,4,0
AC122719.1,lncRNA,0,3,1,1,2,2
AC122719.2,lncRNA,0,1,2,0,1,0
AC122719.3,lncRNA,1,0,2,4,11,8
AC123023.1,lncRNA,0,0,1,0,0,0
AC123023.2,lncRNA,1,0,0,0,6,2
AC123512.1,lncRNA,0,0,1,0,6,2
AC123567.2,lncRNA,4,2,4,7,28,32
AC123595.1,lncRNA,1,3,1,1,10,6
AC123595.2,lncRNA,1,3,1,1,10,5
AC123768.1,lncRNA,1,2,2,3,3,3
AC123768.2,lncRNA,1,1,0,1,1,1
AC123768.3,lncRNA,0,0,0,0,0,1
AC123768.4,lncRNA,2,0,1,0,3,4
AC123777.1,lncRNA,1,3,1,0,12,10
AC123784.1,lncRNA,0,0,0,1,4,2
AC123786.1,lncRNA,0,1,0,2,1,1
AC123786.3,lncRNA,0,1,2,1,3,2
AC123788.1,lncRNA,0,1,1,2,5,3
AC123905.1,lncRNA,0,0,1,0,0,1
AC123912.1,lncRNA,0,0,1,3,11,8
AC123912.2,lncRNA,4,0,5,1,9,8
AC123912.4,lncRNA,9,5,11,9,35,39
AC124014.1,lncRNA,0,2,3,0,3,9
AC124016.1,lncRNA,0,0,0,1,1,4
AC124017.1,lncRNA,1,3,3,2,30,8
AC124045.1,lncRNA,3,4,3,6,5,5
AC124057.1,lncRNA,1,0,0,0,3,0
AC124066.1,lncRNA,1,0,1,0,3,4
AC124067.1,lncRNA,0,0,0,0,1,0
AC124067.2,lncRNA,0,0,0,2,2,3
AC124067.3,lncRNA,1,3,5,2,13,5
AC124067.4,lncRNA,1,0,1,0,10,6
AC124068.2,lncRNA,5351,752,3000,1495,14321,3923
AC124069.1,lncRNA,1,1,1,2,7,4
AC124242.1,lncRNA,40,14,3,2,12,10
AC124242.3,lncRNA,0,0,0,0,3,1
AC124248.1,lncRNA,3,11,5,8,25,20
AC124248.2,lncRNA,3,0,2,1,2,2
AC124276.1,lncRNA,0,0,0,2,1,1
AC124276.2,lncRNA,0,0,1,0,0,1
AC124283.1,lncRNA,2,4,2,2,22,25
AC124283.2,lncRNA,0,0,0,1,2,2
AC124283.3,lncRNA,0,0,1,0,0,2
AC124290.1,lncRNA,11,18,8,22,90,68
AC124290.2,lncRNA,0,0,0,3,1,0
AC124301.1,lncRNA,0,0,0,0,2,1
AC124312.3,lncRNA,0,1,0,0,3,3
AC124312.5,lncRNA,0,0,0,0,2,6
AC124319.1,lncRNA,2,0,0,1,2,2
AC124319.2,lncRNA,0,0,1,0,1,1
AC124784.1,lncRNA,0,0,0,0,2,1
AC124798.1,lncRNA,1,1,2,1,12,6
AC124798.2,lncRNA,2,1,2,2,3,2
AC124798.3,lncRNA,1,1,2,1,2,3
AC124804.1,lncRNA,13,5,9,15,19,34
AC124852.1,lncRNA,12,10,15,23,146,114
AC124854.1,lncRNA,0,0,0,0,1,1
AC124861.1,lncRNA,0,0,0,0,0,1
AC124861.2,lncRNA,1,1,0,1,5,3
AC124861.3,lncRNA,1,0,0,0,2,1
AC124862.1,lncRNA,1,3,1,0,4,3
AC124864.2,lncRNA,2,2,0,0,0,0
AC124893.1,lncRNA,0,0,0,0,2,2
AC124944.3,lncRNA,2,1,1,3,4,5
AC124947.1,lncRNA,4,5,10,38,60,51
AC125257.1,lncRNA,0,0,0,1,2,1
AC125257.2,lncRNA,0,0,1,0,0,0
AC125421.1,lncRNA,5,1,3,1,7,10
AC125421.2,lncRNA,0,0,2,0,7,2
AC125437.1,lncRNA,2,0,3,0,0,0
AC125437.3,lncRNA,2,4,7,7,79,64
AC125494.1,lncRNA,1,2,3,3,6,6
AC125494.2,lncRNA,0,0,0,0,1,1
AC125603.1,lncRNA,0,0,0,0,2,0
AC125603.2,lncRNA,1,0,2,1,7,2
AC125603.3,lncRNA,0,0,0,1,4,5
AC125603.4,lncRNA,0,3,1,9,2,2
AC125611.3,lncRNA,2,0,1,0,8,5
AC125611.4,lncRNA,13,11,16,8,40,50
AC125613.1,lncRNA,1,2,4,6,3,4
AC125616.1,lncRNA,2,2,2,9,7,7
AC125618.1,lncRNA,0,4,0,0,0,2
AC125793.1,lncRNA,0,1,0,5,5,9
AC125807.2,lncRNA,6,10,7,7,49,69
AC126118.1,lncRNA,0,0,1,0,0,0
AC126121.2,lncRNA,0,0,0,0,2,1
AC126121.3,lncRNA,1,7,3,2,41,37
AC126177.3,lncRNA,2,8,3,4,34,40
AC126178.1,lncRNA,0,0,0,0,1,1
AC126182.3,lncRNA,2,1,3,0,8,6
AC126323.2,lncRNA,3,6,1,4,12,10
AC126323.3,lncRNA,0,0,0,0,6,6
AC126323.5,lncRNA,6,16,5,6,3,1
AC126323.6,lncRNA,0,2,1,0,6,6
AC126335.1,lncRNA,0,0,0,0,0,1
AC126365.1,lncRNA,1,1,0,1,2,3
AC126468.1,lncRNA,0,0,0,0,0,2
AC126544.2,lncRNA,0,1,0,0,1,0
AC126614.1,lncRNA,1,2,0,1,3,1
AC126696.1,lncRNA,1,0,0,0,3,2
AC126696.2,lncRNA,0,1,2,0,2,2
AC126696.3,lncRNA,0,1,3,1,7,3
AC126755.2,lncRNA,1,2,2,3,11,8
AC126755.5,lncRNA,2,1,3,2,9,8
AC126763.1,lncRNA,1,2,1,2,6,7
AC126768.1,lncRNA,0,0,2,1,5,3
AC126768.2,lncRNA,0,0,0,0,1,0
AC126768.3,lncRNA,3,1,5,3,50,40
AC126773.3,lncRNA,0,0,0,0,4,4
AC126773.4,lncRNA,5,8,5,4,10,12
AC126773.6,lncRNA,2,1,1,6,19,28
AC127002.2,lncRNA,1,0,0,0,1,1
AC127024.2,lncRNA,1,2,2,4,3,2
AC127024.4,lncRNA,0,2,0,4,0,1
AC127024.5,lncRNA,0,1,0,0,0,1
AC127024.6,lncRNA,0,0,0,1,0,2
AC127029.2,lncRNA,0,0,1,1,1,1
AC127035.1,lncRNA,0,3,1,10,1,1
AC127070.1,lncRNA,0,4,2,0,2,4
AC127070.2,lncRNA,1,1,1,5,1,2
AC127164.1,lncRNA,7,21,12,11,42,53
AC127459.1,lncRNA,0,3,1,0,3,3
AC127459.2,lncRNA,0,1,2,1,8,7
AC127496.1,lncRNA,4,6,2,13,17,21
AC127496.2,lncRNA,1,0,1,0,5,1
AC127496.3,lncRNA,0,0,1,2,1,2
AC127496.4,lncRNA,2,1,3,2,4,7
AC127496.5,lncRNA,3,5,9,4,14,18
AC127496.6,lncRNA,0,0,1,0,3,2
AC127502.2,lncRNA,13,9,2,9,8,6
AC127520.1,lncRNA,0,3,1,1,29,23
AC127521.1,lncRNA,1,3,0,1,7,3
AC127522.1,lncRNA,0,0,0,4,5,4
AC127526.2,lncRNA,0,1,1,0,3,5
AC127526.4,lncRNA,2,1,1,2,3,4
AC127526.5,lncRNA,0,1,2,2,4,2
AC127537.1,lncRNA,2,1,1,4,2,1
AC127540.1,lncRNA,1,3,0,1,0,2
AC127540.2,lncRNA,1,3,3,2,17,8
AC127894.1,lncRNA,0,0,0,2,2,2
AC128685.1,lncRNA,2,1,0,0,1,2
AC128687.2,lncRNA,0,0,2,0,3,6
AC128707.1,lncRNA,0,2,0,1,8,11
AC128709.1,lncRNA,0,0,0,0,3,1
AC128709.2,lncRNA,0,0,0,0,6,5
AC128709.3,lncRNA,0,1,0,0,2,2
AC129102.1,lncRNA,0,0,1,2,5,3
AC129492.1,lncRNA,1,1,2,2,9,9
AC129492.2,lncRNA,0,2,0,1,6,5
AC129492.4,lncRNA,0,0,1,0,0,0
AC129507.1,lncRNA,1,0,2,0,9,4
AC129507.2,lncRNA,1,0,0,0,2,3
AC129507.3,lncRNA,1,0,1,2,27,23
AC129507.4,lncRNA,1,0,2,0,5,5
AC129510.1,lncRNA,0,0,0,1,0,1
AC129803.1,lncRNA,2,5,4,9,15,15
AC129807.1,lncRNA,0,10,0,5,8,9
AC129915.3,lncRNA,1,3,0,2,12,14
AC129926.1,lncRNA,0,0,1,1,9,8
AC129926.2,lncRNA,0,0,1,2,3,5
AC130324.1,lncRNA,0,4,0,1,0,1
AC130324.2,lncRNA,0,3,0,0,1,2
AC130324.3,lncRNA,0,0,0,0,1,1
AC130343.1,lncRNA,0,1,0,0,0,1
AC130343.2,lncRNA,1,0,1,2,13,7
AC130352.1,lncRNA,0,0,0,2,0,2
AC130371.1,lncRNA,0,1,2,0,5,5
AC130371.2,lncRNA,0,2,8,0,0,0
AC130404.1,lncRNA,0,0,2,0,6,4
AC130404.2,lncRNA,0,0,1,1,0,1
AC130415.1,lncRNA,1,0,0,0,0,0
AC130456.1,lncRNA,0,0,0,0,1,1
AC130456.2,lncRNA,0,2,2,1,5,3
AC130456.3,lncRNA,0,2,1,1,1,4
AC130456.4,lncRNA,1,1,1,1,5,8
AC130456.5,lncRNA,2,1,0,1,1,1
AC130462.2,lncRNA,0,0,0,0,1,1
AC130466.1,lncRNA,16,14,15,11,62,49
AC130467.1,lncRNA,0,0,0,0,1,1
AC130469.1,lncRNA,17,22,15,16,82,84
AC130650.1,lncRNA,0,0,0,0,2,0
AC130650.2,lncRNA,0,0,1,0,3,1
AC130651.1,lncRNA,0,0,0,0,1,0
AC130710.1,lncRNA,2,0,1,6,12,16
AC130814.1,lncRNA,1,0,1,0,2,1
AC130888.1,lncRNA,5,5,0,1,1,1
AC130895.1,lncRNA,0,3,4,2,2,0
AC131009.1,lncRNA,0,0,0,1,2,1
AC131009.2,lncRNA,0,3,3,2,4,10
AC131009.3,lncRNA,0,0,0,0,1,2
AC131011.1,lncRNA,2,0,0,0,2,1
AC131025.1,lncRNA,0,0,0,1,2,1
AC131025.2,lncRNA,0,0,0,0,1,1
AC131025.3,lncRNA,2,0,1,0,3,2
AC131094.1,lncRNA,4,0,0,2,3,2
AC131097.1,lncRNA,0,4,2,1,1,1
AC131097.2,lncRNA,1,1,5,1,5,7
AC131097.3,lncRNA,1,0,1,3,2,1
AC131157.1,lncRNA,0,0,3,1,4,5
AC131159.2,lncRNA,0,0,1,0,7,3
AC131180.1,lncRNA,1,2,1,2,5,6
AC131182.1,lncRNA,1,0,0,0,1,1
AC131210.1,lncRNA,0,0,0,0,1,0
AC131211.1,lncRNA,4,7,3,6,61,59
AC131212.1,lncRNA,1,3,1,14,3,6
AC131237.1,lncRNA,0,0,0,0,1,0
AC131254.1,lncRNA,1,1,0,1,2,1
AC131254.2,lncRNA,8,6,11,17,2,11
AC131254.3,lncRNA,0,3,0,0,3,3
AC131274.1,lncRNA,0,1,0,0,3,3
AC131391.1,lncRNA,0,0,0,0,2,1
AC131568.1,lncRNA,1,2,0,5,11,8
AC131571.1,lncRNA,9,16,8,10,51,43
AC131649.1,lncRNA,1,3,0,0,1,4
AC131902.1,lncRNA,1,0,0,0,4,1
AC131934.1,lncRNA,2,2,0,2,3,2
AC131944.1,lncRNA,0,2,3,4,12,11
AC131953.1,lncRNA,0,0,0,2,0,0
AC131953.2,lncRNA,5,6,5,12,80,71
AC131956.2,lncRNA,2,0,1,1,2,1
AC131971.1,lncRNA,0,0,1,1,7,5
AC132153.1,lncRNA,1,3,2,4,5,7
AC132192.1,lncRNA,0,1,0,0,5,0
AC132192.2,lncRNA,15,23,13,11,59,48
AC132216.1,lncRNA,0,0,0,1,1,4
AC132217.1,lncRNA,1,2,1,0,1,2
AC132219.1,lncRNA,0,1,0,0,1,1
AC132803.1,lncRNA,0,3,1,0,20,13
AC132807.1,lncRNA,0,0,0,2,0,1
AC132825.2,lncRNA,4686,850,163,1005,1636,224
AC132825.3,lncRNA,2,5,2,2,90,8
AC132872.1,lncRNA,7,16,2,1,3,1
AC132872.2,lncRNA,0,3,0,3,7,6
AC132872.3,lncRNA,1,0,1,1,6,5
AC132872.5,lncRNA,5,6,15,30,22,26
AC132938.1,lncRNA,0,0,1,0,2,1
AC132938.2,lncRNA,0,2,0,6,1,3
AC132938.3,lncRNA,1,2,1,1,18,14
AC132938.6,lncRNA,0,0,1,3,4,2
AC133040.1,lncRNA,0,1,2,0,0,0
AC133065.1,lncRNA,1,2,4,9,13,8
AC133106.1,lncRNA,1,3,0,6,5,8
AC133480.1,lncRNA,0,0,0,0,1,0
AC133485.2,lncRNA,0,1,1,2,5,4
AC133485.3,lncRNA,0,0,0,0,0,1
AC133485.5,lncRNA,0,0,1,0,0,1
AC133485.7,lncRNA,0,0,1,7,1,3
AC133528.1,lncRNA,0,0,0,0,2,3
AC133530.1,lncRNA,0,0,0,0,4,2
AC133540.1,lncRNA,0,3,1,2,7,2
AC133550.3,lncRNA,0,2,0,0,1,0
AC133552.5,lncRNA,0,1,2,2,3,6
AC133555.6,lncRNA,2,1,2,1,15,9
AC133565.1,lncRNA,1,3,4,3,12,26
AC133634.1,lncRNA,0,0,0,0,1,0
AC133637.2,lncRNA,1,5,3,2,7,10
AC133644.1,lncRNA,0,1,0,0,1,1
AC133644.2,lncRNA,2,2,1,4,4,5
AC133681.1,lncRNA,2,3,1,1,2,3
AC133785.1,lncRNA,8,8,9,2,20,15
AC133865.1,lncRNA,0,0,0,0,1,0
AC133919.1,lncRNA,5,10,2,18,5,12
AC133919.2,lncRNA,0,0,3,1,34,18
AC133961.1,lncRNA,1,1,0,0,3,2
AC134043.2,lncRNA,0,1,0,0,1,0
AC134312.1,lncRNA,5,3,4,10,34,30
AC134312.2,lncRNA,0,1,1,0,1,1
AC134312.3,lncRNA,1,3,3,2,3,3
AC134312.4,lncRNA,3,3,1,0,5,3
AC134312.5,lncRNA,1,3,2,2,6,11
AC134312.6,lncRNA,0,0,0,0,2,0
AC134349.1,lncRNA,1,1,0,0,1,0
AC134508.1,lncRNA,8,8,4,5,6,13
AC134508.2,lncRNA,0,5,2,4,3,6
AC134682.1,lncRNA,341,52,8,8,70,30
AC134772.1,lncRNA,2,7,2,3,13,7
AC134775.1,lncRNA,0,2,0,0,0,0
AC134978.1,lncRNA,1,0,0,0,0,1
AC134980.1,lncRNA,1,2,2,0,21,12
AC135012.1,lncRNA,14,11,9,18,57,29
AC135012.2,lncRNA,0,0,0,0,1,0
AC135012.3,lncRNA,29,11,57,25,402,473
AC135048.1,lncRNA,1,2,1,7,4,4
AC135048.2,lncRNA,0,0,0,0,3,4
AC135048.3,lncRNA,0,1,0,0,3,1
AC135050.1,lncRNA,10,4,7,4,51,47
AC135050.3,lncRNA,0,0,0,0,1,0
AC135050.4,lncRNA,2,0,2,0,2,5
AC135050.5,lncRNA,2,0,1,0,6,4
AC135050.6,lncRNA,0,1,0,0,2,1
AC135068.4,lncRNA,0,0,0,1,1,0
AC135166.1,lncRNA,4,1,1,1,8,6
AC135178.2,lncRNA,0,0,0,0,3,1
AC135178.4,lncRNA,1,0,0,1,2,3
AC135178.5,lncRNA,0,0,0,9,2,2
AC135178.6,lncRNA,2,1,0,2,4,3
AC135279.3,lncRNA,3,8,3,1,20,9
AC135388.1,lncRNA,1,0,1,1,4,3
AC135457.1,lncRNA,3,5,0,3,3,3
AC135507.1,lncRNA,0,0,0,0,3,3
AC135586.2,lncRNA,5,2,1,7,9,11
AC135726.1,lncRNA,0,0,0,0,1,0
AC135776.1,lncRNA,2,2,3,1,16,12
AC135776.2,lncRNA,1,0,1,0,2,2
AC135782.1,lncRNA,3,3,1,4,7,4
AC135782.2,lncRNA,1,0,0,1,4,0
AC135782.3,lncRNA,3,6,2,1,18,11
AC135803.1,lncRNA,0,0,0,0,0,1
AC135893.1,lncRNA,1,0,1,0,3,6
AC135895.1,lncRNA,1,1,0,4,1,3
AC135983.1,lncRNA,1,0,0,0,2,1
AC136188.1,lncRNA,0,0,0,0,0,1
AC136285.1,lncRNA,0,1,2,0,8,9
AC136285.2,lncRNA,0,0,0,0,2,2
AC136285.3,lncRNA,6,8,9,4,16,15
AC136297.1,lncRNA,1,2,3,6,30,26
AC136424.2,lncRNA,0,1,0,2,1,0
AC136431.1,lncRNA,5,11,8,6,31,44
AC136431.2,lncRNA,0,1,1,0,1,1
AC136443.4,lncRNA,0,2,0,4,0,0
AC136469.1,lncRNA,0,2,0,0,1,1
AC136475.1,lncRNA,2,4,3,3,20,19
AC136475.2,lncRNA,1,3,2,1,7,8
AC136475.3,lncRNA,2,5,3,14,17,10
AC136475.5,lncRNA,0,0,0,0,1,0
AC136475.7,lncRNA,0,1,0,0,5,0
AC136489.1,lncRNA,0,1,1,2,10,7
AC136601.1,lncRNA,1,0,0,1,3,3
AC136604.2,lncRNA,3,0,2,3,9,6
AC136618.1,lncRNA,1,7,3,2,24,27
AC136624.1,lncRNA,0,5,2,1,6,7
AC136628.1,lncRNA,0,1,0,0,5,3
AC136628.4,lncRNA,0,0,0,0,1,2
AC136698.1,lncRNA,0,1,0,2,2,1
AC136777.1,lncRNA,0,2,2,6,23,10
AC136944.1,lncRNA,0,1,1,1,0,0
AC136944.2,lncRNA,0,0,2,2,5,4
AC136944.4,lncRNA,0,0,0,0,1,1
AC136977.1,lncRNA,0,0,1,3,0,0
AC137056.1,lncRNA,1,0,0,0,2,1
AC137494.1,lncRNA,0,0,0,0,6,3
AC137561.1,lncRNA,0,0,0,0,2,1
AC137579.1,lncRNA,0,1,0,4,0,0
AC137579.2,lncRNA,0,0,0,0,1,1
AC137590.1,lncRNA,0,0,0,0,1,0
AC137590.2,lncRNA,0,0,0,0,1,0
AC137630.1,lncRNA,3,0,0,2,2,1
AC137630.2,lncRNA,0,0,1,0,3,3
AC137630.3,lncRNA,1,1,0,2,5,7
AC137695.3,lncRNA,1,3,1,1,8,4
AC137735.1,lncRNA,0,0,0,0,2,0
AC137735.2,lncRNA,1,0,0,0,2,3
AC137735.3,lncRNA,0,2,3,1,8,10
AC137761.1,lncRNA,0,1,0,1,0,0
AC137770.1,lncRNA,1,0,0,0,0,0
AC137810.1,lncRNA,0,0,0,0,1,0
AC137834.2,lncRNA,0,1,2,0,5,3
AC137894.1,lncRNA,13,7,38,19,205,115
AC137894.3,lncRNA,0,0,0,1,2,1
AC137932.1,lncRNA,0,0,1,1,6,6
AC137932.2,lncRNA,7,1,3,3,42,59
AC137932.3,lncRNA,7,12,6,7,44,51
AC137936.1,lncRNA,0,0,0,0,1,1
AC138028.1,lncRNA,2,2,2,6,32,15
AC138028.2,lncRNA,5,4,11,7,51,46
AC138028.3,lncRNA,0,0,2,0,1,0
AC138028.4,lncRNA,1,1,1,1,5,4
AC138028.5,lncRNA,4,2,4,0,5,4
AC138028.6,lncRNA,2,0,4,1,7,4
AC138035.1,lncRNA,0,0,1,0,1,1
AC138057.1,lncRNA,1,0,0,0,1,0
AC138089.1,lncRNA,0,0,1,1,2,2
AC138123.1,lncRNA,1,2,5,1,7,6
AC138123.2,lncRNA,7,11,2,7,10,11
AC138150.1,lncRNA,0,0,2,1,5,5
AC138150.2,lncRNA,2,1,3,2,14,14
AC138207.1,lncRNA,0,1,2,0,1,1
AC138207.2,lncRNA,1,1,1,2,1,2
AC138207.4,lncRNA,0,0,3,1,0,1
AC138207.5,lncRNA,0,4,0,0,0,0
AC138207.9,lncRNA,0,3,1,0,3,1
AC138230.1,lncRNA,1,2,1,1,8,11
AC138304.1,lncRNA,0,0,2,0,6,4
AC138305.1,lncRNA,0,1,2,1,6,4
AC138331.1,lncRNA,0,0,0,0,1,0
AC138356.1,lncRNA,4,1,3,3,21,12
AC138356.3,lncRNA,0,1,0,0,3,3
AC138360.1,lncRNA,0,0,1,0,0,1
AC138393.2,lncRNA,0,2,0,1,1,1
AC138409.3,lncRNA,0,1,0,1,3,0
AC138420.1,lncRNA,0,0,0,2,6,5
AC138430.1,lncRNA,4,3,7,7,38,32
AC138466.1,lncRNA,0,1,0,2,2,2
AC138466.3,lncRNA,0,1,0,0,0,1
AC138470.2,lncRNA,2,0,1,2,2,4
AC138474.1,lncRNA,0,0,2,6,7,14
AC138512.1,lncRNA,0,0,10,0,8,3
AC138625.1,lncRNA,2,1,0,2,0,0
AC138627.1,lncRNA,10,8,23,16,46,53
AC138646.1,lncRNA,0,0,1,1,0,1
AC138647.2,lncRNA,0,0,0,3,2,3
AC138649.1,lncRNA,1,16,4,14,11,16
AC138696.2,lncRNA,1,0,0,0,5,10
AC138761.1,lncRNA,0,1,1,8,9,5
AC138781.1,lncRNA,0,2,0,3,1,0
AC138811.1,lncRNA,51,107,46,37,18,24
AC138819.1,lncRNA,0,0,0,0,1,0
AC138854.1,lncRNA,1,0,2,1,9,12
AC138869.2,lncRNA,0,0,0,0,0,1
AC138869.3,lncRNA,0,0,1,0,2,3
AC138904.1,lncRNA,4,8,1,12,2,4
AC138904.3,lncRNA,5,3,26,12,18,14
AC138907.1,lncRNA,0,0,0,0,3,2
AC138907.2,lncRNA,0,0,1,0,0,1
AC138907.3,lncRNA,0,0,0,0,0,1
AC138907.7,lncRNA,0,0,0,2,0,1
AC138915.3,lncRNA,2,1,1,4,5,3
AC138932.1,lncRNA,0,2,2,3,12,9
AC138932.4,lncRNA,0,0,0,0,2,1
AC138956.1,lncRNA,0,0,1,0,1,0
AC138956.2,lncRNA,1,1,2,0,0,3
AC138965.1,lncRNA,1,0,1,0,1,0
AC138969.2,lncRNA,1,2,2,3,14,9
AC139019.1,lncRNA,3,1,5,3,9,9
AC139099.1,lncRNA,0,0,1,2,2,2
AC139099.2,lncRNA,1,1,4,1,16,15
AC139100.1,lncRNA,0,1,1,1,11,3
AC139100.2,lncRNA,0,0,0,1,0,2
AC139149.1,lncRNA,0,1,0,1,1,4
AC139426.2,lncRNA,0,0,0,0,1,0
AC139491.1,lncRNA,1,2,1,3,6,2
AC139491.2,lncRNA,12,13,5,21,25,37
AC139491.3,lncRNA,0,3,0,4,3,1
AC139491.4,lncRNA,0,0,0,0,1,0
AC139491.8,lncRNA,0,0,1,0,1,2
AC139493.2,lncRNA,3,1,1,1,6,9
AC139497.1,lncRNA,0,1,1,0,0,0
AC139530.1,lncRNA,3,2,2,5,22,22
AC139530.3,lncRNA,1,1,2,3,3,3
AC139712.1,lncRNA,0,0,0,0,2,0
AC139718.1,lncRNA,0,0,0,1,1,1
AC139720.1,lncRNA,0,0,0,1,1,1
AC139720.2,lncRNA,0,0,0,1,1,0
AC139768.1,lncRNA,8,3,0,5,1,0
AC139769.2,lncRNA,1,1,2,1,3,4
AC139792.1,lncRNA,4,0,0,4,0,1
AC139795.2,lncRNA,5,0,1,0,5,5
AC139834.1,lncRNA,12,3,8,5,18,19
AC139887.1,lncRNA,2,6,4,1,4,11
AC139887.2,lncRNA,68,23,14,14,25,23
AC139887.3,lncRNA,1,0,3,0,2,1
AC139887.4,lncRNA,0,1,1,0,1,0
AC139887.5,lncRNA,1,1,2,3,5,4
AC140118.1,lncRNA,2,0,1,0,0,0
AC140118.2,lncRNA,6,2,2,1,13,9
AC140121.1,lncRNA,0,1,1,1,17,12
AC140125.2,lncRNA,2,4,1,4,6,3
AC140125.3,lncRNA,1,0,0,0,1,3
AC140134.1,lncRNA,12,3,8,5,18,19
AC140168.1,lncRNA,0,0,1,0,2,4
AC140479.4,lncRNA,0,0,1,2,3,3
AC140481.1,lncRNA,1,4,1,2,10,8
AC140481.2,lncRNA,0,1,1,1,1,1
AC140481.3,lncRNA,1,0,0,0,1,1
AC140658.1,lncRNA,1,3,3,4,6,3
AC140658.2,lncRNA,0,1,0,0,1,0
AC140725.1,lncRNA,0,0,0,1,2,1
AC140847.1,lncRNA,2,4,0,2,5,6
AC140847.2,lncRNA,4,17,4,2,10,9
AC140912.1,lncRNA,4,4,11,5,39,32
AC141002.1,lncRNA,0,2,0,0,0,0
AC141257.1,lncRNA,0,0,0,0,2,2
AC141273.1,lncRNA,0,0,1,0,1,1
AC141424.1,lncRNA,1,2,2,1,12,21
AC141586.2,lncRNA,0,0,0,0,2,2
AC141586.3,lncRNA,1,1,0,2,5,3
AC141930.1,lncRNA,0,0,0,0,3,1
AC141930.2,lncRNA,1,1,3,4,11,7
AC142086.1,lncRNA,1,1,3,2,6,4
AC142086.4,lncRNA,0,0,0,1,2,1
AC142472.1,lncRNA,14,15,57,19,115,98
AC144450.1,lncRNA,0,1,0,1,7,5
AC144521.1,lncRNA,4,24,9,1,32,37
AC144548.1,lncRNA,1,2,1,1,1,1
AC144568.2,lncRNA,0,0,0,0,2,3
AC144831.1,lncRNA,3,1,2,1,22,16
AC144833.1,lncRNA,4,4,1,4,12,13
AC144836.1,lncRNA,0,0,0,1,4,2
AC145098.1,lncRNA,0,0,0,0,4,1
AC145124.1,lncRNA,1,1,2,3,6,5
AC145141.1,lncRNA,0,1,0,0,1,0
AC145141.2,lncRNA,0,1,1,0,0,0
AC145146.1,lncRNA,0,0,0,0,1,2
AC145207.1,lncRNA,0,0,1,0,7,6
AC145207.2,lncRNA,5,3,4,13,5,6
AC145207.3,lncRNA,4,5,1,1,3,3
AC145207.4,lncRNA,0,0,0,0,1,0
AC145207.5,lncRNA,6,8,2,10,2,2
AC145207.6,lncRNA,1,0,0,0,0,0
AC145207.7,lncRNA,1,1,0,4,10,5
AC145207.8,lncRNA,0,0,3,2,3,2
AC145285.2,lncRNA,1,1,1,3,2,4
AC145285.3,lncRNA,0,0,0,2,1,1
AC145285.6,lncRNA,9,10,20,19,27,26
AC145343.1,lncRNA,1,1,1,0,6,7
AC145350.2,lncRNA,1,0,0,1,2,1
AC145350.4,lncRNA,0,0,1,0,0,1
AC145423.2,lncRNA,4,6,21,14,30,31
AC145543.1,lncRNA,0,1,0,0,1,1
AC145625.1,lncRNA,2,0,0,0,1,1
AC145625.2,lncRNA,1,0,1,0,2,1
AC146507.3,lncRNA,0,2,0,3,2,4
AC146944.2,lncRNA,0,2,0,0,1,0
AC147067.1,lncRNA,0,0,2,2,4,2
AC147651.1,lncRNA,0,0,0,0,2,1
AC148476.1,lncRNA,1,1,0,1,2,0
AC148477.1,lncRNA,1,1,0,0,7,7
AC148477.10,lncRNA,1,1,0,0,2,5
AC148477.2,lncRNA,1,1,3,4,11,8
AC148477.3,lncRNA,1,1,2,2,6,5
AC148477.4,lncRNA,2,2,3,1,10,7
AC156455.1,lncRNA,8,12,21,6,41,46
AC159540.1,lncRNA,0,1,0,0,0,0
AC159540.2,lncRNA,1,3,1,1,2,3
AC174469.1,lncRNA,2,12,4,3,5,4
AC183088.3,lncRNA,0,0,0,1,1,1
AC188616.1,lncRNA,1,3,1,2,9,10
AC188617.1,lncRNA,36,29,26,258,89,85
AC188617.2,lncRNA,4,5,5,1,35,18
AC207130.1,lncRNA,16,15,27,14,8,10
AC209005.1,lncRNA,1,1,1,1,10,6
AC211433.1,lncRNA,0,0,3,2,6,5
AC211433.2,lncRNA,0,1,0,0,2,1
AC211476.2,lncRNA,0,1,0,3,5,4
AC211476.3,lncRNA,0,0,1,1,1,1
AC211476.5,lncRNA,0,0,0,0,1,0
AC211476.6,lncRNA,1,2,2,4,7,8
AC211486.2,lncRNA,1,3,0,1,0,0
AC211486.5,lncRNA,0,0,0,1,1,0
AC215217.1,lncRNA,0,0,0,0,1,0
AC215522.2,lncRNA,2,4,3,6,32,29
AC217774.1,lncRNA,0,0,0,0,1,1
AC217774.2,lncRNA,0,0,1,3,4,2
AC226101.1,lncRNA,6,1,5,1,6,4
AC226118.1,lncRNA,4,2,4,0,19,9
AC226119.1,lncRNA,0,0,0,3,1,1
AC231533.1,lncRNA,1,6,6,3,11,13
AC231759.2,lncRNA,1,1,1,0,9,9
AC231981.1,lncRNA,2,2,4,6,26,17
AC232271.1,lncRNA,3,4,3,2,36,51
AC232271.3,lncRNA,32,9,9,26,104,54
AC233263.6,lncRNA,1,1,0,0,1,1
AC233280.1,lncRNA,1,3,3,3,11,9
AC233701.1,lncRNA,12,7,16,4,156,103
AC233702.7,lncRNA,0,1,0,1,2,3
AC233728.1,lncRNA,0,0,0,1,0,0
AC233976.1,lncRNA,0,2,0,0,5,2
AC233976.2,lncRNA,1,2,0,2,12,13
AC233992.1,lncRNA,0,1,0,1,1,1
AC233992.3,lncRNA,2,4,4,1,5,9
AC234031.1,lncRNA,0,1,0,0,1,0
AC234582.1,lncRNA,0,1,0,1,1,1
AC234644.2,lncRNA,0,1,1,1,7,8
AC234772.1,lncRNA,1,2,1,0,9,6
AC234775.2,lncRNA,0,0,0,2,0,0
AC234775.3,lncRNA,1,4,1,3,5,10
AC234781.1,lncRNA,1,2,1,2,3,4
AC234782.2,lncRNA,7,8,6,3,33,33
AC234917.2,lncRNA,0,1,1,0,2,4
AC234917.3,lncRNA,3,7,7,5,12,13
AC235097.1,lncRNA,0,0,1,0,1,0
AC236668.1,lncRNA,0,2,2,0,1,0
AC236972.3,lncRNA,2,0,0,0,2,3
AC237221.1,lncRNA,6,6,6,9,24,24
AC239584.1,lncRNA,0,0,2,2,0,2
AC239585.1,lncRNA,2,0,1,1,4,3
AC239585.2,lncRNA,0,1,0,0,3,3
AC239727.1,lncRNA,0,0,0,0,3,7
AC239799.1,lncRNA,1,1,2,2,7,4
AC239799.2,lncRNA,5,11,4,2,20,30
AC239800.2,lncRNA,1,2,1,3,12,13
AC239802.1,lncRNA,0,0,0,0,0,1
AC239802.2,lncRNA,0,0,1,2,1,1
AC239803.1,lncRNA,0,1,1,0,0,1
AC239804.1,lncRNA,1,0,0,1,1,1
AC239809.3,lncRNA,13,18,18,21,60,63
AC239860.3,lncRNA,0,1,2,1,8,10
AC239868.1,lncRNA,2,2,4,10,6,7
AC240565.1,lncRNA,0,2,1,2,1,4
AC241644.1,lncRNA,1,0,1,0,0,1
AC241644.2,lncRNA,0,2,1,12,1,4
AC241644.3,lncRNA,0,0,0,0,1,0
AC242022.1,lncRNA,0,0,2,1,0,1
AC242022.2,lncRNA,0,0,0,0,1,1
AC242426.2,lncRNA,6,7,5,7,20,17
AC242842.1,lncRNA,0,1,0,1,2,0
AC242988.1,lncRNA,1,0,0,1,2,2
AC242988.2,lncRNA,0,0,0,0,0,3
AC243547.1,lncRNA,0,0,0,0,0,1
AC243547.2,lncRNA,0,0,1,0,5,7
AC243562.3,lncRNA,1,1,0,2,1,0
AC243571.1,lncRNA,0,0,0,0,1,0
AC243571.2,lncRNA,2,1,6,6,49,28
AC243585.1,lncRNA,0,0,0,1,0,1
AC243585.2,lncRNA,0,0,0,0,1,1
AC243654.1,lncRNA,0,1,0,0,0,0
AC243654.3,lncRNA,0,0,2,0,0,0
AC243772.2,lncRNA,1,3,2,3,6,4
AC243773.1,lncRNA,0,7,0,0,5,2
AC243829.1,lncRNA,0,0,3,1,7,4
AC243829.4,lncRNA,0,0,0,9,1,2
AC243829.5,lncRNA,2,3,0,1,0,1
AC243830.1,lncRNA,1,4,1,1,14,9
AC243830.2,lncRNA,1,0,1,1,13,10
AC243830.3,lncRNA,1,0,1,0,1,0
AC243919.2,lncRNA,0,2,0,2,1,1
AC243960.1,lncRNA,2,4,2,4,10,9
AC243960.3,lncRNA,0,2,1,2,16,7
AC243961.1,lncRNA,0,0,0,0,1,1
AC243964.3,lncRNA,0,0,1,2,5,5
AC243965.1,lncRNA,1,1,2,1,7,4
AC243965.2,lncRNA,2,4,2,5,17,15
AC243967.2,lncRNA,1,0,0,0,4,10
AC243967.3,lncRNA,0,1,1,5,4,5
AC244033.2,lncRNA,11,19,11,22,186,155
AC244034.2,lncRNA,0,1,0,0,2,1
AC244035.1,lncRNA,0,0,1,2,6,4
AC244035.2,lncRNA,0,1,0,0,1,0
AC244090.2,lncRNA,0,0,2,0,1,2
AC244093.3,lncRNA,0,3,0,3,1,1
AC244093.4,lncRNA,0,0,2,0,0,1
AC244093.5,lncRNA,0,1,0,0,4,7
AC244100.2,lncRNA,0,0,1,0,14,14
AC244100.3,lncRNA,0,0,1,0,3,3
AC244100.4,lncRNA,0,0,0,2,0,1
AC244102.1,lncRNA,0,0,0,0,1,0
AC244102.3,lncRNA,1,1,0,1,4,3
AC244131.2,lncRNA,5,2,0,1,10,3
AC244153.1,lncRNA,1,0,0,1,6,3
AC244197.2,lncRNA,0,0,1,0,1,0
AC244205.1,lncRNA,0,0,2,0,1,1
AC244213.1,lncRNA,1,4,2,0,12,11
AC244230.1,lncRNA,0,1,0,0,3,2
AC244230.2,lncRNA,6,3,4,3,3,2
AC244250.1,lncRNA,0,0,0,0,1,1
AC244250.4,lncRNA,1,1,1,1,3,7
AC244394.3,lncRNA,0,0,0,0,1,1
AC244453.1,lncRNA,0,0,0,0,2,2
AC244453.2,lncRNA,1,3,4,1,12,7
AC244453.3,lncRNA,0,0,0,5,1,1
AC244472.1,lncRNA,3,1,0,2,2,2
AC244502.1,lncRNA,1,4,5,9,15,19
AC244502.3,lncRNA,0,5,2,1,2,6
AC244517.1,lncRNA,1,6,0,2,9,25
AC244517.11,lncRNA,0,1,1,3,9,8
AC244517.12,lncRNA,0,1,0,0,1,5
AC244517.2,lncRNA,6,4,11,5,86,75
AC244517.4,lncRNA,0,0,1,0,1,0
AC244517.5,lncRNA,12,26,18,8,64,38
AC244517.6,lncRNA,0,0,0,0,1,1
AC244517.7,lncRNA,0,0,1,1,1,0
AC244517.8,lncRNA,0,0,0,0,1,2
AC244517.9,lncRNA,1,1,0,1,2,1
AC244636.3,lncRNA,1,3,1,1,8,5
AC245014.1,lncRNA,0,0,0,0,3,2
AC245014.3,lncRNA,3,1,5,2,1,5
AC245033.2,lncRNA,0,7,1,3,5,5
AC245033.4,lncRNA,2,10,1,0,2,3
AC245036.5,lncRNA,0,2,0,0,5,3
AC245041.1,lncRNA,0,0,0,0,1,0
AC245041.2,lncRNA,5,5,4,8,11,9
AC245052.1,lncRNA,0,0,0,0,1,3
AC245052.4,lncRNA,3,7,4,6,26,22
AC245052.7,lncRNA,0,0,0,1,1,2
AC245060.5,lncRNA,0,0,0,2,1,0
AC245060.6,lncRNA,5,6,7,10,6,5
AC245060.7,lncRNA,6,4,1,5,9,7
AC245088.1,lncRNA,0,0,2,0,0,0
AC245100.1,lncRNA,20,7,37,18,98,87
AC245123.1,lncRNA,2,1,3,2,4,4
AC245128.1,lncRNA,0,0,0,0,7,3
AC245128.3,lncRNA,0,2,0,6,5,3
AC245140.1,lncRNA,0,0,0,0,1,1
AC245140.2,lncRNA,1,3,6,8,46,32
AC245140.3,lncRNA,0,0,0,0,2,2
AC245164.1,lncRNA,1,0,1,0,2,3
AC245164.2,lncRNA,0,0,2,0,1,4
AC245177.1,lncRNA,2,0,1,0,4,3
AC245187.2,lncRNA,0,0,2,0,4,3
AC245297.2,lncRNA,0,2,0,0,3,4
AC245297.3,lncRNA,2,6,3,5,16,16
AC245407.2,lncRNA,0,0,0,2,4,4
AC245427.1,lncRNA,0,0,0,0,3,2
AC245427.2,lncRNA,2,2,0,1,4,3
AC245452.4,lncRNA,0,0,0,0,1,0
AC245519.1,lncRNA,2,0,5,3,32,59
AC245519.2,lncRNA,0,0,0,0,6,8
AC245748.2,lncRNA,1,1,1,0,1,1
AC245748.3,lncRNA,0,0,0,0,1,0
AC245884.1,lncRNA,0,1,1,2,5,3
AC245884.10,lncRNA,0,0,0,0,2,3
AC245884.11,lncRNA,0,2,0,1,2,1
AC245884.8,lncRNA,0,0,2,1,5,4
AC245884.9,lncRNA,1,0,0,0,6,2
AC246680.1,lncRNA,0,0,0,0,2,2
AC246785.3,lncRNA,0,0,0,0,3,2
AC246817.1,lncRNA,1,5,2,7,7,12
AC246817.2,lncRNA,9,4,7,7,28,36
AC247036.1,lncRNA,0,0,0,0,1,0
AC253536.3,lncRNA,0,0,0,2,2,1
AC253536.6,lncRNA,0,1,2,0,1,2
AC253572.1,lncRNA,22,5,66,228,10,21
AC254562.2,lncRNA,0,0,0,0,3,3
AC254562.3,lncRNA,0,1,0,0,1,1
AC254629.1,lncRNA,5,4,5,5,81,92
AC254633.1,lncRNA,1,0,2,1,6,1
ACOXL-AS1,lncRNA,0,1,2,0,9,7
ACSL3-AS1,lncRNA,0,0,0,0,1,1
ACSL6-AS1,lncRNA,0,0,1,0,1,1
ACTA2-AS1,lncRNA,1,1,2,1,9,4
ACTN1-AS1,lncRNA,0,5,3,1,13,7
ACVR2B-AS1,lncRNA,2,8,3,5,8,12
AD000090.1,lncRNA,460,1209,2219,1347,852,1046
AD000671.3,lncRNA,3,4,6,5,5,6
AD001527.1,lncRNA,1,1,0,6,2,4
ADAMTS19-AS1,lncRNA,1,4,3,2,13,10
ADAMTS9-AS1,lncRNA,3,6,12,4,19,32
ADAMTS9-AS2,lncRNA,29,39,22,27,109,100
ADAMTSL4-AS1,lncRNA,1,2,4,3,10,11
ADAMTSL4-AS2,lncRNA,0,0,0,0,2,3
ADARB2-AS1,lncRNA,1,1,6,1,17,17
ADCY6-DT,lncRNA,0,2,0,1,4,5
ADD3-AS1,lncRNA,9,16,10,26,243,229
ADGRA1-AS1,lncRNA,7,12,13,18,55,47
ADGRD1-AS1,lncRNA,2,1,1,5,47,46
ADGRF5-AS1,lncRNA,0,0,0,0,3,6
ADGRL3-AS1,lncRNA,0,0,0,2,2,3
ADIPOQ-AS1,lncRNA,1,5,3,8,6,5
ADIRF-AS1,lncRNA,11,14,28,23,29,37
ADNP-AS1,lncRNA,1,1,1,1,3,3
ADORA2A-AS1,lncRNA,1,4,4,6,11,12
ADPGK-AS1,lncRNA,9,8,12,11,50,34
AF001548.1,lncRNA,1,0,0,3,12,7
AF001548.2,lncRNA,0,1,0,0,1,1
AF001550.1,lncRNA,0,0,0,5,2,2
AF015262.1,lncRNA,0,1,2,2,0,1
AF015720.1,lncRNA,0,0,0,0,0,2
AF038458.2,lncRNA,0,0,0,0,0,1
AF038458.3,lncRNA,0,0,0,0,11,10
AF064858.1,lncRNA,4,2,5,7,25,14
AF064858.2,lncRNA,1,0,0,0,1,1
AF064860.1,lncRNA,0,0,0,0,3,1
AF064860.2,lncRNA,0,0,2,0,7,4
AF064866.1,lncRNA,1,0,0,2,2,1
AF067845.1,lncRNA,4,3,8,2,19,13
AF067845.2,lncRNA,4,4,9,4,48,34
AF067845.4,lncRNA,0,1,1,0,3,1
AF067845.5,lncRNA,0,0,0,2,2,3
AF096876.1,lncRNA,1,1,1,0,1,1
AF099810.1,lncRNA,0,1,2,0,1,3
AF106564.1,lncRNA,3,2,2,1,30,25
AF107885.2,lncRNA,0,2,0,0,5,2
AF111167.1,lncRNA,0,0,0,0,3,2
AF111167.2,lncRNA,3,4,5,2,25,23
AF111169.1,lncRNA,3,0,0,0,1,1
AF111169.2,lncRNA,1,0,1,0,1,2
AF111169.3,lncRNA,0,0,0,0,3,0
AF111169.4,lncRNA,1,3,0,0,8,8
AF117829.1,lncRNA,14,4,6,14,21,18
AF121898.1,lncRNA,0,2,2,1,8,3
AF124730.1,lncRNA,0,0,2,0,1,0
AF127577.1,lncRNA,0,1,0,0,1,0
AF127577.2,lncRNA,0,3,1,0,1,2
AF127577.3,lncRNA,0,1,0,0,1,2
AF127577.4,lncRNA,8,8,7,5,76,55
AF127577.5,lncRNA,0,0,0,0,0,1
AF127936.1,lncRNA,1,5,5,7,10,9
AF129075.1,lncRNA,0,0,0,1,4,3
AF129075.2,lncRNA,2,1,2,1,8,5
AF129075.3,lncRNA,0,1,0,0,0,0
AF130248.1,lncRNA,0,0,1,0,3,2
AF130359.1,lncRNA,0,0,0,0,2,1
AF130417.1,lncRNA,0,0,0,0,0,2
AF131215.2,lncRNA,0,0,0,0,5,7
AF131215.3,lncRNA,0,1,0,0,3,3
AF131215.4,lncRNA,2,5,1,2,2,1
AF131215.5,lncRNA,0,0,7,1,3,4
AF131215.6,lncRNA,0,2,1,0,8,10
AF131215.7,lncRNA,2,0,0,4,0,0
AF131216.1,lncRNA,1,7,2,6,13,17
AF131216.3,lncRNA,2,1,2,0,17,8
AF131216.4,lncRNA,6,2,6,3,21,28
AF131216.5,lncRNA,1,1,0,0,0,2
AF165147.1,lncRNA,4,3,2,3,14,10
AF178030.1,lncRNA,0,0,0,0,1,2
AF181450.1,lncRNA,0,0,0,0,3,1
AF186192.1,lncRNA,0,0,0,2,3,4
AF186192.3,lncRNA,2,2,2,4,7,7
AF196972.1,lncRNA,0,0,0,0,6,1
AF212831.1,lncRNA,1,0,0,0,0,1
AF213884.3,lncRNA,2,3,11,1,5,4
AF222684.1,lncRNA,2,2,2,0,17,11
AF222685.1,lncRNA,0,1,2,0,7,5
AF228727.1,lncRNA,5,4,10,4,135,106
AF230666.1,lncRNA,1,7,1,1,9,4
AF230666.2,lncRNA,1,0,2,1,4,4
AF233439.1,lncRNA,0,0,0,0,1,1
AF233439.2,lncRNA,0,0,0,0,4,2
AF235103.1,lncRNA,0,0,1,0,1,0
AF235103.3,lncRNA,1,1,4,5,11,7
AF240627.1,lncRNA,0,0,0,0,2,1
AF241725.1,lncRNA,0,0,0,1,1,0
AF241728.1,lncRNA,0,1,1,0,3,2
AF241728.2,lncRNA,0,16,1,2,9,5
AF250324.1,lncRNA,0,0,0,0,4,2
AF254983.1,lncRNA,1,1,1,1,6,5
AF274573.1,lncRNA,0,0,3,0,2,2
AF274853.1,lncRNA,13,3,20,6,31,18
AF279873.3,lncRNA,1,5,2,8,5,7
AF279873.4,lncRNA,0,3,0,1,1,1
AF287957.1,lncRNA,0,2,5,0,9,10
AFAP1-AS1,lncRNA,13,18,11,18,38,33
AFDN-DT,lncRNA,7,10,19,12,143,84
AFF2-IT1,lncRNA,0,0,1,0,0,0
AGAP1-IT1,lncRNA,1,0,2,2,3,5
AGAP11,lncRNA,0,0,0,0,3,2
AGAP2-AS1,lncRNA,6,6,7,7,56,47
AGBL1-AS1,lncRNA,3,7,3,4,75,49
AGBL4-AS1,lncRNA,0,0,0,0,1,1
AGBL4-IT1,lncRNA,0,0,4,0,2,2
AGBL5-AS1,lncRNA,1,0,2,0,7,8
AGBL5-IT1,lncRNA,0,0,2,7,1,1
AIRN,lncRNA,5,8,17,10,67,63
AJ003147.1,lncRNA,1,0,1,0,7,5
AJ003147.2,lncRNA,27,18,37,31,63,41
AJ006995.1,lncRNA,1,0,0,1,1,1
AJ009632.1,lncRNA,0,0,2,2,4,3
AJ009632.2,lncRNA,20,14,20,26,240,254
AJ011931.1,lncRNA,1,7,14,5,38,47
AJ011931.2,lncRNA,40,13,4,15,34,19
AJ011932.1,lncRNA,2,1,6,2,45,34
AJ239318.1,lncRNA,0,1,0,0,0,1
AJ239322.1,lncRNA,0,1,3,3,2,2
AJ239328.1,lncRNA,2,4,9,3,14,16
AJ271736.1,lncRNA,0,0,0,0,2,1
AKT3-IT1,lncRNA,4,1,0,0,1,0
AL008626.1,lncRNA,0,0,0,1,3,6
AL008628.1,lncRNA,3,6,3,9,39,39
AL008633.1,lncRNA,4,7,4,2,12,25
AL008636.1,lncRNA,0,0,0,4,3,1
AL008638.1,lncRNA,0,0,0,0,0,1
AL008638.2,lncRNA,1,1,1,0,6,4
AL008638.3,lncRNA,3,15,3,5,13,9
AL008638.4,lncRNA,1,1,1,2,0,1
AL008638.5,lncRNA,3,8,4,4,5,15
AL008638.6,lncRNA,4,1,2,5,8,7
AL008718.2,lncRNA,0,1,0,1,2,3
AL008718.3,lncRNA,0,0,0,1,0,0
AL008719.1,lncRNA,0,0,1,0,3,1
AL008720.1,lncRNA,1,1,4,1,10,8
AL008720.2,lncRNA,3,1,5,2,16,13
AL008721.1,lncRNA,0,0,0,0,1,0
AL008721.2,lncRNA,6,6,2,5,9,6
AL008725.1,lncRNA,2,5,1,6,6,10
AL008726.1,lncRNA,1,1,0,0,1,1
AL008727.1,lncRNA,3,7,14,8,104,102
AL008729.1,lncRNA,3,3,3,4,16,10
AL008729.2,lncRNA,5,2,0,9,9,9
AL008730.1,lncRNA,0,0,0,1,1,0
AL008733.1,lncRNA,0,0,0,0,2,1
AL009031.1,lncRNA,6,1,7,5,21,20
AL009050.1,lncRNA,0,0,0,7,2,2
AL009176.1,lncRNA,3,1,2,4,12,11
AL009177.1,lncRNA,18,38,15,15,84,100
AL009178.2,lncRNA,3,2,4,6,13,10
AL009178.3,lncRNA,0,0,0,0,1,1
AL009179.1,lncRNA,2,1,0,0,14,12
AL009179.2,lncRNA,0,14,59,1,6,6
AL009181.1,lncRNA,0,1,0,3,5,6
AL020993.1,lncRNA,0,0,0,0,0,2
AL020994.1,lncRNA,1,0,0,0,0,1
AL020994.2,lncRNA,0,1,2,0,8,9
AL020994.3,lncRNA,0,0,0,0,1,0
AL020995.1,lncRNA,0,0,0,2,0,1
AL020996.1,lncRNA,19,40,29,21,76,63
AL020996.3,lncRNA,0,0,0,0,0,1
AL020997.3,lncRNA,1,0,1,0,2,1
AL020997.4,lncRNA,1,1,2,1,9,8
AL020997.5,lncRNA,1,4,1,4,11,8
AL020998.1,lncRNA,0,0,0,0,5,1
AL021026.1,lncRNA,0,0,0,0,3,1
AL021153.1,lncRNA,2,0,0,0,2,1
AL021154.1,lncRNA,0,0,0,0,1,0
AL021155.4,lncRNA,8,3,45,92,23,21
AL021308.1,lncRNA,0,0,1,0,90,58
AL021328.1,lncRNA,0,0,2,2,5,5
AL021368.1,lncRNA,0,0,0,1,0,0
AL021368.2,lncRNA,2,2,0,1,4,3
AL021368.3,lncRNA,0,0,2,0,4,1
AL021368.4,lncRNA,0,0,0,0,1,1
AL021368.5,lncRNA,0,0,0,1,1,0
AL021391.1,lncRNA,0,1,0,0,2,3
AL021392.1,lncRNA,22,5,9,13,47,49
AL021393.1,lncRNA,0,0,0,1,1,9
AL021395.1,lncRNA,6,5,16,5,31,19
AL021396.1,lncRNA,2,4,3,2,23,20
AL021408.1,lncRNA,0,0,0,0,0,1
AL021578.1,lncRNA,1,4,2,1,8,5
AL021707.1,lncRNA,0,0,2,2,1,1
AL021707.2,lncRNA,1,5,2,5,23,21
AL021707.3,lncRNA,0,2,0,0,1,2
AL021707.4,lncRNA,0,1,1,0,0,1
AL021707.5,lncRNA,0,2,0,0,1,1
AL021707.6,lncRNA,0,1,0,0,1,0
AL021707.7,lncRNA,0,1,0,0,6,10
AL021707.8,lncRNA,3,0,0,0,0,0
AL021707.9,lncRNA,0,2,2,1,10,12
AL021807.1,lncRNA,0,2,0,0,2,0
AL021877.2,lncRNA,3,14,3,6,28,11
AL021878.2,lncRNA,0,1,1,0,0,1
AL021917.1,lncRNA,0,0,0,1,2,2
AL021918.3,lncRNA,0,0,0,0,5,2
AL021918.4,lncRNA,2,5,3,0,0,0
AL021918.5,lncRNA,0,0,0,0,17,21
AL021920.1,lncRNA,3,3,2,4,2,2
AL021920.3,lncRNA,4,5,6,11,4,9
AL021937.1,lncRNA,1,3,1,1,5,5
AL021937.3,lncRNA,1,0,1,1,29,24
AL021937.4,lncRNA,0,0,0,2,1,0
AL021940.1,lncRNA,0,0,0,0,2,1
AL021978.1,lncRNA,0,0,0,1,2,0
AL022067.1,lncRNA,0,1,0,0,0,0
AL022069.1,lncRNA,0,1,1,1,8,8
AL022069.3,lncRNA,7,5,4,9,32,36
AL022097.1,lncRNA,0,0,0,2,3,8
AL022098.1,lncRNA,1,1,2,0,5,5
AL022100.2,lncRNA,8,19,32,15,150,158
AL022151.1,lncRNA,2,13,6,3,5,3
AL022157.1,lncRNA,0,0,0,0,4,7
AL022162.1,lncRNA,0,0,4,2,4,6
AL022170.1,lncRNA,6,6,0,6,3,4
AL022238.2,lncRNA,0,0,0,0,1,1
AL022311.1,lncRNA,14,28,14,23,25,41
AL022313.2,lncRNA,2,0,0,0,4,1
AL022313.3,lncRNA,0,0,0,0,0,1
AL022313.4,lncRNA,1,3,1,1,10,4
AL022314.1,lncRNA,1,1,2,0,22,22
AL022315.1,lncRNA,0,1,1,2,1,2
AL022316.1,lncRNA,0,0,1,1,4,3
AL022318.1,lncRNA,0,0,2,0,3,4
AL022318.5,lncRNA,1,1,0,2,4,2
AL022322.1,lncRNA,1,0,1,1,3,0
AL022322.2,lncRNA,16,22,42,29,126,107
AL022323.1,lncRNA,1,2,0,4,2,7
AL022323.2,lncRNA,2,15,4,10,8,9
AL022323.3,lncRNA,8,27,16,34,41,56
AL022323.4,lncRNA,6,3,1,1,6,1
AL022324.4,lncRNA,4,2,5,3,28,21
AL022326.1,lncRNA,2,0,3,4,4,8
AL022328.1,lncRNA,0,0,1,4,9,8
AL022328.2,lncRNA,0,1,0,1,4,2
AL022328.3,lncRNA,0,1,2,1,2,3
AL022328.4,lncRNA,1,4,10,4,17,21
AL022329.1,lncRNA,4,11,12,24,7,10
AL022329.2,lncRNA,1,4,0,4,3,5
AL022329.3,lncRNA,1,0,0,0,2,1
AL022332.1,lncRNA,0,6,2,3,7,6
AL022334.2,lncRNA,0,0,0,0,1,0
AL022337.1,lncRNA,0,2,0,3,6,8
AL022341.1,lncRNA,1,0,2,1,14,8
AL022341.2,lncRNA,1,1,1,2,10,10
AL022344.1,lncRNA,8,11,9,15,52,41
AL022345.4,lncRNA,0,4,1,3,4,5
AL022397.1,lncRNA,0,1,2,4,1,1
AL022724.2,lncRNA,1,0,0,2,1,1
AL022724.3,lncRNA,1,5,1,0,8,7
AL022726.1,lncRNA,0,0,0,0,1,1
AL023283.1,lncRNA,0,3,1,2,3,4
AL023284.4,lncRNA,0,0,1,0,1,2
AL023495.1,lncRNA,9,19,20,39,174,182
AL023553.1,lncRNA,0,1,0,0,1,0
AL023574.1,lncRNA,0,1,0,0,5,4
AL023581.2,lncRNA,0,0,0,0,2,1
AL023584.1,lncRNA,0,0,0,0,0,1
AL023693.1,lncRNA,0,6,0,1,0,2
AL023754.1,lncRNA,0,0,1,1,2,1
AL023755.1,lncRNA,9,24,32,18,155,161
AL023775.2,lncRNA,0,0,0,1,3,4
AL023802.1,lncRNA,1,5,3,3,17,20
AL023803.1,lncRNA,0,1,0,0,2,1
AL023803.2,lncRNA,0,1,0,0,1,0
AL023803.3,lncRNA,0,0,0,0,12,15
AL023806.1,lncRNA,2,3,5,5,9,13
AL023806.4,lncRNA,0,0,0,0,2,1
AL023806.5,lncRNA,0,1,0,0,0,0
AL023877.1,lncRNA,0,0,0,0,2,0
AL023881.1,lncRNA,0,0,2,0,1,2
AL023882.1,lncRNA,1,1,1,10,5,16
AL023913.1,lncRNA,0,0,1,0,3,2
AL024474.2,lncRNA,0,0,0,0,1,0
AL024497.1,lncRNA,0,0,1,1,1,2
AL024497.2,lncRNA,0,0,0,0,0,4
AL024498.1,lncRNA,0,1,2,1,4,3
AL024507.2,lncRNA,9,16,6,7,54,38
AL024508.1,lncRNA,7,4,6,2,20,16
AL031005.1,lncRNA,0,0,1,0,4,3
AL031005.2,lncRNA,2,4,4,9,14,10
AL031008.1,lncRNA,2,2,7,3,23,17
AL031055.1,lncRNA,0,0,0,0,4,4
AL031056.1,lncRNA,0,0,0,7,4,3
AL031056.2,lncRNA,0,0,0,0,1,3
AL031058.1,lncRNA,7,5,6,2,9,31
AL031073.2,lncRNA,0,2,0,2,5,9
AL031118.1,lncRNA,0,0,0,5,8,4
AL031121.2,lncRNA,2,2,3,7,39,40
AL031121.3,lncRNA,1,0,1,4,7,7
AL031123.1,lncRNA,1,1,0,1,6,4
AL031123.2,lncRNA,6,1,6,4,12,10
AL031123.4,lncRNA,1,0,0,0,1,2
AL031123.5,lncRNA,2,1,2,9,9,10
AL031186.1,lncRNA,0,0,0,0,1,0
AL031259.1,lncRNA,0,0,1,1,1,0
AL031280.1,lncRNA,2,2,3,1,4,5
AL031282.2,lncRNA,7,29,32,22,33,34
AL031283.1,lncRNA,0,1,1,4,11,11
AL031283.2,lncRNA,1,1,1,0,7,6
AL031289.1,lncRNA,0,5,0,1,2,4
AL031289.2,lncRNA,1,2,0,3,10,18
AL031290.1,lncRNA,0,0,0,0,1,0
AL031291.1,lncRNA,0,1,2,1,7,5
AL031293.1,lncRNA,0,3,0,2,11,7
AL031320.2,lncRNA,1,1,0,5,1,1
AL031428.1,lncRNA,0,1,1,0,9,6
AL031429.1,lncRNA,0,2,0,0,0,0
AL031429.2,lncRNA,0,0,0,2,0,1
AL031430.1,lncRNA,0,0,0,2,3,3
AL031432.1,lncRNA,0,1,0,1,1,3
AL031432.3,lncRNA,0,0,1,0,7,3
AL031432.4,lncRNA,6,3,6,10,9,5
AL031432.5,lncRNA,0,2,1,2,5,6
AL031584.2,lncRNA,0,0,0,0,11,7
AL031587.1,lncRNA,3,0,1,5,3,2
AL031587.2,lncRNA,0,0,0,0,1,2
AL031587.3,lncRNA,0,1,0,0,1,0
AL031587.4,lncRNA,0,0,1,1,2,11
AL031590.1,lncRNA,4,11,12,23,22,29
AL031593.1,lncRNA,0,0,0,1,2,2
AL031595.2,lncRNA,20,40,62,53,103,59
AL031595.3,lncRNA,25,31,82,25,122,98
AL031598.1,lncRNA,7,7,3,5,20,28
AL031599.1,lncRNA,1,0,0,0,2,2
AL031600.1,lncRNA,0,0,3,0,3,7
AL031600.2,lncRNA,0,6,2,0,2,0
AL031600.3,lncRNA,0,1,0,0,4,3
AL031602.2,lncRNA,0,1,0,0,1,2
AL031651.1,lncRNA,3,4,0,3,2,1
AL031651.2,lncRNA,0,0,0,0,1,0
AL031656.1,lncRNA,2,0,1,1,7,7
AL031658.1,lncRNA,16,17,11,17,26,31
AL031658.2,lncRNA,0,0,0,0,1,2
AL031663.2,lncRNA,0,0,0,0,1,0
AL031663.3,lncRNA,2,4,5,1,84,57
AL031665.1,lncRNA,0,0,0,0,1,2
AL031666.1,lncRNA,1,2,2,1,10,5
AL031666.2,lncRNA,1,3,2,0,6,12
AL031666.3,lncRNA,0,0,0,0,2,2
AL031667.3,lncRNA,0,0,0,0,2,4
AL031668.1,lncRNA,0,0,0,0,0,1
AL031668.2,lncRNA,0,0,1,0,0,0
AL031670.1,lncRNA,1,2,0,3,0,3
AL031673.1,lncRNA,0,0,3,0,2,1
AL031674.1,lncRNA,1,0,0,1,3,5
AL031686.1,lncRNA,100,11,10,10,91,20
AL031687.1,lncRNA,1,0,0,2,2,3
AL031705.1,lncRNA,0,0,0,2,0,0
AL031709.1,lncRNA,0,0,0,2,0,0
AL031710.1,lncRNA,0,0,0,0,0,1
AL031710.2,lncRNA,1,0,0,1,3,2
AL031714.1,lncRNA,3,7,5,3,12,12
AL031716.1,lncRNA,0,0,1,3,0,1
AL031717.1,lncRNA,1,0,0,0,0,2
AL031722.1,lncRNA,0,8,0,4,0,4
AL031726.1,lncRNA,1,0,0,0,1,2
AL031726.2,lncRNA,0,0,0,0,2,3
AL031727.2,lncRNA,0,0,2,1,58,34
AL031731.1,lncRNA,3,0,0,6,4,2
AL031733.2,lncRNA,5,6,18,14,138,106
AL031767.1,lncRNA,0,0,0,5,1,1
AL031767.2,lncRNA,0,0,0,0,2,1
AL031768.1,lncRNA,1,2,0,0,1,2
AL031768.2,lncRNA,4,3,5,1,7,8
AL031770.1,lncRNA,0,1,0,0,1,1
AL031772.1,lncRNA,7,7,2,3,25,22
AL031773.1,lncRNA,0,0,0,0,1,1
AL031775.1,lncRNA,0,0,0,0,0,1
AL031775.2,lncRNA,0,2,0,2,0,0
AL031778.1,lncRNA,1,2,3,2,4,7
AL031779.1,lncRNA,0,0,0,0,0,3
AL031846.2,lncRNA,1,7,6,1,15,15
AL031848.1,lncRNA,1,5,0,1,1,1
AL031848.2,lncRNA,2,0,3,0,13,9
AL031963.1,lncRNA,0,0,0,0,0,1
AL031963.2,lncRNA,2,5,0,3,1,5
AL031963.3,lncRNA,4,5,2,12,5,8
AL031985.3,lncRNA,4,1,3,1,10,7
AL031985.4,lncRNA,1,1,1,1,2,2
AL032819.1,lncRNA,0,0,0,0,0,1
AL032821.1,lncRNA,2,2,7,13,2,6
AL033379.1,lncRNA,0,0,0,0,2,0
AL033380.1,lncRNA,0,2,1,0,7,10
AL033381.1,lncRNA,0,1,1,2,10,8
AL033381.2,lncRNA,0,0,0,1,4,1
AL033381.3,lncRNA,4,11,2,2,17,43
AL033384.1,lncRNA,0,0,1,1,6,4
AL033384.2,lncRNA,0,0,0,0,0,1
AL033397.1,lncRNA,8,6,1,2,6,8
AL033397.2,lncRNA,0,0,0,0,8,5
AL033504.1,lncRNA,0,0,0,0,2,1
AL033519.4,lncRNA,0,1,2,2,7,7
AL033519.5,lncRNA,0,0,0,0,0,1
AL033523.1,lncRNA,16,14,26,23,60,59
AL033527.2,lncRNA,12,11,30,18,90,65
AL033527.3,lncRNA,4,0,2,0,5,7
AL033528.2,lncRNA,0,2,1,1,2,1
AL033530.1,lncRNA,0,5,4,1,28,28
AL033539.2,lncRNA,0,0,0,1,2,4
AL033543.1,lncRNA,60,58,115,111,1842,1465
AL034346.1,lncRNA,3,8,6,11,19,18
AL034347.1,lncRNA,0,0,0,0,1,1
AL034348.1,lncRNA,3,4,2,4,6,11
AL034349.1,lncRNA,0,0,0,3,2,2
AL034351.1,lncRNA,0,1,0,1,6,3
AL034351.2,lncRNA,2,2,2,1,3,6
AL034374.1,lncRNA,0,1,0,1,1,1
AL034376.1,lncRNA,0,1,0,1,1,2
AL034380.1,lncRNA,0,2,0,0,0,0
AL034397.1,lncRNA,1,1,0,1,1,1
AL034405.1,lncRNA,0,0,1,0,5,2
AL034417.2,lncRNA,2,6,11,1,15,12
AL034417.3,lncRNA,2,18,2,5,2,2
AL034417.4,lncRNA,5,10,3,14,13,11
AL034422.1,lncRNA,2,0,0,4,3,7
AL034427.1,lncRNA,3,1,0,1,3,7
AL034428.1,lncRNA,117,412,421,165,257,286
AL034546.1,lncRNA,0,7,0,4,1,2
AL034548.1,lncRNA,1,0,1,1,10,14
AL034548.2,lncRNA,0,0,0,0,1,0
AL034550.1,lncRNA,2,2,1,7,9,8
AL034550.2,lncRNA,3,3,1,0,6,4
AL034550.3,lncRNA,1,0,0,2,3,7
AL035045.1,lncRNA,0,0,0,0,0,1
AL035071.1,lncRNA,1,4,0,4,2,4
AL035071.2,lncRNA,0,0,0,9,5,8
AL035078.1,lncRNA,19,30,12,9,50,56
AL035078.2,lncRNA,1,0,0,0,0,2
AL035078.3,lncRNA,1,0,1,0,1,1
AL035106.1,lncRNA,1,2,2,0,7,7
AL035250.1,lncRNA,0,1,0,4,1,1
AL035250.2,lncRNA,0,0,0,0,2,2
AL035251.1,lncRNA,1,3,0,4,3,2
AL035252.2,lncRNA,14,3,7,5,22,23
AL035252.3,lncRNA,4,3,3,4,12,11
AL035252.5,lncRNA,0,2,2,1,2,1
AL035258.1,lncRNA,0,0,0,0,2,0
AL035401.1,lncRNA,0,1,0,0,0,0
AL035404.2,lncRNA,4,0,0,0,1,1
AL035409.1,lncRNA,2,2,3,0,9,8
AL035409.2,lncRNA,0,4,2,10,7,4
AL035411.3,lncRNA,1,0,4,0,11,5
AL035412.1,lncRNA,1,1,1,3,2,3
AL035415.1,lncRNA,0,0,4,0,0,1
AL035416.1,lncRNA,0,2,0,1,1,0
AL035420.1,lncRNA,2,1,3,3,8,10
AL035420.3,lncRNA,0,0,0,0,7,6
AL035425.1,lncRNA,1,1,1,1,11,5
AL035427.1,lncRNA,0,0,2,0,1,1
AL035427.2,lncRNA,2,6,10,3,34,29
AL035443.1,lncRNA,0,2,2,0,2,7
AL035446.1,lncRNA,0,0,0,0,4,1
AL035446.2,lncRNA,0,0,1,5,6,6
AL035447.1,lncRNA,1,1,2,1,8,8
AL035448.1,lncRNA,2,3,0,0,5,2
AL035454.1,lncRNA,4,0,0,0,1,1
AL035458.2,lncRNA,0,0,0,1,3,2
AL035461.2,lncRNA,0,4,0,2,2,3
AL035467.2,lncRNA,1,1,0,0,3,2
AL035530.1,lncRNA,0,1,2,2,4,3
AL035530.2,lncRNA,10,22,33,64,25,24
AL035541.1,lncRNA,19,64,519,44,195,257
AL035587.1,lncRNA,1,4,1,1,3,4
AL035587.2,lncRNA,0,1,0,3,6,3
AL035587.3,lncRNA,0,1,2,5,9,6
AL035588.1,lncRNA,0,0,0,0,0,1
AL035603.1,lncRNA,0,0,0,0,22,11
AL035604.1,lncRNA,0,3,0,1,1,1
AL035653.1,lncRNA,1,0,0,0,2,3
AL035658.1,lncRNA,0,0,0,0,2,0
AL035661.1,lncRNA,0,0,0,2,0,1
AL035661.2,lncRNA,2,2,9,1,12,12
AL035665.1,lncRNA,0,4,1,3,2,2
AL035665.2,lncRNA,2,0,0,0,2,5
AL035670.1,lncRNA,1,4,3,1,12,16
AL035693.1,lncRNA,0,0,0,1,1,0
AL035694.1,lncRNA,1,0,0,5,4,9
AL035696.1,lncRNA,0,0,1,0,2,2
AL035696.3,lncRNA,0,5,3,2,5,2
AL035696.4,lncRNA,0,0,1,2,4,2
AL035701.1,lncRNA,0,0,0,0,3,4
AL035706.1,lncRNA,2,1,5,4,10,8
AL049198.1,lncRNA,1,6,1,4,14,13
AL049536.1,lncRNA,0,0,0,6,5,3
AL049539.1,lncRNA,0,0,0,1,0,0
AL049541.1,lncRNA,0,0,1,0,2,1
AL049541.2,lncRNA,1,1,0,0,1,2
AL049543.1,lncRNA,13,16,33,12,117,115
AL049552.1,lncRNA,0,0,0,0,1,2
AL049555.1,lncRNA,0,0,0,0,2,1
AL049557.1,lncRNA,1,2,2,5,17,15
AL049569.1,lncRNA,1,1,0,1,3,3
AL049569.2,lncRNA,0,1,0,0,3,1
AL049594.1,lncRNA,1,0,2,0,1,0
AL049612.1,lncRNA,0,1,6,0,5,2
AL049637.1,lncRNA,0,8,3,0,15,13
AL049646.1,lncRNA,0,0,1,1,4,8
AL049646.2,lncRNA,0,0,0,0,0,1
AL049648.1,lncRNA,0,0,0,0,1,0
AL049649.1,lncRNA,1,2,2,6,13,5
AL049651.1,lncRNA,0,0,0,0,1,1
AL049651.2,lncRNA,0,0,1,1,4,3
AL049695.1,lncRNA,0,0,0,0,4,1
AL049712.1,lncRNA,1,0,0,0,4,4
AL049747.1,lncRNA,0,0,0,1,5,4
AL049748.1,lncRNA,2,0,0,0,2,1
AL049749.1,lncRNA,0,1,0,0,3,0
AL049775.1,lncRNA,5,5,6,9,72,65
AL049775.2,lncRNA,2,0,1,0,1,1
AL049775.3,lncRNA,0,1,0,0,5,4
AL049777.1,lncRNA,2,4,2,3,16,13
AL049779.4,lncRNA,2,2,0,7,4,1
AL049780.1,lncRNA,3,3,1,2,112,88
AL049780.2,lncRNA,0,0,0,0,1,3
AL049794.1,lncRNA,0,0,0,0,5,0
AL049794.2,lncRNA,0,0,0,0,2,0
AL049795.1,lncRNA,1,1,3,1,5,3
AL049795.2,lncRNA,0,0,0,1,7,8
AL049796.1,lncRNA,2171,723,2455,907,3226,981
AL049812.2,lncRNA,0,0,0,0,1,1
AL049812.3,lncRNA,2,1,0,0,13,6
AL049820.1,lncRNA,0,0,0,0,0,1
AL049825.1,lncRNA,0,1,0,2,3,3
AL049828.1,lncRNA,20,29,16,23,57,65
AL049828.2,lncRNA,0,0,0,0,2,1
AL049829.2,lncRNA,0,0,0,0,1,0
AL049830.3,lncRNA,0,1,1,0,7,7
AL049833.1,lncRNA,0,1,0,0,1,3
AL049833.2,lncRNA,1,0,1,0,3,7
AL049833.4,lncRNA,1,0,2,0,3,6
AL049835.1,lncRNA,0,0,0,1,6,5
AL049836.1,lncRNA,1,0,0,0,3,2
AL049836.2,lncRNA,1,2,0,0,5,1
AL049838.1,lncRNA,1,0,1,1,10,11
AL049839.3,lncRNA,0,0,0,0,1,1
AL049840.2,lncRNA,0,11,3,2,11,12
AL049840.3,lncRNA,0,0,0,0,0,1
AL049840.4,lncRNA,0,0,0,0,0,1
AL049840.5,lncRNA,0,1,0,0,2,0
AL049869.2,lncRNA,2,1,6,3,24,12
AL049870.2,lncRNA,0,0,0,0,1,0
AL049870.3,lncRNA,0,0,0,0,0,1
AL049874.3,lncRNA,1,2,0,0,6,7
AL050309.1,lncRNA,9,10,6,11,41,43
AL050320.1,lncRNA,0,4,0,3,12,16
AL050327.1,lncRNA,0,0,0,0,1,0
AL050338.1,lncRNA,0,1,0,0,1,1
AL050338.2,lncRNA,2,1,0,2,3,1
AL050341.2,lncRNA,0,1,2,2,3,5
AL050343.2,lncRNA,1,0,0,4,20,3
AL050344.1,lncRNA,0,1,1,1,5,2
AL050349.1,lncRNA,0,0,1,0,1,2
AL050350.1,lncRNA,72,186,202,105,712,735
AL050402.1,lncRNA,0,2,0,0,1,2
AL050402.2,lncRNA,1,0,1,0,5,4
AL050403.1,lncRNA,5,12,14,11,70,48
AL050403.2,lncRNA,1,4,1,1,3,4
AL050404.1,lncRNA,0,2,3,1,27,22
AL078459.1,lncRNA,16,28,24,116,331,522
AL078581.2,lncRNA,0,1,0,1,1,1
AL078581.3,lncRNA,0,0,2,0,0,0
AL078581.4,lncRNA,0,1,0,0,1,2
AL078582.1,lncRNA,0,1,0,1,1,5
AL078582.2,lncRNA,3,3,0,2,7,22
AL078587.2,lncRNA,0,1,2,1,3,4
AL078590.1,lncRNA,0,9,1,0,0,0
AL078590.2,lncRNA,19,17,5,10,41,24
AL078599.2,lncRNA,1,5,0,1,4,6
AL078600.1,lncRNA,1,1,1,2,5,1
AL078604.2,lncRNA,0,1,0,0,2,2
AL078604.4,lncRNA,1,0,0,0,4,2
AL078605.1,lncRNA,6,30,2,1,1,2
AL078612.1,lncRNA,0,0,1,2,2,2
AL078612.2,lncRNA,0,1,0,2,3,2
AL078621.2,lncRNA,0,0,0,0,2,0
AL078622.1,lncRNA,3,8,8,13,45,29
AL078623.1,lncRNA,0,0,0,4,1,1
AL078644.1,lncRNA,1,1,2,2,17,15
AL078645.1,lncRNA,0,2,4,0,15,1
AL079301.1,lncRNA,3,0,4,3,9,6
AL079303.1,lncRNA,5,4,8,3,50,32
AL079304.1,lncRNA,0,2,0,4,1,2
AL079307.1,lncRNA,36,102,67,56,14,18
AL079307.2,lncRNA,0,0,0,2,1,0
AL079338.1,lncRNA,1,4,6,3,3,5
AL079343.1,lncRNA,0,1,0,0,3,2
AL080248.1,lncRNA,0,1,0,3,1,1
AL080275.1,lncRNA,2,1,1,0,2,3
AL080276.2,lncRNA,0,2,1,1,10,7
AL080284.1,lncRNA,0,1,0,0,0,1
AL080312.2,lncRNA,0,1,1,0,1,2
AL080313.1,lncRNA,0,1,0,2,1,2
AL080313.2,lncRNA,0,0,0,1,3,2
AL080316.1,lncRNA,0,0,1,0,2,1
AL080317.1,lncRNA,2,5,6,6,11,36
AL080317.2,lncRNA,1,6,2,2,5,6
AL096677.1,lncRNA,0,2,0,0,3,3
AL096701.3,lncRNA,1,4,0,0,3,4
AL096701.4,lncRNA,3,2,5,3,24,14
AL096706.1,lncRNA,4,3,8,4,17,28
AL096709.1,lncRNA,0,0,0,2,2,3
AL096712.2,lncRNA,0,0,1,5,4,5
AL096794.1,lncRNA,16,26,16,28,45,52
AL096799.1,lncRNA,1,2,2,2,18,18
AL096803.3,lncRNA,0,0,1,0,0,1
AL096828.1,lncRNA,0,0,1,5,3,2
AL096828.2,lncRNA,5,5,6,2,13,19
AL096828.3,lncRNA,0,0,1,1,4,1
AL096828.5,lncRNA,0,0,0,0,1,1
AL096828.6,lncRNA,0,0,1,0,2,2
AL096840.2,lncRNA,1,4,3,5,10,14
AL096854.1,lncRNA,0,1,0,0,0,0
AL096865.1,lncRNA,0,2,3,0,6,5
AL096869.1,lncRNA,0,1,2,1,1,1
AL096869.2,lncRNA,1,7,16,3,4,2
AL096869.3,lncRNA,0,1,0,0,6,4
AL096870.1,lncRNA,0,0,1,1,5,3
AL096870.2,lncRNA,4,2,2,4,15,16
AL096870.6,lncRNA,0,0,0,0,8,15
AL109610.1,lncRNA,1,0,0,0,2,2
AL109614.1,lncRNA,0,0,0,1,1,1
AL109615.2,lncRNA,14,16,31,31,104,86
AL109615.3,lncRNA,6,3,1,5,12,7
AL109615.4,lncRNA,1,5,8,8,12,13
AL109627.1,lncRNA,2,2,1,9,9,11
AL109628.2,lncRNA,0,4,0,0,1,3
AL109653.2,lncRNA,1,11,3,5,21,31
AL109659.1,lncRNA,0,1,0,0,0,0
AL109659.2,lncRNA,0,2,0,4,27,17
AL109741.1,lncRNA,11,3,2,19,11,6
AL109767.1,lncRNA,1,6,2,3,4,3
AL109804.1,lncRNA,0,1,3,0,6,3
AL109806.2,lncRNA,0,1,3,3,9,5
AL109807.1,lncRNA,0,1,0,0,1,1
AL109809.4,lncRNA,5,6,5,8,19,46
AL109811.1,lncRNA,0,1,2,1,9,6
AL109824.1,lncRNA,1,0,0,0,1,1
AL109828.1,lncRNA,0,1,3,4,1,2
AL109829.1,lncRNA,1,1,1,4,2,3
AL109837.3,lncRNA,0,2,0,2,1,3
AL109838.1,lncRNA,1,0,4,7,7,9
AL109840.2,lncRNA,1,3,1,1,5,6
AL109910.1,lncRNA,2,1,4,1,5,4
AL109910.2,lncRNA,1,1,2,0,7,4
AL109914.1,lncRNA,0,10,0,0,0,0
AL109917.1,lncRNA,1,1,0,1,8,6
AL109920.1,lncRNA,0,3,0,0,1,0
AL109923.1,lncRNA,1,0,0,0,1,2
AL109924.1,lncRNA,0,0,0,0,2,3
AL109924.2,lncRNA,3,6,2,0,19,20
AL109924.4,lncRNA,3,1,2,1,68,95
AL109930.1,lncRNA,1,2,3,2,50,23
AL109933.1,lncRNA,1,0,1,0,1,3
AL109933.5,lncRNA,3,1,4,1,11,8
AL109935.1,lncRNA,0,0,3,1,8,9
AL109936.2,lncRNA,0,4,0,5,1,1
AL109945.1,lncRNA,0,0,0,0,1,2
AL109946.1,lncRNA,3,3,4,9,19,21
AL109947.1,lncRNA,7,9,8,11,46,36
AL109954.1,lncRNA,0,1,0,3,4,4
AL109955.1,lncRNA,0,0,2,1,4,5
AL109976.1,lncRNA,6,10,9,13,33,22
AL110114.1,lncRNA,2,6,4,9,26,21
AL110115.1,lncRNA,0,0,1,0,0,0
AL110115.2,lncRNA,3,0,1,1,2,4
AL110292.1,lncRNA,2,4,3,9,10,9
AL110503.1,lncRNA,0,1,0,0,1,0
AL110504.1,lncRNA,0,2,1,0,2,6
AL117190.1,lncRNA,2,1,1,1,6,4
AL117190.2,lncRNA,0,2,0,0,0,1
AL117209.1,lncRNA,0,0,1,1,4,1
AL117327.1,lncRNA,0,1,1,1,9,11
AL117328.2,lncRNA,5,6,10,4,46,42
AL117329.1,lncRNA,22,36,23,53,212,211
AL117332.1,lncRNA,2,1,5,6,16,21
AL117334.1,lncRNA,14,10,3,5,10,8
AL117335.1,lncRNA,2,3,1,3,6,4
AL117336.2,lncRNA,2,5,6,3,6,11
AL117339.3,lncRNA,0,2,2,3,3,5
AL117341.1,lncRNA,0,0,0,0,1,0
AL117344.2,lncRNA,2,4,6,0,23,22
AL117350.1,lncRNA,0,0,0,0,1,1
AL117353.1,lncRNA,0,5,0,0,3,4
AL117372.1,lncRNA,10,6,14,13,82,84
AL117378.1,lncRNA,0,3,1,1,8,3
AL117379.1,lncRNA,1,0,1,1,8,2
AL117382.1,lncRNA,0,3,3,2,7,8
AL117382.2,lncRNA,0,0,0,1,1,2
AL118505.1,lncRNA,0,0,0,0,2,0
AL118506.1,lncRNA,8,25,9,10,30,40
AL118508.1,lncRNA,3,3,6,6,55,33
AL118511.1,lncRNA,5,4,7,6,201,272
AL118511.2,lncRNA,0,1,1,0,3,4
AL118511.3,lncRNA,1,0,0,2,3,1
AL118511.4,lncRNA,2,0,0,0,1,5
AL118516.1,lncRNA,0,0,4,2,10,20
AL118522.1,lncRNA,0,0,0,0,0,1
AL118523.1,lncRNA,1,0,1,5,3,3
AL118556.1,lncRNA,1,0,0,0,1,1
AL118558.3,lncRNA,1,0,2,0,15,24
AL118558.4,lncRNA,0,0,2,1,1,0
AL121574.1,lncRNA,0,0,0,0,3,3
AL121578.1,lncRNA,0,0,0,0,7,4
AL121581.2,lncRNA,1,3,4,2,9,10
AL121582.1,lncRNA,0,0,0,0,6,5
AL121583.1,lncRNA,0,1,0,0,1,3
AL121584.1,lncRNA,0,0,0,1,0,0
AL121601.1,lncRNA,0,1,1,1,0,1
AL121603.2,lncRNA,8,6,2,20,13,17
AL121612.1,lncRNA,1,2,0,10,6,3
AL121612.2,lncRNA,14,8,21,4,77,50
AL121672.1,lncRNA,0,1,1,0,8,6
AL121672.2,lncRNA,3,1,1,0,2,2
AL121672.3,lncRNA,0,2,2,3,6,4
AL121694.1,lncRNA,6,0,0,3,2,2
AL121718.1,lncRNA,0,1,0,0,0,0
AL121748.1,lncRNA,0,0,1,0,3,2
AL121749.1,lncRNA,1,4,4,3,18,22
AL121749.2,lncRNA,0,2,0,0,4,2
AL121750.1,lncRNA,0,0,0,1,0,0
AL121757.1,lncRNA,1,2,2,4,15,10
AL121757.2,lncRNA,7,3,3,1,3,7
AL121759.1,lncRNA,0,0,2,0,1,2
AL121759.2,lncRNA,1,4,1,1,7,4
AL121761.1,lncRNA,4,2,17,13,6,4
AL121762.1,lncRNA,0,0,0,0,1,0
AL121762.2,lncRNA,0,0,0,0,1,1
AL121768.1,lncRNA,5,4,1,5,7,6
AL121772.1,lncRNA,4,6,3,3,18,34
AL121772.2,lncRNA,0,0,0,0,1,1
AL121772.3,lncRNA,0,1,2,1,6,3
AL121782.1,lncRNA,0,0,2,0,0,1
AL121787.1,lncRNA,1,2,3,2,5,3
AL121790.1,lncRNA,1,0,0,0,0,0
AL121790.2,lncRNA,0,0,0,4,2,0
AL121796.1,lncRNA,0,0,2,0,2,1
AL121809.1,lncRNA,1,5,2,1,56,53
AL121809.2,lncRNA,0,0,0,1,2,0
AL121820.1,lncRNA,0,0,0,0,2,1
AL121820.2,lncRNA,0,1,1,0,7,4
AL121820.3,lncRNA,5,5,6,3,20,25
AL121821.2,lncRNA,1,0,4,0,14,13
AL121823.1,lncRNA,0,0,0,0,1,0
AL121827.1,lncRNA,5,2,3,6,11,18
AL121829.1,lncRNA,5,4,1,6,9,9
AL121829.2,lncRNA,0,0,0,0,1,1
AL121830.1,lncRNA,0,0,1,1,5,5
AL121832.1,lncRNA,1,1,1,4,16,12
AL121832.2,lncRNA,7,8,3,6,20,25
AL121832.3,lncRNA,2,3,9,5,20,17
AL121839.2,lncRNA,2,6,2,5,14,11
AL121845.1,lncRNA,0,0,0,0,1,0
AL121845.4,lncRNA,0,1,0,0,1,5
AL121852.1,lncRNA,0,0,0,0,3,2
AL121872.1,lncRNA,1,0,1,0,3,1
AL121885.1,lncRNA,0,0,0,2,0,0
AL121885.2,lncRNA,0,0,1,1,4,3
AL121885.3,lncRNA,0,0,0,0,3,0
AL121888.1,lncRNA,1,3,5,4,14,13
AL121888.2,lncRNA,0,0,1,0,3,2
AL121890.2,lncRNA,0,0,0,3,3,2
AL121890.3,lncRNA,0,0,1,0,0,0
AL121890.4,lncRNA,1,1,0,0,0,0
AL121890.5,lncRNA,0,0,1,0,0,1
AL121892.1,lncRNA,0,1,0,0,4,0
AL121894.1,lncRNA,0,0,0,0,2,0
AL121894.2,lncRNA,0,0,0,0,2,1
AL121894.3,lncRNA,48,10,6,3,19,10
AL121895.1,lncRNA,1,2,5,4,15,13
AL121897.1,lncRNA,0,2,1,2,2,2
AL121899.1,lncRNA,0,0,2,0,5,2
AL121899.3,lncRNA,0,0,0,3,20,8
AL121899.4,lncRNA,1,1,3,1,15,9
AL121901.1,lncRNA,0,0,0,0,1,0
AL121902.1,lncRNA,0,0,1,0,3,2
AL121904.1,lncRNA,0,0,0,0,2,0
AL121904.2,lncRNA,0,0,1,0,1,1
AL121906.1,lncRNA,0,0,0,0,3,1
AL121906.2,lncRNA,0,0,0,0,4,2
AL121910.1,lncRNA,2,1,0,0,1,5
AL121917.1,lncRNA,15,11,17,12,50,8
AL121917.2,lncRNA,1,0,0,0,1,0
AL121928.1,lncRNA,0,1,0,0,0,1
AL121929.1,lncRNA,0,0,0,0,1,1
AL121929.2,lncRNA,0,8,0,16,10,5
AL121929.3,lncRNA,3,5,0,1,10,14
AL121932.2,lncRNA,24,13,75,12,118,77
AL121933.2,lncRNA,0,0,1,0,5,3
AL121935.1,lncRNA,2,3,5,2,39,37
AL121935.2,lncRNA,1,0,0,0,10,5
AL121935.3,lncRNA,2,1,1,0,5,6
AL121936.1,lncRNA,2,10,1,6,17,15
AL121938.1,lncRNA,0,1,0,2,3,4
AL121944.1,lncRNA,0,1,1,3,4,6
AL121956.1,lncRNA,0,0,1,0,3,6
AL121956.4,lncRNA,1,6,1,1,2,4
AL121956.6,lncRNA,1,5,3,4,11,6
AL121957.1,lncRNA,0,1,1,1,2,2
AL121970.1,lncRNA,0,0,1,1,2,1
AL121972.1,lncRNA,2,2,1,2,9,8
AL121974.1,lncRNA,1,1,0,0,6,3
AL121977.2,lncRNA,0,0,0,11,2,5
AL121981.1,lncRNA,0,5,1,0,3,9
AL121985.1,lncRNA,5,2,4,5,12,5
AL121987.1,lncRNA,1,3,1,10,6,10
AL121987.2,lncRNA,2,3,3,5,13,8
AL121988.1,lncRNA,1,0,3,1,2,2
AL121989.1,lncRNA,2,2,0,1,7,4
AL121990.1,lncRNA,0,1,2,0,8,3
AL121992.1,lncRNA,3,4,2,13,19,12
AL121992.2,lncRNA,0,0,1,0,3,4
AL121992.3,lncRNA,2,4,9,4,47,44
AL122003.2,lncRNA,0,1,0,1,1,7
AL122008.1,lncRNA,0,0,0,1,1,1
AL122008.3,lncRNA,2,2,9,7,39,24
AL122010.1,lncRNA,0,0,0,0,0,1
AL122014.1,lncRNA,7,2,1,0,6,7
AL122017.1,lncRNA,1,0,0,0,0,0
AL122018.2,lncRNA,1,3,0,2,3,2
AL122020.2,lncRNA,1,1,1,0,22,42
AL122023.1,lncRNA,1,0,1,1,1,2
AL122034.1,lncRNA,0,0,2,0,5,5
AL122035.1,lncRNA,0,1,0,0,0,1
AL122035.2,lncRNA,2,0,0,1,2,2
AL122058.1,lncRNA,0,1,1,0,19,14
AL122125.1,lncRNA,1,0,0,3,1,3
AL132633.1,lncRNA,0,0,1,2,5,3
AL132639.2,lncRNA,1,2,3,5,5,4
AL132639.3,lncRNA,1,1,1,1,6,2
AL132642.1,lncRNA,1,0,2,0,7,7
AL132655.1,lncRNA,2,3,1,1,5,3
AL132655.2,lncRNA,6,1,2,2,3,4
AL132655.3,lncRNA,1,1,1,2,9,13
AL132656.2,lncRNA,0,0,0,0,4,1
AL132656.3,lncRNA,2,0,0,0,4,4
AL132657.1,lncRNA,0,1,0,0,1,1
AL132657.2,lncRNA,0,0,0,1,0,0
AL132708.1,lncRNA,0,0,0,0,1,1
AL132709.7,lncRNA,1,6,20,3,18,18
AL132709.8,lncRNA,1,0,1,0,5,2
AL132711.1,lncRNA,1,0,2,0,5,3
AL132712.1,lncRNA,0,0,1,0,3,3
AL132712.2,lncRNA,0,5,2,3,11,9
AL132718.1,lncRNA,1,0,0,1,1,2
AL132719.1,lncRNA,0,0,0,0,1,0
AL132765.2,lncRNA,0,0,1,0,1,0
AL132775.1,lncRNA,0,1,1,0,1,1
AL132775.2,lncRNA,0,1,4,0,1,1
AL132780.1,lncRNA,1224,234,418,467,1086,309
AL132780.2,lncRNA,0,1,1,1,4,3
AL132796.1,lncRNA,0,0,0,1,1,2
AL132796.2,lncRNA,9,29,15,19,59,71
AL132799.1,lncRNA,0,0,6,0,0,1
AL132800.1,lncRNA,2,4,3,1,3,6
AL132801.1,lncRNA,0,0,4,3,6,4
AL132819.1,lncRNA,0,0,0,0,0,2
AL132822.1,lncRNA,0,0,0,0,1,0
AL132855.1,lncRNA,0,0,0,0,6,1
AL132857.1,lncRNA,2,3,2,3,12,10
AL132875.2,lncRNA,0,0,0,0,6,3
AL132875.3,lncRNA,0,0,2,6,5,5
AL132981.1,lncRNA,0,0,0,0,2,1
AL132982.1,lncRNA,0,2,1,0,5,2
AL132986.1,lncRNA,1,2,2,1,7,2
AL132989.1,lncRNA,0,0,0,0,0,1
AL132990.1,lncRNA,0,0,1,0,3,2
AL132996.1,lncRNA,15,12,12,21,55,53
AL133163.2,lncRNA,0,3,1,0,5,2
AL133163.3,lncRNA,0,0,0,1,0,0
AL133166.1,lncRNA,41,42,54,65,535,739
AL133167.1,lncRNA,1,6,0,0,0,0
AL133215.1,lncRNA,0,0,0,0,1,1
AL133215.2,lncRNA,0,0,1,0,5,4
AL133227.1,lncRNA,3,4,6,1,16,19
AL133230.1,lncRNA,2,4,3,6,16,13
AL133232.1,lncRNA,0,0,0,0,2,1
AL133240.1,lncRNA,0,0,0,5,3,4
AL133240.2,lncRNA,1,1,0,0,1,1
AL133243.2,lncRNA,1,1,0,1,2,2
AL133243.3,lncRNA,1,1,0,1,1,2
AL133245.1,lncRNA,0,3,0,6,1,7
AL133247.1,lncRNA,4,0,0,0,0,1
AL133255.1,lncRNA,0,0,0,1,0,0
AL133257.1,lncRNA,0,1,0,0,5,2
AL133259.1,lncRNA,0,1,1,2,8,9
AL133268.2,lncRNA,0,0,1,0,2,0
AL133268.3,lncRNA,0,0,0,0,3,3
AL133268.4,lncRNA,0,2,0,0,1,1
AL133279.1,lncRNA,0,0,0,0,1,1
AL133279.2,lncRNA,0,0,0,0,1,2
AL133279.3,lncRNA,0,2,1,2,3,5
AL133284.1,lncRNA,7,5,1,2,15,14
AL133297.1,lncRNA,0,0,0,0,0,1
AL133297.2,lncRNA,0,0,2,0,4,4
AL133299.1,lncRNA,1,0,1,1,11,7
AL133304.1,lncRNA,1,12,0,0,0,0
AL133304.2,lncRNA,0,0,2,0,0,2
AL133304.3,lncRNA,1,1,2,2,13,6
AL133313.1,lncRNA,1,4,1,2,3,2
AL133318.1,lncRNA,3,1,1,0,3,4
AL133319.1,lncRNA,0,0,0,0,2,3
AL133320.2,lncRNA,2,1,1,7,0,3
AL133325.2,lncRNA,1,2,1,1,5,4
AL133325.3,lncRNA,1,2,4,5,6,6
AL133329.1,lncRNA,0,0,0,0,1,1
AL133330.1,lncRNA,0,6,2,5,0,4
AL133331.1,lncRNA,0,0,0,0,1,1
AL133334.1,lncRNA,0,0,0,0,1,2
AL133335.1,lncRNA,0,0,1,2,3,3
AL133335.2,lncRNA,0,0,0,0,1,1
AL133338.1,lncRNA,1,1,0,0,2,2
AL133342.1,lncRNA,0,0,0,2,1,2
AL133343.1,lncRNA,0,1,1,0,4,1
AL133343.2,lncRNA,0,4,10,3,26,26
AL133346.1,lncRNA,2,0,1,1,4,6
AL133351.1,lncRNA,0,1,0,0,0,0
AL133351.4,lncRNA,1,0,2,2,6,4
AL133353.1,lncRNA,0,0,0,0,1,1
AL133355.1,lncRNA,1,1,4,2,6,3
AL133367.1,lncRNA,4,3,3,5,13,20
AL133368.2,lncRNA,4,6,0,3,2,0
AL133370.1,lncRNA,2,1,0,2,1,1
AL133371.1,lncRNA,1,0,2,6,6,5
AL133371.2,lncRNA,0,2,0,0,1,0
AL133371.3,lncRNA,3,4,1,0,3,5
AL133372.2,lncRNA,1,0,2,3,5,9
AL133372.3,lncRNA,0,0,0,0,0,1
AL133375.1,lncRNA,2,1,1,0,3,5
AL133383.1,lncRNA,2,1,0,0,2,2
AL133387.1,lncRNA,0,0,0,0,1,1
AL133387.2,lncRNA,0,1,0,0,7,5
AL133390.1,lncRNA,2,1,2,2,18,12
AL133395.1,lncRNA,0,0,0,7,2,2
AL133396.1,lncRNA,0,1,0,0,0,0
AL133405.1,lncRNA,0,0,1,0,2,2
AL133405.2,lncRNA,0,2,1,1,5,4
AL133406.2,lncRNA,0,0,0,0,4,3
AL133410.1,lncRNA,3,13,8,1,18,15
AL133410.2,lncRNA,0,1,2,0,3,4
AL133415.1,lncRNA,0,1,2,2,3,2
AL133419.1,lncRNA,0,1,2,0,0,1
AL133444.1,lncRNA,16,6,2,5,32,35
AL133445.2,lncRNA,0,0,0,0,2,1
AL133445.3,lncRNA,0,0,0,0,1,1
AL133453.1,lncRNA,0,1,0,0,0,0
AL133456.1,lncRNA,0,0,0,1,1,2
AL133457.1,lncRNA,0,0,0,0,4,2
AL133464.1,lncRNA,26,50,57,28,527,835
AL133465.1,lncRNA,0,0,0,0,2,4
AL133467.1,lncRNA,2,2,8,3,16,17
AL133467.2,lncRNA,2,2,4,2,9,11
AL133467.3,lncRNA,3,4,2,4,9,7
AL133467.4,lncRNA,0,0,1,0,3,1
AL133475.1,lncRNA,0,0,0,2,3,3
AL133476.1,lncRNA,1,0,0,0,2,0
AL133477.1,lncRNA,0,1,2,0,2,0
AL133477.2,lncRNA,0,0,0,0,0,1
AL133480.1,lncRNA,0,0,0,0,2,2
AL133481.1,lncRNA,0,2,0,0,1,1
AL133482.1,lncRNA,1,0,1,1,4,4
AL133485.2,lncRNA,0,2,0,0,0,0
AL133485.3,lncRNA,2,0,0,4,4,5
AL133492.1,lncRNA,6,5,7,7,12,10
AL133493.1,lncRNA,0,2,1,0,3,2
AL133493.2,lncRNA,1,1,3,3,4,4
AL133499.1,lncRNA,1,1,2,0,4,2
AL133516.1,lncRNA,1,1,1,3,10,8
AL133520.1,lncRNA,0,0,0,0,6,3
AL133523.1,lncRNA,0,0,0,0,4,1
AL133538.1,lncRNA,0,2,1,1,4,5
AL133551.1,lncRNA,2,0,0,2,3,6
AL133553.1,lncRNA,0,2,0,3,0,3
AL135744.1,lncRNA,0,0,4,1,14,8
AL135784.1,lncRNA,0,0,0,0,1,1
AL135785.1,lncRNA,0,0,0,2,0,0
AL135786.2,lncRNA,0,0,0,0,2,0
AL135787.1,lncRNA,0,1,0,0,0,0
AL135790.1,lncRNA,43,59,39,39,66,100
AL135791.1,lncRNA,1,2,0,1,6,2
AL135818.1,lncRNA,0,0,0,3,2,9
AL135818.2,lncRNA,0,0,0,1,3,2
AL135818.3,lncRNA,2,0,0,0,2,3
AL135838.1,lncRNA,0,2,5,1,12,7
AL135841.1,lncRNA,0,5,0,0,2,1
AL135878.1,lncRNA,1,2,9,6,14,12
AL135902.1,lncRNA,0,0,0,0,1,0
AL135905.1,lncRNA,14,14,31,16,19,12
AL135908.1,lncRNA,1,0,0,0,2,1
AL135910.1,lncRNA,27,19,25,17,262,255
AL135923.2,lncRNA,4,5,11,4,52,60
AL135924.2,lncRNA,0,1,0,0,1,0
AL135925.1,lncRNA,53,12,7,16,69,36
AL135926.1,lncRNA,0,1,0,1,2,5
AL135926.2,lncRNA,1,10,6,10,8,8
AL135934.1,lncRNA,0,0,0,0,1,0
AL135936.1,lncRNA,0,0,0,1,4,3
AL135937.1,lncRNA,0,0,0,0,1,2
AL135960.1,lncRNA,11,7,5,12,21,29
AL135978.1,lncRNA,1,1,1,0,2,3
AL135999.1,lncRNA,4,4,11,4,23,23
AL135999.2,lncRNA,1,12,4,13,3,3
AL135999.3,lncRNA,0,0,1,0,1,0
AL136018.1,lncRNA,0,2,0,0,3,4
AL136038.2,lncRNA,0,0,0,0,0,1
AL136038.3,lncRNA,3,3,4,25,15,18
AL136038.4,lncRNA,1,6,2,7,12,13
AL136040.1,lncRNA,1,2,6,1,17,8
AL136040.2,lncRNA,1,4,2,7,3,5
AL136084.1,lncRNA,4,2,5,2,10,7
AL136084.2,lncRNA,0,2,0,0,2,3
AL136090.1,lncRNA,0,0,1,1,1,1
AL136090.2,lncRNA,0,9,4,3,11,17
AL136096.1,lncRNA,0,0,0,0,4,7
AL136097.2,lncRNA,0,0,0,0,0,1
AL136099.1,lncRNA,6,2,8,5,40,39
AL136102.1,lncRNA,0,0,0,1,0,1
AL136114.1,lncRNA,2,3,0,4,4,2
AL136115.1,lncRNA,0,0,0,3,0,2
AL136115.2,lncRNA,1,1,1,0,1,1
AL136115.3,lncRNA,0,6,5,0,4,5
AL136119.1,lncRNA,1,4,2,0,21,36
AL136129.1,lncRNA,0,0,0,1,2,0
AL136131.2,lncRNA,2,0,0,4,5,4
AL136131.3,lncRNA,0,0,0,2,0,1
AL136140.1,lncRNA,0,0,2,1,5,7
AL136141.1,lncRNA,6,0,0,4,0,0
AL136162.1,lncRNA,4,1,2,3,5,8
AL136164.1,lncRNA,0,0,0,1,1,0
AL136164.2,lncRNA,0,3,0,0,1,1
AL136169.1,lncRNA,0,0,0,1,3,1
AL136171.2,lncRNA,7,15,7,8,33,25
AL136172.1,lncRNA,4,6,4,8,11,9
AL136181.1,lncRNA,2,0,2,1,2,4
AL136221.1,lncRNA,0,0,0,0,2,2
AL136225.1,lncRNA,1,1,1,7,4,9
AL136225.2,lncRNA,1,0,0,2,6,5
AL136234.1,lncRNA,1,0,0,0,0,0
AL136295.17,lncRNA,0,1,1,0,5,4
AL136295.2,lncRNA,1,0,1,0,5,2
AL136295.6,lncRNA,1,1,0,0,6,1
AL136298.1,lncRNA,0,0,0,1,0,0
AL136301.1,lncRNA,0,1,1,2,7,5
AL136305.1,lncRNA,6,2,7,4,9,9
AL136307.1,lncRNA,4,8,6,0,66,72
AL136309.2,lncRNA,2,2,1,1,3,4
AL136309.3,lncRNA,0,1,0,0,2,1
AL136317.2,lncRNA,0,3,0,8,2,6
AL136320.1,lncRNA,0,0,0,0,1,1
AL136322.1,lncRNA,0,0,0,0,0,1
AL136359.1,lncRNA,0,0,0,0,1,1
AL136360.2,lncRNA,0,0,0,0,4,3
AL136361.1,lncRNA,0,0,1,1,2,5
AL136366.1,lncRNA,1,3,0,0,3,5
AL136368.1,lncRNA,0,3,0,0,0,0
AL136369.2,lncRNA,0,0,0,0,1,0
AL136372.2,lncRNA,0,0,0,2,1,3
AL136376.1,lncRNA,0,0,0,0,1,1
AL136379.1,lncRNA,1,1,0,0,1,1
AL136418.1,lncRNA,0,0,0,0,2,2
AL136419.1,lncRNA,0,1,0,1,6,6
AL136419.2,lncRNA,2,0,1,1,1,1
AL136419.3,lncRNA,0,6,0,1,2,1
AL136439.1,lncRNA,2,5,0,2,3,2
AL136441.1,lncRNA,3,10,1,16,17,9
AL136442.1,lncRNA,0,0,2,2,3,1
AL136456.1,lncRNA,0,0,0,5,9,6
AL136460.1,lncRNA,0,0,0,0,2,0
AL136501.1,lncRNA,0,0,0,1,1,0
AL136524.1,lncRNA,0,1,0,2,1,3
AL136526.1,lncRNA,0,0,0,1,7,3
AL136531.1,lncRNA,0,0,0,1,4,2
AL136537.1,lncRNA,1,3,2,0,4,5
AL136961.1,lncRNA,0,0,0,0,2,2
AL136964.1,lncRNA,0,2,0,1,2,4
AL136972.1,lncRNA,0,0,0,0,0,1
AL136979.1,lncRNA,0,3,0,4,4,3
AL136980.1,lncRNA,0,0,1,0,0,0
AL136981.3,lncRNA,3,7,12,5,23,23
AL136981.4,lncRNA,1,3,3,4,8,9
AL136982.1,lncRNA,4,3,0,1,2,1
AL136982.2,lncRNA,0,0,0,1,0,0
AL136982.3,lncRNA,0,0,0,1,1,4
AL136982.6,lncRNA,0,0,0,0,1,1
AL136984.1,lncRNA,0,1,1,0,3,2
AL136985.2,lncRNA,1,0,0,2,1,0
AL136985.3,lncRNA,1,2,3,2,35,41
AL136987.1,lncRNA,0,1,0,0,1,2
AL136988.1,lncRNA,0,1,1,0,3,3
AL136988.2,lncRNA,0,0,0,1,6,6
AL137001.2,lncRNA,1,0,0,0,4,8
AL137002.1,lncRNA,0,0,0,0,1,1
AL137002.2,lncRNA,3,3,9,6,38,39
AL137003.1,lncRNA,0,0,1,1,2,3
AL137005.1,lncRNA,7,11,12,11,53,44
AL137005.2,lncRNA,1,0,0,1,2,3
AL137009.1,lncRNA,6,5,3,0,9,11
AL137017.1,lncRNA,2,5,3,5,16,12
AL137018.1,lncRNA,1,4,1,7,10,14
AL137024.1,lncRNA,0,1,0,3,0,3
AL137025.1,lncRNA,2,2,4,0,6,12
AL137026.1,lncRNA,2,6,6,2,16,14
AL137026.2,lncRNA,1,1,0,7,3,0
AL137026.3,lncRNA,1,5,8,2,4,3
AL137027.1,lncRNA,0,0,0,0,1,0
AL137058.2,lncRNA,0,1,1,0,2,2
AL137060.3,lncRNA,7,8,12,9,103,80
AL137067.3,lncRNA,2,1,0,1,1,4
AL137071.1,lncRNA,0,0,0,0,1,0
AL137076.1,lncRNA,0,0,0,0,1,1
AL137077.2,lncRNA,1,1,5,2,7,7
AL137078.1,lncRNA,1,4,2,0,1,2
AL137078.2,lncRNA,0,0,1,0,4,7
AL137100.3,lncRNA,4,2,1,5,9,10
AL137127.1,lncRNA,12,5,7,5,21,8
AL137129.1,lncRNA,0,0,3,1,0,1
AL137139.2,lncRNA,9,9,6,7,46,45
AL137139.3,lncRNA,0,0,0,1,2,0
AL137140.1,lncRNA,0,0,2,1,0,1
AL137157.1,lncRNA,0,3,2,4,2,2
AL137182.1,lncRNA,4,18,13,11,42,56
AL137186.1,lncRNA,1,1,6,2,42,29
AL137186.2,lncRNA,2,15,8,8,21,32
AL137191.1,lncRNA,1,4,4,6,45,34
AL137220.1,lncRNA,0,1,0,0,0,1
AL137224.1,lncRNA,0,0,0,3,4,3
AL137230.1,lncRNA,3,3,1,6,3,2
AL137230.2,lncRNA,0,3,1,2,3,4
AL137246.1,lncRNA,1,0,1,0,1,0
AL137246.2,lncRNA,1,0,0,0,2,1
AL137247.2,lncRNA,0,0,1,0,2,1
AL137779.1,lncRNA,4,3,8,5,25,30
AL137779.2,lncRNA,1,1,8,7,56,38
AL137781.1,lncRNA,0,3,0,1,10,3
AL137782.1,lncRNA,4,6,5,2,20,24
AL137786.1,lncRNA,2,3,5,11,28,26
AL137786.2,lncRNA,1,0,1,3,7,1
AL137786.3,lncRNA,1,0,1,1,8,6
AL137789.1,lncRNA,0,1,0,0,1,3
AL137796.1,lncRNA,0,1,0,1,2,0
AL137798.1,lncRNA,0,0,1,0,0,1
AL137798.2,lncRNA,4,5,6,10,5,12
AL137802.1,lncRNA,0,0,0,1,1,1
AL137802.2,lncRNA,0,0,0,0,0,1
AL137802.3,lncRNA,0,0,0,1,1,1
AL137804.1,lncRNA,1,0,0,0,0,0
AL137847.1,lncRNA,1,2,1,6,8,8
AL137847.2,lncRNA,0,1,0,2,2,2
AL137856.1,lncRNA,1,0,1,1,3,4
AL137857.1,lncRNA,1,4,2,0,1,3
AL138478.1,lncRNA,0,0,0,1,1,0
AL138479.2,lncRNA,2,4,5,13,22,15
AL138686.1,lncRNA,1,0,0,0,1,1
AL138689.1,lncRNA,0,0,0,0,3,2
AL138689.2,lncRNA,7,9,4,4,37,39
AL138690.1,lncRNA,0,0,2,1,4,1
AL138694.1,lncRNA,0,2,1,15,5,4
AL138701.2,lncRNA,0,1,0,0,4,4
AL138708.1,lncRNA,0,1,0,1,2,7
AL138716.1,lncRNA,0,4,3,5,5,1
AL138720.1,lncRNA,0,2,1,2,4,6
AL138731.1,lncRNA,0,1,0,0,0,2
AL138733.1,lncRNA,0,1,2,0,1,1
AL138733.2,lncRNA,2,1,5,1,2,2
AL138740.1,lncRNA,0,2,3,0,1,1
AL138749.1,lncRNA,0,0,2,1,32,21
AL138756.1,lncRNA,4,4,2,8,13,11
AL138760.1,lncRNA,0,0,0,0,3,2
AL138762.1,lncRNA,2,2,1,0,14,11
AL138767.1,lncRNA,0,2,1,0,6,5
AL138767.3,lncRNA,0,0,0,0,1,0
AL138773.1,lncRNA,1,0,3,0,3,4
AL138778.1,lncRNA,1,6,3,2,11,9
AL138781.1,lncRNA,14,8,5,6,14,12
AL138787.2,lncRNA,0,0,0,2,1,1
AL138789.1,lncRNA,0,0,0,0,1,1
AL138799.3,lncRNA,0,1,0,0,2,1
AL138808.1,lncRNA,0,0,0,0,2,1
AL138812.1,lncRNA,0,0,0,0,0,1
AL138820.1,lncRNA,3,2,2,3,10,9
AL138824.1,lncRNA,7,5,5,2,25,14
AL138826.1,lncRNA,6,8,1,1,2,3
AL138828.1,lncRNA,6,9,2,2,27,22
AL138830.1,lncRNA,0,2,0,0,3,8
AL138830.2,lncRNA,3,2,4,2,3,7
AL138831.1,lncRNA,0,1,1,1,5,2
AL138831.2,lncRNA,0,1,0,1,2,1
AL138885.2,lncRNA,0,0,0,0,2,0
AL138885.3,lncRNA,0,0,0,2,9,4
AL138889.1,lncRNA,17,23,28,26,111,92
AL138889.3,lncRNA,0,1,0,4,7,5
AL138895.1,lncRNA,0,0,0,0,1,2
AL138899.1,lncRNA,4,0,1,1,1,4
AL138900.1,lncRNA,0,0,0,0,1,2
AL138916.1,lncRNA,39,11,19,18,66,39
AL138916.2,lncRNA,2,0,0,0,5,6
AL138918.1,lncRNA,5,2,1,1,7,7
AL138921.1,lncRNA,0,0,1,1,2,2
AL138921.2,lncRNA,0,8,0,6,11,20
AL138927.1,lncRNA,2,1,2,2,10,12
AL138930.1,lncRNA,0,0,1,0,1,1
AL138954.1,lncRNA,0,0,0,0,1,0
AL138955.1,lncRNA,0,0,0,0,3,1
AL138957.1,lncRNA,0,0,0,0,1,0
AL138960.1,lncRNA,1,1,1,1,12,6
AL138962.1,lncRNA,0,0,0,1,0,3
AL138963.3,lncRNA,3,6,4,9,4,9
AL138966.2,lncRNA,0,0,2,0,4,3
AL138976.2,lncRNA,0,0,0,0,1,1
AL138995.1,lncRNA,0,0,0,1,4,2
AL138997.1,lncRNA,1,0,0,0,1,1
AL138999.1,lncRNA,1,1,0,0,0,0
AL138999.2,lncRNA,5,1,0,0,8,6
AL139002.1,lncRNA,1,1,0,0,1,1
AL139008.2,lncRNA,0,7,0,4,1,2
AL139011.1,lncRNA,3,2,5,4,27,21
AL139020.1,lncRNA,2,4,0,10,5,4
AL139021.1,lncRNA,0,0,0,2,1,0
AL139021.2,lncRNA,0,0,0,0,3,3
AL139022.1,lncRNA,4,3,2,5,5,4
AL139022.2,lncRNA,0,0,0,0,0,1
AL139023.1,lncRNA,0,0,0,9,1,0
AL139035.1,lncRNA,0,3,0,0,1,1
AL139035.2,lncRNA,1,1,1,0,2,2
AL139039.3,lncRNA,0,0,0,0,2,3
AL139041.1,lncRNA,0,1,0,0,0,0
AL139042.1,lncRNA,4,1,1,3,6,3
AL139081.1,lncRNA,0,0,0,0,1,0
AL139081.2,lncRNA,0,1,0,0,3,0
AL139082.1,lncRNA,4,5,2,6,20,19
AL139090.1,lncRNA,0,0,1,0,4,1
AL139095.4,lncRNA,0,0,0,1,2,0
AL139095.5,lncRNA,1,5,2,1,10,3
AL139099.1,lncRNA,1,1,4,2,14,20
AL139099.2,lncRNA,0,7,0,2,0,1
AL139106.1,lncRNA,0,1,2,6,8,11
AL139118.1,lncRNA,0,0,0,0,2,2
AL139120.1,lncRNA,0,0,3,1,1,2
AL139124.1,lncRNA,0,0,2,0,0,0
AL139130.1,lncRNA,25,31,257,19,102,94
AL139142.1,lncRNA,0,0,0,7,0,0
AL139147.1,lncRNA,0,0,0,5,0,1
AL139161.1,lncRNA,0,1,0,0,3,0
AL139190.1,lncRNA,0,0,1,3,5,8
AL139193.1,lncRNA,0,0,0,0,2,0
AL139193.2,lncRNA,0,2,1,1,4,3
AL139220.2,lncRNA,7,4,11,20,25,24
AL139230.1,lncRNA,0,2,0,0,0,0
AL139231.1,lncRNA,0,1,2,0,1,0
AL139232.1,lncRNA,1,1,3,3,70,69
AL139234.1,lncRNA,1,1,1,2,21,23
AL139237.1,lncRNA,0,0,0,0,2,9
AL139241.1,lncRNA,0,0,1,0,5,6
AL139243.1,lncRNA,0,2,1,3,7,1
AL139246.1,lncRNA,1,2,2,0,5,5
AL139246.3,lncRNA,1,0,0,0,1,1
AL139246.4,lncRNA,0,1,2,0,3,3
AL139246.5,lncRNA,10,6,11,10,28,26
AL139254.1,lncRNA,0,0,1,4,0,2
AL139254.2,lncRNA,0,0,0,0,2,2
AL139254.3,lncRNA,0,1,1,0,1,1
AL139260.1,lncRNA,3,2,3,14,13,16
AL139260.2,lncRNA,2,6,1,1,6,5
AL139274.2,lncRNA,2,2,6,3,16,13
AL139275.1,lncRNA,0,0,1,2,4,3
AL139275.2,lncRNA,0,0,0,5,0,0
AL139280.1,lncRNA,0,1,2,1,3,4
AL139280.2,lncRNA,1,1,1,9,8,8
AL139280.3,lncRNA,2,5,7,5,23,11
AL139286.2,lncRNA,0,2,1,0,5,3
AL139287.1,lncRNA,0,0,2,0,0,2
AL139288.1,lncRNA,0,0,0,1,1,2
AL139289.1,lncRNA,0,1,2,0,4,7
AL139289.2,lncRNA,3,3,3,0,8,7
AL139294.1,lncRNA,0,0,0,0,0,1
AL139300.2,lncRNA,0,3,1,6,2,0
AL139316.1,lncRNA,0,0,0,0,0,2
AL139317.1,lncRNA,0,3,0,0,0,1
AL139317.3,lncRNA,0,2,1,0,1,0
AL139317.5,lncRNA,16,23,3,5,15,18
AL139330.1,lncRNA,1,1,1,3,2,1
AL139339.1,lncRNA,0,0,0,0,2,1
AL139339.2,lncRNA,1,0,0,0,1,2
AL139340.1,lncRNA,0,0,1,1,1,1
AL139348.1,lncRNA,3,3,0,0,2,8
AL139349.1,lncRNA,0,0,0,0,4,3
AL139350.1,lncRNA,1,0,0,0,2,2
AL139351.1,lncRNA,0,0,0,0,0,1
AL139351.2,lncRNA,1,2,2,0,11,18
AL139351.3,lncRNA,1,7,3,4,12,6
AL139352.1,lncRNA,0,1,2,1,3,3
AL139353.2,lncRNA,1,4,1,3,7,9
AL139354.1,lncRNA,2,0,0,2,2,1
AL139379.1,lncRNA,4,9,11,3,13,13
AL139381.1,lncRNA,0,0,1,0,1,1
AL139383.1,lncRNA,12,8,6,5,20,14
AL139384.1,lncRNA,7,4,3,7,36,51
AL139384.2,lncRNA,6,27,5,9,78,72
AL139385.1,lncRNA,1,9,4,9,21,23
AL139390.1,lncRNA,0,0,0,2,1,0
AL139393.1,lncRNA,6,1,2,1,8,11
AL139393.2,lncRNA,0,1,1,1,3,3
AL139397.1,lncRNA,1,0,0,1,1,0
AL139398.1,lncRNA,0,2,3,2,23,27
AL139405.1,lncRNA,2,3,2,3,7,12
AL139407.1,lncRNA,0,0,0,0,2,3
AL139420.1,lncRNA,2,1,5,2,16,16
AL139420.2,lncRNA,2,1,5,2,8,9
AL139423.1,lncRNA,7,5,15,9,62,48
AL139423.2,lncRNA,1,1,3,6,20,8
AL139424.1,lncRNA,1,2,2,1,4,2
AL139424.2,lncRNA,0,0,2,2,0,3
AL139424.3,lncRNA,0,2,1,6,1,5
AL139801.1,lncRNA,1,0,0,0,2,0
AL139807.1,lncRNA,1,0,2,4,1,1
AL139811.1,lncRNA,0,0,0,0,2,0
AL139815.1,lncRNA,1,1,1,3,3,3
AL139819.1,lncRNA,0,0,0,0,2,0
AL139823.1,lncRNA,0,0,0,1,8,2
AL139824.1,lncRNA,0,0,0,0,1,0
AL157359.1,lncRNA,0,0,0,1,0,0
AL157359.2,lncRNA,0,0,2,0,0,1
AL157369.1,lncRNA,2,0,0,0,3,6
AL157371.1,lncRNA,0,0,0,0,0,1
AL157371.2,lncRNA,2,0,1,0,1,1
AL157373.1,lncRNA,2,0,0,0,0,0
AL157373.2,lncRNA,1,0,1,0,4,1
AL157385.2,lncRNA,0,1,2,10,2,12
AL157387.1,lncRNA,0,0,0,0,1,0
AL157388.1,lncRNA,2,8,4,11,5,7
AL157392.1,lncRNA,0,1,1,0,4,2
AL157392.2,lncRNA,0,1,1,0,2,1
AL157392.3,lncRNA,14,28,20,19,43,53
AL157392.4,lncRNA,0,0,0,0,0,1
AL157394.1,lncRNA,0,0,0,0,1,1
AL157394.3,lncRNA,2,4,2,5,14,17
AL157395.1,lncRNA,0,3,0,6,3,5
AL157396.1,lncRNA,4,5,4,5,16,16
AL157400.1,lncRNA,0,0,0,0,1,1
AL157400.2,lncRNA,1,0,1,2,2,3
AL157400.3,lncRNA,1,4,3,2,6,6
AL157400.4,lncRNA,0,2,1,0,0,0
AL157402.1,lncRNA,0,5,7,0,1,1
AL157402.2,lncRNA,0,0,0,0,2,1
AL157413.1,lncRNA,0,1,0,2,19,10
AL157414.1,lncRNA,1,4,2,6,1,4
AL157414.4,lncRNA,1,2,0,1,3,4
AL157688.1,lncRNA,1,0,0,1,1,1
AL157700.1,lncRNA,0,0,0,0,0,1
AL157702.2,lncRNA,0,1,0,1,4,1
AL157709.1,lncRNA,0,0,0,0,1,0
AL157756.1,lncRNA,0,2,3,5,1,3
AL157762.1,lncRNA,0,0,0,0,0,1
AL157769.1,lncRNA,0,1,2,0,11,12
AL157778.1,lncRNA,1,4,1,0,10,7
AL157786.1,lncRNA,1,2,2,3,9,17
AL157813.1,lncRNA,1,1,1,1,12,4
AL157813.2,lncRNA,0,0,0,0,0,1
AL157817.1,lncRNA,0,0,2,0,1,3
AL157823.2,lncRNA,1,0,0,2,4,1
AL157827.2,lncRNA,3,1,1,1,13,9
AL157829.1,lncRNA,0,18,1,5,3,4
AL157831.2,lncRNA,3,25,11,17,5,6
AL157831.3,lncRNA,0,0,0,9,2,4
AL157832.1,lncRNA,0,1,0,1,1,1
AL157832.2,lncRNA,5,3,2,2,6,3
AL157834.1,lncRNA,0,0,0,1,3,0
AL157834.2,lncRNA,5,1,4,1,11,17
AL157838.1,lncRNA,4,4,1,10,5,11
AL157871.1,lncRNA,0,0,1,0,0,1
AL157871.2,lncRNA,0,1,0,2,1,3
AL157871.4,lncRNA,2,2,0,0,1,1
AL157871.5,lncRNA,0,0,0,0,1,2
AL157886.1,lncRNA,0,4,3,1,5,5
AL157888.1,lncRNA,0,0,0,3,3,4
AL157893.2,lncRNA,1,3,1,2,3,3
AL157895.1,lncRNA,23,7,0,4,6,7
AL157896.1,lncRNA,1,0,0,0,5,3
AL157902.1,lncRNA,5,3,5,3,156,38
AL157904.1,lncRNA,0,1,0,0,1,1
AL157911.1,lncRNA,7,1,1,6,24,23
AL157912.1,lncRNA,0,0,1,0,2,0
AL157931.1,lncRNA,0,0,0,0,0,1
AL157931.2,lncRNA,0,0,0,1,1,1
AL157932.1,lncRNA,0,0,1,0,0,0
AL157935.1,lncRNA,5,11,3,5,18,16
AL157936.1,lncRNA,2,1,0,0,4,3
AL157937.1,lncRNA,1,0,0,0,0,0
AL157938.2,lncRNA,3,6,3,2,4,2
AL157938.3,lncRNA,4,8,4,5,40,39
AL157938.4,lncRNA,2,6,2,6,5,2
AL157944.1,lncRNA,2,57,2,8,15,18
AL157955.1,lncRNA,0,3,0,0,1,0
AL157996.2,lncRNA,0,0,0,0,1,1
AL157997.1,lncRNA,0,0,0,1,0,1
AL158011.1,lncRNA,2,2,3,2,23,26
AL158013.1,lncRNA,1,1,1,0,2,1
AL158038.1,lncRNA,1,3,0,0,4,6
AL158042.1,lncRNA,0,4,0,2,0,0
AL158055.1,lncRNA,2,3,1,2,22,20
AL158058.1,lncRNA,1,0,0,0,6,3
AL158058.2,lncRNA,3,3,2,0,6,10
AL158064.1,lncRNA,5,17,9,11,52,42
AL158065.1,lncRNA,0,0,0,0,6,0
AL158066.1,lncRNA,2,4,1,1,8,11
AL158068.2,lncRNA,3,1,9,0,1,1
AL158069.1,lncRNA,0,0,0,0,2,0
AL158070.1,lncRNA,4,1,1,2,4,4
AL158071.2,lncRNA,2,4,2,0,4,11
AL158071.3,lncRNA,6,5,2,3,21,21
AL158071.4,lncRNA,2,6,2,6,9,10
AL158077.2,lncRNA,0,0,1,4,5,2
AL158090.1,lncRNA,0,0,1,2,10,7
AL158136.1,lncRNA,1,1,1,2,3,4
AL158141.1,lncRNA,0,1,0,0,0,1
AL158147.1,lncRNA,56,44,69,47,110,60
AL158151.1,lncRNA,3,14,13,11,41,35
AL158151.2,lncRNA,1,1,2,0,2,1
AL158151.4,lncRNA,1,0,2,0,1,2
AL158154.2,lncRNA,0,0,0,0,2,2
AL158154.3,lncRNA,3,2,1,3,9,13
AL158163.1,lncRNA,1,0,1,0,8,10
AL158163.2,lncRNA,0,0,0,0,3,2
AL158166.1,lncRNA,0,0,2,0,1,0
AL158166.2,lncRNA,0,0,0,0,1,1
AL158167.1,lncRNA,0,0,0,0,1,1
AL158168.1,lncRNA,0,0,1,1,1,1
AL158175.1,lncRNA,2,1,2,5,11,13
AL158195.1,lncRNA,3,0,2,0,3,3
AL158196.1,lncRNA,2,0,0,0,1,0
AL158198.1,lncRNA,0,0,0,1,1,0
AL158198.2,lncRNA,0,0,0,2,2,0
AL158206.1,lncRNA,2,5,3,0,3,6
AL158207.2,lncRNA,0,0,0,0,1,4
AL158210.1,lncRNA,4,2,14,2,23,55
AL158211.1,lncRNA,0,0,1,0,1,2
AL158211.3,lncRNA,1,0,3,1,9,6
AL158211.4,lncRNA,0,0,0,0,0,1
AL158212.1,lncRNA,0,1,0,0,3,2
AL158212.2,lncRNA,0,0,1,0,7,7
AL158212.3,lncRNA,4,3,5,1,23,29
AL158212.5,lncRNA,2,6,0,4,1,2
AL158216.1,lncRNA,0,0,0,1,3,2
AL158800.1,lncRNA,3,3,18,5,147,17
AL158801.2,lncRNA,55,3,11,8,98,22
AL158801.3,lncRNA,0,0,0,0,1,2
AL158817.1,lncRNA,1,2,6,1,18,15
AL158825.2,lncRNA,0,2,2,0,1,2
AL158828.1,lncRNA,0,2,0,0,2,3
AL158829.1,lncRNA,0,0,0,0,0,2
AL158832.1,lncRNA,0,0,0,0,1,1
AL158832.2,lncRNA,1,0,1,0,2,2
AL158834.1,lncRNA,0,0,0,2,0,1
AL158834.2,lncRNA,0,0,1,1,1,2
AL158835.1,lncRNA,11,2,17,7,19,25
AL158835.2,lncRNA,0,0,0,0,1,0
AL158847.1,lncRNA,0,0,2,1,2,1
AL158850.1,lncRNA,0,2,1,0,3,3
AL159156.1,lncRNA,0,0,0,1,3,1
AL159158.1,lncRNA,1,0,0,0,1,1
AL159166.1,lncRNA,1,0,2,2,8,9
AL159169.2,lncRNA,0,0,0,0,1,1
AL159169.3,lncRNA,0,0,0,0,2,4
AL159174.1,lncRNA,0,2,3,4,23,19
AL159972.1,lncRNA,1,0,0,0,0,0
AL159978.1,lncRNA,0,0,1,2,5,5
AL159996.1,lncRNA,2,5,5,3,43,35
AL160004.1,lncRNA,0,0,0,0,1,0
AL160006.1,lncRNA,3,3,2,10,10,14
AL160035.1,lncRNA,1,0,1,0,7,5
AL160153.1,lncRNA,1,0,0,0,1,2
AL160154.1,lncRNA,0,0,1,0,0,0
AL160159.1,lncRNA,0,0,2,2,0,2
AL160163.1,lncRNA,1,0,0,2,2,0
AL160171.1,lncRNA,1,0,3,3,11,11
AL160191.1,lncRNA,3,1,3,3,17,12
AL160237.1,lncRNA,3,7,9,9,9,9
AL160254.1,lncRNA,2,2,4,0,3,3
AL160262.1,lncRNA,0,0,0,4,0,10
AL160270.1,lncRNA,1,0,2,0,4,3
AL160271.2,lncRNA,0,2,0,1,3,2
AL160272.1,lncRNA,20,17,18,19,203,207
AL160286.2,lncRNA,18,26,7,114,4,15
AL160286.3,lncRNA,5,3,3,2,11,8
AL160290.1,lncRNA,0,0,1,0,2,4
AL160291.1,lncRNA,0,0,0,0,1,1
AL160313.1,lncRNA,0,0,2,2,7,9
AL160313.2,lncRNA,0,0,0,1,4,1
AL160314.2,lncRNA,1,11,1,4,6,5
AL160396.1,lncRNA,0,0,0,1,3,3
AL160396.2,lncRNA,2,2,1,4,6,11
AL160400.1,lncRNA,8,51,12,22,18,36
AL160408.1,lncRNA,1,7,1,2,7,4
AL160408.2,lncRNA,0,2,1,2,1,2
AL160408.3,lncRNA,0,0,3,4,6,7
AL160408.4,lncRNA,1,2,1,0,4,8
AL160408.5,lncRNA,1,0,2,1,12,7
AL160408.6,lncRNA,0,0,1,2,1,1
AL160410.1,lncRNA,0,2,0,9,8,3
AL160411.1,lncRNA,0,0,0,0,2,1
AL160412.1,lncRNA,2,5,2,0,13,11
AL160413.1,lncRNA,0,0,0,2,2,7
AL161421.1,lncRNA,2,2,1,3,18,21
AL161430.1,lncRNA,0,0,0,0,1,1
AL161431.1,lncRNA,14,8,51,24,6,5
AL161443.1,lncRNA,1,1,1,0,2,6
AL161447.2,lncRNA,1,3,0,0,7,4
AL161449.2,lncRNA,4,4,3,3,8,11
AL161452.1,lncRNA,3,1,2,0,5,5
AL161457.1,lncRNA,0,0,0,0,0,1
AL161457.2,lncRNA,1,6,1,2,7,11
AL161616.2,lncRNA,0,1,0,0,0,0
AL161618.1,lncRNA,0,1,4,0,2,1
AL161628.1,lncRNA,0,0,0,0,0,1
AL161629.1,lncRNA,1,1,2,3,8,16
AL161630.1,lncRNA,1,0,1,0,1,2
AL161636.1,lncRNA,5,1,4,8,3,4
AL161638.1,lncRNA,0,0,1,0,0,0
AL161638.2,lncRNA,2,0,0,0,2,2
AL161640.1,lncRNA,0,0,0,0,1,0
AL161640.2,lncRNA,1,3,2,3,9,5
AL161640.3,lncRNA,3,11,7,3,15,16
AL161644.1,lncRNA,1,0,0,1,2,2
AL161645.1,lncRNA,0,1,0,0,9,14
AL161645.2,lncRNA,0,2,0,0,1,0
AL161646.1,lncRNA,0,1,1,2,4,0
AL161652.1,lncRNA,0,1,0,1,1,2
AL161662.1,lncRNA,1,2,2,2,17,14
AL161663.1,lncRNA,1,0,1,0,1,0
AL161663.2,lncRNA,1,0,2,0,4,6
AL161665.1,lncRNA,3,7,0,10,6,16
AL161665.2,lncRNA,6,1,3,1,11,11
AL161668.1,lncRNA,0,1,0,0,2,2
AL161668.2,lncRNA,0,0,0,0,1,0
AL161668.3,lncRNA,2,2,0,7,9,7
AL161668.4,lncRNA,0,0,1,0,2,4
AL161669.1,lncRNA,1,0,2,2,4,4
AL161669.4,lncRNA,0,0,0,0,1,3
AL161714.1,lncRNA,0,0,1,0,1,0
AL161716.1,lncRNA,2,3,1,3,142,20
AL161717.1,lncRNA,1,2,1,2,5,7
AL161725.1,lncRNA,10,8,10,16,56,54
AL161725.2,lncRNA,0,1,0,0,0,0
AL161729.1,lncRNA,7,2,3,2,33,21
AL161729.2,lncRNA,1,0,0,2,4,3
AL161729.3,lncRNA,0,0,0,0,1,0
AL161729.4,lncRNA,0,1,0,2,0,0
AL161731.1,lncRNA,2,2,1,2,11,10
AL161733.1,lncRNA,1,0,2,0,1,4
AL161734.1,lncRNA,0,0,0,0,0,3
AL161734.2,lncRNA,1,1,2,1,2,8
AL161740.1,lncRNA,1,3,0,1,1,2
AL161747.2,lncRNA,0,0,0,0,0,3
AL161752.1,lncRNA,0,0,0,0,1,0
AL161753.1,lncRNA,1,2,1,3,6,4
AL161756.1,lncRNA,3,19,3,9,11,15
AL161756.3,lncRNA,3,13,1,4,4,7
AL161757.2,lncRNA,0,0,0,1,1,0
AL161757.3,lncRNA,0,0,0,0,1,0
AL161757.4,lncRNA,0,0,4,1,6,10
AL161757.5,lncRNA,0,6,1,0,1,1
AL161772.1,lncRNA,10,6,7,8,25,26
AL161781.1,lncRNA,1,2,6,1,2,4
AL161782.1,lncRNA,0,3,2,0,4,5
AL161785.1,lncRNA,1,5,4,1,11,8
AL161793.1,lncRNA,0,8,1,2,0,1
AL161797.1,lncRNA,0,1,1,1,8,8
AL161804.1,lncRNA,1,2,1,2,2,5
AL161851.1,lncRNA,0,0,2,0,1,1
AL161851.2,lncRNA,0,0,0,0,2,1
AL161891.1,lncRNA,1,7,7,4,8,10
AL161893.1,lncRNA,8,17,3,3,19,17
AL161896.1,lncRNA,0,0,0,0,1,0
AL161908.1,lncRNA,3,2,3,3,20,16
AL161908.2,lncRNA,0,0,1,1,3,2
AL161909.2,lncRNA,0,0,1,4,1,1
AL161910.1,lncRNA,3,6,6,11,18,25
AL161912.1,lncRNA,0,1,0,0,0,0
AL161912.2,lncRNA,0,2,1,1,25,18
AL161935.1,lncRNA,3,3,6,3,89,52
AL161935.3,lncRNA,1,2,0,0,3,5
AL161937.1,lncRNA,2,0,4,0,0,0
AL161938.1,lncRNA,2,6,1,1,8,7
AL161941.1,lncRNA,1,2,2,2,10,8
AL161945.1,lncRNA,0,0,0,0,2,3
AL162151.1,lncRNA,1,1,0,0,1,1
AL162151.3,lncRNA,3,11,1,0,4,5
AL162171.1,lncRNA,1,2,0,0,6,5
AL162171.2,lncRNA,0,0,0,2,2,0
AL162171.3,lncRNA,0,1,0,10,3,4
AL162231.2,lncRNA,0,1,1,0,1,2
AL162231.4,lncRNA,2,1,3,5,9,13
AL162253.1,lncRNA,0,1,0,0,0,1
AL162253.2,lncRNA,3,1,2,3,7,4
AL162258.1,lncRNA,2,2,1,2,7,6
AL162258.2,lncRNA,2,1,2,0,7,6
AL162274.1,lncRNA,1,1,1,0,6,5
AL162274.2,lncRNA,0,1,1,1,1,2
AL162293.1,lncRNA,5,5,3,2,16,20
AL162311.1,lncRNA,0,0,0,0,1,0
AL162311.3,lncRNA,4,2,3,10,6,9
AL162377.1,lncRNA,2,3,6,2,32,22
AL162384.1,lncRNA,0,1,0,0,0,1
AL162385.1,lncRNA,1,1,2,0,3,4
AL162385.2,lncRNA,0,0,0,0,0,2
AL162386.2,lncRNA,1,2,0,1,8,11
AL162388.2,lncRNA,4,3,4,3,8,12
AL162390.1,lncRNA,290,85,120,140,556,148
AL162391.1,lncRNA,4,1,6,6,15,7
AL162391.2,lncRNA,1,2,2,1,11,11
AL162394.1,lncRNA,0,0,1,0,8,6
AL162400.1,lncRNA,1,0,0,0,0,0
AL162400.2,lncRNA,0,0,6,0,0,1
AL162400.3,lncRNA,1,0,1,0,3,1
AL162411.1,lncRNA,2,1,1,1,4,6
AL162412.1,lncRNA,2,3,7,2,16,13
AL162414.1,lncRNA,0,2,0,1,0,0
AL162419.1,lncRNA,0,1,25,1,2,2
AL162424.1,lncRNA,2,0,12,1,1,3
AL162425.1,lncRNA,2,0,0,4,0,0
AL162426.1,lncRNA,0,0,0,0,1,2
AL162427.1,lncRNA,41,62,34,30,423,779
AL162430.2,lncRNA,0,0,0,1,0,0
AL162431.1,lncRNA,0,2,1,3,5,3
AL162456.1,lncRNA,1,0,0,1,1,1
AL162457.1,lncRNA,9,8,10,6,15,11
AL162457.2,lncRNA,1,1,3,7,146,121
AL162458.1,lncRNA,14,14,2,13,31,28
AL162464.1,lncRNA,0,2,0,0,0,2
AL162464.2,lncRNA,0,1,0,1,0,0
AL162493.1,lncRNA,0,1,1,4,5,8
AL162497.1,lncRNA,0,1,1,0,2,2
AL162511.1,lncRNA,7,5,4,12,9,11
AL162573.1,lncRNA,0,3,0,0,0,1
AL162574.1,lncRNA,0,2,0,3,1,0
AL162574.2,lncRNA,0,1,2,0,0,0
AL162582.1,lncRNA,1,1,1,0,1,1
AL162584.1,lncRNA,0,0,0,0,5,3
AL162585.1,lncRNA,0,0,0,0,1,2
AL162586.1,lncRNA,2,2,2,2,6,7
AL162586.2,lncRNA,3,5,6,12,14,8
AL162591.2,lncRNA,0,0,0,0,2,1
AL162595.1,lncRNA,3,5,8,11,23,27
AL162595.2,lncRNA,0,1,1,2,15,11
AL162632.1,lncRNA,0,0,0,0,1,1
AL162632.3,lncRNA,0,0,0,2,1,0
AL162713.1,lncRNA,0,0,0,0,0,1
AL162713.2,lncRNA,4,7,5,5,16,15
AL162717.1,lncRNA,0,1,4,0,7,8
AL162718.1,lncRNA,1,3,4,1,10,11
AL162718.2,lncRNA,4,0,3,1,4,3
AL162718.3,lncRNA,1,2,2,3,10,12
AL162719.1,lncRNA,1,1,0,2,3,2
AL162724.1,lncRNA,0,0,0,0,1,2
AL162724.2,lncRNA,15,26,38,25,4,1
AL162725.2,lncRNA,0,0,1,1,5,7
AL162726.1,lncRNA,0,0,0,1,1,0
AL162726.4,lncRNA,2,6,1,1,4,5
AL162727.1,lncRNA,3,1,1,1,7,11
AL162727.2,lncRNA,0,0,0,0,2,1
AL162731.1,lncRNA,1,3,1,4,3,4
AL162741.1,lncRNA,2,0,2,0,2,2
AL162742.1,lncRNA,0,2,0,0,0,0
AL162872.1,lncRNA,0,0,0,0,4,0
AL163051.1,lncRNA,1,2,5,2,10,18
AL163192.1,lncRNA,2,2,2,3,3,5
AL163195.2,lncRNA,2,0,2,0,8,3
AL163534.1,lncRNA,0,3,1,4,5,7
AL163541.1,lncRNA,0,0,2,1,5,2
AL163872.1,lncRNA,4,2,8,8,20,26
AL163932.1,lncRNA,0,0,1,2,3,2
AL163952.1,lncRNA,1,2,2,1,6,9
AL163953.1,lncRNA,0,0,0,0,2,1
AL163973.3,lncRNA,0,0,0,0,0,1
AL163974.1,lncRNA,0,0,0,0,1,1
AL352979.4,lncRNA,0,1,2,1,7,3
AL353052.1,lncRNA,0,1,0,2,0,3
AL353052.2,lncRNA,1,0,3,2,9,11
AL353072.2,lncRNA,0,0,0,0,2,3
AL353135.1,lncRNA,1,1,0,0,11,6
AL353135.2,lncRNA,0,0,1,4,5,4
AL353138.1,lncRNA,0,0,0,1,1,1
AL353147.1,lncRNA,5,4,7,7,23,18
AL353150.1,lncRNA,1,0,0,0,2,2
AL353151.2,lncRNA,4,8,3,19,13,8
AL353152.1,lncRNA,0,0,1,0,1,2
AL353152.2,lncRNA,2,3,3,1,36,24
AL353572.4,lncRNA,1,2,1,0,6,7
AL353576.1,lncRNA,41,79,63,82,530,520
AL353581.1,lncRNA,1,1,3,3,11,13
AL353586.1,lncRNA,1,2,4,2,19,23
AL353593.1,lncRNA,8,11,13,15,33,25
AL353593.2,lncRNA,0,0,0,0,2,1
AL353593.3,lncRNA,6,5,2,7,13,11
AL353595.1,lncRNA,3,5,1,1,1,0
AL353596.1,lncRNA,2,0,0,0,3,1
AL353597.1,lncRNA,1,0,6,4,5,3
AL353600.1,lncRNA,0,0,0,0,1,0
AL353600.2,lncRNA,3,2,8,2,6,7
AL353604.1,lncRNA,0,2,3,13,44,25
AL353608.1,lncRNA,0,0,0,0,1,0
AL353608.3,lncRNA,4,7,4,10,19,29
AL353611.1,lncRNA,8,10,8,4,16,20
AL353612.1,lncRNA,0,0,0,1,1,1
AL353612.2,lncRNA,0,0,1,2,5,1
AL353613.1,lncRNA,1,0,0,1,3,3
AL353615.1,lncRNA,0,0,1,0,1,2
AL353622.1,lncRNA,188,117,80,224,306,240
AL353622.2,lncRNA,1,1,3,2,12,14
AL353626.1,lncRNA,0,0,0,0,1,2
AL353633.1,lncRNA,0,0,0,0,0,4
AL353637.2,lncRNA,0,3,10,5,32,4
AL353648.1,lncRNA,1,8,2,7,7,9
AL353658.1,lncRNA,0,1,1,1,3,4
AL353660.1,lncRNA,0,1,1,0,14,13
AL353680.1,lncRNA,0,0,0,0,2,1
AL353681.1,lncRNA,1,1,1,0,7,6
AL353688.1,lncRNA,3,1,0,0,0,1
AL353689.3,lncRNA,1,1,0,0,1,4
AL353693.1,lncRNA,0,0,0,2,0,0
AL353697.1,lncRNA,1,0,0,1,2,1
AL353699.1,lncRNA,0,0,0,0,0,1
AL353704.1,lncRNA,1,0,0,0,3,3
AL353704.2,lncRNA,1,3,2,1,15,16
AL353708.1,lncRNA,0,0,3,0,5,4
AL353708.3,lncRNA,2,1,2,4,4,4
AL353709.1,lncRNA,3,2,3,0,7,5
AL353719.1,lncRNA,2,3,3,2,25,17
AL353730.1,lncRNA,1,8,1,4,2,12
AL353732.1,lncRNA,4,2,8,2,21,23
AL353732.2,lncRNA,2,2,1,2,8,4
AL353740.1,lncRNA,2,0,1,0,0,0
AL353743.2,lncRNA,6,20,5,20,13,19
AL353746.1,lncRNA,1,5,5,2,12,7
AL353747.2,lncRNA,0,0,0,0,1,1
AL353747.3,lncRNA,0,0,0,1,2,3
AL353748.3,lncRNA,4,5,3,7,28,18
AL353751.1,lncRNA,1,2,2,2,6,3
AL353752.2,lncRNA,4,0,1,5,7,5
AL353753.1,lncRNA,1,1,15,1,2,4
AL353759.1,lncRNA,2,5,1,2,12,13
AL353764.1,lncRNA,0,0,0,0,2,1
AL353768.1,lncRNA,0,0,0,0,0,1
AL353768.2,lncRNA,0,0,0,0,0,1
AL353770.3,lncRNA,0,0,0,0,2,2
AL353770.4,lncRNA,1,2,1,1,2,2
AL353771.1,lncRNA,0,0,0,0,0,1
AL353774.1,lncRNA,0,1,0,7,2,2
AL353780.1,lncRNA,0,0,0,0,1,1
AL353784.1,lncRNA,1,2,5,0,5,2
AL353789.1,lncRNA,0,0,0,8,3,5
AL353795.2,lncRNA,0,0,1,0,4,2
AL353796.1,lncRNA,1,3,1,5,9,5
AL353796.2,lncRNA,0,1,0,2,2,0
AL353801.1,lncRNA,0,0,0,0,0,1
AL353801.2,lncRNA,0,0,0,0,6,9
AL353801.3,lncRNA,0,1,0,2,3,2
AL353803.1,lncRNA,2,1,1,3,5,9
AL353803.2,lncRNA,1,1,3,5,8,3
AL353803.4,lncRNA,4,1,4,2,24,26
AL353804.1,lncRNA,0,4,0,5,2,1
AL353804.2,lncRNA,0,0,0,1,0,0
AL353807.2,lncRNA,0,1,0,0,1,0
AL353807.5,lncRNA,0,0,0,0,0,1
AL353811.1,lncRNA,0,0,0,4,4,1
AL353997.2,lncRNA,6,7,31,10,29,19
AL354674.1,lncRNA,0,0,4,0,8,6
AL354694.1,lncRNA,0,0,0,0,2,1
AL354696.2,lncRNA,0,3,0,8,4,9
AL354702.1,lncRNA,0,0,1,1,7,9
AL354707.1,lncRNA,1,6,0,3,8,3
AL354710.2,lncRNA,1,0,1,3,4,4
AL354712.1,lncRNA,0,0,0,1,4,0
AL354714.1,lncRNA,0,0,1,3,3,3
AL354714.3,lncRNA,0,0,1,0,1,2
AL354718.2,lncRNA,0,0,1,0,0,0
AL354726.1,lncRNA,0,0,0,1,0,0
AL354733.1,lncRNA,0,2,3,2,14,11
AL354733.2,lncRNA,4,24,12,15,49,95
AL354733.3,lncRNA,0,1,1,1,3,1
AL354740.1,lncRNA,47,102,19,20,42,57
AL354741.1,lncRNA,1,0,0,0,1,2
AL354743.1,lncRNA,2,1,3,9,12,11
AL354743.2,lncRNA,0,1,1,0,4,3
AL354754.1,lncRNA,0,4,0,0,15,21
AL354760.1,lncRNA,0,0,0,0,1,0
AL354766.2,lncRNA,0,1,0,0,2,2
AL354771.1,lncRNA,1,0,0,0,1,1
AL354793.1,lncRNA,0,0,1,3,1,1
AL354809.1,lncRNA,5,4,8,19,25,30
AL354810.1,lncRNA,1,1,0,1,1,5
AL354811.1,lncRNA,0,2,5,2,2,3
AL354811.2,lncRNA,1,6,0,2,10,7
AL354813.1,lncRNA,2,4,8,10,34,30
AL354821.1,lncRNA,1,0,0,0,14,7
AL354824.1,lncRNA,0,0,0,1,2,2
AL354824.2,lncRNA,0,1,1,1,2,6
AL354833.1,lncRNA,7,12,6,9,30,25
AL354833.2,lncRNA,0,0,0,0,0,1
AL354836.1,lncRNA,0,1,0,2,7,8
AL354861.2,lncRNA,2,6,4,2,4,5
AL354861.3,lncRNA,1,4,2,3,7,5
AL354863.1,lncRNA,5,1,3,2,10,9
AL354864.1,lncRNA,0,0,0,0,1,0
AL354872.1,lncRNA,0,0,1,0,1,1
AL354892.1,lncRNA,0,2,0,0,0,0
AL354892.2,lncRNA,1,0,0,0,6,5
AL354892.3,lncRNA,1,1,0,6,4,1
AL354893.2,lncRNA,0,0,0,2,0,0
AL354897.1,lncRNA,0,0,0,3,2,1
AL354897.2,lncRNA,0,0,0,2,1,2
AL354916.1,lncRNA,1,3,0,0,2,0
AL354919.1,lncRNA,4,12,9,1,26,39
AL354919.2,lncRNA,0,2,1,5,10,10
AL354920.1,lncRNA,2,1,1,3,2,8
AL354928.1,lncRNA,3,2,1,0,6,3
AL354936.1,lncRNA,0,0,0,0,1,1
AL354950.1,lncRNA,0,0,0,0,1,0
AL354950.2,lncRNA,0,1,0,0,0,0
AL354950.3,lncRNA,1,0,4,0,9,10
AL354953.1,lncRNA,0,0,2,0,3,1
AL354956.1,lncRNA,0,3,0,2,0,0
AL354977.1,lncRNA,0,0,1,0,1,1
AL354977.2,lncRNA,0,0,0,0,3,0
AL354979.1,lncRNA,0,0,0,0,0,1
AL354984.1,lncRNA,1,0,0,0,2,4
AL354984.2,lncRNA,1,2,0,4,3,1
AL354989.1,lncRNA,1,0,0,0,0,1
AL354993.1,lncRNA,1,0,5,3,4,6
AL354993.2,lncRNA,0,0,0,0,2,0
AL355001.1,lncRNA,0,2,1,1,2,0
AL355001.2,lncRNA,1,3,7,3,18,10
AL355053.1,lncRNA,0,0,0,1,4,3
AL355073.1,lncRNA,0,0,3,1,10,7
AL355073.2,lncRNA,0,0,4,0,0,0
AL355075.2,lncRNA,0,0,1,0,0,1
AL355075.3,lncRNA,0,1,1,0,1,1
AL355075.4,lncRNA,1561,158,2546,5028,549,510
AL355075.6,lncRNA,0,1,0,0,1,0
AL355076.2,lncRNA,2,4,1,0,3,2
AL355095.1,lncRNA,0,0,0,1,0,1
AL355096.1,lncRNA,0,1,2,1,6,2
AL355097.1,lncRNA,1,1,0,0,0,0
AL355102.1,lncRNA,0,0,0,0,0,1
AL355102.3,lncRNA,2,1,2,3,3,1
AL355102.4,lncRNA,0,0,1,0,1,1
AL355102.5,lncRNA,0,2,0,0,3,5
AL355103.1,lncRNA,0,3,0,1,2,3
AL355112.1,lncRNA,2,0,0,1,2,3
AL355140.1,lncRNA,0,0,0,1,1,0
AL355297.1,lncRNA,0,0,1,0,0,0
AL355297.2,lncRNA,0,1,1,0,1,1
AL355297.3,lncRNA,2,0,3,2,4,3
AL355303.1,lncRNA,1,0,1,0,1,2
AL355303.2,lncRNA,0,0,0,0,1,0
AL355304.1,lncRNA,7,5,1,11,11,6
AL355306.2,lncRNA,4,13,3,7,19,19
AL355310.1,lncRNA,0,0,0,0,0,1
AL355310.2,lncRNA,0,0,0,1,2,3
AL355310.3,lncRNA,0,0,2,0,3,2
AL355312.2,lncRNA,3,2,0,2,1,5
AL355312.3,lncRNA,1,0,0,0,3,1
AL355312.4,lncRNA,2,1,0,0,0,0
AL355334.2,lncRNA,0,3,0,0,11,10
AL355336.1,lncRNA,12,6,0,4,6,9
AL355337.1,lncRNA,4,3,2,3,16,8
AL355338.1,lncRNA,2,2,2,3,12,11
AL355347.1,lncRNA,0,0,0,0,2,1
AL355353.1,lncRNA,1,1,2,3,4,4
AL355361.1,lncRNA,3,5,18,8,44,27
AL355376.1,lncRNA,0,2,0,0,0,1
AL355377.3,lncRNA,1,0,0,0,2,2
AL355377.4,lncRNA,0,0,0,3,6,6
AL355385.1,lncRNA,0,0,0,0,0,1
AL355388.1,lncRNA,4,6,2,8,12,17
AL355390.1,lncRNA,0,1,2,2,9,9
AL355390.2,lncRNA,1,0,0,0,1,0
AL355432.1,lncRNA,0,0,1,0,3,5
AL355472.2,lncRNA,0,1,1,0,2,2
AL355472.3,lncRNA,0,0,0,0,1,0
AL355474.1,lncRNA,0,0,3,0,4,5
AL355481.1,lncRNA,2,2,4,2,6,8
AL355482.1,lncRNA,0,0,0,1,2,5
AL355482.2,lncRNA,1,1,1,3,3,2
AL355483.1,lncRNA,0,0,0,1,8,5
AL355483.2,lncRNA,0,0,2,0,3,3
AL355488.1,lncRNA,2,3,3,0,12,8
AL355490.1,lncRNA,2,3,5,6,15,14
AL355490.2,lncRNA,0,0,1,1,1,1
AL355497.2,lncRNA,0,1,0,1,2,1
AL355499.1,lncRNA,4,7,5,5,7,14
AL355499.2,lncRNA,0,0,0,0,2,1
AL355501.1,lncRNA,2,1,0,1,1,2
AL355516.1,lncRNA,0,1,0,4,3,1
AL355526.1,lncRNA,0,2,0,0,1,2
AL355526.2,lncRNA,0,0,0,0,1,4
AL355531.1,lncRNA,5,9,11,12,21,13
AL355537.1,lncRNA,0,0,0,0,5,0
AL355537.2,lncRNA,0,1,2,0,8,5
AL355538.1,lncRNA,1,1,1,0,5,6
AL355574.1,lncRNA,43,2,2,3,44,12
AL355578.1,lncRNA,0,1,0,0,0,2
AL355581.1,lncRNA,0,1,5,3,8,15
AL355592.1,lncRNA,0,0,0,1,1,1
AL355596.1,lncRNA,1,2,2,1,3,1
AL355596.2,lncRNA,0,0,0,0,1,2
AL355597.1,lncRNA,1,4,0,2,5,6
AL355602.1,lncRNA,2,1,4,6,7,7
AL355607.1,lncRNA,0,1,0,0,0,0
AL355607.2,lncRNA,1,0,0,0,2,2
AL355612.1,lncRNA,0,0,0,2,8,1
AL355613.1,lncRNA,0,1,0,0,3,3
AL355672.1,lncRNA,0,0,0,0,2,3
AL355674.1,lncRNA,1,0,1,0,7,2
AL355677.1,lncRNA,0,1,1,0,2,2
AL355802.3,lncRNA,0,0,2,0,2,4
AL355803.1,lncRNA,1,0,1,0,1,0
AL355810.1,lncRNA,0,0,2,0,0,0
AL355816.2,lncRNA,1,2,1,2,5,5
AL355834.1,lncRNA,0,4,5,1,5,6
AL355834.2,lncRNA,2,2,4,5,1,2
AL355835.1,lncRNA,0,0,1,3,3,4
AL355836.2,lncRNA,5,2,1,8,14,15
AL355836.3,lncRNA,0,0,2,0,2,3
AL355836.4,lncRNA,0,3,0,1,8,5
AL355838.1,lncRNA,2,1,3,3,6,12
AL355870.1,lncRNA,0,0,0,0,1,3
AL355870.2,lncRNA,2,0,1,0,6,5
AL355881.1,lncRNA,5,1,3,2,10,8
AL355916.1,lncRNA,1,1,2,0,2,5
AL355916.2,lncRNA,5,0,1,3,7,4
AL355922.1,lncRNA,1,0,0,1,4,1
AL355922.3,lncRNA,0,1,0,0,0,1
AL355922.4,lncRNA,0,0,0,0,0,1
AL355974.1,lncRNA,1,2,0,0,3,1
AL355974.2,lncRNA,0,0,0,0,3,1
AL355981.1,lncRNA,0,1,4,0,3,3
AL355987.2,lncRNA,0,0,1,0,3,1
AL355987.4,lncRNA,5,5,8,20,44,45
AL355994.3,lncRNA,0,0,0,0,1,1
AL355997.1,lncRNA,0,1,1,2,3,7
AL355999.1,lncRNA,1,1,0,0,5,2
AL356010.2,lncRNA,4,3,0,0,3,1
AL356017.1,lncRNA,1,1,3,2,1,2
AL356019.1,lncRNA,0,0,1,0,4,4
AL356019.2,lncRNA,1,3,1,3,3,4
AL356020.1,lncRNA,0,7,2,6,5,7
AL356022.1,lncRNA,0,0,0,0,0,1
AL356056.1,lncRNA,2,0,1,1,3,3
AL356056.2,lncRNA,2,10,4,1,24,42
AL356094.2,lncRNA,1,2,0,0,1,3
AL356108.1,lncRNA,2,4,0,2,1,5
AL356113.1,lncRNA,2,3,2,2,4,6
AL356123.1,lncRNA,2,2,6,0,4,4
AL356123.2,lncRNA,1,0,1,0,7,4
AL356124.1,lncRNA,39,9,8,7,55,44
AL356124.2,lncRNA,0,0,0,0,1,0
AL356130.1,lncRNA,1,1,24,1,1,2
AL356157.1,lncRNA,0,0,1,0,1,0
AL356157.3,lncRNA,1,2,2,4,2,4
AL356215.1,lncRNA,0,3,0,1,8,8
AL356218.2,lncRNA,4,0,0,9,1,2
AL356234.2,lncRNA,4,0,5,1,17,7
AL356234.3,lncRNA,0,3,0,0,1,1
AL356259.1,lncRNA,0,1,0,0,0,0
AL356275.1,lncRNA,3,3,1,2,22,17
AL356276.1,lncRNA,0,0,1,0,1,1
AL356277.2,lncRNA,0,0,0,1,0,0
AL356277.3,lncRNA,3,1,3,4,3,3
AL356295.1,lncRNA,1,1,1,0,3,4
AL356299.2,lncRNA,1,4,0,0,2,1
AL356309.1,lncRNA,0,0,0,1,1,0
AL356309.2,lncRNA,0,0,1,0,4,2
AL356310.1,lncRNA,0,0,1,0,0,1
AL356313.1,lncRNA,0,0,0,0,0,1
AL356317.1,lncRNA,0,1,1,1,9,4
AL356361.3,lncRNA,0,0,0,1,4,2
AL356364.1,lncRNA,1,0,0,0,0,0
AL356379.2,lncRNA,0,0,1,1,1,1
AL356387.1,lncRNA,0,0,0,0,1,2
AL356413.1,lncRNA,0,1,1,0,4,3
AL356414.1,lncRNA,2,3,0,1,4,2
AL356417.1,lncRNA,2,3,2,7,15,12
AL356417.2,lncRNA,3,4,2,0,6,8
AL356417.3,lncRNA,4,6,13,8,55,47
AL356419.1,lncRNA,0,2,0,0,4,6
AL356421.2,lncRNA,0,0,0,0,1,0
AL356433.1,lncRNA,0,0,4,1,6,6
AL356441.1,lncRNA,0,0,0,1,4,2
AL356475.1,lncRNA,0,4,0,0,0,0
AL356481.1,lncRNA,1,2,2,7,9,7
AL356481.2,lncRNA,1,1,0,0,0,2
AL356481.3,lncRNA,1,1,0,1,1,0
AL356488.2,lncRNA,1,2,1,2,43,24
AL356489.1,lncRNA,2,5,3,7,11,16
AL356489.2,lncRNA,1,0,0,1,2,3
AL356489.3,lncRNA,0,0,0,2,4,2
AL356489.4,lncRNA,0,1,0,0,0,2
AL356495.1,lncRNA,1,2,2,3,5,4
AL356512.1,lncRNA,3,3,4,2,16,13
AL356515.1,lncRNA,0,0,0,0,1,0
AL356580.1,lncRNA,0,0,0,0,0,1
AL356608.1,lncRNA,7,4,2,2,16,8
AL356608.3,lncRNA,0,0,0,0,2,1
AL356652.1,lncRNA,1,1,0,0,2,2
AL356737.2,lncRNA,5,2,0,0,23,17
AL356740.1,lncRNA,0,1,1,0,9,4
AL356740.2,lncRNA,1,1,2,1,6,7
AL356740.3,lncRNA,0,3,2,2,2,2
AL356747.1,lncRNA,1,2,2,1,10,9
AL356752.1,lncRNA,0,0,0,0,1,0
AL356753.1,lncRNA,3,1,7,4,9,5
AL356756.1,lncRNA,1,0,0,1,0,2
AL356776.2,lncRNA,5,5,5,4,25,17
AL356804.1,lncRNA,1,4,6,11,62,159
AL356805.1,lncRNA,0,0,0,0,2,1
AL356807.1,lncRNA,1,0,1,1,0,1
AL356952.1,lncRNA,2,0,0,1,2,4
AL356961.1,lncRNA,0,0,0,1,2,1
AL356966.1,lncRNA,1,2,2,2,11,6
AL357033.1,lncRNA,6,4,9,9,25,28
AL357033.2,lncRNA,1,0,0,0,3,5
AL357033.3,lncRNA,3,1,1,2,9,8
AL357033.4,lncRNA,1,0,4,4,4,6
AL357052.1,lncRNA,107,258,184,178,422,718
AL357054.2,lncRNA,2,10,7,9,33,30
AL357054.3,lncRNA,0,0,0,1,3,4
AL357054.4,lncRNA,0,1,3,0,8,9
AL357054.5,lncRNA,0,0,1,1,3,2
AL357075.2,lncRNA,1,3,3,1,18,21
AL357075.3,lncRNA,1,2,0,1,1,2
AL357078.2,lncRNA,1,0,0,0,0,0
AL357079.1,lncRNA,2,2,1,1,95,75
AL357079.2,lncRNA,1,6,1,7,7,17
AL357079.3,lncRNA,0,0,0,1,2,2
AL357093.1,lncRNA,2,0,4,1,1,2
AL357093.2,lncRNA,17,34,14,18,118,85
AL357127.1,lncRNA,0,0,1,0,2,2
AL357139.2,lncRNA,2,1,5,0,17,17
AL357140.1,lncRNA,1,2,0,0,2,3
AL357140.2,lncRNA,1,0,0,0,1,1
AL357140.4,lncRNA,0,2,0,1,2,1
AL357141.1,lncRNA,0,0,0,0,2,4
AL357146.1,lncRNA,1,2,0,10,4,4
AL357153.1,lncRNA,1,0,0,1,4,3
AL357153.2,lncRNA,0,0,0,0,2,2
AL357153.3,lncRNA,0,1,0,0,2,1
AL357172.1,lncRNA,0,0,0,0,2,0
AL357315.1,lncRNA,0,0,0,1,0,0
AL357375.1,lncRNA,0,0,0,0,0,1
AL357497.1,lncRNA,13,14,23,12,185,168
AL357500.1,lncRNA,0,1,0,0,1,3
AL357507.1,lncRNA,7,9,5,0,30,27
AL357509.1,lncRNA,1,0,3,3,6,11
AL357513.1,lncRNA,0,2,1,1,4,1
AL357514.1,lncRNA,0,0,0,1,0,1
AL357518.1,lncRNA,0,0,1,0,1,1
AL357522.1,lncRNA,1,2,0,0,6,10
AL357552.2,lncRNA,0,1,0,0,0,0
AL357556.4,lncRNA,0,0,2,1,2,0
AL357558.1,lncRNA,0,0,1,0,0,1
AL357558.2,lncRNA,6,3,7,2,11,17
AL357558.3,lncRNA,0,0,0,0,2,2
AL357568.1,lncRNA,1,0,0,3,4,1
AL357614.1,lncRNA,0,0,1,0,0,1
AL357673.2,lncRNA,1,2,2,5,14,6
AL357793.1,lncRNA,0,0,0,0,0,1
AL357793.2,lncRNA,0,0,0,0,0,1
AL357832.1,lncRNA,1,0,1,0,14,7
AL357833.1,lncRNA,0,0,2,0,6,9
AL357835.1,lncRNA,0,3,3,0,9,10
AL357873.1,lncRNA,1,1,1,0,2,6
AL357874.1,lncRNA,1,6,12,8,60,80
AL357874.2,lncRNA,0,3,1,0,7,9
AL357874.3,lncRNA,2,2,7,3,21,11
AL357936.1,lncRNA,0,1,0,0,3,1
AL357972.1,lncRNA,1,1,0,0,1,2
AL358053.1,lncRNA,0,0,1,0,2,2
AL358072.1,lncRNA,0,0,0,0,1,1
AL358074.1,lncRNA,2,5,3,5,12,13
AL358075.1,lncRNA,1,0,1,2,1,2
AL358075.2,lncRNA,0,0,0,0,1,2
AL358115.1,lncRNA,1,2,1,0,6,7
AL358117.1,lncRNA,0,0,1,0,0,2
AL358134.1,lncRNA,0,0,0,0,3,4
AL358154.1,lncRNA,0,1,0,0,0,0
AL358176.1,lncRNA,0,2,0,0,2,0
AL358176.4,lncRNA,0,0,0,1,2,2
AL358177.1,lncRNA,0,1,1,0,7,6
AL358215.1,lncRNA,0,0,0,0,1,0
AL358215.2,lncRNA,0,1,2,1,12,20
AL358215.3,lncRNA,1,1,1,1,7,6
AL358216.1,lncRNA,4,11,3,1,9,14
AL358232.2,lncRNA,0,1,0,0,1,0
AL358292.1,lncRNA,0,0,0,0,0,2
AL358332.1,lncRNA,0,1,0,0,1,5
AL358333.1,lncRNA,0,0,0,0,1,1
AL358333.3,lncRNA,0,2,0,3,0,2
AL358334.1,lncRNA,0,0,0,0,2,1
AL358334.2,lncRNA,1,1,2,2,5,7
AL358334.3,lncRNA,0,0,0,0,2,2
AL358334.4,lncRNA,0,0,1,4,5,2
AL358335.2,lncRNA,1,6,1,0,2,5
AL358393.1,lncRNA,0,0,0,0,1,1
AL358394.1,lncRNA,0,0,2,0,0,2
AL358394.2,lncRNA,0,2,1,4,9,7
AL358394.3,lncRNA,0,0,0,0,0,1
AL358452.1,lncRNA,0,7,1,1,2,2
AL358472.2,lncRNA,5,1,1,1,7,4
AL358472.3,lncRNA,0,0,0,0,1,2
AL358472.4,lncRNA,0,0,0,0,3,2
AL358472.5,lncRNA,0,1,0,5,19,15
AL358473.1,lncRNA,1,4,1,2,7,11
AL358473.2,lncRNA,0,0,0,0,1,1
AL358612.1,lncRNA,0,0,0,2,0,0
AL358613.1,lncRNA,0,0,1,3,4,5
AL358613.2,lncRNA,0,0,0,0,3,4
AL358613.3,lncRNA,0,1,0,0,2,2
AL358777.1,lncRNA,0,3,6,0,6,3
AL358779.1,lncRNA,0,0,0,0,1,1
AL358780.1,lncRNA,0,1,5,2,5,6
AL358781.1,lncRNA,2,2,1,4,6,8
AL358781.2,lncRNA,0,0,0,2,4,1
AL358787.1,lncRNA,0,0,0,0,1,0
AL358790.1,lncRNA,1,1,0,0,9,7
AL358852.1,lncRNA,3,3,5,3,15,13
AL358876.2,lncRNA,0,0,1,2,5,10
AL358933.1,lncRNA,1,1,2,1,11,8
AL358937.1,lncRNA,0,0,0,0,0,1
AL358944.1,lncRNA,0,2,1,1,2,2
AL358976.1,lncRNA,1,1,3,4,9,9
AL359076.1,lncRNA,0,0,0,0,1,0
AL359081.1,lncRNA,0,2,0,0,0,0
AL359091.1,lncRNA,5,7,23,9,47,56
AL359091.3,lncRNA,0,0,0,3,2,1
AL359091.4,lncRNA,1,0,1,5,0,0
AL359094.1,lncRNA,1,1,7,3,18,21
AL359094.2,lncRNA,0,0,1,0,6,12
AL359095.1,lncRNA,0,2,21,48,22,14
AL359182.1,lncRNA,1,2,2,2,5,16
AL359198.1,lncRNA,0,0,0,0,3,2
AL359208.1,lncRNA,1,6,2,2,17,17
AL359220.1,lncRNA,1,19,1,6,16,10
AL359232.1,lncRNA,6,11,7,10,22,23
AL359233.1,lncRNA,0,0,0,0,1,0
AL359237.1,lncRNA,4,5,3,2,25,22
AL359238.1,lncRNA,0,0,0,0,2,0
AL359258.1,lncRNA,1,3,2,0,9,5
AL359258.2,lncRNA,1,1,5,5,5,6
AL359259.1,lncRNA,0,0,0,0,1,0
AL359313.1,lncRNA,6,2,10,1,10,6
AL359317.1,lncRNA,0,0,1,0,2,2
AL359317.2,lncRNA,1,1,1,8,14,13
AL359378.1,lncRNA,0,2,1,0,2,1
AL359382.1,lncRNA,5,1,0,0,2,0
AL359382.2,lncRNA,0,0,0,0,2,1
AL359397.1,lncRNA,1,1,0,3,1,1
AL359397.2,lncRNA,0,0,0,0,1,1
AL359399.1,lncRNA,0,2,1,1,9,5
AL359436.1,lncRNA,0,0,2,0,2,0
AL359458.1,lncRNA,0,0,0,0,1,0
AL359475.1,lncRNA,0,0,0,0,1,0
AL359502.1,lncRNA,0,1,0,1,1,0
AL359502.2,lncRNA,4,1,3,0,11,3
AL359504.1,lncRNA,1,0,4,2,8,9
AL359508.1,lncRNA,2,0,1,0,9,5
AL359511.2,lncRNA,0,0,1,0,4,4
AL359511.3,lncRNA,1,1,1,4,10,10
AL359513.1,lncRNA,0,1,0,0,1,1
AL359532.1,lncRNA,0,0,2,0,3,2
AL359538.1,lncRNA,3,5,3,7,27,23
AL359538.3,lncRNA,0,0,2,0,4,3
AL359538.4,lncRNA,8,12,10,7,25,41
AL359541.1,lncRNA,0,0,0,0,1,0
AL359546.1,lncRNA,0,0,0,1,12,9
AL359547.1,lncRNA,0,1,2,2,19,17
AL359551.1,lncRNA,0,0,2,1,4,6
AL359552.1,lncRNA,1,3,0,2,1,2
AL359555.1,lncRNA,4,4,0,0,1,2
AL359555.2,lncRNA,1,1,1,1,6,5
AL359555.3,lncRNA,0,1,1,1,0,0
AL359555.4,lncRNA,2,6,0,9,21,22
AL359632.1,lncRNA,0,1,1,0,2,1
AL359636.1,lncRNA,0,0,0,0,1,0
AL359636.2,lncRNA,6,22,3,13,68,121
AL359643.2,lncRNA,1,1,2,2,7,5
AL359644.1,lncRNA,6,3,2,4,19,19
AL359649.1,lncRNA,0,2,1,0,6,6
AL359682.1,lncRNA,1,0,0,0,3,4
AL359693.1,lncRNA,0,2,0,2,1,4
AL359697.1,lncRNA,0,0,1,0,11,1
AL359704.2,lncRNA,0,0,1,1,6,2
AL359706.1,lncRNA,0,0,2,0,3,1
AL359710.1,lncRNA,1,3,8,4,44,53
AL359711.2,lncRNA,1,2,4,4,4,3
AL359715.1,lncRNA,1,7,1,5,5,4
AL359715.2,lncRNA,0,0,1,2,9,6
AL359715.3,lncRNA,0,0,3,0,7,2
AL359732.1,lncRNA,0,0,1,3,4,2
AL359745.1,lncRNA,0,2,0,0,1,2
AL359762.1,lncRNA,4,4,2,0,5,3
AL359762.2,lncRNA,0,0,0,0,1,0
AL359762.3,lncRNA,2,7,1,2,4,5
AL359764.1,lncRNA,6,4,4,7,13,5
AL359764.2,lncRNA,7,7,3,21,26,25
AL359764.3,lncRNA,5,4,2,2,6,8
AL359813.1,lncRNA,3,1,4,5,8,7
AL359813.2,lncRNA,0,0,0,0,1,0
AL359834.1,lncRNA,1,0,0,0,3,3
AL359844.1,lncRNA,4,5,3,2,6,13
AL359851.1,lncRNA,8,8,6,12,21,26
AL359852.2,lncRNA,0,1,1,0,1,0
AL359853.1,lncRNA,1,2,0,0,2,3
AL359853.2,lncRNA,0,0,0,3,1,0
AL359878.1,lncRNA,5,10,3,11,22,22
AL359878.2,lncRNA,2,2,1,1,4,4
AL359880.1,lncRNA,0,0,0,0,0,1
AL359881.1,lncRNA,0,0,0,0,0,1
AL359881.2,lncRNA,0,0,0,0,1,1
AL359881.3,lncRNA,2,0,6,1,6,3
AL359894.1,lncRNA,0,0,0,0,0,2
AL359915.1,lncRNA,1,1,2,0,8,7
AL359916.1,lncRNA,0,0,1,4,1,3
AL359918.2,lncRNA,0,0,0,0,1,0
AL359921.2,lncRNA,0,0,1,1,2,2
AL359922.2,lncRNA,2,0,0,3,8,11
AL359924.1,lncRNA,2,1,1,2,16,7
AL359962.3,lncRNA,1,0,2,1,13,5
AL359979.1,lncRNA,0,0,0,0,1,1
AL359979.2,lncRNA,0,0,3,0,3,1
AL359987.1,lncRNA,0,0,0,0,0,2
AL360006.1,lncRNA,2,0,1,3,3,4
AL360007.1,lncRNA,0,0,0,1,0,1
AL360012.1,lncRNA,31,28,92,72,33,75
AL360013.2,lncRNA,0,0,0,2,0,0
AL360013.3,lncRNA,2,2,1,2,4,3
AL360013.4,lncRNA,0,1,0,2,1,2
AL360014.1,lncRNA,0,3,0,1,1,1
AL360015.1,lncRNA,9,6,3,4,6,5
AL360020.1,lncRNA,1,0,0,0,0,0
AL360089.1,lncRNA,0,0,0,1,1,5
AL360091.1,lncRNA,0,0,0,0,1,2
AL360091.2,lncRNA,0,0,0,0,1,0
AL360091.3,lncRNA,0,0,0,0,0,3
AL360093.1,lncRNA,0,2,2,0,2,0
AL360157.1,lncRNA,0,0,0,0,0,1
AL360169.1,lncRNA,0,1,0,0,0,1
AL360169.3,lncRNA,0,0,2,1,1,2
AL360175.1,lncRNA,1,7,0,1,0,1
AL360178.1,lncRNA,0,2,0,0,5,10
AL360178.2,lncRNA,9,12,9,16,8,11
AL360181.2,lncRNA,2,2,1,9,13,13
AL360182.2,lncRNA,10,8,14,26,65,71
AL360227.1,lncRNA,0,1,0,0,0,0
AL360267.1,lncRNA,0,0,1,1,0,0
AL360268.1,lncRNA,1,0,2,2,5,6
AL360268.2,lncRNA,0,0,0,0,1,1
AL360270.1,lncRNA,0,1,0,0,7,6
AL360270.2,lncRNA,0,9,0,3,5,3
AL360270.3,lncRNA,4,2,4,3,36,35
AL360295.1,lncRNA,2,0,0,3,5,4
AL365181.1,lncRNA,1,1,1,4,5,4
AL365181.2,lncRNA,4,6,2,5,12,7
AL365181.3,lncRNA,2,3,18,7,28,20
AL365181.4,lncRNA,0,0,0,0,2,0
AL365184.1,lncRNA,2,3,1,2,4,7
AL365184.2,lncRNA,0,0,0,0,1,1
AL365204.1,lncRNA,1,2,4,0,6,6
AL365204.2,lncRNA,2,0,0,1,0,0
AL365214.3,lncRNA,1,0,1,0,0,1
AL365215.2,lncRNA,0,0,2,2,1,0
AL365226.1,lncRNA,1,0,1,0,2,5
AL365229.1,lncRNA,3,4,2,7,10,11
AL365255.1,lncRNA,3,0,0,3,6,8
AL365256.1,lncRNA,0,0,0,1,3,6
AL365258.1,lncRNA,0,2,0,4,1,1
AL365259.1,lncRNA,1,0,3,3,11,11
AL365271.1,lncRNA,0,0,0,1,4,3
AL365272.1,lncRNA,3,1,3,4,13,11
AL365273.1,lncRNA,0,0,1,0,0,0
AL365295.1,lncRNA,3,9,11,13,61,52
AL365295.2,lncRNA,0,0,0,0,1,2
AL365318.1,lncRNA,0,0,2,0,0,0
AL365330.1,lncRNA,0,0,0,1,2,2
AL365356.1,lncRNA,0,0,0,1,1,0
AL365361.1,lncRNA,2,2,0,0,1,1
AL365394.1,lncRNA,0,1,0,0,0,0
AL365434.1,lncRNA,0,0,0,0,1,0
AL365434.2,lncRNA,0,0,0,0,1,0
AL365436.2,lncRNA,15,15,51,13,82,47
AL365440.1,lncRNA,2,2,2,1,16,23
AL389885.1,lncRNA,1,0,0,0,0,0
AL389889.1,lncRNA,0,0,0,0,3,3
AL389889.2,lncRNA,1,1,0,1,4,2
AL390037.1,lncRNA,0,0,0,0,0,1
AL390038.1,lncRNA,1,2,3,0,10,6
AL390061.1,lncRNA,0,1,0,0,0,1
AL390066.1,lncRNA,4,3,2,7,18,19
AL390066.2,lncRNA,1,1,2,4,2,3
AL390067.1,lncRNA,1,2,0,1,6,4
AL390071.1,lncRNA,0,1,0,2,2,2
AL390195.1,lncRNA,0,1,0,1,2,2
AL390195.2,lncRNA,0,0,0,0,2,2
AL390198.1,lncRNA,2,1,2,4,10,8
AL390208.1,lncRNA,0,0,0,0,2,2
AL390236.1,lncRNA,0,1,1,1,4,6
AL390242.1,lncRNA,0,1,0,4,0,1
AL390243.1,lncRNA,0,0,0,0,0,1
AL390254.1,lncRNA,0,0,0,2,5,6
AL390294.1,lncRNA,1,0,0,2,3,3
AL390718.1,lncRNA,2,2,3,1,14,26
AL390719.2,lncRNA,1,0,1,0,7,7
AL390719.3,lncRNA,0,3,2,5,4,8
AL390726.2,lncRNA,0,0,0,0,0,1
AL390728.4,lncRNA,3,1,0,1,7,6
AL390728.5,lncRNA,1,1,0,0,3,1
AL390755.1,lncRNA,2,9,3,5,24,30
AL390755.3,lncRNA,4,4,1,0,2,1
AL390760.1,lncRNA,0,0,0,0,1,0
AL390763.1,lncRNA,0,0,2,0,0,2
AL390774.2,lncRNA,0,0,0,0,3,1
AL390778.1,lncRNA,1,1,0,1,1,0
AL390778.2,lncRNA,1,1,3,3,13,8
AL390783.1,lncRNA,1,3,5,12,12,11
AL390791.1,lncRNA,1,2,1,0,4,7
AL390800.1,lncRNA,2,4,2,9,23,21
AL390816.1,lncRNA,0,1,3,1,4,3
AL390816.2,lncRNA,4,2,15,10,33,40
AL390835.1,lncRNA,0,1,0,0,2,2
AL390838.1,lncRNA,2,4,3,12,7,7
AL390839.1,lncRNA,0,0,0,1,6,1
AL390839.2,lncRNA,0,0,0,0,2,2
AL390856.1,lncRNA,1,0,0,3,6,8
AL390860.1,lncRNA,3,6,4,8,11,14
AL390862.1,lncRNA,3,0,0,0,2,1
AL390866.1,lncRNA,0,0,0,0,1,1
AL390955.2,lncRNA,2,0,1,1,3,3
AL390957.1,lncRNA,2,7,7,3,23,10
AL390961.1,lncRNA,0,0,0,0,0,1
AL390961.2,lncRNA,0,0,0,1,0,0
AL390962.1,lncRNA,0,0,1,0,0,0
AL390964.1,lncRNA,8,12,4,7,26,15
AL391001.1,lncRNA,0,2,0,0,0,1
AL391056.1,lncRNA,2,7,2,8,7,6
AL391056.2,lncRNA,0,2,0,1,0,2
AL391069.2,lncRNA,0,0,0,0,2,3
AL391095.1,lncRNA,3,3,14,0,10,19
AL391095.2,lncRNA,0,0,0,0,1,1
AL391095.3,lncRNA,0,0,0,0,0,1
AL391097.1,lncRNA,1,0,2,1,8,2
AL391097.2,lncRNA,0,0,1,0,7,7
AL391097.3,lncRNA,0,0,2,1,10,11
AL391117.1,lncRNA,0,0,0,1,6,6
AL391119.1,lncRNA,0,0,0,0,1,2
AL391121.1,lncRNA,2,9,7,13,57,43
AL391152.1,lncRNA,1,0,8,1,8,7
AL391244.1,lncRNA,1,2,2,4,12,13
AL391261.1,lncRNA,0,5,2,8,12,17
AL391261.2,lncRNA,1,0,0,0,0,0
AL391262.1,lncRNA,2,0,0,1,1,0
AL391294.1,lncRNA,11,7,4,6,26,19
AL391335.1,lncRNA,1,2,2,5,8,8
AL391361.2,lncRNA,0,0,0,0,4,3
AL391415.1,lncRNA,1,0,1,0,1,1
AL391421.1,lncRNA,4,1,1,2,7,8
AL391422.2,lncRNA,1,1,0,0,5,4
AL391422.3,lncRNA,0,0,0,1,5,2
AL391422.4,lncRNA,4,3,18,10,37,29
AL391425.1,lncRNA,0,0,0,1,2,0
AL391427.1,lncRNA,0,0,0,0,1,0
AL391477.1,lncRNA,1,0,0,0,3,2
AL391497.1,lncRNA,0,0,0,1,1,0
AL391538.1,lncRNA,0,0,1,0,2,0
AL391557.1,lncRNA,1,3,2,0,1,2
AL391560.1,lncRNA,1,2,0,1,0,1
AL391560.2,lncRNA,3,0,2,1,6,6
AL391650.2,lncRNA,0,6,5,3,5,6
AL391684.1,lncRNA,6,3,5,5,16,24
AL391704.1,lncRNA,0,1,0,0,5,3
AL391704.2,lncRNA,0,0,0,1,1,0
AL391730.2,lncRNA,1,8,4,1,4,6
AL391807.1,lncRNA,7,4,4,13,40,26
AL391811.1,lncRNA,3,1,0,0,1,2
AL391832.1,lncRNA,0,0,1,0,0,1
AL391832.2,lncRNA,7,10,3,3,36,17
AL391832.3,lncRNA,0,1,0,0,3,2
AL391832.4,lncRNA,5,8,28,23,5,12
AL391834.1,lncRNA,0,0,0,0,1,0
AL391834.3,lncRNA,1,1,0,0,1,1
AL391839.1,lncRNA,1,0,0,1,2,2
AL391839.2,lncRNA,2,1,15,2,33,25
AL391839.3,lncRNA,1,2,1,0,9,6
AL391840.1,lncRNA,9,16,11,14,21,29
AL391840.3,lncRNA,2,0,0,0,7,4
AL391844.1,lncRNA,0,2,0,0,2,3
AL391845.1,lncRNA,1,0,1,0,3,3
AL391845.2,lncRNA,2,2,2,0,5,7
AL391863.1,lncRNA,1,0,3,0,4,3
AL391863.2,lncRNA,0,0,0,0,0,1
AL391869.1,lncRNA,0,6,0,1,0,0
AL391883.1,lncRNA,0,0,0,1,1,2
AL391987.3,lncRNA,0,0,0,0,1,0
AL391987.4,lncRNA,0,1,0,1,0,0
AL391988.1,lncRNA,0,7,4,0,6,4
AL392023.1,lncRNA,0,0,0,0,1,0
AL392023.2,lncRNA,1,1,0,3,1,1
AL392024.1,lncRNA,0,0,1,2,11,12
AL392046.1,lncRNA,2,1,2,1,6,8
AL392048.1,lncRNA,0,0,0,0,2,0
AL392083.1,lncRNA,1,1,2,2,10,10
AL392083.2,lncRNA,0,0,0,0,1,1
AL392086.1,lncRNA,1,0,0,0,1,2
AL392086.2,lncRNA,0,2,0,0,3,2
AL392086.3,lncRNA,6,6,9,6,21,17
AL392089.1,lncRNA,0,0,0,0,1,1
AL392172.1,lncRNA,0,8,1,5,1,2
AL392183.1,lncRNA,0,2,6,1,12,16
AL392185.1,lncRNA,0,0,1,0,2,2
AL441883.1,lncRNA,0,1,1,1,4,3
AL441943.1,lncRNA,0,0,0,0,1,0
AL441943.2,lncRNA,0,2,1,3,5,1
AL441989.1,lncRNA,2,0,0,0,3,1
AL441992.1,lncRNA,0,0,1,2,1,2
AL442003.1,lncRNA,0,0,0,2,1,1
AL442063.1,lncRNA,0,2,2,6,22,8
AL442067.1,lncRNA,0,0,0,1,4,2
AL442067.2,lncRNA,0,0,0,0,0,2
AL442067.3,lncRNA,1,2,3,2,19,16
AL442071.1,lncRNA,0,0,1,1,3,1
AL442071.2,lncRNA,0,2,0,0,4,5
AL442125.1,lncRNA,2,1,2,2,5,10
AL442125.2,lncRNA,1,0,0,0,2,1
AL442128.2,lncRNA,2,2,1,1,3,3
AL442163.1,lncRNA,0,0,0,0,3,1
AL442224.1,lncRNA,0,2,2,0,29,27
AL442636.1,lncRNA,6,5,4,2,44,36
AL442663.3,lncRNA,5,17,8,14,10,5
AL445070.1,lncRNA,0,0,1,1,3,1
AL445072.1,lncRNA,0,0,0,0,1,1
AL445123.1,lncRNA,1,0,0,0,0,3
AL445123.2,lncRNA,1,0,0,0,0,1
AL445183.1,lncRNA,0,0,0,0,1,0
AL445183.2,lncRNA,1,3,2,8,10,21
AL445193.2,lncRNA,0,0,0,2,2,0
AL445205.1,lncRNA,1,0,0,1,4,5
AL445207.1,lncRNA,8,4,5,9,39,36
AL445209.1,lncRNA,3,1,7,3,15,13
AL445213.2,lncRNA,0,0,0,0,1,0
AL445218.1,lncRNA,0,0,0,0,1,5
AL445222.1,lncRNA,0,0,1,0,1,1
AL445223.1,lncRNA,0,2,0,2,3,3
AL445224.1,lncRNA,4,0,1,2,2,2
AL445228.1,lncRNA,0,0,0,0,1,1
AL445228.2,lncRNA,0,2,1,2,6,5
AL445231.1,lncRNA,3,17,34,21,4,4
AL445235.1,lncRNA,6,2,1,0,4,3
AL445237.1,lncRNA,5,9,13,10,44,35
AL445238.2,lncRNA,0,0,0,1,5,5
AL445248.1,lncRNA,0,2,0,1,1,1
AL445250.1,lncRNA,10,8,4,10,16,26
AL445253.1,lncRNA,1,0,1,2,36,22
AL445255.1,lncRNA,0,4,1,0,12,12
AL445259.1,lncRNA,2,4,1,3,9,6
AL445288.1,lncRNA,1,1,1,1,5,4
AL445307.1,lncRNA,0,0,1,2,0,2
AL445309.1,lncRNA,1,1,1,3,8,8
AL445363.1,lncRNA,1,1,5,2,3,4
AL445363.2,lncRNA,1,1,5,2,3,4
AL445423.1,lncRNA,0,0,0,0,0,2
AL445430.1,lncRNA,2,4,3,2,13,11
AL445430.2,lncRNA,0,1,0,0,1,2
AL445433.2,lncRNA,3,9,14,14,54,40
AL445438.1,lncRNA,1,2,1,2,11,11
AL445465.1,lncRNA,1,2,0,2,4,2
AL445465.2,lncRNA,0,3,0,0,3,4
AL445471.1,lncRNA,2,2,5,7,16,18
AL445489.1,lncRNA,0,0,0,0,1,1
AL445490.1,lncRNA,6,2,0,3,8,5
AL445493.2,lncRNA,0,0,0,0,3,1
AL445493.3,lncRNA,0,0,0,2,0,0
AL445524.1,lncRNA,2,4,1,11,17,14
AL445531.1,lncRNA,0,0,1,1,2,4
AL445584.2,lncRNA,1,1,0,2,1,2
AL445588.1,lncRNA,1,0,0,2,1,4
AL445604.1,lncRNA,0,0,1,0,2,0
AL445623.1,lncRNA,0,0,0,0,0,1
AL445623.2,lncRNA,1,11,2,3,7,9
AL445644.1,lncRNA,0,2,1,0,1,1
AL445645.1,lncRNA,7,6,3,2,11,9
AL445647.1,lncRNA,5,10,18,14,29,40
AL445648.1,lncRNA,4,11,0,6,1,5
AL445649.1,lncRNA,0,0,0,0,0,2
AL445668.1,lncRNA,0,0,0,0,3,0
AL445685.1,lncRNA,1,0,1,0,3,2
AL445928.2,lncRNA,1,0,2,6,11,20
AL445931.1,lncRNA,3,9,0,4,9,12
AL445933.2,lncRNA,0,0,0,2,0,0
AL445984.2,lncRNA,0,0,0,0,1,2
AL445985.1,lncRNA,4,9,2,6,12,13
AL445989.2,lncRNA,0,0,1,1,2,1
AL449043.1,lncRNA,1,1,2,3,6,4
AL449214.1,lncRNA,0,0,0,0,1,1
AL449223.1,lncRNA,0,0,0,0,1,2
AL449363.2,lncRNA,2,2,0,1,2,1
AL449403.1,lncRNA,0,0,3,1,10,9
AL449403.2,lncRNA,9,10,2,14,10,22
AL449403.3,lncRNA,2,5,0,11,3,1
AL449423.1,lncRNA,3,1,1,0,6,7
AL449983.1,lncRNA,0,0,0,1,0,0
AL450003.1,lncRNA,0,0,0,0,1,1
AL450043.1,lncRNA,0,0,2,0,2,2
AL450163.1,lncRNA,1,5,1,5,14,12
AL450226.1,lncRNA,0,1,5,0,8,5
AL450263.1,lncRNA,0,0,0,0,2,0
AL450267.1,lncRNA,0,0,0,0,0,2
AL450267.2,lncRNA,0,6,6,5,13,12
AL450306.1,lncRNA,2,2,3,2,34,18
AL450307.1,lncRNA,0,4,1,8,3,3
AL450311.1,lncRNA,2,3,3,5,2,7
AL450313.1,lncRNA,1,1,1,3,5,8
AL450322.1,lncRNA,0,0,0,3,1,2
AL450322.2,lncRNA,0,5,5,3,17,14
AL450326.1,lncRNA,6,1,2,6,8,6
AL450326.3,lncRNA,2,6,4,1,15,9
AL450327.1,lncRNA,2,0,1,0,5,3
AL450332.1,lncRNA,2,1,3,2,15,9
AL450338.2,lncRNA,1,3,1,1,2,6
AL450344.1,lncRNA,2,0,0,0,2,2
AL450344.2,lncRNA,0,0,0,0,1,2
AL450344.3,lncRNA,0,0,0,0,3,1
AL450345.1,lncRNA,1,2,1,4,8,13
AL450345.2,lncRNA,4,8,1,10,8,6
AL450352.1,lncRNA,0,0,0,1,1,2
AL450384.2,lncRNA,4,4,5,5,72,61
AL450423.1,lncRNA,0,0,1,0,2,2
AL450423.2,lncRNA,3,5,1,2,6,4
AL450426.1,lncRNA,1,2,1,2,7,9
AL450442.1,lncRNA,0,3,0,0,2,2
AL450467.1,lncRNA,1,1,0,1,2,4
AL450468.1,lncRNA,0,0,0,0,1,0
AL450468.2,lncRNA,7,3,4,4,42,60
AL450469.1,lncRNA,0,0,0,0,1,2
AL450469.2,lncRNA,0,0,0,0,1,2
AL450990.1,lncRNA,0,0,0,1,4,2
AL450992.1,lncRNA,2,3,1,2,3,7
AL450992.2,lncRNA,1,1,0,3,4,1
AL450992.3,lncRNA,0,2,0,0,4,3
AL450998.2,lncRNA,3,0,1,4,9,7
AL451007.2,lncRNA,1,2,2,0,21,17
AL451042.1,lncRNA,2,1,4,4,40,49
AL451042.2,lncRNA,3,3,2,2,22,20
AL451047.1,lncRNA,0,0,0,0,2,1
AL451048.1,lncRNA,0,2,0,4,1,2
AL451050.2,lncRNA,6,11,6,6,10,10
AL451054.4,lncRNA,0,1,0,0,1,3
AL451064.1,lncRNA,0,0,0,0,3,0
AL451065.1,lncRNA,1,1,1,0,3,2
AL451067.1,lncRNA,1,0,2,2,11,11
AL451069.1,lncRNA,1,2,2,4,16,16
AL451069.2,lncRNA,0,5,0,0,3,2
AL451069.3,lncRNA,1,2,1,0,7,2
AL451070.1,lncRNA,1,3,0,2,2,1
AL451080.1,lncRNA,0,1,0,0,1,3
AL451085.1,lncRNA,1,1,0,5,5,8
AL451085.2,lncRNA,2,1,3,3,10,8
AL451105.1,lncRNA,1,1,0,0,2,1
AL451123.1,lncRNA,9,8,14,20,33,40
AL451123.2,lncRNA,1,1,1,1,4,3
AL451127.1,lncRNA,0,0,0,1,0,0
AL451127.2,lncRNA,0,3,0,2,1,1
AL451129.1,lncRNA,0,0,0,1,2,0
AL451140.1,lncRNA,0,0,0,0,1,1
AL451164.1,lncRNA,1,0,1,3,3,3
AL451164.2,lncRNA,0,1,0,0,3,8
AL451164.3,lncRNA,0,0,0,2,2,2
AL451166.1,lncRNA,0,2,1,4,6,4
AL499602.1,lncRNA,0,1,0,0,3,1
AL499604.1,lncRNA,2,1,0,0,2,1
AL499627.1,lncRNA,2,2,3,3,22,27
AL499627.2,lncRNA,1,0,2,1,9,10
AL500522.1,lncRNA,0,0,0,0,2,0
AL512274.1,lncRNA,6,5,0,5,7,3
AL512283.1,lncRNA,0,0,0,0,1,0
AL512283.2,lncRNA,3,3,1,1,3,2
AL512283.3,lncRNA,0,0,2,4,1,2
AL512288.1,lncRNA,24,101,49,87,244,384
AL512306.2,lncRNA,1,5,10,2,8,7
AL512306.3,lncRNA,1,1,1,0,2,1
AL512308.1,lncRNA,2,4,2,0,28,7
AL512310.10,lncRNA,1,0,0,5,1,1
AL512310.11,lncRNA,0,3,1,0,1,1
AL512310.2,lncRNA,0,0,1,3,2,1
AL512310.9,lncRNA,0,0,1,0,3,1
AL512328.1,lncRNA,2,2,2,2,5,3
AL512329.2,lncRNA,0,0,0,0,0,1
AL512330.1,lncRNA,0,0,0,0,1,2
AL512353.1,lncRNA,2,6,4,2,17,13
AL512356.1,lncRNA,0,0,1,1,5,6
AL512356.4,lncRNA,1,1,0,0,1,4
AL512356.5,lncRNA,1,0,0,2,3,0
AL512357.1,lncRNA,0,0,1,1,2,2
AL512357.2,lncRNA,0,0,0,0,1,0
AL512358.1,lncRNA,2,0,0,0,2,1
AL512358.2,lncRNA,0,0,0,0,0,3
AL512363.1,lncRNA,0,0,0,0,1,1
AL512366.1,lncRNA,0,0,1,1,2,1
AL512380.1,lncRNA,4,1,1,1,5,4
AL512380.2,lncRNA,1,1,1,1,6,6
AL512408.1,lncRNA,2,3,8,2,25,31
AL512413.1,lncRNA,8,4,10,4,5,5
AL512424.1,lncRNA,4,1,0,4,6,1
AL512427.2,lncRNA,0,1,0,0,2,3
AL512444.1,lncRNA,0,0,0,0,1,1
AL512452.1,lncRNA,0,0,0,1,2,4
AL512484.1,lncRNA,1,4,1,2,4,5
AL512506.1,lncRNA,0,0,0,1,0,1
AL512590.3,lncRNA,1,1,0,0,2,0
AL512598.1,lncRNA,2,0,0,0,0,1
AL512598.2,lncRNA,1,4,42,93,62,6
AL512603.1,lncRNA,0,1,1,0,4,2
AL512603.2,lncRNA,0,2,1,1,4,7
AL512604.2,lncRNA,0,0,1,1,3,3
AL512604.3,lncRNA,19,17,44,18,168,139
AL512622.1,lncRNA,1,1,3,3,13,4
AL512624.2,lncRNA,1,1,1,2,4,3
AL512625.1,lncRNA,1,1,1,1,6,4
AL512625.2,lncRNA,1,1,2,1,27,14
AL512625.3,lncRNA,3,1,1,3,6,6
AL512631.1,lncRNA,0,1,2,0,0,0
AL512631.2,lncRNA,6,13,10,7,19,27
AL512634.1,lncRNA,8,1,3,5,10,12
AL512638.3,lncRNA,0,2,0,0,2,1
AL512641.1,lncRNA,0,1,2,1,2,2
AL512643.1,lncRNA,0,0,0,0,2,0
AL512643.2,lncRNA,1,1,3,1,5,5
AL512649.2,lncRNA,0,0,1,1,1,1
AL512652.1,lncRNA,0,2,0,0,1,0
AL512655.1,lncRNA,1,0,0,4,0,2
AL512656.1,lncRNA,0,0,1,0,0,0
AL512658.1,lncRNA,0,0,0,0,14,2
AL512658.2,lncRNA,9,7,16,9,33,32
AL512662.1,lncRNA,0,3,1,6,8,11
AL512770.1,lncRNA,4,4,2,11,7,14
AL512791.1,lncRNA,1,2,0,4,2,2
AL512791.2,lncRNA,18,10,16,14,56,50
AL513013.1,lncRNA,0,2,3,1,14,20
AL513122.2,lncRNA,0,0,0,2,1,1
AL513123.1,lncRNA,0,0,0,1,1,1
AL513128.1,lncRNA,216,809,310,438,4873,7057
AL513128.3,lncRNA,0,1,2,5,1,5
AL513164.1,lncRNA,0,0,0,0,0,1
AL513165.1,lncRNA,4,0,0,0,2,2
AL513166.1,lncRNA,4,6,2,4,16,34
AL513185.1,lncRNA,0,0,0,0,2,0
AL513188.1,lncRNA,0,2,0,1,0,0
AL513190.1,lncRNA,2,0,1,2,7,4
AL513210.1,lncRNA,6,5,4,2,12,14
AL513217.1,lncRNA,0,0,0,0,1,3
AL513218.1,lncRNA,0,1,0,0,1,2
AL513218.2,lncRNA,0,0,0,0,2,2
AL513220.1,lncRNA,1,2,1,1,4,7
AL513285.1,lncRNA,0,0,0,0,4,0
AL513303.1,lncRNA,1,1,0,0,3,2
AL513304.1,lncRNA,0,0,0,0,1,1
AL513314.2,lncRNA,0,0,0,1,1,1
AL513317.1,lncRNA,1,0,0,3,5,10
AL513318.1,lncRNA,1,0,1,1,4,5
AL513320.1,lncRNA,0,0,3,2,2,2
AL513321.2,lncRNA,0,0,3,0,2,2
AL513323.1,lncRNA,0,0,0,0,5,3
AL513324.1,lncRNA,1,10,1,0,5,7
AL513327.1,lncRNA,3,4,5,11,11,12
AL513327.2,lncRNA,0,0,0,0,2,0
AL513348.1,lncRNA,0,0,0,1,0,0
AL513412.1,lncRNA,0,0,0,1,0,1
AL513422.1,lncRNA,0,0,2,1,8,9
AL513477.2,lncRNA,0,0,0,1,0,0
AL513478.4,lncRNA,0,0,1,1,2,2
AL513487.1,lncRNA,0,0,1,2,7,5
AL513493.1,lncRNA,0,0,2,3,5,2
AL513523.4,lncRNA,0,2,0,0,1,2
AL513524.1,lncRNA,0,0,1,0,3,1
AL513534.2,lncRNA,2,6,2,5,10,11
AL513542.1,lncRNA,1,4,0,0,3,3
AL513548.1,lncRNA,2,1,7,3,6,2
AL513548.3,lncRNA,2,3,0,9,9,6
AL513548.4,lncRNA,1,0,0,0,1,1
AL513550.1,lncRNA,5,1,7,3,8,10
AL583722.1,lncRNA,0,0,0,4,1,0
AL583722.2,lncRNA,0,0,1,1,2,1
AL583722.3,lncRNA,2,0,2,0,5,7
AL583785.1,lncRNA,3,7,6,4,39,41
AL583803.1,lncRNA,0,0,0,0,1,0
AL583804.1,lncRNA,0,2,0,3,2,3
AL583805.2,lncRNA,0,1,0,2,0,0
AL583808.1,lncRNA,0,2,0,5,5,7
AL583809.1,lncRNA,0,0,0,0,3,1
AL583810.1,lncRNA,1,1,0,1,1,1
AL583810.2,lncRNA,2,7,6,1,37,23
AL583810.3,lncRNA,0,0,0,0,2,1
AL583824.1,lncRNA,0,0,0,0,4,1
AL583825.1,lncRNA,4,5,2,0,32,30
AL583827.1,lncRNA,2,0,3,1,17,9
AL583829.1,lncRNA,0,1,1,2,8,12
AL583839.1,lncRNA,0,0,0,0,1,0
AL583852.1,lncRNA,0,0,0,0,1,2
AL583854.1,lncRNA,0,2,0,1,4,5
AL583859.1,lncRNA,0,0,0,0,1,0
AL583859.3,lncRNA,1,4,3,1,8,2
AL589166.1,lncRNA,0,1,0,4,2,2
AL589182.1,lncRNA,0,2,0,1,1,2
AL589642.1,lncRNA,1,0,2,1,2,2
AL589642.2,lncRNA,0,0,0,0,1,0
AL589645.1,lncRNA,0,1,4,1,12,9
AL589669.1,lncRNA,0,0,0,1,8,3
AL589678.1,lncRNA,4,8,9,6,53,67
AL589684.1,lncRNA,0,0,0,0,1,0
AL589693.1,lncRNA,2,1,0,1,2,4
AL589702.1,lncRNA,0,0,1,0,5,6
AL589739.1,lncRNA,0,1,0,2,4,4
AL589740.1,lncRNA,21,71,17,40,65,62
AL589743.1,lncRNA,0,1,0,2,1,1
AL589743.3,lncRNA,0,3,1,8,17,15
AL589745.1,lncRNA,5,3,5,2,18,22
AL589745.2,lncRNA,0,0,0,0,1,0
AL589765.1,lncRNA,0,0,0,1,0,1
AL589765.2,lncRNA,0,0,0,0,1,0
AL589765.4,lncRNA,0,0,0,0,2,2
AL589765.5,lncRNA,0,2,0,0,4,3
AL589765.6,lncRNA,0,0,0,0,0,1
AL589765.7,lncRNA,0,0,0,0,0,1
AL589787.1,lncRNA,0,1,4,1,13,7
AL589787.2,lncRNA,2,3,8,6,19,20
AL589794.2,lncRNA,0,0,0,0,0,2
AL589826.2,lncRNA,1,3,3,1,18,27
AL589843.1,lncRNA,3,1,3,10,9,8
AL589863.1,lncRNA,0,0,0,1,1,1
AL589863.2,lncRNA,1,0,0,2,3,1
AL589923.1,lncRNA,0,2,1,0,16,17
AL589935.1,lncRNA,2,15,2,9,16,13
AL589935.3,lncRNA,1,0,0,1,1,0
AL589986.1,lncRNA,0,0,0,0,2,0
AL589987.2,lncRNA,0,1,1,2,1,3
AL589990.1,lncRNA,0,0,0,0,3,1
AL590004.3,lncRNA,1,7,3,10,34,31
AL590009.1,lncRNA,2,2,4,1,2,9
AL590027.1,lncRNA,0,0,1,0,0,2
AL590062.1,lncRNA,0,1,1,1,4,4
AL590064.1,lncRNA,0,0,0,0,1,2
AL590068.1,lncRNA,0,0,0,0,1,0
AL590068.2,lncRNA,1,0,0,0,1,2
AL590068.3,lncRNA,0,2,0,3,1,4
AL590068.4,lncRNA,0,0,1,0,3,1
AL590093.1,lncRNA,0,0,0,0,1,0
AL590096.1,lncRNA,0,1,0,1,2,3
AL590101.1,lncRNA,0,0,0,2,4,1
AL590133.1,lncRNA,0,0,3,1,6,6
AL590133.2,lncRNA,1,1,2,0,1,1
AL590138.1,lncRNA,4,1,1,1,3,3
AL590226.1,lncRNA,1,1,0,1,7,5
AL590235.1,lncRNA,2,1,1,2,2,4
AL590235.2,lncRNA,0,1,0,1,2,2
AL590282.2,lncRNA,0,0,0,0,2,1
AL590286.2,lncRNA,1,1,1,1,15,19
AL590302.1,lncRNA,0,0,0,1,1,0
AL590302.2,lncRNA,2,5,3,3,9,9
AL590369.1,lncRNA,0,0,1,0,9,3
AL590378.1,lncRNA,1,0,0,0,1,0
AL590381.1,lncRNA,0,0,0,0,1,0
AL590385.2,lncRNA,0,2,3,2,1,2
AL590399.1,lncRNA,1,0,1,1,4,4
AL590399.3,lncRNA,0,3,0,0,1,1
AL590399.5,lncRNA,0,3,1,4,2,3
AL590422.1,lncRNA,0,1,0,0,1,0
AL590428.1,lncRNA,3,3,2,3,10,12
AL590434.1,lncRNA,0,0,0,0,4,2
AL590438.1,lncRNA,3,4,4,4,29,24
AL590440.1,lncRNA,0,0,1,0,1,2
AL590440.2,lncRNA,3,8,2,7,6,8
AL590483.1,lncRNA,1,0,0,0,1,3
AL590483.2,lncRNA,0,0,0,0,0,1
AL590483.4,lncRNA,1,1,3,0,8,8
AL590490.1,lncRNA,0,4,0,3,1,1
AL590491.2,lncRNA,1,2,1,1,2,3
AL590502.1,lncRNA,0,0,0,0,0,1
AL590550.1,lncRNA,2,2,6,0,2,2
AL590556.3,lncRNA,0,1,1,0,4,2
AL590560.3,lncRNA,7,5,5,3,24,19
AL590560.5,lncRNA,0,4,2,1,12,11
AL590608.1,lncRNA,1,0,0,2,8,8
AL590609.2,lncRNA,0,1,0,0,1,0
AL590617.2,lncRNA,4,1,1,0,5,3
AL590627.2,lncRNA,0,0,1,1,5,4
AL590640.1,lncRNA,2,1,2,4,18,17
AL590644.1,lncRNA,0,2,2,18,15,91
AL590648.2,lncRNA,1,0,2,3,11,10
AL590652.1,lncRNA,2,3,8,6,22,14
AL590666.1,lncRNA,0,1,0,0,0,0
AL590666.2,lncRNA,1,0,3,5,5,5
AL590666.3,lncRNA,4,4,5,6,18,19
AL590666.4,lncRNA,0,1,0,4,3,1
AL590666.5,lncRNA,0,0,1,1,3,3
AL590677.1,lncRNA,0,0,0,1,2,1
AL590681.1,lncRNA,1,1,1,1,3,4
AL590705.1,lncRNA,0,0,1,5,3,2
AL590705.2,lncRNA,0,0,0,1,3,2
AL590705.3,lncRNA,0,2,3,1,26,14
AL590714.1,lncRNA,0,1,1,2,4,2
AL590723.1,lncRNA,1,3,1,4,0,0
AL590727.1,lncRNA,0,1,0,0,3,0
AL590729.1,lncRNA,0,1,0,0,1,1
AL590730.1,lncRNA,1,1,0,1,2,1
AL590764.1,lncRNA,0,0,0,0,2,1
AL590787.1,lncRNA,0,1,5,0,7,7
AL590807.1,lncRNA,2,8,6,4,15,14
AL590814.1,lncRNA,1,1,0,6,9,6
AL590822.1,lncRNA,0,0,1,1,2,2
AL590822.2,lncRNA,5,2,9,6,13,15
AL590822.3,lncRNA,16,16,29,23,130,121
AL590989.1,lncRNA,1,1,2,0,9,5
AL591002.1,lncRNA,0,0,1,0,4,2
AL591022.1,lncRNA,3,1,1,0,8,2
AL591030.1,lncRNA,0,0,0,0,2,1
AL591043.2,lncRNA,1,3,3,1,9,5
AL591069.1,lncRNA,0,0,1,1,5,1
AL591074.1,lncRNA,1,2,3,3,4,2
AL591074.2,lncRNA,0,1,0,2,2,0
AL591115.1,lncRNA,1,0,2,0,8,13
AL591135.2,lncRNA,1,0,0,4,4,1
AL591163.1,lncRNA,4,4,4,4,49,66
AL591167.1,lncRNA,0,0,0,2,0,0
AL591178.1,lncRNA,3,1,2,5,14,27
AL591212.1,lncRNA,1,0,2,1,6,3
AL591222.1,lncRNA,9,5,3,6,40,44
AL591242.1,lncRNA,1,1,1,1,10,9
AL591368.1,lncRNA,2,2,7,1,14,9
AL591378.1,lncRNA,2,1,1,1,7,2
AL591428.1,lncRNA,1,11,2,6,15,14
AL591463.1,lncRNA,1,1,2,4,3,2
AL591468.1,lncRNA,2,4,2,5,17,36
AL591501.1,lncRNA,5,3,6,6,30,25
AL591503.1,lncRNA,0,1,0,1,1,2
AL591504.1,lncRNA,0,0,0,0,1,0
AL591504.2,lncRNA,1,4,1,0,4,1
AL591506.1,lncRNA,0,0,1,4,5,6
AL591518.1,lncRNA,1,0,1,0,4,5
AL591519.1,lncRNA,1,2,2,7,17,12
AL591543.1,lncRNA,2,1,1,2,6,2
AL591623.1,lncRNA,1,1,1,5,19,27
AL591643.1,lncRNA,0,1,3,1,20,13
AL591684.2,lncRNA,1,1,1,3,18,15
AL591686.1,lncRNA,0,0,0,2,2,0
AL591686.2,lncRNA,0,0,1,1,8,4
AL591719.2,lncRNA,0,0,0,0,1,0
AL591721.1,lncRNA,2,2,0,0,3,1
AL591742.2,lncRNA,1,1,1,1,5,4
AL591767.1,lncRNA,0,0,0,0,1,0
AL591770.1,lncRNA,0,6,0,0,1,2
AL591845.1,lncRNA,25,9,8,9,36,36
AL591848.1,lncRNA,0,2,0,1,2,1
AL591848.2,lncRNA,3,1,6,5,5,6
AL591848.3,lncRNA,8,3,1,1,7,7
AL591888.1,lncRNA,0,1,0,1,1,0
AL591895.1,lncRNA,0,0,0,0,1,0
AL591896.1,lncRNA,0,0,0,0,0,1
AL591926.2,lncRNA,3,1,0,5,3,2
AL592071.1,lncRNA,0,1,2,2,2,3
AL592078.1,lncRNA,0,0,0,0,2,0
AL592078.2,lncRNA,5,7,8,9,59,37
AL592114.3,lncRNA,0,1,0,0,7,5
AL592146.2,lncRNA,5,1,11,10,12,11
AL592148.3,lncRNA,0,2,1,1,4,6
AL592156.1,lncRNA,0,1,0,0,1,1
AL592161.1,lncRNA,0,0,0,0,1,3
AL592164.1,lncRNA,0,1,2,2,7,8
AL592164.2,lncRNA,1,0,1,0,2,1
AL592166.1,lncRNA,1,2,2,0,4,3
AL592182.2,lncRNA,24,67,10,13,31,42
AL592211.1,lncRNA,1,1,0,3,1,0
AL592211.2,lncRNA,1,1,1,0,9,5
AL592295.3,lncRNA,84,25,258,78,87,134
AL592295.4,lncRNA,896,289,1749,309,2384,1813
AL592295.5,lncRNA,3,8,1,9,10,31
AL592295.6,lncRNA,1,1,2,1,5,11
AL592301.1,lncRNA,5,5,4,2,3,1
AL592309.1,lncRNA,0,0,0,1,4,5
AL592402.1,lncRNA,0,0,0,0,2,1
AL592424.1,lncRNA,2,11,12,11,23,33
AL592429.2,lncRNA,11,14,13,14,83,90
AL592430.1,lncRNA,0,1,0,1,2,3
AL592430.2,lncRNA,0,0,0,0,0,1
AL592431.1,lncRNA,0,0,0,0,0,1
AL592431.2,lncRNA,0,0,0,0,0,1
AL592435.1,lncRNA,0,0,0,0,1,0
AL592463.1,lncRNA,3,3,2,1,2,3
AL592464.1,lncRNA,0,0,1,0,2,2
AL592464.2,lncRNA,0,0,0,2,2,1
AL592464.3,lncRNA,0,1,0,0,0,2
AL592466.1,lncRNA,0,0,0,0,0,1
AL592494.1,lncRNA,0,0,0,0,2,0
AL592494.2,lncRNA,0,2,0,1,0,1
AL592546.2,lncRNA,0,0,1,2,5,6
AL592546.3,lncRNA,0,3,0,0,6,3
AL593844.1,lncRNA,0,0,1,0,4,2
AL596087.2,lncRNA,1,1,1,0,2,3
AL596087.3,lncRNA,0,3,1,0,10,9
AL596094.1,lncRNA,0,0,0,0,1,0
AL596188.1,lncRNA,0,0,0,0,1,0
AL596202.1,lncRNA,1,2,2,1,3,21
AL596211.1,lncRNA,3,0,0,0,1,5
AL596214.1,lncRNA,2,3,4,3,8,14
AL596218.1,lncRNA,0,0,0,0,2,1
AL596223.1,lncRNA,0,2,2,1,11,6
AL596223.2,lncRNA,0,0,0,0,1,1
AL596244.1,lncRNA,3,6,17,6,16,14
AL596247.1,lncRNA,1,3,0,6,1,1
AL596257.1,lncRNA,7,2,3,7,9,10
AL596325.1,lncRNA,0,0,0,0,5,6
AL596325.2,lncRNA,0,2,0,5,3,1
AL596330.1,lncRNA,0,0,0,0,2,6
AL596442.1,lncRNA,3,2,1,2,8,10
AL596442.2,lncRNA,0,2,2,0,2,2
AL596442.3,lncRNA,0,1,1,0,5,4
AL596442.4,lncRNA,1,1,1,1,7,6
AL596451.1,lncRNA,4,0,0,1,0,0
AL603756.1,lncRNA,4,4,9,2,27,24
AL603783.1,lncRNA,7,5,7,5,32,26
AL603824.1,lncRNA,2,5,2,1,1,2
AL603832.1,lncRNA,0,0,1,2,1,3
AL603832.2,lncRNA,2,1,2,8,8,8
AL603839.1,lncRNA,0,0,0,0,1,0
AL603839.3,lncRNA,0,5,0,2,1,0
AL603840.1,lncRNA,17,7,10,12,41,41
AL604028.1,lncRNA,0,2,0,0,0,1
AL606468.1,lncRNA,1,2,0,1,1,0
AL606469.1,lncRNA,1,3,3,2,11,11
AL606489.1,lncRNA,1,2,2,2,9,8
AL606490.3,lncRNA,0,0,0,3,1,1
AL606491.1,lncRNA,2,1,3,2,3,2
AL606500.1,lncRNA,0,0,1,0,1,2
AL606516.1,lncRNA,1,0,1,2,2,3
AL606519.1,lncRNA,0,1,0,0,0,0
AL606534.1,lncRNA,0,0,0,0,1,1
AL606534.2,lncRNA,0,0,0,0,1,1
AL606534.3,lncRNA,0,0,0,1,1,2
AL606537.1,lncRNA,0,1,1,0,5,9
AL606748.1,lncRNA,0,0,0,2,2,2
AL606753.2,lncRNA,0,2,4,4,7,5
AL606760.1,lncRNA,0,0,1,2,4,6
AL606760.2,lncRNA,0,1,2,0,1,0
AL606760.3,lncRNA,2,1,3,1,14,20
AL606804.1,lncRNA,1,0,0,1,9,5
AL606834.1,lncRNA,0,0,0,1,1,1
AL606834.2,lncRNA,0,0,0,0,1,0
AL606923.2,lncRNA,0,0,0,0,1,4
AL606970.1,lncRNA,1,2,0,2,4,9
AL606970.2,lncRNA,1,0,0,0,2,1
AL606970.3,lncRNA,1,6,5,3,9,9
AL606970.4,lncRNA,0,0,0,0,1,1
AL606970.5,lncRNA,1,2,1,2,5,7
AL607028.1,lncRNA,0,0,0,0,1,0
AL611929.1,lncRNA,0,1,0,0,2,0
AL627095.2,lncRNA,1,1,2,5,19,15
AL627171.1,lncRNA,2,5,2,2,33,7
AL627171.2,lncRNA,2665,478,1092,2276,1450,882
AL627232.1,lncRNA,0,0,3,3,3,1
AL627308.3,lncRNA,0,0,0,0,1,1
AL627309.1,lncRNA,3,1,0,1,1,4
AL627309.3,lncRNA,1,0,0,0,1,2
AL627309.4,lncRNA,1,4,1,2,0,3
AL627309.5,lncRNA,2,4,2,5,3,6
AL627316.1,lncRNA,2,6,5,2,15,10
AL627422.2,lncRNA,2,2,2,6,19,15
AL627443.1,lncRNA,1,2,1,0,0,1
AL627443.3,lncRNA,0,0,1,0,5,7
AL645465.1,lncRNA,0,2,0,0,1,1
AL645504.1,lncRNA,2,0,0,0,3,2
AL645507.1,lncRNA,0,1,2,2,9,11
AL645608.1,lncRNA,0,0,0,0,2,0
AL645608.2,lncRNA,14,13,17,7,50,33
AL645608.4,lncRNA,0,1,0,2,1,1
AL645608.5,lncRNA,0,0,0,0,1,1
AL645608.6,lncRNA,4,7,8,3,36,48
AL645608.7,lncRNA,9,9,19,12,32,33
AL645608.8,lncRNA,1,0,1,1,8,7
AL645634.1,lncRNA,5,4,3,18,50,56
AL645634.2,lncRNA,1,0,0,0,3,1
AL645728.1,lncRNA,2,2,3,4,15,12
AL645768.1,lncRNA,2,8,3,2,21,25
AL645924.1,lncRNA,4,0,0,0,0,0
AL645933.2,lncRNA,0,1,0,6,3,0
AL645933.3,lncRNA,1,1,2,3,2,1
AL645937.2,lncRNA,0,0,0,0,0,1
AL645937.4,lncRNA,2,3,4,7,9,6
AL645939.4,lncRNA,0,0,0,0,0,1
AL645939.5,lncRNA,1,5,3,3,14,7
AL645940.1,lncRNA,0,3,0,0,2,1
AL645941.1,lncRNA,0,0,1,1,2,1
AL645941.3,lncRNA,1,1,2,1,8,9
AL645944.2,lncRNA,1,3,3,0,18,10
AL646090.1,lncRNA,0,0,1,0,16,11
AL646090.2,lncRNA,0,1,2,2,5,4
AL662789.1,lncRNA,0,0,0,0,1,1
AL662791.1,lncRNA,0,0,0,1,2,2
AL662791.2,lncRNA,2,3,1,2,1,2
AL662797.1,lncRNA,0,0,0,0,1,2
AL662844.3,lncRNA,1,25,4,7,2,9
AL662844.4,lncRNA,1,2,6,2,5,10
AL662864.1,lncRNA,2,1,2,0,4,9
AL662873.1,lncRNA,48,160,123,129,232,425
AL662884.1,lncRNA,0,6,1,2,2,4
AL662884.2,lncRNA,0,0,1,0,1,1
AL662884.3,lncRNA,4,2,1,3,10,5
AL662884.5,lncRNA,4,1,3,2,3,4
AL662889.1,lncRNA,0,0,0,0,1,0
AL662890.1,lncRNA,1,1,2,6,6,6
AL662907.3,lncRNA,0,0,0,1,1,1
AL663058.2,lncRNA,1,3,0,2,3,3
AL663074.1,lncRNA,1,1,0,0,3,2
AL669830.1,lncRNA,13,13,19,14,39,33
AL669831.2,lncRNA,1,3,0,4,0,2
AL669831.7,lncRNA,2,7,2,2,6,11
AL669841.1,lncRNA,0,0,0,0,0,2
AL669970.1,lncRNA,0,0,1,0,1,2
AL669970.2,lncRNA,1,0,0,1,0,1
AL669970.3,lncRNA,0,0,2,1,1,4
AL670729.1,lncRNA,0,0,0,0,2,1
AL670729.3,lncRNA,3,2,5,3,29,17
AL671710.1,lncRNA,1,2,1,2,5,5
AL671762.1,lncRNA,1,1,4,3,8,7
AL671883.3,lncRNA,0,0,0,0,4,0
AL672032.1,lncRNA,0,0,0,1,1,1
AL672277.1,lncRNA,0,0,0,1,4,5
AL672291.1,lncRNA,1,2,0,0,3,4
AL672310.1,lncRNA,0,5,1,11,1,7
AL683807.1,lncRNA,1,0,2,1,5,10
AL683807.2,lncRNA,6,4,13,4,2,2
AL683813.1,lncRNA,2,2,1,1,6,5
AL683887.1,lncRNA,0,0,0,0,0,2
AL691403.1,lncRNA,0,0,3,1,1,1
AL691403.2,lncRNA,1,1,4,0,2,4
AL691420.1,lncRNA,1,4,2,7,7,5
AL691426.1,lncRNA,0,0,0,0,1,0
AL691432.2,lncRNA,6,2,4,3,19,22
AL691432.4,lncRNA,3,3,7,1,12,9
AL691447.2,lncRNA,4,0,3,2,11,14
AL691459.1,lncRNA,0,0,1,1,12,8
AL691482.3,lncRNA,1,0,2,0,4,3
AL691515.1,lncRNA,0,0,1,0,3,1
AL691515.2,lncRNA,1,0,1,0,1,0
AL691520.1,lncRNA,0,0,0,0,0,1
AL713851.1,lncRNA,1,2,5,3,8,12
AL713851.2,lncRNA,0,0,0,0,2,2
AL713852.1,lncRNA,8,14,12,11,44,72
AL713852.2,lncRNA,0,1,0,6,8,7
AL713866.1,lncRNA,2,7,7,2,28,27
AL713868.1,lncRNA,0,0,1,1,5,6
AL713998.1,lncRNA,2,9,3,6,88,63
AL713998.3,lncRNA,0,0,0,0,1,1
AL713998.4,lncRNA,0,2,0,5,1,1
AL731533.1,lncRNA,0,1,0,2,4,3
AL731533.2,lncRNA,3,0,2,2,6,5
AL731537.1,lncRNA,0,0,0,3,0,0
AL731537.2,lncRNA,0,0,0,0,16,8
AL731553.1,lncRNA,1,0,3,3,5,7
AL731555.1,lncRNA,1,4,1,2,9,7
AL731557.1,lncRNA,5,2,3,0,6,5
AL731559.1,lncRNA,1,2,4,4,9,7
AL731563.2,lncRNA,0,0,0,0,1,0
AL731563.3,lncRNA,3,2,0,0,0,7
AL731566.2,lncRNA,1,2,0,4,2,5
AL731566.3,lncRNA,0,0,0,0,1,0
AL731567.1,lncRNA,2,0,3,0,5,7
AL731569.1,lncRNA,8,3,1,4,27,29
AL731571.1,lncRNA,4,6,6,11,23,20
AL731574.1,lncRNA,0,1,1,1,1,1
AL731575.1,lncRNA,0,0,0,0,0,1
AL731577.1,lncRNA,0,9,3,2,13,14
AL731577.2,lncRNA,0,3,2,2,7,7
AL731661.1,lncRNA,0,0,0,1,1,1
AL731702.1,lncRNA,7,12,8,10,42,44
AL731769.1,lncRNA,0,1,15,3,16,34
AL731769.2,lncRNA,4,5,6,12,9,18
AL732292.2,lncRNA,1,0,1,2,10,13
AL732314.4,lncRNA,0,0,3,1,28,20
AL732314.6,lncRNA,1,0,1,1,10,6
AL732372.1,lncRNA,0,0,0,1,2,3
AL732437.1,lncRNA,1,0,2,0,11,5
AL732437.2,lncRNA,4,4,6,9,9,12
AL732437.3,lncRNA,1,2,3,4,20,21
AL732509.1,lncRNA,6,10,5,7,25,24
AL772202.1,lncRNA,0,1,0,0,1,3
AL772307.1,lncRNA,1,1,0,2,1,1
AL772337.2,lncRNA,0,0,0,2,10,11
AL772363.1,lncRNA,3,10,6,7,23,20
AL773573.1,lncRNA,0,1,3,8,26,26
AL805961.1,lncRNA,6,10,29,13,18,17
AL807740.1,lncRNA,0,0,2,0,1,1
AL807742.1,lncRNA,2,2,4,6,9,9
AL807752.2,lncRNA,0,0,2,0,0,1
AL807752.3,lncRNA,0,1,2,0,4,3
AL807752.4,lncRNA,0,1,0,0,2,3
AL807752.5,lncRNA,0,0,0,1,5,3
AL807757.1,lncRNA,1,0,0,0,1,0
AL807757.2,lncRNA,2,3,0,1,17,10
AL807761.4,lncRNA,1,0,4,1,9,9
AL807776.1,lncRNA,2,0,1,1,2,2
AL831711.1,lncRNA,83,25,258,78,87,134
AL844170.1,lncRNA,2,1,0,0,1,3
AL844175.1,lncRNA,0,0,0,0,0,1
AL844892.1,lncRNA,0,0,3,0,0,3
AL844892.2,lncRNA,3,11,4,2,20,17
AL844908.1,lncRNA,2,0,0,0,1,1
AL844908.2,lncRNA,0,2,0,0,3,1
AL845311.1,lncRNA,0,3,0,1,1,2
AL845552.2,lncRNA,1,0,0,1,3,3
AL928596.1,lncRNA,0,0,0,0,3,2
AL928654.1,lncRNA,2,2,2,4,9,6
AL928654.2,lncRNA,0,0,0,0,1,1
AL928921.1,lncRNA,1,1,2,0,4,3
AL929091.1,lncRNA,0,4,2,4,27,14
AL929236.1,lncRNA,0,0,0,0,1,0
AL929472.2,lncRNA,0,0,0,0,1,0
AL929472.3,lncRNA,0,0,1,1,1,1
AL929601.1,lncRNA,1,0,2,1,3,5
AL929601.3,lncRNA,12,19,20,27,141,156
AL935212.1,lncRNA,0,1,0,2,0,0
AL953883.1,lncRNA,0,0,0,1,1,0
AL954642.1,lncRNA,1,0,0,1,4,2
ALDH1L1-AS1,lncRNA,0,0,0,0,1,0
ALDH1L1-AS2,lncRNA,1,2,3,1,9,13
ALG13-AS1,lncRNA,1,0,0,0,0,0
ALG14-AS1,lncRNA,0,0,0,0,0,2
ALG1L9P,lncRNA,8,6,3,7,25,18
ALG9-IT1,lncRNA,0,0,0,0,0,1
ALKBH3-AS1,lncRNA,0,0,1,2,6,4
ALMS1-IT1,lncRNA,2,0,0,0,2,1
ALOX12-AS1,lncRNA,2,3,4,8,17,17
AMMECR1-IT1,lncRNA,0,2,0,0,0,0
ANAPC1P2,lncRNA,1,2,2,3,16,8
ANK2-AS1,lncRNA,0,0,1,3,7,8
ANK3-DT,lncRNA,0,2,0,0,0,0
ANKRD10-IT1,lncRNA,0,0,0,2,3,4
ANKRD33B-AS1,lncRNA,0,0,0,0,1,1
ANKRD34C-AS1,lncRNA,4,7,7,3,31,22
ANKRD44-AS1,lncRNA,0,0,0,5,2,2
ANKRD44-IT1,lncRNA,0,5,0,0,7,4
ANKRD62P1-PARP4P3,lncRNA,2,2,0,1,2,6
ANO1-AS1,lncRNA,0,0,1,0,1,2
ANO3-AS1,lncRNA,0,1,1,1,2,1
AOAH-IT1,lncRNA,0,0,0,0,5,2
AOX3P-AOX2P,lncRNA,0,0,0,3,4,2
AP000146.1,lncRNA,0,2,0,0,2,2
AP000221.1,lncRNA,0,0,1,0,6,3
AP000223.1,lncRNA,0,0,0,0,2,2
AP000224.1,lncRNA,6,6,4,15,6,4
AP000233.1,lncRNA,0,0,0,0,1,0
AP000233.2,lncRNA,0,0,0,1,1,1
AP000235.1,lncRNA,0,0,0,0,0,2
AP000240.1,lncRNA,0,0,0,0,0,2
AP000248.1,lncRNA,7,7,3,6,17,15
AP000251.1,lncRNA,0,1,8,2,11,10
AP000253.1,lncRNA,6,5,7,6,23,19
AP000254.2,lncRNA,4,0,0,0,0,1
AP000255.1,lncRNA,0,1,1,3,1,5
AP000265.1,lncRNA,1,0,1,1,2,4
AP000281.2,lncRNA,0,0,0,0,0,1
AP000282.1,lncRNA,0,0,0,0,1,1
AP000289.1,lncRNA,14,6,13,8,35,28
AP000290.1,lncRNA,0,1,1,1,5,9
AP000302.1,lncRNA,0,0,1,1,1,1
AP000317.1,lncRNA,1,1,0,0,1,1
AP000317.2,lncRNA,0,0,1,0,2,2
AP000320.1,lncRNA,0,1,1,0,14,13
AP000322.1,lncRNA,0,0,0,0,0,1
AP000331.1,lncRNA,2,3,5,0,6,2
AP000345.1,lncRNA,0,0,1,1,7,2
AP000345.2,lncRNA,2,0,0,1,10,8
AP000345.3,lncRNA,11,2,1,0,2,3
AP000346.1,lncRNA,1,1,1,5,2,2
AP000350.5,lncRNA,0,0,0,0,3,1
AP000350.6,lncRNA,6,7,5,5,25,31
AP000350.7,lncRNA,7,10,4,19,24,19
AP000355.1,lncRNA,10,21,14,12,3,7
AP000356.1,lncRNA,0,2,2,0,7,5
AP000356.2,lncRNA,2,3,2,4,8,8
AP000357.2,lncRNA,0,0,0,0,1,1
AP000365.1,lncRNA,0,1,0,0,4,5
AP000402.1,lncRNA,0,0,0,0,0,3
AP000424.1,lncRNA,1,5,1,5,12,15
AP000424.2,lncRNA,15,13,39,11,98,57
AP000426.1,lncRNA,0,0,1,0,1,2
AP000428.1,lncRNA,2,0,0,0,1,4
AP000428.2,lncRNA,1,1,8,4,22,14
AP000431.1,lncRNA,0,0,2,0,0,0
AP000431.2,lncRNA,0,0,0,0,1,0
AP000432.1,lncRNA,0,2,0,0,1,0
AP000438.1,lncRNA,1,0,0,0,2,5
AP000439.1,lncRNA,3,3,0,0,5,2
AP000439.2,lncRNA,4,9,6,5,10,7
AP000439.3,lncRNA,0,0,0,0,4,4
AP000442.1,lncRNA,0,1,5,0,5,4
AP000446.1,lncRNA,0,3,0,1,5,6
AP000459.1,lncRNA,0,0,0,0,1,0
AP000462.1,lncRNA,0,4,0,0,1,0
AP000462.2,lncRNA,1,2,2,0,2,4
AP000462.3,lncRNA,0,1,0,0,1,0
AP000465.1,lncRNA,0,0,0,1,0,1
AP000472.1,lncRNA,0,2,1,0,0,1
AP000474.1,lncRNA,0,0,0,0,0,1
AP000474.2,lncRNA,0,1,1,0,3,3
AP000477.1,lncRNA,3,4,0,7,0,3
AP000477.2,lncRNA,1,0,0,0,2,2
AP000477.3,lncRNA,0,1,0,1,3,1
AP000487.1,lncRNA,6,2,4,5,19,27
AP000487.2,lncRNA,0,0,0,0,1,0
AP000525.1,lncRNA,0,0,0,0,1,0
AP000532.2,lncRNA,1,0,1,6,3,1
AP000534.1,lncRNA,0,0,1,0,1,0
AP000542.2,lncRNA,2,2,1,3,7,10
AP000542.3,lncRNA,1,4,1,4,5,4
AP000547.2,lncRNA,0,0,0,0,1,0
AP000547.3,lncRNA,12,7,2,4,7,8
AP000547.4,lncRNA,0,0,0,0,0,1
AP000550.1,lncRNA,1,4,3,4,9,10
AP000553.1,lncRNA,225,68,117,96,104,62
AP000553.2,lncRNA,0,1,0,1,2,2
AP000553.3,lncRNA,0,0,1,0,1,0
AP000553.8,lncRNA,1,0,0,0,3,0
AP000553.9,lncRNA,4,1,24,2,147,176
AP000561.1,lncRNA,2,0,0,1,2,2
AP000569.1,lncRNA,1,0,0,0,3,6
AP000593.3,lncRNA,0,0,1,1,5,5
AP000640.1,lncRNA,0,1,4,1,23,27
AP000640.2,lncRNA,0,1,1,1,6,3
AP000648.9,lncRNA,0,2,1,0,2,3
AP000662.1,lncRNA,9,3,10,3,23,18
AP000676.5,lncRNA,0,0,1,2,1,2
AP000679.1,lncRNA,9,24,39,28,211,112
AP000688.1,lncRNA,1,0,1,2,4,6
AP000688.2,lncRNA,0,2,2,0,3,1
AP000692.1,lncRNA,0,0,0,0,0,1
AP000692.2,lncRNA,1,11,18,2,12,10
AP000695.1,lncRNA,1,0,0,0,4,2
AP000695.2,lncRNA,0,1,1,1,6,10
AP000696.1,lncRNA,1,1,0,0,4,1
AP000696.2,lncRNA,0,1,1,1,2,2
AP000696.3,lncRNA,1,0,1,1,4,2
AP000697.1,lncRNA,1,0,1,0,2,2
AP000704.1,lncRNA,2,8,3,10,28,22
AP000708.1,lncRNA,7,5,5,8,10,10
AP000721.2,lncRNA,2,1,5,7,10,18
AP000722.1,lncRNA,0,1,0,0,1,0
AP000753.1,lncRNA,1,7,7,0,32,37
AP000755.1,lncRNA,0,0,1,0,0,0
AP000757.1,lncRNA,4,1,2,4,7,4
AP000757.2,lncRNA,0,0,0,1,0,0
AP000759.1,lncRNA,0,2,38,0,6,5
AP000763.3,lncRNA,0,0,0,0,1,0
AP000763.4,lncRNA,0,0,0,1,0,0
AP000766.1,lncRNA,0,4,1,6,6,11
AP000769.2,lncRNA,0,0,0,0,0,1
AP000769.6,lncRNA,0,0,1,0,1,0
AP000777.2,lncRNA,0,1,2,0,3,3
AP000777.3,lncRNA,0,0,2,0,3,1
AP000779.1,lncRNA,0,1,0,0,3,3
AP000781.1,lncRNA,0,1,0,0,0,0
AP000785.1,lncRNA,0,1,2,2,19,5
AP000786.1,lncRNA,0,1,1,0,1,4
AP000787.1,lncRNA,5,6,14,5,93,82
AP000790.1,lncRNA,0,0,0,0,1,1
AP000793.1,lncRNA,0,0,0,1,0,1
AP000802.1,lncRNA,7,5,3,7,25,20
AP000808.1,lncRNA,0,0,0,1,3,4
AP000812.1,lncRNA,0,0,0,0,1,1
AP000813.1,lncRNA,1,11,4,8,10,8
AP000820.1,lncRNA,0,0,0,1,2,2
AP000820.2,lncRNA,0,0,0,0,1,1
AP000821.1,lncRNA,4,2,1,3,13,16
AP000821.2,lncRNA,20,21,36,36,186,191
AP000829.1,lncRNA,1,1,0,0,5,2
AP000842.1,lncRNA,1,0,0,2,0,0
AP000842.2,lncRNA,0,1,0,3,1,2
AP000842.3,lncRNA,0,1,1,0,3,3
AP000844.1,lncRNA,0,0,1,0,4,5
AP000844.2,lncRNA,0,0,0,0,1,1
AP000845.1,lncRNA,1,2,1,6,10,7
AP000851.1,lncRNA,0,0,0,0,3,1
AP000851.2,lncRNA,0,0,0,0,2,0
AP000855.1,lncRNA,0,2,2,1,7,3
AP000864.1,lncRNA,1,2,0,0,1,1
AP000866.1,lncRNA,8,17,31,24,43,60
AP000866.2,lncRNA,4,9,1,5,12,7
AP000866.5,lncRNA,2,4,1,4,3,5
AP000866.6,lncRNA,1,1,3,3,34,30
AP000867.5,lncRNA,0,0,0,2,0,0
AP000873.1,lncRNA,1,8,3,8,19,21
AP000873.2,lncRNA,1,0,1,1,26,16
AP000873.3,lncRNA,3,1,0,4,3,4
AP000879.1,lncRNA,1,4,13,9,107,79
AP000879.2,lncRNA,1,0,0,1,2,1
AP000880.1,lncRNA,0,2,1,8,5,8
AP000892.1,lncRNA,1,1,0,0,3,3
AP000892.3,lncRNA,0,0,0,1,2,2
AP000893.2,lncRNA,3,3,0,6,1,1
AP000894.2,lncRNA,6,7,5,6,51,44
AP000894.3,lncRNA,0,0,0,0,2,2
AP000894.4,lncRNA,1,0,0,0,4,4
AP000897.1,lncRNA,4,2,1,0,6,4
AP000897.2,lncRNA,1,1,1,1,7,7
AP000907.2,lncRNA,2,1,0,6,0,3
AP000911.1,lncRNA,2,5,4,2,4,2
AP000915.1,lncRNA,0,0,0,1,1,0
AP000915.2,lncRNA,3,0,0,0,0,3
AP000919.1,lncRNA,2,7,1,2,18,16
AP000919.2,lncRNA,0,0,1,1,2,0
AP000919.3,lncRNA,0,0,0,0,1,2
AP000926.2,lncRNA,0,1,0,2,4,3
AP000936.1,lncRNA,0,0,0,0,1,0
AP000941.1,lncRNA,0,0,4,0,1,2
AP000942.2,lncRNA,0,0,0,0,0,1
AP000942.5,lncRNA,2,3,0,0,8,10
AP000943.1,lncRNA,0,0,0,0,1,2
AP000943.2,lncRNA,1,3,6,4,6,10
AP000944.1,lncRNA,1,0,0,1,1,2
AP000944.6,lncRNA,1,0,2,0,7,5
AP000944.7,lncRNA,1,1,0,2,1,3
AP000959.1,lncRNA,0,0,0,4,1,1
AP000961.1,lncRNA,1,4,0,0,2,2
AP000962.3,lncRNA,1,0,0,0,0,0
AP000977.1,lncRNA,3,3,2,2,9,11
AP000997.2,lncRNA,0,1,1,3,1,0
AP000997.3,lncRNA,4,11,35,93,93,26
AP001001.1,lncRNA,1,1,1,0,1,0
AP001005.3,lncRNA,0,0,1,0,2,1
AP001007.1,lncRNA,0,0,0,1,0,1
AP001007.2,lncRNA,0,1,1,0,4,2
AP001007.3,lncRNA,1,1,0,0,0,0
AP001010.1,lncRNA,0,0,0,0,1,1
AP001011.1,lncRNA,1,0,0,5,0,1
AP001020.1,lncRNA,0,0,0,1,2,3
AP001020.2,lncRNA,1,3,1,1,4,8
AP001020.3,lncRNA,0,0,0,0,1,1
AP001021.1,lncRNA,1,3,1,5,7,8
AP001021.2,lncRNA,0,0,0,0,2,1
AP001021.3,lncRNA,1,6,2,2,8,8
AP001025.1,lncRNA,0,3,1,1,11,10
AP001029.1,lncRNA,1,3,1,3,0,0
AP001029.2,lncRNA,2,2,1,8,3,4
AP001033.1,lncRNA,2,2,1,6,6,6
AP001033.2,lncRNA,0,0,1,0,1,1
AP001033.3,lncRNA,0,1,1,0,6,3
AP001037.1,lncRNA,0,0,0,0,2,2
AP001042.1,lncRNA,6,13,10,13,36,32
AP001042.2,lncRNA,0,0,0,0,2,4
AP001042.3,lncRNA,1,1,0,0,0,2
AP001043.1,lncRNA,0,0,1,0,1,1
AP001046.1,lncRNA,1,5,2,5,19,14
AP001048.1,lncRNA,0,0,0,0,0,1
AP001053.1,lncRNA,0,0,2,0,2,1
AP001056.1,lncRNA,1,1,0,0,10,6
AP001056.2,lncRNA,5,7,11,8,28,21
AP001057.1,lncRNA,2,1,1,2,6,8
AP001059.2,lncRNA,0,0,0,0,1,1
AP001062.1,lncRNA,13,10,6,7,17,12
AP001062.2,lncRNA,0,0,0,0,2,2
AP001062.3,lncRNA,0,0,1,1,1,3
AP001063.1,lncRNA,0,0,0,0,2,1
AP001065.3,lncRNA,0,0,0,0,1,2
AP001065.4,lncRNA,0,0,0,0,2,1
AP001066.1,lncRNA,5,6,11,13,26,33
AP001085.1,lncRNA,0,2,0,1,1,5
AP001094.1,lncRNA,0,0,0,0,0,1
AP001094.2,lncRNA,0,3,3,3,22,13
AP001094.3,lncRNA,0,1,0,2,1,3
AP001095.1,lncRNA,1,0,2,1,2,1
AP001099.1,lncRNA,0,0,0,2,4,3
AP001107.1,lncRNA,4,7,3,19,9,10
AP001107.2,lncRNA,4,5,1,1,1,2
AP001107.3,lncRNA,1,0,1,2,4,5
AP001107.4,lncRNA,0,1,3,2,71,71
AP001107.5,lncRNA,3,2,4,4,6,7
AP001107.6,lncRNA,0,1,2,2,2,2
AP001107.7,lncRNA,2,0,2,1,78,62
AP001107.8,lncRNA,0,0,1,0,3,1
AP001107.9,lncRNA,5,14,1,9,4,13
AP001109.1,lncRNA,0,0,0,1,0,1
AP001116.1,lncRNA,0,0,0,0,0,1
AP001117.1,lncRNA,0,0,1,0,1,0
AP001120.1,lncRNA,0,6,1,5,6,12
AP001120.5,lncRNA,2,3,3,2,9,4
AP001122.1,lncRNA,3,8,5,1,21,18
AP001136.1,lncRNA,0,0,0,0,3,3
AP001150.1,lncRNA,1,1,1,4,7,5
AP001160.1,lncRNA,0,1,0,0,3,1
AP001160.2,lncRNA,1,0,1,0,2,1
AP001160.3,lncRNA,0,0,0,1,2,3
AP001172.1,lncRNA,1,1,1,1,1,1
AP001172.2,lncRNA,0,1,0,3,4,0
AP001178.1,lncRNA,0,0,1,0,1,1
AP001178.2,lncRNA,0,0,0,1,0,0
AP001178.3,lncRNA,1,0,1,2,2,3
AP001178.4,lncRNA,0,2,0,3,6,6
AP001180.1,lncRNA,1,3,2,2,17,27
AP001180.4,lncRNA,3,0,1,1,2,1
AP001189.1,lncRNA,6,5,2,12,7,5
AP001189.3,lncRNA,0,0,0,0,3,4
AP001189.5,lncRNA,0,1,0,1,1,1
AP001198.1,lncRNA,0,1,0,6,1,2
AP001198.2,lncRNA,0,0,1,0,1,2
AP001205.1,lncRNA,0,0,0,0,2,0
AP001208.1,lncRNA,1,0,0,0,3,4
AP001255.1,lncRNA,0,0,0,0,0,2
AP001266.1,lncRNA,0,0,0,0,1,1
AP001266.2,lncRNA,3,1,0,0,2,2
AP001267.1,lncRNA,3,2,1,1,11,8
AP001267.2,lncRNA,1,3,3,4,7,13
AP001267.3,lncRNA,6,6,14,34,34,39
AP001267.4,lncRNA,0,0,0,0,1,0
AP001269.1,lncRNA,0,0,0,1,1,0
AP001269.2,lncRNA,0,0,0,0,1,1
AP001269.4,lncRNA,1,1,1,3,3,4
AP001271.1,lncRNA,1,0,0,0,4,5
AP001318.1,lncRNA,0,0,0,0,3,2
AP001318.2,lncRNA,0,0,0,0,2,1
AP001330.1,lncRNA,0,0,0,1,0,0
AP001330.4,lncRNA,0,0,0,0,0,1
AP001330.5,lncRNA,1,1,2,1,6,10
AP001341.1,lncRNA,2,1,2,1,1,3
AP001347.1,lncRNA,1,0,1,1,3,4
AP001350.1,lncRNA,2,3,1,0,1,5
AP001360.1,lncRNA,6,1,5,8,10,19
AP001360.2,lncRNA,3,2,2,1,15,8
AP001360.3,lncRNA,0,0,1,0,2,3
AP001363.1,lncRNA,1,4,0,13,0,3
AP001363.2,lncRNA,1,0,1,0,6,4
AP001372.1,lncRNA,4,5,3,4,9,7
AP001372.2,lncRNA,2,3,5,4,10,5
AP001372.3,lncRNA,0,0,0,0,2,1
AP001381.1,lncRNA,0,0,0,0,0,1
AP001407.1,lncRNA,0,9,12,9,4,5
AP001412.1,lncRNA,1,0,1,0,7,6
AP001429.1,lncRNA,0,0,0,0,1,0
AP001432.1,lncRNA,0,1,0,0,1,1
AP001434.1,lncRNA,0,1,0,0,1,1
AP001437.1,lncRNA,1,1,0,0,1,2
AP001437.2,lncRNA,0,15,1,5,6,13
AP001439.1,lncRNA,1,4,4,0,111,227
AP001442.1,lncRNA,6,3,6,3,12,11
AP001453.1,lncRNA,14,20,5,6,25,53
AP001453.2,lncRNA,2,1,3,0,10,8
AP001462.1,lncRNA,0,0,1,4,4,6
AP001468.1,lncRNA,0,0,2,1,3,1
AP001469.1,lncRNA,0,0,0,1,5,3
AP001469.2,lncRNA,0,1,1,0,0,0
AP001469.3,lncRNA,0,1,0,8,0,2
AP001471.1,lncRNA,0,0,0,0,1,1
AP001476.1,lncRNA,4,1,11,4,26,13
AP001476.2,lncRNA,1,0,0,1,1,3
AP001476.3,lncRNA,0,0,2,0,1,0
AP001486.2,lncRNA,0,1,1,1,3,2
AP001496.1,lncRNA,2,3,0,1,2,0
AP001496.2,lncRNA,1,2,1,0,9,7
AP001496.4,lncRNA,3,1,2,2,4,6
AP001505.1,lncRNA,0,0,0,0,0,1
AP001527.1,lncRNA,2,2,1,0,3,3
AP001527.2,lncRNA,0,2,2,2,5,7
AP001528.1,lncRNA,1,0,0,0,4,3
AP001531.1,lncRNA,0,2,1,3,2,7
AP001542.3,lncRNA,0,0,0,0,1,1
AP001547.1,lncRNA,1,0,0,0,0,2
AP001554.1,lncRNA,0,1,0,0,0,1
AP001574.1,lncRNA,0,0,0,0,0,1
AP001591.1,lncRNA,0,0,1,0,2,0
AP001595.1,lncRNA,0,0,0,0,0,3
AP001595.2,lncRNA,0,0,0,0,1,0
AP001596.1,lncRNA,0,0,1,0,2,4
AP001596.2,lncRNA,0,0,0,2,0,2
AP001599.1,lncRNA,0,0,0,3,2,1
AP001604.1,lncRNA,0,0,0,2,0,1
AP001605.1,lncRNA,0,0,0,1,6,2
AP001610.2,lncRNA,0,2,2,1,2,5
AP001610.3,lncRNA,0,0,0,0,2,1
AP001615.1,lncRNA,4,1,7,2,1,2
AP001619.1,lncRNA,1,1,0,1,0,5
AP001619.2,lncRNA,0,1,0,0,0,0
AP001625.1,lncRNA,0,0,0,1,4,6
AP001625.2,lncRNA,0,0,1,1,4,3
AP001625.3,lncRNA,0,0,0,0,2,1
AP001626.1,lncRNA,2,1,1,4,13,12
AP001628.1,lncRNA,0,0,2,0,4,4
AP001628.2,lncRNA,0,0,0,5,5,4
AP001630.1,lncRNA,0,0,0,0,6,4
AP001631.1,lncRNA,1,3,2,2,6,4
AP001631.2,lncRNA,0,1,0,0,3,3
AP001636.3,lncRNA,3,13,7,3,11,8
AP001652.1,lncRNA,0,0,1,0,3,2
AP001767.2,lncRNA,0,2,1,0,4,3
AP001775.2,lncRNA,0,1,0,1,0,2
AP001781.1,lncRNA,2,1,0,0,1,2
AP001790.1,lncRNA,0,1,0,0,6,0
AP001793.1,lncRNA,2,4,3,2,3,3
AP001804.1,lncRNA,3,1,2,2,12,9
AP001825.1,lncRNA,0,0,0,0,1,1
AP001830.1,lncRNA,0,3,0,1,3,4
AP001830.2,lncRNA,0,0,0,1,1,0
AP001831.1,lncRNA,0,0,0,0,0,1
AP001885.2,lncRNA,2,2,0,2,14,22
AP001885.3,lncRNA,2,1,3,4,12,18
AP001893.3,lncRNA,1,0,2,0,3,2
AP001922.1,lncRNA,2,0,4,0,5,4
AP001922.3,lncRNA,0,1,0,0,3,4
AP001922.5,lncRNA,0,0,1,2,4,2
AP001922.6,lncRNA,0,0,0,0,2,1
AP001924.1,lncRNA,0,0,0,1,6,1
AP001924.2,lncRNA,1,5,1,3,2,1
AP001961.1,lncRNA,0,0,0,0,2,0
AP001970.1,lncRNA,1,1,1,1,2,2
AP001972.1,lncRNA,1,0,0,0,0,1
AP001972.3,lncRNA,3,4,3,4,17,8
AP001972.4,lncRNA,3,2,0,0,1,1
AP001977.1,lncRNA,5,1,3,3,6,13
AP001978.1,lncRNA,4,4,0,2,2,4
AP001981.2,lncRNA,7,3,0,0,20,20
AP001992.2,lncRNA,1,1,6,4,13,7
AP001993.1,lncRNA,3,17,11,19,46,53
AP001994.2,lncRNA,0,0,0,0,1,2
AP001994.3,lncRNA,1,0,0,1,2,1
AP001999.1,lncRNA,0,1,0,0,0,0
AP001999.2,lncRNA,1,1,1,5,5,2
AP001999.3,lncRNA,0,0,0,0,2,2
AP002001.3,lncRNA,0,1,0,0,3,4
AP002008.1,lncRNA,0,1,0,1,5,5
AP002008.3,lncRNA,0,1,1,3,7,5
AP002008.4,lncRNA,0,0,2,0,7,3
AP002026.1,lncRNA,5,4,9,4,15,12
AP002075.1,lncRNA,0,0,0,0,1,1
AP002336.1,lncRNA,0,0,0,0,3,2
AP002336.3,lncRNA,0,2,0,0,0,6
AP002340.1,lncRNA,0,0,0,1,0,0
AP002358.1,lncRNA,0,5,9,4,20,18
AP002360.1,lncRNA,1,0,1,2,4,4
AP002381.2,lncRNA,1,1,1,2,18,22
AP002383.2,lncRNA,0,0,0,1,1,1
AP002387.1,lncRNA,1,1,2,0,3,2
AP002409.1,lncRNA,1,1,0,3,5,3
AP002414.5,lncRNA,1,0,0,0,0,0
AP002428.1,lncRNA,0,1,0,0,0,0
AP002433.1,lncRNA,3,1,5,2,7,6
AP002433.2,lncRNA,0,0,0,0,1,0
AP002439.1,lncRNA,1,0,1,0,0,0
AP002448.1,lncRNA,2,0,7,4,5,6
AP002449.1,lncRNA,0,0,0,1,2,5
AP002478.1,lncRNA,17,9,2,4,26,24
AP002478.2,lncRNA,1,1,1,2,23,27
AP002490.1,lncRNA,1,2,4,2,10,16
AP002498.1,lncRNA,0,0,1,0,0,1
AP002505.3,lncRNA,1,0,0,1,0,1
AP002518.1,lncRNA,1,6,3,18,4,8
AP002518.2,lncRNA,1,0,0,0,0,2
AP002528.1,lncRNA,2,1,2,0,5,1
AP002748.2,lncRNA,0,0,0,0,7,4
AP002748.4,lncRNA,2,3,6,1,28,25
AP002748.6,lncRNA,1,0,2,1,5,4
AP002754.1,lncRNA,4,2,3,7,20,18
AP002754.2,lncRNA,0,2,1,0,3,1
AP002755.1,lncRNA,1,2,1,4,11,7
AP002761.1,lncRNA,1,0,0,0,0,0
AP002761.2,lncRNA,0,0,0,1,2,1
AP002761.3,lncRNA,1,8,5,8,18,16
AP002761.4,lncRNA,1,1,0,2,4,5
AP002762.2,lncRNA,2,3,2,7,7,3
AP002762.3,lncRNA,0,0,1,2,2,5
AP002765.1,lncRNA,8,6,1,3,1,3
AP002768.1,lncRNA,0,0,0,0,0,1
AP002770.1,lncRNA,0,0,0,1,3,1
AP002784.1,lncRNA,1,5,4,3,20,12
AP002807.1,lncRNA,0,1,1,2,2,5
AP002812.2,lncRNA,0,0,0,0,1,0
AP002812.3,lncRNA,0,0,0,0,1,1
AP002812.5,lncRNA,1,1,1,2,0,2
AP002813.1,lncRNA,0,1,1,2,3,4
AP002815.1,lncRNA,0,0,0,0,3,4
AP002833.1,lncRNA,0,0,0,0,1,2
AP002833.2,lncRNA,0,1,0,0,1,0
AP002840.1,lncRNA,0,0,0,0,1,1
AP002840.2,lncRNA,0,3,0,1,2,1
AP002851.1,lncRNA,11,4,6,3,9,8
AP002852.1,lncRNA,2,4,1,2,4,6
AP002856.1,lncRNA,0,0,0,0,1,1
AP002856.2,lncRNA,1,2,0,1,5,3
AP002856.3,lncRNA,0,0,0,0,0,1
AP002856.4,lncRNA,0,0,3,0,6,8
AP002884.1,lncRNA,0,0,0,0,0,1
AP002884.3,lncRNA,0,0,0,0,3,0
AP002892.1,lncRNA,0,0,0,3,2,1
AP002892.2,lncRNA,0,0,0,1,0,0
AP002893.1,lncRNA,2,2,1,3,4,2
AP002907.1,lncRNA,0,8,3,1,1,2
AP002954.1,lncRNA,5,11,2,4,3,5
AP002954.2,lncRNA,1,5,5,1,19,23
AP002957.1,lncRNA,0,0,1,3,3,6
AP002961.1,lncRNA,0,0,0,1,0,0
AP002982.2,lncRNA,2,0,0,0,3,0
AP002985.1,lncRNA,0,2,2,0,4,2
AP002989.1,lncRNA,0,0,0,0,1,0
AP002991.2,lncRNA,0,1,0,0,1,2
AP002992.1,lncRNA,1,2,1,1,8,7
AP002993.1,lncRNA,0,0,0,3,0,0
AP003025.1,lncRNA,3,5,4,4,23,19
AP003025.2,lncRNA,3,9,4,14,18,16
AP003027.1,lncRNA,0,2,2,2,13,1
AP003031.1,lncRNA,1,0,5,8,29,39
AP003032.1,lncRNA,1,0,1,1,2,0
AP003032.2,lncRNA,0,1,0,0,0,1
AP003037.1,lncRNA,0,0,0,0,2,1
AP003043.1,lncRNA,1,0,0,0,0,0
AP003049.2,lncRNA,0,3,2,0,2,2
AP003059.1,lncRNA,0,2,1,13,2,4
AP003059.2,lncRNA,0,2,0,0,3,1
AP003062.2,lncRNA,0,0,0,2,2,1
AP003064.1,lncRNA,0,0,0,0,2,1
AP003064.2,lncRNA,0,0,0,2,5,4
AP003065.1,lncRNA,1,0,1,0,3,7
AP003066.1,lncRNA,1,14,1,6,3,2
AP003068.1,lncRNA,1,0,0,1,1,1
AP003068.2,lncRNA,25,25,22,78,34,37
AP003068.3,lncRNA,0,0,0,0,1,1
AP003071.1,lncRNA,0,0,0,0,1,0
AP003071.2,lncRNA,0,0,1,1,3,3
AP003071.3,lncRNA,0,0,0,1,2,1
AP003071.4,lncRNA,0,0,3,1,8,4
AP003086.1,lncRNA,2,2,0,0,2,2
AP003086.2,lncRNA,0,3,0,8,6,3
AP003096.1,lncRNA,1,0,0,1,4,2
AP003100.1,lncRNA,0,0,0,0,3,1
AP003100.2,lncRNA,13,22,19,15,124,137
AP003100.3,lncRNA,0,0,0,0,1,1
AP003108.1,lncRNA,2,1,4,8,11,8
AP003115.1,lncRNA,2,3,3,1,11,19
AP003117.1,lncRNA,7,38,11,29,38,50
AP003119.1,lncRNA,3,5,1,1,6,3
AP003119.2,lncRNA,0,0,0,4,2,1
AP003119.3,lncRNA,1,5,9,2,16,8
AP003120.1,lncRNA,1,0,1,1,3,1
AP003121.1,lncRNA,0,0,0,0,5,0
AP003122.2,lncRNA,0,0,0,2,0,2
AP003123.1,lncRNA,0,1,0,0,0,1
AP003168.2,lncRNA,1,0,0,1,0,2
AP003170.3,lncRNA,1,1,0,0,0,0
AP003170.4,lncRNA,3,2,0,3,18,22
AP003173.1,lncRNA,0,0,1,5,4,6
AP003174.1,lncRNA,0,0,0,0,0,1
AP003174.2,lncRNA,1,0,1,0,0,0
AP003175.1,lncRNA,1,1,1,2,8,8
AP003306.1,lncRNA,2,3,1,1,0,2
AP003306.2,lncRNA,0,0,2,1,1,2
AP003307.1,lncRNA,0,1,1,3,2,1
AP003327.2,lncRNA,4,4,1,5,6,6
AP003351.1,lncRNA,0,1,3,3,0,0
AP003352.1,lncRNA,10,11,8,6,14,8
AP003354.1,lncRNA,1,1,0,0,4,1
AP003355.2,lncRNA,0,0,5,1,2,6
AP003385.3,lncRNA,0,0,0,1,1,1
AP003390.1,lncRNA,1,3,3,5,20,13
AP003392.1,lncRNA,0,6,0,1,0,0
AP003392.3,lncRNA,4,13,3,3,18,28
AP003392.4,lncRNA,0,0,0,0,1,1
AP003392.5,lncRNA,2,0,0,0,1,2
AP003393.1,lncRNA,6,11,4,11,17,17
AP003396.1,lncRNA,0,0,1,0,1,1
AP003396.3,lncRNA,4,7,10,7,31,37
AP003398.2,lncRNA,1,0,0,0,2,1
AP003419.2,lncRNA,0,1,1,0,3,3
AP003419.3,lncRNA,0,0,0,0,12,14
AP003464.1,lncRNA,1,3,1,1,13,8
AP003465.1,lncRNA,0,0,0,0,8,2
AP003467.1,lncRNA,0,0,0,0,0,2
AP003469.1,lncRNA,3,7,6,1,1,1
AP003469.2,lncRNA,0,0,0,4,0,0
AP003469.3,lncRNA,2,0,0,0,2,0
AP003471.1,lncRNA,1,4,2,3,8,9
AP003472.1,lncRNA,0,1,0,0,2,2
AP003472.2,lncRNA,0,4,0,8,4,2
AP003486.1,lncRNA,2,2,1,1,6,5
AP003486.2,lncRNA,0,5,4,1,22,20
AP003498.2,lncRNA,0,1,0,2,2,2
AP003500.1,lncRNA,2,0,0,0,13,15
AP003501.1,lncRNA,1,1,1,2,1,1
AP003501.2,lncRNA,0,0,0,0,1,1
AP003548.1,lncRNA,0,3,0,0,6,3
AP003550.1,lncRNA,1,3,5,7,28,37
AP003555.1,lncRNA,2,1,3,3,21,19
AP003555.2,lncRNA,1,2,3,2,11,7
AP003557.1,lncRNA,0,1,1,0,6,3
AP003557.2,lncRNA,1,3,2,2,1,4
AP003559.1,lncRNA,1,1,3,0,15,12
AP003680.1,lncRNA,4,2,5,8,16,24
AP003692.1,lncRNA,1,1,2,2,0,2
AP003696.1,lncRNA,2,3,2,1,4,3
AP003715.1,lncRNA,0,0,1,0,0,1
AP003717.1,lncRNA,4,3,7,1,39,28
AP003717.4,lncRNA,2,6,10,3,10,17
AP003718.1,lncRNA,0,1,0,2,0,0
AP003721.1,lncRNA,77,43,258,133,590,432
AP003721.2,lncRNA,0,0,0,1,2,2
AP003721.3,lncRNA,0,0,0,0,1,2
AP003721.4,lncRNA,0,0,0,2,17,30
AP003774.2,lncRNA,0,1,0,0,1,2
AP003778.1,lncRNA,2,1,5,0,4,4
AP003783.1,lncRNA,2,3,3,5,10,7
AP003785.1,lncRNA,0,0,0,2,0,1
AP003900.1,lncRNA,3,2,2,5,15,17
AP003969.1,lncRNA,2,1,1,0,68,9
AP003973.2,lncRNA,0,0,0,0,0,1
AP003973.3,lncRNA,0,3,0,0,1,0
AP003973.4,lncRNA,0,0,0,9,2,4
AP004147.1,lncRNA,7,7,6,6,29,27
AP004247.2,lncRNA,0,4,1,3,3,4
AP004550.1,lncRNA,1,1,0,1,1,2
AP004606.1,lncRNA,0,0,0,0,3,3
AP004609.1,lncRNA,3,5,2,4,21,13
AP004609.3,lncRNA,2,6,5,14,24,25
AP005057.1,lncRNA,0,0,0,0,2,1
AP005059.1,lncRNA,0,0,0,0,0,3
AP005059.2,lncRNA,0,0,0,0,0,2
AP005062.1,lncRNA,0,0,1,0,2,2
AP005120.1,lncRNA,0,1,0,0,1,2
AP005121.1,lncRNA,1,3,2,2,1,2
AP005121.2,lncRNA,0,0,0,0,3,1
AP005131.1,lncRNA,3,0,5,1,29,14
AP005131.2,lncRNA,0,0,0,0,2,0
AP005131.3,lncRNA,0,0,1,0,2,2
AP005131.4,lncRNA,2,1,4,3,16,9
AP005131.5,lncRNA,0,0,1,0,2,0
AP005136.3,lncRNA,2,1,0,0,0,3
AP005136.4,lncRNA,1,3,0,2,3,5
AP005137.1,lncRNA,0,0,0,0,1,3
AP005137.2,lncRNA,1,0,0,1,0,1
AP005202.1,lncRNA,0,0,0,0,1,2
AP005202.2,lncRNA,0,1,1,0,1,1
AP005203.1,lncRNA,3,3,0,1,18,18
AP005205.1,lncRNA,0,0,0,0,0,1
AP005205.2,lncRNA,0,6,1,2,2,3
AP005209.1,lncRNA,2,0,15,0,21,21
AP005209.2,lncRNA,1,9,3,1,4,5
AP005210.1,lncRNA,0,0,0,0,2,1
AP005210.2,lncRNA,2,0,0,1,2,1
AP005212.4,lncRNA,0,1,1,4,3,4
AP005229.1,lncRNA,1,1,0,1,2,2
AP005229.2,lncRNA,0,0,0,1,0,0
AP005230.1,lncRNA,9,12,4,28,21,19
AP005233.1,lncRNA,2,1,2,5,29,21
AP005233.2,lncRNA,1,2,1,0,2,2
AP005242.1,lncRNA,0,0,0,0,0,1
AP005242.3,lncRNA,0,0,0,0,0,1
AP005242.5,lncRNA,2,1,2,3,8,6
AP005262.1,lncRNA,2,11,5,6,48,32
AP005263.1,lncRNA,7,4,1,4,5,4
AP005264.1,lncRNA,0,1,1,0,2,3
AP005264.2,lncRNA,0,0,0,0,1,1
AP005271.1,lncRNA,0,0,0,0,0,1
AP005273.1,lncRNA,1,0,1,0,1,2
AP005273.2,lncRNA,0,0,0,0,2,3
AP005328.1,lncRNA,0,3,0,7,1,3
AP005329.1,lncRNA,3,8,7,3,14,10
AP005329.2,lncRNA,2,2,2,2,11,10
AP005329.3,lncRNA,0,0,1,1,2,3
AP005357.1,lncRNA,0,0,0,0,1,3
AP005380.1,lncRNA,1,0,0,0,1,1
AP005432.1,lncRNA,1,5,1,11,3,2
AP005432.2,lncRNA,0,0,0,0,1,1
AP005436.1,lncRNA,0,0,1,0,1,0
AP005436.3,lncRNA,0,0,1,0,0,1
AP005482.1,lncRNA,0,0,0,1,0,0
AP005482.2,lncRNA,0,1,0,5,0,0
AP005530.1,lncRNA,0,0,0,0,1,0
AP005671.1,lncRNA,0,3,0,0,0,0
AP005717.1,lncRNA,7,5,6,2,16,12
AP005717.2,lncRNA,4,2,2,4,7,8
AP005899.1,lncRNA,0,1,1,1,0,0
AP005899.2,lncRNA,0,4,1,1,1,2
AP005900.1,lncRNA,1,12,5,1,2,2
AP005901.2,lncRNA,0,0,0,0,0,1
AP005901.5,lncRNA,1,0,0,3,1,2
AP005901.6,lncRNA,2,3,0,0,2,2
AP006216.1,lncRNA,0,0,0,0,1,3
AP006216.2,lncRNA,0,0,0,0,1,3
AP006216.3,lncRNA,0,0,1,0,1,1
AP006219.1,lncRNA,0,0,0,0,1,1
AP006219.2,lncRNA,0,0,0,0,5,4
AP006219.3,lncRNA,0,2,0,1,4,2
AP006222.2,lncRNA,0,0,0,1,0,0
AP006248.3,lncRNA,1,0,0,0,0,0
AP006248.5,lncRNA,5,10,2,3,8,5
AP006259.1,lncRNA,0,0,1,0,0,0
AP006261.1,lncRNA,1,0,1,2,3,4
AP006285.1,lncRNA,0,0,0,0,1,1
AP006287.2,lncRNA,0,0,1,0,2,4
AP006287.3,lncRNA,4,1,6,6,32,28
AP006295.1,lncRNA,0,0,0,4,0,1
AP006333.1,lncRNA,1,0,2,0,2,1
AP006333.2,lncRNA,4,1,0,0,1,1
AP006437.1,lncRNA,1,2,0,0,0,1
AP006545.1,lncRNA,0,0,0,2,1,1
AP006545.2,lncRNA,0,0,1,1,1,3
AP006545.3,lncRNA,0,1,1,0,3,3
AP006547.1,lncRNA,2,1,2,0,10,6
AP006565.1,lncRNA,0,0,0,1,1,3
AP006587.6,lncRNA,10,3,8,6,24,21
AP006621.1,lncRNA,3,1,2,2,8,13
AP006621.2,lncRNA,1,0,1,2,17,20
AP006621.3,lncRNA,2,2,2,9,11,7
AP006621.4,lncRNA,1,0,0,0,1,1
AP006623.1,lncRNA,1,2,2,5,12,8
AP006748.1,lncRNA,0,0,0,2,1,0
AP007216.1,lncRNA,0,0,0,0,0,1
AP007216.2,lncRNA,0,0,0,1,3,1
AP4B1-AS1,lncRNA,1,1,2,5,8,3
APCDD1L-DT,lncRNA,16,6,9,20,56,46
APOA1-AS,lncRNA,0,0,1,1,4,1
APOBEC3B-AS1,lncRNA,0,0,0,0,2,0
APP-DT,lncRNA,3,8,2,6,23,18
APTR,lncRNA,1,2,2,8,13,10
AQP4-AS1,lncRNA,3,14,3,11,24,27
ARAP1-AS1,lncRNA,0,2,0,0,1,1
ARAP1-AS2,lncRNA,201,622,316,289,650,901
ARF4-AS1,lncRNA,2,2,2,2,15,18
ARHGAP15-AS1,lncRNA,0,1,2,0,3,3
ARHGAP22-IT1,lncRNA,0,0,1,0,0,1
ARHGAP26-AS1,lncRNA,2,0,2,5,17,9
ARHGAP26-IT1,lncRNA,0,0,0,1,0,0
ARHGAP27P1-BPTFP1-KPNA2P3,lncRNA,4,5,7,6,31,23
ARHGAP29-AS1,lncRNA,4,7,1,4,11,7
ARHGAP31-AS1,lncRNA,0,1,1,1,1,3
ARHGAP42-AS1,lncRNA,3,5,1,6,4,3
ARHGAP5-AS1,lncRNA,1,2,2,3,6,6
ARHGEF2-AS1,lncRNA,0,6,0,0,1,3
ARHGEF2-AS2,lncRNA,0,1,0,0,4,2
ARHGEF26-AS1,lncRNA,3,9,6,8,29,16
ARHGEF3-AS1,lncRNA,0,0,0,1,6,1
ARHGEF35-AS1,lncRNA,4,6,6,3,21,22
ARHGEF38-IT1,lncRNA,0,0,0,0,0,1
ARHGEF7-AS1,lncRNA,0,0,0,0,0,1
ARHGEF7-AS2,lncRNA,1,0,3,1,14,10
ARHGEF7-IT1,lncRNA,0,0,0,1,1,2
ARHGEF9-IT1,lncRNA,0,0,0,0,1,0
ARIH2OS,lncRNA,4,5,3,4,7,5
ARLNC1,lncRNA,11,15,14,20,120,91
ARMC2-AS1,lncRNA,0,0,0,1,0,0
ARMCX3-AS1,lncRNA,3,4,1,2,6,6
ARMCX5-GPRASP2,lncRNA,3,5,2,10,8,9
ARNILA,lncRNA,0,1,3,5,11,22
ARNTL2-AS1,lncRNA,0,0,0,2,1,1
ARPP21-AS1,lncRNA,0,0,0,0,1,0
ARRDC1-AS1,lncRNA,4,7,5,9,28,25
ARRDC3-AS1,lncRNA,7,8,8,15,22,28
ARSD-AS1,lncRNA,0,2,0,0,0,1
ASAP1-IT2,lncRNA,2,2,0,0,4,3
ASB15-AS1,lncRNA,2,0,0,3,2,1
ASB16-AS1,lncRNA,6,9,5,11,20,11
ASH1L-AS1,lncRNA,2,1,2,1,25,22
ASH1L-IT1,lncRNA,0,1,0,12,1,11
ASIC4-AS1,lncRNA,0,0,1,0,4,1
ASMTL-AS1,lncRNA,1,1,7,2,20,10
ASTN2-AS1,lncRNA,0,0,1,1,8,6
ATG10-AS1,lncRNA,0,0,0,0,1,0
ATG10-IT1,lncRNA,1,0,0,0,0,0
ATP11A-AS1,lncRNA,2,2,3,5,14,10
ATP11AUN,lncRNA,1,0,3,2,11,6
ATP13A4-AS1,lncRNA,1,0,0,0,1,1
ATP13A5-AS1,lncRNA,2,1,0,0,0,1
ATP1A1-AS1,lncRNA,8,18,11,8,171,136
ATP2A1-AS1,lncRNA,1,0,1,0,9,5
ATP2B1-AS1,lncRNA,2,19,9,7,48,42
ATP2B2-IT1,lncRNA,0,0,2,0,1,1
ATP2B2-IT2,lncRNA,0,1,3,0,2,4
ATP2C2-AS1,lncRNA,2,2,14,7,15,19
ATP6V0E2-AS1,lncRNA,3,5,11,16,22,24
ATP6V1B1-AS1,lncRNA,2,3,1,3,6,8
ATXN1-AS1,lncRNA,1,2,1,1,13,11
ATXN2-AS,lncRNA,1,0,0,1,5,1
ATXN8OS,lncRNA,5,2,6,3,11,13
AUXG01000058.1,lncRNA,8,6,8,13,24,29
B3GALT1-AS1,lncRNA,0,0,0,1,2,1
B3GALT5-AS1,lncRNA,4,10,7,7,30,33
B3GAT1-DT,lncRNA,74,41,245,128,50,119
B4GALT1-AS1,lncRNA,0,3,2,3,6,5
B4GALT4-AS1,lncRNA,0,1,0,0,1,0
BAALC-AS1,lncRNA,13,35,22,24,54,52
BAALC-AS2,lncRNA,0,0,1,0,4,1
BACE1-AS,lncRNA,6,7,7,10,51,33
BACH1-AS1,lncRNA,0,0,0,0,1,2
BACH1-IT1,lncRNA,0,0,0,0,1,3
BACH1-IT2,lncRNA,0,1,1,0,10,4
BACH1-IT3,lncRNA,0,0,0,1,13,22
BAIAP2-DT,lncRNA,13,5,9,11,29,36
BANCR,lncRNA,1,6,2,2,1,3
BARX1-DT,lncRNA,0,2,2,3,19,14
BASP1-AS1,lncRNA,12,21,10,12,47,50
BBOX1-AS1,lncRNA,1,10,1,4,5,8
BCAR3-AS1,lncRNA,0,5,1,5,12,8
BCAR4,lncRNA,0,0,1,2,4,3
BCDIN3D-AS1,lncRNA,3,5,5,15,25,17
BCL2L1-AS1,lncRNA,0,0,0,2,1,0
BCRP3,lncRNA,0,0,1,1,2,3
BDNF-AS,lncRNA,20,33,45,27,270,238
BEAN1-AS1,lncRNA,2,0,2,1,5,14
BET1-AS1,lncRNA,3,1,0,1,2,1
BFSP2-AS1,lncRNA,0,0,0,0,7,2
BGLT3,lncRNA,0,0,0,0,2,0
BHLHE40-AS1,lncRNA,4,4,3,8,26,13
BICRA-AS1,lncRNA,0,0,0,0,0,1
BIRC6-AS1,lncRNA,0,0,0,0,4,0
BISPR,lncRNA,7,15,4,8,41,50
BLACE,lncRNA,63,239,54,79,12,19
BMF-AS1,lncRNA,0,0,0,0,2,1
BMP7-AS1,lncRNA,0,0,0,0,1,2
BMP8B-AS1,lncRNA,1,1,0,0,1,0
BMPR1B-DT,lncRNA,0,1,1,1,10,6
BMS1P14,lncRNA,1,0,0,0,0,0
BMS1P4,lncRNA,0,0,0,1,2,1
BMS1P4-AGAP5,lncRNA,1,1,1,1,3,2
BNC2-AS1,lncRNA,2,2,1,0,7,2
BOK-AS1,lncRNA,0,2,2,1,3,2
BOLA3-AS1,lncRNA,4,7,2,4,19,13
BPESC1,lncRNA,4,2,4,5,13,15
BRWD1-AS1,lncRNA,4,0,0,6,2,1
BRWD1-AS2,lncRNA,4,2,4,2,13,13
BRWD1-IT1,lncRNA,2,2,2,2,1,2
BSN-AS1,lncRNA,0,0,0,0,0,1
BSN-DT,lncRNA,1,5,3,4,9,7
BTBD9-AS1,lncRNA,0,6,1,0,5,5
BTF3-DT,lncRNA,1,1,0,2,8,8
BTG3-AS1,lncRNA,7,5,11,7,29,23
BVES-AS1,lncRNA,10,25,18,12,70,86
BX004807.1,lncRNA,0,0,1,0,1,1
BX005019.1,lncRNA,1,1,1,0,0,1
BX005040.1,lncRNA,1,2,1,1,1,2
BX005040.3,lncRNA,0,0,0,0,2,2
BX005132.1,lncRNA,0,0,0,3,1,0
BX005214.2,lncRNA,1,3,1,2,1,2
BX005266.2,lncRNA,1,1,1,1,3,5
BX072579.1,lncRNA,1,0,1,0,1,2
BX072579.2,lncRNA,4,2,2,2,13,8
BX088651.2,lncRNA,1,2,1,4,2,3
BX088651.4,lncRNA,1,1,1,2,4,5
BX088723.1,lncRNA,0,0,0,0,2,1
BX119904.1,lncRNA,0,1,0,0,1,1
BX255923.1,lncRNA,0,0,1,0,3,1
BX255923.2,lncRNA,2,2,1,9,14,13
BX255925.1,lncRNA,5,51,12,7,17,11
BX255925.4,lncRNA,0,0,1,0,2,0
BX284613.2,lncRNA,8,10,7,10,31,38
BX284656.1,lncRNA,0,2,2,1,17,12
BX284656.2,lncRNA,0,0,0,0,3,2
BX284668.1,lncRNA,0,0,0,0,2,3
BX284668.2,lncRNA,21,11,79,38,121,162
BX284668.4,lncRNA,2,2,8,5,6,8
BX284668.5,lncRNA,0,0,0,1,0,1
BX293535.1,lncRNA,1,0,0,0,1,0
BX322234.1,lncRNA,12,13,10,9,106,77
BX322234.2,lncRNA,0,2,1,0,2,4
BX322557.1,lncRNA,0,0,0,0,3,2
BX322557.2,lncRNA,1,2,5,6,11,16
BX322559.1,lncRNA,0,2,0,0,1,1
BX322562.1,lncRNA,0,3,4,4,2,1
BX323043.1,lncRNA,1,0,0,2,6,5
BX323046.1,lncRNA,0,0,1,1,3,1
BX323046.2,lncRNA,0,0,0,0,4,1
BX324167.1,lncRNA,2,1,1,0,2,1
BX324167.2,lncRNA,3,3,4,7,25,14
BX469938.1,lncRNA,0,0,0,0,4,1
BX470102.1,lncRNA,0,1,0,2,1,3
BX470102.2,lncRNA,8,16,2,15,3,21
BX470209.1,lncRNA,0,0,0,0,0,1
BX470209.2,lncRNA,3,4,5,8,18,12
BX537318.1,lncRNA,2,3,2,3,10,10
BX539320.1,lncRNA,1,0,1,0,4,1
BX546033.1,lncRNA,0,0,3,2,2,5
BX546450.1,lncRNA,1,0,0,1,1,2
BX546450.2,lncRNA,0,0,0,0,1,0
BX571846.1,lncRNA,0,0,1,0,1,1
BX640514.1,lncRNA,0,2,4,1,24,17
BX640514.2,lncRNA,1,5,6,2,13,13
BX640515.1,lncRNA,1,3,3,1,5,3
BX649601.1,lncRNA,0,0,0,3,2,2
BX664718.1,lncRNA,0,2,1,1,3,1
BX664727.3,lncRNA,1,1,1,3,5,5
BX664730.1,lncRNA,0,3,1,1,5,2
BX842242.1,lncRNA,1,6,8,6,14,16
BX842570.1,lncRNA,0,6,0,1,4,2
BX890604.1,lncRNA,11,12,14,22,73,74
BX927359.1,lncRNA,0,0,2,1,2,0
BZW1-AS1,lncRNA,0,1,2,2,9,6
C10orf55,lncRNA,1,4,4,4,13,9
C10orf71-AS1,lncRNA,0,1,1,1,4,4
C11orf40,lncRNA,0,1,1,0,3,4
C11orf72,lncRNA,0,0,2,3,2,5
C12orf77,lncRNA,2,13,0,0,5,4
C14orf177,lncRNA,1,1,2,2,8,5
C14orf178,lncRNA,0,0,1,0,6,2
C15orf32,lncRNA,6,1,3,1,21,26
C15orf54,lncRNA,1,0,2,1,2,4
C15orf56,lncRNA,1,4,5,4,15,12
C16orf97,lncRNA,1,2,3,2,7,5
C17orf102,lncRNA,5,10,6,6,16,23
C17orf77,lncRNA,1,2,2,2,8,6
C1QTNF1-AS1,lncRNA,1,3,2,1,18,26
C1QTNF7-AS1,lncRNA,1,4,0,5,5,4
C1QTNF9-AS1,lncRNA,0,0,0,1,0,1
C1RL-AS1,lncRNA,3,4,16,12,29,15
C1orf147,lncRNA,5,1,14,11,4,3
C1orf167-AS1,lncRNA,1,0,1,1,3,1
C1orf195,lncRNA,0,0,0,0,0,2
C1orf220,lncRNA,3,2,3,2,12,7
C1orf229,lncRNA,6,12,6,95,26,35
C2-AS1,lncRNA,1,0,1,1,2,3
C20orf197,lncRNA,0,0,0,4,6,6
C21orf62-AS1,lncRNA,102,29,7,49,107,62
C21orf91-OT1,lncRNA,0,0,1,1,2,4
C22orf24,lncRNA,4,14,8,7,64,70
C22orf34,lncRNA,6,3,9,8,38,29
C2CD4D-AS1,lncRNA,2,1,11,3,2,1
C2orf27A,lncRNA,1,0,0,4,7,5
C2orf49-DT,lncRNA,2,1,2,1,4,5
C2orf91,lncRNA,3,4,1,6,11,14
C3orf35,lncRNA,1,5,6,15,15,24
C3orf36,lncRNA,2,2,2,1,5,5
C4A-AS1,lncRNA,2,0,5,2,17,11
C4B-AS1,lncRNA,2,0,5,2,17,11
C5orf17,lncRNA,0,1,1,2,7,2
C5orf34-AS1,lncRNA,0,0,0,0,1,0
C5orf38,lncRNA,4,4,12,4,54,34
C5orf60,lncRNA,9,6,1,4,11,11
C5orf64,lncRNA,15,14,34,25,55,57
C5orf64-AS1,lncRNA,1,0,0,0,4,2
C5orf66,lncRNA,2,8,25,15,44,57
C5orf66-AS1,lncRNA,1,2,4,2,14,14
C5orf66-AS2,lncRNA,5,7,10,4,27,15
C5orf67,lncRNA,0,0,0,0,2,3
C6orf223,lncRNA,27,20,49,17,219,149
C6orf47-AS1,lncRNA,0,0,0,0,1,1
C6orf99,lncRNA,4,8,5,5,10,16
C7orf65,lncRNA,3,8,6,5,8,11
C7orf66,lncRNA,2,0,0,0,1,1
C7orf69,lncRNA,0,0,0,0,1,5
C7orf77,lncRNA,0,0,0,1,3,2
C8orf31,lncRNA,10,9,10,7,26,25
C8orf34-AS1,lncRNA,6,5,10,4,28,17
C8orf37-AS1,lncRNA,68,12,16,45,106,78
C8orf44,lncRNA,1,3,1,0,2,4
C8orf49,lncRNA,0,0,0,0,6,3
C8orf86,lncRNA,0,0,1,4,3,5
C8orf87,lncRNA,0,0,0,0,1,1
C9orf106,lncRNA,4,5,5,7,12,9
C9orf135-DT,lncRNA,9,7,187,13,19,13
C9orf139,lncRNA,3,5,220,6,32,31
C9orf147,lncRNA,2,5,5,16,19,16
C9orf163,lncRNA,10,4,8,8,63,61
C9orf62,lncRNA,1,8,3,5,10,11
C9orf92,lncRNA,1,0,1,1,5,2
CA3-AS1,lncRNA,4,2,6,6,27,15
CACNA1C-AS1,lncRNA,1,3,5,7,12,11
CACNA1C-AS2,lncRNA,0,1,2,0,2,1
CACNA1C-AS3,lncRNA,0,0,0,0,1,2
CACNA1C-AS4,lncRNA,0,2,1,1,5,1
CACNA1C-IT1,lncRNA,1,0,0,0,0,1
CACNA1C-IT2,lncRNA,0,2,2,0,0,1
CACNA1C-IT3,lncRNA,0,3,0,0,1,1
CACNA1G-AS1,lncRNA,2,1,1,6,8,8
CACNA2D1-AS1,lncRNA,0,0,0,0,2,6
CACNA2D3-AS1,lncRNA,0,1,3,2,3,2
CACTIN-AS1,lncRNA,4,3,8,5,58,50
CADM2-AS1,lncRNA,0,0,1,4,3,3
CADM2-AS2,lncRNA,1,5,2,3,2,0
CADM3-AS1,lncRNA,3,5,7,12,13,15
CAHM,lncRNA,3,6,9,11,9,11
CALHM6-AS1,lncRNA,0,1,0,0,2,2
CALML3-AS1,lncRNA,8,16,12,12,57,63
CAMTA1-AS1,lncRNA,0,0,0,0,6,4
CAMTA1-AS2,lncRNA,1,1,1,0,3,2
CAMTA1-DT,lncRNA,3,0,13,0,6,6
CAMTA1-IT1,lncRNA,0,1,0,0,0,0
CAPN10-DT,lncRNA,6,4,9,5,20,17
CAPS2-AS1,lncRNA,2,8,0,0,1,5
CARD11-AS1,lncRNA,1,8,2,0,4,7
CARD8-AS1,lncRNA,1,11,4,15,7,11
CARMAL,lncRNA,3,0,2,1,2,3
CARMN,lncRNA,27,44,107,57,136,668
CARNMT1-AS1,lncRNA,2,11,2,3,10,7
CARS1-AS1,lncRNA,2,0,1,3,11,11
CASC11,lncRNA,1,3,4,4,45,37
CASC15,lncRNA,42,53,38,40,166,195
CASC16,lncRNA,2,1,3,2,6,4
CASC17,lncRNA,0,2,1,1,12,7
CASC18,lncRNA,1,2,1,2,7,7
CASC19,lncRNA,8,21,14,17,83,97
CASC2,lncRNA,8,24,13,18,98,103
CASC20,lncRNA,0,1,0,1,2,0
CASC22,lncRNA,0,2,0,2,9,6
CASC23,lncRNA,10,0,11,0,9,18
CASC6,lncRNA,1,2,2,2,6,5
CASC8,lncRNA,0,0,1,0,6,4
CASC9,lncRNA,2,11,2,0,9,4
CASK-AS1,lncRNA,0,0,0,0,1,0
CATIP-AS1,lncRNA,1,1,4,2,5,3
CATIP-AS2,lncRNA,1,2,0,7,2,3
CAVIN2-AS1,lncRNA,6,8,6,8,19,12
CBR3-AS1,lncRNA,18,12,11,23,39,45
CCAT2,lncRNA,1,0,0,1,2,4
CCDC13-AS1,lncRNA,2,1,1,1,5,4
CCDC140,lncRNA,1,3,34,5,56,44
CCDC144NL-AS1,lncRNA,4,7,12,9,33,30
CCDC148-AS1,lncRNA,6,2,4,1,40,20
CCDC15-DT,lncRNA,2,1,8,4,8,7
CCDC18-AS1,lncRNA,9,12,9,12,101,84
CCDC183-AS1,lncRNA,3,3,12,6,32,19
CCDC26,lncRNA,27,45,47,51,167,172
CCDC28A-AS1,lncRNA,20,19,37,37,159,208
CCDC37-DT,lncRNA,1,2,1,0,4,5
CCDC39,lncRNA,2,6,3,2,14,12
CCND2-AS1,lncRNA,2,4,3,4,21,17
CCNT2-AS1,lncRNA,12,8,14,11,33,27
CCR5AS,lncRNA,0,0,1,4,3,3
CD200R1L-AS1,lncRNA,0,0,1,0,0,0
CD27-AS1,lncRNA,6,4,0,10,6,14
CD2BP2-DT,lncRNA,2,3,3,2,9,6
CD44-AS1,lncRNA,0,2,0,0,1,2
CD81-AS1,lncRNA,3,4,5,2,15,7
CDC37L1-DT,lncRNA,2,0,0,0,3,2
CDC42-AS1,lncRNA,1,6,1,2,8,14
CDH18-AS1,lncRNA,1,13,11,2,8,7
CDH23-AS1,lncRNA,0,2,2,0,1,2
CDK6-AS1,lncRNA,0,0,0,3,1,1
CDKN2A-DT,lncRNA,2,10,3,10,17,36
CDKN2B-AS1,lncRNA,16,17,12,16,49,45
CDRT7,lncRNA,0,0,0,0,1,4
CDRT8,lncRNA,0,0,4,0,0,1
CDYL-AS1,lncRNA,0,2,0,0,2,1
CEBPA-DT,lncRNA,1,12,3,3,13,20
CEBPB-AS1,lncRNA,6,3,3,9,7,12
CECR3,lncRNA,0,1,0,1,8,3
CELF2-AS1,lncRNA,1,1,3,0,17,13
CELF2-AS2,lncRNA,0,8,4,0,10,10
CELF2-DT,lncRNA,9,17,17,14,113,104
CENATAC-DT,lncRNA,1,1,1,1,12,13
CENPN-AS1,lncRNA,4,15,3,6,35,36
CEP250-AS1,lncRNA,4,15,11,12,278,384
CEP83-DT,lncRNA,3,4,4,6,6,6
CERNA1,lncRNA,11,8,3,3,18,7
CERNA2,lncRNA,2,0,0,0,4,3
CERNA3,lncRNA,10,7,6,5,34,33
CEROX1,lncRNA,6,5,12,8,48,28
CERS3-AS1,lncRNA,1,2,3,3,3,4
CERS6-AS1,lncRNA,3,8,7,17,7,12
CFAP20DC-AS1,lncRNA,0,3,0,1,5,5
CFAP44-AS1,lncRNA,0,1,0,0,1,2
CFAP58-DT,lncRNA,0,1,0,3,5,8
CFAP61-AS1,lncRNA,0,0,0,0,10,14
CFLAR-AS1,lncRNA,2,4,3,3,9,7
CFTR-AS1,lncRNA,0,1,0,0,0,0
CH17-340M24.3,lncRNA,1,1,2,4,4,4
CHASERR,lncRNA,12,13,17,14,48,60
CHKB-DT,lncRNA,4,12,6,7,21,15
CHL1-AS1,lncRNA,0,1,2,1,2,3
CHL1-AS2,lncRNA,1,2,2,3,17,18
CHMP1B-AS1,lncRNA,1,2,1,2,37,12
CHN2-AS1,lncRNA,0,0,1,0,2,2
CHODL-AS1,lncRNA,0,0,2,2,2,2
CHRM3-AS1,lncRNA,0,0,0,0,1,1
CHRM3-AS2,lncRNA,7,18,4,14,22,20
CHROMR,lncRNA,7,9,5,21,21,26
CIRBP-AS1,lncRNA,6,1,5,4,23,20
CISTR,lncRNA,2,4,4,6,12,9
CKMT2-AS1,lncRNA,7,15,9,24,31,52
CLCA4-AS1,lncRNA,2,1,4,1,11,15
CLDN10-AS1,lncRNA,1,1,0,0,2,2
CLEC12A-AS1,lncRNA,2,3,1,0,16,6
CLIP1-AS1,lncRNA,2,9,1,8,9,13
CLLU1,lncRNA,3,4,5,6,34,32
CLLU1-AS1,lncRNA,0,1,1,0,1,2
CLMAT3,lncRNA,8,2,7,15,50,25
CLRN1-AS1,lncRNA,30,18,55,38,272,217
CLSTN2-AS1,lncRNA,0,1,2,1,4,4
CLYBL-AS1,lncRNA,0,0,0,0,2,1
CLYBL-AS2,lncRNA,1,1,0,0,1,1
CNIH3-AS1,lncRNA,0,0,1,1,2,3
CNIH3-AS2,lncRNA,6,3,8,12,11,15
CNN3-DT,lncRNA,3,4,5,1,18,10
CNNM3-DT,lncRNA,0,0,0,1,3,1
CNTFR-AS1,lncRNA,2,2,2,7,6,4
CNTN4-AS1,lncRNA,0,0,0,0,6,3
CNTN4-AS2,lncRNA,0,0,0,0,1,1
CNTNAP2-AS1,lncRNA,3,7,1,3,4,6
COA6-AS1,lncRNA,1,1,1,0,2,1
COL18A1-AS1,lncRNA,3,1,11,4,19,25
COL18A1-AS2,lncRNA,0,0,4,1,1,3
COL25A1-DT,lncRNA,1,1,0,4,5,3
COL4A2-AS1,lncRNA,0,0,0,2,3,2
COL4A2-AS2,lncRNA,2,2,1,2,11,5
COL5A1-AS1,lncRNA,1,2,3,3,16,52
COLCA1,lncRNA,6,15,7,5,26,23
COMETT,lncRNA,0,7,0,1,2,5
COPDA1,lncRNA,1,0,0,2,3,2
COSMOC,lncRNA,0,1,0,0,2,2
COX10-AS1,lncRNA,4,12,3,9,22,25
CPB2-AS1,lncRNA,7,23,19,19,24,30
CPEB1-AS1,lncRNA,3,7,4,5,22,17
CPEB2-DT,lncRNA,0,6,1,5,7,4
CPNE8-AS1,lncRNA,1,0,0,1,5,6
CPS1-IT1,lncRNA,1,1,0,1,9,4
CPVL-AS1,lncRNA,0,0,0,0,1,3
CR381653.1,lncRNA,0,1,1,3,1,2
CR381670.2,lncRNA,0,2,0,1,2,1
CR382287.1,lncRNA,3,6,1,2,7,7
CR383656.10,lncRNA,0,0,0,0,2,3
CR383656.12,lncRNA,0,0,1,0,1,1
CR392000.2,lncRNA,4,4,2,0,7,9
CR559946.1,lncRNA,0,0,2,0,0,3
CR559946.2,lncRNA,2,3,2,2,9,6
CR769776.3,lncRNA,1,2,0,2,4,4
CR786580.1,lncRNA,1,1,1,5,2,2
CR936218.2,lncRNA,0,0,0,0,3,3
CRAT37,lncRNA,0,3,1,6,5,8
CREB3L2-AS1,lncRNA,0,0,0,1,1,7
CRIM1-DT,lncRNA,2,0,0,0,3,1
CRNDE,lncRNA,10,7,13,26,71,49
CRPPA-AS1,lncRNA,1,0,1,3,7,2
CRTC3-AS1,lncRNA,5,3,1,0,4,2
CRYZL2P-SEC16B,lncRNA,2,7,3,3,56,17
CSE1L-AS1,lncRNA,0,1,0,4,1,2
CSGALNACT2-DT,lncRNA,1,3,2,1,13,11
CSMD2-AS1,lncRNA,1,1,4,3,14,11
CSNK1G2-AS1,lncRNA,0,2,3,3,4,6
CSPG4P1Y,lncRNA,0,0,0,0,2,1
CSPG4P2Y,lncRNA,0,0,0,0,2,1
CSRP3-AS1,lncRNA,0,1,0,0,4,3
CSTF3-DT,lncRNA,2,3,8,4,14,14
CT62,lncRNA,9,9,36,17,18,22
CT66,lncRNA,2,2,1,0,15,10
CT69,lncRNA,0,2,4,1,7,7
CT70,lncRNA,1,3,1,5,10,11
CTB-178M22.2,lncRNA,0,0,2,3,1,0
CTBP1-AS,lncRNA,5,5,9,3,38,19
CTBP1-DT,lncRNA,5,7,10,6,49,41
CTC-338M12.4,lncRNA,3,4,4,3,20,14
CTD-2194D22.4,lncRNA,0,1,1,0,5,4
CTD-2297D10.2,lncRNA,6,4,11,2,26,14
CTD-2350J17.1,lncRNA,0,0,1,2,6,2
CTD-3080P12.3,lncRNA,0,3,2,3,7,11
CTNNA2-AS1,lncRNA,0,6,1,0,5,4
CU104787.1,lncRNA,0,0,0,0,1,1
CU633904.1,lncRNA,2,1,1,0,7,7
CU633906.1,lncRNA,1,0,0,0,4,3
CU633906.2,lncRNA,2,2,2,1,9,6
CU633906.5,lncRNA,1,1,2,1,3,3
CU633967.1,lncRNA,3,2,2,3,10,8
CU634019.1,lncRNA,1,1,1,0,7,5
CU634019.5,lncRNA,1,1,1,1,2,1
CU638689.1,lncRNA,0,0,0,0,1,0
CU638689.4,lncRNA,2,3,2,3,10,11
CU638689.5,lncRNA,0,1,0,0,1,0
CU639417.4,lncRNA,0,0,0,0,5,0
CU639417.5,lncRNA,7,5,10,7,41,42
CXXC4-AS1,lncRNA,3,26,5,3,32,26
CXXC5-AS1,lncRNA,0,0,3,3,3,4
CYB561D2,lncRNA,1,3,1,0,8,5
CYMP-AS1,lncRNA,1,2,0,2,7,9
CYP1B1-AS1,lncRNA,49,26,24,13,65,50
CYP2U1-AS1,lncRNA,1,9,4,9,12,34
CYP4A22-AS1,lncRNA,1,0,1,5,4,8
CYP4F26P,lncRNA,5,2,1,4,13,6
CYP51A1-AS1,lncRNA,1,4,4,9,10,9
CYTOR,lncRNA,16,11,13,33,79,98
CYYR1-AS1,lncRNA,6,0,7,0,3,2
D21S2088E,lncRNA,2,5,3,6,35,34
DAAM2-AS1,lncRNA,4,6,9,6,15,11
DAB1-AS1,lncRNA,6,2,9,1,25,9
DACT3-AS1,lncRNA,9,7,25,4,32,30
DANCR,lncRNA,17,15,45,65,41,48
DANT1,lncRNA,0,1,0,0,1,0
DANT2,lncRNA,5,2,7,5,21,9
DAOA-AS1,lncRNA,0,2,1,0,1,1
DAP-DT,lncRNA,0,1,0,0,1,1
DAPK1-IT1,lncRNA,1,1,0,1,1,3
DARS1-AS1,lncRNA,13,9,14,15,112,86
DBET,lncRNA,5,3,4,12,23,15
DBH-AS1,lncRNA,2,1,9,3,27,17
DCST1-AS1,lncRNA,0,0,0,0,1,1
DCTN1-AS1,lncRNA,3,3,6,4,24,24
DCUN1D2-AS,lncRNA,1,2,1,0,1,2
DCXR-DT,lncRNA,6,0,0,2,3,7
DDC-AS1,lncRNA,0,0,3,6,10,6
DDN-AS1,lncRNA,2,2,5,4,15,18
DDR1-DT,lncRNA,0,3,5,4,4,5
DDX11-AS1,lncRNA,1,1,2,3,17,8
DDX39B-AS1,lncRNA,11,16,4,12,7,8
DDX59-AS1,lncRNA,2,7,0,2,2,3
DELEC1,lncRNA,2,9,3,3,11,11
DENND5B-AS1,lncRNA,5,21,250,14,27,28
DENND6A-AS1,lncRNA,0,1,0,0,1,1
DENND6A-DT,lncRNA,1,3,2,7,9,4
DEPDC1-AS1,lncRNA,0,0,0,0,9,9
DGCR11,lncRNA,0,2,1,0,2,4
DGCR5,lncRNA,7,27,8,20,71,89
DGUOK-AS1,lncRNA,0,0,1,0,8,7
DHCR24-DT,lncRNA,0,1,2,1,14,17
DHDDS-AS1,lncRNA,0,0,0,0,1,1
DHRS4-AS1,lncRNA,13,10,10,18,38,37
DHRSX-IT1,lncRNA,0,0,1,1,2,3
DHX33-DT,lncRNA,0,0,0,0,3,1
DIAPH1-AS1,lncRNA,0,2,3,0,9,11
DIAPH2-AS1,lncRNA,2,0,0,1,2,4
DIAPH3-AS1,lncRNA,0,0,0,0,0,1
DIAPH3-AS2,lncRNA,1,0,2,0,3,2
DICER1-AS1,lncRNA,4,7,6,7,20,12
DINOL,lncRNA,0,0,0,1,3,2
DIO2-AS1,lncRNA,0,0,0,1,3,2
DIO3OS,lncRNA,16,8,17,10,63,53
DIP2A-IT1,lncRNA,0,0,0,0,2,1
DIP2C-AS1,lncRNA,15,12,26,16,81,75
DIRC1,lncRNA,0,0,0,0,0,2
DIRC3,lncRNA,6,9,2,15,14,14
DIRC3-AS1,lncRNA,10,7,37,14,17,19
DISC1-IT1,lncRNA,0,8,0,1,4,1
DISC1FP1,lncRNA,1,7,0,1,5,8
DKFZP434A062,lncRNA,4,4,7,13,23,27
DKFZP434H168,lncRNA,3,3,5,3,32,25
DLEU1,lncRNA,15,31,20,35,238,367
DLEU2,lncRNA,22,26,30,21,101,65
DLEU2L,lncRNA,1,1,1,2,2,3
DLG1-AS1,lncRNA,4,1,3,6,8,10
DLG2-AS2,lncRNA,2,2,2,6,1,2
DLG3-AS1,lncRNA,0,0,0,0,2,1
DLG5-AS1,lncRNA,2,2,3,3,8,5
DLGAP1-AS1,lncRNA,1,15,4,7,15,30
DLGAP1-AS2,lncRNA,1,2,9,6,5,4
DLGAP1-AS3,lncRNA,3,3,5,4,8,6
DLGAP1-AS4,lncRNA,3,8,4,10,40,44
DLGAP1-AS5,lncRNA,0,1,0,4,3,3
DLGAP2-AS1,lncRNA,1,1,1,4,18,10
DLGAP4-AS1,lncRNA,2,2,3,2,13,10
DLX2-DT,lncRNA,1632,150,154,38,939,126
DLX6-AS1,lncRNA,4,13,5,16,40,48
DM1-AS,lncRNA,1,5,2,2,10,19
DNAAF4-CCPG1,lncRNA,13,21,4,11,4,3
DNAH10OS,lncRNA,10,5,14,37,37,34
DNAH17-AS1,lncRNA,10,11,6,11,31,26
DNAH8-AS1,lncRNA,2,0,1,0,4,2
DNAJB5-DT,lncRNA,1,3,5,3,30,22
DNAJB8-AS1,lncRNA,1,0,2,7,5,4
DNAJC27-AS1,lncRNA,14,12,3,10,22,31
DNAJC3-DT,lncRNA,0,8,7,5,41,70
DNAJC9-AS1,lncRNA,7,6,2,5,12,17
DNM1P35,lncRNA,9,3,7,6,76,43
DNM3OS,lncRNA,159,51,50,55,377,80
DNMBP-AS1,lncRNA,0,3,2,2,8,7
DNMT3L-AS1,lncRNA,0,0,0,0,2,1
DOCK4-AS1,lncRNA,0,0,3,0,13,9
DOCK8-AS1,lncRNA,2,4,3,7,19,16
DOCK9-AS1,lncRNA,0,2,0,0,0,1
DOCK9-DT,lncRNA,0,1,1,2,6,13
DPH6-DT,lncRNA,3,1,3,5,15,9
DPP10-AS1,lncRNA,39,93,847,50,27,46
DPP10-AS2,lncRNA,1,0,0,0,2,1
DPP10-AS3,lncRNA,0,0,0,0,3,0
DPP4-DT,lncRNA,0,1,4,3,4,4
DPP9-AS1,lncRNA,5,4,4,3,16,12
DPYD-AS1,lncRNA,0,4,0,2,2,2
DPYD-AS2,lncRNA,0,0,0,0,2,4
DRAIC,lncRNA,23,21,31,30,91,89
DSCAM-AS1,lncRNA,2,13,4,16,9,13
DSCAM-IT1,lncRNA,0,0,0,4,10,5
DSCAS,lncRNA,0,1,1,0,5,1
DSCR10,lncRNA,0,0,0,0,2,0
DSCR4,lncRNA,0,4,1,5,2,2
DSCR4-IT1,lncRNA,0,0,0,1,1,0
DSCR8,lncRNA,0,0,0,1,2,2
DSCR9,lncRNA,1,2,5,4,22,23
DSG1-AS1,lncRNA,0,0,0,0,3,4
DSG2-AS1,lncRNA,0,2,1,2,3,8
DST-AS1,lncRNA,0,2,0,1,3,3
DTD1-AS1,lncRNA,0,0,0,0,3,1
DTNB-AS1,lncRNA,0,0,1,1,1,1
DTX2P1-UPK3BP1-PMS2P11,lncRNA,4,4,4,4,12,6
DUBR,lncRNA,12,9,15,6,67,60
DUSP5-DT,lncRNA,1,3,4,6,10,15
DUXAP8,lncRNA,4,5,6,8,18,28
DYRK3-AS1,lncRNA,0,1,0,1,5,8
E2F3-IT1,lncRNA,1,0,0,2,0,0
EAF1-AS1,lncRNA,2,7,7,4,59,55
EBLN3P,lncRNA,5,24,7,9,25,22
ECE1-AS1,lncRNA,0,6,4,2,3,8
ECI2-DT,lncRNA,2,0,0,2,3,5
EDIL3-DT,lncRNA,6,7,19,13,20,20
EDNRB-AS1,lncRNA,5,0,4,6,5,2
EDRF1-AS1,lncRNA,1,5,0,2,5,7
EDRF1-DT,lncRNA,1,1,1,3,9,10
EFCAB14-AS1,lncRNA,0,0,0,2,0,0
EFCAB6-AS1,lncRNA,2,0,2,3,8,7
EGFLAM-AS1,lncRNA,0,0,0,0,1,2
EGFLAM-AS2,lncRNA,1,0,1,2,5,5
EGFLAM-AS3,lncRNA,0,1,0,1,1,1
EGFLAM-AS4,lncRNA,22,75,12,16,17,29
EGFR-AS1,lncRNA,1,1,1,0,7,5
EGILA,lncRNA,0,0,0,0,0,2
EGLN3-AS1,lncRNA,0,0,0,0,3,1
EGOT,lncRNA,0,1,1,0,3,2
EHD4-AS1,lncRNA,0,0,1,1,6,5
EHHADH-AS1,lncRNA,3,1,1,0,2,2
EHMT2-AS1,lncRNA,3,1,2,1,19,19
EIF1AX-AS1,lncRNA,0,0,0,0,1,1
EIF1B-AS1,lncRNA,14,13,29,19,74,85
EIF2AK3-DT,lncRNA,1,1,3,14,13,15
EIF2B5-DT,lncRNA,2,0,1,2,17,14
EIF3J-DT,lncRNA,5,9,4,12,21,34
EIPR1-IT1,lncRNA,0,0,0,1,3,1
ELAVL4-AS1,lncRNA,25,177,9,8,5,29
ELDR,lncRNA,5,10,15,5,30,26
ELF3-AS1,lncRNA,4,5,3,7,13,18
ELFN1-AS1,lncRNA,1,0,1,1,7,4
ELFN2,lncRNA,1,2,3,3,10,19
ELMO1-AS1,lncRNA,2,20,2,2,1,4
ELN-AS1,lncRNA,0,1,1,1,1,0
ELOA-AS1,lncRNA,1,7,2,3,5,5
ELOVL2-AS1,lncRNA,5,5,6,3,19,9
EMC1-AS1,lncRNA,3,6,14,0,5,6
EML2-AS1,lncRNA,0,1,2,0,11,15
EML4-AS1,lncRNA,2,2,10,4,17,30
EML6-AS1,lncRNA,0,1,0,1,2,1
EMSLR,lncRNA,1,9,2,10,7,15
EMX2OS,lncRNA,9,12,13,7,33,27
ENO1-AS1,lncRNA,2,0,0,0,5,3
ENOX1-AS1,lncRNA,1,6,3,4,5,15
ENOX1-AS2,lncRNA,3,1,0,0,2,1
ENTPD1-AS1,lncRNA,24,37,58,32,131,96
ENTPD3-AS1,lncRNA,44,68,9,11,12,54
EP300-AS1,lncRNA,0,1,0,2,3,1
EPB41L4A-AS1,lncRNA,2,4,4,3,24,29
EPB41L4A-DT,lncRNA,3,5,7,8,29,24
EPCAM-DT,lncRNA,1,2,4,7,12,13
EPHA1-AS1,lncRNA,16,28,6,4,46,50
EPHA5-AS1,lncRNA,0,1,2,1,6,5
EPN2-AS1,lncRNA,0,0,0,0,2,4
EPS15-AS1,lncRNA,2,5,2,5,5,0
ERC2-IT1,lncRNA,3,1,1,0,17,20
ERCC8-AS1,lncRNA,0,0,0,0,2,0
ERI3-IT1,lncRNA,1,0,0,0,1,1
ERICD,lncRNA,0,1,1,4,14,12
ERICH3-AS1,lncRNA,5,7,2,8,7,9
ERICH6-AS1,lncRNA,3,3,9,1,26,32
ERLNC1,lncRNA,3,2,5,8,10,17
ERVE-1,lncRNA,0,2,1,0,4,3
ERVH-1,lncRNA,1,0,0,0,3,2
ERVK-28,lncRNA,0,0,0,0,1,1
ERVK13-1,lncRNA,185,44,13,22,101,76
ERVK9-11,lncRNA,0,4,3,2,7,7
ESRG,lncRNA,1,2,2,2,4,2
ETS1-AS1,lncRNA,1,0,1,1,8,3
ETV7-AS1,lncRNA,0,4,2,2,47,41
EVX1-AS,lncRNA,1,1,3,2,23,19
EWSAT1,lncRNA,2,2,5,0,13,7
EXOC3-AS1,lncRNA,5,4,16,3,33,27
EXOSC10-AS1,lncRNA,0,0,1,0,5,3
EXTL3-AS1,lncRNA,8,8,15,16,55,51
EZR-AS1,lncRNA,0,0,0,0,0,4
F10-AS1,lncRNA,0,1,2,0,11,6
F11-AS1,lncRNA,1,3,1,2,7,10
FABP6-AS1,lncRNA,2,0,4,4,13,14
FAF1-AS1,lncRNA,1,0,0,0,1,1
FALEC,lncRNA,3,5,29,2,9,6
FAM106A,lncRNA,4,4,4,8,12,8
FAM106C,lncRNA,0,0,1,0,2,2
FAM111A-DT,lncRNA,3,3,5,4,24,28
FAM131B-AS1,lncRNA,0,0,0,0,0,1
FAM135A-AS1,lncRNA,0,0,1,1,4,3
FAM138A,lncRNA,0,0,0,1,1,1
FAM138B,lncRNA,0,0,0,1,1,1
FAM138C,lncRNA,0,0,0,1,1,1
FAM138D,lncRNA,0,0,0,1,1,1
FAM138E,lncRNA,0,0,0,1,1,1
FAM138F,lncRNA,0,0,0,1,1,1
FAM13A-AS1,lncRNA,8,19,6,17,29,27
FAM153CP,lncRNA,21,38,20,41,57,63
FAM155A-IT1,lncRNA,1,0,1,0,0,4
FAM157C,lncRNA,8,14,8,25,47,39
FAM160A1-DT,lncRNA,0,1,0,0,5,2
FAM167A-AS1,lncRNA,1,0,0,4,2,4
FAM170B-AS1,lncRNA,0,0,1,0,3,3
FAM181A-AS1,lncRNA,6,11,2,8,16,14
FAM182A,lncRNA,4,6,4,9,30,24
FAM182B,lncRNA,5,6,5,8,17,22
FAM193B-DT,lncRNA,0,0,0,0,9,6
FAM197Y6,lncRNA,1,2,0,5,3,5
FAM197Y7,lncRNA,0,1,0,3,1,1
FAM198B-AS1,lncRNA,5,3,13,6,23,19
FAM201A,lncRNA,2,12,17,11,29,16
FAM215A,lncRNA,0,0,1,0,2,1
FAM215B,lncRNA,2,7,4,4,19,15
FAM218A,lncRNA,1,4,1,0,27,14
FAM222A-AS1,lncRNA,3,1,1,8,16,33
FAM223A,lncRNA,2,7,1,2,22,23
FAM223B,lncRNA,2,7,1,2,21,27
FAM224A,lncRNA,1,0,1,1,9,6
FAM224B,lncRNA,1,0,1,2,9,6
FAM225A,lncRNA,3,5,18,11,32,39
FAM225B,lncRNA,4,5,18,10,30,27
FAM226B,lncRNA,1,2,1,0,9,11
FAM230A,lncRNA,1,1,2,3,5,6
FAM230B,lncRNA,2,2,2,3,10,8
FAM230C,lncRNA,4,14,2,6,3,5
FAM230D,lncRNA,1,2,0,1,2,2
FAM230E,lncRNA,1,1,1,2,3,3
FAM230F,lncRNA,0,1,1,1,2,1
FAM230G,lncRNA,0,0,1,2,3,3
FAM230H,lncRNA,2,2,2,2,7,8
FAM230I,lncRNA,0,4,1,1,3,5
FAM230J,lncRNA,2,2,2,2,8,8
FAM242A,lncRNA,0,2,1,3,4,4
FAM242B,lncRNA,0,0,0,0,1,1
FAM242C,lncRNA,1,1,3,4,5,3
FAM242D,lncRNA,0,3,0,1,4,4
FAM242E,lncRNA,0,1,0,0,1,1
FAM242F,lncRNA,1,1,2,1,3,3
FAM245A,lncRNA,0,0,2,3,4,2
FAM245B,lncRNA,1,2,2,2,8,14
FAM27C,lncRNA,7,13,11,14,46,35
FAM27E3,lncRNA,1,0,2,4,12,10
FAM27E5,lncRNA,1,1,2,0,8,3
FAM30A,lncRNA,5,4,9,12,31,33
FAM3D-AS1,lncRNA,3,4,2,5,16,12
FAM41AY1,lncRNA,0,0,0,1,0,0
FAM41AY2,lncRNA,0,0,0,1,0,0
FAM41C,lncRNA,3,1,0,1,5,4
FAM53B-AS1,lncRNA,1,1,4,2,6,6
FAM66A,lncRNA,2,0,2,1,8,6
FAM66B,lncRNA,7,9,13,11,93,85
FAM66C,lncRNA,2,4,3,7,11,12
FAM66D,lncRNA,4,4,2,5,15,11
FAM66E,lncRNA,1,1,2,3,13,10
FAM78B-AS1,lncRNA,0,2,0,1,1,0
FAM83A-AS1,lncRNA,1,0,3,1,9,10
FAM83C-AS1,lncRNA,0,0,0,0,2,1
FAM85B,lncRNA,0,0,0,0,1,1
FAM87A,lncRNA,3,6,11,4,26,29
FAM87B,lncRNA,2,2,4,2,11,14
FAM99A,lncRNA,4,8,3,3,9,15
FAM99B,lncRNA,2,7,2,2,7,15
FANK1-AS1,lncRNA,0,0,0,0,4,2
FAR1-IT1,lncRNA,0,2,0,1,6,4
FARP1-AS1,lncRNA,0,0,1,0,3,5
FARSA-AS1,lncRNA,0,0,0,0,0,1
FBXL19-AS1,lncRNA,6,37,1097,10,26,32
FBXO3-DT,lncRNA,1,5,1,0,5,4
FBXO30-DT,lncRNA,7,31,8,29,71,82
FBXO36-IT1,lncRNA,0,0,0,1,3,1
FBXW7-AS1,lncRNA,0,0,1,0,0,1
FENDRR,lncRNA,6,4,8,7,30,29
FER1L6-AS1,lncRNA,2,2,2,1,8,7
FER1L6-AS2,lncRNA,1,5,1,6,19,16
FEZF1-AS1,lncRNA,6,11,7,6,32,23
FGD5-AS1,lncRNA,4,19,11,8,38,41
FGF10-AS1,lncRNA,0,6,0,2,7,6
FGF12-AS1,lncRNA,0,0,0,0,1,0
FGF12-AS2,lncRNA,0,1,0,1,5,6
FGF12-AS3,lncRNA,0,1,1,0,2,1
FGF13-AS1,lncRNA,0,1,1,0,4,3
FGF14-AS1,lncRNA,1,0,2,4,4,4
FGF14-AS2,lncRNA,3,1,7,1,19,18
FGF14-IT1,lncRNA,0,5,2,7,13,10
FHAD1-AS1,lncRNA,14,102,39,26,47,48
FIGNL2-DT,lncRNA,5,7,2,4,6,8
FILNC1,lncRNA,1,1,1,3,2,3
FIRRE,lncRNA,6,12,10,35,15,21
FKBP14-AS1,lncRNA,3,5,3,6,23,17
FLG-AS1,lncRNA,7,14,25,24,41,59
FLJ12825,lncRNA,2,2,4,2,15,11
FLJ13224,lncRNA,7,3,7,3,42,41
FLJ16779,lncRNA,84,136,162,116,333,400
FLJ20021,lncRNA,1,1,1,6,7,7
FLJ31104,lncRNA,1,1,3,5,14,13
FLJ31356,lncRNA,1,1,2,0,3,5
FLJ36000,lncRNA,6,1,4,2,11,16
FLJ37453,lncRNA,9,12,12,11,52,56
FLJ40194,lncRNA,38,57,16,17,23,66
FLJ40288,lncRNA,10,8,39,10,33,32
FLJ42969,lncRNA,4,5,34,8,23,27
FLJ46284,lncRNA,1,11,6,7,125,105
FLNB-AS1,lncRNA,3,2,1,3,11,14
FLNC-AS1,lncRNA,0,1,2,0,0,1
FLVCR1-DT,lncRNA,5,4,15,10,34,32
FMR1-AS1,lncRNA,4,1,3,2,19,17
FNDC1-IT1,lncRNA,0,0,0,2,0,1
FO393408.1,lncRNA,0,1,0,1,0,1
FO393414.3,lncRNA,9,7,12,11,76,53
FO393418.1,lncRNA,0,0,1,0,3,2
FO680682.1,lncRNA,0,0,0,0,0,1
FO704657.1,lncRNA,0,0,0,0,1,2
FOCAD-AS1,lncRNA,0,0,1,1,5,6
FOXC2-AS1,lncRNA,1,0,0,0,3,2
FOXCUT,lncRNA,2,2,4,3,26,20
FOXD1-AS1,lncRNA,0,0,0,0,1,1
FOXD2-AS1,lncRNA,3,7,10,10,33,24
FOXD3-AS1,lncRNA,1,0,3,1,8,10
FOXG1-AS1,lncRNA,3,3,3,6,15,6
FOXN3-AS1,lncRNA,2,2,2,0,7,7
FOXN3-AS2,lncRNA,8,6,19,18,78,78
FOXO6-AS1,lncRNA,0,0,0,0,6,13
FOXP1-AS1,lncRNA,4,4,1,9,2,1
FOXP1-IT1,lncRNA,1,5,2,1,5,6
FOXP4-AS1,lncRNA,3,3,3,0,9,4
FP236240.1,lncRNA,1,3,2,2,6,4
FP236241.1,lncRNA,2,2,2,3,9,8
FP236315.1,lncRNA,0,0,0,0,2,3
FP236383.3,lncRNA,49,111,50,168,143,151
FP236383.4,lncRNA,6252,11646,14476,7847,7789,11673
FP236383.5,lncRNA,6253,11646,14476,7847,7789,11673
FP325313.3,lncRNA,3,3,3,2,19,14
FP325318.1,lncRNA,0,0,0,1,0,0
FP325330.1,lncRNA,0,0,0,5,1,1
FP325330.2,lncRNA,9,4,3,5,22,22
FP325330.3,lncRNA,7,7,10,14,34,41
FP325332.1,lncRNA,0,1,2,10,3,7
FP326651.1,lncRNA,2,3,0,5,7,4
FP475955.1,lncRNA,0,0,0,2,2,2
FP475955.3,lncRNA,0,0,1,0,2,4
FP565171.1,lncRNA,2,8,11,7,80,80
FP565260.5,lncRNA,0,1,0,1,2,2
FP671120.4,lncRNA,25,57,25,86,71,76
FP671120.6,lncRNA,6252,11643,14474,7847,7790,11673
FP671120.7,lncRNA,6103,11491,14417,7786,7720,11421
FP700111.1,lncRNA,1,3,1,2,2,1
FRG1-DT,lncRNA,1,2,6,5,15,11
FRGCA,lncRNA,0,0,1,0,3,2
FRMD6-AS1,lncRNA,1,3,4,5,6,14
FRMD6-AS2,lncRNA,31,39,31,35,136,149
FRMPD3-AS1,lncRNA,0,0,0,0,0,1
FRMPD4-AS1,lncRNA,0,0,0,0,7,1
FRY-AS1,lncRNA,0,4,0,1,1,0
FSIP2-AS1,lncRNA,0,0,2,1,3,4
FSIP2-AS2,lncRNA,0,2,1,1,4,5
FTCD-AS1,lncRNA,0,0,2,2,7,6
FTX,lncRNA,55,57,43,62,242,180
FUT8-AS1,lncRNA,2,12,6,5,36,33
FZD10-AS1,lncRNA,13,19,13,14,79,50
FZD4-DT,lncRNA,0,2,2,1,5,10
G2E3-AS1,lncRNA,0,0,0,2,1,2
GABPB1-AS1,lncRNA,58,73,54,81,399,275
GABPB1-IT1,lncRNA,7,15,15,23,18,18
GABRG3-AS1,lncRNA,1,2,1,1,7,3
GACAT1,lncRNA,1,0,0,0,2,2
GACAT2,lncRNA,0,1,1,0,11,5
GACAT3,lncRNA,1,3,5,8,36,33
GAPLINC,lncRNA,0,0,0,0,1,0
GAR1-DT,lncRNA,0,1,0,0,4,2
GARS1-DT,lncRNA,39,41,21,26,151,174
GAS1RR,lncRNA,5,6,16,9,16,9
GAS5,lncRNA,150,108,177,74,107,279
GAS5-AS1,lncRNA,0,0,0,1,0,0
GAS6-AS1,lncRNA,5,8,7,14,66,56
GAS6-DT,lncRNA,1,1,0,2,4,4
GAS8-AS1,lncRNA,0,2,0,1,4,4
GASAL1,lncRNA,2,6,5,7,97,97
GATA2-AS1,lncRNA,5,11,7,13,44,44
GATA3-AS1,lncRNA,5,12,5,8,56,59
GATA6-AS1,lncRNA,8,8,16,26,58,62
GAU1,lncRNA,2,2,0,4,4,2
GCC2-AS1,lncRNA,1,2,1,3,5,4
GCSAML-AS1,lncRNA,0,0,0,0,2,1
GCSIR,lncRNA,3,2,4,4,20,19
GDF5-AS1,lncRNA,3,3,2,4,10,11
GDNF-AS1,lncRNA,12,11,7,14,36,37
GEMIN7-AS1,lncRNA,3,5,7,5,25,22
GFOD1-AS1,lncRNA,1,0,1,1,4,4
GHET1,lncRNA,0,1,2,4,2,3
GHRLOS,lncRNA,2,1,1,0,10,7
GIHCG,lncRNA,3,3,2,0,10,11
GK-AS1,lncRNA,0,0,0,0,1,0
GK-IT1,lncRNA,1,0,0,0,1,0
GLCCI1-DT,lncRNA,0,0,0,3,1,2
GLIDR,lncRNA,3,2,3,2,15,10
GLIS2-AS1,lncRNA,0,1,0,0,1,2
GLIS3-AS1,lncRNA,1,0,2,0,6,1
GLYCTK-AS1,lncRNA,1,0,1,1,4,4
GMDS-DT,lncRNA,45,35,31,59,211,210
GNA14-AS1,lncRNA,0,0,0,1,1,1
GNAS-AS1,lncRNA,5,22,11,10,43,39
GNG12-AS1,lncRNA,1,3,3,2,14,11
GOLGA8M,lncRNA,0,0,1,0,1,1
GORAB-AS1,lncRNA,4,7,1,3,21,13
GPC5-AS1,lncRNA,0,0,0,0,0,1
GPC5-AS2,lncRNA,0,0,0,0,0,1
GPC5-IT1,lncRNA,2,0,0,0,4,2
GPC6-AS1,lncRNA,1,0,0,1,8,2
GPC6-AS2,lncRNA,0,0,0,2,0,1
GPR1-AS,lncRNA,30,62,46,48,192,204
GPR158-AS1,lncRNA,1,8,7,4,56,54
GPR176-DT,lncRNA,9,4,5,4,12,13
GPR50-AS1,lncRNA,3,2,6,2,19,14
GPRACR,lncRNA,3,3,4,2,17,14
GPRC5D-AS1,lncRNA,1,0,1,1,11,5
GRASLND,lncRNA,3,5,2,5,9,9
GRHL3-AS1,lncRNA,0,2,2,1,5,5
GRID1-AS1,lncRNA,3,0,2,5,2,2
GRIK1-AS1,lncRNA,4,3,3,7,49,31
GRK5-IT1,lncRNA,0,0,0,0,0,1
GRM3-AS1,lncRNA,7,4,7,13,38,42
GRM5-AS1,lncRNA,15,6,2,1,21,8
GRM7-AS1,lncRNA,3,0,2,4,7,4
GRM7-AS2,lncRNA,0,1,0,0,0,1
GRM7-AS3,lncRNA,1,0,1,2,5,6
GRM8-AS1,lncRNA,0,1,2,3,28,20
GRPEL2-AS1,lncRNA,0,0,0,0,0,3
GRTP1-AS1,lncRNA,0,4,2,0,7,8
GS1-124K5.4,lncRNA,4,1,4,1,52,37
GS1-24F4.2,lncRNA,4,2,6,4,57,54
GS1-600G8.3,lncRNA,0,4,4,1,5,4
GSEC,lncRNA,4,3,2,6,9,11
GSN-AS1,lncRNA,5,3,9,16,31,24
GSTCD-AS1,lncRNA,0,3,0,1,1,1
GTF3C2-AS1,lncRNA,0,1,2,1,10,10
GTSCR1,lncRNA,0,0,0,1,0,0
GTSE1-DT,lncRNA,1,0,2,0,3,1
GUSBP11,lncRNA,3,4,10,7,24,22
GYG2-AS1,lncRNA,0,1,0,0,2,0
H1-10-AS1,lncRNA,3,2,2,2,9,8
H19,lncRNA,4,4,5,4,21,26
H2AZ1-DT,lncRNA,6,7,5,6,94,60
H3-3A-DT,lncRNA,0,0,1,0,6,2
HAGLR,lncRNA,11,6,18,12,32,20
HAGLROS,lncRNA,2,0,2,1,5,3
HAND2-AS1,lncRNA,20,24,20,27,109,105
HAR1A,lncRNA,4,1,11,4,32,19
HAR1B,lncRNA,4,4,6,12,32,37
HAS2-AS1,lncRNA,6,13,10,9,52,58
HCCAT5,lncRNA,1,2,4,2,27,15
HCFC1-AS1,lncRNA,2,1,3,3,5,6
HCG11,lncRNA,12,13,5,8,16,21
HCG14,lncRNA,3,10,5,9,22,33
HCG15,lncRNA,0,4,0,1,0,1
HCG17,lncRNA,0,0,0,0,1,0
HCG18,lncRNA,11,25,18,17,67,54
HCG20,lncRNA,3,3,4,2,4,11
HCG21,lncRNA,0,0,1,0,6,1
HCG24,lncRNA,0,1,0,2,0,0
HCG25,lncRNA,2,3,1,1,8,9
HCG27,lncRNA,1,5,6,1,5,4
HCG9,lncRNA,0,2,2,2,6,7
HCP5,lncRNA,13,30,13,11,78,69
HCP5B,lncRNA,2,1,2,7,5,2
HDAC11-AS1,lncRNA,0,0,4,0,6,5
HDAC2-AS2,lncRNA,7,19,16,14,125,118
HDAC4-AS1,lncRNA,2,2,4,4,10,14
HDAC9-AS1,lncRNA,0,0,0,0,2,1
HDHD5-AS1,lncRNA,1,0,2,1,7,9
HECW1-IT1,lncRNA,1,5,3,7,6,3
HECW2-AS1,lncRNA,1,0,1,0,2,1
HEIH,lncRNA,5,6,7,4,20,26
HELLPAR,lncRNA,132,180,89,198,363,407
HEXA-AS1,lncRNA,2,2,6,3,11,11
HEXD-IT1,lncRNA,2,7,0,1,0,3
HGC6.3,lncRNA,3,4,6,5,41,54
HHATL-AS1,lncRNA,2,2,3,5,4,2
HHIP-AS1,lncRNA,2,7,6,3,27,42
HHLA3,lncRNA,2,3,2,0,23,37
HID1-AS1,lncRNA,1,4,0,1,2,1
HIF1A-AS1,lncRNA,0,0,4,1,5,2
HIF1A-AS3,lncRNA,0,0,1,0,4,2
HIPK1-AS1,lncRNA,1,7,2,3,10,14
HK2-DT,lncRNA,2,1,3,1,19,17
HLA-DQB1-AS1,lncRNA,0,12,0,0,1,1
HLA-F-AS1,lncRNA,10,6,11,10,19,14
HLCS-IT1,lncRNA,0,0,0,0,3,3
HLTF-AS1,lncRNA,0,0,0,0,3,1
HLX-AS1,lncRNA,2,2,1,1,6,5
HM13-AS1,lncRNA,0,0,0,0,2,3
HM13-IT1,lncRNA,0,1,0,0,0,0
HMBOX1-IT1,lncRNA,2,5,2,1,21,26
HMGA1P4,lncRNA,0,0,0,4,3,0
HMGA2-AS1,lncRNA,6,7,4,8,10,7
HMGN3-AS1,lncRNA,3,0,2,7,11,9
HMMR-AS1,lncRNA,1,0,1,0,0,3
HNF1A-AS1,lncRNA,1,2,2,4,10,19
HNF4A-AS1,lncRNA,0,1,0,2,4,3
HNRNPD-DT,lncRNA,0,1,2,1,11,6
HOMER3-AS1,lncRNA,2,3,2,2,7,6
HORMAD2-AS1,lncRNA,0,1,3,1,8,4
HOTAIR,lncRNA,1,1,2,3,11,12
HOTAIRM1,lncRNA,8,25,70,5,50,45
HOTTIP,lncRNA,8,4,8,5,26,25
HOXA-AS2,lncRNA,12,30,63,14,73,59
HOXA-AS3,lncRNA,11,7,12,12,67,50
HOXA10-AS,lncRNA,5,3,16,6,14,16
HOXA11-AS,lncRNA,17,24,22,30,27,25
HOXB-AS1,lncRNA,2,8,4,5,15,9
HOXB-AS2,lncRNA,1,0,1,0,3,6
HOXB-AS3,lncRNA,6,2,2,4,11,8
HOXB-AS4,lncRNA,0,0,0,2,7,3
HOXC-AS1,lncRNA,0,1,2,2,3,2
HOXC-AS2,lncRNA,5,11,8,12,28,24
HOXC-AS3,lncRNA,163,21,20,20,56,40
HOXC13-AS,lncRNA,3,4,3,1,19,14
HOXD-AS2,lncRNA,8,3,10,3,11,15
HPAT5,lncRNA,0,3,0,1,0,1
HPN-AS1,lncRNA,5,10,6,5,31,28
HPYR1,lncRNA,4,1,1,1,5,6
HRAT17,lncRNA,0,2,1,2,13,12
HRAT92,lncRNA,16,10,22,15,65,45
HS1BP3-IT1,lncRNA,0,0,0,0,4,5
HS6ST2-AS1,lncRNA,0,0,0,0,0,1
HSD11B1-AS1,lncRNA,1,0,0,2,3,3
HSD17B3-AS1,lncRNA,4,14,8,15,2,1
HSD52,lncRNA,5,4,4,3,26,25
HTR2A-AS1,lncRNA,0,0,0,3,0,0
HTR3E-AS1,lncRNA,0,0,0,0,3,2
HTR5A-AS1,lncRNA,4,2,3,2,4,12
HTT-AS,lncRNA,2,4,4,4,10,10
HULC,lncRNA,26,62,37,39,251,226
HUNK-AS1,lncRNA,0,1,0,0,2,2
HYI-AS1,lncRNA,1,1,0,0,1,1
HYMAI,lncRNA,4,2,3,7,16,15
IATPR,lncRNA,0,0,0,1,10,7
IBA57-DT,lncRNA,0,1,1,0,3,1
ID2-AS1,lncRNA,11,10,20,18,43,32
IDH1-AS1,lncRNA,2,2,1,4,8,8
IDH2-DT,lncRNA,2,4,3,1,28,35
IDI2-AS1,lncRNA,3,4,2,1,10,7
IER3-AS1,lncRNA,0,2,1,1,6,5
IFNG-AS1,lncRNA,4,2,3,2,11,8
IFT74-AS1,lncRNA,0,2,0,0,0,2
IGBP1-AS2,lncRNA,0,1,0,0,5,1
IGF2-AS,lncRNA,4,5,18,9,45,55
IGF2BP2-AS1,lncRNA,0,2,5,8,21,21
IGFBP7-AS1,lncRNA,2,0,2,2,8,8
IGFL2-AS1,lncRNA,7,58,90,97,13,19
IGSF11-AS1,lncRNA,3,2,4,3,10,5
IGSF21-AS1,lncRNA,0,0,1,1,9,9
IL10RB-DT,lncRNA,3,2,2,3,3,4
IL12A-AS1,lncRNA,8,5,8,5,36,24
IL1R1-AS1,lncRNA,0,0,1,0,1,2
IL20RB-AS1,lncRNA,0,0,0,0,3,3
IL21-AS1,lncRNA,1,0,2,1,20,13
IL21R-AS1,lncRNA,1,1,3,3,20,13
IL6-AS1,lncRNA,0,1,0,0,3,3
IL6R-AS1,lncRNA,1,3,3,3,9,13
ILF3-DT,lncRNA,5,3,1,6,11,8
ILRUN-AS1,lncRNA,8,6,1,3,23,15
INE1,lncRNA,0,0,0,0,2,1
INE2,lncRNA,0,5,0,0,1,0
INHBA-AS1,lncRNA,2,8,4,6,14,15
INKA2-AS1,lncRNA,5,3,1,5,5,5
INO80-AS1,lncRNA,0,1,0,0,1,2
INSIG1-DT,lncRNA,5,1,4,2,4,8
INSYN1-AS1,lncRNA,0,0,1,2,3,3
INTS6-AS1,lncRNA,5,26,2,20,23,34
INTS6L-AS1,lncRNA,0,0,0,1,3,0
INTS9-AS1,lncRNA,0,5,3,2,4,5
IPO9-AS1,lncRNA,0,0,5,0,13,13
IQCA1-AS1,lncRNA,0,1,0,2,1,1
IQCF5-AS1,lncRNA,0,0,2,4,4,4
IQCH-AS1,lncRNA,6,7,9,8,69,61
IQCJ-SCHIP1-AS1,lncRNA,2,0,1,0,1,2
IRAG1-AS1,lncRNA,1,2,2,2,6,5
IRAIN,lncRNA,9,0,4,2,24,20
IRF1-AS1,lncRNA,9,11,10,8,20,28
IRF2-DT,lncRNA,3,5,4,8,13,14
IRX4-AS1,lncRNA,2,2,4,2,10,6
ISM1-AS1,lncRNA,0,0,0,0,1,1
ITCH-AS1,lncRNA,0,1,0,3,0,0
ITFG1-AS1,lncRNA,0,1,0,0,3,2
ITFG2-AS1,lncRNA,2,1,2,1,9,9
ITGA6-AS1,lncRNA,3,6,2,0,6,4
ITGA9-AS1,lncRNA,13,27,18,26,40,38
ITGB1-DT,lncRNA,2,2,0,2,12,8
ITGB2-AS1,lncRNA,5,6,4,10,16,16
ITGB5-AS1,lncRNA,0,1,0,0,2,2
ITIH4-AS1,lncRNA,0,0,0,0,0,1
ITPK1-AS1,lncRNA,8,23,11,65,96,124
ITPKB-AS1,lncRNA,0,1,0,0,1,1
ITPKB-IT1,lncRNA,1,2,0,0,3,4
ITPR1-DT,lncRNA,1,4,2,4,15,10
ITPRIP-AS1,lncRNA,1,0,3,0,1,2
JADRR,lncRNA,0,1,0,0,1,3
JAKMIP2-AS1,lncRNA,5,6,3,2,8,6
JARID2-AS1,lncRNA,2,2,4,1,5,3
JAZF1-AS1,lncRNA,3,8,5,9,11,11
JMJD1C-AS1,lncRNA,11,11,51,20,31,32
JPX,lncRNA,5,18,4,13,27,27
JRKL-AS1,lncRNA,0,0,0,1,2,3
KANSL1-AS1,lncRNA,0,0,0,0,3,4
KANSL1L-AS1,lncRNA,1,0,3,3,4,2
KAZN-AS1,lncRNA,1,2,6,2,6,8
KBTBD11-OT1,lncRNA,2,0,0,0,4,3
KC6,lncRNA,10,9,4,10,8,13
KC877392.1,lncRNA,0,0,0,0,1,2
KC877982.1,lncRNA,0,0,0,0,1,1
KCCAT198,lncRNA,0,1,0,0,0,0
KCNAB1-AS1,lncRNA,0,0,0,0,5,1
KCNAB1-AS2,lncRNA,0,1,0,0,2,5
KCND3-AS1,lncRNA,0,0,0,0,3,2
KCNH1-IT1,lncRNA,0,1,1,1,2,1
KCNH7-AS1,lncRNA,1,1,0,2,6,4
KCNIP1-AS1,lncRNA,0,3,0,1,9,9
KCNIP1-OT1,lncRNA,0,0,0,0,1,3
KCNIP2-AS1,lncRNA,0,1,1,1,2,2
KCNIP4-IT1,lncRNA,16,28,34,23,28,22
KCNJ2-AS1,lncRNA,0,4,3,6,30,22
KCNJ6-AS1,lncRNA,0,0,2,0,4,1
KCNK15-AS1,lncRNA,0,0,0,1,4,3
KCNK4-TEX40,lncRNA,2,4,7,3,26,23
KCNMA1-AS1,lncRNA,145,26,4,10,47,33
KCNMA1-AS2,lncRNA,0,0,0,0,1,0
KCNMA1-AS3,lncRNA,1,2,0,0,3,1
KCNMB2-AS1,lncRNA,1,4,4,3,5,11
KCNQ1-AS1,lncRNA,0,1,0,2,3,2
KCNQ1DN,lncRNA,0,1,0,1,4,6
KCNQ1OT1,lncRNA,60,84,60,82,503,518
KCNQ2-AS1,lncRNA,0,0,2,1,5,5
KCNQ5-AS1,lncRNA,1,1,2,0,7,8
KCTD21-AS1,lncRNA,2,15,0,5,17,12
KDM2B-DT,lncRNA,8,9,21,5,354,292
KDM4A-AS1,lncRNA,7,11,3,10,23,33
KDM5C-IT1,lncRNA,0,0,0,1,1,2
KDM7A-DT,lncRNA,3,2,4,4,10,8
KF456478.1,lncRNA,1,1,1,3,6,3
KF459542.1,lncRNA,0,1,1,0,3,6
KHDRBS2-OT1,lncRNA,0,0,0,0,4,1
KIAA0087,lncRNA,3,3,7,3,13,6
KIAA1614-AS1,lncRNA,1,0,0,0,5,5
KIAA1671-AS1,lncRNA,1,0,2,0,7,7
KIAA2012-AS1,lncRNA,0,2,1,6,8,2
KIF1C-AS1,lncRNA,0,0,0,1,1,0
KIF25-AS1,lncRNA,4,2,5,5,26,27
KIF26B-AS1,lncRNA,0,2,0,4,5,3
KIF5C-AS1,lncRNA,12,31,12,12,100,104
KIF9-AS1,lncRNA,9,10,5,15,32,30
KIRREL1-IT1,lncRNA,1,0,1,0,2,0
KIRREL3-AS1,lncRNA,0,0,2,1,2,3
KIRREL3-AS2,lncRNA,0,4,0,2,2,1
KIRREL3-AS3,lncRNA,8,13,21,2,45,42
KIZ-AS1,lncRNA,1,4,2,1,17,15
KLF3-AS1,lncRNA,2,4,6,10,33,27
KLF7-IT1,lncRNA,0,1,0,0,0,2
KLHDC7B-DT,lncRNA,4,4,3,1,4,2
KLHL30-AS1,lncRNA,1,1,1,3,10,8
KLHL6-AS1,lncRNA,0,1,0,0,1,1
KLHL7-DT,lncRNA,0,2,1,1,7,6
KLRK1-AS1,lncRNA,2,5,3,6,15,9
KMT2E-AS1,lncRNA,3,3,2,3,11,17
KRBOX1-AS1,lncRNA,1,0,4,4,15,16
KRT7-AS,lncRNA,1,1,6,1,5,5
KRT73-AS1,lncRNA,1,8,3,2,6,9
KRTAP5-AS1,lncRNA,3,4,10,6,15,17
KTN1-AS1,lncRNA,5,10,7,7,34,18
KU-MEL-3,lncRNA,0,0,5,1,4,4
L29074.1,lncRNA,0,0,0,1,1,0
L34079.2,lncRNA,0,0,1,1,5,3
L34079.3,lncRNA,1,0,0,0,2,0
L3MBTL2-AS1,lncRNA,8,11,8,5,7,9
L3MBTL4-AS1,lncRNA,0,2,1,2,0,0
LACTB2-AS1,lncRNA,0,5,5,4,11,11
LAMA4-AS1,lncRNA,4,6,1,1,26,42
LAMA5-AS1,lncRNA,2,3,0,3,10,9
LAMC1-AS1,lncRNA,0,0,0,0,2,1
LAMP5-AS1,lncRNA,1,4,7,2,23,12
LAMTOR5-AS1,lncRNA,7,14,2,14,21,30
LANCL1-AS1,lncRNA,0,0,0,0,1,3
LAPTM4A-DT,lncRNA,0,0,0,0,3,4
LARGE-AS1,lncRNA,2,5,5,8,52,51
LARGE-IT1,lncRNA,0,0,2,1,7,9
LARGE1-AS1,lncRNA,1,0,1,0,4,3
LARS2-AS1,lncRNA,0,1,0,2,1,0
LASTR,lncRNA,4,10,10,14,68,86
LATS2-AS1,lncRNA,0,0,0,1,2,2
LBX1-AS1,lncRNA,24,20,11,6,38,36
LBX2-AS1,lncRNA,3,5,13,3,47,43
LCA10,lncRNA,3,6,6,10,17,23
LCAL1,lncRNA,3,7,1,7,14,4
LCMT1-AS1,lncRNA,2,4,2,2,5,13
LCMT1-AS2,lncRNA,3,6,6,13,32,26
LCT-AS1,lncRNA,9,1,1,1,4,4
LDLRAD4-AS1,lncRNA,3,7,3,2,9,8
LEF1-AS1,lncRNA,8,13,11,20,61,71
LEMD1-AS1,lncRNA,3,2,2,5,13,8
LEMD1-DT,lncRNA,1,3,0,5,6,3
LENG8-AS1,lncRNA,1,4,2,2,15,23
LERFS,lncRNA,4,7,2,3,21,18
LGALS8-AS1,lncRNA,1,4,6,2,13,8
LGALSL-DT,lncRNA,1,3,0,1,2,6
LGR4-AS1,lncRNA,1,0,5,5,2,4
LHFPL3-AS1,lncRNA,6,7,12,9,8,11
LHFPL3-AS2,lncRNA,2,4,0,0,7,12
LHX1-DT,lncRNA,3,11,8,6,21,27
LHX5-AS1,lncRNA,0,1,1,4,5,1
LIF-AS1,lncRNA,3,0,1,0,3,1
LIFR-AS1,lncRNA,6,14,26,13,31,35
LILRB1-AS1,lncRNA,0,0,0,0,1,1
LIMD1-AS1,lncRNA,1279,292,302,418,994,256
LIN28B-AS1,lncRNA,8,11,7,14,57,46
LINC-PINT,lncRNA,6,7,10,12,62,48
LINC-ROR,lncRNA,0,2,7,2,13,7
LINC00028,lncRNA,3,1,6,6,13,17
LINC00029,lncRNA,2,4,7,3,28,23
LINC00051,lncRNA,0,1,0,5,4,1
LINC00052,lncRNA,1,0,0,1,6,6
LINC00092,lncRNA,7,4,16,12,37,35
LINC00102,lncRNA,1,1,0,4,5,1
LINC00106,lncRNA,2,1,4,4,19,19
LINC00111,lncRNA,0,1,1,1,9,2
LINC00112,lncRNA,1,1,1,0,6,4
LINC00113,lncRNA,0,0,0,0,1,0
LINC00114,lncRNA,4,7,1,2,13,11
LINC00115,lncRNA,1,7,2,4,9,8
LINC00158,lncRNA,4,6,11,8,26,23
LINC00159,lncRNA,1,1,3,0,4,5
LINC00160,lncRNA,0,4,0,1,1,1
LINC00163,lncRNA,0,5,2,3,16,13
LINC00165,lncRNA,3,4,1,0,7,2
LINC00167,lncRNA,5,7,13,13,16,20
LINC00173,lncRNA,5,12,4,5,11,15
LINC00174,lncRNA,16,30,24,36,43,42
LINC00184,lncRNA,0,0,0,3,4,3
LINC00189,lncRNA,0,0,0,0,0,1
LINC00200,lncRNA,4,7,5,13,17,18
LINC00205,lncRNA,13,16,24,14,116,101
LINC00207,lncRNA,0,1,5,1,7,6
LINC00208,lncRNA,2,1,3,2,6,7
LINC00210,lncRNA,0,0,2,2,6,3
LINC00211,lncRNA,7,10,0,2,4,6
LINC00216,lncRNA,1,3,0,0,1,1
LINC00221,lncRNA,4,3,3,5,18,9
LINC00222,lncRNA,1,1,1,4,14,15
LINC00226,lncRNA,0,2,2,1,10,3
LINC00229,lncRNA,0,0,1,2,4,6
LINC00235,lncRNA,2,5,6,2,31,23
LINC00237,lncRNA,6,8,10,1,15,14
LINC00239,lncRNA,1,0,0,2,6,2
LINC00240,lncRNA,15,11,10,11,16,19
LINC00242,lncRNA,2,2,5,3,40,62
LINC00243,lncRNA,0,9,3,15,13,13
LINC00244,lncRNA,2,4,2,2,1,7
LINC00251,lncRNA,0,0,0,0,5,1
LINC00254,lncRNA,1,1,2,0,4,4
LINC00261,lncRNA,9,24,21,13,119,125
LINC00265,lncRNA,3,5,4,13,16,24
LINC00266-1,lncRNA,0,1,0,1,0,2
LINC00266-4P,lncRNA,0,0,0,0,0,1
LINC00269,lncRNA,1,2,2,3,7,6
LINC00271,lncRNA,2,10,7,15,50,51
LINC00272,lncRNA,4,0,0,0,5,1
LINC00273,lncRNA,3,6,12,3,23,13
LINC00276,lncRNA,1,0,0,3,4,5
LINC00278,lncRNA,1,5,2,1,21,20
LINC00279,lncRNA,5,8,14,16,52,65
LINC00280,lncRNA,1,2,1,1,5,9
LINC00283,lncRNA,0,0,0,0,1,1
LINC00290,lncRNA,0,0,0,2,2,3
LINC00293,lncRNA,2,10,3,5,17,17
LINC00294,lncRNA,0,0,1,4,11,6
LINC00297,lncRNA,0,1,0,0,1,3
LINC00298,lncRNA,2,7,0,1,4,6
LINC00299,lncRNA,15,30,17,27,71,72
LINC00303,lncRNA,1,4,1,2,8,11
LINC00304,lncRNA,3,3,4,3,16,14
LINC00305,lncRNA,2,0,0,0,5,3
LINC00307,lncRNA,0,0,0,0,1,1
LINC00308,lncRNA,0,1,0,0,2,2
LINC00309,lncRNA,2,1,1,4,8,7
LINC00310,lncRNA,3,1,1,2,6,12
LINC00311,lncRNA,2,1,5,2,17,12
LINC00313,lncRNA,1,2,2,2,12,11
LINC00314,lncRNA,0,3,0,0,1,1
LINC00315,lncRNA,14,3,3,3,10,16
LINC00316,lncRNA,0,1,0,0,4,3
LINC00317,lncRNA,0,0,0,0,4,0
LINC00319,lncRNA,10,5,11,7,54,52
LINC00320,lncRNA,12,9,4,6,53,43
LINC00322,lncRNA,1,0,2,1,4,4
LINC00323,lncRNA,0,1,1,2,6,2
LINC00324,lncRNA,495,197,1959,496,911,692
LINC00326,lncRNA,10,6,5,11,81,54
LINC00327,lncRNA,3,2,8,2,49,29
LINC00330,lncRNA,5,5,5,4,4,7
LINC00331,lncRNA,2,4,2,11,7,11
LINC00332,lncRNA,1,3,1,4,3,3
LINC00333,lncRNA,0,1,0,0,1,1
LINC00334,lncRNA,2,6,5,1,28,23
LINC00336,lncRNA,2,1,1,2,7,5
LINC00337,lncRNA,2,3,1,3,7,4
LINC00339,lncRNA,8,11,3,13,24,21
LINC00342,lncRNA,5,3,1,8,8,23
LINC00343,lncRNA,1,6,3,4,17,14
LINC00345,lncRNA,3,2,2,4,2,1
LINC00347,lncRNA,1,0,1,0,2,4
LINC00348,lncRNA,5,3,8,3,116,148
LINC00349,lncRNA,0,0,1,1,0,1
LINC00350,lncRNA,1,3,2,2,13,8
LINC00351,lncRNA,5,1,1,2,8,6
LINC00352,lncRNA,0,0,0,1,0,0
LINC00353,lncRNA,0,0,1,0,0,0
LINC00354,lncRNA,1,5,5,4,26,15
LINC00355,lncRNA,42,8,38,24,35,44
LINC00358,lncRNA,1,2,2,2,7,10
LINC00362,lncRNA,1,0,0,0,1,0
LINC00363,lncRNA,0,0,0,0,1,2
LINC00364,lncRNA,1,0,1,3,2,1
LINC00365,lncRNA,1,1,1,5,11,9
LINC00366,lncRNA,4,2,4,3,3,1
LINC00368,lncRNA,1,3,2,1,15,16
LINC00370,lncRNA,0,0,3,0,5,3
LINC00373,lncRNA,6,5,2,4,5,5
LINC00374,lncRNA,0,0,0,2,0,2
LINC00375,lncRNA,0,0,0,0,0,1
LINC00376,lncRNA,2,1,0,0,3,5
LINC00377,lncRNA,1,1,0,0,1,2
LINC00378,lncRNA,9,28,13,21,30,139
LINC00379,lncRNA,0,0,2,1,2,4
LINC00381,lncRNA,1,0,0,0,3,5
LINC00382,lncRNA,1,1,0,3,1,4
LINC00383,lncRNA,1,1,1,1,4,8
LINC00384,lncRNA,5,7,11,6,39,32
LINC00385,lncRNA,1,1,2,4,9,7
LINC00388,lncRNA,0,0,0,0,1,2
LINC00390,lncRNA,4,18,5,4,14,16
LINC00391,lncRNA,1,5,3,5,23,30
LINC00392,lncRNA,0,0,0,0,1,0
LINC00393,lncRNA,2,3,5,5,14,19
LINC00395,lncRNA,0,0,0,0,0,1
LINC00396,lncRNA,0,1,0,0,1,0
LINC00397,lncRNA,1,2,0,1,0,1
LINC00398,lncRNA,1,4,1,2,39,14
LINC00399,lncRNA,0,0,0,0,8,9
LINC00400,lncRNA,0,0,1,0,0,0
LINC00402,lncRNA,2,2,3,0,13,11
LINC00404,lncRNA,8,4,3,1,68,47
LINC00407,lncRNA,0,0,1,0,1,1
LINC00408,lncRNA,0,1,0,0,2,2
LINC00410,lncRNA,3,3,2,6,7,9
LINC00411,lncRNA,0,1,1,0,2,3
LINC00412,lncRNA,0,1,0,2,0,2
LINC00415,lncRNA,0,0,2,0,1,0
LINC00421,lncRNA,1,1,1,0,9,5
LINC00423,lncRNA,0,0,1,0,2,1
LINC00424,lncRNA,1,1,1,1,4,4
LINC00426,lncRNA,5,3,3,15,116,27
LINC00428,lncRNA,0,6,0,0,1,0
LINC00430,lncRNA,0,0,0,0,1,2
LINC00433,lncRNA,4,2,6,4,118,83
LINC00434,lncRNA,0,0,0,0,1,1
LINC00437,lncRNA,0,0,0,2,2,1
LINC00440,lncRNA,0,1,5,6,1,7
LINC00442,lncRNA,19,11,73,19,209,207
LINC00443,lncRNA,0,1,1,0,4,3
LINC00445,lncRNA,3,1,1,1,14,10
LINC00446,lncRNA,0,0,0,0,1,3
LINC00448,lncRNA,12,7,0,2,2,2
LINC00449,lncRNA,0,3,0,1,1,2
LINC00452,lncRNA,1,2,0,2,12,9
LINC00454,lncRNA,8,13,29,15,19,19
LINC00456,lncRNA,0,1,1,7,5,10
LINC00457,lncRNA,1,0,0,2,7,4
LINC00458,lncRNA,4,2,2,2,5,5
LINC00459,lncRNA,0,0,0,1,4,8
LINC00460,lncRNA,3,7,6,4,24,49
LINC00461,lncRNA,29,38,40,45,268,146
LINC00462,lncRNA,1,0,0,0,4,3
LINC00463,lncRNA,1,4,9,19,5,7
LINC00466,lncRNA,2,3,4,4,20,14
LINC00467,lncRNA,6,11,4,8,24,23
LINC00469,lncRNA,0,0,1,1,10,5
LINC00470,lncRNA,4,7,4,3,26,24
LINC00471,lncRNA,3,5,4,7,20,15
LINC00472,lncRNA,20,30,34,30,194,171
LINC00474,lncRNA,0,1,0,2,4,5
LINC00476,lncRNA,4,5,5,7,25,31
LINC00477,lncRNA,0,4,1,4,8,4
LINC00479,lncRNA,6,4,7,7,26,25
LINC00482,lncRNA,1,4,3,11,29,38
LINC00484,lncRNA,18,5,14,12,31,32
LINC00485,lncRNA,2,11,1,3,13,15
LINC00486,lncRNA,27,56,8,21,23,31
LINC00487,lncRNA,2,1,1,4,6,11
LINC00488,lncRNA,0,0,2,1,4,3
LINC00489,lncRNA,0,0,0,0,1,3
LINC00491,lncRNA,0,0,0,1,23,1
LINC00494,lncRNA,4,6,3,9,22,20
LINC00498,lncRNA,0,0,0,0,1,1
LINC00499,lncRNA,4,10,11,15,45,47
LINC00500,lncRNA,0,2,0,0,0,0
LINC00501,lncRNA,2,1,1,1,7,7
LINC00502,lncRNA,1,1,1,0,2,1
LINC00504,lncRNA,1,7,0,4,3,3
LINC00506,lncRNA,3,6,1,3,9,14
LINC00507,lncRNA,8,3,8,7,33,39
LINC00508,lncRNA,2,0,0,3,1,1
LINC00511,lncRNA,34,59,78,66,382,327
LINC00513,lncRNA,2,10,3,5,36,41
LINC00517,lncRNA,1,1,0,1,9,6
LINC00518,lncRNA,0,1,2,1,5,4
LINC00519,lncRNA,3,0,0,0,6,8
LINC00520,lncRNA,5,4,1,4,12,24
LINC00523,lncRNA,1,1,8,3,28,14
LINC00524,lncRNA,0,0,0,2,7,3
LINC00525,lncRNA,0,0,0,1,4,4
LINC00526,lncRNA,2,1,4,2,12,11
LINC00528,lncRNA,1,2,4,2,10,15
LINC00529,lncRNA,0,0,0,1,3,0
LINC00533,lncRNA,0,0,0,0,1,1
LINC00534,lncRNA,17,25,7,17,49,45
LINC00535,lncRNA,9,8,4,10,21,14
LINC00536,lncRNA,4,6,7,1,11,16
LINC00538,lncRNA,0,0,0,0,1,1
LINC00539,lncRNA,1,4,3,3,22,19
LINC00540,lncRNA,1,1,1,1,12,12
LINC00543,lncRNA,6,6,20,14,76,71
LINC00544,lncRNA,0,1,0,4,2,1
LINC00545,lncRNA,0,0,1,0,3,1
LINC00547,lncRNA,1,0,1,3,2,2
LINC00550,lncRNA,1,4,2,3,4,6
LINC00551,lncRNA,6,3,9,7,28,18
LINC00554,lncRNA,5,3,5,4,22,16
LINC00555,lncRNA,0,0,1,0,1,1
LINC00557,lncRNA,0,0,0,0,0,2
LINC00558,lncRNA,6,3,3,3,15,13
LINC00559,lncRNA,6,12,2,2,26,20
LINC00560,lncRNA,0,0,0,4,2,1
LINC00561,lncRNA,0,0,0,1,1,2
LINC00562,lncRNA,3,13,7,18,29,40
LINC00563,lncRNA,1,0,0,0,0,0
LINC00565,lncRNA,10,6,7,2,29,18
LINC00566,lncRNA,0,3,0,0,0,2
LINC00567,lncRNA,3,2,2,6,11,18
LINC00570,lncRNA,2,0,1,0,5,7
LINC00571,lncRNA,0,9,2,4,10,15
LINC00572,lncRNA,2,6,1,5,2,3
LINC00574,lncRNA,3,2,4,3,25,41
LINC00575,lncRNA,3,0,0,0,2,2
LINC00578,lncRNA,4,6,4,10,15,21
LINC00581,lncRNA,1,0,0,0,9,6
LINC00582,lncRNA,0,0,0,0,4,1
LINC00583,lncRNA,0,0,0,0,0,1
LINC00587,lncRNA,0,1,0,3,2,2
LINC00588,lncRNA,2,1,7,4,23,19
LINC00589,lncRNA,0,0,2,1,5,1
LINC00592,lncRNA,7,1,3,2,7,13
LINC00595,lncRNA,13,18,21,18,68,62
LINC00596,lncRNA,0,1,0,0,1,1
LINC00598,lncRNA,23,37,24,42,163,165
LINC00601,lncRNA,0,0,0,0,0,2
LINC00602,lncRNA,5,4,13,8,30,35
LINC00603,lncRNA,0,0,0,1,1,1
LINC00604,lncRNA,1,1,0,4,2,1
LINC00605,lncRNA,1,0,2,1,14,11
LINC00606,lncRNA,1,1,2,7,9,8
LINC00607,lncRNA,5,8,11,8,42,33
LINC00608,lncRNA,0,10,2,4,8,10
LINC00609,lncRNA,0,0,1,0,2,3
LINC00612,lncRNA,4,2,4,4,15,17
LINC00613,lncRNA,0,0,1,0,1,2
LINC00615,lncRNA,0,1,4,1,4,16
LINC00616,lncRNA,1,4,3,1,21,18
LINC00620,lncRNA,0,0,2,0,4,8
LINC00621,lncRNA,4,3,4,16,11,20
LINC00622,lncRNA,0,1,1,0,3,1
LINC00623,lncRNA,2,5,7,3,25,18
LINC00624,lncRNA,1,1,4,1,8,7
LINC00626,lncRNA,0,0,0,1,1,2
LINC00628,lncRNA,5,2,2,3,16,13
LINC00629,lncRNA,2,1,1,3,11,8
LINC00630,lncRNA,8,16,15,41,192,153
LINC00632,lncRNA,17,38,27,25,96,110
LINC00635,lncRNA,3,3,7,16,23,23
LINC00636,lncRNA,0,4,6,3,10,12
LINC00637,lncRNA,3,2,2,2,8,10
LINC00638,lncRNA,6,3,7,6,33,28
LINC00639,lncRNA,18,20,9,12,100,88
LINC00640,lncRNA,3,1,2,2,10,5
LINC00641,lncRNA,2,3,1,2,15,5
LINC00642,lncRNA,6,5,8,8,18,17
LINC00645,lncRNA,1,1,2,5,8,6
LINC00648,lncRNA,0,1,1,0,5,5
LINC00649,lncRNA,10,32,13,18,53,46
LINC00652,lncRNA,2,1,2,0,7,5
LINC00653,lncRNA,0,0,1,2,4,3
LINC00654,lncRNA,10,9,16,6,108,108
LINC00656,lncRNA,4,0,2,0,7,2
LINC00658,lncRNA,3,3,1,2,6,6
LINC00659,lncRNA,0,3,3,0,7,7
LINC00661,lncRNA,5,5,7,3,20,26
LINC00662,lncRNA,15,35,19,40,124,114
LINC00663,lncRNA,1,1,2,5,17,18
LINC00664,lncRNA,2,9,12,24,79,77
LINC00665,lncRNA,11,38,9,28,58,43
LINC00667,lncRNA,9,8,6,12,51,37
LINC00668,lncRNA,4,4,4,8,18,11
LINC00670,lncRNA,1,5,2,9,9,9
LINC00671,lncRNA,0,7,5,8,7,10
LINC00676,lncRNA,2,0,0,0,2,3
LINC00677,lncRNA,2,0,1,0,3,4
LINC00678,lncRNA,0,1,0,0,4,1
LINC00681,lncRNA,1,0,0,0,1,1
LINC00682,lncRNA,3,11,4,10,31,25
LINC00683,lncRNA,8,21,17,14,79,96
LINC00685,lncRNA,2,3,1,9,6,9
LINC00686,lncRNA,0,0,0,0,0,1
LINC00687,lncRNA,2,7,1,6,8,5
LINC00689,lncRNA,9,6,8,7,56,30
LINC00690,lncRNA,0,0,5,0,16,11
LINC00691,lncRNA,0,1,0,4,4,4
LINC00692,lncRNA,0,0,0,2,0,0
LINC00698,lncRNA,1,1,1,0,3,3
LINC00700,lncRNA,3,3,2,1,26,26
LINC00702,lncRNA,9,5,3,12,25,29
LINC00703,lncRNA,0,1,1,0,31,3
LINC00705,lncRNA,0,3,2,4,3,13
LINC00706,lncRNA,0,1,0,0,1,0
LINC00707,lncRNA,7,10,4,8,26,18
LINC00708,lncRNA,3,5,4,3,17,15
LINC00709,lncRNA,0,0,0,0,2,0
LINC00710,lncRNA,5,16,10,6,66,56
LINC00824,lncRNA,8,11,16,13,176,179
LINC00836,lncRNA,2,10,6,4,40,42
LINC00837,lncRNA,69,31,174,62,456,430
LINC00838,lncRNA,0,4,0,13,10,16
LINC00839,lncRNA,4,5,11,5,41,31
LINC00840,lncRNA,3,8,4,5,28,24
LINC00841,lncRNA,2,8,4,7,14,18
LINC00842,lncRNA,1,3,6,3,6,12
LINC00844,lncRNA,5,7,4,9,7,10
LINC00845,lncRNA,0,0,0,0,1,1
LINC00847,lncRNA,4,2,6,5,15,11
LINC00850,lncRNA,0,1,0,0,0,0
LINC00851,lncRNA,0,0,0,2,2,4
LINC00852,lncRNA,2,0,0,0,8,1
LINC00853,lncRNA,7,0,3,3,24,29
LINC00857,lncRNA,3,0,4,3,10,7
LINC00858,lncRNA,0,6,2,8,14,7
LINC00861,lncRNA,4,18,1,7,38,38
LINC00862,lncRNA,1,2,6,8,92,56
LINC00863,lncRNA,7,5,7,7,23,17
LINC00865,lncRNA,7,7,8,10,33,34
LINC00866,lncRNA,0,0,0,0,1,2
LINC00867,lncRNA,0,2,3,4,14,10
LINC00868,lncRNA,0,0,4,1,14,12
LINC00870,lncRNA,4,11,8,6,25,16
LINC00871,lncRNA,1,4,0,0,4,1
LINC00877,lncRNA,7,8,5,6,26,22
LINC00879,lncRNA,4,7,1,1,17,15
LINC00880,lncRNA,1,1,1,1,3,3
LINC00881,lncRNA,2,1,5,4,19,19
LINC00882,lncRNA,8,14,11,35,39,37
LINC00884,lncRNA,54,32,108,46,228,209
LINC00885,lncRNA,0,1,7,0,9,9
LINC00886,lncRNA,6,4,10,11,40,40
LINC00887,lncRNA,2,3,2,3,11,15
LINC00891,lncRNA,21,16,16,11,57,30
LINC00892,lncRNA,2,1,1,3,1,3
LINC00893,lncRNA,1,1,4,1,16,11
LINC00894,lncRNA,4,10,9,10,34,38
LINC00895,lncRNA,4,0,5,4,11,8
LINC00896,lncRNA,1,2,5,0,13,9
LINC00898,lncRNA,2,9,3,7,28,16
LINC00899,lncRNA,13,38,21,10,37,39
LINC00900,lncRNA,1,7,3,15,13,14
LINC00901,lncRNA,1,1,1,1,3,1
LINC00904,lncRNA,2,1,3,7,7,9
LINC00905,lncRNA,1,6,5,3,16,19
LINC00906,lncRNA,0,3,2,2,9,11
LINC00907,lncRNA,3,14,9,4,28,39
LINC00909,lncRNA,5,12,10,4,34,33
LINC00910,lncRNA,16,19,17,17,51,55
LINC00911,lncRNA,0,2,1,0,1,1
LINC00917,lncRNA,3,3,5,4,19,12
LINC00919,lncRNA,0,0,4,5,6,6
LINC00920,lncRNA,1,0,1,0,7,3
LINC00921,lncRNA,1,3,6,6,17,14
LINC00922,lncRNA,4,0,2,1,14,7
LINC00923,lncRNA,6,14,11,14,96,56
LINC00924,lncRNA,77,16,3,3,10,10
LINC00926,lncRNA,9,6,4,4,23,37
LINC00927,lncRNA,4,1,5,7,16,10
LINC00928,lncRNA,6,6,3,1,7,8
LINC00929,lncRNA,0,3,1,4,10,11
LINC00930,lncRNA,5,18,8,12,115,119
LINC00934,lncRNA,1,1,0,1,7,4
LINC00937,lncRNA,3,4,6,6,11,8
LINC00939,lncRNA,4,5,8,10,11,13
LINC00940,lncRNA,8,6,14,10,10,9
LINC00941,lncRNA,1,3,2,2,8,8
LINC00942,lncRNA,2,3,4,3,11,15
LINC00943,lncRNA,4,9,6,9,32,40
LINC00944,lncRNA,2,1,3,0,8,5
LINC00945,lncRNA,1,1,3,0,5,4
LINC00951,lncRNA,2,0,1,0,1,2
LINC00954,lncRNA,7,2,10,11,23,26
LINC00955,lncRNA,0,1,2,5,10,8
LINC00957,lncRNA,2,3,5,3,22,17
LINC00958,lncRNA,7,5,5,12,24,25
LINC00960,lncRNA,3,3,4,7,23,28
LINC00963,lncRNA,17,33,23,37,144,123
LINC00964,lncRNA,16,19,43,19,62,51
LINC00967,lncRNA,1,1,2,1,3,2
LINC00968,lncRNA,0,1,2,5,4,9
LINC00970,lncRNA,0,0,0,0,2,3
LINC00971,lncRNA,1,12,6,5,47,32
LINC00972,lncRNA,1,1,1,0,1,0
LINC00973,lncRNA,9,1,0,0,1,1
LINC00974,lncRNA,2,7,11,20,56,49
LINC00987,lncRNA,2,9,2,2,20,11
LINC00989,lncRNA,49,20,6,16,43,32
LINC00992,lncRNA,1,0,0,3,6,1
LINC00994,lncRNA,1,0,1,0,2,2
LINC00996,lncRNA,7,6,5,8,17,18
LINC00997,lncRNA,1,2,3,3,10,13
LINC01001,lncRNA,0,1,1,2,7,5
LINC01002,lncRNA,2,5,4,7,22,20
LINC01003,lncRNA,3,6,21,5,20,19
LINC01004,lncRNA,1,3,6,2,8,7
LINC01005,lncRNA,0,1,0,1,2,5
LINC01006,lncRNA,18,17,20,20,66,54
LINC01007,lncRNA,2,6,7,1,41,27
LINC01010,lncRNA,2,4,6,8,4,6
LINC01011,lncRNA,12,8,25,9,19,15
LINC01012,lncRNA,4,5,4,13,30,47
LINC01013,lncRNA,8,19,15,15,79,84
LINC01014,lncRNA,1,2,1,2,2,2
LINC01015,lncRNA,1,3,2,4,13,8
LINC01016,lncRNA,6,9,12,5,26,18
LINC01017,lncRNA,0,0,0,2,1,1
LINC01018,lncRNA,9,15,16,40,48,36
LINC01019,lncRNA,4,4,2,3,22,28
LINC01020,lncRNA,5,3,1,5,11,9
LINC01022,lncRNA,2,3,0,2,2,2
LINC01023,lncRNA,0,0,2,0,3,5
LINC01028,lncRNA,2,5,1,4,36,34
LINC01029,lncRNA,4,32,6,4,22,25
LINC01030,lncRNA,0,1,1,0,2,2
LINC01031,lncRNA,1,1,1,1,5,7
LINC01033,lncRNA,0,1,0,1,4,6
LINC01035,lncRNA,0,0,0,1,1,0
LINC01036,lncRNA,16,19,4,6,23,21
LINC01039,lncRNA,0,0,0,0,12,5
LINC01040,lncRNA,0,0,0,0,1,0
LINC01043,lncRNA,1,1,2,6,12,8
LINC01044,lncRNA,2,5,2,1,18,19
LINC01046,lncRNA,4,4,4,2,10,16
LINC01047,lncRNA,1,0,0,4,9,11
LINC01048,lncRNA,0,1,0,0,1,0
LINC01049,lncRNA,1,4,8,7,13,8
LINC01050,lncRNA,0,0,0,0,6,4
LINC01052,lncRNA,0,0,0,2,2,2
LINC01053,lncRNA,0,0,0,2,1,3
LINC01054,lncRNA,0,0,0,0,1,0
LINC01055,lncRNA,2,7,1,10,4,2
LINC01056,lncRNA,4,14,9,19,16,25
LINC01058,lncRNA,0,0,1,0,6,9
LINC01060,lncRNA,1,5,2,6,16,18
LINC01063,lncRNA,1,3,1,0,2,0
LINC01065,lncRNA,3,1,0,1,6,9
LINC01066,lncRNA,0,0,0,0,1,0
LINC01067,lncRNA,0,0,0,1,0,0
LINC01068,lncRNA,1,0,0,0,7,8
LINC01069,lncRNA,0,1,1,5,5,4
LINC01070,lncRNA,1,1,2,0,20,19
LINC01072,lncRNA,0,2,17,22,1,0
LINC01075,lncRNA,0,1,0,0,0,1
LINC01076,lncRNA,0,0,0,0,1,1
LINC01080,lncRNA,1,0,0,0,6,4
LINC01081,lncRNA,1,2,3,2,3,7
LINC01082,lncRNA,1,2,0,1,9,10
LINC01087,lncRNA,0,4,1,1,3,4
LINC01088,lncRNA,10,13,13,22,450,590
LINC01089,lncRNA,5,2,7,4,20,16
LINC01090,lncRNA,0,0,1,0,3,1
LINC01091,lncRNA,9,13,6,21,68,55
LINC01093,lncRNA,2,7,2,9,18,21
LINC01094,lncRNA,0,9,5,5,14,13
LINC01095,lncRNA,0,4,3,0,6,4
LINC01096,lncRNA,1,4,4,4,16,13
LINC01097,lncRNA,2,2,9,9,39,43
LINC01098,lncRNA,0,0,0,0,2,3
LINC01099,lncRNA,2,1,1,1,6,2
LINC01100,lncRNA,1,0,0,0,5,2
LINC01102,lncRNA,13,35,12,27,161,146
LINC01103,lncRNA,0,2,0,2,5,3
LINC01104,lncRNA,5,1,1,7,9,8
LINC01106,lncRNA,1,1,4,1,7,7
LINC01107,lncRNA,2,2,5,2,15,17
LINC01108,lncRNA,1,6,6,5,15,10
LINC01109,lncRNA,3,6,6,5,54,117
LINC01111,lncRNA,0,3,6,4,24,39
LINC01114,lncRNA,5,2,5,8,18,24
LINC01115,lncRNA,7,4,5,5,31,34
LINC01116,lncRNA,1,5,2,2,8,10
LINC01117,lncRNA,1,0,1,4,9,10
LINC01118,lncRNA,1,2,2,4,29,16
LINC01119,lncRNA,1,4,1,1,19,15
LINC01120,lncRNA,3,4,3,2,13,7
LINC01121,lncRNA,5,6,9,17,91,77
LINC01122,lncRNA,5,28,36,9,23,27
LINC01123,lncRNA,1,0,4,1,10,9
LINC01124,lncRNA,4,5,14,3,25,29
LINC01126,lncRNA,3,0,2,0,7,8
LINC01127,lncRNA,2,3,8,3,11,17
LINC01128,lncRNA,8,15,14,20,93,74
LINC01132,lncRNA,9,7,12,9,93,79
LINC01133,lncRNA,0,8,3,3,8,4
LINC01134,lncRNA,26,12,6,9,18,22
LINC01135,lncRNA,2,9,5,5,22,18
LINC01136,lncRNA,3,4,2,3,27,20
LINC01137,lncRNA,4,4,7,3,11,18
LINC01138,lncRNA,4,8,5,11,30,24
LINC01139,lncRNA,1,8,12,2,17,23
LINC01140,lncRNA,3,5,15,12,87,79
LINC01141,lncRNA,4,6,8,1,19,18
LINC01142,lncRNA,0,0,3,0,1,3
LINC01143,lncRNA,5,8,10,45,9,17
LINC01144,lncRNA,1,1,5,0,10,11
LINC01146,lncRNA,8,12,5,9,19,18
LINC01147,lncRNA,1,1,0,0,4,3
LINC01148,lncRNA,0,0,0,0,3,1
LINC01149,lncRNA,1,2,0,4,4,8
LINC01150,lncRNA,2,1,1,1,7,4
LINC01151,lncRNA,3,7,1,8,22,15
LINC01152,lncRNA,1,6,6,4,10,17
LINC01153,lncRNA,2,6,5,5,20,21
LINC01154,lncRNA,1,8,2,0,7,16
LINC01159,lncRNA,4,3,9,7,23,16
LINC01160,lncRNA,0,1,2,0,3,5
LINC01162,lncRNA,0,2,0,1,4,1
LINC01163,lncRNA,3,2,1,4,19,17
LINC01164,lncRNA,5,4,2,1,8,15
LINC01165,lncRNA,6,1,5,2,40,24
LINC01166,lncRNA,4,8,12,9,24,25
LINC01167,lncRNA,1,2,1,0,5,4
LINC01168,lncRNA,6,3,9,5,51,33
LINC01169,lncRNA,1,7,0,4,4,1
LINC01170,lncRNA,3,8,5,11,11,13
LINC01173,lncRNA,0,0,0,0,1,0
LINC01176,lncRNA,2,2,4,6,26,19
LINC01177,lncRNA,0,0,0,0,1,0
LINC01179,lncRNA,7,3,6,0,17,11
LINC01180,lncRNA,0,6,1,0,4,4
LINC01181,lncRNA,0,0,0,0,1,1
LINC01182,lncRNA,5,3,3,10,22,18
LINC01184,lncRNA,34,34,42,41,278,267
LINC01185,lncRNA,4,6,1,3,15,17
LINC01186,lncRNA,0,0,2,1,3,1
LINC01187,lncRNA,3,5,5,3,46,27
LINC01189,lncRNA,1,2,1,4,3,3
LINC01191,lncRNA,2,4,9,3,20,24
LINC01192,lncRNA,4,17,12,16,25,24
LINC01193,lncRNA,3,6,4,3,15,14
LINC01194,lncRNA,0,0,2,0,2,1
LINC01197,lncRNA,2,16,7,7,28,18
LINC01198,lncRNA,7,6,12,17,163,145
LINC01201,lncRNA,1,0,1,0,1,1
LINC01202,lncRNA,2,7,1,1,16,24
LINC01203,lncRNA,1,1,2,10,9,9
LINC01204,lncRNA,3,8,4,2,55,52
LINC01205,lncRNA,4,11,5,12,10,11
LINC01206,lncRNA,10,41,10,45,104,93
LINC01208,lncRNA,5,7,3,6,27,25
LINC01209,lncRNA,0,7,1,3,3,2
LINC01210,lncRNA,2,10,5,17,19,18
LINC01213,lncRNA,2,1,3,1,32,48
LINC01214,lncRNA,0,1,1,0,6,4
LINC01215,lncRNA,5,1,2,5,7,3
LINC01216,lncRNA,0,0,0,0,3,0
LINC01217,lncRNA,2,0,2,2,2,2
LINC01218,lncRNA,3,0,0,0,0,0
LINC01219,lncRNA,0,0,1,1,4,1
LINC01220,lncRNA,1,8,2,3,6,7
LINC01221,lncRNA,0,0,0,0,1,1
LINC01222,lncRNA,1,7,3,4,35,45
LINC01224,lncRNA,2,3,3,3,13,12
LINC01226,lncRNA,4,8,5,12,15,22
LINC01227,lncRNA,1,1,2,2,9,5
LINC01228,lncRNA,0,5,0,2,1,3
LINC01229,lncRNA,5,5,20,12,40,29
LINC01230,lncRNA,2,4,9,9,27,30
LINC01231,lncRNA,4,2,4,12,22,20
LINC01232,lncRNA,4,5,5,6,24,29
LINC01233,lncRNA,0,0,0,0,3,2
LINC01234,lncRNA,5,14,10,17,25,28
LINC01235,lncRNA,2,2,1,3,3,9
LINC01237,lncRNA,6,0,3,1,45,49
LINC01238,lncRNA,31,78,40,50,478,812
LINC01239,lncRNA,6,4,2,6,7,10
LINC01241,lncRNA,11,5,18,10,43,41
LINC01242,lncRNA,2,1,3,3,8,7
LINC01243,lncRNA,0,1,0,0,4,1
LINC01247,lncRNA,7,6,1,7,16,5
LINC01248,lncRNA,0,0,2,2,3,3
LINC01249,lncRNA,1,1,4,1,13,19
LINC01250,lncRNA,0,2,0,2,7,6
LINC01251,lncRNA,2,0,0,0,1,1
LINC01252,lncRNA,35,46,75,52,511,584
LINC01254,lncRNA,5,4,9,11,36,39
LINC01255,lncRNA,7,5,11,15,32,29
LINC01256,lncRNA,0,0,0,1,1,0
LINC01257,lncRNA,6,5,8,2,9,15
LINC01258,lncRNA,3,2,1,1,6,6
LINC01259,lncRNA,0,1,1,3,0,0
LINC01260,lncRNA,0,1,2,0,2,3
LINC01262,lncRNA,0,0,0,0,1,1
LINC01264,lncRNA,0,1,2,0,3,2
LINC01266,lncRNA,2,5,4,9,12,13
LINC01267,lncRNA,1,2,1,0,4,9
LINC01269,lncRNA,1,0,0,1,3,3
LINC01270,lncRNA,2,4,5,3,42,44
LINC01271,lncRNA,1,2,1,3,6,5
LINC01273,lncRNA,1,1,1,0,9,7
LINC01275,lncRNA,0,0,0,1,2,3
LINC01276,lncRNA,0,3,3,0,3,3
LINC01277,lncRNA,0,3,0,2,4,5
LINC01278,lncRNA,8,8,3,8,69,99
LINC01280,lncRNA,6,11,10,19,19,33
LINC01281,lncRNA,1,1,2,1,5,2
LINC01282,lncRNA,1,0,1,0,1,2
LINC01283,lncRNA,0,1,1,4,2,3
LINC01284,lncRNA,8,7,8,2,32,37
LINC01285,lncRNA,8,9,4,5,20,23
LINC01287,lncRNA,10,18,14,13,54,49
LINC01288,lncRNA,1,1,0,2,2,3
LINC01289,lncRNA,6,5,13,10,45,64
LINC01290,lncRNA,0,0,1,1,10,11
LINC01291,lncRNA,7,4,4,10,33,28
LINC01293,lncRNA,0,0,0,0,2,1
LINC01297,lncRNA,2,10,1,3,5,9
LINC01298,lncRNA,0,0,1,0,4,2
LINC01299,lncRNA,0,1,2,3,15,12
LINC01300,lncRNA,0,0,0,0,5,3
LINC01301,lncRNA,11,9,10,7,23,24
LINC01303,lncRNA,8,10,2,7,12,16
LINC01304,lncRNA,29,63,58,49,217,220
LINC01305,lncRNA,9,7,26,11,128,126
LINC01307,lncRNA,29,76,12,4,26,37
LINC01309,lncRNA,0,0,0,0,3,2
LINC01310,lncRNA,8,9,10,6,33,31
LINC01311,lncRNA,4,16,14,8,39,30
LINC01312,lncRNA,1,0,0,1,2,10
LINC01315,lncRNA,6,25,13,16,42,31
LINC01320,lncRNA,5,7,8,11,47,47
LINC01322,lncRNA,15,20,12,7,39,36
LINC01323,lncRNA,0,1,0,0,0,0
LINC01324,lncRNA,0,3,4,0,1,2
LINC01326,lncRNA,2,0,0,2,0,1
LINC01327,lncRNA,0,0,0,0,0,1
LINC01331,lncRNA,0,1,3,2,7,10
LINC01332,lncRNA,0,0,0,0,0,2
LINC01333,lncRNA,8,8,13,3,13,19
LINC01335,lncRNA,0,0,2,2,7,4
LINC01337,lncRNA,0,1,2,1,0,1
LINC01338,lncRNA,4,10,3,4,37,35
LINC01339,lncRNA,0,0,1,1,6,4
LINC01340,lncRNA,5,9,8,10,27,43
LINC01341,lncRNA,1,2,5,14,29,12
LINC01342,lncRNA,4,2,2,3,40,37
LINC01343,lncRNA,2,2,7,2,11,5
LINC01344,lncRNA,8,2,3,9,29,30
LINC01345,lncRNA,3,2,3,10,31,17
LINC01346,lncRNA,4,3,6,3,28,21
LINC01348,lncRNA,2,4,2,8,12,14
LINC01349,lncRNA,0,1,0,0,0,0
LINC01350,lncRNA,1,1,1,0,3,4
LINC01351,lncRNA,0,0,0,0,3,1
LINC01352,lncRNA,0,1,0,1,1,0
LINC01353,lncRNA,4,5,9,2,11,5
LINC01354,lncRNA,67,52,144,77,1204,900
LINC01355,lncRNA,4,6,1,2,12,8
LINC01356,lncRNA,2,9,3,3,16,16
LINC01357,lncRNA,2,5,4,2,10,9
LINC01358,lncRNA,3,14,2,17,17,14
LINC01359,lncRNA,2,4,5,5,11,8
LINC01360,lncRNA,1,3,0,1,4,5
LINC01361,lncRNA,1,0,4,6,21,22
LINC01362,lncRNA,0,1,2,4,4,4
LINC01363,lncRNA,0,0,1,0,3,7
LINC01364,lncRNA,0,0,0,0,1,5
LINC01365,lncRNA,7,0,5,0,4,1
LINC01366,lncRNA,7,2,1,4,9,9
LINC01370,lncRNA,1,3,1,1,9,7
LINC01374,lncRNA,0,0,1,1,2,5
LINC01375,lncRNA,0,1,3,3,4,5
LINC01376,lncRNA,11,17,24,27,104,58
LINC01377,lncRNA,0,1,3,2,9,4
LINC01378,lncRNA,0,4,2,2,9,7
LINC01381,lncRNA,1,1,3,2,9,9
LINC01385,lncRNA,0,0,0,2,6,6
LINC01386,lncRNA,0,0,0,3,1,1
LINC01387,lncRNA,1,0,0,0,0,5
LINC01388,lncRNA,0,0,0,0,4,3
LINC01389,lncRNA,0,0,0,0,1,1
LINC01391,lncRNA,8,20,18,23,59,84
LINC01392,lncRNA,0,0,0,0,0,2
LINC01393,lncRNA,1,1,2,2,12,16
LINC01394,lncRNA,0,0,0,0,1,4
LINC01395,lncRNA,0,0,0,1,4,3
LINC01396,lncRNA,1,2,0,2,4,3
LINC01397,lncRNA,1,6,3,7,7,7
LINC01398,lncRNA,0,1,1,4,11,12
LINC01400,lncRNA,0,0,0,1,1,2
LINC01405,lncRNA,2,6,4,3,36,49
LINC01409,lncRNA,12,6,4,13,17,16
LINC01410,lncRNA,0,2,2,9,5,4
LINC01411,lncRNA,6,3,1,7,11,13
LINC01412,lncRNA,0,2,0,0,3,1
LINC01413,lncRNA,3,2,1,1,2,2
LINC01414,lncRNA,3,1,3,2,15,13
LINC01415,lncRNA,2,2,7,6,41,26
LINC01416,lncRNA,2,6,4,1,19,8
LINC01419,lncRNA,0,0,0,2,1,1
LINC01422,lncRNA,3,8,3,5,18,24
LINC01423,lncRNA,0,0,0,0,2,1
LINC01424,lncRNA,0,0,0,0,2,2
LINC01425,lncRNA,0,0,1,1,1,2
LINC01426,lncRNA,7,10,9,11,21,27
LINC01427,lncRNA,1,1,3,5,11,9
LINC01428,lncRNA,1,1,2,1,16,13
LINC01429,lncRNA,2,13,3,4,1,10
LINC01431,lncRNA,1,0,1,3,5,3
LINC01432,lncRNA,0,0,0,0,2,3
LINC01433,lncRNA,0,1,1,1,20,26
LINC01435,lncRNA,7,10,9,14,30,42
LINC01436,lncRNA,0,0,2,0,1,2
LINC01438,lncRNA,0,0,0,0,2,0
LINC01440,lncRNA,3,4,2,0,8,6
LINC01441,lncRNA,0,1,0,2,2,2
LINC01442,lncRNA,3,0,0,0,2,3
LINC01443,lncRNA,1,4,2,3,4,7
LINC01444,lncRNA,1,2,1,0,3,7
LINC01445,lncRNA,3,1,1,8,15,24
LINC01446,lncRNA,4,5,3,13,33,16
LINC01447,lncRNA,1,0,5,4,14,10
LINC01448,lncRNA,0,0,0,0,1,2
LINC01449,lncRNA,5,24,6,2,8,5
LINC01450,lncRNA,3,3,6,4,15,15
LINC01451,lncRNA,6,4,5,5,46,30
LINC01455,lncRNA,0,0,0,0,3,2
LINC01456,lncRNA,0,1,0,2,8,3
LINC01460,lncRNA,4,3,5,9,13,17
LINC01465,lncRNA,244,69,408,190,1166,1118
LINC01467,lncRNA,0,0,1,0,3,4
LINC01470,lncRNA,1,20,0,1,7,9
LINC01471,lncRNA,12,7,48,23,36,51
LINC01473,lncRNA,4,9,2,7,10,11
LINC01474,lncRNA,0,3,11,10,3,7
LINC01475,lncRNA,0,1,0,6,6,4
LINC01476,lncRNA,6,20,9,11,44,52
LINC01477,lncRNA,0,0,0,1,2,4
LINC01478,lncRNA,2,6,5,3,16,14
LINC01479,lncRNA,0,1,0,1,2,5
LINC01480,lncRNA,2,1,1,0,5,7
LINC01482,lncRNA,5,1,1,4,7,7
LINC01483,lncRNA,6,5,8,3,43,43
LINC01484,lncRNA,2,2,4,9,21,17
LINC01485,lncRNA,4,5,4,6,21,18
LINC01486,lncRNA,4,0,0,3,1,2
LINC01487,lncRNA,1,4,1,1,3,1
LINC01488,lncRNA,3,2,4,7,24,24
LINC01489,lncRNA,0,0,0,0,5,7
LINC01490,lncRNA,0,1,1,0,6,3
LINC01491,lncRNA,0,0,0,1,5,4
LINC01492,lncRNA,1,2,7,7,79,94
LINC01493,lncRNA,0,1,0,1,3,3
LINC01494,lncRNA,0,3,0,0,0,0
LINC01495,lncRNA,0,0,0,0,1,1
LINC01496,lncRNA,1,0,1,4,5,8
LINC01497,lncRNA,0,1,0,2,6,7
LINC01498,lncRNA,4,4,2,3,14,12
LINC01499,lncRNA,0,2,1,0,8,7
LINC01500,lncRNA,5,6,9,12,54,57
LINC01501,lncRNA,2,1,5,2,22,15
LINC01502,lncRNA,1,4,1,3,19,12
LINC01503,lncRNA,2,14,4,8,29,26
LINC01504,lncRNA,4,4,2,13,13,11
LINC01505,lncRNA,5,13,3,14,27,34
LINC01506,lncRNA,0,2,3,0,0,2
LINC01507,lncRNA,0,0,0,0,2,0
LINC01508,lncRNA,1,1,4,2,4,4
LINC01509,lncRNA,1,1,1,1,5,4
LINC01511,lncRNA,5,10,39,4,25,48
LINC01513,lncRNA,0,4,0,0,0,2
LINC01514,lncRNA,2,0,0,2,3,4
LINC01515,lncRNA,9,19,7,15,115,75
LINC01516,lncRNA,3,9,4,6,6,6
LINC01517,lncRNA,11,8,9,7,107,103
LINC01518,lncRNA,2,5,3,6,10,8
LINC01519,lncRNA,0,1,0,2,9,2
LINC01520,lncRNA,0,1,0,0,1,2
LINC01521,lncRNA,4,2,3,3,23,19
LINC01522,lncRNA,1,2,3,1,16,7
LINC01523,lncRNA,3,0,1,0,0,2
LINC01524,lncRNA,12,14,18,19,77,111
LINC01525,lncRNA,0,1,1,0,7,3
LINC01527,lncRNA,1,3,0,1,1,4
LINC01531,lncRNA,2,4,3,7,10,9
LINC01532,lncRNA,8,8,7,4,37,19
LINC01533,lncRNA,7,2,8,9,26,22
LINC01534,lncRNA,0,5,3,1,6,9
LINC01535,lncRNA,16,33,24,38,114,112
LINC01537,lncRNA,1,0,1,0,2,2
LINC01538,lncRNA,4,3,2,5,3,3
LINC01539,lncRNA,2,5,2,0,10,8
LINC01541,lncRNA,0,0,0,0,4,3
LINC01543,lncRNA,1,2,1,4,11,5
LINC01544,lncRNA,6,9,4,7,14,10
LINC01545,lncRNA,0,0,0,5,0,3
LINC01546,lncRNA,0,6,3,1,6,16
LINC01547,lncRNA,2,16,6,17,35,48
LINC01548,lncRNA,0,2,0,7,4,3
LINC01549,lncRNA,1,0,0,3,4,3
LINC01550,lncRNA,3,7,6,13,12,14
LINC01551,lncRNA,7,17,14,9,156,102
LINC01553,lncRNA,5,8,3,5,32,23
LINC01554,lncRNA,1,0,2,1,2,8
LINC01555,lncRNA,2,1,2,1,32,26
LINC01556,lncRNA,0,3,1,0,3,2
LINC01558,lncRNA,1,1,0,4,5,8
LINC01559,lncRNA,1,3,0,4,5,7
LINC01560,lncRNA,0,1,4,1,7,5
LINC01561,lncRNA,0,0,2,0,8,6
LINC01562,lncRNA,1,11,4,5,18,20
LINC01563,lncRNA,2,6,1,9,6,8
LINC01564,lncRNA,1,1,2,6,4,4
LINC01565,lncRNA,1,3,8,7,21,16
LINC01566,lncRNA,0,3,1,3,4,8
LINC01567,lncRNA,1,8,1,3,7,4
LINC01568,lncRNA,15,19,18,18,35,39
LINC01569,lncRNA,3,14,4,11,29,24
LINC01570,lncRNA,2,4,5,11,7,11
LINC01571,lncRNA,2,0,1,1,5,7
LINC01572,lncRNA,9,25,8,16,31,27
LINC01574,lncRNA,3,6,6,8,17,15
LINC01579,lncRNA,6,6,4,4,11,14
LINC01580,lncRNA,1,4,2,3,10,13
LINC01581,lncRNA,2,1,7,2,10,6
LINC01582,lncRNA,3,2,8,4,14,15
LINC01583,lncRNA,1,1,2,1,2,3
LINC01584,lncRNA,11,20,13,12,22,46
LINC01585,lncRNA,2,9,2,2,29,35
LINC01586,lncRNA,1,4,2,0,13,17
LINC01587,lncRNA,1,3,5,2,1,5
LINC01588,lncRNA,23,23,16,30,103,64
LINC01589,lncRNA,0,0,0,0,2,3
LINC01591,lncRNA,1,0,0,0,2,80
LINC01592,lncRNA,1,1,2,3,10,10
LINC01593,lncRNA,0,0,0,0,1,0
LINC01594,lncRNA,0,0,0,0,3,3
LINC01595,lncRNA,1,2,1,1,3,1
LINC01597,lncRNA,5,1,6,7,13,12
LINC01600,lncRNA,3,6,6,5,7,14
LINC01602,lncRNA,3,0,1,3,5,3
LINC01603,lncRNA,0,0,2,0,4,6
LINC01605,lncRNA,4,2,2,3,5,2
LINC01606,lncRNA,7,13,13,21,97,97
LINC01607,lncRNA,2,4,4,5,8,12
LINC01608,lncRNA,14,13,13,13,39,54
LINC01609,lncRNA,0,0,2,3,2,2
LINC01611,lncRNA,0,0,0,0,1,1
LINC01612,lncRNA,2,0,0,1,1,2
LINC01613,lncRNA,0,1,1,4,4,2
LINC01614,lncRNA,0,0,0,0,2,3
LINC01615,lncRNA,0,1,3,0,10,6
LINC01616,lncRNA,0,1,0,2,1,1
LINC01618,lncRNA,2,7,4,2,26,23
LINC01619,lncRNA,0,0,2,7,9,12
LINC01620,lncRNA,1,0,4,0,22,36
LINC01621,lncRNA,0,0,0,0,1,3
LINC01622,lncRNA,2,4,2,7,21,15
LINC01623,lncRNA,2,2,0,3,10,5
LINC01624,lncRNA,14,12,11,58,28,50
LINC01625,lncRNA,4,7,10,7,99,87
LINC01626,lncRNA,1,4,0,0,2,1
LINC01627,lncRNA,4,0,0,6,3,2
LINC01629,lncRNA,1,0,0,4,2,0
LINC01630,lncRNA,8,15,11,12,55,57
LINC01632,lncRNA,0,0,1,2,1,2
LINC01633,lncRNA,0,0,0,0,4,0
LINC01634,lncRNA,1,1,1,0,5,3
LINC01635,lncRNA,2,2,4,1,18,7
LINC01637,lncRNA,9,8,16,3,20,32
LINC01638,lncRNA,0,0,0,2,4,4
LINC01639,lncRNA,1,1,2,0,1,4
LINC01640,lncRNA,1,0,2,2,6,3
LINC01641,lncRNA,2,8,2,1,8,17
LINC01643,lncRNA,3,2,4,5,9,16
LINC01644,lncRNA,0,0,0,9,6,4
LINC01645,lncRNA,1,3,1,2,4,4
LINC01646,lncRNA,2,4,3,4,14,11
LINC01647,lncRNA,1,1,0,1,0,1
LINC01648,lncRNA,0,0,1,1,1,5
LINC01649,lncRNA,1,2,1,1,8,7
LINC01650,lncRNA,0,2,0,2,1,4
LINC01651,lncRNA,0,0,0,0,2,1
LINC01653,lncRNA,0,0,2,4,4,2
LINC01654,lncRNA,1,1,1,0,7,10
LINC01655,lncRNA,5,1,5,3,6,15
LINC01656,lncRNA,1,2,0,0,3,5
LINC01657,lncRNA,2,0,1,2,6,11
LINC01659,lncRNA,2,1,3,2,7,20
LINC01661,lncRNA,2,1,3,0,6,3
LINC01664,lncRNA,3,3,3,4,11,14
LINC01665,lncRNA,0,1,1,0,3,4
LINC01666,lncRNA,0,0,0,1,2,2
LINC01668,lncRNA,0,2,0,1,6,2
LINC01669,lncRNA,0,1,2,1,4,5
LINC01670,lncRNA,0,0,1,0,1,1
LINC01671,lncRNA,0,0,2,1,4,2
LINC01672,lncRNA,1,6,4,4,43,36
LINC01673,lncRNA,3,0,0,4,4,1
LINC01674,lncRNA,0,0,1,1,1,2
LINC01675,lncRNA,0,2,0,0,4,5
LINC01676,lncRNA,1,0,0,2,4,5
LINC01677,lncRNA,3,11,1,10,8,14
LINC01678,lncRNA,0,1,0,1,8,5
LINC01679,lncRNA,4,2,4,3,16,11
LINC01680,lncRNA,0,0,0,0,1,3
LINC01681,lncRNA,5,9,3,3,15,14
LINC01682,lncRNA,0,1,2,2,1,6
LINC01683,lncRNA,0,1,1,0,1,4
LINC01684,lncRNA,7,9,3,8,21,21
LINC01685,lncRNA,4,7,15,7,35,19
LINC01686,lncRNA,3,5,7,3,9,6
LINC01687,lncRNA,2,2,1,0,4,4
LINC01688,lncRNA,0,0,0,0,5,1
LINC01689,lncRNA,0,0,0,0,4,4
LINC01690,lncRNA,1,0,0,0,0,0
LINC01692,lncRNA,1,1,2,2,4,7
LINC01693,lncRNA,9,8,13,8,81,60
LINC01694,lncRNA,3,7,3,8,16,19
LINC01695,lncRNA,6,4,3,5,4,6
LINC01696,lncRNA,0,1,0,2,6,3
LINC01697,lncRNA,1,5,5,2,12,11
LINC01698,lncRNA,1,1,2,6,7,4
LINC01700,lncRNA,2,0,3,1,3,2
LINC01701,lncRNA,0,0,0,0,7,9
LINC01702,lncRNA,0,2,0,0,3,5
LINC01703,lncRNA,2,0,2,1,10,13
LINC01704,lncRNA,2,3,0,7,5,9
LINC01705,lncRNA,1,1,1,2,7,8
LINC01706,lncRNA,0,0,1,1,1,3
LINC01707,lncRNA,4,1,2,7,7,6
LINC01708,lncRNA,7,4,12,16,73,67
LINC01709,lncRNA,0,5,1,1,7,6
LINC01710,lncRNA,0,0,0,0,1,2
LINC01711,lncRNA,1,0,0,0,4,5
LINC01712,lncRNA,1,5,7,3,54,39
LINC01713,lncRNA,1,1,1,1,6,14
LINC01714,lncRNA,2,0,1,0,16,15
LINC01715,lncRNA,2,10,2,2,8,9
LINC01716,lncRNA,0,1,1,5,4,2
LINC01717,lncRNA,1,0,1,0,1,3
LINC01718,lncRNA,0,1,1,0,3,3
LINC01719,lncRNA,1,3,1,3,4,7
LINC01720,lncRNA,0,1,1,1,2,3
LINC01721,lncRNA,6,12,6,7,35,42
LINC01722,lncRNA,1,1,1,1,3,7
LINC01723,lncRNA,0,3,2,3,5,4
LINC01724,lncRNA,0,0,0,2,2,1
LINC01725,lncRNA,6,7,8,9,33,37
LINC01726,lncRNA,2,1,0,1,5,5
LINC01727,lncRNA,3,6,2,6,10,12
LINC01728,lncRNA,0,0,0,0,4,2
LINC01729,lncRNA,0,0,0,1,0,0
LINC01730,lncRNA,0,0,2,0,2,1
LINC01731,lncRNA,0,0,1,0,0,1
LINC01732,lncRNA,2,4,3,3,1,0
LINC01733,lncRNA,0,0,3,1,1,2
LINC01734,lncRNA,2,0,0,2,4,5
LINC01735,lncRNA,1,5,2,2,5,5
LINC01736,lncRNA,2,0,1,2,8,15
LINC01737,lncRNA,0,0,1,0,3,0
LINC01738,lncRNA,2,1,0,1,6,3
LINC01739,lncRNA,2,0,2,3,5,5
LINC01741,lncRNA,4,2,1,0,2,3
LINC01743,lncRNA,4,1,13,4,5,4
LINC01744,lncRNA,1,1,0,3,9,11
LINC01745,lncRNA,0,1,2,0,1,1
LINC01746,lncRNA,0,0,0,0,4,1
LINC01747,lncRNA,2,1,1,3,13,7
LINC01748,lncRNA,5,14,9,9,124,109
LINC01749,lncRNA,5,5,6,6,32,37
LINC01750,lncRNA,7,5,10,12,53,59
LINC01751,lncRNA,0,8,6,3,43,41
LINC01752,lncRNA,0,8,0,3,0,0
LINC01753,lncRNA,0,7,0,0,2,1
LINC01754,lncRNA,0,0,2,1,2,2
LINC01755,lncRNA,2,2,0,0,10,6
LINC01756,lncRNA,0,2,2,0,5,3
LINC01757,lncRNA,2,0,12,7,9,5
LINC01760,lncRNA,0,1,0,0,0,0
LINC01761,lncRNA,1,0,2,1,3,6
LINC01762,lncRNA,2,1,1,1,8,7
LINC01763,lncRNA,7,19,24,31,95,189
LINC01764,lncRNA,1,4,2,4,3,1
LINC01765,lncRNA,62,126,96,120,231,499
LINC01766,lncRNA,0,0,0,5,5,5
LINC01767,lncRNA,0,0,0,0,5,5
LINC01768,lncRNA,0,0,0,0,0,1
LINC01770,lncRNA,1,0,2,1,6,6
LINC01771,lncRNA,0,0,2,0,3,2
LINC01772,lncRNA,0,3,1,0,5,6
LINC01774,lncRNA,0,0,0,0,0,1
LINC01775,lncRNA,0,0,0,0,2,0
LINC01776,lncRNA,0,1,0,2,1,1
LINC01777,lncRNA,1,0,1,1,6,7
LINC01778,lncRNA,1,7,9,3,22,26
LINC01779,lncRNA,0,0,0,0,1,1
LINC01780,lncRNA,0,1,2,1,5,5
LINC01781,lncRNA,0,1,1,0,0,2
LINC01782,lncRNA,1,6,0,3,4,7
LINC01783,lncRNA,674,188,1301,223,2155,1598
LINC01784,lncRNA,0,0,0,2,0,0
LINC01785,lncRNA,1,0,2,0,7,3
LINC01786,lncRNA,0,0,0,1,3,11
LINC01787,lncRNA,0,1,1,1,3,1
LINC01788,lncRNA,0,2,0,0,3,4
LINC01789,lncRNA,0,4,2,6,7,12
LINC01790,lncRNA,1,2,0,1,6,2
LINC01791,lncRNA,2,4,0,0,5,9
LINC01792,lncRNA,15,11,3,5,29,31
LINC01793,lncRNA,1,0,1,0,4,6
LINC01794,lncRNA,0,0,0,0,6,0
LINC01795,lncRNA,0,1,0,1,5,1
LINC01796,lncRNA,1,0,0,1,10,12
LINC01797,lncRNA,2,3,1,1,7,6
LINC01798,lncRNA,1,3,2,2,6,8
LINC01799,lncRNA,0,0,0,0,2,4
LINC01800,lncRNA,0,0,0,2,0,1
LINC01801,lncRNA,1,1,3,2,10,11
LINC01803,lncRNA,0,0,0,0,4,1
LINC01804,lncRNA,1,2,2,4,5,4
LINC01805,lncRNA,1,1,0,0,0,4
LINC01806,lncRNA,0,1,1,6,4,2
LINC01807,lncRNA,3,5,1,0,1,3
LINC01808,lncRNA,3,7,7,7,56,47
LINC01809,lncRNA,0,1,0,0,1,2
LINC01810,lncRNA,0,0,1,3,2,2
LINC01811,lncRNA,6,16,3,5,25,36
LINC01812,lncRNA,0,3,0,0,1,0
LINC01813,lncRNA,0,4,1,0,1,0
LINC01814,lncRNA,11,29,12,21,72,66
LINC01815,lncRNA,0,1,2,1,5,6
LINC01816,lncRNA,2,1,1,0,9,4
LINC01817,lncRNA,0,0,0,0,1,0
LINC01818,lncRNA,0,0,4,7,2,2
LINC01819,lncRNA,2,2,3,2,13,5
LINC01820,lncRNA,0,1,1,3,6,4
LINC01821,lncRNA,5,4,1,3,18,19
LINC01822,lncRNA,0,2,1,0,4,3
LINC01823,lncRNA,5,9,11,10,119,102
LINC01824,lncRNA,3,2,2,0,10,11
LINC01825,lncRNA,0,1,0,2,5,3
LINC01826,lncRNA,0,0,0,0,2,1
LINC01827,lncRNA,1,0,0,1,3,1
LINC01828,lncRNA,4,5,7,4,23,21
LINC01829,lncRNA,2,2,1,3,10,7
LINC01830,lncRNA,0,0,1,0,2,0
LINC01831,lncRNA,0,1,0,0,4,1
LINC01832,lncRNA,0,0,0,2,2,0
LINC01833,lncRNA,11,6,85,6,19,14
LINC01834,lncRNA,0,0,0,1,1,0
LINC01836,lncRNA,1,2,9,6,6,4
LINC01837,lncRNA,6,10,5,9,14,22
LINC01838,lncRNA,0,0,1,2,9,3
LINC01839,lncRNA,0,0,0,0,1,0
LINC01840,lncRNA,1,2,0,1,1,1
LINC01841,lncRNA,0,0,1,4,10,7
LINC01842,lncRNA,6,1,8,5,78,68
LINC01843,lncRNA,1,1,0,3,12,9
LINC01844,lncRNA,1,4,4,12,26,22
LINC01845,lncRNA,2,4,4,3,19,28
LINC01846,lncRNA,0,0,0,0,4,1
LINC01847,lncRNA,2,4,5,1,18,14
LINC01848,lncRNA,0,0,1,0,31,30
LINC01849,lncRNA,3,6,6,13,17,24
LINC01851,lncRNA,0,1,1,2,1,0
LINC01852,lncRNA,1,0,1,5,13,16
LINC01854,lncRNA,1,4,0,3,4,8
LINC01855,lncRNA,0,0,0,0,2,0
LINC01856,lncRNA,8,1,1,10,4,4
LINC01857,lncRNA,0,0,0,1,0,1
LINC01858,lncRNA,3,1,0,3,8,15
LINC01859,lncRNA,2,2,2,4,4,7
LINC01861,lncRNA,0,0,0,1,1,1
LINC01863,lncRNA,0,7,1,2,5,4
LINC01864,lncRNA,2,9,3,0,7,4
LINC01865,lncRNA,0,0,0,1,3,3
LINC01866,lncRNA,0,0,0,0,1,1
LINC01867,lncRNA,0,0,0,0,1,1
LINC01868,lncRNA,0,0,0,0,2,3
LINC01870,lncRNA,0,0,0,0,0,1
LINC01871,lncRNA,0,0,0,0,1,0
LINC01872,lncRNA,2,0,1,1,3,4
LINC01873,lncRNA,0,0,0,0,1,2
LINC01874,lncRNA,0,0,0,0,6,7
LINC01875,lncRNA,1,6,1,0,2,2
LINC01876,lncRNA,1,4,3,5,4,6
LINC01877,lncRNA,3,1,5,22,12,19
LINC01878,lncRNA,0,2,1,0,5,3
LINC01879,lncRNA,2,6,1,0,11,17
LINC01880,lncRNA,0,2,4,3,9,9
LINC01882,lncRNA,1,1,2,1,8,3
LINC01883,lncRNA,1,1,0,1,2,4
LINC01884,lncRNA,0,0,0,3,5,8
LINC01885,lncRNA,1,2,1,0,8,4
LINC01886,lncRNA,4,10,4,8,8,7
LINC01887,lncRNA,0,0,1,0,2,2
LINC01888,lncRNA,0,0,1,1,5,5
LINC01889,lncRNA,0,0,0,0,2,1
LINC01890,lncRNA,1,0,2,5,5,7
LINC01891,lncRNA,1,0,0,0,1,0
LINC01892,lncRNA,0,0,0,1,5,2
LINC01893,lncRNA,1,0,3,1,4,4
LINC01894,lncRNA,0,0,1,0,7,6
LINC01895,lncRNA,1,0,0,2,8,7
LINC01896,lncRNA,6,2,10,6,29,24
LINC01897,lncRNA,0,0,2,0,4,1
LINC01898,lncRNA,3,3,0,0,12,17
LINC01899,lncRNA,1,0,0,1,4,1
LINC01900,lncRNA,1,3,3,7,3,3
LINC01901,lncRNA,0,1,1,1,2,4
LINC01902,lncRNA,5,10,5,11,34,36
LINC01903,lncRNA,5,1,1,3,4,2
LINC01904,lncRNA,15,6,1,3,7,2
LINC01905,lncRNA,4,2,3,3,6,6
LINC01907,lncRNA,3,5,1,10,10,9
LINC01908,lncRNA,0,0,0,0,0,1
LINC01909,lncRNA,0,1,0,4,4,6
LINC01910,lncRNA,0,2,2,1,11,4
LINC01911,lncRNA,0,0,2,5,3,5
LINC01912,lncRNA,0,2,0,0,1,1
LINC01913,lncRNA,2,2,1,9,10,15
LINC01914,lncRNA,0,0,0,0,2,1
LINC01915,lncRNA,4,4,8,5,29,26
LINC01916,lncRNA,0,0,1,0,2,1
LINC01917,lncRNA,2,3,0,1,2,3
LINC01918,lncRNA,1,2,1,1,19,6
LINC01919,lncRNA,1,1,2,8,15,13
LINC01920,lncRNA,1,0,3,3,14,17
LINC01922,lncRNA,1,6,8,9,5,7
LINC01923,lncRNA,3,5,3,8,20,27
LINC01924,lncRNA,3,4,4,1,14,11
LINC01925,lncRNA,0,0,3,0,3,12
LINC01926,lncRNA,0,0,0,3,2,2
LINC01927,lncRNA,1,1,0,1,8,8
LINC01928,lncRNA,0,0,0,1,0,0
LINC01929,lncRNA,3,16,10,10,108,93
LINC01931,lncRNA,1,6,2,4,47,43
LINC01932,lncRNA,2,0,0,0,1,0
LINC01933,lncRNA,0,4,2,2,12,22
LINC01934,lncRNA,58,63,63,77,1922,1820
LINC01936,lncRNA,2,2,2,4,17,17
LINC01937,lncRNA,0,0,0,0,1,1
LINC01938,lncRNA,1,0,2,4,10,9
LINC01939,lncRNA,3,4,4,9,9,6
LINC01940,lncRNA,2,1,3,7,27,20
LINC01941,lncRNA,0,1,0,0,2,0
LINC01942,lncRNA,1,0,1,0,4,5
LINC01943,lncRNA,0,2,0,2,2,2
LINC01944,lncRNA,2,3,7,5,21,11
LINC01946,lncRNA,0,0,0,1,0,1
LINC01947,lncRNA,0,0,2,3,1,2
LINC01948,lncRNA,23,20,32,26,259,252
LINC01949,lncRNA,3,0,2,10,2,6
LINC01950,lncRNA,0,0,1,0,0,1
LINC01951,lncRNA,2,1,0,1,2,1
LINC01952,lncRNA,0,1,1,1,1,0
LINC01953,lncRNA,0,1,0,0,2,2
LINC01954,lncRNA,0,0,0,0,1,2
LINC01955,lncRNA,0,0,0,1,4,1
LINC01956,lncRNA,5,14,11,4,16,14
LINC01957,lncRNA,0,0,0,0,0,1
LINC01958,lncRNA,3,5,0,1,8,11
LINC01960,lncRNA,5,8,7,9,38,38
LINC01961,lncRNA,2,3,0,0,8,9
LINC01962,lncRNA,1105,584,1170,557,1094,1201
LINC01963,lncRNA,0,0,0,0,6,2
LINC01964,lncRNA,2,1,4,4,9,10
LINC01965,lncRNA,2,12,5,3,18,14
LINC01966,lncRNA,0,0,0,2,0,2
LINC01967,lncRNA,2,0,2,0,18,20
LINC01968,lncRNA,11,17,11,13,26,26
LINC01970,lncRNA,1,2,4,1,15,13
LINC01971,lncRNA,1,1,4,4,16,10
LINC01972,lncRNA,0,0,0,0,1,2
LINC01973,lncRNA,5,6,15,7,20,19
LINC01974,lncRNA,0,3,0,0,4,12
LINC01975,lncRNA,0,2,1,1,2,2
LINC01976,lncRNA,0,0,2,2,3,1
LINC01977,lncRNA,4,5,2,5,11,14
LINC01978,lncRNA,2,3,5,5,18,15
LINC01979,lncRNA,12,15,13,13,261,167
LINC01980,lncRNA,2,1,2,4,22,20
LINC01981,lncRNA,0,0,0,0,2,1
LINC01982,lncRNA,1,0,0,3,0,0
LINC01983,lncRNA,0,1,1,0,3,2
LINC01985,lncRNA,0,0,0,0,1,3
LINC01986,lncRNA,0,3,6,7,31,28
LINC01987,lncRNA,4,4,4,4,17,14
LINC01988,lncRNA,2,2,3,2,59,41
LINC01989,lncRNA,2,6,0,10,15,14
LINC01990,lncRNA,3,4,6,7,18,23
LINC01991,lncRNA,2,5,0,0,6,8
LINC01992,lncRNA,2,2,0,5,2,5
LINC01993,lncRNA,2,2,2,2,8,11
LINC01994,lncRNA,3,3,7,5,69,82
LINC01995,lncRNA,0,0,2,2,1,0
LINC01996,lncRNA,0,1,1,3,6,2
LINC01997,lncRNA,0,1,0,0,1,1
LINC01998,lncRNA,0,1,0,1,5,0
LINC01999,lncRNA,0,0,0,0,3,0
LINC02002,lncRNA,0,1,1,3,3,2
LINC02003,lncRNA,7,4,2,5,10,10
LINC02004,lncRNA,0,0,1,1,2,1
LINC02005,lncRNA,0,0,0,2,7,6
LINC02006,lncRNA,1,13,1,4,30,29
LINC02008,lncRNA,1,1,2,0,22,20
LINC02009,lncRNA,2,6,1,2,5,7
LINC02010,lncRNA,0,2,3,3,5,4
LINC02011,lncRNA,3,2,1,3,10,8
LINC02012,lncRNA,4,1,1,4,4,4
LINC02013,lncRNA,0,2,0,0,2,5
LINC02015,lncRNA,1,2,3,9,13,12
LINC02016,lncRNA,1,0,1,2,4,5
LINC02017,lncRNA,1,1,0,0,0,0
LINC02018,lncRNA,1,3,9,12,21,21
LINC02019,lncRNA,1,3,0,3,6,6
LINC02020,lncRNA,2,3,2,6,21,19
LINC02021,lncRNA,1,1,6,4,20,10
LINC02022,lncRNA,7,3,2,2,27,21
LINC02023,lncRNA,0,4,0,7,1,2
LINC02024,lncRNA,0,1,0,1,0,1
LINC02025,lncRNA,0,2,0,1,0,0
LINC02026,lncRNA,2,5,3,3,42,36
LINC02027,lncRNA,7,3,3,8,3,4
LINC02028,lncRNA,9,14,17,18,53,53
LINC02029,lncRNA,0,0,0,2,4,3
LINC02030,lncRNA,0,2,0,2,4,3
LINC02031,lncRNA,2,3,0,2,2,1
LINC02032,lncRNA,2,16,2,2,4,4
LINC02033,lncRNA,0,0,2,3,6,5
LINC02034,lncRNA,0,0,1,0,4,0
LINC02035,lncRNA,8,4,2,8,10,13
LINC02036,lncRNA,6,2,4,18,17,17
LINC02037,lncRNA,2,0,3,3,4,3
LINC02038,lncRNA,0,0,1,0,2,5
LINC02039,lncRNA,0,0,1,0,0,2
LINC02040,lncRNA,0,0,0,0,1,4
LINC02041,lncRNA,0,0,0,0,2,1
LINC02042,lncRNA,28,5,0,3,6,1
LINC02043,lncRNA,0,0,1,1,3,2
LINC02044,lncRNA,1,3,2,2,3,7
LINC02045,lncRNA,1,0,1,0,3,1
LINC02046,lncRNA,0,1,3,1,33,13
LINC02047,lncRNA,0,0,2,1,2,3
LINC02048,lncRNA,5,3,6,5,33,49
LINC02049,lncRNA,0,0,0,3,1,1
LINC02050,lncRNA,1,1,2,3,4,5
LINC02051,lncRNA,0,0,0,0,1,2
LINC02052,lncRNA,0,2,5,3,22,18
LINC02053,lncRNA,5,18,21,28,17,42
LINC02054,lncRNA,2,6,2,25,5,5
LINC02055,lncRNA,95,22,22,26,200,67
LINC02056,lncRNA,0,0,0,3,6,1
LINC02057,lncRNA,0,0,1,6,6,3
LINC02058,lncRNA,1,0,2,0,3,4
LINC02059,lncRNA,0,0,2,0,7,6
LINC02060,lncRNA,0,2,0,0,4,4
LINC02062,lncRNA,0,1,2,5,7,3
LINC02063,lncRNA,1,1,0,1,17,13
LINC02064,lncRNA,4,3,2,5,18,21
LINC02065,lncRNA,0,1,1,6,2,5
LINC02066,lncRNA,0,0,2,0,1,3
LINC02067,lncRNA,3,4,3,2,13,15
LINC02068,lncRNA,1,3,3,2,5,6
LINC02069,lncRNA,6,9,18,19,20,20
LINC02070,lncRNA,0,0,2,0,1,1
LINC02071,lncRNA,0,2,4,5,8,6
LINC02073,lncRNA,5,16,7,12,207,235
LINC02074,lncRNA,2,2,6,6,6,6
LINC02075,lncRNA,2,0,1,3,3,3
LINC02076,lncRNA,1,3,4,7,30,25
LINC02078,lncRNA,1,3,5,10,11,14
LINC02080,lncRNA,3,3,2,7,17,18
LINC02082,lncRNA,3,5,2,6,16,10
LINC02084,lncRNA,4,7,7,8,10,9
LINC02085,lncRNA,1,1,0,1,1,2
LINC02086,lncRNA,3,4,5,5,12,7
LINC02087,lncRNA,3,3,2,10,10,11
LINC02088,lncRNA,0,0,1,0,2,1
LINC02089,lncRNA,0,0,0,0,5,2
LINC02090,lncRNA,0,0,0,0,1,0
LINC02091,lncRNA,0,1,1,0,11,7
LINC02092,lncRNA,3,4,3,3,17,11
LINC02093,lncRNA,23,46,25,24,186,170
LINC02094,lncRNA,0,0,0,0,1,1
LINC02096,lncRNA,2,1,4,5,29,26
LINC02097,lncRNA,0,1,2,2,36,29
LINC02098,lncRNA,2,0,0,0,2,2
LINC02099,lncRNA,1,2,3,1,9,11
LINC02100,lncRNA,0,0,0,0,1,1
LINC02101,lncRNA,0,0,1,0,3,8
LINC02102,lncRNA,2,2,2,1,21,6
LINC02103,lncRNA,0,0,0,1,0,0
LINC02105,lncRNA,0,2,0,1,3,1
LINC02106,lncRNA,3,5,12,0,20,20
LINC02108,lncRNA,0,1,1,2,0,0
LINC02109,lncRNA,228,45,42,41,246,41
LINC02110,lncRNA,0,0,0,0,0,1
LINC02111,lncRNA,0,0,0,1,2,1
LINC02112,lncRNA,0,5,5,6,20,26
LINC02113,lncRNA,2,0,0,0,1,0
LINC02115,lncRNA,0,0,0,0,3,0
LINC02116,lncRNA,1,4,4,3,11,17
LINC02117,lncRNA,1,3,0,4,1,4
LINC02118,lncRNA,0,2,0,2,2,6
LINC02119,lncRNA,1,3,2,5,12,9
LINC02120,lncRNA,0,1,0,0,3,3
LINC02121,lncRNA,0,0,0,1,1,1
LINC02122,lncRNA,0,0,0,0,4,0
LINC02123,lncRNA,7,13,10,12,134,156
LINC02124,lncRNA,0,0,1,0,1,1
LINC02125,lncRNA,1,2,1,0,5,5
LINC02126,lncRNA,1,0,0,0,1,1
LINC02127,lncRNA,0,1,1,2,2,1
LINC02128,lncRNA,6,5,4,6,27,23
LINC02129,lncRNA,0,0,0,0,1,0
LINC02130,lncRNA,5,2,2,4,20,11
LINC02131,lncRNA,0,1,2,1,1,3
LINC02132,lncRNA,0,0,0,0,0,1
LINC02133,lncRNA,4,1,0,3,3,2
LINC02134,lncRNA,1,0,0,0,2,3
LINC02135,lncRNA,5,66,26,21,37,48
LINC02136,lncRNA,2,1,2,1,4,6
LINC02137,lncRNA,4,0,2,4,7,6
LINC02138,lncRNA,1,2,2,1,7,9
LINC02139,lncRNA,1,5,1,4,4,4
LINC02140,lncRNA,2,1,4,2,14,7
LINC02141,lncRNA,1,3,7,2,10,11
LINC02142,lncRNA,0,1,0,0,4,1
LINC02143,lncRNA,2,3,0,2,16,10
LINC02145,lncRNA,2,2,1,5,6,14
LINC02146,lncRNA,3,1,1,0,3,2
LINC02147,lncRNA,0,2,3,1,5,8
LINC02148,lncRNA,0,0,1,1,1,2
LINC02149,lncRNA,3,6,24,5,7,5
LINC02150,lncRNA,5,3,1,6,9,18
LINC02151,lncRNA,0,2,3,0,6,3
LINC02152,lncRNA,0,0,1,0,3,4
LINC02153,lncRNA,1,0,1,0,7,4
LINC02154,lncRNA,0,0,1,3,3,2
LINC02155,lncRNA,0,0,0,0,0,2
LINC02156,lncRNA,1,3,2,3,8,14
LINC02157,lncRNA,1,0,0,3,5,2
LINC02158,lncRNA,0,1,3,1,3,2
LINC02159,lncRNA,2,0,1,1,6,4
LINC02160,lncRNA,2,17,2,7,22,35
LINC02161,lncRNA,0,0,0,0,1,0
LINC02162,lncRNA,0,0,0,4,0,2
LINC02163,lncRNA,0,0,1,0,2,2
LINC02164,lncRNA,0,0,0,0,3,1
LINC02165,lncRNA,4,1,0,1,3,2
LINC02166,lncRNA,0,0,0,0,3,3
LINC02167,lncRNA,3,1,2,0,15,9
LINC02168,lncRNA,1,1,2,1,5,3
LINC02169,lncRNA,0,0,0,0,0,2
LINC02171,lncRNA,0,0,1,0,8,3
LINC02172,lncRNA,0,0,0,1,4,3
LINC02173,lncRNA,0,0,0,0,0,1
LINC02174,lncRNA,2,1,2,0,7,3
LINC02175,lncRNA,6,5,9,19,18,20
LINC02176,lncRNA,4,20,5,1,473,752
LINC02177,lncRNA,1,3,2,6,11,12
LINC02178,lncRNA,0,1,0,1,0,0
LINC02179,lncRNA,0,4,2,3,20,12
LINC02180,lncRNA,0,1,2,2,4,7
LINC02181,lncRNA,5,6,12,5,22,29
LINC02182,lncRNA,1,2,1,3,6,4
LINC02183,lncRNA,1,3,7,2,7,6
LINC02184,lncRNA,0,0,0,0,2,3
LINC02185,lncRNA,5,8,2,3,12,13
LINC02186,lncRNA,0,0,0,0,2,1
LINC02188,lncRNA,45,16,45,37,69,70
LINC02189,lncRNA,1,0,0,0,2,1
LINC02190,lncRNA,0,1,0,1,1,3
LINC02191,lncRNA,0,0,0,2,1,4
LINC02192,lncRNA,0,1,0,2,2,2
LINC02193,lncRNA,2,3,1,3,4,9
LINC02194,lncRNA,1,4,0,8,3,3
LINC02195,lncRNA,0,1,0,0,0,0
LINC02196,lncRNA,0,0,1,4,7,6
LINC02197,lncRNA,5,4,5,5,40,48
LINC02198,lncRNA,0,1,1,0,2,4
LINC02199,lncRNA,6,9,3,38,42,40
LINC02200,lncRNA,4,3,3,3,35,27
LINC02201,lncRNA,0,3,1,1,8,5
LINC02202,lncRNA,2,1,2,1,4,8
LINC02203,lncRNA,0,1,0,0,0,0
LINC02204,lncRNA,3,10,12,9,41,42
LINC02205,lncRNA,0,0,0,0,0,2
LINC02206,lncRNA,0,0,1,0,1,2
LINC02207,lncRNA,1,9,6,6,18,24
LINC02208,lncRNA,6,8,8,8,24,18
LINC02209,lncRNA,1,2,0,0,15,11
LINC02211,lncRNA,6,5,3,3,12,13
LINC02212,lncRNA,1,1,2,5,17,19
LINC02213,lncRNA,1,1,6,2,12,6
LINC02214,lncRNA,0,0,0,0,1,8
LINC02215,lncRNA,0,0,1,0,0,0
LINC02216,lncRNA,0,2,1,1,16,9
LINC02217,lncRNA,6,4,6,6,35,31
LINC02219,lncRNA,0,2,0,0,1,1
LINC02220,lncRNA,0,2,0,0,1,0
LINC02221,lncRNA,1,1,0,2,5,9
LINC02222,lncRNA,2,0,1,0,5,6
LINC02223,lncRNA,2,7,5,9,19,18
LINC02224,lncRNA,0,8,0,0,6,0
LINC02225,lncRNA,0,2,2,6,3,3
LINC02226,lncRNA,0,0,1,0,4,4
LINC02227,lncRNA,80,127,130,998,981,1509
LINC02228,lncRNA,2,1,3,5,10,12
LINC02229,lncRNA,0,0,0,0,0,1
LINC02231,lncRNA,0,0,0,0,0,1
LINC02232,lncRNA,0,7,3,2,7,9
LINC02233,lncRNA,0,0,2,2,2,2
LINC02234,lncRNA,0,0,4,0,2,6
LINC02235,lncRNA,1,1,3,11,10,7
LINC02236,lncRNA,2,2,3,6,16,15
LINC02237,lncRNA,1,1,1,1,5,4
LINC02238,lncRNA,0,0,0,0,2,0
LINC02239,lncRNA,0,0,1,0,4,2
LINC02240,lncRNA,1,7,5,5,21,18
LINC02241,lncRNA,5,4,8,12,79,39
LINC02242,lncRNA,0,1,0,1,1,1
LINC02243,lncRNA,0,1,1,2,24,21
LINC02245,lncRNA,13,13,13,9,23,27
LINC02246,lncRNA,0,5,0,1,4,7
LINC02247,lncRNA,0,1,1,0,2,1
LINC02248,lncRNA,1,1,1,2,10,10
LINC02249,lncRNA,8,9,1,5,8,6
LINC02250,lncRNA,5,1,6,3,25,21
LINC02251,lncRNA,0,2,2,2,7,9
LINC02252,lncRNA,0,1,0,1,1,1
LINC02253,lncRNA,6,4,5,2,32,26
LINC02254,lncRNA,8,15,4,7,22,13
LINC02255,lncRNA,0,0,2,2,1,1
LINC02256,lncRNA,1,9,2,2,3,3
LINC02257,lncRNA,1,1,0,0,3,2
LINC02259,lncRNA,1,2,2,1,4,2
LINC02260,lncRNA,1,1,1,2,14,16
LINC02261,lncRNA,1,1,0,3,4,1
LINC02262,lncRNA,0,0,0,1,4,3
LINC02263,lncRNA,6,4,5,14,58,62
LINC02264,lncRNA,0,0,1,1,0,3
LINC02265,lncRNA,0,4,1,0,6,6
LINC02266,lncRNA,3,3,5,8,51,70
LINC02267,lncRNA,1,1,2,0,3,2
LINC02268,lncRNA,1,5,0,0,2,4
LINC02269,lncRNA,8,6,7,5,120,84
LINC02270,lncRNA,1,4,1,0,1,4
LINC02271,lncRNA,1,0,5,2,1,2
LINC02272,lncRNA,0,0,0,0,2,4
LINC02273,lncRNA,4,2,3,4,12,5
LINC02274,lncRNA,0,0,0,0,1,1
LINC02275,lncRNA,1,1,2,1,6,8
LINC02277,lncRNA,0,0,0,2,0,1
LINC02278,lncRNA,1,0,0,0,4,4
LINC02279,lncRNA,1,0,0,0,5,6
LINC02280,lncRNA,5,1,4,12,14,16
LINC02281,lncRNA,0,1,1,2,9,4
LINC02282,lncRNA,4,4,7,5,56,25
LINC02283,lncRNA,0,0,1,0,4,2
LINC02284,lncRNA,12,2,9,8,14,11
LINC02285,lncRNA,1,0,1,2,2,2
LINC02286,lncRNA,0,0,0,5,2,5
LINC02287,lncRNA,0,1,4,2,3,1
LINC02288,lncRNA,2,14,4,3,9,10
LINC02289,lncRNA,1,4,5,5,7,9
LINC02290,lncRNA,2,1,1,3,2,6
LINC02291,lncRNA,0,1,4,1,9,8
LINC02292,lncRNA,5,14,11,44,68,106
LINC02293,lncRNA,1,6,2,3,7,10
LINC02294,lncRNA,0,0,1,0,1,3
LINC02295,lncRNA,0,0,0,0,1,1
LINC02296,lncRNA,0,0,0,0,2,0
LINC02297,lncRNA,0,0,1,3,1,0
LINC02298,lncRNA,2,3,2,6,12,12
LINC02299,lncRNA,0,4,0,1,20,19
LINC02300,lncRNA,0,0,0,2,0,2
LINC02301,lncRNA,3,1,2,3,15,8
LINC02302,lncRNA,0,1,0,1,4,4
LINC02303,lncRNA,0,0,1,0,1,2
LINC02304,lncRNA,1,5,0,2,17,14
LINC02305,lncRNA,0,0,0,0,1,0
LINC02306,lncRNA,0,0,0,1,6,3
LINC02307,lncRNA,0,0,0,0,2,2
LINC02308,lncRNA,0,0,0,0,1,1
LINC02309,lncRNA,0,0,0,1,1,1
LINC02310,lncRNA,2,2,0,0,0,2
LINC02311,lncRNA,0,0,0,1,2,1
LINC02312,lncRNA,2,0,1,1,4,10
LINC02313,lncRNA,0,0,0,0,1,2
LINC02314,lncRNA,1,4,2,1,10,13
LINC02316,lncRNA,10,5,2,9,33,34
LINC02317,lncRNA,7,6,11,10,16,30
LINC02318,lncRNA,1,0,1,5,6,5
LINC02319,lncRNA,0,0,2,2,0,1
LINC02320,lncRNA,0,0,0,0,2,2
LINC02321,lncRNA,1,1,1,9,3,7
LINC02322,lncRNA,1,1,1,1,2,2
LINC02323,lncRNA,7,8,11,7,58,56
LINC02324,lncRNA,26,21,29,25,88,90
LINC02325,lncRNA,4,1,5,1,22,19
LINC02326,lncRNA,0,2,2,3,4,9
LINC02327,lncRNA,3,6,3,11,22,28
LINC02328,lncRNA,0,7,3,1,7,8
LINC02329,lncRNA,2,0,1,2,1,3
LINC02330,lncRNA,0,0,0,1,0,1
LINC02331,lncRNA,2,3,1,0,4,4
LINC02332,lncRNA,3,1,1,0,3,2
LINC02333,lncRNA,3,1,3,2,2,1
LINC02334,lncRNA,3,4,4,2,19,20
LINC02335,lncRNA,0,2,0,0,1,0
LINC02336,lncRNA,0,4,1,1,3,2
LINC02337,lncRNA,0,0,0,0,2,1
LINC02338,lncRNA,25,4,4,3,60,11
LINC02339,lncRNA,0,0,0,0,2,0
LINC02340,lncRNA,2,5,2,6,3,4
LINC02341,lncRNA,0,0,0,1,1,4
LINC02342,lncRNA,0,0,0,0,2,2
LINC02343,lncRNA,1,1,0,0,4,1
LINC02345,lncRNA,3,13,2,3,58,37
LINC02346,lncRNA,3,9,8,9,29,29
LINC02347,lncRNA,2,3,5,3,12,18
LINC02348,lncRNA,6,3,9,4,21,26
LINC02351,lncRNA,4,2,1,0,5,6
LINC02352,lncRNA,6,4,2,5,26,22
LINC02353,lncRNA,1,0,0,0,2,7
LINC02354,lncRNA,1,0,3,3,11,15
LINC02355,lncRNA,0,1,0,2,5,3
LINC02356,lncRNA,0,0,0,2,1,3
LINC02357,lncRNA,0,0,0,1,2,3
LINC02358,lncRNA,1,0,0,2,2,1
LINC02359,lncRNA,3,10,6,3,26,23
LINC02360,lncRNA,0,1,0,0,1,0
LINC02361,lncRNA,4,4,8,3,17,9
LINC02362,lncRNA,4,17,8,9,28,20
LINC02363,lncRNA,5,2,0,5,4,10
LINC02364,lncRNA,5,14,0,5,6,1
LINC02365,lncRNA,1,3,1,1,10,5
LINC02366,lncRNA,1,1,1,2,2,5
LINC02367,lncRNA,1,5,2,5,21,18
LINC02368,lncRNA,5,7,5,5,45,47
LINC02369,lncRNA,1,1,1,0,12,10
LINC02370,lncRNA,0,0,0,0,3,3
LINC02371,lncRNA,6,4,3,5,14,17
LINC02372,lncRNA,0,2,2,0,5,3
LINC02373,lncRNA,0,0,0,0,1,0
LINC02374,lncRNA,1,1,0,2,1,2
LINC02375,lncRNA,20,1,0,0,2,0
LINC02376,lncRNA,1,4,4,1,4,5
LINC02377,lncRNA,3,8,2,4,3,6
LINC02378,lncRNA,2,0,2,2,8,7
LINC02379,lncRNA,0,0,1,0,1,2
LINC02380,lncRNA,0,0,0,1,8,5
LINC02381,lncRNA,3,10,3,4,18,19
LINC02382,lncRNA,1,1,20,3,1,1
LINC02383,lncRNA,0,0,0,0,0,2
LINC02384,lncRNA,6,2,4,7,9,11
LINC02385,lncRNA,0,0,0,0,1,1
LINC02386,lncRNA,0,5,1,2,1,6
LINC02387,lncRNA,0,1,0,0,1,2
LINC02388,lncRNA,1,2,2,6,5,8
LINC02389,lncRNA,2,3,3,3,20,30
LINC02390,lncRNA,0,0,0,0,4,1
LINC02391,lncRNA,0,0,2,4,1,1
LINC02392,lncRNA,0,1,0,3,3,3
LINC02393,lncRNA,1,1,0,2,4,2
LINC02394,lncRNA,0,0,0,2,4,2
LINC02395,lncRNA,5,6,8,14,47,37
LINC02396,lncRNA,0,2,1,7,18,9
LINC02397,lncRNA,7,10,7,5,23,14
LINC02398,lncRNA,2,0,0,17,1,2
LINC02399,lncRNA,0,0,0,0,4,1
LINC02400,lncRNA,0,1,0,0,2,0
LINC02401,lncRNA,23,38,2,13,24,57
LINC02402,lncRNA,0,0,0,10,3,4
LINC02403,lncRNA,0,4,0,4,1,0
LINC02404,lncRNA,0,0,0,0,1,4
LINC02405,lncRNA,13,10,6,9,30,33
LINC02406,lncRNA,1,0,4,0,6,2
LINC02408,lncRNA,0,0,3,3,4,5
LINC02409,lncRNA,0,0,0,0,0,1
LINC02410,lncRNA,0,0,0,1,0,0
LINC02411,lncRNA,3,2,2,7,6,6
LINC02412,lncRNA,1,7,4,3,8,7
LINC02413,lncRNA,1,0,1,2,3,3
LINC02414,lncRNA,1,0,1,2,5,7
LINC02415,lncRNA,0,0,0,0,2,1
LINC02416,lncRNA,0,0,0,1,0,1
LINC02417,lncRNA,16,21,8,46,7,6
LINC02418,lncRNA,2,3,3,4,17,14
LINC02419,lncRNA,1,4,4,4,10,5
LINC02420,lncRNA,0,0,2,1,2,0
LINC02421,lncRNA,2,2,1,0,7,15
LINC02422,lncRNA,2,0,0,1,3,2
LINC02423,lncRNA,0,0,0,0,1,2
LINC02424,lncRNA,0,0,0,0,1,0
LINC02425,lncRNA,0,0,0,1,1,0
LINC02426,lncRNA,1,0,0,0,3,2
LINC02427,lncRNA,2,3,5,11,12,7
LINC02428,lncRNA,0,5,1,1,7,8
LINC02429,lncRNA,0,1,0,0,0,1
LINC02430,lncRNA,1,1,1,1,19,14
LINC02431,lncRNA,0,0,1,2,4,2
LINC02432,lncRNA,6,5,0,18,10,12
LINC02433,lncRNA,0,1,1,5,2,1
LINC02434,lncRNA,1,2,0,11,4,4
LINC02435,lncRNA,0,0,0,0,4,0
LINC02436,lncRNA,6,4,9,8,31,31
LINC02437,lncRNA,0,4,1,0,5,5
LINC02438,lncRNA,2,0,0,2,1,4
LINC02439,lncRNA,0,0,1,0,1,3
LINC02440,lncRNA,2,3,1,1,1,3
LINC02441,lncRNA,0,1,0,2,2,2
LINC02442,lncRNA,0,0,0,0,1,1
LINC02443,lncRNA,8,2,3,6,15,10
LINC02444,lncRNA,0,6,0,2,3,6
LINC02445,lncRNA,0,0,0,0,1,0
LINC02446,lncRNA,0,0,1,1,2,5
LINC02447,lncRNA,3,6,7,8,12,20
LINC02448,lncRNA,0,0,0,4,2,0
LINC02449,lncRNA,1,5,2,3,14,13
LINC02450,lncRNA,0,1,0,1,1,1
LINC02451,lncRNA,0,0,0,0,2,4
LINC02452,lncRNA,2,5,0,6,7,6
LINC02453,lncRNA,2,7,1,9,33,20
LINC02454,lncRNA,0,0,0,0,2,3
LINC02455,lncRNA,0,0,1,1,2,5
LINC02456,lncRNA,1,0,0,2,1,2
LINC02457,lncRNA,9,12,6,20,14,18
LINC02458,lncRNA,1,2,2,2,10,6
LINC02459,lncRNA,0,1,0,0,0,1
LINC02460,lncRNA,0,0,0,0,1,0
LINC02461,lncRNA,0,0,0,0,0,3
LINC02462,lncRNA,1,0,0,0,2,1
LINC02464,lncRNA,0,0,0,1,3,1
LINC02465,lncRNA,4,3,2,3,11,11
LINC02466,lncRNA,1,2,1,3,12,10
LINC02468,lncRNA,0,0,3,0,4,3
LINC02469,lncRNA,0,0,1,0,0,1
LINC02470,lncRNA,2,4,1,7,10,9
LINC02471,lncRNA,7,7,1,2,13,13
LINC02472,lncRNA,1,2,2,2,2,7
LINC02473,lncRNA,2,3,1,1,22,44
LINC02474,lncRNA,1,0,0,0,1,0
LINC02475,lncRNA,1,2,0,2,1,2
LINC02476,lncRNA,0,3,2,6,5,12
LINC02477,lncRNA,0,0,1,0,2,0
LINC02478,lncRNA,0,0,0,0,2,1
LINC02479,lncRNA,1,1,1,2,0,3
LINC02480,lncRNA,0,0,0,1,1,0
LINC02481,lncRNA,2,4,3,5,39,32
LINC02482,lncRNA,6,5,9,5,41,37
LINC02483,lncRNA,3,0,1,1,2,3
LINC02484,lncRNA,2,6,1,1,26,29
LINC02485,lncRNA,1,2,2,2,1,2
LINC02487,lncRNA,5,2,6,4,107,76
LINC02488,lncRNA,1,0,0,1,1,3
LINC02489,lncRNA,1,0,0,0,0,0
LINC02490,lncRNA,0,3,0,1,1,1
LINC02492,lncRNA,3,5,2,3,19,24
LINC02493,lncRNA,2,4,0,1,4,2
LINC02496,lncRNA,0,0,0,0,3,1
LINC02497,lncRNA,1,2,6,1,19,18
LINC02498,lncRNA,0,1,0,0,2,1
LINC02499,lncRNA,0,1,1,0,1,1
LINC02500,lncRNA,0,0,2,2,0,1
LINC02501,lncRNA,0,2,0,0,1,1
LINC02502,lncRNA,0,0,0,0,2,0
LINC02503,lncRNA,0,2,2,0,2,1
LINC02504,lncRNA,5,7,2,28,12,13
LINC02505,lncRNA,1,1,3,3,9,9
LINC02506,lncRNA,1,1,0,1,2,1
LINC02507,lncRNA,0,2,4,7,3,5
LINC02509,lncRNA,0,0,1,1,3,4
LINC02510,lncRNA,0,1,0,0,4,5
LINC02511,lncRNA,8,1,2,1,15,13
LINC02512,lncRNA,1,1,1,2,9,9
LINC02513,lncRNA,6,0,0,1,6,4
LINC02514,lncRNA,0,0,0,0,1,0
LINC02515,lncRNA,2,1,2,5,4,5
LINC02516,lncRNA,3,3,3,1,5,8
LINC02517,lncRNA,1,2,0,0,4,6
LINC02518,lncRNA,0,0,0,0,0,3
LINC02519,lncRNA,2,1,0,0,8,8
LINC02520,lncRNA,2,0,0,0,0,2
LINC02521,lncRNA,4,2,6,6,21,19
LINC02523,lncRNA,1,0,2,3,3,3
LINC02525,lncRNA,1,0,0,4,7,9
LINC02526,lncRNA,0,0,0,0,0,1
LINC02527,lncRNA,1,0,0,1,3,1
LINC02528,lncRNA,0,7,0,0,0,1
LINC02529,lncRNA,7,1,1,16,17,9
LINC02530,lncRNA,0,4,0,4,2,2
LINC02531,lncRNA,0,0,1,0,2,2
LINC02532,lncRNA,5,9,3,12,19,33
LINC02533,lncRNA,4,5,1,2,7,6
LINC02534,lncRNA,0,0,0,0,1,0
LINC02535,lncRNA,1,0,0,1,4,3
LINC02536,lncRNA,0,0,0,2,1,2
LINC02537,lncRNA,1,0,2,3,3,2
LINC02538,lncRNA,5,7,12,10,30,32
LINC02539,lncRNA,0,0,0,0,1,0
LINC02540,lncRNA,0,0,0,0,5,1
LINC02541,lncRNA,0,2,0,5,2,2
LINC02542,lncRNA,19,9,38,16,15,20
LINC02543,lncRNA,0,3,0,1,3,2
LINC02544,lncRNA,5,4,0,3,14,10
LINC02545,lncRNA,0,0,0,0,0,1
LINC02546,lncRNA,3,2,2,1,80,47
LINC02547,lncRNA,3,2,1,1,12,9
LINC02548,lncRNA,3,1,0,1,4,5
LINC02549,lncRNA,0,0,0,0,0,1
LINC02550,lncRNA,0,0,1,0,4,2
LINC02551,lncRNA,2,3,2,3,10,12
LINC02552,lncRNA,1,12,5,12,27,31
LINC02553,lncRNA,0,0,0,4,0,2
LINC02554,lncRNA,4,4,4,9,24,37
LINC02555,lncRNA,0,1,0,4,8,4
LINC02557,lncRNA,0,0,0,1,1,2
LINC02558,lncRNA,0,5,1,1,8,7
LINC02559,lncRNA,0,1,0,0,2,4
LINC02560,lncRNA,0,0,1,0,11,7
LINC02561,lncRNA,0,0,1,0,1,0
LINC02562,lncRNA,5,7,4,5,1,2
LINC02563,lncRNA,0,0,0,0,0,1
LINC02564,lncRNA,0,0,2,3,6,7
LINC02565,lncRNA,0,0,0,0,0,1
LINC02567,lncRNA,0,0,0,0,1,0
LINC02568,lncRNA,1,2,1,2,10,7
LINC02569,lncRNA,2,6,5,8,8,3
LINC02570,lncRNA,1,0,1,0,4,3
LINC02571,lncRNA,0,0,0,7,1,0
LINC02572,lncRNA,3,4,7,4,24,16
LINC02573,lncRNA,0,2,4,0,1,3
LINC02574,lncRNA,3,11,2,6,10,5
LINC02575,lncRNA,0,0,1,1,2,2
LINC02576,lncRNA,2,1,0,0,0,2
LINC02577,lncRNA,3,4,4,5,11,15
LINC02579,lncRNA,1,0,2,5,10,8
LINC02580,lncRNA,1,3,4,11,12,26
LINC02582,lncRNA,0,2,0,0,4,3
LINC02583,lncRNA,0,2,0,0,1,2
LINC02584,lncRNA,3,3,3,2,25,15
LINC02585,lncRNA,0,11,0,5,6,13
LINC02586,lncRNA,1,4,6,5,10,19
LINC02587,lncRNA,0,2,0,0,2,2
LINC02588,lncRNA,3,6,4,13,22,21
LINC02590,lncRNA,1,1,1,2,2,2
LINC02591,lncRNA,6,8,31,15,81,129
LINC02593,lncRNA,8,14,9,6,48,60
LINC02594,lncRNA,0,3,2,4,8,13
LINC02595,lncRNA,0,2,4,3,13,12
LINC02596,lncRNA,1,0,1,0,5,2
LINC02598,lncRNA,0,0,0,0,1,4
LINC02599,lncRNA,1,5,6,5,14,20
LINC02600,lncRNA,3,3,8,3,26,17
LINC02601,lncRNA,3,2,9,6,21,16
LINC02603,lncRNA,2,0,2,1,10,11
LINC02604,lncRNA,3,4,5,5,21,13
LINC02605,lncRNA,1,2,1,0,7,8
LINC02606,lncRNA,2,2,8,2,25,15
LINC02607,lncRNA,3,8,1,4,42,24
LINC02608,lncRNA,3,2,4,2,32,29
LINC02609,lncRNA,9,15,22,15,100,66
LINC02610,lncRNA,1,3,6,7,20,17
LINC02611,lncRNA,4,22,2,8,15,22
LINC02612,lncRNA,1,1,2,2,5,8
LINC02613,lncRNA,4,6,5,5,15,12
LINC02614,lncRNA,7,5,5,16,20,19
LINC02615,lncRNA,2,5,3,11,8,11
LINC02616,lncRNA,5,1,2,1,3,5
LINC02617,lncRNA,0,0,0,0,1,0
LINC02619,lncRNA,0,0,0,1,2,4
LINC02620,lncRNA,2,0,0,0,2,2
LINC02621,lncRNA,1,0,0,0,0,0
LINC02622,lncRNA,2,0,2,0,9,6
LINC02623,lncRNA,1,1,2,2,9,11
LINC02624,lncRNA,0,15,0,3,10,16
LINC02625,lncRNA,0,0,0,2,1,1
LINC02626,lncRNA,4,1,1,1,1,3
LINC02627,lncRNA,0,2,0,2,6,10
LINC02628,lncRNA,0,9,4,0,0,6
LINC02629,lncRNA,0,5,1,1,6,7
LINC02630,lncRNA,0,1,1,2,5,11
LINC02631,lncRNA,1,2,0,1,2,2
LINC02632,lncRNA,2,4,1,1,3,4
LINC02634,lncRNA,0,0,1,0,0,0
LINC02635,lncRNA,0,3,0,0,0,1
LINC02636,lncRNA,3,0,0,3,4,4
LINC02637,lncRNA,0,0,0,0,0,1
LINC02639,lncRNA,0,0,0,2,2,2
LINC02640,lncRNA,0,0,0,0,0,1
LINC02641,lncRNA,3,3,10,10,18,15
LINC02642,lncRNA,9,9,0,7,20,26
LINC02643,lncRNA,0,0,0,0,1,0
LINC02645,lncRNA,1,2,4,5,12,16
LINC02646,lncRNA,8,12,9,10,21,33
LINC02647,lncRNA,6,3,3,3,11,8
LINC02648,lncRNA,0,0,2,0,1,0
LINC02649,lncRNA,9,8,1,8,19,18
LINC02650,lncRNA,0,0,1,0,0,0
LINC02651,lncRNA,0,0,3,0,1,1
LINC02652,lncRNA,0,0,0,0,2,2
LINC02653,lncRNA,1,0,1,0,3,4
LINC02654,lncRNA,3,2,3,2,61,69
LINC02655,lncRNA,0,0,0,0,2,1
LINC02656,lncRNA,11,5,21,7,5,5
LINC02658,lncRNA,0,0,0,1,1,1
LINC02659,lncRNA,0,2,2,1,17,9
LINC02660,lncRNA,4,2,0,1,6,15
LINC02661,lncRNA,2,5,1,3,3,2
LINC02662,lncRNA,0,1,1,0,2,1
LINC02663,lncRNA,0,2,0,0,14,38
LINC02664,lncRNA,2,5,5,3,6,11
LINC02665,lncRNA,0,0,1,0,4,9
LINC02666,lncRNA,0,0,0,0,3,2
LINC02667,lncRNA,1,1,1,1,6,4
LINC02668,lncRNA,12,6,26,9,77,67
LINC02669,lncRNA,2,10,9,3,22,27
LINC02670,lncRNA,0,3,0,0,1,1
LINC02671,lncRNA,4,10,3,5,15,19
LINC02672,lncRNA,0,2,0,0,1,1
LINC02673,lncRNA,0,0,0,2,0,1
LINC02674,lncRNA,2,1,1,1,8,11
LINC02675,lncRNA,2,3,3,3,10,5
LINC02676,lncRNA,0,3,0,0,1,0
LINC02679,lncRNA,0,1,0,2,0,0
LINC02680,lncRNA,7,17,18,22,123,171
LINC02681,lncRNA,7,2,10,5,35,18
LINC02682,lncRNA,2,7,2,6,4,6
LINC02683,lncRNA,0,1,0,0,1,2
LINC02684,lncRNA,1,0,7,0,4,3
LINC02685,lncRNA,0,1,2,1,10,7
LINC02686,lncRNA,1,1,1,0,1,0
LINC02687,lncRNA,5,6,22,9,81,57
LINC02688,lncRNA,6,5,3,10,16,24
LINC02689,lncRNA,1,2,2,1,5,3
LINC02690,lncRNA,0,5,1,2,7,13
LINC02691,lncRNA,6,9,5,4,9,8
LINC02692,lncRNA,2,1,3,1,9,9
LINC02693,lncRNA,11,19,30,28,72,64
LINC02694,lncRNA,10,12,8,4,49,50
LINC02695,lncRNA,0,1,0,0,0,0
LINC02696,lncRNA,1,7,10,8,14,13
LINC02697,lncRNA,0,0,0,0,1,1
LINC02698,lncRNA,2,0,1,3,8,10
LINC02699,lncRNA,0,0,1,2,9,7
LINC02700,lncRNA,1,4,5,2,13,13
LINC02701,lncRNA,2,3,4,4,15,12
LINC02702,lncRNA,10,14,21,7,14,19
LINC02703,lncRNA,1,2,2,1,11,7
LINC02704,lncRNA,0,0,0,0,0,2
LINC02705,lncRNA,0,1,0,0,0,0
LINC02706,lncRNA,3,1,3,8,6,10
LINC02707,lncRNA,0,0,1,0,1,0
LINC02708,lncRNA,0,0,0,0,1,1
LINC02709,lncRNA,0,6,4,4,11,13
LINC02710,lncRNA,1,2,3,7,5,5
LINC02711,lncRNA,0,6,0,0,0,0
LINC02712,lncRNA,0,0,0,0,0,2
LINC02713,lncRNA,3,0,0,0,3,0
LINC02714,lncRNA,3,6,8,1,30,23
LINC02715,lncRNA,0,1,2,3,1,3
LINC02716,lncRNA,0,0,3,2,3,3
LINC02717,lncRNA,1,0,4,10,26,20
LINC02718,lncRNA,5,3,0,6,8,6
LINC02720,lncRNA,0,0,1,0,4,1
LINC02721,lncRNA,1,0,0,0,6,2
LINC02722,lncRNA,0,0,1,0,0,0
LINC02723,lncRNA,0,3,1,1,3,4
LINC02724,lncRNA,3,1,2,2,19,23
LINC02725,lncRNA,2,2,7,8,5,2
LINC02726,lncRNA,1,2,3,1,4,6
LINC02727,lncRNA,19,6,8,6,13,6
LINC02728,lncRNA,78,12,4,6,13,6
LINC02729,lncRNA,1,0,1,0,2,3
LINC02730,lncRNA,0,5,7,1,11,14
LINC02731,lncRNA,7,8,14,9,46,33
LINC02732,lncRNA,0,0,0,0,2,1
LINC02733,lncRNA,2,1,2,4,9,11
LINC02734,lncRNA,2,0,1,0,3,6
LINC02735,lncRNA,0,11,2,1,3,3
LINC02736,lncRNA,1,0,1,0,2,1
LINC02737,lncRNA,0,0,0,0,1,1
LINC02739,lncRNA,157,46,194,62,125,149
LINC02740,lncRNA,0,0,0,0,0,5
LINC02741,lncRNA,0,3,0,0,1,2
LINC02742,lncRNA,15,26,20,28,216,198
LINC02743,lncRNA,1,2,1,5,3,6
LINC02744,lncRNA,2,0,0,6,5,3
LINC02745,lncRNA,0,1,0,1,6,3
LINC02746,lncRNA,0,10,2,1,6,7
LINC02747,lncRNA,2,3,5,2,53,41
LINC02748,lncRNA,1,7,4,1,1,1
LINC02749,lncRNA,0,0,2,0,7,5
LINC02750,lncRNA,0,0,1,7,2,1
LINC02751,lncRNA,1,0,0,1,4,1
LINC02752,lncRNA,0,0,3,4,9,8
LINC02753,lncRNA,0,3,5,2,7,5
LINC02754,lncRNA,3,5,4,5,29,28
LINC02755,lncRNA,0,1,0,3,2,3
LINC02756,lncRNA,0,0,3,0,2,3
LINC02757,lncRNA,0,1,0,2,4,6
LINC02758,lncRNA,0,1,0,0,0,0
LINC02759,lncRNA,1,0,2,2,2,2
LINC02760,lncRNA,1,1,0,0,0,1
LINC02761,lncRNA,1,0,0,0,4,4
LINC02762,lncRNA,7,9,7,13,31,23
LINC02763,lncRNA,2,1,0,1,5,7
LINC02764,lncRNA,0,0,1,2,3,1
LINC02765,lncRNA,0,2,1,1,11,9
LINC02766,lncRNA,0,0,0,0,2,1
LINC02767,lncRNA,10,66,49,14,87,75
LINC02768,lncRNA,0,0,0,0,0,1
LINC02769,lncRNA,0,0,0,1,0,1
LINC02770,lncRNA,2,1,2,0,4,6
LINC02771,lncRNA,0,0,0,3,0,1
LINC02772,lncRNA,2,1,2,0,7,4
LINC02773,lncRNA,1,0,2,2,6,5
LINC02774,lncRNA,1,0,4,2,5,4
LINC02775,lncRNA,2,2,2,5,6,5
LINC02776,lncRNA,2,0,0,0,4,3
LINC02777,lncRNA,1,1,4,2,5,10
LINC02778,lncRNA,1,1,0,3,4,1
LINC02779,lncRNA,0,3,0,0,1,1
LINC02780,lncRNA,2,6,3,6,16,24
LINC02781,lncRNA,0,0,1,1,9,7
LINC02782,lncRNA,0,1,1,0,3,0
LINC02783,lncRNA,0,2,12,20,31,96
LINC02784,lncRNA,0,0,2,0,0,2
LINC02785,lncRNA,1,0,4,1,8,12
LINC02786,lncRNA,0,1,2,0,9,2
LINC02787,lncRNA,0,2,0,0,0,0
LINC02788,lncRNA,1,2,1,1,3,4
LINC02789,lncRNA,0,2,2,12,3,6
LINC02790,lncRNA,1,1,6,4,4,10
LINC02791,lncRNA,2,0,0,0,8,7
LINC02792,lncRNA,1,2,0,0,1,0
LINC02793,lncRNA,0,0,0,0,3,1
LINC02794,lncRNA,2,0,1,2,3,4
LINC02795,lncRNA,1,2,0,1,10,9
LINC02796,lncRNA,0,0,0,1,1,0
LINC02797,lncRNA,0,0,1,2,1,0
LINC02798,lncRNA,1,0,1,3,9,10
LINC02800,lncRNA,2,0,0,2,5,4
LINC02801,lncRNA,5,5,1,6,21,18
LINC02802,lncRNA,0,2,1,2,0,1
LINC02803,lncRNA,2,2,2,3,2,0
LINC02804,lncRNA,1,1,2,5,6,5
LINC02805,lncRNA,4,18,10,5,63,61
LINC02806,lncRNA,5,4,26,6,67,74
LINC02808,lncRNA,2,1,1,1,8,7
LINC02809,lncRNA,2,0,1,4,6,10
LINC02810,lncRNA,0,1,0,0,2,3
LINC02811,lncRNA,2,4,1,1,4,2
LINC02812,lncRNA,1,2,1,0,4,4
LINC02813,lncRNA,0,0,1,0,1,1
LINC02814,lncRNA,3,6,5,1,12,9
LINC02815,lncRNA,1,0,0,0,1,1
LINC02816,lncRNA,0,1,0,0,3,4
LINC02817,lncRNA,1,5,3,7,16,15
LINC02818,lncRNA,0,0,0,0,1,2
LINC02819,lncRNA,0,0,1,1,2,0
LINC02821,lncRNA,0,1,0,0,0,0
LINC02822,lncRNA,32,11,8,2,44,41
LINC02823,lncRNA,1,2,2,0,10,7
LINC02824,lncRNA,5,3,1,4,16,18
LINC02826,lncRNA,4,3,2,3,25,19
LINC02827,lncRNA,0,3,4,1,5,4
LINC02828,lncRNA,0,0,0,1,1,0
LINC02829,lncRNA,0,1,0,0,1,0
LINC02830,lncRNA,0,0,0,1,3,3
LINC02831,lncRNA,1,3,2,1,34,52
LINC02832,lncRNA,1,8,4,4,5,5
LINC02833,lncRNA,0,1,4,4,2,7
LINC02834,lncRNA,3,5,1,0,5,5
LINC02835,lncRNA,1,2,0,0,1,2
LINC02836,lncRNA,0,0,0,0,1,0
LINC02837,lncRNA,1,0,0,0,3,8
LINC02838,lncRNA,1,0,0,4,1,1
LINC02839,lncRNA,1,0,1,0,0,2
LINC02840,lncRNA,2,10,6,5,43,64
LINC02841,lncRNA,2,0,0,0,3,1
LINC02842,lncRNA,0,1,1,0,9,7
LINC02843,lncRNA,0,3,1,1,5,4
LINC02844,lncRNA,1,1,1,4,4,1
LINC02845,lncRNA,0,0,0,0,0,1
LINC02846,lncRNA,1,4,2,1,7,12
LINC02847,lncRNA,0,2,1,1,3,5
LINC02848,lncRNA,1,3,1,8,10,9
LINC02849,lncRNA,0,0,0,0,0,3
LINC02850,lncRNA,0,1,0,0,0,1
LINC02851,lncRNA,0,0,1,1,23,16
LINC02852,lncRNA,1,0,0,0,0,2
LINC02853,lncRNA,0,0,0,4,6,2
LINC02854,lncRNA,3,1,0,0,3,0
LINC02855,lncRNA,0,0,0,0,1,1
LINC02856,lncRNA,1,0,0,0,1,3
LINC02857,lncRNA,2,2,1,0,4,4
LINC02858,lncRNA,1,1,0,1,4,4
LINC02860,lncRNA,0,2,1,0,2,4
LINC02861,lncRNA,0,2,1,1,2,4
LINC02862,lncRNA,0,1,0,1,0,0
LINC02863,lncRNA,0,2,1,0,1,1
LINC02864,lncRNA,8,4,4,4,16,11
LINC02865,lncRNA,0,0,0,0,2,0
LINC02866,lncRNA,0,0,0,0,2,4
LINC02867,lncRNA,3,1,1,1,3,3
LINC02868,lncRNA,0,0,0,0,2,3
LINC02869,lncRNA,0,6,1,4,2,7
LINC02870,lncRNA,2,0,1,1,15,9
LINC02871,lncRNA,0,1,0,0,5,4
LINC02872,lncRNA,2,1,1,2,11,7
LINC02873,lncRNA,1,1,2,5,8,4
LINC02874,lncRNA,0,4,1,0,5,3
LINC02875,lncRNA,4,4,6,4,16,15
LINC02876,lncRNA,0,0,0,0,1,1
LINC02877,lncRNA,0,0,0,0,5,3
LINC02878,lncRNA,2,1,6,3,14,13
LINC02880,lncRNA,1,0,0,3,5,4
LINC02881,lncRNA,1,1,1,1,14,9
LINC02882,lncRNA,1,8,3,3,13,9
LINC02883,lncRNA,1,0,0,0,1,1
LINC02884,lncRNA,17,5,7,9,11,16
LINC02885,lncRNA,15,0,0,2,3,6
LINC02887,lncRNA,0,0,1,1,5,7
LINC02888,lncRNA,0,0,0,1,1,2
LINC02889,lncRNA,11,5,13,6,45,46
LINCMD1,lncRNA,0,0,0,0,0,1
LINCR-0001,lncRNA,1,1,1,2,7,4
LINCR-0003,lncRNA,1,10,1,1,8,7
LINGO1-AS1,lncRNA,1,1,2,3,4,5
LINGO1-AS2,lncRNA,0,1,1,0,2,3
LINP1,lncRNA,4,3,19,6,37,67
LIPC-AS1,lncRNA,0,0,0,1,3,1
LIPE-AS1,lncRNA,3,6,7,2,25,22
LIVAR,lncRNA,0,0,0,0,1,2
LIX1-AS1,lncRNA,0,2,0,5,4,3
LIX1L-AS1,lncRNA,4,10,2,10,20,20
LL22NC01-81G9.3,lncRNA,2,14,1,2,2,1
LL22NC03-63E9.3,lncRNA,1,2,6,1,9,8
LLPH-DT,lncRNA,0,0,0,0,1,3
LMCD1-AS1,lncRNA,9,7,3,7,20,18
LMF1-AS1,lncRNA,2,10,3,4,19,31
LMLN-AS1,lncRNA,0,0,0,0,1,2
LMNB1-DT,lncRNA,4,8,7,6,212,212
LMNTD2-AS1,lncRNA,3,3,3,3,10,9
LMO7-AS1,lncRNA,2,0,0,0,5,3
LMO7DN,lncRNA,3,2,2,0,3,4
LMX1A-AS1,lncRNA,0,0,0,2,2,0
LMX1A-AS2,lncRNA,0,0,0,0,1,1
LNC-LBCS,lncRNA,17,11,8,17,52,59
LNCAROD,lncRNA,1,16,9,1,14,14
LNCARSR,lncRNA,4,1,1,3,8,6
LNCDAT,lncRNA,5,6,15,8,30,28
LNCNEF,lncRNA,3,0,0,0,5,1
LNCOC1,lncRNA,5,3,5,3,15,10
LNCOG,lncRNA,2,8,2,0,5,4
LNCPRESS1,lncRNA,0,1,1,0,9,13
LNCPRESS2,lncRNA,1,0,0,1,1,0
LNCSRLR,lncRNA,2,0,0,0,0,0
LNCTAM34A,lncRNA,5,4,8,5,50,38
LNX1-AS1,lncRNA,0,1,0,2,3,4
LNX1-AS2,lncRNA,0,6,1,0,1,2
LOH12CR2,lncRNA,2,1,2,3,15,10
LOXL1-AS1,lncRNA,5,10,3,11,33,19
LPGAT1-AS1,lncRNA,0,3,0,1,3,6
LPP-AS1,lncRNA,0,0,0,0,1,1
LPP-AS2,lncRNA,10,5,6,2,20,16
LRIG2-DT,lncRNA,1,13,5,9,34,27
LRP1-AS,lncRNA,0,0,1,0,8,15
LRP4-AS1,lncRNA,2,0,2,1,3,2
LRRC2-AS1,lncRNA,1,1,2,2,4,6
LRRC3-DT,lncRNA,0,0,4,0,10,8
LRRC52-AS1,lncRNA,1,4,4,7,10,7
LRRC8C-DT,lncRNA,10,11,13,26,41,45
LRRC8D-DT,lncRNA,1,0,2,0,18,13
LRRK2-DT,lncRNA,3,1,6,4,6,9
LRRTM4-AS1,lncRNA,0,0,0,0,1,1
LSAMP-AS1,lncRNA,0,1,0,0,0,0
LSINCT5,lncRNA,0,1,1,1,7,7
LUADT1,lncRNA,0,4,0,0,0,0
LUARIS,lncRNA,2,3,2,1,8,6
LUCAT1,lncRNA,18,47,143,412,29,48
LUNAR1,lncRNA,3,3,2,1,17,15
LURAP1L-AS1,lncRNA,12,16,15,28,282,262
LY6E-DT,lncRNA,2,1,1,1,5,12
LY86-AS1,lncRNA,6,15,12,11,30,29
LYPLAL1-AS1,lncRNA,20,34,42,39,108,86
LYPLAL1-DT,lncRNA,6,8,7,13,10,12
LYRM4-AS1,lncRNA,1,4,4,6,34,16
LYST-AS1,lncRNA,0,0,0,0,1,1
LZTS1-AS1,lncRNA,0,1,0,0,1,2
MACC1-AS1,lncRNA,1,0,0,0,0,0
MACORIS,lncRNA,0,0,1,1,9,8
MACROD2-AS1,lncRNA,0,0,1,0,1,3
MACROD2-IT1,lncRNA,0,0,1,0,0,1
MADD-AS1,lncRNA,0,0,0,0,1,1
MAFA-AS1,lncRNA,1,0,0,0,1,2
MAFG-DT,lncRNA,2,5,5,5,28,21
MAFTRR,lncRNA,9,6,2,12,15,14
MAGEA10-MAGEA5,lncRNA,0,0,0,0,3,2
MAGEA4-AS1,lncRNA,1,0,2,0,7,5
MAGEA6-DT,lncRNA,19,19,6,16,3,14
MAGEA8-AS1,lncRNA,0,2,0,0,2,2
MAGI1-AS1,lncRNA,0,0,0,0,1,1
MAGI1-IT1,lncRNA,0,1,1,2,3,1
MAGI2-AS1,lncRNA,1,0,1,0,2,2
MAGI2-AS2,lncRNA,0,0,0,0,1,4
MAGI2-AS3,lncRNA,15,18,22,16,54,40
MAILR,lncRNA,6,12,13,17,38,51
MAL2-AS1,lncRNA,1,1,2,1,6,9
MALAT1,lncRNA,168,103,251,336,172,135
MALINC1,lncRNA,3,7,10,11,41,37
MAMDC2-AS1,lncRNA,6,7,2,16,32,27
MAN1B1-DT,lncRNA,1,2,3,3,12,12
MAN2A1-DT,lncRNA,0,0,0,0,2,0
MANCR,lncRNA,6,15,20,25,85,99
MANEA-DT,lncRNA,1,1,4,2,8,8
MAP3K14-AS1,lncRNA,7,6,9,10,31,29
MAP3K2-DT,lncRNA,2,3,2,7,13,5
MAP3K20-AS1,lncRNA,2,4,3,4,21,22
MAP3K4-AS1,lncRNA,4,3,7,3,26,21
MAP3K5-AS1,lncRNA,0,1,1,1,5,6
MAP4K3-DT,lncRNA,8,28,5,19,42,40
MAPK10-AS1,lncRNA,0,3,0,0,3,3
MAPK6-DT,lncRNA,0,0,0,0,1,2
MAPKAPK5-AS1,lncRNA,2,4,4,7,21,28
MAPRE3-AS1,lncRNA,2,2,1,1,4,6
MAPT-AS1,lncRNA,8,16,13,43,81,76
MAPT-IT1,lncRNA,1,12,5,7,37,21
MARCHF10-DT,lncRNA,4,1,0,4,2,7
MARCHF11-AS1,lncRNA,0,2,1,2,1,0
MAST4-AS1,lncRNA,6,1,0,12,0,3
MAST4-IT1,lncRNA,0,0,0,0,1,1
MATN1-AS1,lncRNA,18,19,128,15,166,188
MBNL1-AS1,lncRNA,11,17,8,12,39,49
MCCC1-AS1,lncRNA,2,1,0,0,0,0
MCF2L-AS1,lncRNA,0,3,1,0,9,8
MCHR2-AS1,lncRNA,1,2,1,1,4,3
MCM3AP-AS1,lncRNA,8,10,9,6,25,30
MCM8-AS1,lncRNA,0,0,0,0,1,3
MCPH1-AS1,lncRNA,6,30,13,10,29,25
MCTP1-AS1,lncRNA,0,0,1,0,0,0
MDC1-AS1,lncRNA,0,0,2,2,1,2
MDS2,lncRNA,3,7,2,3,15,21
MECOM-AS1,lncRNA,0,0,0,0,2,4
MED14OS,lncRNA,2,2,3,2,11,7
MED4-AS1,lncRNA,0,0,0,1,0,1
MED8-AS1,lncRNA,0,0,0,1,2,1
MEF2C-AS1,lncRNA,11,5,4,11,28,17
MEF2C-AS2,lncRNA,1,3,1,1,6,11
MEG3,lncRNA,35,57,49,25,160,153
MEG8,lncRNA,11,12,10,23,29,34
MEG9,lncRNA,1,3,3,3,12,17
MEIS1-AS2,lncRNA,6,13,11,20,118,120
MEIS1-AS3,lncRNA,2,1,2,1,16,21
MELTF-AS1,lncRNA,4,5,2,5,10,8
MESTIT1,lncRNA,3,4,5,5,37,35
METTL14-DT,lncRNA,17,6,2,9,18,12
MFF-DT,lncRNA,45,40,12,21,97,104
MGAT3-AS1,lncRNA,0,0,2,1,7,3
MGC15885,lncRNA,6,8,9,4,55,53
MGC16275,lncRNA,8,6,5,4,21,11
MGC27382,lncRNA,0,1,0,4,5,4
MGC32805,lncRNA,2,2,4,8,6,2
MGC4859,lncRNA,2,1,3,2,18,14
MHENCR,lncRNA,0,3,2,2,5,5
MIAT,lncRNA,25,33,46,49,894,358
MIATNB,lncRNA,20,38,20,25,230,280
MICB-DT,lncRNA,2,4,3,1,13,8
MID1IP1-AS1,lncRNA,0,0,0,0,1,1
MIF-AS1,lncRNA,2,4,5,6,20,16
MIMT1,lncRNA,2,0,1,1,7,5
MINCR,lncRNA,6,2,9,3,9,7
MIOS-DT,lncRNA,5,3,0,5,7,5
MIR1-1HG,lncRNA,14,8,18,19,11,18
MIR1-1HG-AS1,lncRNA,3,3,4,4,22,24
MIR100HG,lncRNA,29,49,49,60,162,138
MIR122HG,lncRNA,64,27,45,92,67,129
MIR124-1HG,lncRNA,8,11,13,17,67,47
MIR124-2HG,lncRNA,390,952,374,323,833,1129
MIR1302-2HG,lncRNA,0,0,0,1,2,1
MIR1302-9HG,lncRNA,3,3,4,8,11,14
MIR133A1HG,lncRNA,7,6,20,12,18,28
MIR137HG,lncRNA,2,14,4,19,21,20
MIR155HG,lncRNA,5,4,4,2,7,10
MIR17HG,lncRNA,2559,1146,3798,1772,9169,10297
MIR181A1HG,lncRNA,0,1,1,3,5,6
MIR181A2HG,lncRNA,0,1,0,0,1,0
MIR1915HG,lncRNA,8,10,23,9,37,35
MIR193BHG,lncRNA,16,33,22,31,63,50
MIR194-2HG,lncRNA,24,22,24,22,118,150
MIR200CHG,lncRNA,0,0,0,0,1,0
MIR202HG,lncRNA,2,0,1,3,8,6
MIR2052HG,lncRNA,9,17,14,11,29,42
MIR205HG,lncRNA,2,3,2,4,17,17
MIR210HG,lncRNA,2,1,3,2,14,11
MIR2117HG,lncRNA,0,0,0,1,1,0
MIR217HG,lncRNA,0,0,0,0,1,0
MIR222HG,lncRNA,0,3,3,5,19,12
MIR223HG,lncRNA,2016,1668,2457,1900,8821,17125
MIR22HG,lncRNA,289,144,204,138,607,265
MIR23AHG,lncRNA,2794,1469,2133,1878,9621,10229
MIR29B2CHG,lncRNA,48,26,83,48,291,579
MIR302CHG,lncRNA,1,1,1,1,7,7
MIR3142HG,lncRNA,404,104,298,405,5262,1461
MIR3150BHG,lncRNA,2,1,1,0,10,7
MIR31HG,lncRNA,2,3,3,7,29,28
MIR325HG,lncRNA,0,3,1,0,3,6
MIR34AHG,lncRNA,8,9,7,12,28,29
MIR3659HG,lncRNA,5,11,18,8,21,25
MIR3663HG,lncRNA,0,8,3,5,9,5
MIR3681HG,lncRNA,4,3,5,5,27,18
MIR378D2HG,lncRNA,0,1,2,1,6,3
MIR381HG,lncRNA,0,0,0,0,4,2
MIR3936HG,lncRNA,3,8,6,7,13,14
MIR3945HG,lncRNA,1,1,1,0,13,6
MIR3976HG,lncRNA,13,18,17,10,62,48
MIR4280HG,lncRNA,1,0,0,6,6,2
MIR4290HG,lncRNA,2,0,1,1,7,6
MIR4300HG,lncRNA,14,9,11,14,8,13
MIR4307HG,lncRNA,1,9,0,8,8,6
MIR4422HG,lncRNA,1,1,1,5,9,7
MIR4432HG,lncRNA,7,15,14,14,65,68
MIR4435-2HG,lncRNA,30,34,33,50,185,200
MIR4453HG,lncRNA,3,5,4,5,8,7
MIR4458HG,lncRNA,2,4,4,6,14,20
MIR4500HG,lncRNA,10,24,7,37,43,38
MIR4527HG,lncRNA,4,2,4,9,19,10
MIR4713HG,lncRNA,0,2,0,3,9,9
MIR497HG,lncRNA,15,5,10,12,33,39
MIR503HG,lncRNA,2,1,4,3,17,19
MIR548A1HG,lncRNA,3,6,0,5,3,7
MIR548XHG,lncRNA,2,4,3,0,5,2
MIR5689HG,lncRNA,0,1,0,2,2,1
MIR583HG,lncRNA,0,0,0,0,0,1
MIR600HG,lncRNA,10,5,6,5,63,34
MIR646HG,lncRNA,24,27,19,42,189,196
MIR663AHG,lncRNA,3,8,6,7,21,28
MIR670HG,lncRNA,0,0,0,0,2,4
MIR7-3HG,lncRNA,0,6,5,1,9,8
MIR7515HG,lncRNA,2,12,5,8,17,12
MIR762HG,lncRNA,4,2,6,2,28,17
MIR9-1HG,lncRNA,10,16,16,23,77,85
MIR9-3HG,lncRNA,8,16,33,15,68,65
MIR924HG,lncRNA,8,9,6,10,42,38
MIR99AHG,lncRNA,23,44,26,41,229,210
MIRLET7A1HG,lncRNA,2956,1137,1220,2281,5533,4413
MIRLET7BHG,lncRNA,3918,1394,1930,3073,5511,5886
MIS18A-AS1,lncRNA,0,1,0,0,1,3
MKLN1-AS,lncRNA,2,5,8,3,24,14
MKNK1-AS1,lncRNA,4,0,3,0,6,10
MKX-AS1,lncRNA,1,1,0,1,1,2
MLIP-AS1,lncRNA,1,1,13,3,8,4
MLIP-IT1,lncRNA,0,0,0,0,1,2
MMADHC-DT,lncRNA,91,75,137,93,246,157
MME-AS1,lncRNA,0,1,0,0,1,1
MMEL1-AS1,lncRNA,0,1,0,1,4,8
MMP2-AS1,lncRNA,2,4,2,11,12,12
MMP25-AS1,lncRNA,9,11,23,19,86,73
MNX1-AS1,lncRNA,1,1,2,4,7,5
MNX1-AS2,lncRNA,18,6,2,3,28,10
MORC1-AS1,lncRNA,0,0,1,0,0,0
MORC2-AS1,lncRNA,12,3,16,12,69,70
MORF4L2-AS1,lncRNA,3,2,3,2,9,7
MPP7-DT,lncRNA,13,158,372,13,11,33
MPPED2-AS1,lncRNA,2,4,3,2,7,4
MPRIP-AS1,lncRNA,6,6,1,3,22,13
MRAP-AS1,lncRNA,0,0,0,0,4,3
MRGPRF-AS1,lncRNA,1,1,3,0,19,15
MRGPRG-AS1,lncRNA,1,5,2,4,11,8
MROCKI,lncRNA,0,1,1,1,2,1
MRPL20-AS1,lncRNA,4,4,6,2,55,50
MRPL20-DT,lncRNA,1,0,0,0,1,1
MRPL23-AS1,lncRNA,4,3,3,1,12,12
MRPS30-DT,lncRNA,0,1,0,0,8,3
MRPS9-AS1,lncRNA,1,1,1,0,4,3
MRPS9-AS2,lncRNA,0,0,0,0,4,2
MRTFA-AS1,lncRNA,1,2,0,2,1,8
MSC-AS1,lncRNA,6,14,13,8,49,52
MSH2-OT1,lncRNA,33,16,49,14,7,7
MTOR-AS1,lncRNA,0,0,0,0,2,4
MTUS2-AS1,lncRNA,2,1,1,1,11,8
MTUS2-AS2,lncRNA,0,0,0,0,3,1
MUC12-AS1,lncRNA,0,0,1,0,0,2
MUC20-OT1,lncRNA,20,40,9,53,33,43
MUC5B-AS1,lncRNA,0,0,0,0,0,1
MYADM-AS1,lncRNA,1,0,2,2,8,4
MYCBP2-AS1,lncRNA,2,2,2,0,12,13
MYCBP2-AS2,lncRNA,1,2,0,1,3,3
MYCL-AS1,lncRNA,0,0,0,0,1,2
MYCNOS,lncRNA,6,7,10,11,26,21
MYCNUT,lncRNA,0,2,0,0,2,1
MYG1-AS1,lncRNA,0,1,0,1,1,1
MYHAS,lncRNA,0,2,0,0,5,2
MYLK-AS1,lncRNA,4,4,7,7,40,39
MYLK-AS2,lncRNA,0,0,0,2,2,3
MYO16-AS1,lncRNA,2,1,2,2,6,10
MYO16-AS2,lncRNA,0,0,0,0,2,0
MYO18B-AS1,lncRNA,3,5,5,5,15,14
MYO3B-AS1,lncRNA,2,3,5,3,10,10
MYOCD-AS1,lncRNA,0,0,0,0,3,1
MYOM3-AS1,lncRNA,0,1,0,0,1,1
MYOSLID,lncRNA,2,4,6,2,21,25
MYRF-AS1,lncRNA,5,5,9,5,12,20
MYT1L-AS1,lncRNA,4,1,7,7,31,18
MZF1-AS1,lncRNA,7,11,21,5,38,32
N4BP2L2-IT2,lncRNA,1,3,4,4,5,6
NAALADL2-AS1,lncRNA,0,0,0,3,3,0
NAALADL2-AS2,lncRNA,10,30,21,8,94,63
NABP1-OT1,lncRNA,0,1,3,3,2,3
NADK2-AS1,lncRNA,0,0,3,0,2,2
NAGPA-AS1,lncRNA,2,3,1,3,7,8
NALCN-AS1,lncRNA,27,46,44,19,174,203
NALT1,lncRNA,183,162,330,217,731,512
NAMA,lncRNA,2,1,1,7,11,6
NANOGP11,lncRNA,0,0,0,0,4,2
NAPA-AS1,lncRNA,2,5,3,2,9,12
NARF-AS1,lncRNA,0,0,0,0,2,0
NARF-IT1,lncRNA,2,5,2,4,0,4
NAV2-AS1,lncRNA,0,2,0,0,0,1
NAV2-AS2,lncRNA,0,0,0,0,2,1
NAV2-AS3,lncRNA,0,1,1,0,0,2
NAV2-AS4,lncRNA,4,0,1,6,0,5
NAV2-AS5,lncRNA,1,3,0,2,2,1
NAV2-IT1,lncRNA,0,0,0,0,1,0
NBAT1,lncRNA,2,1,4,2,8,12
NBR2,lncRNA,7,5,3,9,20,13
NCAM1-AS1,lncRNA,1,3,2,3,12,9
NCBP2-AS1,lncRNA,0,1,1,1,2,3
NCF4-AS1,lncRNA,1,2,2,1,3,3
NCK1-DT,lncRNA,9,7,6,5,19,15
NCKAP5-AS1,lncRNA,1,1,4,3,9,5
NCKAP5-AS2,lncRNA,1,0,0,0,4,4
NCKAP5-IT1,lncRNA,0,0,0,0,1,1
NCMAP-DT,lncRNA,0,2,0,0,5,6
NCRNA00250,lncRNA,2,6,2,2,6,4
NDFIP2-AS1,lncRNA,1,0,2,0,20,11
NDP-AS1,lncRNA,0,9,3,1,10,7
NDST1-AS1,lncRNA,5,2,10,4,18,17
NDUFA6-DT,lncRNA,7,15,27,10,40,29
NDUFB2-AS1,lncRNA,3,5,3,6,23,19
NDUFV2-AS1,lncRNA,2,2,5,6,13,9
NEAT1,lncRNA,30,44,49,86,120,116
NEBL-AS1,lncRNA,7,1,5,2,10,8
NECTIN1-AS1,lncRNA,0,0,2,0,1,2
NECTIN3-AS1,lncRNA,1,5,9,5,11,10
NECTIN4-AS1,lncRNA,2,0,2,0,4,1
NEGR1-IT1,lncRNA,0,3,0,0,0,0
NEURL1-AS1,lncRNA,4,2,0,1,40,39
NEUROG2-AS1,lncRNA,0,2,6,2,4,5
NEXN-AS1,lncRNA,4,4,7,2,18,10
NFE2L1-DT,lncRNA,3,3,6,0,13,14
NFE4,lncRNA,4,12,9,2,14,7
NFIA-AS1,lncRNA,0,0,0,0,0,1
NFIA-AS2,lncRNA,4,4,2,4,10,12
NFYC-AS1,lncRNA,4,1,5,2,11,7
NGF-AS1,lncRNA,0,3,0,4,3,2
NHEG1,lncRNA,1,1,2,2,5,5
NHS-AS1,lncRNA,0,0,0,0,0,1
NIFK-AS1,lncRNA,69,37,52,95,190,172
NINJ2-AS1,lncRNA,2,5,11,7,42,19
NIPBL-DT,lncRNA,1,6,8,12,41,40
NKILA,lncRNA,1,5,7,5,18,13
NKX2-1-AS1,lncRNA,1,1,2,2,22,14
NKX2-2-AS1,lncRNA,0,1,1,1,3,2
NLGN1-AS1,lncRNA,0,0,0,0,1,2
NLGN4Y-AS1,lncRNA,3,0,0,2,0,0
NMBR-AS1,lncRNA,0,0,1,0,0,0
NNT-AS1,lncRNA,7,16,6,8,82,54
NOL4L-DT,lncRNA,0,0,0,0,1,1
NOP14-AS1,lncRNA,8,9,20,11,111,66
NOP53-AS1,lncRNA,2,3,0,0,0,2
NORAD,lncRNA,33,40,15,24,166,170
NPAS2-AS1,lncRNA,2,4,1,4,8,7
NPHP3-AS1,lncRNA,1,5,2,5,7,7
NPSR1-AS1,lncRNA,2,4,1,2,13,10
NPTN-IT1,lncRNA,0,2,2,3,8,12
NQO2-AS1,lncRNA,5,1,3,9,8,6
NR2F1-AS1,lncRNA,27,27,31,50,138,137
NR2F2-AS1,lncRNA,68,59,85,76,483,427
NR4A1AS,lncRNA,1,2,0,0,2,1
NRAD1,lncRNA,2,8,3,2,9,6
NRAV,lncRNA,5,4,1,1,9,13
NREP-AS1,lncRNA,1,0,0,0,1,1
NRG1-IT1,lncRNA,0,3,0,4,4,3
NRG1-IT3,lncRNA,1,0,1,0,3,1
NRG3-AS1,lncRNA,0,1,0,1,0,0
NRIR,lncRNA,2,6,1,2,6,10
NRSN2-AS1,lncRNA,9,18,8,17,17,17
NRXN2-AS1,lncRNA,0,0,0,0,2,1
NSMCE1-DT,lncRNA,5,8,4,4,17,17
NTM-AS1,lncRNA,5,5,7,6,21,12
NTM-IT,lncRNA,0,0,0,0,1,1
NTRK3-AS1,lncRNA,10,2,2,6,7,3
NUCB1-AS1,lncRNA,0,1,1,0,3,4
NUP153-AS1,lncRNA,3,1,2,2,14,7
NUP50-DT,lncRNA,3,7,5,12,6,13
NUTM2A-AS1,lncRNA,28,40,25,42,147,156
NUTM2B-AS1,lncRNA,12,22,19,22,75,81
NXT1-AS1,lncRNA,1,3,3,2,34,23
OBI1-AS1,lncRNA,2,6,7,4,25,21
OBSCN-AS1,lncRNA,7,11,5,7,27,30
OCIAD1-AS1,lncRNA,0,0,0,0,0,5
ODC1-DT,lncRNA,13,14,15,15,30,21
ODF2-AS1,lncRNA,1,0,0,1,1,1
OGFR-AS1,lncRNA,3,1,2,0,5,5
OGFRP1,lncRNA,6,5,10,3,20,21
OIP5-AS1,lncRNA,9,21,5,15,23,22
OLMALINC,lncRNA,18,38,22,47,138,119
OOEP-AS1,lncRNA,2,2,2,1,3,4
OPA1-AS1,lncRNA,1,0,0,0,2,1
OPCML-IT1,lncRNA,1,2,4,2,22,21
OPCML-IT2,lncRNA,0,0,0,3,2,2
OR2A1-AS1,lncRNA,2,2,3,2,11,11
OR7E11P,lncRNA,0,0,0,2,1,2
OSBPL10-AS1,lncRNA,1,3,1,1,8,7
OSER1-DT,lncRNA,8,4,6,17,32,24
OSGEPL1-AS1,lncRNA,1,0,0,2,2,2
OSMR-AS1,lncRNA,7,4,9,9,10,14
OSTM1-AS1,lncRNA,5,15,16,11,39,32
OSTN-AS1,lncRNA,0,0,0,1,2,1
OTUD6B-AS1,lncRNA,5,13,15,13,25,29
OTX2-AS1,lncRNA,1,7,1,6,3,6
OVAAL,lncRNA,0,0,2,5,3,3
OVCH1-AS1,lncRNA,13,7,5,5,34,19
OVOL1-AS1,lncRNA,0,2,0,0,6,5
OXCT1-AS1,lncRNA,1,1,7,1,13,9
P3H2-AS1,lncRNA,1,0,1,0,2,2
P4HA2-AS1,lncRNA,0,0,0,0,1,2
P4HA3-AS1,lncRNA,1,3,1,2,3,2
PABPC1L2B-AS1,lncRNA,2,1,2,0,4,9
PABPC4-AS1,lncRNA,2,3,4,3,9,5
PABPC5-AS1,lncRNA,0,3,14,9,66,54
PACERR,lncRNA,3,3,1,2,11,11
PACRG-AS1,lncRNA,9,12,16,12,77,69
PACRG-AS2,lncRNA,1,3,5,5,14,16
PACRG-AS3,lncRNA,5,8,20,13,40,42
PALLD-AS1,lncRNA,0,1,0,0,1,0
PAN3-AS1,lncRNA,1,14,2,3,24,25
PANCR,lncRNA,3,1,0,0,1,1
PANDAR,lncRNA,0,1,0,0,3,2
PANK2-AS1,lncRNA,0,0,0,0,6,4
PANTR1,lncRNA,8,32,52,13,50,41
PAPPA-AS1,lncRNA,4,9,6,8,19,16
PAPPA-AS2,lncRNA,11,1,1,0,6,5
PAQR9-AS1,lncRNA,3,11,5,2,17,20
PARAL1,lncRNA,0,0,0,0,1,1
PARD3-AS1,lncRNA,0,0,2,0,10,2
PARD6G-AS1,lncRNA,10,15,10,11,77,63
PARM1-AS1,lncRNA,3,1,2,0,11,8
PARP11-AS1,lncRNA,1,0,1,0,3,3
PART1,lncRNA,56,138,69,71,1471,2756
PARTICL,lncRNA,1,1,2,0,16,10
PAUPAR,lncRNA,11,15,11,13,32,35
PAX8-AS1,lncRNA,22,16,24,25,162,164
PAXBP1-AS1,lncRNA,7,5,7,5,18,18
PAXIP1-AS2,lncRNA,3,2,5,10,61,49
PAXIP1-DT,lncRNA,1,5,2,4,13,13
PBX1-AS1,lncRNA,0,0,1,8,5,8
PCA3,lncRNA,9,19,3,12,39,40
PCAT1,lncRNA,9,30,21,44,73,82
PCAT14,lncRNA,3,5,5,5,19,17
PCAT18,lncRNA,1,4,1,0,2,4
PCAT19,lncRNA,0,9,11,20,72,54
PCAT4,lncRNA,0,1,1,1,11,10
PCAT5,lncRNA,3,2,2,6,25,23
PCAT6,lncRNA,3,1,3,1,8,7
PCAT7,lncRNA,4,8,3,5,21,22
PCBP1-AS1,lncRNA,43,96,43,40,222,227
PCBP2-OT1,lncRNA,2,0,0,0,4,5
PCBP3-AS1,lncRNA,11,15,32,7,32,32
PCCA-AS1,lncRNA,0,0,0,6,4,4
PCCA-DT,lncRNA,3,2,4,4,6,6
PCDH9-AS1,lncRNA,0,0,0,0,2,1
PCDH9-AS2,lncRNA,0,1,1,0,1,8
PCED1B-AS1,lncRNA,2,6,0,9,8,14
PCF11-AS1,lncRNA,0,0,1,0,0,1
PCGEM1,lncRNA,0,2,0,3,1,1
PCOLCE-AS1,lncRNA,6,3,9,5,19,17
PCOTH,lncRNA,0,0,1,1,4,3
PCSEAT,lncRNA,0,1,7,3,13,12
PCSK6-AS1,lncRNA,0,0,0,4,1,1
PDC-AS1,lncRNA,5,6,4,7,42,34
PDCD4-AS1,lncRNA,0,0,2,0,5,3
PDE11A-AS1,lncRNA,0,0,1,1,3,2
PDE2A-AS1,lncRNA,2,1,2,2,9,6
PDE2A-AS2,lncRNA,1,0,1,0,4,5
PDE4B-AS1,lncRNA,0,1,0,0,0,1
PDE6B-AS1,lncRNA,0,1,2,1,13,10
PDE9A-AS1,lncRNA,4,1,2,0,23,7
PDXDC2P-NPIPB14P,lncRNA,5,3,5,12,10,10
PDXP-DT,lncRNA,2,2,8,1,13,17
PDYN-AS1,lncRNA,3,3,3,2,11,14
PDZRN3-AS1,lncRNA,1,0,0,2,4,4
PEF1-AS1,lncRNA,4,7,10,3,24,24
PEG13,lncRNA,9,8,17,8,67,54
PELATON,lncRNA,7,45,22,28,62,66
PEX5L-AS1,lncRNA,0,0,1,2,6,7
PEX5L-AS2,lncRNA,1,0,1,0,2,4
PFKP-DT,lncRNA,0,0,0,0,1,1
PGM5-AS1,lncRNA,0,1,2,2,4,2
PGM5P3-AS1,lncRNA,2,2,2,5,12,7
PGM5P4-AS1,lncRNA,2,2,1,3,6,3
PGR-AS1,lncRNA,3,3,3,6,22,15
PHACTR2-AS1,lncRNA,13,27,12,12,44,54
PHACTR3-AS1,lncRNA,0,8,1,4,1,2
PHC2-AS1,lncRNA,0,0,0,0,2,0
PHEX-AS1,lncRNA,1,1,2,2,5,4
PHKA1-AS1,lncRNA,0,0,0,0,1,2
PHKA2-AS1,lncRNA,2,0,1,1,12,13
PHOX2B-AS1,lncRNA,0,1,1,0,7,4
PICART1,lncRNA,1,0,5,1,8,5
PICSAR,lncRNA,3,1,0,0,11,15
PIGY-DT,lncRNA,1,0,0,2,0,1
PIK3CD-AS1,lncRNA,5,7,14,12,36,25
PIK3CD-AS2,lncRNA,1,1,5,7,4,3
PIK3IP1-DT,lncRNA,0,2,0,0,0,0
PINCR,lncRNA,1,0,0,0,1,2
PINK1-AS,lncRNA,1,5,2,12,6,6
PISRT1,lncRNA,1,5,0,1,4,5
PITPNA-AS1,lncRNA,0,1,0,1,1,1
PITPNM2-AS1,lncRNA,0,1,2,3,4,4
PITRM1-AS1,lncRNA,3,2,5,3,30,26
PKD1P6-NPIPP1,lncRNA,1,2,2,2,6,6
PKIA-AS1,lncRNA,0,2,2,3,10,5
PKN2-AS1,lncRNA,14,9,11,6,54,57
PKNOX2-AS1,lncRNA,1,1,1,0,4,4
PKP4-AS1,lncRNA,1,1,5,5,22,8
PLA2G4C-AS1,lncRNA,0,0,0,0,5,2
PLA2G4E-AS1,lncRNA,1,2,2,1,10,7
PLAC4,lncRNA,6,9,8,5,62,64
PLBD1-AS1,lncRNA,4,9,8,4,15,9
PLCB2-AS1,lncRNA,0,0,1,0,1,0
PLCE1-AS1,lncRNA,0,3,3,4,16,14
PLCE1-AS2,lncRNA,12,26,10,11,33,42
PLCG1-AS1,lncRNA,24,22,17,80,55,76
PLCH1-AS1,lncRNA,0,1,1,0,3,3
PLCH1-AS2,lncRNA,0,0,0,0,1,1
PLCL2-AS1,lncRNA,0,0,4,0,0,1
PLCXD2-AS1,lncRNA,0,0,0,0,3,4
PLS1-AS1,lncRNA,0,0,0,0,2,1
PLS3-AS1,lncRNA,0,0,1,1,2,3
PLSCR5-AS1,lncRNA,0,0,0,0,2,2
PLUT,lncRNA,4,2,4,3,30,34
POC1B-AS1,lncRNA,6,4,6,10,34,37
POLH-AS1,lncRNA,0,0,0,0,1,3
POLR2J4,lncRNA,1,5,5,5,13,18
POT1-AS1,lncRNA,2,9,5,4,26,22
POTEF-AS1,lncRNA,1,0,0,1,0,0
POTEH-AS1,lncRNA,1,3,2,6,23,26
POU6F2-AS1,lncRNA,3,0,0,6,2,1
POU6F2-AS2,lncRNA,1,2,0,2,3,3
PP12613,lncRNA,3,8,5,6,18,23
PP2672,lncRNA,1,2,1,4,10,7
PP7080,lncRNA,7,11,3,4,14,14
PPFIA2-AS1,lncRNA,1,0,0,0,10,10
PPIC-AS1,lncRNA,1,0,2,0,4,4
PPM1B-DT,lncRNA,1,2,1,4,32,24
PPM1F-AS1,lncRNA,38,28,35,36,163,123
PPM1K-DT,lncRNA,39,14,20,22,103,25
PPP1R12A-AS1,lncRNA,2,10,5,11,17,21
PPP1R14B-AS1,lncRNA,1,1,2,3,9,7
PPP1R21-DT,lncRNA,0,0,2,0,3,1
PPP1R26-AS1,lncRNA,5,14,3,2,17,13
PPP1R35-AS1,lncRNA,1,2,2,2,1,1
PPP1R9A-AS1,lncRNA,1,1,0,6,5,3
PPP2R2B-IT1,lncRNA,0,0,1,1,6,2
PPP3CB-AS1,lncRNA,3,6,3,11,10,9
PPP4R1-AS1,lncRNA,0,0,0,0,0,1
PPP4R3B-DT,lncRNA,1,0,1,1,10,4
PRANCR,lncRNA,5,6,5,7,19,20
PRC1-AS1,lncRNA,2,2,4,4,16,14
PRDM16-DT,lncRNA,8,6,15,14,47,41
PRDX6-AS1,lncRNA,6,5,8,12,46,34
PRECSIT,lncRNA,3,4,3,8,16,16
PRICKLE2-AS1,lncRNA,6,9,9,7,108,86
PRICKLE2-AS2,lncRNA,0,0,0,0,1,0
PRICKLE2-AS3,lncRNA,0,1,1,3,2,3
PRICKLE2-DT,lncRNA,0,2,2,4,4,6
PRKAG2-AS1,lncRNA,2,1,3,2,15,18
PRKAR1B-AS1,lncRNA,0,3,1,1,6,7
PRKAR1B-AS2,lncRNA,1,2,0,2,3,2
PRKAR2A-AS1,lncRNA,5,4,8,10,24,8
PRKAR2B-AS1,lncRNA,1,1,1,1,16,14
PRKCA-AS1,lncRNA,1,1,1,2,8,8
PRKCE-AS1,lncRNA,0,0,1,0,0,0
PRKCQ-AS1,lncRNA,8,6,6,3,54,53
PRKCZ-AS1,lncRNA,2,0,3,0,7,6
PRKG1-AS1,lncRNA,7,4,4,9,46,57
PRKG2-AS1,lncRNA,0,0,0,0,3,2
PRKX-AS1,lncRNA,0,0,0,0,2,1
PRMT5-AS1,lncRNA,1,4,47,0,17,20
PRNCR1,lncRNA,76,61,86,68,874,730
PRNT,lncRNA,0,4,2,4,15,10
PRORY,lncRNA,6,9,5,5,40,50
PROSER2-AS1,lncRNA,4,1,1,1,12,7
PROX1-AS1,lncRNA,26,239,56,37,162,119
PRR29-AS1,lncRNA,4,6,6,10,28,22
PRR34,lncRNA,5,3,1,1,11,18
PRR34-AS1,lncRNA,2,0,0,3,11,3
PRR7-AS1,lncRNA,3,1,2,2,15,13
PRRT3-AS1,lncRNA,2,0,0,0,2,1
PRRX2-AS1,lncRNA,1,3,3,3,9,13
PRSS30P,lncRNA,7,1,13,9,14,13
PSD2-AS1,lncRNA,4,0,0,3,4,2
PSG8-AS1,lncRNA,0,2,2,1,7,3
PSLNR,lncRNA,1,2,1,4,1,2
PSMA3-AS1,lncRNA,12,25,13,21,161,199
PSMB8-AS1,lncRNA,1,7,4,3,15,10
PSMD6-AS1,lncRNA,1,0,0,0,0,0
PSMD6-AS2,lncRNA,2,2,1,0,3,6
PSMG3-AS1,lncRNA,3,6,6,7,47,34
PSORS1C3,lncRNA,0,0,1,1,2,0
PSPC1-AS2,lncRNA,0,0,0,0,0,1
PTCHD1-AS,lncRNA,0,0,1,2,4,3
PTCSC1,lncRNA,2,4,6,5,10,11
PTCSC2,lncRNA,0,4,5,9,13,9
PTCSC3,lncRNA,0,0,0,3,0,0
PTENP1-AS,lncRNA,2,2,3,1,7,6
PTGER4P2-CDK2AP2P2,lncRNA,1,1,2,1,10,8
PTGES2-AS1,lncRNA,8,7,7,6,42,51
PTOV1-AS1,lncRNA,11,17,32,22,46,30
PTOV1-AS2,lncRNA,1,0,3,4,8,7
PTPRD-AS1,lncRNA,4,5,8,18,7,17
PTPRD-AS2,lncRNA,1,5,6,3,3,4
PTPRG-AS1,lncRNA,10,19,22,24,28,30
PTPRJ-AS1,lncRNA,0,1,0,0,0,0
PTPRK-AS1,lncRNA,0,6,3,0,4,5
PTPRN2-AS1,lncRNA,1,1,2,1,18,18
PTPRT-AS1,lncRNA,0,0,1,3,3,10
PURPL,lncRNA,2,7,3,7,13,15
PVT1,lncRNA,16,26,27,28,71,88
PWRN1,lncRNA,34,47,36,43,230,235
PWRN2,lncRNA,0,3,1,1,7,15
PWRN4,lncRNA,5,2,3,2,7,6
PXN-AS1,lncRNA,1,6,6,4,18,23
PYCARD-AS1,lncRNA,1,1,1,1,4,7
RAB11B-AS1,lncRNA,3,2,2,5,8,14
RAB30-DT,lncRNA,5,9,3,9,26,20
RAB33B-AS1,lncRNA,4,10,7,7,15,16
RABGAP1L-AS1,lncRNA,0,1,0,1,0,1
RABGAP1L-DT,lncRNA,12,4,4,8,18,17
RABGAP1L-IT1,lncRNA,0,5,1,3,0,1
RAD21-AS1,lncRNA,2,2,5,6,21,20
RAD51-AS1,lncRNA,3,7,3,8,9,11
RAET1E-AS1,lncRNA,3,2,5,3,23,20
RAI1-AS1,lncRNA,2,0,1,0,1,0
RALGPS2-AS1,lncRNA,5,5,8,9,54,41
RALY-AS1,lncRNA,5,16,8,13,27,43
RAMP2-AS1,lncRNA,7,5,10,9,33,43
RAP2C-AS1,lncRNA,2,2,2,3,10,12
RAPGEF4-AS1,lncRNA,6,2,6,9,10,8
RARA-AS1,lncRNA,10,25,11,12,28,35
RASA3-IT1,lncRNA,1,2,1,0,3,1
RASAL2-AS1,lncRNA,4,3,4,2,11,10
RASGRF2-AS1,lncRNA,0,1,3,0,28,16
RASGRP3-AS1,lncRNA,0,1,0,2,0,2
RASSF1-AS1,lncRNA,2,3,13,5,40,43
RASSF10-DT,lncRNA,3,1,1,0,2,5
RASSF8-AS1,lncRNA,9,17,13,43,45,46
RB1-DT,lncRNA,1,4,2,7,6,8
RBAKDN,lncRNA,1,0,1,2,16,24
RBFADN,lncRNA,1,4,3,2,11,6
RBM15-AS1,lncRNA,5,10,1,3,9,11
RBM26-AS1,lncRNA,5,53,16,13,30,48
RBM38-AS1,lncRNA,7,8,6,11,16,23
RBM5-AS1,lncRNA,0,5,0,5,2,6
RBMS3-AS1,lncRNA,0,1,0,1,0,2
RBMS3-AS2,lncRNA,0,0,1,4,4,4
RBMS3-AS3,lncRNA,14,10,10,6,17,19
RBPMS-AS1,lncRNA,2,1,5,6,9,12
RC3H1-IT1,lncRNA,0,1,1,1,0,0
RCAN3AS,lncRNA,0,0,2,3,2,1
RCC2-AS1,lncRNA,0,0,0,0,1,0
RCCD1-AS1,lncRNA,1,4,2,2,8,10
RDH10-AS1,lncRNA,0,0,1,2,5,7
RELA-DT,lncRNA,1,6,2,8,20,18
REPIN1-AS1,lncRNA,1,1,0,1,3,4
RERE-AS1,lncRNA,1,0,1,9,4,4
RERG-AS1,lncRNA,0,0,0,0,1,0
RERG-IT1,lncRNA,0,0,0,0,6,1
REV3L-IT1,lncRNA,0,1,0,4,0,0
RFPL1S,lncRNA,11,24,8,19,50,28
RFPL3S,lncRNA,4,15,3,14,33,59
RFX3-AS1,lncRNA,3,0,4,6,9,7
RFX5-AS1,lncRNA,0,0,0,3,2,1
RGMB-AS1,lncRNA,1,2,17,3,40,34
RGPD4-AS1,lncRNA,4,14,1,13,3,3
RGS5,lncRNA,0,2,3,0,8,9
RGS5-AS1,lncRNA,3,1,0,0,3,2
RHOA-IT1,lncRNA,3,0,0,2,2,2
RHOQ-AS1,lncRNA,0,3,2,1,3,2
RHOXF1-AS1,lncRNA,6,2,5,1,11,7
RHPN1-AS1,lncRNA,9,3,8,3,21,16
RIC3-DT,lncRNA,0,4,3,8,13,12
RIPOR3-AS1,lncRNA,1,1,2,0,14,10
RMDN2-AS1,lncRNA,0,3,0,3,10,13
RMRP,lncRNA,250,141,2599,340,356,446
RMST,lncRNA,12,8,10,17,21,27
RN7SL832P,lncRNA,2,5,1,5,6,6
RNASEH1-AS1,lncRNA,8,9,9,10,23,20
RNASEH2B-AS1,lncRNA,4,15,6,16,60,55
RNF139-AS1,lncRNA,4,5,3,4,12,14
RNF157-AS1,lncRNA,3,7,7,9,27,27
RNF207-AS1,lncRNA,5,4,0,1,5,2
RNF213-AS1,lncRNA,5,7,12,8,29,26
RNF216-IT1,lncRNA,1,0,0,0,1,1
RNF216P1,lncRNA,11,10,28,11,12,26
RNF217-AS1,lncRNA,17,22,142,29,29,33
RNF32-AS1,lncRNA,0,1,3,0,6,4
RNFT1-DT,lncRNA,2,2,4,6,9,9
ROCR,lncRNA,2,6,9,7,17,20
ROPN1L-AS1,lncRNA,0,0,0,0,9,5
ROR1-AS1,lncRNA,6,7,2,11,20,22
RORA-AS1,lncRNA,0,1,3,1,4,6
RORA-AS2,lncRNA,0,1,0,1,5,4
RORB-AS1,lncRNA,2,4,4,1,9,5
RPARP-AS1,lncRNA,13,11,7,21,26,20
RPL34-DT,lncRNA,7,11,25,10,83,51
RPL37A-DT,lncRNA,1,0,1,0,4,4
RPP38-DT,lncRNA,2,4,2,3,10,8
RPS6KA2-AS1,lncRNA,2,0,4,1,2,3
RPS6KA2-IT1,lncRNA,1,3,3,0,6,8
RPS6KB2-AS1,lncRNA,0,3,1,1,5,3
RRM1-AS1,lncRNA,0,0,0,1,0,0
RRN3P2,lncRNA,1,0,2,1,6,5
RRS1-AS1,lncRNA,1,0,1,0,3,5
RSF1-IT1,lncRNA,3,8,0,4,0,4
RSF1-IT2,lncRNA,2,0,0,0,0,0
RTCA-AS1,lncRNA,3,6,5,16,20,19
RUFY1-AS1,lncRNA,1,0,2,3,6,7
RUNDC3A-AS1,lncRNA,12,18,15,14,677,640
RUNX2-AS1,lncRNA,2,0,5,1,2,1
RUNX3-AS1,lncRNA,0,0,1,1,6,4
RUSC1-AS1,lncRNA,4,1,6,3,38,28
RUVBL1-AS1,lncRNA,4,0,5,3,5,8
RXYLT1-AS1,lncRNA,5,1,1,3,1,3
RYR3-DT,lncRNA,3,3,8,2,14,14
SACS-AS1,lncRNA,7,0,4,2,6,7
SALRNA1,lncRNA,2,4,4,3,11,16
SALRNA2,lncRNA,0,0,1,1,10,7
SALRNA3,lncRNA,2,1,0,0,1,2
SAMD12-AS1,lncRNA,4,4,3,4,17,16
SAMMSON,lncRNA,14,23,16,19,96,68
SAMSN1-AS1,lncRNA,1,0,0,1,0,0
SAP30-DT,lncRNA,8,12,12,19,102,87
SAP30L-AS1,lncRNA,8,10,8,10,48,39
SATB1-AS1,lncRNA,6,6,7,12,63,44
SATB2-AS1,lncRNA,13,9,20,14,61,47
SBF2-AS1,lncRNA,4,4,1,4,14,18
SBNO1-AS1,lncRNA,10,8,28,5,25,30
SCAANT1,lncRNA,0,2,1,0,3,3
SCAMP1-AS1,lncRNA,5,7,7,7,9,7
SCARNA9,lncRNA,1,0,3,10,1,2
SCAT1,lncRNA,7,12,10,24,133,109
SCAT2,lncRNA,0,1,0,0,0,1
SCAT8,lncRNA,0,1,2,1,0,1
SCEL-AS1,lncRNA,0,0,0,0,0,1
SCG5-AS1,lncRNA,1,1,1,0,1,3
SCGB1B2P,lncRNA,1,0,3,1,8,9
SCHLAP1,lncRNA,289,1025,438,512,2866,5484
SCN1A-AS1,lncRNA,9,14,5,14,68,49
SCOC-AS1,lncRNA,3,8,8,12,40,39
SCP2D1-AS1,lncRNA,1,0,0,0,1,2
SCTR-AS1,lncRNA,1,2,2,1,4,5
SCUBE1-AS1,lncRNA,10,20,11,7,14,10
SCUBE1-AS2,lncRNA,0,0,0,0,1,1
SDAD1-AS1,lncRNA,0,2,1,4,4,3
SDCBP2-AS1,lncRNA,2,12,2,3,22,21
SDK1-AS1,lncRNA,0,0,0,0,5,1
SEC23A-AS1,lncRNA,1,1,3,1,3,5
SEC24B-AS1,lncRNA,5,9,8,18,85,90
SEC61G-DT,lncRNA,2,5,1,1,8,4
SEC62-AS1,lncRNA,0,0,0,0,0,1
SEMA3B-AS1,lncRNA,1,1,0,0,1,2
SEMA3F-AS1,lncRNA,1,8,4,1,12,13
SEMA5A-AS1,lncRNA,0,1,2,0,5,2
SEMA6A-AS1,lncRNA,1,3,2,1,9,11
SEMA6A-AS2,lncRNA,3,0,3,4,15,10
SENCR,lncRNA,22,23,12,14,90,143
SEPSECS-AS1,lncRNA,1,5,1,4,5,5
SEPTIN4-AS1,lncRNA,0,1,1,8,3,3
SEPTIN7-DT,lncRNA,10,8,8,6,8,16
SEPTIN9-DT,lncRNA,0,0,1,0,9,9
SERPINB9P1,lncRNA,2,2,5,2,9,9
SERTAD4-AS1,lncRNA,0,1,2,0,10,5
SETBP1-DT,lncRNA,4,1,3,1,13,7
SETD4-AS1,lncRNA,0,0,1,0,5,4
SEZ6L-AS1,lncRNA,1,0,0,0,0,1
SFTA1P,lncRNA,8,1,4,7,8,8
SFTA3,lncRNA,6,1,4,5,22,18
SFTPD-AS1,lncRNA,0,1,0,3,5,6
SGMS1-AS1,lncRNA,2,13,12,11,45,43
SGO1-AS1,lncRNA,4,8,4,6,12,18
SGSM3-AS1,lncRNA,2,4,0,0,1,1
SH3BP5-AS1,lncRNA,4,7,6,8,25,16
SH3PXD2A-AS1,lncRNA,2,1,0,3,8,10
SH3RF3-AS1,lncRNA,4,5,16,6,23,29
SH3TC2-DT,lncRNA,6,8,9,1,48,20
SHANK2-AS1,lncRNA,2,14,2,8,46,21
SHANK2-AS2,lncRNA,0,0,0,4,1,1
SHANK2-AS3,lncRNA,1,1,1,0,7,4
SHROOM3-AS1,lncRNA,6,5,7,14,20,18
SIAH2-AS1,lncRNA,6,11,32,3,20,33
SIDT1-AS1,lncRNA,3,6,3,2,19,32
SIGLEC10-AS1,lncRNA,1,0,0,2,6,3
SILC1,lncRNA,23,22,13,20,73,81
SIM1-AS1,lncRNA,0,0,0,0,1,0
SIRLNT,lncRNA,2,2,1,1,1,2
SIRPG-AS1,lncRNA,0,3,0,3,5,6
SIX3-AS1,lncRNA,0,1,2,1,5,5
SKAP1-AS1,lncRNA,2,3,0,0,2,4
SLBP-DT,lncRNA,1,1,2,1,8,4
SLC12A5-AS1,lncRNA,46,136,92,69,258,500
SLC12A9-AS1,lncRNA,0,1,2,5,13,14
SLC14A2-AS1,lncRNA,1,1,1,0,3,2
SLC16A1-AS1,lncRNA,15,47,23,32,167,130
SLC1A2-AS1,lncRNA,0,3,1,2,1,3
SLC24A3-AS1,lncRNA,2,3,2,6,28,21
SLC25A21-AS1,lncRNA,1,2,3,2,24,22
SLC25A25-AS1,lncRNA,19,24,34,26,69,53
SLC25A30-AS1,lncRNA,1,0,2,4,16,11
SLC25A34-AS1,lncRNA,0,0,0,0,1,0
SLC25A48-AS1,lncRNA,0,1,0,1,4,5
SLC25A5-AS1,lncRNA,2,1,8,3,50,50
SLC26A4-AS1,lncRNA,24,22,11,18,49,44
SLC2A1-AS1,lncRNA,3,1,1,4,8,10
SLC2A9-AS1,lncRNA,1,2,0,0,0,0
SLC30A6-DT,lncRNA,0,0,0,0,3,8
SLC39A12-AS1,lncRNA,1,2,1,0,13,15
SLC5A4-AS1,lncRNA,3,4,8,17,46,62
SLC6A1-AS1,lncRNA,0,0,0,0,1,2
SLC6A12-AS1,lncRNA,1,0,0,0,4,3
SLC6A17-AS1,lncRNA,1,4,2,0,8,11
SLC7A11-AS1,lncRNA,7,15,17,15,16,18
SLC7A14-AS1,lncRNA,1,3,2,10,16,19
SLC8A1-AS1,lncRNA,46,197,67,71,121,214
SLC9A3-AS1,lncRNA,7,7,11,8,78,55
SLC9A9-AS1,lncRNA,0,1,0,0,0,1
SLC9A9-AS2,lncRNA,0,0,0,0,1,0
SLCO4A1-AS1,lncRNA,2,1,1,2,5,2
SLFN12L,lncRNA,0,1,0,1,4,3
SLFNL1-AS1,lncRNA,11,13,23,9,31,22
SLIT1-AS1,lncRNA,0,0,2,0,4,3
SLIT2-IT1,lncRNA,0,0,0,0,1,2
SLIT3-AS1,lncRNA,5,3,5,5,17,15
SLIT3-AS2,lncRNA,7,7,4,21,19,22
SLX1A-SULT1A3,lncRNA,3,7,5,11,14,16
SLX1B-SULT1A4,lncRNA,3,7,5,10,13,15
SMAD1-AS1,lncRNA,0,0,1,0,1,0
SMAD1-AS2,lncRNA,0,0,0,0,4,3
SMAD5-AS1,lncRNA,2,2,2,1,7,4
SMAD9-IT1,lncRNA,0,2,0,0,1,1
SMARCA5-AS1,lncRNA,3,2,6,2,21,22
SMARCAL1-AS1,lncRNA,0,2,0,0,3,2
SMC2-AS1,lncRNA,5,0,3,1,7,9
SMC5-AS1,lncRNA,5,9,6,7,25,34
SMCR5,lncRNA,1,1,1,6,3,9
SMG7-AS1,lncRNA,6,14,6,7,46,23
SMILR,lncRNA,0,0,0,0,1,0
SMIM10L2B-AS1,lncRNA,0,0,0,0,1,3
SMIM15-AS1,lncRNA,1,7,0,3,6,4
SMIM2-AS1,lncRNA,2,6,3,2,6,6
SMIM2-IT1,lncRNA,1,1,1,0,1,1
SMYD3-AS1,lncRNA,0,1,1,0,0,0
SMYD3-IT1,lncRNA,2,1,0,0,3,3
SNAI3-AS1,lncRNA,9,8,13,11,52,38
SNAP25-AS1,lncRNA,11,53,11,11,43,53
SNAP47-AS1,lncRNA,0,1,2,0,6,11
SNCA-AS1,lncRNA,0,0,0,7,20,20
SND1-IT1,lncRNA,13,5,8,16,56,45
SNED1-AS1,lncRNA,0,0,0,0,0,1
SNHG1,lncRNA,3132,2724,22807,3682,1324,5250
SNHG10,lncRNA,12,27,16,15,38,32
SNHG11,lncRNA,3,4,6,5,21,28
SNHG12,lncRNA,32,16,50,37,31,32
SNHG14,lncRNA,194,568,181,201,519,718
SNHG15,lncRNA,2,4,22,10,19,22
SNHG16,lncRNA,7,10,5,7,11,16
SNHG17,lncRNA,29,23,48,44,135,131
SNHG18,lncRNA,4,5,5,8,16,12
SNHG19,lncRNA,0,0,3,2,3,4
SNHG20,lncRNA,48,96,78,219,2514,2437
SNHG21,lncRNA,2,0,0,2,2,2
SNHG22,lncRNA,6,11,7,8,423,490
SNHG25,lncRNA,5,12,5,5,3,3
SNHG26,lncRNA,10,12,12,12,65,60
SNHG27,lncRNA,1,0,3,2,10,11
SNHG28,lncRNA,2,8,3,6,13,10
SNHG29,lncRNA,29,14,18,22,35,45
SNHG3,lncRNA,54,27,34,63,31,126
SNHG30,lncRNA,1,1,1,0,3,3
SNHG31,lncRNA,3,2,0,2,9,7
SNHG32,lncRNA,1,5,10,7,8,5
SNHG4,lncRNA,6,3,0,6,16,6
SNHG5,lncRNA,602,818,563,528,223,355
SNHG6,lncRNA,7,9,13,14,110,74
SNHG7,lncRNA,11,6,13,11,21,20
SNHG8,lncRNA,2,6,5,5,16,11
SNHG9,lncRNA,2,1,3,4,15,11
SNRK-AS1,lncRNA,2,1,2,3,7,8
SNTG2-AS1,lncRNA,1,1,3,2,7,10
SNX9-AS1,lncRNA,0,0,1,0,1,0
SOCAR,lncRNA,0,1,0,0,0,1
SOCS2-AS1,lncRNA,4,5,9,5,26,19
SOD2-OT1,lncRNA,0,1,2,2,6,5
SORCS3-AS1,lncRNA,0,2,1,1,9,8
SOS1-IT1,lncRNA,0,3,1,2,1,1
SOX1-OT,lncRNA,1,3,7,4,19,19
SOX2-OT,lncRNA,51,72,59,56,376,348
SOX21-AS1,lncRNA,6,14,8,7,37,34
SOX5-AS1,lncRNA,1,0,2,1,3,7
SOX9-AS1,lncRNA,13,20,18,38,299,249
SP2-AS1,lncRNA,5,1,1,8,7,7
SPACA6P-AS,lncRNA,191,79,64,82,553,413
SPAG16-DT,lncRNA,0,0,0,0,1,2
SPAG5-AS1,lncRNA,3,6,7,11,31,18
SPANXA2-OT1,lncRNA,2,7,2,7,21,21
SPART-AS1,lncRNA,5,3,4,4,13,11
SPATA13,lncRNA,0,0,1,1,5,4
SPATA13-AS1,lncRNA,0,2,1,0,2,2
SPATA17-AS1,lncRNA,1,4,2,2,20,28
SPATA3-AS1,lncRNA,10,8,14,10,42,36
SPATA41,lncRNA,2,3,5,8,24,21
SPATA42,lncRNA,0,0,1,2,4,1
SPATA8,lncRNA,2,2,4,1,10,5
SPATA8-AS1,lncRNA,3,1,0,1,2,1
SPCS3-AS1,lncRNA,1,1,5,1,19,11
SPIN4-AS1,lncRNA,0,2,0,0,46,78
SPINT1-AS1,lncRNA,0,0,1,2,9,3
SPON1-AS1,lncRNA,0,0,2,0,1,2
SPRY4-AS1,lncRNA,2,6,1,4,13,10
SPTBN1-AS1,lncRNA,0,1,1,0,2,3
SRD5A3-AS1,lncRNA,5,9,5,8,9,14
SREBF2-AS1,lncRNA,12,23,23,14,58,60
SRGAP2-AS1,lncRNA,1,3,1,2,2,1
SRGAP3-AS1,lncRNA,1,1,0,0,2,1
SRGAP3-AS2,lncRNA,0,4,1,0,4,4
SRGAP3-AS3,lncRNA,3,7,3,6,29,28
SRGAP3-AS4,lncRNA,0,2,0,2,9,19
SRI-AS1,lncRNA,0,0,3,6,3,3
SRP14-AS1,lncRNA,3,4,6,8,57,58
SRRM2-AS1,lncRNA,8,8,32,10,109,83
SSBP3-AS1,lncRNA,1,6,0,1,4,3
SSTR5-AS1,lncRNA,19,18,26,45,52,55
ST20-AS1,lncRNA,6,14,7,7,69,18
ST3GAL3-AS1,lncRNA,1,4,2,14,1,0
ST3GAL5-AS1,lncRNA,7,2,4,1,25,22
ST3GAL6-AS1,lncRNA,13,18,12,17,122,87
ST6GAL2-IT1,lncRNA,0,0,1,0,0,0
ST7-AS1,lncRNA,6,9,6,3,16,15
ST7-AS2,lncRNA,0,1,1,2,5,4
ST7-OT4,lncRNA,2,1,1,2,17,14
ST8SIA6-AS1,lncRNA,1,2,1,6,11,8
STAG3L5P-PVRIG2P-PILRB,lncRNA,3,1,8,5,20,17
STAM-AS1,lncRNA,3,5,4,5,7,10
STARD13-AS,lncRNA,2,5,3,2,12,10
STARD13-IT1,lncRNA,1,4,2,0,7,5
STARD4-AS1,lncRNA,3,6,5,3,34,25
STARD7-AS1,lncRNA,5,7,9,8,26,28
STAU2-AS1,lncRNA,0,4,2,1,7,7
STEAP2-AS1,lncRNA,2,3,1,1,9,7
STEAP3-AS1,lncRNA,2,2,2,3,8,9
STIM1-AS1,lncRNA,0,0,5,1,4,6
STIM2-AS1,lncRNA,1,2,2,6,15,13
STK24-AS1,lncRNA,0,1,2,3,7,6
STK32A-AS1,lncRNA,0,7,2,5,13,19
STK4-AS1,lncRNA,0,3,4,4,13,9
STPG2-AS1,lncRNA,0,0,0,0,10,8
STPG3-AS1,lncRNA,0,2,2,3,6,6
STX17-AS1,lncRNA,1,2,2,8,10,7
STX18-AS1,lncRNA,10,33,22,16,60,63
STX18-IT1,lncRNA,0,0,1,0,2,1
STXBP5-AS1,lncRNA,12,55,13,9,100,97
SUCLA2-AS1,lncRNA,2,1,1,5,4,3
SUCLG2-AS1,lncRNA,7,15,2,9,14,16
SUGCT-AS1,lncRNA,2,1,0,1,2,0
SUGT1-DT,lncRNA,1,1,2,0,5,5
SUGT1P4-STRA6LP,lncRNA,1,1,2,2,10,11
SUGT1P4-STRA6LP-CCDC180,lncRNA,8,11,19,9,40,38
SUV39H2-DT,lncRNA,0,1,1,1,10,7
SYN3-AS1,lncRNA,0,0,0,0,1,0
SYNE1-AS1,lncRNA,1,0,0,0,3,2
SYNGAP1-AS1,lncRNA,2,0,2,8,14,6
SYNJ2-IT1,lncRNA,0,0,1,2,1,4
SYNPR-AS1,lncRNA,1,0,0,2,2,1
SYP-AS1,lncRNA,0,0,0,0,1,1
SZT2-AS1,lncRNA,1,0,1,3,3,4
TAB2-AS1,lncRNA,0,0,2,0,7,6
TAF1A-AS1,lncRNA,2,6,5,8,8,10
TANK-AS1,lncRNA,1,0,0,0,0,2
TAPT1-AS1,lncRNA,5,13,10,1,19,21
TARID,lncRNA,7,12,5,10,32,31
TAT-AS1,lncRNA,0,1,1,4,5,5
TAX1BP1-AS1,lncRNA,2,8,3,4,11,7
TBC1D22A-AS1,lncRNA,2,4,3,5,7,6
TBC1D26-AS1,lncRNA,4,2,2,5,5,12
TBC1D3P1-DHX40P1,lncRNA,33,5,7,4,60,28
TBC1D8-AS1,lncRNA,2,6,3,1,10,8
TBILA,lncRNA,0,0,2,0,2,1
TBL1XR1-AS1,lncRNA,0,0,1,1,1,0
TBX18-AS1,lncRNA,2,1,1,1,7,6
TBX2-AS1,lncRNA,1,1,5,5,11,11
TBX5-AS1,lncRNA,5,4,5,5,21,17
TCERG1L-AS1,lncRNA,0,0,0,0,3,2
TCF4-AS1,lncRNA,0,0,0,0,4,3
TCF4-AS2,lncRNA,0,0,1,0,0,1
TCF7L1-IT1,lncRNA,0,0,0,0,1,0
TCL6,lncRNA,6,6,6,18,14,13
TDRG1,lncRNA,2,6,1,3,10,6
TDRKH-AS1,lncRNA,1,1,2,3,7,5
TENM3-AS1,lncRNA,5,9,15,23,48,55
TERC,lncRNA,3,1,7,3,9,9
TESC-AS1,lncRNA,1,1,1,1,11,13
TET2-AS1,lncRNA,0,0,0,4,0,0
TEX26-AS1,lncRNA,4,1,2,4,17,10
TEX36-AS1,lncRNA,0,0,2,0,0,1
TEX41,lncRNA,17,22,10,18,44,38
TFAP2A-AS1,lncRNA,0,5,4,4,19,19
TFAP2A-AS2,lncRNA,7,5,8,9,58,60
TFAP2E-AS1,lncRNA,1,2,3,5,17,14
TFPI2-DT,lncRNA,1,1,0,0,3,2
TGFB2-AS1,lncRNA,4,10,4,4,3,3
TGFB2-OT1,lncRNA,2,0,0,2,1,2
TGFB3-AS1,lncRNA,1,0,0,0,2,1
TH2LCRR,lncRNA,1,0,1,1,1,2
THAP7-AS1,lncRNA,1,3,3,1,11,15
THAP9-AS1,lncRNA,1,2,3,2,20,16
THBS3-AS1,lncRNA,12,5,19,14,51,47
THBS4-AS1,lncRNA,5,3,8,8,20,13
THCAT155,lncRNA,2,2,2,8,16,9
THCAT158,lncRNA,2,0,0,0,2,0
THOC3-AS1,lncRNA,2,0,1,2,6,10
THOC7-AS1,lncRNA,0,5,0,4,1,3
THORLNC,lncRNA,4,6,7,7,7,10
THRA1/BTR,lncRNA,0,4,0,1,10,7
THRB-AS1,lncRNA,6,5,8,15,42,34
THRB-IT1,lncRNA,1,4,0,0,6,3
THRIL,lncRNA,10,5,3,1,6,6
THSD4-AS1,lncRNA,3,3,5,8,10,16
THUMPD3-AS1,lncRNA,19,18,11,18,179,137
THY1-AS1,lncRNA,0,2,0,4,2,2
TIMMDC1-DT,lncRNA,0,2,0,0,2,3
TINAG-AS1,lncRNA,0,1,1,2,1,1
TIPARP-AS1,lncRNA,0,1,1,3,8,3
TLR8-AS1,lncRNA,1,1,2,1,4,2
TLX1NB,lncRNA,0,3,4,1,4,4
TM4SF1-AS1,lncRNA,4,3,4,2,7,5
TM4SF19-AS1,lncRNA,3,5,4,3,16,13
TMC3-AS1,lncRNA,2,4,5,7,28,20
TMCC1-AS1,lncRNA,9,41,11,13,28,22
TMCC2-AS1,lncRNA,0,0,1,0,1,1
TMCO1-AS1,lncRNA,1,0,3,3,6,7
TMED2-DT,lncRNA,24,13,11,22,71,63
TMEM105,lncRNA,5,6,6,3,17,24
TMEM108-AS1,lncRNA,1,0,1,8,13,8
TMEM132D-AS1,lncRNA,6,3,4,1,8,7
TMEM132D-AS2,lncRNA,2,0,4,5,14,18
TMEM139-AS1,lncRNA,1,2,0,1,7,3
TMEM147-AS1,lncRNA,3,4,7,6,16,15
TMEM161B-AS1,lncRNA,17,23,16,17,122,159
TMEM167B-DT,lncRNA,1,5,3,8,17,12
TMEM18-DT,lncRNA,6,0,6,2,17,18
TMEM202-AS1,lncRNA,4,7,5,6,26,21
TMEM212-AS1,lncRNA,1,0,0,1,1,1
TMEM220-AS1,lncRNA,1,0,1,0,10,8
TMEM246-AS1,lncRNA,1,4,5,6,46,56
TMEM252-DT,lncRNA,0,0,1,0,5,2
TMEM254-AS1,lncRNA,2,2,0,4,16,7
TMEM26-AS1,lncRNA,3,1,2,0,2,5
TMEM30A-DT,lncRNA,5,5,4,3,12,22
TMEM44-AS1,lncRNA,2,3,2,4,15,9
TMEM51-AS1,lncRNA,7,12,11,13,37,54
TMEM72-AS1,lncRNA,2,9,7,10,23,30
TMEM75,lncRNA,3,7,2,7,4,5
TMEM78,lncRNA,33,20,81,42,29,44
TMEM92-AS1,lncRNA,1,0,0,0,2,4
TMEM99,lncRNA,1,0,1,6,5,14
TMEM9B-AS1,lncRNA,2,4,5,9,12,8
TMLHE-AS1,lncRNA,1,2,1,4,4,5
TMPO-AS1,lncRNA,7,5,3,14,54,45
TMSB15B-AS1,lncRNA,1,6,5,2,16,18
TNFRSF10A-AS1,lncRNA,0,0,0,0,1,0
TNFRSF14-AS1,lncRNA,7,6,11,16,53,36
TNK2-AS1,lncRNA,2,2,4,5,14,14
TNKS2-AS1,lncRNA,5,2,1,0,7,2
TNR-IT1,lncRNA,0,0,1,0,2,4
TNS1-AS1,lncRNA,0,1,4,2,24,18
TOB1-AS1,lncRNA,4,5,6,7,17,22
TOLLIP-AS1,lncRNA,4,2,6,3,12,12
TONSL-AS1,lncRNA,1,0,1,1,5,2
TP53TG1,lncRNA,4,2,2,1,29,16
TP73-AS2,lncRNA,1,0,1,2,1,2
TP73-AS3,lncRNA,1,3,0,0,4,9
TPM1-AS,lncRNA,4,6,14,7,27,17
TPRG1-AS1,lncRNA,0,1,1,0,6,2
TPRG1-AS2,lncRNA,0,0,0,0,0,1
TPT1-AS1,lncRNA,6,9,14,27,88,94
TRAF3IP2-AS1,lncRNA,7,6,6,11,12,26
TRAM2-AS1,lncRNA,8,13,4,11,33,21
TRAPPC12-AS1,lncRNA,0,1,0,7,1,1
TRBV11-2,lncRNA,1,0,1,0,1,1
TRDN-AS1,lncRNA,6,4,6,8,23,38
TRERNA1,lncRNA,0,0,0,0,1,1
TRG-AS1,lncRNA,11,8,6,8,14,13
TRHDE-AS1,lncRNA,38,29,21,13,110,82
TRIM31-AS1,lncRNA,1,4,2,0,2,5
TRIM36-IT1,lncRNA,6,6,3,3,62,45
TRIM52-AS1,lncRNA,7,7,20,11,33,112
TRIM67-AS1,lncRNA,12,2,14,9,31,23
TRIM7-AS1,lncRNA,1,1,1,4,5,10
TRMT2B-AS1,lncRNA,0,1,0,0,0,0
TRPC7-AS1,lncRNA,1,1,0,0,0,2
TRPC7-AS2,lncRNA,0,1,2,2,8,15
TRPM2-AS,lncRNA,3,3,3,7,28,27
TSBP1-AS1,lncRNA,4,12,6,8,31,35
TSC22D1-AS1,lncRNA,3,6,7,5,28,29
TSIX,lncRNA,12,21,22,21,132,147
TSPAN18-AS1,lncRNA,0,0,0,0,3,2
TSPAN9-IT1,lncRNA,0,0,0,0,1,0
TSPEAR-AS1,lncRNA,18,2,4,10,22,17
TSPEAR-AS2,lncRNA,0,2,4,5,22,12
TSPOAP1-AS1,lncRNA,12,7,18,14,38,23
TTC21B-AS1,lncRNA,0,1,1,0,2,2
TTC23L-AS1,lncRNA,3,0,3,1,7,5
TTC28-AS1,lncRNA,12,34,18,28,109,105
TTC3-AS1,lncRNA,0,0,0,0,0,2
TTC39A-AS1,lncRNA,0,2,4,2,19,4
TTC39C-AS1,lncRNA,4,8,4,5,32,34
TTLL1-AS1,lncRNA,3,11,2,2,7,7
TTLL10-AS1,lncRNA,12,6,10,10,30,28
TTLL11-IT1,lncRNA,0,1,0,0,1,2
TTLL7-IT1,lncRNA,1,1,3,2,3,3
TTN-AS1,lncRNA,10,13,13,9,68,48
TTTY1,lncRNA,1,2,0,1,21,14
TTTY10,lncRNA,15,35,21,22,79,119
TTTY12,lncRNA,0,0,0,1,2,3
TTTY13,lncRNA,1,0,1,3,7,3
TTTY14,lncRNA,25,19,26,23,74,83
TTTY17C,lncRNA,0,0,0,0,3,0
TTTY18,lncRNA,1,3,3,5,16,17
TTTY19,lncRNA,0,0,0,0,1,1
TTTY1B,lncRNA,1,2,0,1,21,14
TTTY2,lncRNA,1,0,0,0,4,4
TTTY20,lncRNA,0,0,0,1,0,0
TTTY21,lncRNA,0,0,0,0,2,0
TTTY22,lncRNA,0,2,0,0,4,6
TTTY23,lncRNA,0,0,0,0,0,1
TTTY2B,lncRNA,2,2,3,6,17,14
TTTY3,lncRNA,0,0,0,0,1,0
TTTY3B,lncRNA,0,0,0,0,1,0
TTTY5,lncRNA,2,0,0,6,5,3
TTTY6,lncRNA,0,0,0,0,1,0
TTTY6B,lncRNA,0,0,0,0,1,0
TTTY7,lncRNA,0,1,2,0,4,3
TTTY7B,lncRNA,0,1,2,0,5,4
TTTY8,lncRNA,0,0,1,0,1,0
TTTY8B,lncRNA,0,0,1,0,1,0
TTTY9B,lncRNA,0,2,1,1,3,4
TUB-AS1,lncRNA,2,9,4,3,10,9
TUBA3FP,lncRNA,2,3,4,4,15,15
TUSC7,lncRNA,3,2,3,4,12,6
TUSC8,lncRNA,1,2,1,2,9,4
TXNDC12-AS1,lncRNA,0,0,0,0,2,1
TYMSOS,lncRNA,4,9,3,3,8,16
U47924.1,lncRNA,0,1,1,2,4,7
U47924.2,lncRNA,13,8,36,8,52,68
U52111.1,lncRNA,2,1,1,1,7,2
U62317.1,lncRNA,0,0,1,1,1,1
U62317.2,lncRNA,0,0,0,1,2,1
U62317.3,lncRNA,3,5,2,6,3,4
U62631.1,lncRNA,0,0,0,0,0,1
U73166.1,lncRNA,1,0,0,1,12,10
U73169.1,lncRNA,1,0,0,1,2,1
U82671.1,lncRNA,4,1,21,2,69,50
U91319.1,lncRNA,2,5,1,3,11,21
U91324.1,lncRNA,2,3,2,2,4,2
U91328.1,lncRNA,1,4,3,7,31,25
U91328.3,lncRNA,0,4,0,0,0,1
U95743.1,lncRNA,1,1,0,6,6,8
UBA6-AS1,lncRNA,3,8,5,8,59,51
UBAC2-AS1,lncRNA,1,4,1,10,13,10
UBE2D3-AS1,lncRNA,0,0,0,0,6,1
UBE2E1-AS1,lncRNA,1,0,0,2,4,3
UBE2E2-AS1,lncRNA,0,1,0,0,3,3
UBE2Q1-AS1,lncRNA,0,1,0,0,2,2
UBE2R2-AS1,lncRNA,3,0,1,2,7,4
UBL7-AS1,lncRNA,2,1,2,0,9,5
UBOX5-AS1,lncRNA,1,0,2,2,3,5
UBR5-AS1,lncRNA,1,1,4,3,8,4
UBXN7-AS1,lncRNA,3,0,2,0,10,8
UCA1,lncRNA,2,1,4,4,9,16
UCHL1-AS1,lncRNA,0,0,2,0,1,2
UCKL1-AS1,lncRNA,4,11,32,11,49,45
UFL1-AS1,lncRNA,2,4,2,5,23,12
UGDH-AS1,lncRNA,2,1,1,1,5,4
UICLM,lncRNA,1,0,4,3,9,11
UMLILO,lncRNA,0,0,0,0,1,0
UMODL1-AS1,lncRNA,0,1,1,0,3,4
UNC5B-AS1,lncRNA,2,1,5,3,20,23
UNQ6494,lncRNA,1,0,2,6,11,13
UPK1A-AS1,lncRNA,0,2,2,0,3,2
URB1-AS1,lncRNA,2,4,4,15,25,19
USH2A-AS1,lncRNA,0,0,1,0,2,1
USH2A-AS2,lncRNA,0,2,1,0,1,4
USP12-AS1,lncRNA,0,0,0,0,2,0
USP12-AS2,lncRNA,1,0,0,0,2,1
USP2-AS1,lncRNA,589,582,464,940,581,2882
USP27X-AS1,lncRNA,3,4,5,2,9,7
USP3-AS1,lncRNA,4,9,4,5,16,24
USP30-AS1,lncRNA,0,0,0,0,4,6
USP46-DT,lncRNA,4,4,3,4,27,34
UST-AS1,lncRNA,0,3,1,0,3,1
UVRAG-DT,lncRNA,3,5,1,7,14,19
UXT-AS1,lncRNA,2,9,2,12,25,19
VAC14-AS1,lncRNA,7,15,8,10,31,41
VASH1-AS1,lncRNA,0,1,1,0,3,3
VAV3-AS1,lncRNA,1,0,0,0,0,2
VCAN-AS1,lncRNA,4,70,2,1,47,53
VIM-AS1,lncRNA,34,11,2,17,18,7
VIPR1-AS1,lncRNA,11,12,7,11,64,54
VLDLR-AS1,lncRNA,5,26,8,11,26,29
VPS13A-AS1,lncRNA,2,2,3,1,7,7
VPS13B-DT,lncRNA,2,1,4,4,15,16
VPS33B-DT,lncRNA,2,7,3,3,9,11
VPS9D1-AS1,lncRNA,3,1,4,2,14,10
VSTM2A-OT1,lncRNA,0,0,0,0,1,2
VWA8-AS1,lncRNA,2,1,1,1,4,6
VWC2L-IT1,lncRNA,0,0,1,0,0,0
WAC-AS1,lncRNA,10,12,12,7,25,26
WAKMAR2,lncRNA,2,1,4,7,13,10
WARS2-AS1,lncRNA,2,9,9,7,28,35
WARS2-IT1,lncRNA,0,1,0,0,1,1
WASF3-AS1,lncRNA,13,9,4,9,26,26
WASHC5-AS1,lncRNA,1,0,0,0,1,1
WASIR1,lncRNA,2,2,1,3,2,2
WASIR2,lncRNA,0,1,0,1,2,1
WASL-DT,lncRNA,2,3,0,1,5,3
WDFY3-AS1,lncRNA,0,2,1,0,6,6
WDFY3-AS2,lncRNA,4,8,12,12,27,30
WDR11-AS1,lncRNA,8,32,9,11,42,43
WDR5-DT,lncRNA,2,11,21,2,24,24
WDR5B-DT,lncRNA,1,5,2,1,10,6
WDR86-AS1,lncRNA,4,1,3,4,9,8
WEE2-AS1,lncRNA,2,2,7,11,21,19
WNT5A-AS1,lncRNA,1,1,2,1,53,91
WSPAR,lncRNA,1,0,1,0,2,2
WT1-AS,lncRNA,9,5,13,9,54,55
WWC2-AS1,lncRNA,0,0,0,0,0,3
WWC2-AS2,lncRNA,4,15,9,9,43,29
WWC3-AS1,lncRNA,0,1,0,0,1,1
WWOX-AS1,lncRNA,0,1,0,0,3,4
WWTR1-AS1,lncRNA,11,13,8,13,18,16
WWTR1-IT1,lncRNA,2,0,0,5,0,1
XACT,lncRNA,1485,1026,845,5270,2646,4350
XGY2,lncRNA,2,2,4,3,22,22
XIAP-AS1,lncRNA,2,2,0,2,1,2
XIST,lncRNA,19,24,14,14,63,73
XPC-AS1,lncRNA,24,68,35,41,50,61
XXYLT1-AS1,lncRNA,5,2,2,2,4,5
XXYLT1-AS2,lncRNA,2,0,0,2,2,4
YEATS2-AS1,lncRNA,3,4,1,7,6,9
YTHDF3-AS1,lncRNA,0,1,1,0,4,7
Z68323.1,lncRNA,5,4,2,15,14,15
Z68871.1,lncRNA,1,0,4,0,2,4
Z69666.1,lncRNA,2,0,0,7,2,2
Z69667.1,lncRNA,1,1,0,2,3,2
Z69706.1,lncRNA,0,1,0,0,1,2
Z69733.1,lncRNA,0,3,1,3,5,2
Z70719.1,lncRNA,0,0,0,0,1,1
Z72006.1,lncRNA,0,0,1,1,5,6
Z73420.1,lncRNA,0,2,1,1,1,1
Z73495.1,lncRNA,0,1,0,0,1,0
Z80897.1,lncRNA,2,0,3,2,12,11
Z80897.2,lncRNA,2,1,2,4,7,3
Z82173.1,lncRNA,1,1,0,0,1,1
Z82185.1,lncRNA,0,0,2,1,4,6
Z82186.1,lncRNA,5,3,4,6,15,13
Z82188.2,lncRNA,1,0,0,0,3,6
Z82195.3,lncRNA,0,2,0,0,0,1
Z82196.1,lncRNA,0,0,0,1,3,2
Z82196.2,lncRNA,1,0,0,0,2,0
Z82198.1,lncRNA,0,0,0,0,1,1
Z82198.2,lncRNA,0,0,0,0,2,3
Z82202.1,lncRNA,3,6,5,3,16,13
Z82202.2,lncRNA,0,0,1,1,5,2
Z82214.1,lncRNA,0,0,1,1,5,3
Z82215.1,lncRNA,9,5,3,2,18,33
Z82217.1,lncRNA,5,11,4,9,8,8
Z82243.1,lncRNA,1,1,0,0,2,0
Z82244.1,lncRNA,2,1,3,4,29,13
Z82244.2,lncRNA,0,0,0,0,2,5
Z83745.1,lncRNA,0,0,1,2,3,3
Z83818.2,lncRNA,0,0,0,0,1,1
Z83839.2,lncRNA,0,0,0,0,1,1
Z83843.1,lncRNA,0,1,0,3,4,2
Z83847.1,lncRNA,0,1,1,0,6,4
Z84466.1,lncRNA,2,6,4,4,17,12
Z84468.1,lncRNA,8,6,5,5,16,10
Z84468.2,lncRNA,7,5,6,2,9,12
Z84485.1,lncRNA,3,1,2,0,5,7
Z84486.1,lncRNA,3,1,2,1,2,1
Z84723.1,lncRNA,0,0,0,2,3,1
Z85994.1,lncRNA,0,0,0,0,2,2
Z85996.2,lncRNA,0,1,6,1,8,3
Z85996.3,lncRNA,0,2,0,0,2,1
Z92544.1,lncRNA,2,4,11,12,31,19
Z93020.1,lncRNA,0,0,1,0,0,0
Z93022.1,lncRNA,11,10,5,7,10,8
Z93241.1,lncRNA,60,22,38,37,43,39
Z93403.1,lncRNA,0,0,1,0,0,1
Z93930.2,lncRNA,3,3,3,5,16,12
Z93930.3,lncRNA,0,0,0,0,2,2
Z93943.1,lncRNA,0,0,1,2,10,11
Z94057.1,lncRNA,4,11,12,2,6,10
Z94160.1,lncRNA,8,13,10,8,63,42
Z94160.2,lncRNA,1,1,1,1,2,2
Z94277.1,lncRNA,1,2,0,0,6,3
Z94721.1,lncRNA,0,0,1,0,1,2
Z94721.2,lncRNA,2,4,5,1,7,10
Z94721.3,lncRNA,0,0,0,1,1,5
Z95114.1,lncRNA,12,32,9,21,41,39
Z95114.2,lncRNA,3,10,4,5,13,21
Z95114.4,lncRNA,4,3,1,13,8,15
Z95115.1,lncRNA,2,0,1,3,2,3
Z95115.2,lncRNA,0,0,1,0,5,1
Z95118.2,lncRNA,2,2,1,2,12,9
Z95331.1,lncRNA,16,21,17,26,45,64
Z95624.1,lncRNA,0,0,0,0,2,2
Z96074.1,lncRNA,2,5,3,5,17,10
Z97055.2,lncRNA,2,3,2,3,14,8
Z97056.1,lncRNA,0,0,0,0,2,3
Z97056.2,lncRNA,3,4,5,6,4,6
Z97056.3,lncRNA,0,0,0,0,1,1
Z97192.1,lncRNA,8,5,24,14,49,71
Z97192.2,lncRNA,1,1,3,1,43,25
Z97192.3,lncRNA,9,18,19,37,178,146
Z97192.4,lncRNA,3,2,3,6,12,9
Z97198.1,lncRNA,0,0,0,0,1,0
Z97200.1,lncRNA,3,5,0,4,11,17
Z97205.1,lncRNA,0,0,1,1,2,2
Z97205.2,lncRNA,4,4,0,4,25,30
Z97205.3,lncRNA,8,3,29,10,307,288
Z97353.2,lncRNA,2,8,0,3,5,4
Z97652.1,lncRNA,0,0,1,1,1,1
Z97653.1,lncRNA,1,0,3,2,5,3
Z97832.2,lncRNA,2,4,1,4,12,14
Z97986.1,lncRNA,3,0,2,1,1,2
Z97989.1,lncRNA,0,4,0,0,1,4
Z98200.1,lncRNA,2,6,1,2,0,1
Z98257.1,lncRNA,1,1,2,1,13,5
Z98257.2,lncRNA,0,0,1,0,1,1
Z98259.1,lncRNA,1,3,1,3,3,2
Z98259.2,lncRNA,0,0,0,2,3,3
Z98259.3,lncRNA,2,4,5,4,8,14
Z98742.1,lncRNA,0,0,0,0,1,1
Z98742.4,lncRNA,0,1,0,1,8,10
Z98745.1,lncRNA,0,1,1,1,8,7
Z98745.2,lncRNA,0,0,1,0,1,3
Z98747.1,lncRNA,1,0,0,0,1,0
Z98749.1,lncRNA,0,1,0,0,3,4
Z98752.1,lncRNA,0,0,0,0,0,1
Z98752.4,lncRNA,2,0,4,2,4,3
Z98880.1,lncRNA,0,1,1,1,7,10
Z98883.1,lncRNA,1,1,2,1,9,10
Z98884.1,lncRNA,0,1,1,0,1,2
Z98885.2,lncRNA,0,2,0,0,9,5
Z98885.3,lncRNA,2,7,3,5,17,16
Z98886.1,lncRNA,6,5,5,3,12,11
Z98949.2,lncRNA,3,0,0,0,1,0
Z99127.3,lncRNA,1,0,1,0,5,5
Z99289.1,lncRNA,1,0,0,0,1,2
Z99289.2,lncRNA,0,1,1,2,3,6
Z99289.3,lncRNA,0,0,1,2,6,1
Z99496.1,lncRNA,0,4,0,1,1,2
Z99572.1,lncRNA,4,10,11,14,70,81
Z99716.1,lncRNA,1,1,1,0,8,7
Z99716.2,lncRNA,4,7,6,8,72,63
Z99755.2,lncRNA,0,1,0,0,1,2
Z99758.1,lncRNA,0,0,0,0,0,1
Z99774.1,lncRNA,3,9,1,5,14,10
Z99916.1,lncRNA,0,1,1,1,2,3
Z99916.3,lncRNA,0,0,0,1,1,1
Z99943.1,lncRNA,0,0,1,0,2,2
ZBED3-AS1,lncRNA,19,32,37,26,295,233
ZBED5-AS1,lncRNA,3,4,4,3,14,10
ZBTB11-AS1,lncRNA,1,4,2,1,12,12
ZBTB20-AS1,lncRNA,22,34,38,55,144,206
ZBTB20-AS2,lncRNA,2,3,1,0,10,11
ZBTB20-AS3,lncRNA,0,0,0,0,0,1
ZBTB20-AS4,lncRNA,1,1,2,0,0,1
ZBTB20-AS5,lncRNA,0,1,0,0,3,2
ZBTB40-IT1,lncRNA,0,0,0,0,0,1
ZBTB44-DT,lncRNA,6,6,3,8,22,19
ZBTB46-AS1,lncRNA,0,0,0,0,1,1
ZDHHC20-IT1,lncRNA,0,0,0,0,1,1
ZEB1-AS1,lncRNA,4,8,5,13,33,30
ZEB2-AS1,lncRNA,7,16,4,11,19,16
ZFAND2A-DT,lncRNA,4,3,7,3,20,13
ZFAS1,lncRNA,11,31,6,20,31,27
ZFHX2-AS1,lncRNA,4,2,7,6,17,25
ZFHX4-AS1,lncRNA,2,5,2,3,13,12
ZFPM2-AS1,lncRNA,1,1,0,6,5,10
ZFX-AS1,lncRNA,0,0,0,0,7,3
ZIM2-AS1,lncRNA,0,2,4,2,1,1
ZKSCAN2-DT,lncRNA,3,6,1,6,10,7
ZKSCAN7-AS1,lncRNA,2,0,1,1,17,1
ZMIZ1-AS1,lncRNA,23,25,23,19,152,235
ZMYM4-AS1,lncRNA,0,1,0,0,0,0
ZMYND10-AS1,lncRNA,0,0,0,0,1,2
ZNF114-AS1,lncRNA,3,0,0,1,3,2
ZNF133-AS1,lncRNA,0,0,0,0,1,0
ZNF213-AS1,lncRNA,151,112,373,142,2607,2483
ZNF22-AS1,lncRNA,2,2,4,6,13,20
ZNF232-AS1,lncRNA,1,2,5,1,10,12
ZNF236-DT,lncRNA,0,2,0,3,4,5
ZNF25-DT,lncRNA,0,3,1,1,10,5
ZNF252P-AS1,lncRNA,13,27,17,26,18,17
ZNF295-AS1,lncRNA,10,19,25,23,71,66
ZNF30-AS1,lncRNA,3,0,0,1,3,4
ZNF32-AS1,lncRNA,0,2,0,0,0,0
ZNF32-AS2,lncRNA,0,0,0,0,49,39
ZNF32-AS3,lncRNA,2,6,12,3,17,24
ZNF337-AS1,lncRNA,7,7,18,9,12,14
ZNF341-AS1,lncRNA,0,0,0,0,2,1
ZNF346-IT1,lncRNA,3,1,0,3,37,53
ZNF350-AS1,lncRNA,1,2,4,5,15,9
ZNF385D-AS1,lncRNA,0,0,0,0,2,4
ZNF426-DT,lncRNA,0,3,0,1,3,2
ZNF433-AS1,lncRNA,2,8,3,4,22,29
ZNF436-AS1,lncRNA,2011,193,117,148,196,58
ZNF451-AS1,lncRNA,3,2,4,2,14,16
ZNF460-AS1,lncRNA,0,2,1,1,1,1
ZNF503-AS1,lncRNA,4,7,9,4,23,20
ZNF503-AS2,lncRNA,4,5,59,20,106,115
ZNF516-DT,lncRNA,4,4,4,2,9,5
ZNF528-AS1,lncRNA,7,12,8,10,14,20
ZNF529-AS1,lncRNA,4,4,10,6,72,64
ZNF561-AS1,lncRNA,6,13,4,15,17,23
ZNF571-AS1,lncRNA,17,13,17,28,56,58
ZNF582-AS1,lncRNA,1,10,6,2,16,11
ZNF630-AS1,lncRNA,0,0,0,0,1,1
ZNF649-AS1,lncRNA,0,0,0,0,3,3
ZNF667-AS1,lncRNA,17,25,11,31,46,61
ZNF674-AS1,lncRNA,1,1,0,3,3,1
ZNF687-AS1,lncRNA,1,5,19,14,69,84
ZNF710-AS1,lncRNA,0,6,0,0,5,7
ZNF775-AS1,lncRNA,6,3,8,1,27,20
ZNF790-AS1,lncRNA,5,7,7,6,17,14
ZNF793-AS1,lncRNA,0,1,2,1,5,5
ZNF8-ERVK3-1,lncRNA,2,4,6,4,25,23
ZNF84-DT,lncRNA,1,0,0,0,1,2
ZNNT1,lncRNA,24,25,17,22,119,60
ZNRD2-AS1,lncRNA,3,8,4,10,43,49
ZNRF3-AS1,lncRNA,2,2,1,7,6,7
ZNRF3-IT1,lncRNA,0,0,1,0,2,2
ZRANB2-AS1,lncRNA,1,0,0,1,2,2
ZRANB2-AS2,lncRNA,8,13,9,14,44,49
ZSCAN16-AS1,lncRNA,3,6,8,8,41,36
ZSWIM8-AS1,lncRNA,0,1,2,0,3,1
hsa-mir-423,lncRNA,700,191,453,508,597,528
