ID,Type,C1_L-10,C1_R+3,C2_L-10,C2_R+3,C3_L-10,C3_R+3
A1BG-AS1,lncRNA,4.5,2.33,0.33,3.0,7.5,9.17
A2M-AS1,lncRNA,0.0,0.0,1.0,0.0,9.0,8.0
A2ML1-AS1,lncRNA,0.0,0.0,0.0,0.0,0.0,2.0
AA06,lncRNA,1.0,0.0,0.0,1.0,1.0,0.0
AATBC,lncRNA,0.0,2.0,6.0,6.0,19.0,26.0
ABALON,lncRNA,3.0,3.5,4.5,2.0,9.5,4.5
ABCA9-AS1,lncRNA,1.5,7.0,0.5,4.0,5.0,5.5
ABCC5-AS1,lncRNA,0.0,0.0,0.0,1.0,1.0,2.0
ABHD15-AS1,lncRNA,1.0,0.0,1.0,0.0,0.0,1.5
AC000032.1,lncRNA,0.0,0.0,0.0,0.0,2.5,1.0
AC000035.1,lncRNA,0.5,0.5,0.5,0.5,1.0,0.0
AC000036.1,lncRNA,0.0,0.0,1.0,0.0,4.0,4.0
AC000050.1,lncRNA,0.0,0.0,3.0,0.0,1.0,1.0
AC000058.1,lncRNA,0.0,2.0,0.0,1.0,2.0,0.0
AC000065.1,lncRNA,1.0,0.0,1.0,0.0,5.0,6.0
AC000065.2,lncRNA,0.0,0.0,0.0,1.0,1.0,0.0
AC000067.1,lncRNA,2.0,0.0,0.0,1.0,0.0,1.0
AC000068.1,lncRNA,1.0,3.0,3.0,7.0,8.5,9.0
AC000068.2,lncRNA,0.0,0.0,0.0,0.0,3.0,0.0
AC000072.1,lncRNA,0.0,0.0,0.0,0.5,2.0,0.5
AC000082.1,lncRNA,1.0,0.0,0.0,0.0,0.0,0.5
AC000085.1,lncRNA,0.0,0.0,0.0,0.0,1.0,1.0
AC000113.1,lncRNA,0.0,0.0,0.0,0.0,1.0,0.0
AC000120.1,lncRNA,1.0,11.0,1.0,20.5,4.0,19.0
AC000123.1,lncRNA,0.0,0.0,0.0,0.0,1.0,0.0
AC000124.1,lncRNA,0.0,0.0,1.0,0.0,5.0,4.0
AC000372.1,lncRNA,0.0,0.0,0.0,0.0,1.0,0.0
AC000403.1,lncRNA,1.0,3.0,1.0,0.0,7.0,8.0
AC001226.1,lncRNA,0.0,1.0,0.0,0.0,0.0,0.0
AC002044.1,lncRNA,0.0,6.0,1.0,0.0,0.0,1.0
AC002056.2,lncRNA,0.0,0.0,0.0,0.5,0.0,1.0
AC002057.1,lncRNA,0.0,0.0,0.0,0.0,1.0,2.0
AC002057.2,lncRNA,0.0,0.0,1.0,1.0,1.0,2.0
AC002059.1,lncRNA,0.0,0.0,2.0,0.0,0.0,0.0
AC002064.1,lncRNA,0.0,0.0,0.0,0.0,3.0,2.0
AC002064.2,lncRNA,0.0,0.0,0.0,0.0,0.0,2.0
AC002066.1,lncRNA,0.0,0.0,1.0,0.0,1.0,1.0
AC002069.2,lncRNA,1.0,0.0,0.0,2.0,5.0,6.0
AC002070.1,lncRNA,0.0,2.0,0.0,2.0,5.0,2.0
AC002074.1,lncRNA,0.0,1.0,0.0,0.0,3.0,2.0
AC002091.1,lncRNA,1.0,0.0,0.0,0.0,1.0,0.0
AC002091.2,lncRNA,0.0,1.0,0.0,0.0,4.0,3.0
AC002094.1,lncRNA,0.0,1.0,1.5,1.5,5.0,5.5
AC002094.2,lncRNA,0.0,1.5,0.0,0.0,0.0,0.5
AC002101.1,lncRNA,0.0,0.0,0.0,0.0,13.0,9.0
AC002115.1,lncRNA,0.0,0.0,1.0,0.0,0.0,1.0
AC002116.1,lncRNA,0.5,0.0,0.0,0.0,4.5,5.5
AC002116.2,lncRNA,0.0,2.0,0.0,1.0,1.5,1.0
AC002128.1,lncRNA,0.0,7.0,0.0,2.0,15.0,3.0
AC002128.2,lncRNA,0.0,0.0,0.0,0.0,2.0,2.0
AC002306.1,lncRNA,2.0,1.0,0.0,1.0,1.0,0.0
AC002310.1,lncRNA,4.0,2.0,13.0,5.33,31.33,38.33
AC002310.2,lncRNA,3.0,3.0,2.5,4.0,12.5,14.5
AC002331.1,lncRNA,0.0,0.0,0.0,0.0,10.0,19.0
AC002347.1,lncRNA,0.0,1.0,0.0,0.0,2.0,0.0
AC002351.1,lncRNA,0.0,0.0,0.0,1.5,1.0,1.5
AC002368.1,lncRNA,0.0,0.0,3.0,0.0,0.0,0.0
AC002375.1,lncRNA,0.0,3.0,0.0,0.0,0.0,2.0
AC002377.1,lncRNA,1.0,0.0,1.0,0.0,6.0,3.0
AC002378.1,lncRNA,0.0,3.0,0.0,0.0,2.0,1.0
AC002383.1,lncRNA,0.0,0.0,0.0,0.0,1.0,2.0
AC002398.1,lncRNA,0.0,0.0,0.0,2.5,3.0,1.0
AC002398.2,lncRNA,0.5,0.0,1.5,0.5,1.5,1.5
AC002401.1,lncRNA,0.0,0.0,0.0,0.5,1.0,0.5
AC002401.3,lncRNA,0.0,0.0,0.0,0.0,0.0,2.0
AC002401.4,lncRNA,0.0,0.0,0.0,0.0,4.0,1.0
AC002407.1,lncRNA,1130.5,765.5,2333.5,1143.5,5338.0,6141.0
AC002428.1,lncRNA,0.0,0.0,0.0,1.0,1.0,1.0
AC002428.2,lncRNA,0.0,0.0,0.0,0.0,1.0,0.0
AC002451.1,lncRNA,2.0,1.0,2.0,0.0,3.0,14.0
AC002456.1,lncRNA,6.0,2.0,6.0,3.0,21.0,19.0
AC002458.1,lncRNA,0.0,0.0,2.0,0.0,4.0,1.0
AC002460.1,lncRNA,0.0,0.0,0.0,0.0,0.0,1.0
AC002460.2,lncRNA,2.0,0.0,0.0,3.0,11.0,7.0
AC002463.1,lncRNA,2.0,4.0,1.0,5.0,8.0,8.0
AC002464.1,lncRNA,0.0,0.0,0.0,0.0,1.0,2.0
AC002465.1,lncRNA,0.0,0.0,0.0,0.0,1.0,1.0
AC002467.1,lncRNA,3.0,3.5,2.0,1.0,18.5,13.5
AC002470.1,lncRNA,0.0,1.0,0.0,0.0,0.0,0.0
AC002470.2,lncRNA,1.0,3.5,0.5,1.0,18.5,12.0
AC002472.1,lncRNA,0.0,0.0,0.0,0.0,0.0,2.0
AC002480.1,lncRNA,0.0,0.0,1.0,2.0,3.0,3.5
AC002480.2,lncRNA,0.0,0.0,0.0,1.0,7.0,7.0
AC002511.1,lncRNA,0.0,0.0,0.0,0.0,4.0,0.0
AC002511.2,lncRNA,0.0,1.0,1.0,0.0,1.0,4.0
AC002519.1,lncRNA,1.0,0.0,0.0,0.0,0.0,0.0
AC002529.1,lncRNA,2.0,2.0,0.0,1.0,1.0,0.0
AC002542.6,lncRNA,0.0,0.0,2.0,1.0,1.0,8.0
AC002550.1,lncRNA,0.5,3.0,1.5,0.5,3.0,1.17
AC002551.1,lncRNA,0.0,1.0,0.0,1.0,0.0,0.0
AC002553.1,lncRNA,5.5,0.0,1.0,4.5,4.0,1.5
AC002553.2,lncRNA,0.0,0.0,0.0,0.0,0.0,1.0
AC002558.2,lncRNA,0.0,1.0,0.0,0.0,0.0,0.0
AC002558.3,lncRNA,4.0,1.0,1.0,0.0,11.0,7.0
AC002563.1,lncRNA,0.0,0.0,0.0,0.0,0.0,1.5
AC003001.1,lncRNA,0.0,0.0,0.0,0.0,23.0,25.0
AC003005.2,lncRNA,0.0,1.0,0.0,3.0,1.0,0.0
AC003009.1,lncRNA,0.0,0.0,0.0,1.0,0.0,0.0
AC003035.1,lncRNA,0.0,0.0,0.0,0.0,0.0,1.0
AC003035.2,lncRNA,0.0,0.0,1.0,1.0,5.0,2.0
AC003043.2,lncRNA,1.0,5.0,7.0,3.0,13.0,11.0
AC003044.1,lncRNA,0.0,0.0,0.0,1.0,1.0,2.0
AC003070.1,lncRNA,1.0,0.0,0.5,0.0,0.5,0.0
AC003070.2,lncRNA,0.0,0.0,0.0,0.0,0.0,4.0
AC003077.1,lncRNA,1.0,0.5,0.0,0.0,2.5,2.5
AC003086.1,lncRNA,0.0,0.0,0.0,0.0,0.0,1.0
AC003087.1,lncRNA,0.0,0.0,0.0,0.0,0.0,1.0
AC003092.1,lncRNA,0.0,0.0,0.0,1.0,4.0,7.0
AC003092.2,lncRNA,0.0,0.0,0.0,0.0,0.0,1.0
AC003093.1,lncRNA,1.0,1.0,0.0,3.0,2.0,7.0
AC003098.1,lncRNA,0.5,0.0,0.0,0.0,0.0,1.5
AC003101.1,lncRNA,0.0,0.0,0.0,0.0,1.0,0.0
AC003101.2,lncRNA,0.0,1.0,0.0,0.0,5.0,2.0
AC003102.1,lncRNA,5.0,3.0,4.0,4.0,24.5,22.0
AC003666.1,lncRNA,0.0,3.0,0.0,2.0,0.0,0.0
AC003681.1,lncRNA,23.0,24.83,21.33,30.0,50.5,47.5
AC003684.1,lncRNA,2.0,14.0,3.0,6.0,8.0,6.0
AC003685.1,lncRNA,0.0,0.0,0.0,0.0,1.0,0.0
AC003688.2,lncRNA,1.0,1.5,0.0,0.0,1.0,2.0
AC003950.1,lncRNA,1.0,0.0,0.0,0.0,0.0,0.0
AC003956.1,lncRNA,1.0,1.0,2.0,2.0,2.0,0.0
AC003958.2,lncRNA,11.0,11.0,2.0,3.0,11.5,8.5
AC003965.1,lncRNA,1.0,0.0,1.0,0.0,4.0,1.0
AC003965.2,lncRNA,2.0,0.0,11.0,7.0,5.0,2.0
AC003973.1,lncRNA,1.0,3.0,2.0,2.0,3.0,7.0
AC003975.1,lncRNA,0.0,0.0,0.0,2.0,1.0,0.0
AC003982.1,lncRNA,2.0,0.0,0.0,1.0,4.0,0.0
AC003984.1,lncRNA,2.0,0.0,0.0,1.0,2.0,3.0
AC003985.1,lncRNA,0.0,0.0,0.0,0.0,1.0,0.0
AC003986.1,lncRNA,2.5,0.5,2.5,7.5,5.0,17.5
AC003986.2,lncRNA,0.0,1.0,2.0,1.0,4.0,4.0
AC003986.3,lncRNA,0.0,0.0,0.0,0.0,5.0,6.0
AC003988.1,lncRNA,0.0,4.0,0.0,0.0,3.0,1.0
AC003991.1,lncRNA,0.0,3.0,0.0,2.0,5.0,4.0
AC003992.1,lncRNA,0.0,0.0,0.0,0.0,0.0,1.0
AC004000.1,lncRNA,0.0,1.0,1.0,0.0,0.0,0.0
AC004009.1,lncRNA,0.0,0.0,0.0,1.0,1.0,2.0
AC004023.1,lncRNA,0.0,0.0,0.0,0.0,1.0,2.0
AC004034.1,lncRNA,2.0,1.5,1.0,0.0,2.0,4.0
AC004039.1,lncRNA,2.0,22.0,0.0,9.0,1.0,3.0
AC004052.1,lncRNA,0.0,0.0,0.0,1.0,0.0,2.0
AC004063.1,lncRNA,0.0,0.0,0.0,0.0,0.0,2.0
AC004066.1,lncRNA,1.0,0.0,0.0,0.0,0.0,0.0
AC004067.1,lncRNA,0.0,0.0,1.0,0.0,0.0,0.0
AC004069.1,lncRNA,0.0,6.0,0.0,0.0,0.0,1.0
AC004076.2,lncRNA,2.0,1.0,0.0,0.0,0.0,6.0
AC004080.1,lncRNA,1.0,0.0,1.0,0.0,12.0,10.0
AC004080.17,lncRNA,0.0,1.0,1.0,0.0,1.0,2.0
AC004080.2,lncRNA,1.0,0.0,1.5,0.0,2.0,3.0
AC004080.4,lncRNA,1.0,1.0,2.0,1.0,1.0,3.0
AC004080.5,lncRNA,0.0,0.25,0.0,0.0,1.5,1.08
AC004080.6,lncRNA,0.0,0.25,0.5,0.0,3.5,1.75
AC004083.1,lncRNA,2.0,4.0,2.0,1.0,13.0,16.0
AC004129.3,lncRNA,0.0,0.0,0.0,0.0,2.0,6.0
AC004130.2,lncRNA,1.5,2.0,9.0,1.0,26.0,28.0
AC004147.1,lncRNA,0.0,0.0,0.0,0.0,1.0,0.0
AC004147.2,lncRNA,0.0,1.0,0.0,2.0,11.0,9.0
AC004147.3,lncRNA,0.0,0.0,0.0,0.0,0.0,3.0
AC004147.4,lncRNA,0.0,0.5,0.0,0.5,2.0,1.5
AC004148.1,lncRNA,2.83,0.0,1.5,0.5,4.83,3.83
AC004156.1,lncRNA,26.0,29.0,97.0,48.0,69.0,95.0
AC004158.1,lncRNA,0.0,2.5,2.0,3.5,14.0,8.5
AC004160.1,lncRNA,0.0,1.0,2.5,1.0,5.0,8.5
AC004160.2,lncRNA,1.0,1.0,0.0,1.0,2.0,4.0
AC004217.1,lncRNA,0.0,3.0,0.0,0.0,2.5,1.5
AC004221.1,lncRNA,0.0,1.0,0.0,2.0,2.0,0.0
AC004223.2,lncRNA,0.0,0.0,0.0,0.0,1.0,1.0
AC004224.2,lncRNA,0.0,0.0,0.0,0.5,1.5,2.5
AC004231.1,lncRNA,0.0,0.0,0.0,0.0,0.0,1.5
AC004231.3,lncRNA,0.0,0.0,0.0,0.5,0.5,0.5
AC004232.1,lncRNA,5.5,2.0,4.5,9.5,3.5,3.5
AC004233.1,lncRNA,2.0,0.0,0.0,2.0,3.0,0.0
AC004233.2,lncRNA,1.0,2.0,0.0,0.0,1.0,1.0
AC004233.3,lncRNA,0.0,1.0,0.0,1.0,0.0,0.0
AC004241.1,lncRNA,2.5,2.0,4.0,1.5,5.5,4.5
AC004241.2,lncRNA,0.0,0.0,0.0,0.0,1.0,4.0
AC004241.4,lncRNA,0.0,0.0,1.0,2.0,0.0,0.0
AC004263.1,lncRNA,1.0,0.0,0.0,0.0,1.0,1.0
AC004263.2,lncRNA,1.0,2.0,4.0,3.0,3.0,2.5
AC004264.1,lncRNA,4.0,13.0,9.0,8.0,7.0,7.0
AC004381.1,lncRNA,1.0,0.0,0.0,0.0,1.0,0.0
AC004408.1,lncRNA,0.0,0.0,0.0,0.5,0.5,1.5
AC004448.2,lncRNA,0.0,0.0,2.0,6.0,3.0,6.0
AC004448.3,lncRNA,0.0,0.0,0.5,0.0,3.5,2.0
AC004448.5,lncRNA,1.0,0.0,0.0,0.0,1.0,1.0
AC004449.1,lncRNA,0.0,0.0,0.0,0.0,0.0,1.0
AC004461.2,lncRNA,0.0,0.0,0.0,0.0,1.0,4.0
AC004464.1,lncRNA,0.0,0.0,1.0,8.0,0.0,1.0
AC004466.1,lncRNA,1.0,0.5,1.0,0.5,3.5,1.5
AC004466.2,lncRNA,0.0,0.0,1.0,0.0,1.0,0.0
AC004466.3,lncRNA,0.0,0.0,0.0,0.0,2.0,0.0
AC004470.1,lncRNA,0.0,0.0,0.0,0.0,1.0,0.0
AC004470.2,lncRNA,0.0,0.0,0.0,0.0,0.0,2.0
AC004471.1,lncRNA,0.0,0.0,0.0,1.0,2.0,2.5
AC004471.2,lncRNA,0.0,0.0,1.0,0.0,0.0,1.5
AC004477.1,lncRNA,0.0,0.0,0.0,0.0,0.0,1.0
AC004485.1,lncRNA,0.0,1.0,1.0,3.0,0.0,0.0
AC004490.1,lncRNA,1.0,0.0,2.0,2.0,12.5,6.5
AC004494.1,lncRNA,1.0,6.0,10.0,5.0,30.5,19.5
AC004510.2,lncRNA,0.0,0.0,0.33,2.0,0.0,1.33
AC004522.3,lncRNA,0.0,0.0,0.5,0.5,0.5,0.5
AC004522.4,lncRNA,0.0,0.0,0.0,0.0,1.0,0.0
AC004522.5,lncRNA,1.0,3.0,1.0,0.0,3.0,1.0
AC004528.1,lncRNA,0.0,0.0,2.0,0.0,0.0,0.0
AC004528.2,lncRNA,0.0,0.5,1.0,1.0,2.5,4.5
AC004540.1,lncRNA,3.0,3.0,1.0,6.0,24.0,14.0
AC004540.2,lncRNA,0.0,8.5,7.0,1.0,5.0,11.5
AC004542.2,lncRNA,0.0,1.5,0.0,0.0,0.5,0.0
AC004551.1,lncRNA,0.0,0.0,0.0,1.0,0.0,0.5
AC004554.1,lncRNA,1.0,0.0,10.0,3.0,6.0,12.0
AC004584.3,lncRNA,5.0,2.0,0.0,4.0,12.0,12.0
AC004585.1,lncRNA,1.0,0.0,1.0,0.0,4.0,2.0
AC004590.1,lncRNA,0.0,0.5,0.0,0.0,2.0,2.5
AC004593.1,lncRNA,0.0,2.0,0.0,0.0,6.0,3.0
AC004594.1,lncRNA,1.0,2.0,1.0,1.0,22.0,11.0
AC004596.1,lncRNA,0.0,0.0,1.0,0.0,1.0,0.0
AC004597.1,lncRNA,2.0,0.0,0.0,0.0,0.5,0.5
AC004637.1,lncRNA,0.0,2.0,0.0,0.0,5.0,2.0
AC004672.1,lncRNA,1.0,1.0,2.0,1.0,8.0,9.0
AC004672.2,lncRNA,0.0,0.0,0.0,0.0,0.0,1.0
AC004687.1,lncRNA,851.5,706.0,711.0,698.0,2471.5,2401.5
AC004687.3,lncRNA,6.5,3.0,1.0,1.5,25.5,4.5
AC004690.2,lncRNA,0.0,2.0,0.0,0.0,2.0,3.0
AC004691.1,lncRNA,1.0,0.0,0.0,0.0,5.0,4.0
AC004692.2,lncRNA,0.0,1.0,1.0,0.0,2.0,2.0
AC004704.1,lncRNA,1.0,1.0,0.0,6.0,3.0,8.0
AC004704.2,lncRNA,0.0,5.0,1.0,1.0,7.0,7.0
AC004704.3,lncRNA,0.0,1.0,2.0,2.0,26.0,42.0
AC004706.1,lncRNA,0.0,0.0,0.0,2.0,1.0,3.0
AC004707.1,lncRNA,0.0,1.0,0.5,0.0,2.0,4.0
AC004765.1,lncRNA,1.0,6.0,0.0,1.0,0.0,2.0
AC004771.1,lncRNA,0.0,0.0,0.0,0.0,2.0,1.0
AC004771.2,lncRNA,0.0,0.0,0.0,1.0,4.0,5.5
AC004771.3,lncRNA,0.0,1.0,0.0,0.0,0.5,2.0
AC004771.4,lncRNA,0.0,0.5,0.5,0.0,2.0,5.0
AC004775.1,lncRNA,0.0,2.0,0.0,3.0,16.0,14.0
AC004784.1,lncRNA,0.0,0.0,0.0,0.5,0.5,1.5
AC004801.3,lncRNA,0.0,0.0,0.0,0.0,1.0,1.0
AC004801.4,lncRNA,0.0,2.0,0.0,2.0,4.0,6.0
AC004801.5,lncRNA,2.0,0.0,1.0,2.0,3.0,3.0
AC004801.6,lncRNA,1.0,0.0,0.0,0.0,0.0,0.0
AC004803.1,lncRNA,0.0,0.0,5.0,1.0,7.0,7.0
AC004812.2,lncRNA,1.0,2.5,3.5,2.0,13.5,6.5
AC004816.1,lncRNA,0.0,0.0,1.0,0.0,6.0,21.0
AC004816.2,lncRNA,0.0,0.0,0.0,0.0,1.0,2.0
AC004817.1,lncRNA,0.0,0.0,0.0,1.0,0.0,1.0
AC004817.2,lncRNA,0.0,1.0,0.0,0.0,2.0,2.0
AC004817.3,lncRNA,3.0,1.0,0.0,0.0,4.0,10.0
AC004817.4,lncRNA,0.0,1.0,1.0,3.0,4.0,3.0
AC004817.5,lncRNA,1.0,2.0,5.0,2.0,8.0,9.0
AC004825.2,lncRNA,0.0,0.0,0.0,2.0,1.0,2.0
AC004825.3,lncRNA,1.0,8.0,3.0,3.0,20.0,8.5
AC004828.1,lncRNA,0.0,0.0,0.0,0.0,0.0,2.0
AC004828.2,lncRNA,0.0,3.0,1.0,2.0,9.0,1.5
AC004830.2,lncRNA,0.0,0.0,0.0,0.0,1.0,0.0
AC004832.1,lncRNA,4.0,1.0,2.0,2.0,8.5,5.5
AC004832.5,lncRNA,0.0,0.0,1.0,0.0,1.0,3.0
AC004832.6,lncRNA,3.0,1.0,0.0,2.0,11.0,4.0
AC004834.1,lncRNA,1.5,3.5,0.5,3.0,22.0,30.0
AC004835.1,lncRNA,0.0,0.0,0.0,1.0,3.0,4.0
AC004837.2,lncRNA,0.0,0.0,1.0,0.0,0.0,0.0
AC004837.3,lncRNA,0.0,0.0,0.33,0.0,2.0,1.33
AC004837.4,lncRNA,0.0,2.0,1.0,3.0,8.0,4.0
AC004839.2,lncRNA,0.0,1.0,0.0,0.0,2.0,5.0
AC004846.1,lncRNA,1.0,1.0,6.5,3.5,23.5,25.5
AC004846.2,lncRNA,0.0,0.0,0.5,0.0,0.5,0.0
AC004847.1,lncRNA,2.0,0.0,1.0,0.0,3.0,1.0
AC004852.2,lncRNA,2.0,5.0,1.0,2.0,6.0,6.0
AC004854.2,lncRNA,0.5,0.0,4.5,7.0,9.0,11.5
AC004862.1,lncRNA,0.0,0.0,0.0,0.0,3.0,4.0
AC004863.1,lncRNA,2.0,1.0,1.0,4.0,5.0,4.0
AC004869.1,lncRNA,0.0,0.0,0.0,0.0,2.0,0.0
AC004869.2,lncRNA,0.0,0.0,0.0,0.0,1.0,0.0
AC004870.2,lncRNA,2.0,1.0,0.0,0.0,3.5,3.0
AC004870.3,lncRNA,0.0,0.0,0.0,0.0,0.0,1.0
AC004870.4,lncRNA,0.0,0.0,0.0,0.0,0.0,3.0
AC004875.1,lncRNA,2.0,2.0,0.0,0.0,2.0,1.0
AC004877.1,lncRNA,1.0,2.0,4.0,0.5,8.5,10.0
AC004879.1,lncRNA,0.0,0.0,0.0,2.0,0.0,0.0
AC004882.1,lncRNA,2.0,0.0,1.5,0.0,5.5,6.5
AC004882.2,lncRNA,0.0,0.0,0.5,0.0,0.5,0.5
AC004882.3,lncRNA,0.5,0.0,0.5,1.0,2.0,6.0
AC004884.2,lncRNA,0.0,0.0,0.0,0.5,0.0,0.0
AC004888.1,lncRNA,0.0,0.0,0.0,0.0,1.0,0.0
AC004893.2,lncRNA,1.0,0.5,0.5,0.0,10.0,9.5
AC004895.1,lncRNA,0.0,1.0,2.0,0.0,9.0,6.0
AC004900.1,lncRNA,0.0,0.0,1.0,0.0,0.0,0.0
AC004908.1,lncRNA,0.0,0.0,0.0,0.0,1.0,0.0
AC004908.2,lncRNA,0.0,0.0,0.0,1.0,0.0,0.0
AC004908.3,lncRNA,0.0,0.0,0.0,0.0,0.0,1.0
AC004917.1,lncRNA,0.0,2.0,0.0,0.0,2.0,1.0
AC004918.1,lncRNA,0.0,0.0,1.0,0.0,0.0,1.0
AC004918.3,lncRNA,0.0,0.0,0.0,0.0,1.0,0.0
AC004920.1,lncRNA,0.0,0.0,0.0,1.0,0.0,0.0
AC004921.1,lncRNA,0.0,0.0,0.0,0.0,1.0,5.0
AC004921.2,lncRNA,0.0,0.0,0.0,3.0,0.0,0.0
AC004923.4,lncRNA,0.0,0.0,0.0,0.0,3.0,4.0
AC004930.1,lncRNA,0.0,0.0,0.0,0.0,1.0,2.0
AC004936.1,lncRNA,0.0,1.0,4.0,0.0,0.0,1.0
AC004938.2,lncRNA,0.0,0.0,0.0,2.0,3.0,1.0
AC004941.1,lncRNA,1.0,1.0,0.0,0.0,4.0,7.0
AC004943.1,lncRNA,0.0,0.0,0.0,0.0,1.0,3.0
AC004943.2,lncRNA,6.5,4.0,5.5,5.0,18.5,14.0
AC004943.3,lncRNA,0.0,0.0,0.0,0.0,1.0,0.0
AC004944.1,lncRNA,1.0,1.0,0.0,1.0,5.0,1.0
AC004946.1,lncRNA,1.0,0.0,0.0,0.0,0.0,0.0
AC004946.2,lncRNA,0.0,0.0,0.0,0.0,0.0,1.0
AC004947.1,lncRNA,0.0,0.0,1.0,0.0,6.0,4.0
AC004947.3,lncRNA,0.0,1.0,0.0,1.0,6.0,1.0
AC004951.1,lncRNA,0.5,0.0,0.0,1.0,6.0,2.5
AC004951.4,lncRNA,0.67,0.0,0.0,0.67,3.67,1.67
AC004967.2,lncRNA,0.0,2.0,0.0,1.0,1.0,0.0
AC004969.1,lncRNA,0.0,1.0,0.0,0.0,1.0,3.0
AC004974.1,lncRNA,0.0,1.0,3.0,1.0,5.0,6.0
AC004975.2,lncRNA,0.0,0.0,1.0,3.0,3.0,2.0
AC004982.1,lncRNA,0.0,0.0,1.0,0.0,4.0,2.0
AC004990.1,lncRNA,0.0,2.0,2.0,2.0,3.0,2.0
AC005005.3,lncRNA,0.0,0.5,0.0,0.5,2.5,3.0
AC005005.4,lncRNA,13.0,30.0,6.0,21.0,54.0,45.0
AC005006.1,lncRNA,6.0,3.0,0.0,0.0,1.0,0.0
AC005009.1,lncRNA,0.0,0.0,0.0,0.0,1.0,1.0
AC005013.1,lncRNA,0.0,0.0,0.5,0.0,1.0,0.0
AC005014.2,lncRNA,0.0,0.0,1.0,0.0,0.0,1.0
AC005014.3,lncRNA,0.0,0.0,0.0,0.0,0.0,1.0
AC005014.4,lncRNA,0.5,0.0,0.0,0.0,1.0,1.0
AC005019.2,lncRNA,0.0,0.0,0.0,2.0,5.0,12.0
AC005034.2,lncRNA,0.0,1.0,0.0,1.0,1.0,9.0
AC005034.3,lncRNA,0.0,0.5,1.5,1.5,0.0,0.5
AC005034.6,lncRNA,3.0,2.0,2.5,0.0,8.0,5.0
AC005037.1,lncRNA,1.5,4.5,0.0,0.5,2.0,2.0
AC005040.2,lncRNA,0.0,2.0,0.0,7.0,7.0,7.0
AC005041.3,lncRNA,0.0,0.0,1.0,0.0,5.0,3.0
AC005041.4,lncRNA,0.0,0.33,0.33,0.33,6.33,3.5
AC005041.5,lncRNA,0.0,0.33,2.33,0.5,6.5,3.83
AC005042.1,lncRNA,0.0,0.0,1.0,0.0,1.0,1.0
AC005046.1,lncRNA,0.0,0.0,0.0,0.0,0.5,1.5
AC005050.1,lncRNA,0.0,0.0,0.0,0.0,5.0,1.0
AC005050.2,lncRNA,1.0,0.0,1.0,0.0,1.0,1.0
AC005050.3,lncRNA,0.0,0.0,0.0,1.0,0.0,1.0
AC005052.2,lncRNA,0.0,0.0,1.0,1.0,0.0,3.0
AC005062.1,lncRNA,0.0,1.5,1.0,2.0,1.0,3.0
AC005064.1,lncRNA,1.0,2.0,3.0,49.0,13.0,5.0
AC005070.3,lncRNA,0.0,1.0,0.0,1.0,0.0,0.0
AC005071.1,lncRNA,0.0,1.0,0.0,2.0,0.0,0.0
AC005072.1,lncRNA,0.0,0.0,0.0,3.0,1.0,3.0
AC005076.1,lncRNA,2.0,1.0,1.5,0.0,34.0,17.0
AC005081.1,lncRNA,0.0,0.0,1.0,2.0,8.0,3.0
AC005082.1,lncRNA,0.0,4.0,4.0,1.5,11.5,7.0
AC005082.2,lncRNA,0.0,1.0,0.0,0.5,0.5,1.0
AC005083.1,lncRNA,0.0,0.0,0.0,0.0,0.0,1.0
AC005086.2,lncRNA,2.0,0.0,1.0,0.0,3.0,1.0
AC005089.1,lncRNA,4.0,3.0,1.0,9.0,4.0,3.0
AC005090.1,lncRNA,0.0,0.0,0.0,0.0,2.0,2.0
AC005096.1,lncRNA,0.0,0.0,0.0,0.0,1.0,0.0
AC005100.1,lncRNA,0.0,4.0,1.0,2.0,6.0,3.0
AC005100.2,lncRNA,1.0,0.0,1.0,0.0,2.0,2.0
AC005104.1,lncRNA,0.0,0.0,2.0,0.0,0.5,4.0
AC005144.1,lncRNA,0.0,0.0,0.0,0.0,2.0,0.0
AC005153.1,lncRNA,0.0,0.0,1.0,1.0,1.0,2.0
AC005154.3,lncRNA,0.0,0.0,0.0,0.0,0.0,0.5
AC005154.4,lncRNA,2.0,1.0,0.0,0.0,0.0,0.0
AC005160.1,lncRNA,0.0,0.0,1.0,0.0,0.0,0.0
AC005162.1,lncRNA,0.0,0.0,1.0,3.0,13.0,5.0
AC005162.2,lncRNA,2.0,1.0,1.0,1.0,9.0,12.0
AC005165.1,lncRNA,1.0,5.0,4.0,4.0,14.0,18.5
AC005165.3,lncRNA,0.0,2.0,0.0,0.0,1.0,1.5
AC005180.1,lncRNA,0.0,0.0,0.0,0.0,2.0,0.0
AC005180.2,lncRNA,0.0,1.0,0.0,1.0,1.0,1.0
AC005197.1,lncRNA,5.0,0.0,0.0,0.0,1.0,2.0
AC005208.1,lncRNA,0.0,0.0,0.0,0.0,3.0,0.0
AC005209.1,lncRNA,1.0,1.0,1.0,0.5,6.0,3.0
AC005220.1,lncRNA,0.0,0.0,0.0,1.5,1.5,0.0
AC005224.1,lncRNA,1.0,5.0,3.0,3.0,14.0,20.0
AC005224.2,lncRNA,0.0,0.0,0.0,4.0,6.0,6.0
AC005224.3,lncRNA,1.0,2.0,0.0,1.0,7.0,1.0
AC005225.1,lncRNA,0.0,0.0,0.0,0.0,1.0,3.0
AC005225.2,lncRNA,2.0,5.0,2.0,3.0,5.5,11.0
AC005225.3,lncRNA,0.0,0.0,0.0,0.0,0.0,1.0
AC005229.3,lncRNA,0.0,1.0,1.0,2.5,17.5,17.0
AC005229.4,lncRNA,0.0,0.0,0.0,0.0,6.0,1.0
AC005232.1,lncRNA,0.0,0.0,0.0,0.0,1.5,1.5
AC005234.1,lncRNA,0.0,0.0,0.0,2.0,0.0,0.0
AC005234.2,lncRNA,0.0,0.0,0.0,1.5,5.0,4.0
AC005252.4,lncRNA,4.0,2.0,0.0,1.0,0.0,0.0
AC005253.1,lncRNA,0.0,1.0,2.5,0.5,2.5,3.5
AC005253.2,lncRNA,0.0,0.5,0.5,0.0,6.0,4.0
AC005256.1,lncRNA,0.0,1.0,1.0,1.0,3.0,3.0
AC005258.2,lncRNA,0.0,0.0,0.0,2.0,3.0,5.0
AC005261.1,lncRNA,0.0,3.0,0.0,2.0,3.0,3.0
AC005261.2,lncRNA,2.0,5.0,4.5,1.0,9.5,10.5
AC005261.3,lncRNA,0.0,0.0,0.0,0.0,0.0,0.5
AC005262.2,lncRNA,0.0,0.0,1.0,0.0,2.0,2.0
AC005264.1,lncRNA,0.0,2.0,1.0,0.0,3.0,4.5
AC005277.1,lncRNA,0.0,0.0,0.0,0.0,1.5,0.5
AC005277.2,lncRNA,0.0,0.0,0.0,0.0,0.0,1.0
AC005280.1,lncRNA,1.0,0.0,1.0,1.0,7.0,9.0
AC005280.2,lncRNA,0.5,0.0,0.0,1.0,4.0,3.0
AC005280.3,lncRNA,0.5,0.0,0.0,0.0,1.0,0.0
AC005281.1,lncRNA,0.0,1.0,0.0,0.0,5.5,4.5
AC005288.1,lncRNA,0.5,0.0,0.0,1.0,9.0,8.5
AC005291.1,lncRNA,0.0,1.0,0.0,0.0,0.5,0.5
AC005291.2,lncRNA,0.0,0.0,0.0,0.0,0.0,1.0
AC005293.1,lncRNA,0.0,1.0,1.0,0.0,9.0,5.0
AC005301.1,lncRNA,0.0,0.0,0.0,0.0,0.5,0.5
AC005301.2,lncRNA,3.0,0.5,0.0,0.0,1.5,0.0
AC005303.1,lncRNA,0.0,1.0,0.0,1.0,7.0,5.0
AC005304.1,lncRNA,0.0,0.0,0.0,0.0,2.0,0.0
AC005304.2,lncRNA,1.0,0.0,0.0,0.0,0.0,1.0
AC005304.3,lncRNA,0.0,0.0,0.0,0.0,0.0,1.0
AC005306.1,lncRNA,0.5,0.5,2.0,0.5,3.0,1.5
AC005307.1,lncRNA,2.0,0.0,1.0,0.0,5.0,2.0
AC005323.1,lncRNA,0.5,0.0,0.5,1.0,0.0,1.0
AC005323.2,lncRNA,0.0,1.5,0.0,0.0,0.5,0.0
AC005324.4,lncRNA,1.0,0.0,1.0,0.0,0.0,0.0
AC005329.1,lncRNA,3.0,3.5,0.5,2.0,11.0,13.5
AC005329.2,lncRNA,0.0,0.0,1.5,2.0,1.0,1.5
AC005329.3,lncRNA,0.0,1.5,3.0,0.0,10.0,10.0
AC005330.1,lncRNA,0.0,2.0,0.0,0.0,4.0,1.0
AC005332.1,lncRNA,4.0,9.0,1.0,4.0,9.0,9.0
AC005332.2,lncRNA,0.0,0.0,1.0,0.0,4.0,3.0
AC005332.5,lncRNA,3.0,2.0,5.0,2.5,7.0,7.5
AC005332.6,lncRNA,0.0,0.0,0.5,5.0,7.5,5.5
AC005339.1,lncRNA,0.0,0.0,0.0,0.0,0.5,0.0
AC005342.1,lncRNA,0.0,0.0,0.0,0.0,0.0,2.0
AC005342.2,lncRNA,0.0,0.0,0.0,6.0,1.0,1.0
AC005343.1,lncRNA,0.0,4.0,1.0,8.0,1.0,5.0
AC005343.4,lncRNA,0.0,0.0,0.0,0.0,1.0,1.0
AC005344.1,lncRNA,0.0,0.0,0.0,0.0,0.0,1.0
AC005355.1,lncRNA,0.0,0.0,1.0,1.0,0.0,0.0
AC005358.1,lncRNA,0.5,0.0,0.0,2.0,7.5,2.0
AC005363.2,lncRNA,1.0,1.0,1.0,0.0,1.0,0.0
AC005379.1,lncRNA,0.0,1.0,0.0,0.0,1.0,5.0
AC005381.1,lncRNA,0.0,0.0,0.0,0.0,0.0,1.0
AC005387.1,lncRNA,1.0,2.5,1.5,1.0,0.0,3.5
AC005387.2,lncRNA,0.0,0.0,0.0,0.0,2.0,0.0
AC005391.1,lncRNA,0.0,1.0,0.0,0.0,1.0,2.0
AC005392.1,lncRNA,0.0,2.0,0.0,0.0,0.0,1.0
AC005394.2,lncRNA,0.0,0.5,0.5,5.5,5.0,6.0
AC005400.1,lncRNA,1.0,1.0,0.0,3.0,3.0,2.0
AC005410.2,lncRNA,0.0,0.5,0.0,0.0,1.0,1.0
AC005414.1,lncRNA,0.0,3.0,3.0,3.0,3.0,2.0
AC005476.2,lncRNA,3.0,1.0,0.0,1.0,5.0,7.0
AC005479.2,lncRNA,0.0,3.0,0.0,0.0,0.0,1.0
AC005480.1,lncRNA,1.0,0.0,3.0,4.0,3.0,2.0
AC005481.1,lncRNA,3.0,11.0,9.0,2.0,38.0,32.0
AC005482.1,lncRNA,0.0,0.0,0.0,1.0,1.0,0.0
AC005486.1,lncRNA,0.0,0.0,0.0,0.0,1.0,0.0
AC005487.1,lncRNA,2.0,0.0,0.0,5.0,10.0,14.0
AC005495.1,lncRNA,0.0,0.0,0.0,1.0,0.0,0.0
AC005498.2,lncRNA,1.0,1.0,4.0,2.0,4.0,3.0
AC005498.3,lncRNA,2.0,1.0,0.0,1.0,3.0,2.0
AC005518.1,lncRNA,0.0,0.0,1.0,0.0,2.0,0.0
AC005519.1,lncRNA,0.0,2.5,0.0,0.5,2.0,2.0
AC005520.2,lncRNA,5.0,1.0,4.0,4.0,44.0,27.0
AC005520.5,lncRNA,0.5,0.0,0.0,9.0,0.5,0.5
AC005522.1,lncRNA,1.0,3.0,0.0,1.0,4.0,7.0
AC005523.1,lncRNA,0.0,1.0,1.0,0.0,5.0,0.0
AC005523.2,lncRNA,2.0,2.5,2.5,5.5,20.5,11.5
AC005529.1,lncRNA,2.0,16.0,4.0,3.0,4.0,16.0
AC005532.1,lncRNA,0.0,1.0,2.0,0.0,5.0,3.0
AC005537.1,lncRNA,5.5,4.0,1.0,6.0,9.5,3.0
AC005538.1,lncRNA,0.5,0.0,0.0,1.0,1.0,0.0
AC005538.3,lncRNA,0.0,0.0,1.0,0.0,5.0,4.0
AC005540.1,lncRNA,1.5,0.0,2.0,1.0,9.5,5.5
AC005544.1,lncRNA,0.0,0.0,0.0,0.0,1.0,1.0
AC005544.2,lncRNA,0.5,0.0,0.0,0.0,2.0,0.0
AC005546.1,lncRNA,0.0,0.0,0.0,1.0,0.0,1.0
AC005548.1,lncRNA,0.0,0.0,0.0,1.0,2.0,1.5
AC005549.1,lncRNA,1.0,1.0,0.0,0.0,3.0,1.0
AC005550.1,lncRNA,2.0,0.0,0.0,0.0,0.0,1.0
AC005550.2,lncRNA,1.0,2.0,1.0,1.0,5.0,9.0
AC005552.1,lncRNA,0.0,0.0,0.0,0.0,1.0,1.0
AC005562.1,lncRNA,10.0,11.5,4.0,11.5,8.0,11.0
AC005580.1,lncRNA,0.0,1.0,0.0,1.0,1.0,1.0
AC005586.1,lncRNA,0.0,0.0,1.0,1.0,5.5,4.0
AC005592.1,lncRNA,0.0,0.0,0.0,0.0,1.0,0.0
AC005592.2,lncRNA,1.0,0.0,0.0,2.0,2.0,1.0
AC005594.1,lncRNA,1.0,2.5,3.0,0.0,7.0,2.0
AC005597.1,lncRNA,0.0,2.0,0.0,2.5,9.5,3.5
AC005599.1,lncRNA,0.0,2.0,4.0,0.0,3.0,3.0
AC005606.1,lncRNA,0.5,1.5,0.0,0.0,0.0,0.0
AC005606.2,lncRNA,2.0,5.0,4.0,2.5,14.5,13.0
AC005609.1,lncRNA,0.5,0.5,0.0,0.0,5.0,1.0
AC005609.2,lncRNA,0.5,0.0,0.0,0.0,1.0,0.5
AC005609.3,lncRNA,0.0,0.0,0.0,0.0,0.5,0.5
AC005609.5,lncRNA,2.0,0.0,1.0,1.0,6.5,6.5
AC005614.1,lncRNA,0.0,0.5,0.5,2.0,2.5,4.0
AC005614.2,lncRNA,0.0,0.0,0.0,1.0,0.5,0.5
AC005616.1,lncRNA,0.0,0.0,0.0,1.0,2.0,1.0
AC005618.1,lncRNA,0.0,3.0,1.0,1.0,3.0,3.0
AC005618.2,lncRNA,0.0,0.0,0.0,0.0,0.5,1.5
AC005618.3,lncRNA,0.0,0.0,0.5,0.0,0.5,0.5
AC005618.4,lncRNA,0.0,2.0,0.0,0.0,0.0,3.0
AC005625.1,lncRNA,1.0,2.0,1.0,0.0,5.0,11.5
AC005632.3,lncRNA,0.0,0.0,0.0,0.0,5.0,4.0
AC005632.5,lncRNA,1.0,0.0,0.0,1.0,1.0,0.0
AC005632.6,lncRNA,0.0,1.0,0.0,0.0,3.0,4.0
AC005670.1,lncRNA,0.0,0.0,0.0,0.0,2.0,4.0
AC005670.3,lncRNA,5.0,9.83,10.0,15.5,79.33,82.5
AC005674.1,lncRNA,0.0,1.0,0.0,0.0,7.0,4.0
AC005682.2,lncRNA,0.0,0.0,1.0,0.0,2.0,3.0
AC005692.1,lncRNA,0.0,4.0,0.0,0.0,1.0,0.0
AC005692.3,lncRNA,0.0,0.0,0.0,0.0,12.0,7.0
AC005695.1,lncRNA,2.0,4.0,7.0,5.0,18.0,16.0
AC005695.2,lncRNA,0.0,0.0,0.0,0.0,0.0,1.0
AC005695.3,lncRNA,1.0,0.0,0.0,0.0,2.0,0.0
AC005696.1,lncRNA,0.0,4.0,0.0,0.0,1.5,3.0
AC005696.2,lncRNA,0.0,0.0,0.0,0.0,0.0,0.5
AC005696.3,lncRNA,0.0,0.0,0.0,0.0,0.0,1.0
AC005696.4,lncRNA,2.0,2.0,2.0,1.0,16.0,12.0
AC005697.2,lncRNA,0.0,2.0,1.0,0.0,0.5,0.5
AC005697.3,lncRNA,0.0,0.0,0.0,0.0,2.0,2.0
AC005699.1,lncRNA,0.0,0.0,0.0,5.0,3.0,4.0
AC005703.1,lncRNA,1.0,0.0,0.0,0.0,0.0,2.0
AC005703.3,lncRNA,1.0,0.0,0.0,0.0,0.0,0.0
AC005703.6,lncRNA,0.0,0.0,0.0,0.0,3.5,2.0
AC005722.3,lncRNA,2.0,1.0,2.0,0.0,7.0,10.0
AC005722.4,lncRNA,0.0,0.0,0.0,1.0,1.5,1.0
AC005725.1,lncRNA,0.0,1.0,1.0,0.0,1.0,3.0
AC005726.2,lncRNA,0.0,0.0,0.5,0.0,1.5,1.0
AC005726.3,lncRNA,0.0,0.5,0.0,0.0,0.5,0.5
AC005726.4,lncRNA,1.0,1.0,0.5,1.5,0.0,0.0
AC005730.2,lncRNA,1.0,1.0,2.0,4.0,7.0,3.5
AC005730.3,lncRNA,0.0,0.0,0.0,0.0,1.0,0.0
AC005736.1,lncRNA,0.0,0.0,0.0,0.0,0.0,1.0
AC005740.3,lncRNA,0.0,0.0,0.0,0.0,1.0,0.0
AC005740.4,lncRNA,0.0,0.0,0.0,1.0,1.0,0.0
AC005740.5,lncRNA,8.0,12.0,10.0,11.0,37.0,30.0
AC005746.1,lncRNA,1.0,0.0,0.0,0.0,2.0,0.0
AC005746.2,lncRNA,0.0,0.0,0.5,0.0,1.0,0.0
AC005746.3,lncRNA,0.0,0.0,0.0,0.0,1.0,2.0
AC005753.1,lncRNA,0.0,1.0,1.0,1.0,3.0,3.0
AC005753.2,lncRNA,0.0,0.0,1.0,0.0,0.0,0.0
AC005753.3,lncRNA,1.0,2.0,0.0,0.0,4.0,5.0
AC005757.1,lncRNA,0.0,0.0,0.0,1.0,1.0,0.0
AC005759.1,lncRNA,0.33,1.0,1.0,0.0,7.67,5.67
AC005772.1,lncRNA,2.0,0.0,0.0,0.0,2.0,0.0
AC005772.2,lncRNA,2.0,0.0,0.0,1.0,6.0,4.0
AC005774.2,lncRNA,0.0,0.0,0.0,0.0,1.0,0.0
AC005775.1,lncRNA,1.0,0.5,3.5,1.5,16.0,13.0
AC005776.2,lncRNA,1.0,9.0,0.0,4.0,4.0,1.0
AC005785.1,lncRNA,7.5,12.5,10.0,7.5,15.5,16.0
AC005786.2,lncRNA,0.0,1.0,2.0,0.0,0.0,3.0
AC005786.3,lncRNA,0.5,0.5,0.5,1.0,0.5,0.5
AC005789.1,lncRNA,0.0,0.5,1.0,0.0,1.0,0.0
AC005790.1,lncRNA,1.0,1.0,0.0,1.0,0.0,1.0
AC005803.1,lncRNA,1.0,1.0,0.0,0.0,0.5,1.0
AC005808.1,lncRNA,0.0,0.0,0.0,0.0,1.0,1.0
AC005821.1,lncRNA,1.0,4.0,4.0,0.0,8.0,6.5
AC005821.2,lncRNA,1.0,0.0,2.0,3.0,2.0,0.0
AC005823.1,lncRNA,1.0,0.0,0.0,1.0,0.0,0.0
AC005823.2,lncRNA,0.0,0.5,0.0,0.0,1.0,0.5
AC005828.1,lncRNA,0.5,2.5,0.0,0.0,1.0,2.0
AC005828.2,lncRNA,0.0,0.0,1.0,0.0,4.0,3.0
AC005828.3,lncRNA,0.0,0.0,0.0,0.5,0.0,1.0
AC005828.4,lncRNA,6.0,4.0,2.0,3.0,34.0,36.0
AC005828.5,lncRNA,0.0,0.0,0.0,0.0,0.0,1.0
AC005833.2,lncRNA,1.0,2.0,4.0,1.0,7.0,16.0
AC005837.1,lncRNA,0.0,0.0,2.0,0.0,3.0,5.0
AC005837.4,lncRNA,1.0,0.0,0.0,2.0,2.0,1.0
AC005838.2,lncRNA,0.0,1.0,0.0,4.0,1.0,1.0
AC005840.2,lncRNA,2.0,3.0,0.0,2.0,6.0,11.0
AC005840.4,lncRNA,1.0,0.0,0.0,0.0,5.0,2.0
AC005841.1,lncRNA,0.0,0.0,0.0,0.0,0.0,0.5
AC005845.1,lncRNA,0.0,0.0,0.0,0.0,1.0,1.0
AC005856.1,lncRNA,0.0,0.0,1.0,0.0,3.0,2.0
AC005863.1,lncRNA,1.0,0.0,4.0,0.0,1.0,6.0
AC005865.2,lncRNA,0.0,0.5,0.0,0.0,0.0,2.0
AC005871.1,lncRNA,3.0,0.0,1.0,0.0,1.0,0.0
AC005871.2,lncRNA,0.0,0.0,0.0,0.0,0.0,1.0
AC005884.1,lncRNA,0.0,0.33,0.5,1.5,0.0,0.0
AC005884.2,lncRNA,0.0,0.83,0.0,1.0,0.0,0.5
AC005888.1,lncRNA,0.0,1.5,1.0,0.0,4.0,3.0
AC005899.1,lncRNA,0.0,0.0,2.0,0.0,0.0,0.0
AC005899.4,lncRNA,0.0,1.5,3.0,0.5,7.0,5.5
AC005899.5,lncRNA,3.0,0.0,0.0,3.0,0.0,0.0
AC005899.8,lncRNA,2.0,4.0,3.0,7.0,29.0,29.0
AC005901.1,lncRNA,0.0,0.0,0.0,1.0,1.0,0.0
AC005906.2,lncRNA,4.5,15.5,13.5,12.0,29.0,30.0
AC005906.3,lncRNA,1.0,3.0,0.0,0.0,7.0,8.0
AC005908.2,lncRNA,0.0,0.0,0.0,1.0,0.0,0.0
AC005909.1,lncRNA,0.0,0.0,0.0,2.0,6.0,3.0
AC005909.2,lncRNA,0.0,0.0,0.0,0.0,3.0,0.0
AC005911.1,lncRNA,0.0,0.0,0.0,0.0,1.0,1.0
AC005912.2,lncRNA,0.0,2.0,3.0,3.0,8.0,5.0
AC005914.1,lncRNA,1.0,2.0,0.0,0.0,2.0,2.0
AC005920.1,lncRNA,2.0,0.0,4.0,2.0,13.0,5.0
AC005920.3,lncRNA,0.0,0.0,1.0,0.0,8.0,5.0
AC005920.4,lncRNA,0.0,0.0,0.0,0.0,0.0,0.5
AC005921.2,lncRNA,0.0,0.0,0.0,2.5,0.5,0.0
AC005921.4,lncRNA,1.0,1.0,1.0,0.0,8.0,6.0
AC005944.1,lncRNA,2.5,2.5,2.5,0.0,6.0,4.0
AC005954.2,lncRNA,0.0,0.0,0.0,0.0,2.0,2.0
AC005962.1,lncRNA,0.0,0.0,0.0,0.0,1.0,0.0
AC005962.2,lncRNA,1.0,1.0,5.0,2.0,4.5,4.5
AC005972.3,lncRNA,2.0,5.0,3.0,1.0,4.0,6.0
AC005993.1,lncRNA,0.0,1.0,1.0,1.0,6.0,4.0
AC005996.1,lncRNA,0.0,0.0,0.0,0.0,1.0,0.0
AC005998.1,lncRNA,1.0,2.0,2.0,5.0,36.0,45.0
AC005999.1,lncRNA,0.0,0.0,0.0,0.0,0.0,1.0
AC005999.2,lncRNA,0.0,0.0,0.0,1.0,2.0,3.0
AC006001.2,lncRNA,9.0,2.0,1.0,6.0,15.0,19.0
AC006003.1,lncRNA,0.0,0.0,1.0,0.0,11.0,1.0
AC006007.1,lncRNA,0.0,1.0,0.0,0.0,2.0,0.0
AC006013.1,lncRNA,0.0,0.0,0.0,0.0,1.0,3.0
AC006017.1,lncRNA,0.0,0.0,1.0,1.0,1.0,1.0
AC006019.1,lncRNA,2.0,5.0,5.0,3.0,7.0,14.0
AC006019.2,lncRNA,0.0,0.0,3.0,3.0,3.0,6.0
AC006019.3,lncRNA,0.0,2.0,0.0,0.0,0.0,2.0
AC006026.3,lncRNA,0.0,0.5,0.0,0.0,1.0,1.5
AC006027.1,lncRNA,0.0,0.0,0.5,0.0,0.5,0.0
AC006033.2,lncRNA,3.0,0.0,0.0,0.0,1.0,2.0
AC006037.1,lncRNA,0.0,0.0,0.0,0.0,1.0,0.0
AC006040.1,lncRNA,1.0,0.0,0.0,0.0,0.0,1.0
AC006041.1,lncRNA,0.0,0.0,0.0,0.0,1.0,0.0
AC006041.2,lncRNA,1.0,1.0,1.0,1.0,4.0,4.0
AC006042.1,lncRNA,0.0,0.0,0.0,0.0,1.0,0.0
AC006042.3,lncRNA,0.0,0.0,0.0,0.0,1.0,1.0
AC006043.1,lncRNA,1.0,0.0,2.0,0.0,0.0,0.0
AC006058.1,lncRNA,2.0,1.0,1.0,1.0,6.0,4.0
AC006058.2,lncRNA,0.0,0.0,0.0,0.0,2.0,9.0
AC006058.3,lncRNA,1.0,4.0,4.0,3.0,6.0,14.0
AC006059.1,lncRNA,3.0,0.0,1.0,0.0,5.0,5.0
AC006059.3,lncRNA,0.0,0.0,0.0,0.5,2.0,2.5
AC006059.4,lncRNA,0.0,0.0,0.0,0.0,0.0,1.0
AC006059.5,lncRNA,3.5,2.0,2.5,8.0,10.0,10.0
AC006062.1,lncRNA,0.0,0.0,1.0,1.0,3.0,4.0
AC006063.1,lncRNA,0.0,0.0,0.0,0.0,0.0,1.0
AC006063.2,lncRNA,0.0,1.0,0.0,0.0,3.0,7.0
AC006063.3,lncRNA,0.0,0.0,0.0,0.0,3.0,4.0
AC006063.4,lncRNA,1.0,5.0,3.0,2.0,8.0,13.0
AC006064.1,lncRNA,1.0,0.0,0.0,0.0,1.0,2.0
AC006064.2,lncRNA,0.0,0.67,0.33,0.0,2.17,1.83
AC006064.3,lncRNA,0.0,0.0,0.0,1.0,0.0,5.0
AC006064.4,lncRNA,4.5,16.5,0.5,0.5,0.0,3.0
AC006064.5,lncRNA,2.5,0.0,1.5,3.0,0.5,0.0
AC006065.4,lncRNA,0.0,0.0,0.0,1.0,3.0,1.0
AC006076.1,lncRNA,0.0,1.0,0.0,3.0,2.0,2.0
AC006111.1,lncRNA,0.0,0.0,0.0,0.0,0.0,0.5
AC006111.2,lncRNA,0.0,0.0,0.0,0.33,2.0,3.0
AC006111.3,lncRNA,0.0,0.0,0.0,0.0,0.0,1.0
AC006112.1,lncRNA,0.0,3.0,0.0,3.0,1.0,2.0
AC006115.2,lncRNA,3.0,11.0,6.5,8.5,33.83,44.33
AC006116.6,lncRNA,0.0,1.0,0.0,0.0,1.0,0.0
AC006116.7,lncRNA,0.0,5.0,1.5,2.0,9.5,12.0
AC006116.8,lncRNA,0.0,1.0,0.0,0.0,0.0,1.5
AC006116.9,lncRNA,0.0,3.0,1.0,2.0,10.0,22.0
AC006130.1,lncRNA,0.0,1.0,2.0,12.0,7.0,37.0
AC006130.3,lncRNA,1.0,0.0,0.0,1.0,19.0,4.0
AC006141.1,lncRNA,2.0,12.0,0.0,0.0,0.0,6.0
AC006144.1,lncRNA,0.0,0.0,0.0,0.0,0.0,1.0
AC006146.1,lncRNA,0.0,2.0,0.0,0.5,0.5,0.0
AC006148.1,lncRNA,9.5,5.5,5.5,7.5,22.5,22.0
AC006148.2,lncRNA,1.0,0.0,0.0,0.0,3.0,1.0
AC006153.1,lncRNA,0.0,0.0,0.0,0.0,0.5,0.0
AC006157.1,lncRNA,0.0,0.0,0.0,0.0,3.0,2.0
AC006160.1,lncRNA,1.0,4.0,1.0,0.0,2.0,5.0
AC006197.2,lncRNA,0.0,0.0,1.0,1.0,5.0,1.0
AC006206.1,lncRNA,0.0,3.0,0.0,5.0,4.0,5.0
AC006206.2,lncRNA,2.0,6.0,0.0,2.0,11.0,10.0
AC006207.1,lncRNA,0.0,0.0,0.0,1.0,0.0,1.0
AC006213.1,lncRNA,0.5,2.0,1.5,2.0,15.0,15.0
AC006213.2,lncRNA,2.0,0.0,2.0,0.0,3.0,9.0
AC006213.3,lncRNA,2.0,0.0,1.0,0.0,7.0,2.0
AC006213.7,lncRNA,1.0,0.0,0.0,0.0,0.0,1.0
AC006230.1,lncRNA,5.0,5.0,3.0,5.0,19.0,9.0
AC006237.1,lncRNA,0.0,0.0,0.0,0.0,3.0,0.0
AC006238.1,lncRNA,2.0,0.0,0.0,0.0,0.0,0.0
AC006238.2,lncRNA,0.0,1.0,1.0,0.0,1.0,2.0
AC006252.1,lncRNA,0.0,1.0,1.0,0.0,1.0,1.0
AC006262.1,lncRNA,6.0,3.0,3.0,5.0,13.0,14.0
AC006262.2,lncRNA,0.0,0.0,0.0,0.0,0.0,2.0
AC006262.3,lncRNA,0.0,0.0,0.0,0.0,0.5,1.0
AC006270.1,lncRNA,0.0,2.0,0.0,1.0,2.0,1.0
AC006273.1,lncRNA,0.0,0.0,0.0,0.0,1.0,1.0
AC006288.1,lncRNA,0.0,0.0,1.0,0.0,1.0,3.0
AC006296.1,lncRNA,0.0,0.0,0.0,0.0,1.0,1.0
AC006296.2,lncRNA,0.0,0.0,0.0,1.0,1.0,0.0
AC006296.3,lncRNA,0.0,5.0,0.0,0.0,3.0,1.0
AC006299.1,lncRNA,2.0,1.0,1.5,3.0,9.5,10.0
AC006305.1,lncRNA,8.0,0.0,0.0,0.0,9.5,8.0
AC006305.2,lncRNA,0.0,0.0,0.0,0.0,3.0,3.0
AC006305.3,lncRNA,0.0,1.0,0.0,1.0,1.0,3.0
AC006348.1,lncRNA,2.0,5.0,0.0,5.0,9.0,10.0
AC006357.1,lncRNA,1.0,1.0,2.0,1.0,1.0,1.0
AC006364.1,lncRNA,0.0,5.0,1.0,1.0,5.0,4.0
AC006369.1,lncRNA,0.0,0.0,1.0,0.0,2.5,0.0
AC006369.2,lncRNA,0.0,0.0,0.0,0.0,1.0,1.0
AC006372.1,lncRNA,1.0,2.0,0.0,1.0,8.0,7.0
AC006372.2,lncRNA,0.0,1.0,2.0,0.0,0.0,3.0
AC006372.3,lncRNA,5.0,8.0,3.0,1.0,20.0,20.0
AC006398.1,lncRNA,1.0,0.0,0.0,0.0,1.0,0.0
AC006427.2,lncRNA,0.0,1.0,0.0,0.0,0.0,1.0
AC006435.1,lncRNA,14.5,5.0,29.5,9.5,42.5,29.0
AC006435.2,lncRNA,0.0,0.0,1.5,0.5,0.5,4.5
AC006435.3,lncRNA,0.5,0.5,0.5,0.0,0.0,0.0
AC006441.1,lncRNA,0.0,0.0,0.0,2.0,0.0,0.0
AC006441.3,lncRNA,0.0,3.5,0.0,0.0,0.0,1.0
AC006441.4,lncRNA,1.0,0.0,0.0,0.0,0.0,2.0
AC006445.2,lncRNA,1.0,0.0,0.0,0.0,0.0,1.0
AC006449.1,lncRNA,0.0,0.0,1.0,0.0,0.0,3.0
AC006449.2,lncRNA,0.5,1.0,0.0,0.0,12.5,7.5
AC006449.3,lncRNA,0.5,0.0,0.0,1.5,2.0,2.5
AC006449.5,lncRNA,0.0,2.0,2.0,6.0,10.5,11.0
AC006449.6,lncRNA,4.5,5.0,1.0,5.0,27.5,25.5
AC006450.1,lncRNA,0.0,0.0,0.0,0.0,6.0,1.0
AC006450.2,lncRNA,0.0,1.0,0.0,0.0,1.5,0.0
AC006450.3,lncRNA,1.0,2.0,1.0,2.0,12.0,21.0
AC006452.1,lncRNA,2.0,9.0,2.0,9.0,8.0,12.0
AC006455.1,lncRNA,0.0,0.0,0.0,0.0,3.0,3.0
AC006455.4,lncRNA,0.0,0.0,0.0,0.0,1.0,0.0
AC006455.5,lncRNA,1.0,8.5,1.5,3.5,36.5,23.5
AC006455.8,lncRNA,0.5,0.0,0.0,0.0,0.5,0.5
AC006458.1,lncRNA,0.0,0.0,0.0,0.0,2.0,0.0
AC006459.1,lncRNA,0.0,0.0,0.0,0.0,1.0,0.0
AC006460.1,lncRNA,1.0,1.0,2.0,1.0,7.5,8.0
AC006460.2,lncRNA,3.0,14.0,20.0,4.0,85.0,74.5
AC006478.1,lncRNA,5.0,0.0,1.0,0.0,3.0,1.0
AC006478.2,lncRNA,1.0,1.0,0.0,0.0,4.0,4.0
AC006480.2,lncRNA,1.0,0.0,0.0,1.0,1.0,0.0
AC006482.1,lncRNA,0.0,0.0,0.0,0.0,1.0,0.0
AC006483.2,lncRNA,1.0,5.0,2.0,0.0,15.0,17.0
AC006487.1,lncRNA,0.0,0.5,0.0,0.5,16.0,16.0
AC006487.2,lncRNA,0.0,0.0,0.0,2.0,6.0,7.0
AC006504.1,lncRNA,0.0,1.0,1.0,1.0,7.0,3.0
AC006504.5,lncRNA,10.5,7.0,6.5,10.0,49.5,47.0
AC006511.4,lncRNA,0.0,3.0,2.0,2.0,4.0,3.0
AC006511.5,lncRNA,4.5,3.0,15.0,4.5,94.5,83.0
AC006511.6,lncRNA,0.0,3.0,0.0,0.0,2.0,0.0
AC006517.2,lncRNA,0.0,2.0,0.0,0.0,2.0,0.0
AC006525.1,lncRNA,0.0,0.0,1.0,0.0,0.0,2.0
AC006538.1,lncRNA,15.0,25.0,16.0,3.0,4.0,6.0
AC006538.3,lncRNA,0.0,1.0,0.0,0.0,3.0,0.0
AC006538.4,lncRNA,1.0,1.0,3.0,1.0,10.0,11.0
AC006547.1,lncRNA,5.5,0.5,2.0,0.0,52.0,59.5
AC006547.2,lncRNA,0.0,0.0,0.0,0.0,2.0,0.5
AC006547.3,lncRNA,0.0,0.0,0.5,0.0,1.0,0.0
AC006557.1,lncRNA,0.0,0.0,0.0,1.0,2.0,1.0
AC006566.1,lncRNA,0.0,1.0,0.0,0.0,1.0,0.0
AC006566.2,lncRNA,0.0,2.0,0.0,0.0,2.0,1.0
AC006581.1,lncRNA,0.0,2.0,0.0,0.0,0.0,0.0
AC006581.2,lncRNA,0.0,0.0,0.0,2.0,0.0,1.0
AC006942.1,lncRNA,1.0,0.0,1.0,0.0,9.0,4.5
AC006946.2,lncRNA,3.0,0.0,2.0,1.0,3.0,0.0
AC006946.3,lncRNA,0.0,0.0,0.0,0.0,1.0,2.0
AC006947.1,lncRNA,0.0,0.0,0.0,0.0,1.0,1.0
AC006960.3,lncRNA,0.0,2.0,0.0,0.0,0.0,0.0
AC006967.2,lncRNA,0.0,0.0,0.0,0.0,1.0,1.0
AC006967.3,lncRNA,0.0,0.0,1.0,2.0,1.0,3.0
AC006972.1,lncRNA,1.0,0.0,0.0,0.0,0.0,1.5
AC006974.1,lncRNA,0.0,2.0,1.0,0.0,3.0,3.0
AC006974.2,lncRNA,1.0,2.0,4.0,0.0,2.0,1.0
AC006994.1,lncRNA,0.0,5.0,0.5,3.0,14.5,7.0
AC007000.3,lncRNA,0.0,0.5,1.0,0.0,0.0,0.5
AC007001.1,lncRNA,0.0,1.0,0.0,0.0,0.0,1.0
AC007003.1,lncRNA,0.0,0.0,0.0,0.0,0.0,0.5
AC007009.1,lncRNA,0.0,1.0,0.0,0.0,4.83,1.0
AC007014.1,lncRNA,0.0,0.0,0.0,0.0,3.0,0.0
AC007014.2,lncRNA,0.0,0.0,0.0,0.0,0.0,1.0
AC007029.1,lncRNA,1.0,0.0,0.0,0.0,4.0,2.0
AC007032.1,lncRNA,0.5,0.0,2.5,1.5,5.0,0.5
AC007036.2,lncRNA,0.0,0.0,0.0,0.0,0.0,2.0
AC007036.3,lncRNA,1.5,1.0,0.5,0.5,1.5,1.5
AC007036.5,lncRNA,0.0,0.0,0.5,1.0,5.0,2.0
AC007038.1,lncRNA,0.0,2.0,0.0,1.0,8.5,2.0
AC007040.1,lncRNA,0.5,0.0,0.0,0.0,4.0,6.5
AC007066.2,lncRNA,1.0,0.0,0.0,0.0,2.0,1.0
AC007066.3,lncRNA,0.0,0.0,0.0,0.0,1.0,0.0
AC007091.1,lncRNA,0.0,0.0,0.0,0.0,2.0,1.0
AC007092.1,lncRNA,0.0,1.5,1.5,0.5,7.0,6.0
AC007098.1,lncRNA,10.0,4.0,9.0,4.0,19.5,16.5
AC007099.1,lncRNA,0.0,0.0,0.0,4.0,1.0,0.0
AC007099.2,lncRNA,0.0,0.0,0.0,0.0,1.0,1.0
AC007100.1,lncRNA,1.0,3.0,0.0,0.0,1.0,2.0
AC007100.2,lncRNA,0.0,0.0,0.0,0.0,1.0,0.0
AC007106.1,lncRNA,0.0,2.0,0.0,0.0,3.0,2.0
AC007106.2,lncRNA,1.0,2.0,1.0,3.0,2.0,1.0
AC007114.1,lncRNA,1.0,0.0,1.0,2.0,30.0,12.0
AC007114.2,lncRNA,13.0,55.0,16.0,12.0,50.0,69.0
AC007126.1,lncRNA,14.0,21.0,11.0,9.0,120.0,103.0
AC007128.1,lncRNA,0.0,1.5,0.5,0.0,7.33,5.0
AC007128.2,lncRNA,0.0,0.0,0.5,0.0,1.5,5.0
AC007130.1,lncRNA,0.0,0.0,0.0,0.0,0.0,1.0
AC007132.1,lncRNA,1.0,0.0,0.0,1.0,4.0,0.0
AC007159.1,lncRNA,1.0,2.0,0.0,1.0,8.0,8.0
AC007161.3,lncRNA,3.67,1.0,1.83,3.33,2.67,1.33
AC007179.1,lncRNA,0.0,0.0,0.0,0.0,3.0,2.0
AC007179.2,lncRNA,5.0,1.0,1.0,4.0,7.0,7.0
AC007182.1,lncRNA,6.5,8.0,1.5,1.5,10.5,19.0
AC007192.2,lncRNA,0.5,0.0,0.5,0.0,2.5,1.5
AC007193.2,lncRNA,0.5,0.0,0.0,0.0,0.0,0.0
AC007193.3,lncRNA,0.0,0.0,0.0,0.0,1.0,0.0
AC007216.1,lncRNA,0.0,0.0,0.0,1.0,2.0,1.0
AC007216.3,lncRNA,0.0,1.0,1.0,2.0,7.0,4.0
AC007216.4,lncRNA,0.0,1.0,4.0,0.0,2.0,1.0
AC007218.1,lncRNA,0.0,0.0,0.0,3.0,0.0,3.0
AC007218.3,lncRNA,0.0,2.0,2.0,0.0,0.0,4.0
AC007220.1,lncRNA,0.0,2.0,1.0,0.0,0.0,2.0
AC007220.2,lncRNA,0.0,0.0,0.0,0.0,2.0,4.0
AC007221.1,lncRNA,0.0,0.0,1.0,0.0,1.0,0.0
AC007222.2,lncRNA,1.0,1.0,1.0,1.0,8.0,2.0
AC007223.1,lncRNA,2.0,16.0,6.0,17.0,302.0,235.0
AC007240.3,lncRNA,0.0,5.0,0.0,4.0,1.0,9.0
AC007250.1,lncRNA,0.0,1.0,2.0,0.0,2.5,4.5
AC007255.1,lncRNA,0.5,1.0,1.0,0.0,5.0,6.5
AC007262.2,lncRNA,3.0,0.0,0.0,9.0,1.0,2.0
AC007269.1,lncRNA,1.0,1.0,1.0,0.0,1.0,3.0
AC007271.1,lncRNA,3.0,11.0,1.0,3.0,14.0,18.0
AC007272.1,lncRNA,0.0,2.0,1.0,1.0,1.5,0.0
AC007277.1,lncRNA,0.0,1.0,2.0,1.0,4.0,6.0
AC007278.1,lncRNA,0.0,0.0,1.0,0.0,3.0,1.0
AC007278.2,lncRNA,0.0,0.0,0.0,0.0,0.0,2.0
AC007279.1,lncRNA,0.0,1.5,0.5,0.5,0.5,5.0
AC007283.1,lncRNA,0.0,0.0,0.0,0.0,0.0,0.5
AC007285.1,lncRNA,0.0,0.0,0.0,0.0,0.0,2.0
AC007292.1,lncRNA,0.0,1.0,0.0,0.0,10.0,7.5
AC007292.2,lncRNA,2.0,1.0,0.0,1.0,4.0,1.0
AC007292.3,lncRNA,0.0,1.0,0.0,0.0,0.5,0.0
AC007298.2,lncRNA,22.0,3.5,0.0,3.5,0.5,0.0
AC007314.1,lncRNA,0.0,0.0,0.0,1.0,1.0,0.0
AC007317.1,lncRNA,0.0,0.0,0.0,1.0,1.0,3.0
AC007317.2,lncRNA,0.0,1.0,0.0,0.0,1.0,0.0
AC007319.1,lncRNA,0.0,2.0,1.5,0.0,1.5,2.0
AC007326.2,lncRNA,3.0,11.0,7.0,10.0,29.0,17.0
AC007326.5,lncRNA,0.0,0.0,0.0,0.5,0.0,0.0
AC007327.2,lncRNA,2.0,0.0,0.0,0.0,0.0,0.0
AC007333.1,lncRNA,1.0,0.0,1.0,0.0,3.0,2.0
AC007333.2,lncRNA,0.0,0.0,0.0,3.0,0.0,0.0
AC007336.1,lncRNA,2.0,1.0,4.0,2.0,35.0,39.0
AC007336.2,lncRNA,0.0,0.0,0.0,0.0,2.0,1.0
AC007342.1,lncRNA,0.0,0.0,0.0,3.0,4.0,7.0
AC007342.4,lncRNA,1.0,1.0,0.0,1.0,5.0,6.0
AC007342.5,lncRNA,0.0,3.0,1.0,2.0,0.0,2.0
AC007343.1,lncRNA,0.0,0.0,0.0,0.0,2.0,2.0
AC007344.1,lncRNA,0.0,1.0,1.0,2.5,2.0,6.0
AC007347.1,lncRNA,0.0,0.0,0.0,0.0,1.0,0.0
AC007349.1,lncRNA,0.0,0.0,0.0,1.0,1.0,1.0
AC007349.2,lncRNA,0.0,0.0,0.0,0.0,1.0,2.0
AC007349.3,lncRNA,0.0,0.0,0.0,0.0,2.0,2.0
AC007349.4,lncRNA,0.0,0.0,0.0,6.0,1.0,0.0
AC007350.1,lncRNA,0.0,0.0,0.0,2.0,2.0,2.0
AC007359.1,lncRNA,1.0,2.0,0.0,3.0,3.0,8.0
AC007362.1,lncRNA,2.0,4.0,1.0,0.0,4.0,3.0
AC007365.1,lncRNA,0.0,0.0,0.0,2.0,1.0,1.0
AC007368.1,lncRNA,2.0,1.0,7.5,7.0,11.0,16.0
AC007370.2,lncRNA,0.0,0.0,0.0,1.0,2.0,2.0
AC007375.3,lncRNA,3.0,2.0,3.0,2.0,16.0,15.0
AC007376.2,lncRNA,0.0,1.0,0.0,1.0,2.0,2.0
AC007378.1,lncRNA,0.5,0.0,0.0,0.5,1.0,0.5
AC007381.1,lncRNA,2.5,4.0,10.0,7.0,8.5,11.0
AC007383.1,lncRNA,5.0,2.0,7.0,1.5,9.5,10.5
AC007383.2,lncRNA,0.5,0.0,0.0,0.0,0.5,0.0
AC007384.1,lncRNA,1.0,0.0,0.0,0.0,3.0,2.0
AC007387.1,lncRNA,0.0,0.0,0.0,0.0,4.0,5.0
AC007387.2,lncRNA,0.0,2.0,0.0,0.0,5.0,0.0
AC007389.1,lncRNA,7.0,14.0,3.0,22.0,24.0,18.0
AC007389.2,lncRNA,1.0,0.0,0.0,3.0,0.0,4.0
AC007389.3,lncRNA,0.0,1.0,0.0,1.0,1.0,0.0
AC007390.1,lncRNA,2.0,1.0,0.0,1.0,10.5,5.5
AC007391.1,lncRNA,0.0,0.0,0.0,1.0,4.0,0.0
AC007391.2,lncRNA,0.0,0.0,0.0,1.0,3.0,1.0
AC007391.3,lncRNA,0.0,0.0,1.0,0.0,4.0,1.0
AC007402.1,lncRNA,0.0,4.0,0.0,3.0,1.0,3.0
AC007402.2,lncRNA,2.0,3.0,0.0,0.0,7.0,15.0
AC007403.1,lncRNA,0.0,0.0,1.0,0.0,2.0,0.0
AC007405.1,lncRNA,8.0,26.0,6.0,10.0,13.0,41.0
AC007405.2,lncRNA,1.0,2.0,3.0,0.0,26.0,22.5
AC007405.3,lncRNA,3.0,1.0,5.0,1.0,6.0,13.0
AC007405.4,lncRNA,0.0,2.0,1.0,0.0,5.0,4.0
AC007406.1,lncRNA,1.0,0.0,0.0,0.0,0.0,1.0
AC007406.3,lncRNA,3.0,0.0,7.0,3.0,22.0,21.0
AC007406.4,lncRNA,5.0,9.0,8.0,6.0,45.0,28.0
AC007422.1,lncRNA,3.0,2.0,2.0,1.0,4.0,7.0
AC007423.1,lncRNA,0.0,1.0,0.0,0.0,0.0,0.0
AC007431.1,lncRNA,0.0,0.0,0.0,0.0,1.0,0.0
AC007431.2,lncRNA,0.0,0.0,0.0,0.0,2.0,0.0
AC007432.1,lncRNA,0.0,0.0,2.0,0.0,5.0,2.0
AC007448.3,lncRNA,0.0,0.0,0.0,0.0,0.0,1.0
AC007448.4,lncRNA,0.0,6.0,1.0,2.0,5.5,8.0
AC007448.5,lncRNA,0.0,6.0,0.0,6.0,5.0,7.0
AC007450.1,lncRNA,0.0,0.0,0.0,0.0,1.5,0.0
AC007461.1,lncRNA,0.0,0.0,0.5,0.0,6.0,6.83
AC007463.1,lncRNA,1.0,0.0,0.0,0.0,7.0,8.0
AC007463.2,lncRNA,0.0,0.0,1.0,0.0,1.0,1.0
AC007491.1,lncRNA,2.0,2.0,2.0,2.0,7.0,8.0
AC007493.1,lncRNA,1.0,6.0,0.0,0.0,11.0,4.0
AC007493.2,lncRNA,1.0,2.0,3.0,2.0,4.0,2.0
AC007494.2,lncRNA,0.0,2.0,1.0,0.0,1.0,0.0
AC007495.1,lncRNA,0.5,0.0,0.0,0.0,0.0,0.0
AC007496.1,lncRNA,0.0,0.0,0.0,1.0,2.0,0.0
AC007496.2,lncRNA,3.0,8.0,0.0,2.0,1.0,5.0
AC007497.2,lncRNA,0.0,0.0,0.0,0.0,0.0,1.0
AC007511.1,lncRNA,0.0,2.0,0.0,0.0,4.0,1.0
AC007513.1,lncRNA,0.0,0.0,0.0,0.0,0.0,2.0
AC007527.1,lncRNA,0.0,0.0,0.0,0.0,1.0,0.0
AC007527.2,lncRNA,0.0,0.0,0.5,0.0,0.0,1.5
AC007528.1,lncRNA,1.0,2.0,0.0,0.0,2.0,1.0
AC007529.1,lncRNA,0.0,1.0,0.0,1.0,2.0,7.0
AC007529.2,lncRNA,0.0,0.0,0.0,1.0,1.0,1.0
AC007533.1,lncRNA,0.0,0.0,0.0,1.0,1.0,1.0
AC007535.1,lncRNA,2.0,0.0,0.0,0.0,0.0,0.0
AC007540.1,lncRNA,0.0,0.0,0.0,0.0,1.5,1.5
AC007541.1,lncRNA,1.0,7.0,0.0,0.0,2.0,5.0
AC007552.2,lncRNA,0.0,0.0,0.0,0.0,1.0,2.0
AC007556.1,lncRNA,0.0,0.0,0.0,0.0,1.0,0.0
AC007557.1,lncRNA,3.0,3.0,1.0,0.0,4.0,6.0
AC007557.2,lncRNA,0.0,3.0,1.0,0.0,4.0,3.0
AC007557.3,lncRNA,2.0,1.0,0.5,1.0,1.0,1.0
AC007563.1,lncRNA,0.0,0.0,0.0,0.0,1.0,1.0
AC007563.2,lncRNA,1.5,0.0,0.0,0.0,2.0,1.5
AC007563.3,lncRNA,0.0,0.0,1.0,0.0,1.0,0.0
AC007566.1,lncRNA,0.0,3.0,1.0,3.5,0.5,2.5
AC007569.1,lncRNA,1.0,1.0,3.0,0.0,2.0,0.0
AC007570.1,lncRNA,0.0,1.0,0.0,0.0,0.5,0.0
AC007595.1,lncRNA,0.0,0.0,0.0,2.0,0.0,4.0
AC007598.1,lncRNA,0.0,0.0,0.0,0.0,0.0,2.0
AC007598.2,lncRNA,0.0,0.0,0.0,0.0,2.0,1.0
AC007599.2,lncRNA,0.0,0.0,0.0,0.0,1.0,0.0
AC007601.1,lncRNA,0.0,1.0,2.0,0.0,5.0,3.0
AC007601.2,lncRNA,0.0,0.0,0.0,0.0,2.0,1.0
AC007603.1,lncRNA,4.0,6.0,7.0,1.0,14.0,18.0
AC007608.1,lncRNA,15.0,3.5,1.0,3.5,3.0,5.0
AC007608.2,lncRNA,0.0,1.0,0.0,0.0,1.0,1.0
AC007608.3,lncRNA,1.0,1.5,3.0,3.0,11.0,7.0
AC007610.1,lncRNA,0.0,0.5,0.0,0.0,2.5,1.5
AC007610.5,lncRNA,0.0,0.0,0.0,2.0,3.0,4.0
AC007611.1,lncRNA,0.0,1.0,2.0,0.0,4.0,3.0
AC007613.1,lncRNA,7.0,9.0,4.5,3.0,31.0,17.0
AC007614.1,lncRNA,9.0,5.0,12.0,13.0,44.0,53.0
AC007620.2,lncRNA,0.0,1.5,0.0,0.5,0.0,0.0
AC007620.3,lncRNA,0.0,0.0,0.0,2.0,0.0,0.0
AC007622.2,lncRNA,1.0,0.0,0.0,1.0,6.5,5.0
AC007637.1,lncRNA,0.0,0.0,2.0,2.0,5.0,3.0
AC007638.1,lncRNA,2.0,4.0,6.0,5.0,20.0,35.0
AC007638.2,lncRNA,0.0,2.0,2.0,2.0,3.0,3.0
AC007639.1,lncRNA,0.0,0.0,0.0,0.0,3.5,2.0
AC007649.1,lncRNA,5.0,4.0,1.0,6.0,4.0,5.0
AC007652.1,lncRNA,0.0,1.0,0.0,0.0,0.0,1.0
AC007652.2,lncRNA,1.0,1.0,0.0,0.0,1.0,2.0
AC007652.3,lncRNA,0.0,0.0,0.0,2.0,2.0,0.0
AC007655.2,lncRNA,0.0,0.0,0.0,0.0,0.0,0.5
AC007656.1,lncRNA,0.0,0.0,0.0,0.0,1.0,5.0
AC007656.2,lncRNA,0.0,0.0,0.0,0.0,3.0,1.0
AC007656.4,lncRNA,0.0,1.0,0.0,2.0,0.0,0.0
AC007663.2,lncRNA,0.0,0.0,0.0,0.0,6.0,4.0
AC007663.3,lncRNA,0.0,1.0,0.0,1.0,3.0,7.0
AC007663.4,lncRNA,0.0,0.0,0.0,1.0,0.0,0.0
AC007666.1,lncRNA,1.0,0.5,0.0,1.5,2.5,4.5
AC007666.2,lncRNA,0.0,0.0,2.0,0.0,2.5,1.5
AC007671.1,lncRNA,0.0,0.0,0.0,0.0,0.0,2.0
AC007673.1,lncRNA,0.0,0.0,0.0,0.0,1.0,0.0
AC007679.1,lncRNA,0.0,1.0,0.0,1.5,0.0,0.5
AC007681.1,lncRNA,1.0,0.0,0.0,0.0,4.0,5.0
AC007682.1,lncRNA,0.0,0.0,0.0,0.0,0.0,1.0
AC007686.2,lncRNA,0.0,0.0,0.0,0.0,0.0,1.0
AC007686.3,lncRNA,3.0,3.0,4.5,6.0,15.5,18.0
AC007686.4,lncRNA,4.0,2.0,0.0,0.0,4.0,5.5
AC007686.5,lncRNA,0.0,1.0,0.0,0.0,0.0,1.0
AC007688.3,lncRNA,0.0,0.0,4.0,0.0,3.0,2.0
AC007695.1,lncRNA,0.0,5.0,0.5,1.0,31.5,35.5
AC007728.1,lncRNA,1.0,0.0,0.0,0.0,1.0,2.0
AC007728.2,lncRNA,3.0,1.0,1.0,5.0,3.5,1.0
AC007728.3,lncRNA,0.0,0.0,0.0,0.0,2.0,1.0
AC007731.2,lncRNA,0.0,1.0,0.0,0.0,0.0,0.0
AC007731.3,lncRNA,0.0,0.0,0.0,0.0,1.5,7.0
AC007731.5,lncRNA,0.0,0.0,0.0,0.0,0.0,0.5
AC007736.1,lncRNA,0.0,2.0,0.0,0.0,10.0,8.0
AC007743.1,lncRNA,0.0,3.0,1.0,1.0,32.0,15.5
AC007744.1,lncRNA,0.0,1.0,1.0,1.0,1.5,4.0
AC007749.2,lncRNA,3.0,2.0,1.0,2.0,6.0,4.0
AC007750.1,lncRNA,0.0,1.0,0.0,1.0,4.5,4.0
AC007773.1,lncRNA,1.0,2.0,2.0,0.0,9.5,4.0
AC007780.1,lncRNA,0.5,2.0,1.5,0.5,2.5,9.0
AC007785.1,lncRNA,0.0,0.0,0.0,2.0,1.0,0.0
AC007785.3,lncRNA,1.0,4.0,3.0,12.0,10.0,14.0
AC007786.1,lncRNA,1.0,3.0,0.0,1.0,2.0,5.0
AC007786.2,lncRNA,1.0,0.0,0.0,0.0,6.0,6.0
AC007786.3,lncRNA,0.0,0.0,0.0,0.0,2.0,0.0
AC007786.4,lncRNA,4.0,4.0,4.0,3.0,12.0,11.0
AC007787.1,lncRNA,2.0,1.0,2.0,0.0,5.0,3.0
AC007795.1,lncRNA,0.0,2.0,0.0,0.0,4.0,0.0
AC007823.1,lncRNA,0.0,1.0,0.0,0.0,1.0,0.0
AC007834.1,lncRNA,0.0,0.0,0.0,0.0,1.0,0.0
AC007846.1,lncRNA,0.0,0.5,0.0,1.0,10.0,6.5
AC007848.1,lncRNA,0.0,0.0,0.0,0.0,0.0,2.0
AC007848.2,lncRNA,1.0,0.0,0.0,0.0,2.0,2.0
AC007849.1,lncRNA,2.0,1.0,1.0,1.0,0.0,1.0
AC007861.1,lncRNA,1.0,0.0,3.0,0.0,4.0,3.0
AC007861.2,lncRNA,1.0,1.0,0.0,0.0,1.0,0.0
AC007876.1,lncRNA,0.0,0.0,0.0,1.0,6.0,10.0
AC007877.1,lncRNA,0.0,0.0,0.0,0.0,5.0,15.0
AC007878.1,lncRNA,0.0,0.0,0.0,0.0,0.0,3.0
AC007879.1,lncRNA,0.0,0.0,0.0,0.0,1.0,0.0
AC007879.2,lncRNA,0.0,0.0,0.0,0.0,2.0,1.0
AC007879.3,lncRNA,4.0,4.0,2.0,0.0,6.0,7.0
AC007879.5,lncRNA,1.0,2.0,0.0,0.0,5.0,6.0
AC007880.1,lncRNA,0.0,1.0,0.0,1.0,5.0,2.0
AC007881.3,lncRNA,0.0,1.0,0.0,0.0,1.0,2.0
AC007881.4,lncRNA,0.0,2.0,0.0,0.0,1.0,2.0
AC007906.1,lncRNA,0.0,2.0,0.0,0.0,1.0,1.0
AC007907.1,lncRNA,0.0,0.0,0.0,0.0,1.0,0.0
AC007920.1,lncRNA,0.0,1.0,1.0,0.0,3.5,3.0
AC007920.2,lncRNA,0.0,0.0,0.0,0.0,0.5,4.0
AC007922.1,lncRNA,0.0,0.0,1.0,0.0,0.0,0.0
AC007922.3,lncRNA,1.0,0.0,3.0,1.0,6.0,2.0
AC007922.4,lncRNA,1.0,1.0,0.0,1.0,4.0,6.0
AC007923.3,lncRNA,0.0,0.0,0.0,0.0,2.0,0.0
AC007938.1,lncRNA,0.0,0.0,2.0,2.0,5.0,10.0
AC007938.2,lncRNA,272.0,169.0,159.5,315.5,2216.0,721.0
AC007938.3,lncRNA,0.0,1.0,0.0,0.0,2.0,0.0
AC007948.1,lncRNA,0.0,0.0,0.0,0.0,0.0,1.0
AC007950.1,lncRNA,0.0,0.0,0.0,0.0,0.0,2.0
AC007950.2,lncRNA,1.0,4.0,0.0,0.0,6.0,11.0
AC007952.1,lncRNA,0.0,0.0,0.0,0.0,1.0,1.0
AC007952.2,lncRNA,0.0,1.0,1.0,6.0,0.0,2.0
AC007952.3,lncRNA,1.0,0.0,1.0,0.0,0.0,4.0
AC007952.4,lncRNA,52.0,23.33,37.33,60.0,6.33,16.0
AC007952.5,lncRNA,0.0,0.0,1.0,0.0,1.0,0.0
AC007952.6,lncRNA,0.0,0.0,1.0,4.0,6.0,2.0
AC007952.8,lncRNA,0.0,0.0,0.0,1.0,0.0,0.0
AC007952.9,lncRNA,2.0,73.0,13.0,8.0,18.0,16.0
AC007953.1,lncRNA,0.0,0.0,0.0,0.0,1.0,3.0
AC007953.2,lncRNA,0.0,0.0,0.0,0.0,6.0,9.0
AC007991.3,lncRNA,0.0,2.0,0.0,0.0,0.0,0.0
AC007993.2,lncRNA,1.0,1.0,0.0,0.0,3.0,4.0
AC007993.3,lncRNA,0.0,0.0,0.0,0.0,0.5,1.5
AC007996.1,lncRNA,0.0,2.0,0.0,2.0,4.0,6.0
AC007998.3,lncRNA,0.0,0.0,0.0,0.5,0.5,0.0
AC007998.4,lncRNA,0.0,0.0,0.0,0.0,2.0,1.0
AC008011.2,lncRNA,0.0,0.5,1.5,1.5,5.0,2.5
AC008014.1,lncRNA,1.0,3.0,0.0,1.0,5.0,4.5
AC008026.3,lncRNA,1.0,3.0,0.0,2.0,0.0,3.0
AC008033.3,lncRNA,0.0,0.0,0.0,0.0,0.0,2.0
AC008040.1,lncRNA,4.0,0.5,4.0,6.0,13.0,10.0
AC008050.1,lncRNA,1.0,2.0,1.0,3.0,2.0,2.0
AC008055.2,lncRNA,2.0,6.0,3.0,8.0,23.0,11.0
AC008056.1,lncRNA,0.0,0.0,0.0,0.0,0.0,1.0
AC008056.2,lncRNA,0.0,1.0,1.0,0.0,0.0,0.0
AC008056.3,lncRNA,1.0,3.0,1.0,2.0,2.0,0.0
AC008060.1,lncRNA,2.0,3.0,0.0,1.0,3.0,4.0
AC008060.2,lncRNA,0.0,0.0,0.0,0.0,1.0,0.0
AC008060.3,lncRNA,0.0,0.0,0.0,2.0,0.0,1.0
AC008060.4,lncRNA,7.0,5.0,12.0,10.0,39.0,32.0
AC008060.5,lncRNA,0.0,0.0,2.0,0.0,6.0,10.0
AC008063.1,lncRNA,0.0,0.0,0.0,0.0,3.0,3.0
AC008067.1,lncRNA,10.0,6.0,6.0,3.0,49.0,69.0
AC008073.2,lncRNA,5.0,2.0,9.0,5.0,6.0,9.5
AC008074.2,lncRNA,0.0,2.0,1.0,1.0,4.0,9.0
AC008079.1,lncRNA,18.5,9.5,12.5,19.0,82.5,104.67
AC008080.1,lncRNA,0.0,1.0,1.0,0.0,4.0,0.0
AC008080.3,lncRNA,0.0,0.0,0.0,3.0,0.0,0.0
AC008080.4,lncRNA,1.0,0.0,0.0,0.0,1.0,2.0
AC008083.3,lncRNA,0.0,2.0,0.0,0.0,0.0,2.0
AC008083.4,lncRNA,0.0,0.0,0.0,0.0,1.0,0.0
AC008088.1,lncRNA,0.0,0.0,0.0,0.0,3.0,3.5
AC008103.1,lncRNA,0.0,1.0,0.0,0.0,0.0,0.0
AC008105.1,lncRNA,3.0,4.0,1.0,5.5,9.0,12.5
AC008105.2,lncRNA,6.5,13.0,23.5,17.5,84.0,115.5
AC008114.1,lncRNA,0.0,0.0,0.0,0.0,1.0,0.0
AC008115.1,lncRNA,0.0,0.0,1.0,0.0,6.0,9.0
AC008115.2,lncRNA,0.0,1.0,0.0,0.0,0.0,0.0
AC008115.3,lncRNA,1.0,0.0,0.0,2.0,3.0,2.0
AC008115.4,lncRNA,0.0,0.0,0.0,0.0,1.0,0.0
AC008119.1,lncRNA,0.0,0.0,0.0,0.0,1.0,2.5
AC008121.2,lncRNA,0.0,0.0,1.0,0.0,1.0,1.0
AC008121.3,lncRNA,0.0,0.0,0.0,0.0,0.5,0.0
AC008124.1,lncRNA,3.0,7.0,5.0,8.0,36.0,23.0
AC008125.1,lncRNA,1.0,0.0,1.0,0.0,4.0,4.0
AC008127.1,lncRNA,0.5,1.0,2.5,0.5,5.5,2.0
AC008133.1,lncRNA,1.0,0.0,0.0,0.0,0.0,0.0
AC008147.1,lncRNA,0.0,0.0,0.0,0.0,0.0,1.0
AC008147.2,lncRNA,0.0,8.0,0.0,6.0,4.0,7.0
AC008149.1,lncRNA,3.0,0.0,0.0,0.0,0.0,0.0
AC008149.2,lncRNA,4.0,1.0,7.0,3.0,20.0,23.0
AC008154.1,lncRNA,0.0,0.0,0.0,0.0,0.0,1.0
AC008164.1,lncRNA,0.0,0.0,0.0,0.0,0.0,3.0
AC008170.1,lncRNA,1.0,1.0,2.0,2.0,19.0,12.0
AC008175.1,lncRNA,1.0,6.0,0.0,0.0,1.0,6.0
AC008180.2,lncRNA,1.0,0.0,0.0,0.0,2.0,4.0
AC008250.1,lncRNA,0.0,0.0,0.0,0.0,0.5,1.0
AC008264.2,lncRNA,0.0,0.5,0.0,0.0,2.0,2.0
AC008268.1,lncRNA,0.0,1.0,0.0,1.0,3.0,1.0
AC008269.1,lncRNA,3.0,0.0,1.0,5.0,2.0,5.0
AC008269.2,lncRNA,0.0,0.0,0.0,0.0,0.0,1.0
AC008277.1,lncRNA,0.0,3.5,0.0,0.0,2.0,1.5
AC008278.1,lncRNA,0.0,0.0,0.0,0.0,1.0,1.0
AC008278.2,lncRNA,0.0,0.0,0.0,0.0,7.0,3.0
AC008280.2,lncRNA,0.0,0.0,0.0,0.0,1.0,1.0
AC008281.1,lncRNA,0.0,0.0,0.0,2.0,2.0,1.0
AC008378.1,lncRNA,0.0,0.0,0.0,0.0,2.0,4.0
AC008391.1,lncRNA,0.0,0.0,0.0,0.0,1.0,0.0
AC008393.1,lncRNA,0.0,3.0,1.0,0.0,5.5,1.0
AC008395.1,lncRNA,0.0,0.0,0.0,0.0,1.0,0.0
AC008403.2,lncRNA,0.0,4.0,3.5,2.0,6.0,5.5
AC008403.3,lncRNA,0.5,1.0,3.0,1.0,9.0,4.5
AC008406.1,lncRNA,0.0,0.0,0.0,1.0,0.0,1.0
AC008406.2,lncRNA,0.0,0.0,0.0,0.0,0.0,2.0
AC008406.3,lncRNA,0.5,0.5,0.0,1.0,4.5,0.0
AC008415.1,lncRNA,2.0,1.0,0.0,0.0,1.0,0.0
AC008429.1,lncRNA,3.0,19.0,3.5,4.0,20.5,12.0
AC008434.1,lncRNA,0.0,0.0,0.0,2.0,0.0,1.0
AC008438.1,lncRNA,0.0,0.0,1.0,0.0,1.5,1.0
AC008438.2,lncRNA,0.0,1.0,0.0,1.0,1.0,1.0
AC008440.1,lncRNA,0.5,9.5,1.0,1.5,0.0,0.5
AC008443.1,lncRNA,0.0,0.5,0.0,0.0,1.0,5.0
AC008443.2,lncRNA,1.0,1.0,0.0,0.0,0.0,1.0
AC008443.3,lncRNA,4.0,0.0,1.0,1.0,3.0,5.0
AC008443.4,lncRNA,0.0,1.0,0.0,0.0,4.0,2.0
AC008443.7,lncRNA,0.0,1.0,0.0,0.0,6.0,3.0
AC008453.1,lncRNA,0.0,0.5,1.0,0.5,3.0,1.0
AC008453.2,lncRNA,1.0,1.0,1.0,1.0,5.0,3.0
AC008456.1,lncRNA,0.0,0.0,0.0,1.0,0.0,0.0
AC008459.1,lncRNA,3.0,2.0,0.0,3.0,6.0,1.0
AC008462.1,lncRNA,1.0,0.0,0.0,0.0,4.0,3.0
AC008464.1,lncRNA,0.0,0.0,1.0,0.0,1.0,2.0
AC008467.1,lncRNA,0.0,1.0,1.0,2.0,10.0,6.0
AC008474.1,lncRNA,0.0,0.0,0.0,0.0,1.0,0.0
AC008494.2,lncRNA,0.0,0.0,1.0,0.0,0.0,0.0
AC008494.3,lncRNA,1.0,1.0,0.0,1.0,7.0,8.5
AC008496.2,lncRNA,0.0,0.0,0.0,0.0,1.0,5.0
AC008496.3,lncRNA,4.0,10.0,6.0,3.0,9.0,18.0
AC008505.1,lncRNA,0.0,1.0,2.0,4.0,6.0,7.0
AC008507.2,lncRNA,0.0,0.0,0.0,0.0,1.0,0.0
AC008507.4,lncRNA,3.0,3.0,3.0,2.0,13.0,14.0
AC008507.5,lncRNA,5.0,2.0,5.0,6.0,4.0,3.0
AC008514.1,lncRNA,0.0,0.0,0.0,0.0,1.0,4.0
AC008517.1,lncRNA,0.0,0.0,0.0,0.0,0.0,1.0
AC008522.1,lncRNA,1.5,1.5,1.0,2.0,6.5,3.0
AC008525.1,lncRNA,2.5,2.5,9.0,3.0,26.0,12.0
AC008525.2,lncRNA,0.5,0.5,0.0,0.0,1.0,0.0
AC008532.1,lncRNA,0.0,2.0,0.0,0.0,3.5,2.0
AC008534.1,lncRNA,1.0,0.0,1.0,2.0,8.0,5.0
AC008537.2,lncRNA,0.0,0.0,0.0,0.0,0.0,1.0
AC008537.4,lncRNA,0.5,0.0,3.0,1.67,1.33,0.33
AC008539.1,lncRNA,0.0,0.0,0.0,0.0,1.0,0.0
AC008543.1,lncRNA,0.0,0.0,0.0,2.0,2.5,1.5
AC008543.3,lncRNA,0.0,0.0,0.0,1.0,1.0,0.0
AC008543.4,lncRNA,0.0,0.0,0.0,1.0,1.0,0.0
AC008543.5,lncRNA,0.0,0.0,1.0,0.0,2.0,9.0
AC008549.1,lncRNA,0.0,0.0,0.0,0.0,1.0,2.0
AC008549.2,lncRNA,0.0,0.0,0.0,2.0,0.0,0.0
AC008551.1,lncRNA,0.0,0.0,0.0,0.0,1.0,1.0
AC008554.1,lncRNA,0.0,0.0,0.0,0.0,7.0,5.0
AC008555.1,lncRNA,6.0,4.0,0.0,1.0,2.0,3.0
AC008555.2,lncRNA,10.0,18.0,5.0,7.0,30.0,30.0
AC008555.4,lncRNA,2.0,4.0,0.0,1.0,0.0,6.0
AC008556.1,lncRNA,0.0,3.0,5.0,2.0,22.0,22.0
AC008558.1,lncRNA,0.0,0.0,0.0,0.0,3.0,2.0
AC008567.2,lncRNA,0.0,0.0,0.5,0.0,2.5,0.0
AC008567.3,lncRNA,0.0,1.0,1.5,1.0,1.5,2.0
AC008568.1,lncRNA,4.0,3.0,2.0,3.0,23.0,24.0
AC008569.1,lncRNA,0.0,3.5,1.5,0.0,1.0,2.0
AC008569.2,lncRNA,0.0,1.0,1.0,2.0,1.0,1.0
AC008571.2,lncRNA,0.0,0.0,0.0,2.0,9.0,2.0
AC008591.1,lncRNA,3.0,5.0,1.0,6.0,4.0,7.0
AC008592.1,lncRNA,1.0,0.0,0.0,0.0,1.0,1.0
AC008592.2,lncRNA,2.0,0.0,0.0,0.0,2.0,0.0
AC008592.3,lncRNA,0.0,0.0,0.0,1.0,0.0,0.0
AC008592.4,lncRNA,0.0,0.0,1.0,0.0,1.0,0.0
AC008601.1,lncRNA,0.0,0.0,0.0,0.0,2.0,5.0
AC008608.2,lncRNA,1.0,1.0,0.0,1.0,3.0,3.0
AC008610.1,lncRNA,0.0,0.0,0.0,0.0,2.0,1.0
AC008619.1,lncRNA,0.0,1.0,1.0,4.0,2.0,3.0
AC008622.2,lncRNA,0.0,2.0,1.0,0.0,1.5,4.0
AC008625.1,lncRNA,2.0,2.0,1.0,2.0,11.0,11.5
AC008627.1,lncRNA,2.0,1.0,0.0,0.0,2.0,0.0
AC008629.1,lncRNA,0.0,5.5,3.0,4.5,8.5,13.5
AC008632.1,lncRNA,0.0,1.0,0.0,1.0,7.0,3.0
AC008635.1,lncRNA,0.0,1.0,4.0,1.0,3.0,4.0
AC008641.1,lncRNA,0.0,0.0,0.0,0.0,4.0,3.0
AC008649.1,lncRNA,0.0,0.0,0.0,0.5,1.0,0.5
AC008649.2,lncRNA,0.0,0.0,0.0,0.0,1.0,1.0
AC008652.1,lncRNA,0.0,0.0,0.0,0.0,2.0,0.0
AC008655.2,lncRNA,1.0,0.0,0.0,0.0,0.0,2.0
AC008659.1,lncRNA,1.0,0.0,0.0,1.0,1.0,2.0
AC008662.1,lncRNA,0.0,0.0,0.0,1.0,0.0,1.0
AC008663.1,lncRNA,0.0,0.0,0.0,0.0,0.0,1.0
AC008663.2,lncRNA,0.0,0.0,0.0,0.0,2.0,7.0
AC008663.3,lncRNA,0.0,1.0,0.0,0.0,0.0,0.0
AC008667.1,lncRNA,0.0,0.0,0.0,0.0,1.0,1.0
AC008667.2,lncRNA,0.0,0.5,2.0,0.0,2.0,3.0
AC008667.3,lncRNA,0.0,0.0,1.0,0.5,0.0,0.0
AC008667.4,lncRNA,0.0,0.0,0.0,0.5,0.0,0.0
AC008669.1,lncRNA,0.0,0.0,0.0,0.0,0.0,1.0
AC008674.1,lncRNA,0.0,3.0,0.0,2.0,7.0,3.0
AC008676.1,lncRNA,0.0,0.0,0.0,3.0,0.0,3.5
AC008679.1,lncRNA,1.0,2.0,0.0,1.0,0.0,3.0
AC008686.1,lncRNA,0.0,0.0,0.0,0.0,1.0,1.5
AC008687.2,lncRNA,0.0,0.0,0.0,0.0,1.0,0.0
AC008687.3,lncRNA,0.0,0.0,0.0,0.5,1.0,0.0
AC008691.1,lncRNA,2.0,6.0,8.0,15.0,27.0,32.0
AC008696.2,lncRNA,0.0,0.0,0.0,0.0,2.0,0.0
AC008700.1,lncRNA,0.0,0.0,1.0,0.0,0.0,4.0
AC008703.1,lncRNA,2.0,0.0,0.0,1.0,0.0,1.0
AC008708.1,lncRNA,0.0,0.0,1.0,0.0,1.0,1.0
AC008708.2,lncRNA,0.0,2.0,0.0,0.0,1.0,4.0
AC008728.1,lncRNA,0.0,0.0,0.0,1.0,2.0,2.0
AC008731.1,lncRNA,0.0,1.0,0.0,1.0,0.0,0.0
AC008734.1,lncRNA,0.0,2.0,0.0,0.0,2.0,0.0
AC008734.2,lncRNA,0.0,0.0,0.0,0.0,2.0,0.0
AC008735.1,lncRNA,0.0,1.0,2.0,1.0,0.0,0.0
AC008735.2,lncRNA,0.0,0.0,1.0,0.0,2.0,0.0
AC008735.3,lncRNA,2.0,5.0,1.0,3.0,19.0,28.0
AC008735.4,lncRNA,0.0,0.0,0.0,0.0,1.0,1.0
AC008736.1,lncRNA,0.0,0.0,0.0,1.0,0.0,0.0
AC008736.2,lncRNA,0.0,0.0,0.0,0.0,0.0,1.0
AC008737.1,lncRNA,0.0,0.0,0.0,0.0,2.0,2.0
AC008737.3,lncRNA,0.0,0.0,0.0,1.0,0.0,0.0
AC008738.1,lncRNA,0.0,2.0,0.0,0.0,0.0,0.0
AC008738.2,lncRNA,0.0,1.0,0.0,1.0,2.0,2.0
AC008738.3,lncRNA,0.5,1.0,0.0,0.0,1.0,1.5
AC008738.4,lncRNA,2.0,11.0,5.0,1.0,8.0,10.0
AC008738.5,lncRNA,0.5,0.0,3.5,1.0,5.5,2.0
AC008738.7,lncRNA,0.0,0.0,0.0,0.0,1.0,0.5
AC008739.1,lncRNA,0.0,0.0,0.0,0.0,1.0,0.0
AC008741.1,lncRNA,0.0,0.0,0.0,1.0,1.0,0.0
AC008742.1,lncRNA,0.0,0.5,0.0,0.0,1.5,4.0
AC008743.1,lncRNA,0.0,0.0,2.0,4.0,5.0,5.0
AC008747.1,lncRNA,0.0,0.0,0.0,2.0,1.0,1.0
AC008750.1,lncRNA,0.5,2.0,0.0,0.0,3.0,1.5
AC008750.2,lncRNA,1.0,2.5,0.5,0.0,3.5,3.0
AC008750.3,lncRNA,0.0,0.0,0.0,0.0,0.0,0.33
AC008750.4,lncRNA,0.0,0.0,0.0,2.0,0.0,1.0
AC008750.6,lncRNA,3.0,2.0,0.0,0.0,3.5,1.0
AC008751.3,lncRNA,1.0,2.0,2.0,0.0,3.0,4.0
AC008752.1,lncRNA,0.0,0.0,0.0,1.0,1.0,1.0
AC008752.2,lncRNA,0.0,0.0,1.0,0.0,3.0,3.0
AC008753.2,lncRNA,0.0,4.0,1.0,0.0,0.0,0.0
AC008753.3,lncRNA,0.33,0.33,0.33,0.0,2.0,1.5
AC008758.2,lncRNA,0.0,0.0,1.0,0.0,0.0,0.0
AC008758.4,lncRNA,0.0,0.0,0.0,0.0,4.0,7.0
AC008759.2,lncRNA,0.0,2.0,0.0,2.0,0.0,0.0
AC008759.3,lncRNA,0.0,0.0,0.0,0.0,2.0,0.0
AC008760.1,lncRNA,0.5,0.0,0.5,1.0,0.0,1.0
AC008760.2,lncRNA,0.0,0.0,0.0,0.0,1.0,1.0
AC008761.1,lncRNA,0.0,0.0,0.0,1.0,2.5,3.5
AC008763.1,lncRNA,2.5,1.5,7.0,2.5,17.0,11.0
AC008764.2,lncRNA,0.0,0.0,2.0,0.0,0.0,1.5
AC008764.3,lncRNA,0.0,0.0,0.0,0.5,0.0,0.0
AC008764.5,lncRNA,0.5,0.0,0.0,0.5,0.0,1.0
AC008764.6,lncRNA,2.0,1.0,1.0,4.0,6.0,7.0
AC008764.7,lncRNA,0.5,0.0,0.5,1.5,1.67,0.0
AC008764.8,lncRNA,1.5,0.0,4.0,0.0,8.0,9.0
AC008766.1,lncRNA,1.0,0.0,0.0,4.0,7.0,8.0
AC008770.3,lncRNA,0.0,0.0,0.0,1.0,2.0,4.0
AC008771.1,lncRNA,0.0,3.0,1.5,1.0,2.0,3.5
AC008780.1,lncRNA,0.0,0.0,0.0,0.0,2.0,1.0
AC008781.1,lncRNA,5.0,0.5,1.0,1.0,1.0,2.0
AC008781.2,lncRNA,0.0,0.0,1.0,0.0,0.0,0.0
AC008786.1,lncRNA,0.0,0.0,0.0,0.0,3.0,0.0
AC008798.2,lncRNA,0.0,2.0,4.0,0.0,21.0,24.0
AC008798.3,lncRNA,1.0,0.0,1.0,6.0,15.0,23.0
AC008799.2,lncRNA,1.0,0.0,1.0,0.0,2.0,3.0
AC008805.2,lncRNA,0.0,0.0,0.0,2.0,0.0,1.0
AC008808.1,lncRNA,0.0,1.0,0.0,2.0,0.0,3.0
AC008808.2,lncRNA,0.0,1.0,1.0,0.0,3.0,1.0
AC008825.1,lncRNA,0.5,1.5,1.5,1.5,8.0,5.5
AC008840.1,lncRNA,0.0,6.0,5.5,7.0,1.5,1.0
AC008852.1,lncRNA,0.0,0.0,1.0,1.0,1.0,2.0
AC008869.1,lncRNA,1.0,0.0,0.0,0.0,0.0,4.0
AC008870.1,lncRNA,1.0,2.5,0.0,0.5,4.0,1.0
AC008870.2,lncRNA,1.0,1.0,0.0,0.0,1.0,2.0
AC008870.3,lncRNA,0.0,1.0,1.5,0.0,2.0,0.5
AC008870.4,lncRNA,1.0,1.0,0.0,0.0,7.0,1.0
AC008875.1,lncRNA,0.0,0.0,1.0,0.0,1.0,1.0
AC008875.2,lncRNA,0.0,0.0,0.0,0.0,2.0,2.0
AC008875.3,lncRNA,1.0,3.0,5.0,5.0,18.0,15.0
AC008877.1,lncRNA,0.0,1.0,0.0,0.0,0.0,1.0
AC008878.3,lncRNA,0.0,0.0,0.5,0.0,0.5,1.0
AC008883.2,lncRNA,0.0,0.0,0.0,0.0,0.0,1.0
AC008883.3,lncRNA,97.0,12.0,2.0,4.0,29.0,8.0
AC008892.1,lncRNA,0.0,8.0,1.0,3.0,13.0,10.0
AC008894.1,lncRNA,0.0,2.0,0.0,1.0,0.0,0.0
AC008894.2,lncRNA,2.0,1.5,1.0,3.0,10.0,14.5
AC008906.1,lncRNA,0.0,1.0,0.0,0.0,0.0,1.0
AC008906.2,lncRNA,0.0,1.0,0.0,0.0,0.0,0.0
AC008914.1,lncRNA,0.5,0.5,0.0,0.0,0.0,0.5
AC008915.1,lncRNA,1.0,0.0,0.0,2.0,0.0,0.0
AC008915.2,lncRNA,0.0,0.5,1.0,2.0,2.0,5.5
AC008937.1,lncRNA,0.0,0.0,4.0,0.0,5.5,1.5
AC008937.2,lncRNA,3.0,0.0,2.0,3.0,16.5,19.5
AC008937.3,lncRNA,0.0,0.5,0.0,0.0,1.0,1.0
AC008938.1,lncRNA,1.0,1.0,2.0,4.0,7.0,3.0
AC008940.1,lncRNA,0.0,0.0,0.0,0.0,6.0,1.0
AC008945.1,lncRNA,0.0,0.0,0.5,0.0,0.0,0.5
AC008945.2,lncRNA,6.0,1.0,3.0,3.0,9.0,12.0
AC008946.1,lncRNA,0.0,1.0,0.0,0.0,0.0,0.0
AC008948.1,lncRNA,0.0,1.0,0.0,0.0,2.0,1.0
AC008957.1,lncRNA,1.0,2.0,1.0,0.0,3.0,6.0
AC008957.2,lncRNA,0.0,2.0,0.0,0.0,0.5,0.0
AC008964.1,lncRNA,0.0,1.0,0.0,0.0,1.0,2.0
AC008966.1,lncRNA,1.0,12.0,2.0,11.0,18.5,12.0
AC008966.2,lncRNA,0.0,2.0,0.0,0.0,0.0,0.0
AC008966.3,lncRNA,0.0,0.0,0.0,1.0,0.0,3.0
AC008969.1,lncRNA,133.0,59.5,28.5,22.0,137.0,55.5
AC008969.2,lncRNA,0.0,1.0,0.0,2.0,4.0,2.0
AC008972.1,lncRNA,0.0,0.0,0.0,0.0,1.0,0.0
AC008972.2,lncRNA,0.0,0.0,0.0,0.0,1.0,2.0
AC008982.2,lncRNA,1.0,0.0,0.0,2.0,1.0,1.0
AC008992.1,lncRNA,0.0,0.0,0.0,0.0,1.0,2.0
AC008993.3,lncRNA,0.0,0.0,0.0,0.0,1.0,0.0
AC009005.1,lncRNA,3.0,0.0,1.5,0.0,1.5,3.5
AC009019.1,lncRNA,0.0,0.0,0.0,0.0,3.0,1.0
AC009019.2,lncRNA,2.0,0.0,0.5,0.5,0.0,1.0
AC009021.1,lncRNA,0.0,0.0,0.0,5.0,0.0,0.0
AC009021.2,lncRNA,0.0,0.0,0.0,3.0,1.0,3.0
AC009032.1,lncRNA,0.0,0.0,0.0,0.0,0.0,1.0
AC009034.1,lncRNA,0.0,0.5,0.0,0.0,0.0,0.0
AC009035.1,lncRNA,0.0,3.0,0.0,2.0,0.0,2.0
AC009041.1,lncRNA,4.0,1.0,0.0,8.0,13.0,15.0
AC009041.2,lncRNA,2.0,0.5,2.0,0.5,5.0,3.5
AC009041.3,lncRNA,0.0,0.0,1.0,1.0,0.0,2.0
AC009052.1,lncRNA,0.0,0.0,0.5,0.0,0.5,0.0
AC009053.2,lncRNA,1.0,2.5,1.5,3.0,9.5,15.5
AC009053.3,lncRNA,0.0,0.0,1.0,0.0,2.0,7.0
AC009054.1,lncRNA,0.0,0.0,2.0,1.0,0.0,1.0
AC009054.2,lncRNA,0.0,6.0,0.0,2.0,0.0,1.0
AC009055.1,lncRNA,0.0,1.0,0.0,0.0,0.0,0.0
AC009055.2,lncRNA,1.0,0.0,1.0,0.0,4.0,6.0
AC009060.1,lncRNA,4.0,8.0,15.5,9.5,131.0,91.5
AC009061.1,lncRNA,0.0,1.0,0.0,1.0,2.5,6.0
AC009061.2,lncRNA,9.0,17.0,9.0,34.0,7.0,13.0
AC009063.1,lncRNA,0.0,0.0,0.0,0.0,1.0,0.0
AC009063.2,lncRNA,1.0,10.0,2.0,4.0,12.0,25.0
AC009063.3,lncRNA,3.0,8.0,0.0,2.0,2.0,4.0
AC009063.4,lncRNA,3.0,0.0,2.0,4.0,4.0,8.0
AC009065.1,lncRNA,0.5,0.0,1.0,0.5,5.0,2.5
AC009065.2,lncRNA,1.0,1.0,1.5,3.5,2.0,2.0
AC009065.3,lncRNA,0.0,0.0,0.0,2.0,0.0,0.0
AC009065.4,lncRNA,2.0,0.0,6.5,7.0,19.0,10.5
AC009065.5,lncRNA,0.0,0.0,1.5,0.0,0.5,0.0
AC009065.6,lncRNA,0.0,0.0,0.0,0.0,2.5,1.0
AC009065.7,lncRNA,0.0,0.0,0.0,0.0,1.5,0.5
AC009065.8,lncRNA,0.0,0.0,0.0,0.0,0.0,1.0
AC009075.1,lncRNA,1.0,0.0,4.0,3.0,6.0,13.0
AC009081.2,lncRNA,0.0,3.0,0.0,0.0,3.0,2.0
AC009084.1,lncRNA,0.0,0.0,0.0,0.0,0.5,1.5
AC009087.1,lncRNA,0.0,0.0,0.0,0.0,0.0,0.5
AC009088.1,lncRNA,0.0,0.0,0.0,0.0,1.0,1.0
AC009088.2,lncRNA,0.0,0.0,0.0,1.0,0.0,0.5
AC009088.3,lncRNA,0.0,0.0,0.5,0.0,1.0,0.5
AC009090.1,lncRNA,1.0,0.0,0.0,4.0,1.0,1.0
AC009090.2,lncRNA,0.0,1.0,0.0,1.0,6.0,5.0
AC009090.3,lncRNA,0.0,0.0,0.0,0.0,1.0,0.0
AC009090.6,lncRNA,0.0,1.0,4.0,2.0,13.0,8.0
AC009093.1,lncRNA,1.0,2.0,2.0,4.0,7.0,11.0
AC009093.10,lncRNA,0.33,1.0,0.0,0.0,1.17,2.0
AC009093.11,lncRNA,1.0,0.0,0.33,1.0,1.33,3.67
AC009093.2,lncRNA,1.0,0.0,6.0,2.0,9.5,4.0
AC009093.4,lncRNA,0.0,0.0,0.0,0.0,1.0,1.0
AC009093.5,lncRNA,0.0,0.0,0.0,0.0,1.0,0.0
AC009095.1,lncRNA,0.5,1.0,0.0,2.0,0.0,1.0
AC009097.1,lncRNA,0.0,0.0,0.0,1.0,1.0,0.0
AC009097.2,lncRNA,0.0,0.0,0.0,0.0,3.5,0.0
AC009097.3,lncRNA,5.0,0.0,0.0,0.0,2.0,1.0
AC009097.4,lncRNA,6.0,4.0,7.5,5.0,7.5,7.0
AC009102.1,lncRNA,0.0,1.0,1.0,1.0,12.0,5.0
AC009102.2,lncRNA,1.0,3.0,3.0,2.0,2.0,5.0
AC009102.4,lncRNA,0.0,0.0,2.0,0.0,4.0,2.0
AC009107.2,lncRNA,0.0,3.0,0.0,0.5,7.5,26.0
AC009108.2,lncRNA,0.0,0.0,0.0,0.0,1.0,1.0
AC009108.3,lncRNA,0.0,7.0,1.0,1.0,10.0,23.0
AC009110.1,lncRNA,0.0,0.0,0.0,0.0,2.0,0.0
AC009113.1,lncRNA,2.0,2.0,3.0,1.0,2.0,4.0
AC009113.2,lncRNA,0.0,0.0,0.0,0.5,0.5,0.0
AC009117.2,lncRNA,0.0,0.0,0.0,0.0,2.0,1.0
AC009118.2,lncRNA,0.0,0.0,1.0,0.5,8.0,5.5
AC009118.3,lncRNA,0.5,0.0,0.0,0.0,0.0,0.5
AC009119.1,lncRNA,0.0,2.0,0.5,1.5,13.0,6.0
AC009119.2,lncRNA,0.0,0.0,0.0,1.0,8.0,7.0
AC009120.2,lncRNA,0.0,0.5,0.5,2.0,2.5,5.0
AC009120.3,lncRNA,0.0,0.0,3.0,1.0,5.0,3.0
AC009120.4,lncRNA,0.0,0.0,0.0,4.0,1.0,0.0
AC009120.5,lncRNA,1.0,0.0,0.0,5.0,3.0,1.0
AC009121.2,lncRNA,0.0,0.0,0.0,0.0,2.0,1.0
AC009121.3,lncRNA,0.0,0.0,0.0,0.0,1.0,2.0
AC009121.4,lncRNA,0.0,2.0,0.0,0.0,1.0,3.0
AC009123.1,lncRNA,0.5,2.0,0.5,0.5,4.0,3.0
AC009126.1,lncRNA,14.0,9.5,25.5,8.5,38.5,38.5
AC009133.1,lncRNA,1.5,3.5,4.0,2.5,22.33,22.0
AC009133.2,lncRNA,0.5,0.5,3.0,1.0,3.5,4.0
AC009133.3,lncRNA,3.0,6.0,0.0,0.0,0.0,7.0
AC009133.4,lncRNA,0.0,0.5,0.5,0.0,1.0,1.0
AC009133.5,lncRNA,0.0,0.5,0.5,0.0,5.83,2.5
AC009134.1,lncRNA,1.0,1.0,1.0,0.0,0.5,0.5
AC009135.1,lncRNA,0.0,1.0,0.0,0.0,1.0,5.0
AC009137.2,lncRNA,0.0,0.0,0.0,1.0,1.0,0.0
AC009139.1,lncRNA,0.5,0.0,0.0,0.0,3.0,3.0
AC009139.2,lncRNA,0.5,0.0,0.5,0.0,0.5,0.5
AC009141.1,lncRNA,0.0,2.0,0.0,0.0,0.0,1.0
AC009142.1,lncRNA,0.0,0.0,0.0,0.0,2.0,1.0
AC009145.1,lncRNA,0.0,0.0,0.0,2.0,0.0,1.0
AC009145.2,lncRNA,2.0,2.0,0.0,0.0,6.0,2.0
AC009145.3,lncRNA,0.0,2.0,4.0,0.0,3.0,0.0
AC009148.1,lncRNA,0.0,0.0,0.0,0.0,4.0,1.0
AC009152.1,lncRNA,0.0,0.0,0.0,0.0,0.0,1.0
AC009152.3,lncRNA,0.0,0.0,1.0,0.0,4.0,4.0
AC009152.6,lncRNA,3.0,1.0,0.0,1.0,0.0,0.0
AC009154.1,lncRNA,0.0,0.0,0.0,0.0,1.0,2.0
AC009154.2,lncRNA,0.0,0.0,0.0,0.0,1.0,1.0
AC009158.1,lncRNA,0.0,3.0,0.0,1.0,0.0,5.0
AC009159.1,lncRNA,0.0,3.0,0.0,0.0,2.0,0.0
AC009159.2,lncRNA,0.0,4.0,0.0,0.0,1.0,0.0
AC009159.3,lncRNA,0.0,0.0,0.0,1.0,0.0,1.0
AC009163.1,lncRNA,0.0,0.0,0.0,0.0,0.5,1.0
AC009163.4,lncRNA,0.0,0.0,0.0,1.0,1.0,0.0
AC009163.6,lncRNA,0.0,1.0,0.0,0.0,0.0,0.0
AC009163.7,lncRNA,0.0,1.0,0.0,0.0,7.0,8.0
AC009166.1,lncRNA,0.0,2.0,1.0,0.0,7.0,4.0
AC009166.3,lncRNA,1.0,2.0,0.0,0.0,3.0,3.0
AC009167.1,lncRNA,0.0,3.0,0.0,0.0,0.0,0.0
AC009171.2,lncRNA,1.0,0.0,0.0,0.0,1.0,0.0
AC009185.1,lncRNA,6.0,0.5,1.5,1.0,3.5,2.0
AC009226.1,lncRNA,0.0,1.0,1.0,0.0,3.0,1.0
AC009227.1,lncRNA,0.0,2.0,0.0,0.0,4.0,2.0
AC009227.2,lncRNA,0.0,1.0,0.0,0.0,6.0,2.0
AC009228.1,lncRNA,0.0,2.0,2.0,3.0,13.5,18.5
AC009229.1,lncRNA,0.0,0.5,0.0,0.0,1.0,0.0
AC009236.1,lncRNA,0.0,0.0,0.0,0.0,2.0,0.0
AC009236.2,lncRNA,0.0,0.0,1.0,1.0,1.0,3.0
AC009237.14,lncRNA,0.0,1.5,1.0,0.0,4.0,4.0
AC009242.1,lncRNA,0.0,1.0,4.0,0.0,8.0,8.0
AC009244.1,lncRNA,0.0,2.5,0.0,0.0,0.5,4.5
AC009248.3,lncRNA,0.0,0.0,0.0,0.0,1.0,0.0
AC009262.1,lncRNA,0.0,1.0,0.0,0.0,0.0,1.0
AC009264.1,lncRNA,1.0,1.0,5.0,4.5,22.5,15.5
AC009269.2,lncRNA,0.0,0.0,0.0,0.0,1.0,0.0
AC009269.3,lncRNA,3.0,0.0,0.0,0.0,1.0,1.0
AC009269.5,lncRNA,0.0,0.0,0.0,0.0,1.0,0.0
AC009271.1,lncRNA,3.0,6.0,4.0,4.0,4.0,7.0
AC009271.2,lncRNA,0.0,0.0,0.0,0.0,1.5,0.0
AC009275.1,lncRNA,1.0,4.0,1.0,4.0,9.0,9.0
AC009276.1,lncRNA,0.0,0.0,0.0,0.0,1.0,4.0
AC009283.1,lncRNA,0.0,0.0,0.0,0.0,0.0,1.0
AC009292.1,lncRNA,2.0,3.0,12.0,0.0,14.0,14.0
AC009292.2,lncRNA,0.0,0.0,2.0,1.0,2.5,1.0
AC009299.2,lncRNA,1.0,2.0,0.0,1.0,12.0,6.0
AC009301.1,lncRNA,1.0,0.0,0.0,1.0,2.0,2.0
AC009303.2,lncRNA,1.0,1.0,3.0,1.0,8.0,4.0
AC009303.3,lncRNA,0.0,0.0,0.0,0.0,1.0,1.0
AC009305.1,lncRNA,0.0,0.0,0.0,0.0,1.0,0.0
AC009309.1,lncRNA,0.0,0.0,1.0,0.0,5.0,3.0
AC009312.1,lncRNA,2.0,3.0,0.0,0.0,4.0,3.0
AC009315.1,lncRNA,0.0,0.0,0.0,1.0,2.0,3.0
AC009318.1,lncRNA,3.0,6.0,0.0,3.0,4.0,7.5
AC009318.4,lncRNA,0.0,0.0,0.0,0.0,1.0,0.0
AC009320.1,lncRNA,0.0,0.0,0.0,0.0,1.0,2.0
AC009336.1,lncRNA,0.0,1.0,2.0,0.0,25.0,17.0
AC009365.2,lncRNA,0.0,0.0,0.0,1.0,1.0,1.0
AC009365.3,lncRNA,1.0,0.0,1.0,0.0,0.0,0.0
AC009387.1,lncRNA,0.0,0.0,0.0,0.0,0.0,1.0
AC009396.1,lncRNA,1.0,0.0,0.0,0.0,1.0,3.0
AC009396.2,lncRNA,0.0,1.0,0.0,0.0,0.0,3.0
AC009396.3,lncRNA,0.0,0.0,0.0,0.0,0.0,2.0
AC009403.1,lncRNA,0.0,4.5,0.0,2.0,5.5,4.0
AC009403.2,lncRNA,4.5,5.0,2.5,1.5,25.0,33.0
AC009403.3,lncRNA,0.0,1.0,1.0,0.0,4.0,1.0
AC009404.1,lncRNA,4.0,2.0,1.0,2.0,16.0,7.0
AC009407.1,lncRNA,0.0,0.0,0.0,1.0,15.0,16.0
AC009410.1,lncRNA,0.0,0.0,0.0,0.0,1.0,1.0
AC009411.1,lncRNA,0.0,1.0,0.0,0.0,2.0,5.0
AC009411.2,lncRNA,1.0,0.0,0.0,2.0,9.0,4.0
AC009413.1,lncRNA,0.0,1.0,0.0,3.0,11.0,9.0
AC009432.1,lncRNA,0.0,0.0,2.0,0.0,0.0,0.0
AC009432.2,lncRNA,1.0,3.0,0.0,0.0,1.0,0.0
AC009434.1,lncRNA,1.0,1.0,0.0,0.0,7.0,5.0
AC009435.1,lncRNA,0.0,0.0,0.0,0.0,2.0,1.0
AC009446.1,lncRNA,0.0,2.0,0.0,0.0,2.0,3.0
AC009478.1,lncRNA,2.0,1.0,0.0,1.0,3.0,10.0
AC009486.1,lncRNA,3.0,0.0,0.0,0.0,10.0,2.0
AC009486.2,lncRNA,0.0,0.0,1.0,1.0,3.0,1.0
AC009487.1,lncRNA,1.0,0.0,0.0,1.0,1.5,1.0
AC009487.2,lncRNA,0.0,0.0,0.5,0.0,2.0,1.0
AC009494.2,lncRNA,0.0,1.0,0.0,1.0,3.0,1.0
AC009495.1,lncRNA,0.0,0.0,0.0,0.0,1.0,0.0
AC009495.2,lncRNA,0.0,1.0,0.0,0.0,1.0,0.0
AC009495.3,lncRNA,0.0,0.0,1.0,0.0,0.0,2.0
AC009498.1,lncRNA,1.0,0.0,0.0,2.0,1.0,2.0
AC009505.1,lncRNA,0.0,1.0,0.0,0.0,5.0,3.0
AC009506.1,lncRNA,2.0,1.0,5.5,2.0,17.5,10.5
AC009509.1,lncRNA,0.5,2.5,0.5,1.0,5.0,10.0
AC009509.2,lncRNA,0.0,0.0,0.0,0.0,0.0,1.0
AC009509.4,lncRNA,0.0,0.0,1.0,0.0,0.0,1.0
AC009511.1,lncRNA,0.5,1.0,0.5,0.5,0.0,0.0
AC009511.2,lncRNA,1.0,1.0,0.0,0.5,2.5,7.0
AC009518.1,lncRNA,0.0,0.0,2.0,1.0,5.0,8.0
AC009522.1,lncRNA,0.0,0.0,0.0,0.0,0.5,1.0
AC009531.1,lncRNA,1.0,1.0,0.0,1.0,27.0,34.0
AC009533.3,lncRNA,0.0,5.0,0.0,4.0,0.0,2.5
AC009533.4,lncRNA,0.0,0.0,0.0,0.0,1.0,1.0
AC009542.1,lncRNA,0.0,0.0,0.5,0.0,2.5,4.0
AC009549.1,lncRNA,0.0,0.0,2.0,3.0,20.0,11.0
AC009554.1,lncRNA,0.0,0.5,2.0,3.0,1.5,2.0
AC009558.1,lncRNA,0.0,0.0,0.0,0.0,0.0,1.0
AC009558.2,lncRNA,2.0,0.0,0.0,0.0,0.0,1.0
AC009560.1,lncRNA,0.0,0.0,0.0,0.0,2.0,0.0
AC009560.3,lncRNA,0.0,2.0,0.0,2.0,2.0,3.0
AC009560.4,lncRNA,0.0,0.0,0.0,0.0,2.0,2.0
AC009562.1,lncRNA,3.0,0.0,1.0,3.0,7.5,4.0
AC009563.1,lncRNA,0.0,0.0,0.0,0.0,0.0,1.0
AC009567.1,lncRNA,0.0,0.0,1.5,0.5,3.0,0.5
AC009570.1,lncRNA,0.0,0.0,1.0,0.0,0.0,3.0
AC009570.2,lncRNA,0.5,0.0,0.0,1.0,0.0,2.0
AC009597.1,lncRNA,2.0,4.0,0.0,0.0,1.0,2.0
AC009623.1,lncRNA,5.0,0.0,0.0,1.0,10.0,4.0
AC009623.2,lncRNA,0.0,0.0,0.0,0.0,0.0,1.0
AC009623.3,lncRNA,0.0,5.0,3.0,1.0,1.0,5.0
AC009630.1,lncRNA,0.0,3.0,1.0,1.5,4.5,3.0
AC009630.2,lncRNA,0.0,0.0,0.0,0.0,0.5,0.5
AC009630.3,lncRNA,0.0,0.5,0.0,0.0,1.5,2.0
AC009630.4,lncRNA,0.0,1.0,3.0,4.0,13.0,8.0
AC009646.2,lncRNA,0.0,0.0,0.0,0.0,0.0,0.5
AC009652.1,lncRNA,0.0,0.0,0.0,0.0,0.0,1.0
AC009654.1,lncRNA,0.0,0.0,0.0,0.0,0.0,1.0
AC009656.1,lncRNA,0.0,2.0,0.0,0.0,2.0,0.0
AC009682.1,lncRNA,0.0,0.0,0.0,0.0,1.0,2.0
AC009690.2,lncRNA,5.0,2.5,1.5,0.0,6.67,7.0
AC009704.1,lncRNA,0.0,0.5,0.0,0.0,1.0,3.0
AC009704.2,lncRNA,0.0,0.0,0.0,0.0,3.0,0.0
AC009704.3,lncRNA,0.0,0.0,0.0,0.0,3.0,2.0
AC009716.1,lncRNA,0.0,0.0,0.0,1.0,1.0,0.0
AC009720.1,lncRNA,0.0,15.0,10.0,0.0,15.0,16.0
AC009731.1,lncRNA,6.0,5.0,2.0,8.0,26.0,24.0
AC009743.1,lncRNA,0.0,1.0,0.0,0.0,0.0,0.0
AC009754.1,lncRNA,1.0,0.0,0.0,0.0,0.0,0.0
AC009754.2,lncRNA,0.0,0.0,0.0,2.0,5.0,3.0
AC009779.2,lncRNA,2.5,2.0,5.0,2.5,10.5,10.0
AC009779.4,lncRNA,0.0,0.0,0.0,0.0,0.0,1.0
AC009802.1,lncRNA,0.0,1.0,0.0,0.0,3.0,0.0
AC009803.1,lncRNA,2.0,2.0,2.0,6.0,8.0,5.0
AC009803.2,lncRNA,0.0,1.0,0.0,0.0,3.0,1.0
AC009804.2,lncRNA,0.0,1.0,2.0,1.0,6.0,6.0
AC009806.1,lncRNA,1.0,0.0,0.0,0.0,1.0,0.0
AC009812.1,lncRNA,0.5,0.0,0.0,0.5,6.5,2.0
AC009812.3,lncRNA,0.0,6.0,0.0,5.0,5.0,6.0
AC009812.4,lncRNA,0.0,0.0,0.0,0.0,3.0,3.0
AC009831.1,lncRNA,2.0,1.0,3.0,1.5,13.0,10.5
AC009831.3,lncRNA,0.0,0.0,0.0,1.0,0.0,0.0
AC009852.1,lncRNA,0.0,0.0,1.0,0.0,5.0,8.0
AC009869.1,lncRNA,6.0,1.0,3.0,5.0,12.0,8.0
AC009878.2,lncRNA,2.0,3.0,2.0,1.0,6.0,3.0
AC009879.4,lncRNA,0.0,3.0,0.0,1.0,4.0,4.0
AC009884.1,lncRNA,0.0,0.0,0.0,1.0,0.0,2.0
AC009899.1,lncRNA,0.0,2.0,4.0,4.0,7.0,19.0
AC009902.2,lncRNA,0.5,0.0,0.0,2.0,6.0,0.0
AC009902.3,lncRNA,0.0,0.0,0.0,1.0,1.0,1.0
AC009908.1,lncRNA,2.0,0.0,0.0,1.0,2.0,1.0
AC009948.1,lncRNA,0.0,0.0,0.0,1.0,0.5,0.0
AC009948.2,lncRNA,0.5,1.0,0.0,1.0,8.5,12.0
AC009950.1,lncRNA,1.0,5.5,3.0,8.5,16.5,6.0
AC009951.6,lncRNA,0.0,1.0,3.0,17.0,13.0,2.0
AC009955.1,lncRNA,0.0,4.0,0.0,0.0,4.0,1.0
AC009955.2,lncRNA,0.0,0.0,0.0,0.0,0.0,1.0
AC009955.3,lncRNA,0.0,0.0,0.0,0.0,4.5,2.0
AC009955.4,lncRNA,0.0,0.0,0.5,0.0,0.5,1.0
AC009961.1,lncRNA,1.0,1.0,4.0,6.0,6.0,5.0
AC009961.3,lncRNA,0.0,2.0,0.0,1.0,5.0,8.0
AC009962.1,lncRNA,1.0,3.0,2.0,0.0,1.0,10.0
AC009965.1,lncRNA,1.0,0.0,0.0,0.0,1.0,0.0
AC009970.1,lncRNA,0.0,0.0,0.0,0.0,3.0,2.0
AC009971.1,lncRNA,1.0,2.0,0.0,1.0,0.0,2.0
AC009974.1,lncRNA,1.0,1.0,6.0,1.0,1.0,0.0
AC009974.2,lncRNA,0.0,0.0,0.0,0.0,3.0,0.0
AC009975.1,lncRNA,0.0,0.0,0.0,0.0,5.0,0.0
AC009975.2,lncRNA,0.0,0.0,0.0,1.0,0.0,0.0
AC009987.1,lncRNA,0.0,0.0,0.0,0.0,0.0,2.0
AC009988.1,lncRNA,1.0,0.0,1.0,0.0,0.0,2.0
AC009996.1,lncRNA,0.0,0.0,0.0,0.0,3.0,2.0
AC010082.1,lncRNA,1.0,0.0,1.0,0.0,0.0,0.0
AC010086.3,lncRNA,3.0,0.0,1.0,0.0,1.0,1.0
AC010092.1,lncRNA,0.0,0.0,2.0,0.0,2.0,2.0
AC010096.1,lncRNA,1.0,1.0,0.0,1.0,1.0,1.0
AC010105.1,lncRNA,0.0,0.0,1.0,0.0,3.0,7.0
AC010132.1,lncRNA,0.0,0.0,1.0,0.0,0.0,0.0
AC010132.4,lncRNA,0.0,0.0,0.0,0.0,4.0,0.0
AC010139.1,lncRNA,0.0,0.0,0.0,0.0,1.0,0.5
AC010145.1,lncRNA,0.0,0.0,0.0,0.0,0.0,2.0
AC010148.1,lncRNA,2.0,9.0,4.0,2.0,5.0,5.0
AC010149.1,lncRNA,0.0,1.0,0.0,0.0,1.0,0.0
AC010157.1,lncRNA,0.0,0.0,0.0,1.0,0.0,0.0
AC010157.2,lncRNA,0.0,0.0,3.0,0.0,0.0,0.0
AC010163.1,lncRNA,0.0,3.0,0.0,0.0,0.0,0.0
AC010163.2,lncRNA,0.0,1.0,0.0,0.0,3.0,3.0
AC010163.3,lncRNA,1.0,0.0,3.0,3.0,11.0,5.0
AC010168.1,lncRNA,0.0,0.0,2.0,0.0,5.0,0.0
AC010168.2,lncRNA,0.0,2.0,1.0,3.0,11.0,5.0
AC010173.1,lncRNA,4.0,21.0,5.0,7.0,12.0,15.0
AC010175.1,lncRNA,0.0,0.5,0.5,0.0,2.0,0.83
AC010181.1,lncRNA,0.0,0.0,0.0,0.0,1.0,1.0
AC010183.1,lncRNA,0.0,0.0,0.0,2.0,1.0,0.0
AC010183.2,lncRNA,0.0,0.0,0.0,0.0,1.0,0.0
AC010184.1,lncRNA,9.0,15.0,4.0,8.0,5.0,8.0
AC010186.1,lncRNA,0.0,0.0,0.5,0.0,1.0,2.5
AC010186.3,lncRNA,1.0,7.0,3.0,1.0,20.0,13.0
AC010196.1,lncRNA,0.5,0.0,0.0,0.0,0.0,0.0
AC010197.1,lncRNA,0.0,0.0,0.0,0.0,1.0,2.0
AC010198.1,lncRNA,2.0,4.5,2.0,2.5,6.0,7.5
AC010198.2,lncRNA,6.0,14.0,6.5,13.5,24.0,23.0
AC010201.1,lncRNA,0.0,0.0,0.0,0.0,1.0,0.0
AC010201.2,lncRNA,0.0,0.0,0.0,0.0,2.0,3.0
AC010201.3,lncRNA,0.0,0.0,0.0,0.0,0.0,1.0
AC010203.2,lncRNA,0.0,0.0,0.0,0.0,0.0,1.0
AC010205.1,lncRNA,0.0,0.0,0.0,0.0,1.0,0.0
AC010207.1,lncRNA,0.0,2.0,0.0,0.0,1.0,3.0
AC010210.1,lncRNA,11.0,5.0,8.0,5.0,87.0,58.0
AC010223.1,lncRNA,0.0,1.0,1.0,0.0,5.0,2.0
AC010226.1,lncRNA,14.0,1.5,2.5,1.0,11.5,2.83
AC010230.1,lncRNA,1.0,0.0,0.0,0.0,1.0,1.0
AC010240.3,lncRNA,0.0,1.0,0.0,1.0,5.0,6.0
AC010245.1,lncRNA,1.0,0.5,0.0,0.5,0.0,0.0
AC010245.2,lncRNA,0.0,5.0,0.0,0.0,0.0,2.0
AC010247.1,lncRNA,0.0,0.0,3.0,1.0,21.0,18.0
AC010247.2,lncRNA,0.0,0.0,1.0,4.0,61.0,60.0
AC010251.1,lncRNA,1.0,0.0,1.0,2.0,2.0,0.0
AC010255.1,lncRNA,0.0,0.0,0.0,0.0,2.0,1.0
AC010260.1,lncRNA,0.0,1.0,0.0,0.0,0.5,1.0
AC010261.1,lncRNA,1.0,0.0,0.0,5.0,0.0,2.0
AC010261.2,lncRNA,1.0,1.0,0.0,0.0,0.5,1.5
AC010266.1,lncRNA,0.0,0.0,0.0,0.0,2.0,2.0
AC010266.2,lncRNA,0.0,1.0,0.0,1.0,5.0,5.0
AC010267.1,lncRNA,1.0,1.0,3.0,0.0,7.0,6.0
AC010271.1,lncRNA,0.0,0.0,1.0,0.0,8.5,5.5
AC010271.2,lncRNA,0.0,0.0,0.0,0.0,4.0,3.0
AC010273.2,lncRNA,0.5,0.0,0.0,0.0,5.5,4.0
AC010280.1,lncRNA,1.0,0.0,0.0,0.0,1.0,1.0
AC010280.2,lncRNA,0.0,0.0,0.0,0.0,0.0,2.0
AC010280.3,lncRNA,0.0,0.0,0.0,0.0,1.0,2.0
AC010285.1,lncRNA,0.0,0.0,0.0,0.0,0.0,1.5
AC010285.3,lncRNA,0.0,1.0,2.0,0.0,2.0,0.0
AC010291.1,lncRNA,0.0,0.0,0.0,0.0,1.0,0.0
AC010300.1,lncRNA,2.0,0.0,2.0,1.0,2.0,5.0
AC010307.2,lncRNA,0.0,0.0,0.0,0.0,1.0,1.0
AC010307.3,lncRNA,2.0,0.0,0.0,3.0,3.0,2.0
AC010307.4,lncRNA,0.0,0.0,0.0,0.0,1.0,0.0
AC010319.3,lncRNA,0.0,0.0,0.0,0.0,0.0,2.0
AC010319.4,lncRNA,1.0,0.0,0.0,0.0,1.0,0.0
AC010319.5,lncRNA,0.0,0.0,0.0,2.0,2.0,0.0
AC010320.1,lncRNA,1.0,0.0,0.0,3.0,5.0,3.0
AC010320.2,lncRNA,0.0,0.0,0.0,0.0,0.5,1.5
AC010320.3,lncRNA,0.0,1.0,0.0,0.0,0.0,2.0
AC010320.4,lncRNA,2.0,0.0,0.0,1.0,2.0,0.0
AC010325.2,lncRNA,0.0,2.0,0.0,0.0,0.0,1.0
AC010326.3,lncRNA,0.0,6.0,3.0,0.0,5.0,5.5
AC010327.4,lncRNA,4.0,0.33,3.5,1.33,9.83,8.17
AC010327.5,lncRNA,0.0,0.5,1.0,0.0,1.0,2.5
AC010327.6,lncRNA,7.5,11.0,3.0,2.0,13.0,7.5
AC010327.7,lncRNA,1.0,0.5,2.0,0.0,4.0,3.5
AC010327.8,lncRNA,4.0,7.0,0.0,8.0,5.0,4.0
AC010328.1,lncRNA,5.0,1.0,1.0,12.0,10.0,11.0
AC010328.3,lncRNA,0.0,0.0,0.0,1.0,0.5,1.33
AC010329.1,lncRNA,4.0,2.0,0.0,1.0,5.0,7.0
AC010331.1,lncRNA,2.0,0.0,2.0,0.0,12.0,8.5
AC010332.3,lncRNA,2.0,1.0,0.0,2.0,12.5,15.0
AC010333.1,lncRNA,0.0,2.0,0.0,0.0,1.0,0.0
AC010333.2,lncRNA,0.0,0.0,0.0,1.0,0.0,0.0
AC010333.3,lncRNA,0.0,1.0,3.0,2.0,1.0,1.0
AC010335.1,lncRNA,0.0,0.0,0.0,0.0,0.0,1.0
AC010336.1,lncRNA,5.5,12.0,7.0,4.0,26.0,50.5
AC010336.2,lncRNA,0.0,0.0,1.0,0.0,3.0,1.5
AC010336.3,lncRNA,3.0,3.0,4.0,1.5,3.0,2.0
AC010336.4,lncRNA,0.0,1.5,0.0,0.0,0.5,0.5
AC010336.5,lncRNA,3.0,0.0,0.0,0.0,14.0,16.0
AC010336.6,lncRNA,0.0,0.0,0.5,0.0,1.0,0.0
AC010336.7,lncRNA,3.0,0.0,0.0,0.0,2.0,0.0
AC010343.3,lncRNA,4.0,1.0,1.0,5.0,11.0,6.0
AC010359.2,lncRNA,0.0,0.0,1.0,0.0,3.0,2.0
AC010359.3,lncRNA,0.0,2.0,0.0,1.0,6.0,1.0
AC010378.1,lncRNA,0.0,0.0,1.0,0.0,2.0,0.0
AC010387.1,lncRNA,0.0,1.0,0.0,1.0,0.0,0.0
AC010387.2,lncRNA,0.0,0.0,1.0,0.0,0.0,0.0
AC010395.1,lncRNA,0.0,2.0,0.0,0.0,3.0,1.0
AC010401.1,lncRNA,1.0,1.0,0.0,0.5,2.0,2.0
AC010401.2,lncRNA,0.0,0.0,0.0,0.0,1.0,0.0
AC010406.1,lncRNA,0.0,0.0,0.0,0.0,2.0,2.0
AC010422.1,lncRNA,0.0,0.0,0.0,0.0,2.0,0.0
AC010422.2,lncRNA,0.0,0.0,0.0,2.0,1.0,0.0
AC010422.4,lncRNA,3.0,0.0,0.0,0.0,0.0,0.0
AC010422.7,lncRNA,0.0,0.5,0.0,0.5,1.33,1.83
AC010424.2,lncRNA,0.0,0.0,0.0,0.0,0.0,2.0
AC010424.3,lncRNA,0.0,2.0,0.0,1.0,2.0,2.0
AC010425.1,lncRNA,0.0,1.0,0.0,0.0,0.0,0.0
AC010445.1,lncRNA,0.0,0.0,1.0,1.0,0.0,0.0
AC010451.2,lncRNA,0.0,3.0,2.0,1.0,2.0,0.0
AC010457.1,lncRNA,0.0,1.0,0.0,0.0,1.0,3.0
AC010463.2,lncRNA,0.0,0.0,0.0,0.0,1.0,1.0
AC010463.3,lncRNA,0.0,0.0,0.0,1.0,0.0,0.0
AC010468.1,lncRNA,0.0,0.0,0.0,2.0,0.0,0.0
AC010476.2,lncRNA,14.0,4.0,0.0,5.0,12.0,9.0
AC010478.1,lncRNA,3.0,4.0,3.0,7.0,20.0,23.0
AC010485.1,lncRNA,2.0,4.0,3.0,1.0,2.0,1.0
AC010486.3,lncRNA,0.0,0.0,0.0,0.0,0.0,1.0
AC010487.1,lncRNA,0.0,0.0,0.0,0.5,3.0,1.0
AC010491.1,lncRNA,1.0,0.0,3.0,6.0,24.0,19.0
AC010491.2,lncRNA,4.0,2.0,1.0,21.0,47.0,36.0
AC010494.1,lncRNA,0.0,0.5,0.5,0.0,2.0,3.0
AC010501.2,lncRNA,3.0,5.0,5.5,3.5,52.0,35.0
AC010503.1,lncRNA,0.0,0.0,0.0,0.0,0.0,1.0
AC010503.4,lncRNA,1.0,0.0,0.0,0.0,1.0,2.0
AC010504.1,lncRNA,0.0,0.0,0.0,0.0,0.0,1.0
AC010511.1,lncRNA,0.0,0.0,0.0,4.0,1.0,0.0
AC010519.1,lncRNA,0.0,0.0,0.0,1.0,1.0,0.0
AC010524.1,lncRNA,0.0,2.0,1.0,1.0,0.0,1.0
AC010525.1,lncRNA,0.0,5.0,0.0,1.0,2.0,7.0
AC010528.1,lncRNA,0.0,0.0,0.0,0.0,1.0,0.0
AC010528.2,lncRNA,1.0,0.0,0.0,0.0,0.0,0.0
AC010530.1,lncRNA,0.0,0.0,0.0,0.0,1.0,1.0
AC010531.4,lncRNA,7.0,20.0,100.0,9.0,10.0,16.0
AC010531.5,lncRNA,0.0,0.0,0.0,0.0,1.0,0.5
AC010531.6,lncRNA,2.0,6.0,2.0,1.0,5.0,8.0
AC010531.7,lncRNA,0.0,0.0,0.0,1.0,0.5,0.0
AC010536.1,lncRNA,1.0,0.0,4.0,4.0,19.0,8.0
AC010536.3,lncRNA,1.5,0.0,0.5,1.5,4.5,2.5
AC010538.1,lncRNA,1.0,5.0,1.0,1.0,9.5,2.0
AC010542.1,lncRNA,0.5,0.0,0.0,0.0,0.0,0.0
AC010542.2,lncRNA,0.5,0.0,0.0,0.0,1.5,0.5
AC010542.4,lncRNA,246.0,108.0,214.0,202.5,175.0,270.0
AC010542.5,lncRNA,0.5,1.5,0.0,0.0,1.5,1.5
AC010547.1,lncRNA,0.33,1.0,0.0,1.0,1.5,3.67
AC010551.1,lncRNA,0.0,3.0,0.0,0.0,1.0,3.0
AC010551.2,lncRNA,0.0,0.0,1.0,1.0,1.0,1.0
AC010551.3,lncRNA,0.0,1.0,1.0,2.0,1.0,2.0
AC010595.1,lncRNA,0.0,0.0,0.0,0.0,3.0,4.0
AC010601.1,lncRNA,0.0,0.0,0.0,1.0,0.0,3.0
AC010605.1,lncRNA,1.0,4.0,0.5,2.0,0.0,0.5
AC010609.1,lncRNA,0.0,0.0,0.0,0.0,0.0,1.0
AC010615.2,lncRNA,1.0,1.0,1.0,2.0,1.0,3.0
AC010618.2,lncRNA,0.0,0.0,1.0,0.0,1.0,1.0
AC010618.3,lncRNA,2.0,5.5,2.5,7.0,4.5,7.5
AC010619.2,lncRNA,0.5,1.5,1.0,2.0,5.5,10.0
AC010623.1,lncRNA,1.0,4.0,0.0,0.0,0.0,3.0
AC010624.1,lncRNA,0.0,17.0,216.0,2.0,12.5,7.5
AC010624.2,lncRNA,0.0,0.0,1.0,0.0,2.0,0.0
AC010624.3,lncRNA,1.0,0.5,1.0,3.0,4.0,4.5
AC010624.5,lncRNA,0.0,0.0,0.0,0.0,1.0,1.0
AC010632.1,lncRNA,1.0,0.0,0.0,0.5,2.0,2.0
AC010632.2,lncRNA,0.0,1.0,0.0,1.0,0.0,0.0
AC010634.1,lncRNA,0.0,0.0,0.0,0.0,0.0,1.0
AC010636.1,lncRNA,1.0,0.0,0.0,0.0,1.0,0.0
AC010636.2,lncRNA,1.0,0.0,0.5,0.0,0.0,0.0
AC010641.1,lncRNA,0.0,1.0,0.0,1.0,3.0,1.0
AC010641.2,lncRNA,1.0,1.0,1.0,1.0,7.0,11.0
AC010642.2,lncRNA,0.0,2.0,0.0,2.0,9.25,2.75
AC010643.1,lncRNA,2.0,12.0,3.0,4.0,5.0,9.0
AC010649.1,lncRNA,0.5,1.0,0.0,0.5,9.5,8.5
AC010654.1,lncRNA,3.0,0.0,0.0,2.0,0.0,3.0
AC010655.2,lncRNA,0.0,1.5,0.0,0.0,1.5,1.83
AC010655.4,lncRNA,0.0,0.5,0.0,0.0,2.5,0.83
AC010677.2,lncRNA,1.0,0.0,0.0,0.0,0.0,1.0
AC010680.1,lncRNA,1.0,6.0,0.0,0.0,3.5,0.5
AC010680.2,lncRNA,0.5,0.0,0.0,0.0,1.0,1.0
AC010680.3,lncRNA,0.0,0.0,0.0,0.5,1.5,3.0
AC010680.4,lncRNA,3.5,0.5,0.0,0.5,1.0,0.0
AC010719.1,lncRNA,0.0,0.0,0.0,0.0,2.0,1.0
AC010722.1,lncRNA,0.0,0.0,0.0,0.0,1.0,2.0
AC010723.1,lncRNA,1.0,1.0,1.0,0.0,0.0,1.0
AC010727.1,lncRNA,2.0,2.0,1.0,1.0,2.0,3.0
AC010729.1,lncRNA,0.0,0.0,3.0,2.0,4.0,3.0
AC010729.2,lncRNA,1.0,0.5,1.0,1.0,6.5,11.5
AC010731.2,lncRNA,0.0,0.0,0.0,0.0,1.0,0.0
AC010733.1,lncRNA,1.5,0.0,0.5,1.0,1.0,1.0
AC010735.1,lncRNA,0.0,0.0,0.0,1.0,7.0,2.0
AC010735.2,lncRNA,1.0,3.0,1.0,0.0,6.0,5.0
AC010737.1,lncRNA,2.0,0.0,0.0,0.0,1.0,0.0
AC010745.1,lncRNA,1.0,0.0,0.0,0.0,1.0,2.0
AC010745.2,lncRNA,1.0,0.0,1.0,1.0,11.5,24.0
AC010745.3,lncRNA,0.0,0.0,0.0,1.0,3.5,0.0
AC010745.4,lncRNA,0.0,2.0,0.0,0.0,1.0,0.0
AC010745.5,lncRNA,0.0,0.0,0.0,1.0,0.0,1.0
AC010754.1,lncRNA,0.0,5.0,1.0,0.0,4.0,2.0
AC010761.1,lncRNA,0.0,0.5,0.0,0.0,2.0,1.5
AC010761.2,lncRNA,4.5,5.0,12.5,5.5,111.5,93.0
AC010761.4,lncRNA,0.0,2.0,0.0,0.0,1.5,0.5
AC010761.5,lncRNA,0.0,0.0,0.0,0.0,0.0,0.5
AC010761.6,lncRNA,0.0,1.0,0.0,1.0,0.0,0.0
AC010768.1,lncRNA,0.0,3.5,1.5,0.0,2.5,3.0
AC010768.2,lncRNA,0.0,1.0,0.0,1.0,0.0,6.0
AC010768.4,lncRNA,0.0,0.0,2.0,1.0,4.0,0.0
AC010776.2,lncRNA,0.0,1.0,0.0,2.0,5.5,3.5
AC010789.1,lncRNA,0.0,0.0,2.0,0.0,0.5,0.0
AC010789.2,lncRNA,0.0,0.0,0.0,0.0,4.0,0.0
AC010809.1,lncRNA,0.0,1.0,0.0,0.0,0.5,0.5
AC010809.2,lncRNA,0.0,0.0,0.0,1.0,0.0,0.0
AC010809.3,lncRNA,0.0,0.0,0.0,0.0,0.0,1.0
AC010834.1,lncRNA,0.5,0.0,0.0,0.0,1.0,1.0
AC010834.2,lncRNA,0.0,0.0,0.0,0.0,1.0,1.0
AC010834.3,lncRNA,38.0,130.0,81.0,199.0,750.0,1173.0
AC010857.1,lncRNA,0.0,0.0,0.0,0.0,3.0,1.0
AC010872.2,lncRNA,0.0,1.0,2.0,0.0,1.0,2.0
AC010883.2,lncRNA,6.0,1.0,0.0,5.0,6.0,12.0
AC010883.3,lncRNA,3.5,4.0,4.0,1.0,10.5,12.5
AC010884.1,lncRNA,0.0,4.0,0.0,0.0,5.0,7.0
AC010889.1,lncRNA,0.0,0.0,0.0,0.0,1.0,2.0
AC010889.2,lncRNA,2.0,3.0,2.0,0.0,1.0,3.5
AC010891.1,lncRNA,0.0,0.0,0.0,0.0,1.0,0.0
AC010894.1,lncRNA,0.0,0.0,0.0,1.0,12.0,14.0
AC010894.2,lncRNA,1.0,7.0,3.0,2.0,11.0,8.0
AC010894.3,lncRNA,0.0,0.0,0.0,0.0,0.5,1.0
AC010896.1,lncRNA,1.0,2.0,3.0,1.0,37.0,34.0
AC010904.2,lncRNA,0.0,0.0,0.0,2.0,1.0,0.0
AC010907.1,lncRNA,10.0,6.0,5.0,33.0,4.5,8.0
AC010907.2,lncRNA,0.0,0.0,0.0,0.0,0.0,1.0
AC010913.1,lncRNA,1.0,1.0,5.0,4.0,25.0,34.5
AC010931.1,lncRNA,4.0,3.0,3.0,8.0,22.5,31.0
AC010941.1,lncRNA,0.0,0.0,0.0,4.0,5.0,2.0
AC010967.1,lncRNA,0.0,1.0,0.0,0.0,4.0,1.0
AC010967.2,lncRNA,0.0,0.0,1.0,3.0,4.0,1.0
AC010969.1,lncRNA,1.0,2.0,1.5,1.0,4.0,6.5
AC010969.2,lncRNA,1.0,2.5,2.0,1.0,5.0,3.0
AC010969.3,lncRNA,0.0,0.5,0.0,1.0,1.0,0.0
AC010973.1,lncRNA,0.0,4.0,0.5,0.0,2.0,0.0
AC010973.2,lncRNA,2.0,12.5,0.5,5.0,3.5,0.0
AC010974.1,lncRNA,0.0,0.0,0.0,0.0,1.0,1.0
AC010974.2,lncRNA,0.0,0.0,1.0,0.0,2.0,0.0
AC010976.1,lncRNA,0.0,1.5,1.5,4.0,10.5,11.0
AC010976.2,lncRNA,1.0,2.0,0.0,2.0,2.0,0.0
AC010978.1,lncRNA,0.0,0.0,1.0,3.5,4.5,1.5
AC010982.1,lncRNA,0.0,0.0,0.0,0.0,0.0,1.0
AC010982.2,lncRNA,0.0,0.0,0.0,0.0,0.0,1.0
AC010983.1,lncRNA,0.0,1.0,0.0,0.0,0.0,0.0
AC010987.1,lncRNA,0.0,0.0,0.0,0.0,3.0,5.0
AC010991.1,lncRNA,0.0,0.0,0.0,0.0,2.0,0.0
AC010996.1,lncRNA,0.0,0.0,0.0,0.0,0.0,1.0
AC010997.2,lncRNA,0.0,0.0,0.0,2.0,5.0,5.0
AC010997.3,lncRNA,0.0,1.0,1.0,1.0,3.0,7.0
AC010997.4,lncRNA,1.0,0.5,2.0,2.0,7.5,4.0
AC010997.5,lncRNA,0.0,0.5,0.0,0.0,4.5,5.0
AC010998.1,lncRNA,0.0,0.0,0.0,0.0,2.0,2.0
AC010998.2,lncRNA,0.0,0.0,0.0,0.5,0.0,0.0
AC010998.3,lncRNA,0.0,1.0,0.0,0.0,0.0,1.0
AC010999.2,lncRNA,0.0,0.0,0.0,1.0,1.5,0.5
AC011005.4,lncRNA,0.0,0.0,0.0,0.0,1.0,0.0
AC011008.1,lncRNA,0.0,0.0,1.0,0.0,1.0,5.0
AC011029.1,lncRNA,0.0,0.0,0.0,0.0,0.0,1.0
AC011092.2,lncRNA,0.0,0.0,0.0,0.0,1.0,1.0
AC011092.3,lncRNA,0.0,3.0,0.0,12.0,0.0,1.0
AC011095.1,lncRNA,1.0,2.0,0.0,2.0,16.0,5.0
AC011120.1,lncRNA,0.0,0.0,1.0,0.0,2.0,2.0
AC011124.1,lncRNA,0.0,0.0,0.0,3.0,4.0,2.0
AC011124.2,lncRNA,3.0,2.0,1.0,1.0,9.0,17.0
AC011139.1,lncRNA,0.0,0.0,0.0,0.0,1.0,0.0
AC011193.1,lncRNA,0.0,0.0,0.0,1.0,1.0,3.0
AC011196.1,lncRNA,1.0,2.0,0.0,1.0,0.0,1.0
AC011228.2,lncRNA,0.0,0.0,0.0,0.0,0.0,1.0
AC011233.2,lncRNA,2.0,1.0,1.0,0.0,10.0,11.0
AC011239.1,lncRNA,0.0,1.0,0.0,0.0,3.0,1.0
AC011243.1,lncRNA,0.0,0.0,1.0,0.0,2.0,0.0
AC011246.1,lncRNA,0.0,2.0,2.0,1.0,4.0,3.0
AC011247.1,lncRNA,5.0,6.0,0.0,0.0,3.0,6.0
AC011284.1,lncRNA,0.0,0.0,0.0,0.0,1.0,0.0
AC011287.1,lncRNA,2.0,2.0,8.0,2.0,20.0,7.0
AC011287.2,lncRNA,0.0,1.0,0.0,0.0,0.0,1.0
AC011290.1,lncRNA,0.0,0.0,0.0,0.0,1.0,0.0
AC011294.1,lncRNA,0.0,0.0,0.0,0.0,3.0,4.0
AC011297.1,lncRNA,0.0,0.0,0.0,0.0,0.0,2.0
AC011298.1,lncRNA,0.0,7.0,3.0,2.0,10.0,7.0
AC011303.1,lncRNA,0.0,0.0,0.0,0.0,0.0,1.0
AC011306.1,lncRNA,0.0,1.0,0.5,2.5,3.5,2.5
AC011317.1,lncRNA,1.0,0.0,0.0,0.0,1.0,3.0
AC011322.1,lncRNA,1.0,0.0,0.0,0.0,3.0,0.0
AC011333.1,lncRNA,0.0,0.0,0.0,0.0,3.0,0.0
AC011337.1,lncRNA,0.5,0.0,0.0,1.0,5.0,3.0
AC011346.1,lncRNA,9.0,5.0,36.0,22.0,26.0,22.0
AC011351.1,lncRNA,0.0,0.0,0.0,0.0,0.0,3.0
AC011352.1,lncRNA,0.0,0.0,0.0,0.0,0.0,1.0
AC011352.3,lncRNA,0.0,0.0,0.0,0.0,0.0,1.0
AC011362.1,lncRNA,0.0,0.0,0.0,0.0,1.0,1.0
AC011363.1,lncRNA,0.0,0.0,0.0,0.0,0.0,1.0
AC011365.1,lncRNA,0.0,1.0,0.0,0.0,1.0,1.5
AC011369.1,lncRNA,0.0,2.0,1.0,0.0,5.0,4.0
AC011370.1,lncRNA,2.0,9.0,10.0,16.0,135.0,96.0
AC011373.1,lncRNA,0.0,0.0,0.0,0.0,1.0,0.0
AC011374.1,lncRNA,0.0,1.0,0.0,0.0,1.0,1.0
AC011374.2,lncRNA,0.0,0.0,0.0,1.0,0.0,1.0
AC011374.3,lncRNA,0.0,0.0,0.0,0.0,0.0,1.0
AC011379.1,lncRNA,6.0,3.0,0.0,5.0,2.0,3.0
AC011379.2,lncRNA,0.0,4.0,2.0,9.0,17.0,10.0
AC011383.1,lncRNA,0.0,0.0,0.0,0.0,4.0,2.0
AC011389.1,lncRNA,1.0,1.0,2.0,1.0,4.0,0.0
AC011396.1,lncRNA,0.0,0.0,0.0,0.0,0.0,1.0
AC011396.3,lncRNA,0.0,0.0,0.0,3.0,0.0,0.0
AC011405.1,lncRNA,1.0,0.0,0.0,1.0,5.0,11.0
AC011407.1,lncRNA,0.0,0.0,1.0,3.0,5.0,2.0
AC011410.1,lncRNA,0.0,0.0,1.0,0.0,3.0,1.0
AC011416.3,lncRNA,1.0,0.0,0.0,2.0,6.0,10.0
AC011416.4,lncRNA,6.0,11.0,7.0,20.0,34.0,48.0
AC011442.1,lncRNA,0.0,0.0,0.0,2.0,0.0,0.0
AC011443.1,lncRNA,0.0,0.0,0.0,1.0,0.0,3.0
AC011444.1,lncRNA,1.0,0.0,0.0,1.0,2.0,1.0
AC011444.2,lncRNA,0.0,0.0,0.0,0.0,3.0,3.0
AC011444.3,lncRNA,0.0,1.0,0.0,0.0,0.0,0.0
AC011445.1,lncRNA,0.0,0.0,1.0,0.0,0.0,1.0
AC011446.1,lncRNA,0.5,0.5,0.0,0.0,2.5,0.5
AC011446.2,lncRNA,6.0,9.5,5.0,19.0,7.0,17.5
AC011446.3,lncRNA,0.0,1.0,0.5,3.0,1.0,4.0
AC011447.3,lncRNA,3.5,5.33,2.0,4.33,6.33,11.83
AC011450.1,lncRNA,0.0,0.0,0.0,0.0,0.0,1.5
AC011451.1,lncRNA,1.0,0.0,0.0,0.0,0.0,2.0
AC011451.3,lncRNA,0.0,0.0,0.0,0.0,5.0,3.0
AC011451.4,lncRNA,2.0,3.0,1.0,0.0,0.0,0.0
AC011453.1,lncRNA,0.0,2.0,0.0,3.0,2.5,1.0
AC011455.1,lncRNA,1.5,0.0,0.5,0.0,8.0,6.5
AC011455.6,lncRNA,1.0,3.0,0.0,1.0,3.0,1.0
AC011461.1,lncRNA,0.0,0.0,0.0,0.0,1.0,1.0
AC011462.2,lncRNA,0.0,0.0,0.5,0.0,0.0,0.0
AC011462.3,lncRNA,0.0,2.0,2.0,6.0,4.0,1.0
AC011462.4,lncRNA,0.0,0.0,0.0,0.0,15.0,11.0
AC011462.5,lncRNA,2.0,5.0,0.0,0.0,12.5,7.5
AC011466.1,lncRNA,0.0,4.0,0.0,2.0,4.0,3.5
AC011466.3,lncRNA,0.0,2.5,1.5,1.5,8.0,4.0
AC011467.1,lncRNA,1.0,4.0,0.0,2.0,4.0,4.0
AC011467.3,lncRNA,1.0,2.0,0.0,0.0,0.5,1.0
AC011467.6,lncRNA,0.0,1.0,0.0,0.0,4.0,3.0
AC011468.2,lncRNA,0.0,2.0,1.5,4.5,0.5,1.5
AC011468.5,lncRNA,1.0,0.5,0.5,0.0,1.5,0.0
AC011471.2,lncRNA,0.0,1.0,0.0,0.0,1.0,1.0
AC011472.1,lncRNA,0.0,0.0,2.0,0.0,0.0,1.0
AC011472.2,lncRNA,0.0,0.0,0.0,4.0,0.5,2.5
AC011472.3,lncRNA,0.5,4.0,2.0,0.5,2.0,4.0
AC011472.4,lncRNA,0.0,0.0,0.0,0.0,2.0,1.0
AC011473.3,lncRNA,1.0,0.0,4.0,1.0,0.5,2.5
AC011474.1,lncRNA,1.0,0.0,4.0,3.0,23.0,11.0
AC011474.2,lncRNA,2.0,0.0,4.0,2.0,8.0,3.0
AC011474.3,lncRNA,1.0,0.0,0.0,0.0,3.0,1.0
AC011476.2,lncRNA,0.5,0.5,0.0,1.5,0.5,3.0
AC011476.3,lncRNA,0.5,1.0,0.5,0.0,3.0,4.5
AC011477.1,lncRNA,0.0,0.0,0.0,0.0,0.0,1.0
AC011477.2,lncRNA,0.0,1.0,0.0,0.0,0.0,1.0
AC011477.3,lncRNA,4.0,16.0,4.0,40.0,15.0,30.5
AC011477.7,lncRNA,1.0,1.5,1.5,0.5,9.5,4.0
AC011477.8,lncRNA,0.0,0.5,0.0,0.5,0.0,1.0
AC011478.1,lncRNA,0.0,0.0,1.0,0.0,1.0,3.0
AC011479.3,lncRNA,0.0,6.0,1.0,2.0,4.0,7.0
AC011479.4,lncRNA,0.0,1.5,0.0,0.0,0.5,0.83
AC011481.1,lncRNA,0.0,0.0,1.0,0.0,1.0,0.0
AC011481.2,lncRNA,0.0,2.0,1.0,2.0,1.0,1.5
AC011483.1,lncRNA,3.0,0.0,1.0,0.0,3.0,3.0
AC011483.2,lncRNA,0.5,0.5,0.0,1.0,1.0,0.5
AC011484.1,lncRNA,1.0,0.5,1.0,1.5,14.0,6.0
AC011491.2,lncRNA,0.0,0.0,0.0,0.0,0.0,1.0
AC011491.3,lncRNA,0.0,0.0,0.0,0.0,0.5,0.0
AC011495.2,lncRNA,2.0,2.5,0.5,4.0,1.0,2.5
AC011495.3,lncRNA,0.0,0.33,0.5,0.0,1.0,1.0
AC011497.1,lncRNA,0.5,0.5,0.5,0.0,1.5,1.0
AC011498.1,lncRNA,0.0,2.0,0.0,0.0,0.0,1.0
AC011498.3,lncRNA,0.0,0.0,0.0,1.0,0.5,1.0
AC011498.6,lncRNA,0.0,0.0,1.0,0.0,3.0,0.0
AC011500.3,lncRNA,0.0,2.0,0.5,0.5,7.0,3.0
AC011503.1,lncRNA,0.0,0.0,0.0,0.0,6.0,10.0
AC011503.4,lncRNA,0.0,6.0,3.0,3.0,26.0,29.0
AC011505.1,lncRNA,0.0,0.0,0.0,2.0,2.0,5.0
AC011507.1,lncRNA,0.0,1.0,0.0,0.0,1.0,2.0
AC011509.1,lncRNA,0.0,0.0,0.0,0.0,0.0,1.0
AC011509.2,lncRNA,0.0,0.0,0.0,0.0,2.0,0.0
AC011509.3,lncRNA,1.0,0.0,0.0,0.0,3.0,2.0
AC011510.1,lncRNA,0.0,0.0,2.0,1.0,5.0,0.0
AC011511.2,lncRNA,1.5,0.5,0.5,3.5,5.0,3.0
AC011511.3,lncRNA,0.0,0.5,0.5,0.0,0.0,1.0
AC011511.5,lncRNA,2.5,2.0,4.0,2.0,17.5,27.0
AC011516.1,lncRNA,0.0,0.0,0.0,0.0,1.0,3.0
AC011518.1,lncRNA,0.0,0.5,0.0,1.0,1.5,5.0
AC011523.1,lncRNA,0.0,0.0,1.0,0.0,1.0,0.0
AC011524.1,lncRNA,3.0,0.0,0.0,0.0,0.0,0.0
AC011524.2,lncRNA,0.0,0.0,0.0,0.0,1.0,0.0
AC011525.1,lncRNA,0.0,1.0,1.0,0.5,8.5,8.5
AC011525.2,lncRNA,0.0,0.0,1.0,0.5,1.5,3.5
AC011586.1,lncRNA,0.0,1.0,0.0,0.0,6.0,6.0
AC011586.2,lncRNA,0.0,0.0,0.0,1.0,4.0,2.0
AC011591.1,lncRNA,0.0,0.0,0.0,0.0,1.0,0.0
AC011593.1,lncRNA,4.0,5.0,2.0,6.0,12.0,6.0
AC011595.1,lncRNA,0.0,0.0,0.0,0.0,1.0,1.0
AC011595.2,lncRNA,0.0,0.0,1.0,0.0,0.0,0.0
AC011601.1,lncRNA,0.0,0.0,0.0,1.0,3.0,2.0
AC011603.1,lncRNA,2.0,0.5,0.0,1.0,10.5,7.5
AC011603.2,lncRNA,2.0,6.5,4.0,10.5,17.5,19.0
AC011603.3,lncRNA,0.0,0.5,0.0,0.0,0.0,0.5
AC011611.2,lncRNA,2.0,0.0,0.0,1.0,0.0,0.0
AC011611.3,lncRNA,0.0,0.0,0.0,0.5,4.0,3.5
AC011611.4,lncRNA,0.0,0.0,0.0,0.0,10.0,12.0
AC011625.1,lncRNA,1.0,1.0,0.0,0.0,0.0,1.0
AC011632.1,lncRNA,1.0,0.0,1.0,0.0,5.0,0.0
AC011632.2,lncRNA,1.0,0.0,0.0,0.0,0.0,1.0
AC011676.1,lncRNA,0.0,0.0,0.0,0.0,1.0,0.0
AC011676.2,lncRNA,1.0,0.0,1.0,1.5,0.0,2.5
AC011676.3,lncRNA,0.0,0.0,0.0,0.0,1.0,4.0
AC011676.4,lncRNA,67.0,6.0,8.0,2.0,83.0,1.0
AC011700.1,lncRNA,12.0,13.0,7.0,1.0,17.5,14.0
AC011726.1,lncRNA,1.0,1.0,0.0,0.0,3.0,0.0
AC011726.2,lncRNA,1.0,1.0,1.0,0.0,1.0,2.0
AC011731.1,lncRNA,0.0,0.0,0.5,0.0,0.0,1.0
AC011747.1,lncRNA,0.0,0.0,0.0,0.0,1.0,1.0
AC011751.1,lncRNA,0.0,3.0,1.0,0.0,3.0,5.0
AC011752.1,lncRNA,0.0,0.0,1.0,5.0,7.0,1.0
AC011753.2,lncRNA,0.0,1.0,0.0,2.0,0.0,0.0
AC011754.1,lncRNA,0.0,0.0,0.0,0.0,11.5,4.0
AC011754.2,lncRNA,1.0,0.0,0.0,0.0,1.0,2.0
AC011773.1,lncRNA,0.0,1.5,0.5,0.0,6.0,2.0
AC011773.3,lncRNA,0.0,0.0,0.5,1.0,4.0,0.5
AC011773.4,lncRNA,0.0,0.0,0.0,1.0,0.0,1.0
AC011815.1,lncRNA,19.0,38.0,129.0,22.0,65.0,81.0
AC011815.2,lncRNA,0.0,2.0,1.0,3.0,21.0,24.0
AC011816.2,lncRNA,0.0,0.0,0.0,0.0,1.0,0.0
AC011824.1,lncRNA,0.0,0.0,0.0,1.0,1.0,0.0
AC011824.2,lncRNA,8.0,2.0,1.0,2.0,4.0,3.0
AC011824.3,lncRNA,0.0,1.0,0.0,0.0,1.0,1.0
AC011825.2,lncRNA,0.0,2.0,0.0,2.0,0.0,4.0
AC011825.3,lncRNA,0.0,0.0,0.0,0.0,1.0,0.0
AC011825.4,lncRNA,1.0,5.0,1.0,2.0,1.0,1.5
AC011840.1,lncRNA,0.5,1.5,0.0,1.0,0.5,1.5
AC011840.2,lncRNA,0.0,0.0,0.0,0.0,6.0,2.0
AC011840.3,lncRNA,0.0,0.0,0.0,0.0,1.0,0.0
AC011840.4,lncRNA,0.0,0.0,0.0,0.5,0.0,0.0
AC011899.1,lncRNA,4.0,8.0,5.0,7.0,7.0,6.0
AC011899.2,lncRNA,1.0,0.0,0.0,0.0,1.0,1.0
AC011899.3,lncRNA,0.0,0.0,0.0,0.0,4.0,1.0
AC011901.1,lncRNA,0.0,0.0,1.0,0.0,3.0,5.0
AC011912.1,lncRNA,1.0,2.0,0.0,2.0,1.0,1.0
AC011921.1,lncRNA,0.0,0.0,0.0,1.0,2.0,1.0
AC011933.2,lncRNA,1.0,2.0,0.0,0.0,5.0,6.0
AC011933.3,lncRNA,0.0,1.0,0.0,0.0,1.0,0.0
AC011933.4,lncRNA,0.0,0.0,0.0,0.0,1.0,2.0
AC011939.2,lncRNA,0.0,0.0,0.0,2.0,1.0,0.0
AC011939.3,lncRNA,0.0,0.0,0.0,0.0,0.0,1.0
AC011944.1,lncRNA,1.0,1.0,0.5,1.0,2.0,1.5
AC011978.1,lncRNA,0.0,0.0,0.0,0.0,9.0,24.0
AC011990.1,lncRNA,0.0,0.0,0.0,0.0,2.0,0.0
AC011995.2,lncRNA,5.0,15.0,8.0,5.0,18.0,10.0
AC011997.1,lncRNA,0.0,0.0,1.0,0.0,0.0,0.0
AC011997.2,lncRNA,0.0,0.0,0.0,1.0,0.0,0.0
AC012020.1,lncRNA,0.0,2.0,0.0,7.0,18.0,13.0
AC012038.1,lncRNA,0.0,0.0,0.0,1.0,0.0,0.0
AC012038.2,lncRNA,0.0,0.0,0.0,0.0,3.0,2.0
AC012050.1,lncRNA,0.0,0.0,0.0,0.0,1.0,0.0
AC012055.1,lncRNA,0.0,0.0,1.0,1.0,2.0,6.0
AC012055.2,lncRNA,0.0,0.0,0.0,2.0,0.0,2.0
AC012060.1,lncRNA,0.0,0.0,0.0,0.0,4.0,2.0
AC012063.1,lncRNA,4.0,5.0,3.0,10.0,23.0,17.0
AC012065.1,lncRNA,1.0,0.0,2.0,1.0,0.0,0.0
AC012065.2,lncRNA,0.0,0.0,0.0,0.0,0.0,2.0
AC012065.3,lncRNA,0.0,0.0,0.0,0.0,0.5,0.0
AC012066.1,lncRNA,0.0,0.0,0.0,0.0,2.0,2.0
AC012070.1,lncRNA,0.0,0.0,0.0,0.0,2.0,0.0
AC012073.1,lncRNA,0.5,0.0,0.0,0.0,3.0,1.0
AC012076.1,lncRNA,2.0,0.0,3.0,1.0,7.0,3.0
AC012081.1,lncRNA,0.0,0.0,0.0,0.0,1.0,2.0
AC012081.2,lncRNA,0.0,0.0,0.0,0.0,1.0,0.0
AC012085.2,lncRNA,0.0,2.0,3.0,0.0,2.0,0.0
AC012087.2,lncRNA,0.5,0.0,0.5,1.5,4.5,2.0
AC012100.1,lncRNA,0.0,0.0,0.0,0.0,0.0,3.0
AC012101.1,lncRNA,0.0,0.0,0.0,1.0,0.0,1.0
AC012101.2,lncRNA,4.0,3.0,10.0,2.0,16.0,11.0
AC012103.1,lncRNA,0.0,0.0,1.0,3.0,1.0,3.0
AC012123.1,lncRNA,1.5,1.5,1.5,3.5,5.5,8.5
AC012146.2,lncRNA,0.0,0.0,0.0,0.0,6.0,3.0
AC012150.1,lncRNA,0.0,1.0,1.0,2.0,1.0,0.0
AC012150.2,lncRNA,0.0,0.0,0.0,0.0,0.0,1.0
AC012157.2,lncRNA,0.5,0.0,0.0,0.0,1.0,0.0
AC012157.3,lncRNA,0.0,1.0,1.0,0.0,1.0,1.0
AC012173.1,lncRNA,0.0,0.0,0.0,0.0,1.0,2.0
AC012178.1,lncRNA,2.0,4.0,8.0,8.0,47.5,59.0
AC012181.2,lncRNA,2.0,0.0,0.0,0.0,0.0,0.0
AC012184.1,lncRNA,1.0,0.0,0.5,0.0,2.0,1.0
AC012184.3,lncRNA,0.0,2.0,0.0,3.0,3.0,16.0
AC012184.4,lncRNA,0.0,0.0,0.0,0.0,8.33,4.33
AC012186.2,lncRNA,0.0,0.0,2.0,0.0,4.0,1.0
AC012213.1,lncRNA,0.0,5.0,0.0,2.0,14.0,8.0
AC012213.2,lncRNA,0.0,1.0,0.0,3.0,8.0,3.0
AC012213.3,lncRNA,0.0,0.0,0.0,0.0,1.0,0.0
AC012213.4,lncRNA,0.0,0.0,0.0,0.0,1.0,0.0
AC012229.1,lncRNA,0.0,0.0,1.0,0.0,2.0,0.0
AC012236.1,lncRNA,9.0,6.0,28.0,13.0,12.0,16.0
AC012254.1,lncRNA,0.0,0.0,0.0,0.0,0.5,1.0
AC012254.3,lncRNA,0.0,0.0,1.0,0.0,0.0,2.5
AC012291.3,lncRNA,2.0,0.0,1.0,8.0,8.0,10.0
AC012301.2,lncRNA,0.0,0.0,0.0,0.0,0.0,1.0
AC012306.2,lncRNA,1.0,0.0,0.0,1.0,2.0,0.0
AC012306.3,lncRNA,0.0,0.0,1.0,1.0,1.0,3.0
AC012307.1,lncRNA,0.0,1.0,0.0,2.0,2.0,0.0
AC012309.2,lncRNA,0.0,0.0,1.0,0.0,0.0,0.0
AC012313.1,lncRNA,5.0,0.0,4.0,2.0,23.0,30.0
AC012313.2,lncRNA,0.33,1.33,1.83,1.0,4.33,7.0
AC012313.3,lncRNA,4.33,5.67,7.0,4.67,15.17,14.67
AC012313.5,lncRNA,0.0,1.0,0.0,1.0,0.0,1.0
AC012313.6,lncRNA,0.0,5.0,2.33,2.33,17.67,10.33
AC012313.7,lncRNA,1.5,0.0,0.0,0.5,0.5,1.33
AC012313.8,lncRNA,0.0,3.0,2.0,5.0,26.0,6.0
AC012313.9,lncRNA,1.0,0.0,0.0,0.0,0.0,0.0
AC012317.1,lncRNA,1.0,0.0,1.5,0.0,0.0,0.0
AC012321.1,lncRNA,0.5,1.0,0.0,0.0,0.5,0.0
AC012322.1,lncRNA,1.0,0.0,1.0,0.0,2.0,1.0
AC012325.1,lncRNA,0.0,0.0,0.0,0.0,1.0,2.0
AC012339.1,lncRNA,0.0,2.0,0.0,0.0,0.0,0.0
AC012349.1,lncRNA,2.5,3.0,4.5,0.5,12.0,11.5
AC012354.1,lncRNA,5.0,15.0,6.0,5.0,35.0,84.0
AC012355.1,lncRNA,0.0,0.0,0.0,0.0,3.0,3.0
AC012358.1,lncRNA,0.0,4.0,0.0,2.0,1.0,2.0
AC012358.2,lncRNA,10.0,14.5,3.0,6.5,19.5,13.5
AC012360.1,lncRNA,0.0,1.0,1.0,1.0,2.0,1.0
AC012360.2,lncRNA,0.0,0.0,0.0,0.0,1.0,0.0
AC012363.1,lncRNA,0.0,0.0,1.0,0.5,4.0,3.0
AC012363.2,lncRNA,0.0,0.0,1.0,0.0,0.0,0.0
AC012366.1,lncRNA,0.0,1.0,0.0,0.0,3.5,4.0
AC012368.1,lncRNA,10.0,18.0,23.0,63.0,17.0,23.0
AC012370.1,lncRNA,0.0,0.0,0.0,1.0,1.0,1.0
AC012370.2,lncRNA,1.0,2.0,0.0,1.0,2.0,2.0
AC012378.1,lncRNA,0.0,0.0,0.0,0.0,0.0,2.0
AC012378.2,lncRNA,1.0,0.0,0.0,0.0,1.0,1.0
AC012379.1,lncRNA,0.0,0.0,0.0,0.0,0.5,0.0
AC012379.2,lncRNA,3.5,2.5,2.0,1.0,11.5,17.0
AC012404.1,lncRNA,0.0,0.0,0.0,0.0,1.0,1.0
AC012405.1,lncRNA,0.0,0.0,0.0,0.5,0.0,0.0
AC012409.1,lncRNA,0.0,0.0,0.0,0.0,2.0,0.0
AC012409.2,lncRNA,0.0,1.0,0.0,3.0,2.0,1.0
AC012409.3,lncRNA,0.0,0.0,1.0,0.0,0.0,0.0
AC012413.1,lncRNA,0.0,0.0,0.0,0.0,1.0,0.5
AC012414.3,lncRNA,0.0,0.0,0.0,0.0,1.0,0.0
AC012414.4,lncRNA,1.0,0.0,0.0,1.0,1.0,1.0
AC012433.2,lncRNA,0.0,0.0,1.0,2.0,7.0,5.0
AC012442.1,lncRNA,0.0,0.0,3.0,0.0,2.0,3.0
AC012442.2,lncRNA,0.0,0.0,0.0,0.5,3.0,1.5
AC012443.2,lncRNA,1.0,0.0,2.0,1.0,7.0,4.0
AC012445.1,lncRNA,0.0,0.0,0.0,0.0,1.0,0.0
AC012447.1,lncRNA,0.0,0.0,0.5,0.0,3.5,1.5
AC012451.1,lncRNA,0.0,0.0,0.0,0.0,0.0,1.0
AC012456.1,lncRNA,1.0,3.0,0.0,7.0,2.0,4.0
AC012456.2,lncRNA,1.0,0.0,0.0,0.0,1.5,0.0
AC012459.1,lncRNA,1.0,2.5,1.5,3.5,37.0,16.5
AC012462.1,lncRNA,3.0,1.0,1.0,0.0,15.0,8.0
AC012462.2,lncRNA,0.0,3.0,1.0,0.0,2.0,1.0
AC012462.3,lncRNA,1.0,1.0,0.0,0.0,2.0,0.0
AC012464.1,lncRNA,0.0,0.0,1.0,2.0,2.0,2.0
AC012464.2,lncRNA,0.0,1.0,1.0,0.0,5.0,2.0
AC012464.3,lncRNA,0.0,0.0,1.0,0.0,1.0,0.0
AC012467.2,lncRNA,1.0,0.0,1.0,0.0,4.5,1.0
AC012470.1,lncRNA,1.0,0.0,2.0,4.0,8.0,7.0
AC012485.1,lncRNA,2.0,5.0,4.0,3.0,24.5,25.0
AC012485.2,lncRNA,0.0,1.5,0.0,2.0,0.0,0.0
AC012485.3,lncRNA,1.0,2.5,0.0,2.0,5.0,7.0
AC012494.1,lncRNA,0.0,0.0,0.0,1.0,6.0,0.0
AC012494.2,lncRNA,1.0,0.0,0.0,1.0,2.0,1.0
AC012500.1,lncRNA,0.0,0.0,1.0,3.0,1.0,3.0
AC012501.2,lncRNA,0.0,0.0,0.0,0.0,4.0,4.0
AC012506.1,lncRNA,0.0,0.0,0.0,0.0,1.0,3.0
AC012506.2,lncRNA,0.0,0.0,0.0,0.0,1.0,1.0
AC012506.3,lncRNA,0.0,1.0,0.0,2.0,2.0,4.0
AC012506.4,lncRNA,1.0,0.0,0.0,0.0,2.0,0.0
AC012507.1,lncRNA,1.0,0.0,3.0,0.5,0.0,0.5
AC012507.3,lncRNA,0.0,0.0,0.0,0.0,3.0,1.0
AC012508.1,lncRNA,1.5,3.0,0.5,9.5,13.5,11.5
AC012508.2,lncRNA,0.5,0.5,1.5,1.5,4.5,8.0
AC012508.3,lncRNA,0.0,0.5,0.0,0.0,5.0,5.5
AC012511.1,lncRNA,0.0,0.0,0.0,0.0,1.0,0.0
AC012511.2,lncRNA,0.0,1.0,0.0,0.0,53.0,10.0
AC012513.1,lncRNA,0.0,0.5,0.0,0.0,0.0,0.0
AC012531.1,lncRNA,5.0,0.0,3.0,1.0,8.0,6.0
AC012531.2,lncRNA,0.0,1.0,2.83,1.33,12.0,15.0
AC012533.1,lncRNA,3.0,0.0,0.0,0.0,8.0,11.0
AC012535.1,lncRNA,0.0,0.0,0.0,0.0,2.0,0.0
AC012555.1,lncRNA,1.0,0.0,0.0,0.0,3.5,3.0
AC012555.2,lncRNA,0.0,0.0,0.0,1.0,0.0,0.0
AC012557.2,lncRNA,0.0,0.0,0.0,0.0,2.0,1.0
AC012558.1,lncRNA,0.0,0.0,0.0,1.0,1.0,2.0
AC012560.1,lncRNA,0.0,1.0,0.0,0.0,0.5,2.5
AC012564.1,lncRNA,0.0,0.0,0.0,0.0,2.0,1.0
AC012568.1,lncRNA,1.0,0.0,0.0,0.0,1.0,0.0
AC012572.1,lncRNA,0.0,0.0,1.0,0.0,0.0,0.0
AC012574.1,lncRNA,0.0,0.0,0.0,1.0,5.0,3.0
AC012574.2,lncRNA,2.0,0.0,2.0,1.0,38.0,31.0
AC012588.1,lncRNA,0.0,0.0,0.0,0.0,0.83,7.5
AC012593.1,lncRNA,0.0,6.0,0.0,3.0,10.0,8.0
AC012593.2,lncRNA,0.0,0.0,0.0,1.0,1.0,2.0
AC012613.1,lncRNA,1.0,5.0,1.0,0.0,3.0,1.0
AC012613.2,lncRNA,1.0,2.0,2.0,6.0,10.0,15.0
AC012615.1,lncRNA,0.0,0.0,0.5,1.0,1.0,2.5
AC012615.2,lncRNA,1.0,2.5,32.5,4.0,11.5,11.5
AC012615.3,lncRNA,0.0,0.0,0.0,0.0,1.0,0.5
AC012615.4,lncRNA,1.0,4.0,15.0,5.0,15.0,21.0
AC012615.5,lncRNA,0.0,0.0,0.5,1.0,1.0,1.5
AC012615.6,lncRNA,1.0,0.5,2.0,1.5,19.5,8.0
AC012625.1,lncRNA,0.0,0.0,0.0,0.0,3.0,0.0
AC012629.1,lncRNA,0.0,0.0,0.0,0.0,0.0,1.0
AC012640.1,lncRNA,2.67,2.17,3.33,4.67,9.33,1.67
AC012640.2,lncRNA,2.0,4.0,1.0,1.0,5.0,3.0
AC012640.3,lncRNA,0.0,1.0,0.0,1.0,0.0,0.0
AC012640.4,lncRNA,0.0,1.5,0.5,3.0,2.0,0.5
AC012645.1,lncRNA,0.0,1.0,1.0,0.0,5.0,1.0
AC012645.3,lncRNA,1.5,0.5,0.0,2.5,5.0,1.0
AC012645.4,lncRNA,0.0,0.0,0.0,0.0,6.0,11.0
AC012653.2,lncRNA,0.0,0.0,0.0,2.0,0.0,0.0
AC012668.1,lncRNA,0.0,0.0,0.0,0.0,1.0,0.0
AC012668.2,lncRNA,0.0,0.0,0.0,0.0,1.0,1.0
AC012668.3,lncRNA,0.0,4.0,3.0,0.5,2.0,6.0
AC012673.1,lncRNA,0.0,2.0,0.0,2.0,12.0,9.0
AC012676.1,lncRNA,3.0,3.5,0.0,3.5,6.0,7.0
AC012676.4,lncRNA,0.0,1.0,0.0,1.0,0.0,0.0
AC013248.1,lncRNA,0.0,0.0,0.0,0.0,0.0,1.0
AC013265.1,lncRNA,1.0,0.0,0.0,0.0,0.0,0.0
AC013267.1,lncRNA,2.0,0.5,0.0,2.0,3.5,2.0
AC013268.5,lncRNA,0.0,1.0,1.17,0.5,5.17,4.33
AC013269.1,lncRNA,0.0,0.0,1.0,0.0,0.0,1.0
AC013286.1,lncRNA,0.0,0.0,0.0,0.0,1.0,0.0
AC013287.1,lncRNA,4.0,6.0,36.0,4.0,6.0,12.0
AC013356.2,lncRNA,0.0,0.0,0.0,3.0,0.0,1.0
AC013356.3,lncRNA,0.0,0.0,0.0,0.0,1.0,0.0
AC013356.4,lncRNA,0.5,0.0,0.0,0.0,1.0,0.0
AC013391.1,lncRNA,0.0,0.0,0.0,0.0,1.0,2.0
AC013391.2,lncRNA,0.0,4.0,0.0,0.0,0.0,0.0
AC013391.3,lncRNA,0.0,0.0,0.0,0.0,2.0,0.0
AC013400.1,lncRNA,0.0,0.0,1.0,0.0,3.0,2.0
AC013402.1,lncRNA,1.0,0.0,2.0,0.0,4.0,5.0
AC013402.3,lncRNA,0.0,0.0,0.0,0.0,3.0,3.0
AC013403.2,lncRNA,0.0,0.0,0.0,1.0,0.0,0.0
AC013436.1,lncRNA,0.0,0.0,0.0,1.0,5.0,1.0
AC013437.1,lncRNA,0.0,0.0,0.0,0.0,2.0,6.0
AC013439.1,lncRNA,0.0,2.0,1.0,2.0,0.0,1.0
AC013442.1,lncRNA,1.0,0.0,0.0,1.0,1.0,2.0
AC013448.1,lncRNA,0.0,0.0,0.0,1.0,0.0,2.0
AC013448.2,lncRNA,0.0,0.0,0.0,0.0,1.0,0.0
AC013451.1,lncRNA,0.0,0.0,1.0,0.5,1.0,0.0
AC013451.2,lncRNA,0.0,0.0,0.0,1.0,0.0,1.0
AC013452.2,lncRNA,0.0,0.0,0.0,0.0,1.0,1.0
AC013457.1,lncRNA,0.0,0.0,0.0,0.0,2.0,0.0
AC013460.1,lncRNA,5.0,15.0,4.0,2.0,29.0,26.0
AC013468.1,lncRNA,0.0,0.0,0.0,0.0,0.0,2.0
AC013472.1,lncRNA,1.0,1.0,0.0,0.0,0.0,1.0
AC013472.2,lncRNA,0.0,0.0,0.0,0.5,0.0,0.5
AC013474.2,lncRNA,1.0,1.0,5.0,2.0,4.0,2.0
AC013486.1,lncRNA,0.0,1.0,2.0,1.0,4.0,7.0
AC013549.3,lncRNA,0.0,0.0,0.0,0.0,0.0,1.0
AC013549.4,lncRNA,1.0,3.0,0.0,1.0,4.0,4.0
AC013553.3,lncRNA,1.0,6.0,0.0,4.0,2.0,5.0
AC013553.4,lncRNA,0.0,1.0,0.0,0.0,5.0,2.0
AC013562.1,lncRNA,0.0,2.0,0.0,1.0,3.0,2.0
AC013564.1,lncRNA,0.0,0.0,0.0,0.0,4.0,3.0
AC013565.2,lncRNA,0.0,1.0,0.0,1.0,5.0,6.0
AC013640.1,lncRNA,0.0,0.0,1.0,1.0,0.0,1.0
AC013643.2,lncRNA,0.0,0.0,0.0,2.0,4.0,3.0
AC013644.1,lncRNA,2.0,0.0,2.0,0.0,5.0,3.0
AC013652.1,lncRNA,3.0,4.0,0.0,4.0,7.0,4.0
AC013701.2,lncRNA,0.0,0.0,0.0,0.0,1.0,3.0
AC013714.1,lncRNA,1.0,0.0,0.0,0.0,0.0,0.0
AC013724.1,lncRNA,0.0,3.0,1.0,2.0,2.0,3.0
AC013726.1,lncRNA,0.0,2.0,1.0,1.0,11.0,10.0
AC013727.1,lncRNA,0.0,0.0,0.0,1.0,2.0,3.0
AC013731.1,lncRNA,0.0,0.0,0.0,0.0,0.0,1.0
AC013733.1,lncRNA,0.0,0.0,0.0,0.0,1.0,1.0
AC013733.2,lncRNA,2.0,1.0,1.0,2.0,3.0,6.0
AC013762.1,lncRNA,0.0,0.0,0.0,0.0,1.0,0.0
AC015468.1,lncRNA,0.0,0.0,1.0,0.0,0.0,0.0
AC015468.3,lncRNA,0.0,0.0,0.0,0.0,0.0,3.5
AC015563.2,lncRNA,1.0,1.0,0.0,0.0,1.5,0.0
AC015574.1,lncRNA,4.0,5.0,3.0,3.0,16.0,20.0
AC015631.1,lncRNA,1.5,0.5,1.0,0.5,6.5,13.0
AC015660.1,lncRNA,3.0,11.0,10.0,6.0,55.0,34.0
AC015660.3,lncRNA,1.0,1.0,1.0,0.0,0.0,3.0
AC015660.5,lncRNA,2.0,1.0,1.0,0.0,7.0,1.0
AC015674.1,lncRNA,0.0,0.5,0.0,0.0,0.5,0.0
AC015687.1,lncRNA,0.0,0.0,0.5,5.0,1.33,2.83
AC015688.6,lncRNA,0.5,0.0,0.0,0.0,1.0,0.5
AC015712.1,lncRNA,0.5,0.5,1.5,0.0,5.0,3.5
AC015712.2,lncRNA,1.0,3.0,3.5,4.0,23.0,18.0
AC015712.4,lncRNA,0.33,0.0,0.0,0.0,2.83,4.0
AC015712.5,lncRNA,0.33,0.0,0.0,0.0,2.33,4.0
AC015712.6,lncRNA,3.83,5.5,9.5,10.0,15.83,8.5
AC015712.7,lncRNA,0.0,0.0,0.0,0.0,0.0,1.0
AC015722.1,lncRNA,0.0,0.0,0.0,1.0,1.0,1.0
AC015722.2,lncRNA,0.0,0.0,0.0,2.0,1.0,0.0
AC015726.1,lncRNA,0.0,0.0,0.0,0.0,0.0,2.0
AC015727.1,lncRNA,0.0,2.0,0.0,1.0,0.0,2.0
AC015795.1,lncRNA,0.0,0.0,1.0,0.0,0.0,0.5
AC015802.1,lncRNA,0.0,0.5,0.0,0.0,3.5,3.0
AC015802.3,lncRNA,0.0,0.0,0.0,0.0,2.0,3.0
AC015802.4,lncRNA,0.0,2.0,0.5,6.0,4.0,3.0
AC015802.5,lncRNA,0.0,0.0,1.0,2.0,10.0,22.0
AC015813.1,lncRNA,0.0,3.0,0.0,2.0,10.0,4.0
AC015813.3,lncRNA,5.0,2.0,2.0,1.0,10.0,12.0
AC015813.8,lncRNA,0.0,0.0,1.0,1.0,2.0,9.0
AC015818.2,lncRNA,0.0,0.0,0.0,1.0,0.0,0.0
AC015818.4,lncRNA,0.0,1.0,0.0,0.0,0.0,0.0
AC015818.7,lncRNA,1.0,0.0,1.0,1.0,0.0,4.0
AC015818.8,lncRNA,0.0,0.0,0.0,3.0,1.0,8.5
AC015818.9,lncRNA,0.0,0.0,0.5,1.0,1.33,2.0
AC015819.1,lncRNA,1.0,0.0,1.0,0.0,6.0,3.0
AC015819.2,lncRNA,0.0,0.0,0.0,0.0,7.0,1.0
AC015819.3,lncRNA,0.0,1.0,5.0,3.0,15.0,12.0
AC015819.5,lncRNA,0.0,0.0,0.0,0.0,3.0,0.0
AC015845.2,lncRNA,2.0,0.0,1.0,0.0,3.0,0.0
AC015849.1,lncRNA,0.0,0.0,0.0,0.0,4.0,0.0
AC015849.2,lncRNA,0.0,0.0,0.0,0.0,2.0,0.0
AC015849.3,lncRNA,0.0,0.0,0.0,10.0,0.0,1.0
AC015853.1,lncRNA,0.0,0.0,1.0,0.0,0.0,0.5
AC015853.2,lncRNA,0.0,0.0,0.0,0.0,1.0,0.5
AC015853.3,lncRNA,0.0,0.0,0.0,0.0,4.0,1.0
AC015871.3,lncRNA,4.0,0.0,0.0,0.0,0.0,2.0
AC015871.6,lncRNA,0.0,0.0,5.0,2.0,7.0,7.0
AC015878.1,lncRNA,0.0,0.0,1.0,1.0,3.0,1.0
AC015908.2,lncRNA,0.0,0.0,0.0,1.0,1.0,1.5
AC015908.3,lncRNA,0.0,0.0,1.0,1.0,4.5,2.0
AC015908.4,lncRNA,0.0,0.0,0.0,0.0,1.0,0.0
AC015908.6,lncRNA,0.5,0.0,0.0,0.0,4.0,5.0
AC015908.7,lncRNA,0.0,0.0,0.0,0.0,1.83,1.17
AC015909.1,lncRNA,0.0,1.0,2.0,2.0,10.0,8.5
AC015909.2,lncRNA,0.0,1.0,0.0,1.0,0.0,0.0
AC015909.3,lncRNA,0.0,1.0,0.0,3.0,4.0,6.0
AC015909.4,lncRNA,0.0,0.0,1.0,2.0,0.0,5.0
AC015911.2,lncRNA,0.0,0.0,0.0,1.0,1.0,0.0
AC015911.3,lncRNA,0.0,0.0,0.0,0.0,3.0,0.0
AC015911.5,lncRNA,0.0,0.0,0.0,0.0,1.0,0.0
AC015911.6,lncRNA,0.0,0.0,0.0,0.0,0.0,0.5
AC015911.8,lncRNA,1.0,0.0,0.0,0.0,0.0,1.0
AC015912.1,lncRNA,0.0,0.0,0.5,0.0,1.0,0.5
AC015912.3,lncRNA,2.0,4.0,4.0,3.0,2.0,3.0
AC015917.2,lncRNA,0.0,0.0,0.0,0.5,4.0,2.5
AC015921.1,lncRNA,4.0,2.0,4.0,4.0,13.5,14.5
AC015922.2,lncRNA,0.0,0.0,0.0,0.0,13.0,7.0
AC015922.3,lncRNA,1.0,1.0,0.0,0.0,2.0,3.0
AC015923.1,lncRNA,0.0,0.0,0.0,0.0,1.0,0.0
AC015936.1,lncRNA,0.0,0.0,0.0,2.0,4.0,6.0
AC015936.2,lncRNA,1.0,0.0,0.0,0.0,0.0,0.0
AC015961.1,lncRNA,0.0,0.0,0.0,0.0,2.0,0.0
AC015961.2,lncRNA,0.0,1.0,0.0,0.0,6.5,8.0
AC015967.1,lncRNA,0.0,0.0,1.0,0.0,0.0,0.0
AC015969.1,lncRNA,0.0,2.0,0.0,0.0,4.0,2.0
AC015971.1,lncRNA,1.5,0.5,1.5,0.5,10.5,4.0
AC015977.1,lncRNA,0.0,0.0,0.0,0.0,2.0,1.0
AC015983.2,lncRNA,0.0,0.0,0.0,1.0,1.0,2.0
AC015987.1,lncRNA,0.0,0.0,0.0,0.0,3.0,0.0
AC016026.1,lncRNA,2.0,0.5,2.5,0.5,13.0,10.0
AC016026.2,lncRNA,0.0,2.0,1.0,0.0,7.0,13.0
AC016027.1,lncRNA,4.33,1.0,2.83,5.67,4.83,6.33
AC016027.2,lncRNA,1.0,2.0,3.0,1.0,10.0,3.0
AC016027.3,lncRNA,0.0,0.0,0.0,2.0,0.0,1.0
AC016042.1,lncRNA,2.0,2.0,3.0,1.0,21.0,26.0
AC016044.1,lncRNA,1.0,3.0,2.0,1.0,14.0,7.0
AC016065.1,lncRNA,2.0,9.0,3.0,3.0,26.5,16.5
AC016074.1,lncRNA,0.0,0.0,0.0,0.0,0.0,1.0
AC016074.2,lncRNA,0.0,2.0,14.0,5.0,13.0,18.0
AC016134.1,lncRNA,4.0,4.0,4.0,0.0,6.5,7.0
AC016152.1,lncRNA,0.0,3.0,0.0,0.0,0.0,0.0
AC016168.1,lncRNA,0.0,1.0,5.0,3.0,15.0,11.0
AC016168.2,lncRNA,2.0,1.0,0.0,0.0,4.5,3.0
AC016168.4,lncRNA,0.0,0.0,3.0,5.0,0.0,5.0
AC016229.1,lncRNA,1.0,0.0,0.0,0.0,0.0,1.0
AC016229.2,lncRNA,0.0,0.0,1.0,0.0,0.0,1.0
AC016240.1,lncRNA,3.0,1.0,2.0,1.0,1.0,6.0
AC016245.1,lncRNA,3.0,4.0,4.0,5.0,20.0,33.0
AC016245.2,lncRNA,1.0,8.0,5.0,6.0,22.0,12.0
AC016266.1,lncRNA,0.0,1.0,4.0,1.0,4.0,7.0
AC016292.1,lncRNA,0.0,1.0,0.0,0.0,0.0,0.0
AC016355.1,lncRNA,6.0,1.0,18.0,15.0,10.0,6.0
AC016383.1,lncRNA,0.0,0.0,0.0,0.0,2.0,0.0
AC016383.2,lncRNA,2.0,0.0,0.0,1.0,3.0,0.0
AC016383.3,lncRNA,0.0,0.0,0.0,0.0,0.0,3.0
AC016394.1,lncRNA,0.0,0.0,0.0,0.0,0.0,0.5
AC016394.2,lncRNA,0.0,1.0,0.0,0.5,3.0,2.0
AC016396.1,lncRNA,1.0,0.0,0.0,1.0,0.0,0.0
AC016396.2,lncRNA,0.0,1.0,2.0,0.0,2.0,1.0
AC016405.1,lncRNA,1.0,0.0,2.0,1.0,1.0,1.0
AC016405.2,lncRNA,0.0,0.0,2.0,2.0,3.0,3.0
AC016405.3,lncRNA,5.0,5.0,9.0,2.0,6.0,10.0
AC016493.1,lncRNA,0.0,0.0,0.0,0.0,1.0,0.0
AC016526.1,lncRNA,0.0,0.0,0.0,0.0,1.0,0.5
AC016526.4,lncRNA,0.0,1.0,0.0,0.0,4.5,3.0
AC016542.1,lncRNA,0.0,0.0,0.0,0.0,1.0,0.0
AC016549.1,lncRNA,0.0,6.0,1.0,2.0,6.0,2.0
AC016550.1,lncRNA,0.0,0.0,0.0,1.0,0.0,0.0
AC016553.1,lncRNA,1.0,0.0,1.0,0.0,1.0,3.0
AC016556.1,lncRNA,0.0,0.0,2.0,0.0,0.0,3.0
AC016571.1,lncRNA,0.0,0.0,0.0,0.0,3.0,5.0
AC016573.1,lncRNA,0.0,0.0,0.0,3.0,2.0,2.0
AC016575.1,lncRNA,1.0,1.0,3.0,1.0,5.0,6.0
AC016575.2,lncRNA,0.0,0.0,0.0,1.0,3.0,0.0
AC016576.1,lncRNA,1.0,0.0,1.0,0.0,2.5,5.0
AC016583.2,lncRNA,3.0,0.0,0.0,2.0,1.0,4.0
AC016586.1,lncRNA,1.0,0.0,1.0,0.0,1.0,0.0
AC016587.1,lncRNA,1.0,0.0,2.0,2.0,24.0,28.0
AC016588.1,lncRNA,0.0,0.0,0.0,0.0,2.5,3.0
AC016588.2,lncRNA,0.0,0.0,0.0,1.0,0.0,1.0
AC016590.1,lncRNA,6.0,2.0,7.0,1.0,8.5,11.0
AC016590.2,lncRNA,0.0,0.0,0.0,4.0,15.0,3.0
AC016590.3,lncRNA,0.0,0.0,2.0,0.0,2.0,2.0
AC016590.4,lncRNA,1.0,6.0,3.0,2.0,12.0,11.0
AC016595.1,lncRNA,0.0,0.0,0.5,1.0,4.0,4.5
AC016597.1,lncRNA,0.0,10.0,1.0,8.0,5.5,7.0
AC016597.2,lncRNA,0.0,0.0,0.0,1.0,0.0,0.0
AC016598.1,lncRNA,0.0,0.0,0.0,1.0,4.0,1.0
AC016598.2,lncRNA,0.0,1.0,3.0,1.0,14.0,9.0
AC016629.2,lncRNA,0.0,0.0,0.0,1.0,0.0,1.0
AC016629.3,lncRNA,0.5,0.0,0.5,1.5,3.0,2.0
AC016642.1,lncRNA,0.0,0.0,0.0,0.0,0.0,3.0
AC016682.1,lncRNA,2.0,4.0,1.0,1.0,3.0,2.0
AC016683.1,lncRNA,1.0,0.0,0.0,1.0,2.0,4.0
AC016687.2,lncRNA,0.0,0.0,0.0,2.0,1.0,3.0
AC016687.3,lncRNA,10.0,3.0,2.0,7.0,29.0,41.0
AC016700.1,lncRNA,0.0,0.0,1.0,0.0,2.0,3.0
AC016705.1,lncRNA,0.0,0.0,1.0,1.0,4.0,11.0
AC016705.2,lncRNA,2.0,12.0,6.0,5.0,53.0,60.0
AC016705.3,lncRNA,2.0,2.0,2.0,1.0,4.0,0.0
AC016710.1,lncRNA,0.0,0.0,1.0,0.0,1.0,0.0
AC016717.2,lncRNA,0.0,2.0,0.0,0.0,3.0,7.0
AC016721.1,lncRNA,0.0,0.0,0.0,0.0,1.0,0.0
AC016722.1,lncRNA,0.0,0.0,1.0,1.0,1.0,4.0
AC016722.2,lncRNA,1.0,0.0,1.0,0.0,7.0,2.0
AC016727.1,lncRNA,0.5,4.5,0.0,1.0,12.0,11.0
AC016730.1,lncRNA,0.0,0.0,1.0,0.0,2.0,1.0
AC016737.1,lncRNA,0.0,1.0,0.0,0.0,4.0,0.0
AC016737.2,lncRNA,1.0,4.0,4.0,5.0,6.0,2.0
AC016738.1,lncRNA,1.5,0.5,1.5,0.0,9.5,9.5
AC016743.1,lncRNA,0.0,2.0,0.0,7.0,0.0,3.0
AC016745.1,lncRNA,1.0,0.0,0.0,0.0,2.0,1.0
AC016745.2,lncRNA,0.0,1.0,0.0,2.0,0.0,1.0
AC016747.1,lncRNA,2.0,8.0,7.0,6.0,21.0,29.0
AC016747.2,lncRNA,3.0,0.0,0.0,1.0,2.0,6.0
AC016747.3,lncRNA,0.0,0.0,0.0,0.0,1.0,0.0
AC016747.4,lncRNA,2.0,0.0,0.0,0.0,1.0,0.5
AC016766.1,lncRNA,1.0,0.0,0.0,1.0,1.0,0.0
AC016769.5,lncRNA,0.0,0.0,0.0,0.0,0.0,1.0
AC016769.6,lncRNA,0.0,2.0,1.0,0.0,1.0,2.0
AC016813.1,lncRNA,0.0,2.0,0.0,1.0,4.0,1.0
AC016816.1,lncRNA,0.0,0.0,0.0,0.0,1.0,0.0
AC016820.1,lncRNA,0.0,0.0,0.0,0.0,0.0,2.0
AC016821.1,lncRNA,0.0,2.0,0.0,1.0,1.0,3.0
AC016822.1,lncRNA,3.0,0.0,0.0,2.0,8.0,3.0
AC016825.1,lncRNA,0.0,0.0,0.5,0.0,3.0,0.0
AC016831.1,lncRNA,14.0,12.0,19.5,14.0,57.0,136.0
AC016831.4,lncRNA,1.0,2.5,1.0,0.5,5.5,12.5
AC016831.5,lncRNA,0.0,2.0,0.5,2.5,2.5,1.0
AC016831.6,lncRNA,2.5,9.5,4.0,9.83,13.67,16.5
AC016866.1,lncRNA,0.0,0.0,0.0,0.0,2.0,0.0
AC016866.2,lncRNA,0.0,0.0,0.0,0.0,0.0,1.0
AC016868.1,lncRNA,0.0,0.0,0.0,0.0,0.0,1.0
AC016876.1,lncRNA,3.0,7.5,1.0,1.67,6.33,11.0
AC016876.2,lncRNA,1.67,2.17,0.5,6.17,23.67,19.0
AC016877.1,lncRNA,1.0,1.0,0.0,0.0,0.0,1.0
AC016877.3,lncRNA,0.0,0.0,0.0,0.0,4.0,1.0
AC016885.2,lncRNA,1.0,0.0,0.0,1.0,1.0,1.0
AC016888.1,lncRNA,4.0,2.0,13.67,5.67,19.83,71.5
AC016902.1,lncRNA,1.0,0.0,1.0,0.0,0.0,5.0
AC016903.1,lncRNA,0.0,2.0,0.0,0.0,2.0,4.0
AC016903.2,lncRNA,3.0,0.0,0.0,0.0,2.0,2.0
AC016907.2,lncRNA,2.0,0.0,0.0,0.0,5.0,4.0
AC016910.1,lncRNA,1.0,5.0,3.0,2.0,22.0,15.0
AC016912.1,lncRNA,1.0,2.0,0.0,3.0,1.33,1.0
AC016912.2,lncRNA,0.0,0.0,0.0,0.0,5.33,2.0
AC016924.1,lncRNA,3.0,4.0,5.0,3.0,9.5,17.0
AC016925.2,lncRNA,0.0,0.0,3.0,0.0,3.0,4.0
AC016931.1,lncRNA,0.0,0.0,3.0,4.0,3.0,1.0
AC016933.1,lncRNA,0.0,0.0,1.0,0.0,3.0,1.0
AC016949.1,lncRNA,0.0,5.0,0.0,0.0,2.0,3.0
AC016957.2,lncRNA,0.0,1.0,0.0,0.0,0.0,2.0
AC016968.1,lncRNA,0.0,1.0,1.0,2.0,16.0,11.0
AC016987.1,lncRNA,0.0,0.0,0.0,0.0,1.0,0.0
AC016987.2,lncRNA,0.0,0.0,0.0,0.0,1.0,1.0
AC016993.1,lncRNA,0.0,0.0,0.5,0.5,0.5,0.5
AC016994.1,lncRNA,0.0,0.0,0.0,1.0,0.0,0.0
AC016995.1,lncRNA,3.0,7.0,0.0,0.0,1.0,0.0
AC016999.1,lncRNA,1.0,0.0,0.0,3.0,4.0,3.0
AC017000.1,lncRNA,0.5,0.0,1.5,4.5,1.0,2.0
AC017002.1,lncRNA,0.0,0.0,0.0,0.0,0.0,1.0
AC017002.3,lncRNA,1.0,0.0,1.0,1.0,2.0,0.5
AC017006.1,lncRNA,1.0,0.0,0.0,0.0,0.0,1.0
AC017006.2,lncRNA,3.0,0.0,0.0,1.0,1.0,2.0
AC017007.4,lncRNA,0.0,0.0,3.0,0.0,0.0,3.0
AC017028.1,lncRNA,2.0,4.0,4.0,8.0,25.0,33.5
AC017028.2,lncRNA,3.0,4.0,5.0,3.0,17.0,17.0
AC017033.1,lncRNA,0.0,1.0,4.0,0.0,0.0,6.0
AC017037.5,lncRNA,0.0,1.0,0.0,0.0,2.0,4.0
AC017048.1,lncRNA,0.0,1.0,0.0,0.0,1.0,0.0
AC017048.3,lncRNA,0.0,0.0,0.0,0.0,1.0,1.0
AC017050.1,lncRNA,0.0,1.0,0.0,0.0,1.0,1.0
AC017053.1,lncRNA,0.0,2.0,0.0,0.0,0.0,2.0
AC017071.1,lncRNA,0.0,2.0,1.0,0.0,0.0,1.0
AC017074.1,lncRNA,0.0,0.0,0.0,0.0,1.0,2.0
AC017074.2,lncRNA,0.0,0.0,1.0,1.0,0.0,2.0
AC017083.1,lncRNA,1.0,0.0,0.0,0.0,1.0,3.5
AC017083.2,lncRNA,0.0,0.0,0.0,0.0,0.5,0.0
AC017091.1,lncRNA,0.0,0.0,0.0,5.0,3.0,5.0
AC017099.2,lncRNA,0.0,0.0,1.0,0.0,0.0,1.0
AC017100.1,lncRNA,1.0,1.0,1.0,2.0,1.5,1.0
AC017101.1,lncRNA,4.0,0.0,0.0,0.0,0.0,3.0
AC017104.1,lncRNA,3.0,1.0,0.0,2.0,2.0,5.0
AC017104.2,lncRNA,0.0,1.0,2.0,1.0,1.0,1.0
AC017104.5,lncRNA,0.0,0.0,0.0,0.0,2.0,1.0
AC017116.1,lncRNA,2.0,0.67,1.0,0.33,4.0,5.33
AC017116.2,lncRNA,1.0,3.0,0.0,3.0,4.0,2.5
AC018358.1,lncRNA,1.0,4.0,3.0,3.0,20.5,7.0
AC018359.1,lncRNA,1.0,1.0,0.0,0.0,0.0,0.0
AC018362.1,lncRNA,3.0,2.5,0.0,3.0,3.5,7.5
AC018362.2,lncRNA,0.0,0.5,0.0,0.0,0.0,0.5
AC018371.1,lncRNA,0.0,1.0,0.0,0.0,1.0,3.0
AC018398.1,lncRNA,0.0,0.0,1.0,2.0,6.0,1.0
AC018410.1,lncRNA,0.0,0.0,0.0,0.0,2.0,0.0
AC018413.1,lncRNA,6.0,8.0,8.0,14.0,25.0,35.0
AC018437.2,lncRNA,0.0,0.0,0.0,0.0,1.0,0.0
AC018442.2,lncRNA,0.0,0.0,0.0,0.0,3.0,2.0
AC018445.1,lncRNA,0.0,0.0,2.0,1.0,3.0,8.0
AC018445.5,lncRNA,3.0,0.0,7.0,44.0,14.0,13.0
AC018445.6,lncRNA,0.0,0.0,1.0,0.0,2.0,1.0
AC018450.1,lncRNA,0.0,0.0,0.0,0.0,1.0,0.0
AC018450.2,lncRNA,0.0,0.0,0.0,2.0,0.0,1.0
AC018462.1,lncRNA,0.0,0.0,0.0,0.0,0.0,1.0
AC018467.1,lncRNA,1.0,0.0,2.0,0.0,3.0,7.0
AC018495.1,lncRNA,0.0,0.0,0.0,1.0,0.0,0.0
AC018511.1,lncRNA,0.0,0.0,0.0,0.0,0.5,0.0
AC018511.5,lncRNA,0.0,1.0,3.0,0.0,2.0,1.0
AC018521.1,lncRNA,0.5,2.0,0.0,1.0,2.0,4.0
AC018521.2,lncRNA,0.0,1.0,0.0,0.0,5.0,0.0
AC018521.3,lncRNA,1.0,1.0,1.0,2.0,6.0,4.0
AC018521.4,lncRNA,0.0,0.0,0.0,0.5,0.0,0.0
AC018521.5,lncRNA,16.0,25.0,49.0,56.0,125.0,95.0
AC018521.6,lncRNA,0.0,0.0,0.0,0.0,0.0,1.0
AC018521.7,lncRNA,2.0,2.0,1.0,8.0,7.0,4.0
AC018529.1,lncRNA,0.0,0.0,0.0,1.0,3.0,0.0
AC018529.2,lncRNA,2.0,8.0,6.0,8.0,14.0,18.0
AC018541.1,lncRNA,0.0,0.0,0.0,0.0,4.0,0.0
AC018545.1,lncRNA,0.0,4.0,1.0,1.0,6.0,1.0
AC018552.2,lncRNA,1.0,0.0,0.5,0.0,2.0,2.0
AC018552.3,lncRNA,0.0,1.0,1.0,6.0,2.0,5.0
AC018553.1,lncRNA,1.0,2.0,4.0,1.0,4.0,9.0
AC018553.2,lncRNA,4.0,4.0,9.0,2.0,6.0,1.0
AC018553.3,lncRNA,1.0,0.5,1.0,0.5,4.5,2.5
AC018557.1,lncRNA,0.0,0.0,0.0,0.0,4.0,2.0
AC018557.2,lncRNA,0.0,1.0,0.0,0.0,1.0,3.0
AC018557.3,lncRNA,0.0,0.0,0.0,0.0,1.0,2.0
AC018558.1,lncRNA,2.0,1.0,1.0,1.0,7.0,3.0
AC018558.2,lncRNA,0.0,0.0,0.0,0.0,0.0,0.5
AC018558.6,lncRNA,0.0,2.0,1.0,2.0,7.0,9.0
AC018558.7,lncRNA,0.0,0.0,0.0,1.0,1.0,0.0
AC018563.1,lncRNA,0.0,1.0,0.0,2.0,4.0,1.0
AC018607.1,lncRNA,3.0,0.0,0.0,0.0,0.0,0.0
AC018616.1,lncRNA,0.33,0.0,0.0,0.0,0.33,0.0
AC018618.1,lncRNA,1.0,0.0,0.0,1.0,1.0,1.0
AC018628.2,lncRNA,0.0,1.0,0.0,3.0,0.0,2.0
AC018635.2,lncRNA,1.0,0.0,0.0,0.0,2.0,1.0
AC018637.1,lncRNA,1.0,0.0,0.0,0.0,1.5,0.0
AC018638.6,lncRNA,0.0,1.0,0.0,1.0,2.0,2.0
AC018638.7,lncRNA,0.0,0.0,0.0,0.0,2.0,2.0
AC018645.3,lncRNA,0.0,0.0,0.0,1.0,0.0,0.0
AC018647.1,lncRNA,2.0,1.0,1.0,5.0,15.0,9.0
AC018647.2,lncRNA,0.0,1.0,4.0,1.0,36.5,20.0
AC018647.3,lncRNA,0.0,0.0,0.0,1.0,1.0,0.0
AC018648.1,lncRNA,0.0,0.0,0.0,0.0,1.0,0.0
AC018653.1,lncRNA,0.0,0.0,0.0,0.0,1.0,0.0
AC018653.3,lncRNA,0.0,0.0,0.0,1.0,3.5,2.5
AC018653.4,lncRNA,0.0,0.0,0.0,0.0,1.0,0.0
AC018680.1,lncRNA,0.0,3.0,0.0,0.0,1.0,2.0
AC018685.1,lncRNA,0.0,0.0,0.0,1.0,0.0,2.0
AC018685.2,lncRNA,1.0,3.0,9.0,7.0,9.0,9.0
AC018685.3,lncRNA,5.0,3.0,0.0,0.0,6.0,5.0
AC018690.1,lncRNA,0.0,0.0,1.0,0.0,3.0,2.0
AC018692.1,lncRNA,0.0,1.0,0.0,0.0,1.0,0.0
AC018693.1,lncRNA,0.0,0.0,0.0,2.0,2.0,2.0
AC018695.2,lncRNA,0.0,0.0,1.0,1.0,0.0,0.0
AC018695.3,lncRNA,0.0,0.0,0.0,1.0,4.0,1.0
AC018695.4,lncRNA,0.0,0.0,0.0,0.0,2.0,3.0
AC018695.6,lncRNA,0.0,1.0,0.0,0.0,0.0,3.0
AC018695.8,lncRNA,0.0,0.0,2.0,2.0,2.0,3.0
AC018695.9,lncRNA,0.0,1.5,0.5,0.0,7.0,2.0
AC018697.1,lncRNA,9.0,4.0,6.0,5.0,20.0,10.0
AC018706.1,lncRNA,0.0,0.0,0.0,0.0,0.0,4.0
AC018714.2,lncRNA,1.0,0.0,0.0,0.0,2.0,2.0
AC018716.2,lncRNA,1.0,2.0,1.0,1.0,8.0,4.0
AC018730.1,lncRNA,0.0,8.0,4.0,0.0,4.5,6.5
AC018731.1,lncRNA,0.0,0.0,0.0,0.0,2.0,4.0
AC018742.1,lncRNA,0.0,0.0,0.0,0.0,2.0,1.0
AC018752.1,lncRNA,0.0,0.0,0.0,0.0,1.0,0.0
AC018754.1,lncRNA,0.0,1.5,1.0,3.5,2.0,11.5
AC018755.1,lncRNA,0.0,1.0,0.0,0.0,3.0,0.0
AC018755.4,lncRNA,1.0,0.0,0.0,0.0,0.0,0.0
AC018755.5,lncRNA,0.0,0.0,0.0,0.0,2.0,1.0
AC018761.2,lncRNA,0.0,0.0,0.0,0.0,3.0,6.0
AC018761.3,lncRNA,0.0,0.0,0.0,2.0,1.0,0.0
AC018761.4,lncRNA,0.0,0.5,0.0,0.0,0.5,0.0
AC018766.1,lncRNA,0.0,0.0,0.0,0.0,0.5,0.5
AC018767.2,lncRNA,1.0,3.0,0.0,0.0,18.0,16.0
AC018797.3,lncRNA,0.0,1.0,1.0,1.0,1.0,0.0
AC018802.1,lncRNA,0.0,0.0,0.5,0.5,1.0,0.0
AC018802.2,lncRNA,0.0,0.0,0.5,0.5,1.0,0.0
AC018809.1,lncRNA,0.0,0.0,0.0,1.0,0.0,1.0
AC018809.2,lncRNA,0.0,1.0,1.0,3.0,3.0,0.0
AC018814.1,lncRNA,0.0,0.0,0.0,1.0,2.0,1.0
AC018816.1,lncRNA,1.0,0.0,2.0,0.0,4.0,6.0
AC018832.1,lncRNA,0.0,1.0,1.0,0.0,2.0,1.0
AC018845.1,lncRNA,0.0,0.0,0.0,1.0,0.0,0.0
AC018845.3,lncRNA,1.0,0.0,0.0,0.0,2.0,1.0
AC018865.2,lncRNA,1.0,0.0,0.0,0.0,4.5,3.0
AC018866.1,lncRNA,0.0,1.0,0.0,0.0,0.0,1.0
AC018878.1,lncRNA,0.0,6.0,0.0,0.0,0.0,0.0
AC018904.1,lncRNA,0.0,0.0,0.0,0.0,1.0,0.0
AC018904.2,lncRNA,0.0,0.0,2.0,0.0,4.0,0.0
AC018926.1,lncRNA,0.0,0.0,0.0,0.0,3.0,0.0
AC018926.2,lncRNA,0.0,0.0,0.0,0.0,1.0,0.0
AC018926.3,lncRNA,1.0,1.0,0.0,0.0,1.0,1.0
AC018931.1,lncRNA,0.0,0.0,0.0,1.0,3.0,2.0
AC018943.1,lncRNA,0.0,0.0,0.0,3.0,24.0,18.0
AC018953.1,lncRNA,1.0,0.0,0.0,0.0,0.0,0.0
AC018953.2,lncRNA,1.0,0.0,0.0,0.0,0.0,1.0
AC018978.1,lncRNA,1.0,3.0,0.0,1.0,3.0,1.0
AC019055.1,lncRNA,0.0,0.0,0.0,0.0,0.0,1.0
AC019068.1,lncRNA,0.5,0.0,0.0,0.5,5.5,3.0
AC019077.1,lncRNA,0.0,0.0,0.0,0.0,2.0,0.0
AC019080.1,lncRNA,0.0,5.0,0.5,3.0,5.0,8.5
AC019080.3,lncRNA,0.0,0.0,0.0,0.0,2.0,2.0
AC019080.4,lncRNA,0.0,0.0,0.0,0.0,1.0,0.0
AC019080.5,lncRNA,0.0,0.0,0.0,0.0,1.0,1.0
AC019103.1,lncRNA,1.0,0.0,0.0,0.0,0.0,0.0
AC019118.1,lncRNA,1.0,0.0,1.0,10.0,1.0,2.0
AC019118.2,lncRNA,0.0,0.0,2.0,0.0,0.0,0.0
AC019127.1,lncRNA,0.0,0.5,0.0,1.0,3.0,2.0
AC019130.1,lncRNA,0.0,1.5,0.0,0.0,0.0,0.5
AC019131.1,lncRNA,0.0,0.0,0.0,0.5,0.0,0.5
AC019131.3,lncRNA,0.0,0.0,0.0,0.0,1.0,0.0
AC019155.2,lncRNA,0.0,0.0,1.0,0.0,2.0,1.0
AC019171.1,lncRNA,0.5,2.5,0.0,1.5,8.5,3.0
AC019183.1,lncRNA,0.0,1.0,0.0,0.0,0.0,1.0
AC019185.1,lncRNA,0.0,0.0,0.0,1.0,0.0,0.0
AC019186.1,lncRNA,0.0,0.0,1.0,1.0,0.0,0.0
AC019193.2,lncRNA,0.0,0.0,0.0,0.0,1.0,2.0
AC019193.3,lncRNA,0.0,0.0,0.0,2.0,0.0,1.0
AC019193.4,lncRNA,0.0,0.0,1.0,0.0,4.0,0.0
AC019197.1,lncRNA,2.0,12.0,2.5,1.0,10.0,7.0
AC019205.1,lncRNA,1.0,7.5,1.0,7.5,20.0,13.5
AC019209.1,lncRNA,0.0,0.0,0.0,0.0,0.0,1.0
AC019209.2,lncRNA,1.0,0.0,0.0,0.0,0.0,0.0
AC019209.3,lncRNA,0.0,1.0,0.0,0.0,3.0,1.0
AC019254.1,lncRNA,0.0,0.0,0.0,1.0,2.0,0.0
AC019254.2,lncRNA,1.0,0.0,0.0,0.0,0.0,1.0
AC019257.1,lncRNA,3.0,0.0,7.0,2.0,22.0,14.0
AC019257.2,lncRNA,2.0,2.0,0.0,0.0,5.0,4.0
AC019257.7,lncRNA,0.0,3.33,1.0,5.67,3.33,2.33
AC019270.1,lncRNA,0.0,1.0,1.0,7.0,7.0,7.0
AC019294.2,lncRNA,4.0,6.0,1.0,8.0,7.0,7.0
AC019294.3,lncRNA,0.0,1.0,2.0,0.0,0.0,5.0
AC019330.1,lncRNA,2.0,1.0,1.0,2.0,6.0,2.0
AC019349.1,lncRNA,0.0,0.0,0.5,0.0,0.5,1.0
AC020550.2,lncRNA,0.0,0.0,1.0,0.0,0.0,2.0
AC020551.1,lncRNA,0.0,1.0,0.0,1.0,0.0,1.0
AC020558.1,lncRNA,0.0,0.0,0.5,0.0,0.5,1.0
AC020558.2,lncRNA,0.0,1.0,5.0,2.0,15.0,4.0
AC020558.6,lncRNA,0.0,1.5,1.0,0.0,1.0,1.0
AC020584.1,lncRNA,0.0,0.0,0.0,0.0,2.0,0.0
AC020595.1,lncRNA,1.0,0.0,0.0,0.0,3.0,3.0
AC020611.2,lncRNA,0.0,1.0,0.0,0.0,0.0,1.0
AC020612.2,lncRNA,1.0,1.0,0.0,0.0,5.0,1.0
AC020612.3,lncRNA,0.0,2.0,6.0,6.0,10.0,13.0
AC020634.2,lncRNA,0.0,0.0,0.0,0.0,2.0,2.0
AC020636.1,lncRNA,0.0,0.0,0.0,0.0,0.0,2.0
AC020637.1,lncRNA,0.0,0.0,0.0,2.0,1.0,2.0
AC020651.1,lncRNA,0.0,0.0,0.0,0.0,0.5,0.0
AC020651.2,lncRNA,1.0,0.0,0.0,0.0,0.0,0.0
AC020655.1,lncRNA,0.0,0.0,0.0,2.0,5.0,0.0
AC020656.1,lncRNA,13.0,399.0,3.5,2.0,3.5,4.5
AC020656.2,lncRNA,1.0,1.0,0.0,2.0,1.0,5.0
AC020658.2,lncRNA,0.5,2.0,3.0,1.0,8.0,7.0
AC020658.3,lncRNA,3.0,9.0,11.0,25.0,49.0,49.0
AC020658.5,lncRNA,0.0,0.0,1.0,0.0,1.0,0.0
AC020659.1,lncRNA,0.0,8.5,0.5,4.0,10.0,17.5
AC020659.2,lncRNA,0.5,0.0,0.0,0.0,2.5,1.0
AC020661.1,lncRNA,1.0,1.0,1.0,0.0,7.0,3.0
AC020661.2,lncRNA,0.0,0.0,1.0,1.0,0.0,0.0
AC020661.3,lncRNA,0.0,0.0,0.0,0.0,3.0,1.0
AC020661.4,lncRNA,0.0,0.0,0.0,0.0,1.0,1.0
AC020663.1,lncRNA,0.0,0.0,0.0,1.0,1.0,2.5
AC020663.2,lncRNA,0.0,4.0,1.0,0.0,2.5,1.5
AC020663.3,lncRNA,11.0,4.0,2.0,5.0,54.0,12.0
AC020663.4,lncRNA,3.5,1.5,0.5,1.5,6.0,8.0
AC020687.1,lncRNA,2.0,1.0,6.0,8.0,4.0,10.0
AC020703.1,lncRNA,0.0,0.0,2.0,0.0,1.0,0.0
AC020704.1,lncRNA,0.0,0.0,0.0,0.0,2.0,0.0
AC020718.1,lncRNA,0.0,0.0,0.0,1.0,0.0,3.0
AC020719.1,lncRNA,0.0,1.0,1.0,1.0,0.0,0.0
AC020741.1,lncRNA,0.0,1.0,2.0,4.0,8.0,3.0
AC020743.1,lncRNA,0.0,0.0,0.0,0.0,2.0,2.0
AC020743.2,lncRNA,0.0,0.0,0.0,0.0,2.0,1.0
AC020743.3,lncRNA,0.0,0.0,0.0,0.0,1.0,1.0
AC020763.1,lncRNA,0.0,1.0,0.0,0.0,1.0,2.0
AC020765.2,lncRNA,1.0,0.0,0.5,0.0,1.5,2.0
AC020779.2,lncRNA,0.0,1.0,0.0,0.0,3.0,10.5
AC020891.1,lncRNA,1.0,1.0,6.0,0.0,14.0,11.0
AC020891.2,lncRNA,1.0,0.0,1.0,1.0,4.0,5.0
AC020891.3,lncRNA,0.0,0.0,0.0,0.0,1.0,0.0
AC020892.1,lncRNA,1.0,1.0,1.0,2.0,4.0,5.0
AC020892.2,lncRNA,0.0,0.0,0.0,0.0,2.0,0.0
AC020897.1,lncRNA,0.0,0.0,1.0,0.0,0.0,0.0
AC020900.1,lncRNA,0.0,0.0,0.0,0.0,1.0,0.5
AC020905.1,lncRNA,0.0,0.0,0.0,1.0,1.0,0.0
AC020907.1,lncRNA,0.5,1.0,3.5,2.0,22.5,16.5
AC020907.2,lncRNA,0.5,0.0,1.0,0.5,4.33,2.5
AC020907.3,lncRNA,1.0,3.0,0.0,0.0,7.0,4.0
AC020908.2,lncRNA,0.0,0.0,0.0,3.0,1.0,2.0
AC020908.3,lncRNA,0.0,0.0,0.0,4.0,1.0,1.0
AC020909.2,lncRNA,0.0,0.0,0.0,0.0,2.0,1.0
AC020909.3,lncRNA,0.0,2.0,0.0,0.0,0.0,0.0
AC020910.5,lncRNA,0.0,0.0,0.0,0.0,0.0,3.0
AC020911.1,lncRNA,0.0,0.0,0.0,1.5,1.0,0.0
AC020911.2,lncRNA,29.0,43.0,13.0,21.0,88.0,77.0
AC020911.3,lncRNA,0.0,0.0,0.0,1.0,1.0,0.0
AC020912.1,lncRNA,4.0,3.0,3.0,4.0,26.0,37.0
AC020913.1,lncRNA,0.0,0.0,0.0,1.0,0.0,0.0
AC020913.2,lncRNA,1.5,2.0,1.5,1.5,0.5,1.5
AC020913.3,lncRNA,0.0,0.0,0.0,0.0,0.0,1.0
AC020914.1,lncRNA,1.0,0.0,0.0,0.0,0.0,0.5
AC020915.1,lncRNA,0.0,1.0,0.0,0.0,9.0,10.0
AC020915.2,lncRNA,0.5,1.0,1.0,1.0,6.0,7.0
AC020916.1,lncRNA,0.0,0.0,1.0,0.0,3.0,5.0
AC020917.2,lncRNA,0.0,0.0,0.0,0.0,1.0,1.0
AC020917.3,lncRNA,0.0,0.0,0.0,1.0,1.0,0.0
AC020922.2,lncRNA,0.0,1.0,0.0,0.5,1.5,0.0
AC020922.3,lncRNA,1.0,0.0,0.5,0.0,0.5,1.5
AC020922.4,lncRNA,0.0,1.0,1.0,2.0,6.0,1.0
AC020928.1,lncRNA,1.0,1.5,0.5,1.0,22.0,20.0
AC020928.2,lncRNA,0.0,0.5,0.5,0.0,13.0,11.0
AC020930.1,lncRNA,2.0,3.0,0.0,2.0,12.0,17.0
AC020931.1,lncRNA,0.0,0.0,0.0,1.0,4.0,7.5
AC020934.1,lncRNA,0.0,2.0,2.0,0.0,8.0,9.0
AC020934.2,lncRNA,0.5,0.0,0.0,0.0,1.5,3.0
AC020978.1,lncRNA,1.0,0.0,2.0,0.0,4.0,1.0
AC020978.2,lncRNA,0.0,0.0,0.0,2.0,0.0,2.0
AC020978.3,lncRNA,0.0,0.0,0.0,1.0,0.0,2.0
AC020978.4,lncRNA,1.0,0.0,1.0,4.0,9.0,9.0
AC020978.5,lncRNA,0.83,0.33,0.33,0.0,4.17,3.5
AC020978.6,lncRNA,0.0,0.5,0.0,0.0,1.0,0.5
AC020978.7,lncRNA,0.33,0.33,1.33,0.0,0.67,1.0
AC021016.1,lncRNA,0.0,1.0,0.0,1.0,6.0,2.0
AC021016.2,lncRNA,0.0,0.0,0.0,0.0,4.5,3.0
AC021028.1,lncRNA,1.0,0.0,1.0,0.0,6.5,2.0
AC021037.1,lncRNA,2.5,0.0,5.5,4.0,14.0,8.0
AC021055.1,lncRNA,0.0,0.0,1.0,0.0,0.0,0.0
AC021066.1,lncRNA,1.5,4.0,1.0,0.0,6.0,5.0
AC021074.3,lncRNA,0.0,1.0,3.0,0.0,6.0,9.0
AC021078.1,lncRNA,7.0,5.0,2.0,11.0,13.5,13.0
AC021086.1,lncRNA,0.0,1.0,2.0,1.0,3.0,5.0
AC021087.1,lncRNA,0.0,0.0,1.0,0.0,0.5,0.0
AC021087.3,lncRNA,4.0,11.0,1.0,11.0,14.0,12.0
AC021087.4,lncRNA,0.0,0.0,0.0,0.0,6.5,3.5
AC021088.1,lncRNA,0.0,0.0,0.0,0.0,2.0,2.0
AC021092.1,lncRNA,0.5,0.0,0.0,2.5,2.5,6.0
AC021097.1,lncRNA,1.0,0.0,1.0,2.0,2.5,1.0
AC021127.1,lncRNA,1.0,3.0,4.0,2.0,11.5,11.0
AC021134.1,lncRNA,0.0,3.0,0.0,3.0,2.0,0.0
AC021134.2,lncRNA,0.0,3.0,0.0,0.0,0.0,0.0
AC021146.12,lncRNA,0.0,0.0,1.0,0.0,1.0,0.0
AC021148.2,lncRNA,0.0,1.0,0.0,4.0,3.0,3.0
AC021180.1,lncRNA,0.0,0.0,0.0,2.0,2.0,0.0
AC021188.1,lncRNA,0.0,0.0,0.0,1.0,4.0,5.5
AC021192.1,lncRNA,0.0,2.0,0.0,1.0,0.0,2.0
AC021205.3,lncRNA,1.0,0.0,0.0,1.0,0.0,0.0
AC021218.1,lncRNA,1.0,3.0,1.0,2.0,3.0,7.0
AC021220.2,lncRNA,0.0,1.0,0.0,3.0,6.0,6.0
AC021231.1,lncRNA,0.0,0.0,0.0,0.0,1.0,3.0
AC021236.1,lncRNA,0.0,2.0,2.0,0.5,6.0,3.0
AC021237.1,lncRNA,1.0,4.0,0.0,0.0,2.0,3.0
AC021242.2,lncRNA,2.0,0.0,0.0,0.0,2.0,6.0
AC021242.3,lncRNA,2.0,1.5,1.0,1.0,4.5,10.5
AC021269.3,lncRNA,0.0,3.0,1.0,0.0,6.0,3.0
AC021321.1,lncRNA,0.0,2.0,0.0,0.0,2.0,3.0
AC021321.2,lncRNA,0.0,2.0,0.0,0.0,1.0,1.0
AC021351.1,lncRNA,1.0,2.0,2.0,0.0,4.0,0.0
AC021355.1,lncRNA,0.0,2.0,2.0,1.0,3.5,2.0
AC021382.1,lncRNA,0.0,1.0,0.0,2.0,2.0,1.0
AC021393.1,lncRNA,1.0,3.0,1.0,0.0,6.0,8.0
AC021451.2,lncRNA,0.0,0.0,0.0,1.0,0.0,1.0
AC021483.1,lncRNA,0.0,0.0,0.0,0.0,0.0,1.0
AC021483.2,lncRNA,0.0,0.0,0.0,0.5,0.5,1.5
AC021491.1,lncRNA,0.0,0.0,0.0,0.0,1.0,0.0
AC021491.2,lncRNA,3.0,6.5,0.5,1.0,6.5,5.5
AC021491.3,lncRNA,0.0,0.0,0.0,0.0,0.0,1.0
AC021491.4,lncRNA,2.0,3.0,1.0,2.0,2.0,4.0
AC021506.1,lncRNA,0.0,0.0,0.0,0.0,2.0,2.0
AC021517.1,lncRNA,2.0,1.0,0.0,0.0,1.0,0.0
AC021517.2,lncRNA,0.0,0.0,1.0,0.0,1.0,1.0
AC021534.1,lncRNA,2.0,3.0,1.0,0.0,3.0,8.0
AC021546.1,lncRNA,0.0,0.0,2.0,1.0,2.0,3.0
AC021549.1,lncRNA,0.0,0.0,0.0,0.0,0.0,1.0
AC021573.1,lncRNA,1.0,0.0,0.0,1.0,0.0,0.0
AC021594.1,lncRNA,0.0,0.0,0.0,0.0,3.0,1.0
AC021594.2,lncRNA,1.0,0.0,0.0,0.0,2.0,4.0
AC021613.1,lncRNA,9.0,3.0,2.0,4.0,21.5,17.0
AC021613.3,lncRNA,0.0,0.0,2.0,0.0,7.0,0.0
AC021660.2,lncRNA,1.0,0.5,0.0,3.5,3.0,2.5
AC021660.4,lncRNA,0.0,1.0,0.0,0.0,0.0,0.0
AC021678.2,lncRNA,0.0,0.0,0.0,0.0,1.0,2.0
AC021683.1,lncRNA,0.0,2.0,1.0,1.0,6.0,4.0
AC021683.2,lncRNA,3.0,0.0,0.0,1.0,12.0,9.0
AC021683.3,lncRNA,4.0,10.0,8.0,6.0,32.0,32.0
AC021683.5,lncRNA,0.0,0.0,0.0,5.0,11.0,10.0
AC021683.6,lncRNA,0.0,0.0,3.0,1.0,6.0,10.0
AC021698.1,lncRNA,0.0,0.0,0.0,1.0,0.0,0.0
AC021701.1,lncRNA,9.0,10.0,3.0,4.0,12.0,29.0
AC021713.1,lncRNA,0.0,0.0,0.0,0.0,2.0,1.0
AC021723.2,lncRNA,0.0,1.0,0.0,0.0,1.0,3.5
AC021733.2,lncRNA,1.0,0.0,0.0,0.0,0.0,0.0
AC021733.4,lncRNA,1.0,0.0,1.0,0.0,7.5,8.0
AC021739.2,lncRNA,1.0,0.5,1.0,0.0,7.0,4.5
AC021739.4,lncRNA,1.0,6.0,0.0,0.0,4.0,3.0
AC021744.1,lncRNA,0.0,0.0,0.0,0.0,1.0,1.0
AC021752.1,lncRNA,3.0,0.0,1.0,4.0,24.0,17.0
AC021755.2,lncRNA,2.0,0.0,0.0,0.0,1.0,0.5
AC021785.1,lncRNA,1.0,1.0,0.0,0.0,1.0,1.0
AC021818.1,lncRNA,2.0,0.0,2.0,4.0,2.0,4.0
AC021851.1,lncRNA,1.0,0.0,0.0,0.0,3.0,0.0
AC021851.2,lncRNA,0.0,0.0,0.0,0.0,1.0,4.0
AC021915.1,lncRNA,0.0,1.0,0.0,0.0,1.0,1.0
AC021915.2,lncRNA,1.0,0.0,1.0,0.0,1.0,1.0
AC021979.1,lncRNA,0.0,0.0,0.0,0.0,0.0,1.0
AC021979.2,lncRNA,0.0,0.0,0.0,0.0,2.0,0.0
AC021979.3,lncRNA,1.0,4.0,0.0,2.0,10.0,8.0
AC022001.2,lncRNA,2.0,0.5,0.0,1.0,0.5,0.0
AC022001.3,lncRNA,0.0,0.0,1.0,0.0,0.0,1.0
AC022007.1,lncRNA,5.0,1.0,2.5,1.0,18.5,8.0
AC022017.1,lncRNA,0.0,0.0,0.0,0.0,2.0,1.0
AC022023.2,lncRNA,0.0,0.0,0.0,2.0,1.5,0.0
AC022028.2,lncRNA,2.0,0.0,4.0,3.0,14.0,6.0
AC022031.1,lncRNA,0.0,0.0,0.0,1.0,1.0,3.0
AC022031.2,lncRNA,0.0,0.0,0.0,1.0,3.0,6.0
AC022034.1,lncRNA,4.0,3.0,3.0,9.0,16.0,14.0
AC022034.3,lncRNA,0.0,0.0,2.0,0.0,2.0,2.5
AC022035.1,lncRNA,0.0,0.0,0.0,0.0,2.0,0.0
AC022039.1,lncRNA,0.0,0.0,1.0,0.0,2.0,3.0
AC022068.1,lncRNA,1.0,0.0,0.0,0.0,1.0,1.0
AC022079.1,lncRNA,0.0,0.0,0.0,0.0,1.0,0.0
AC022079.2,lncRNA,0.0,0.0,0.0,0.0,0.0,1.0
AC022081.1,lncRNA,0.0,0.0,0.0,5.0,1.0,2.0
AC022098.1,lncRNA,1.0,2.5,3.5,1.0,12.5,11.0
AC022098.2,lncRNA,0.0,0.0,0.0,0.0,0.0,0.5
AC022098.4,lncRNA,0.0,0.0,1.0,0.0,4.0,2.0
AC022100.1,lncRNA,0.0,0.5,0.0,0.0,0.0,0.5
AC022113.1,lncRNA,1.0,1.0,3.0,0.0,2.0,4.0
AC022118.1,lncRNA,0.0,0.0,0.0,0.0,0.0,1.0
AC022126.1,lncRNA,1.33,7.0,0.0,1.0,5.33,4.0
AC022133.2,lncRNA,0.0,0.0,0.0,0.0,6.0,3.0
AC022137.3,lncRNA,0.0,2.0,4.0,0.0,7.0,5.0
AC022140.1,lncRNA,0.0,1.0,0.0,2.0,2.0,1.0
AC022144.1,lncRNA,2.5,3.0,6.0,2.0,4.5,10.0
AC022145.1,lncRNA,1.0,1.0,3.0,1.0,7.0,13.0
AC022148.1,lncRNA,0.5,0.0,0.0,0.0,5.0,2.5
AC022148.2,lncRNA,0.0,0.0,0.0,0.0,3.0,0.0
AC022150.1,lncRNA,0.0,0.0,0.0,0.0,1.5,3.0
AC022150.2,lncRNA,0.0,0.0,1.0,0.0,8.0,5.0
AC022150.3,lncRNA,0.0,0.0,0.0,1.0,0.5,0.0
AC022154.1,lncRNA,5.0,20.0,2.0,21.0,4.5,7.0
AC022164.1,lncRNA,0.0,0.0,1.0,0.0,1.0,2.0
AC022165.1,lncRNA,0.0,0.0,0.0,1.5,0.0,0.5
AC022166.1,lncRNA,0.0,0.0,0.0,0.0,1.0,0.0
AC022166.2,lncRNA,0.0,0.0,0.0,0.0,1.0,0.0
AC022167.1,lncRNA,1.5,0.5,0.0,0.0,3.5,0.5
AC022167.2,lncRNA,1.0,0.0,3.0,0.0,10.0,8.0
AC022167.3,lncRNA,1.0,2.0,0.0,0.0,12.0,18.0
AC022167.4,lncRNA,2.0,1.0,3.0,0.0,2.0,5.0
AC022168.1,lncRNA,1.0,3.0,0.0,2.0,7.0,6.0
AC022182.1,lncRNA,4.0,0.5,15.0,12.0,54.0,29.5
AC022182.2,lncRNA,1.0,0.5,0.0,0.0,0.0,3.5
AC022188.1,lncRNA,0.0,0.0,0.0,1.0,3.0,3.0
AC022196.1,lncRNA,0.0,0.0,0.0,0.0,1.0,0.0
AC022201.1,lncRNA,0.0,0.0,0.0,2.0,1.0,1.0
AC022201.2,lncRNA,0.0,0.5,0.0,1.0,0.0,2.0
AC022210.1,lncRNA,3.0,4.0,0.0,1.0,8.0,10.0
AC022211.1,lncRNA,0.0,0.0,0.0,2.0,0.0,3.0
AC022211.2,lncRNA,0.5,1.0,4.0,4.0,14.0,7.0
AC022215.2,lncRNA,0.0,0.0,0.0,0.0,0.0,1.0
AC022217.2,lncRNA,0.0,0.0,0.0,0.0,4.0,7.0
AC022217.3,lncRNA,0.0,0.0,1.0,0.0,0.0,3.5
AC022239.1,lncRNA,3.0,1.0,2.0,2.0,22.0,12.0
AC022239.2,lncRNA,0.0,1.0,0.0,0.0,7.0,6.0
AC022267.1,lncRNA,4.0,3.0,2.0,5.0,5.0,8.0
AC022272.1,lncRNA,1.0,0.0,0.0,0.0,1.0,0.0
AC022276.1,lncRNA,0.0,0.0,0.0,2.0,0.0,1.0
AC022306.3,lncRNA,0.0,1.0,0.0,0.0,0.0,1.0
AC022325.2,lncRNA,0.0,0.0,0.0,0.0,3.0,5.0
AC022336.2,lncRNA,0.5,0.0,0.0,0.5,4.5,2.0
AC022360.1,lncRNA,0.0,1.0,0.0,0.0,2.0,1.0
AC022364.1,lncRNA,0.5,3.0,0.0,3.0,14.5,11.0
AC022367.1,lncRNA,0.0,0.0,0.0,1.0,2.0,1.0
AC022382.1,lncRNA,0.0,0.0,0.0,0.0,0.67,0.0
AC022382.2,lncRNA,0.0,0.0,0.0,2.0,3.0,11.0
AC022387.2,lncRNA,0.0,4.0,3.0,1.0,7.0,8.0
AC022392.1,lncRNA,4.0,4.0,2.0,2.0,3.0,1.0
AC022395.1,lncRNA,0.0,0.0,0.0,0.0,1.0,2.0
AC022400.1,lncRNA,0.0,0.0,0.0,0.0,0.5,1.5
AC022400.2,lncRNA,0.0,0.0,3.0,1.0,2.0,2.0
AC022400.4,lncRNA,0.0,0.0,0.0,0.0,0.0,1.0
AC022405.1,lncRNA,2.0,10.0,0.0,23.0,0.0,7.0
AC022413.2,lncRNA,0.5,1.0,0.0,0.0,1.0,2.0
AC022424.1,lncRNA,0.0,0.0,0.0,0.0,0.0,1.0
AC022431.1,lncRNA,3.0,0.0,0.0,0.0,0.0,0.0
AC022433.1,lncRNA,1.0,1.0,2.0,1.0,2.0,4.0
AC022440.1,lncRNA,0.0,0.0,0.0,0.0,8.0,7.0
AC022441.1,lncRNA,0.0,0.0,0.0,2.0,0.0,0.0
AC022441.2,lncRNA,0.0,0.0,0.0,0.0,1.0,0.0
AC022447.1,lncRNA,0.0,1.0,0.0,0.0,0.0,0.0
AC022447.2,lncRNA,0.0,0.0,0.0,0.0,5.0,4.0
AC022447.5,lncRNA,0.0,0.0,0.0,0.0,1.0,0.0
AC022447.6,lncRNA,0.0,1.0,0.0,0.0,5.0,3.0
AC022447.7,lncRNA,0.0,0.0,0.0,0.0,1.0,0.0
AC022463.1,lncRNA,0.0,0.0,0.0,0.0,2.0,0.0
AC022467.2,lncRNA,4.0,11.0,3.0,5.0,9.0,25.0
AC022469.1,lncRNA,0.0,0.0,0.0,0.0,2.0,0.0
AC022469.2,lncRNA,0.0,1.0,0.0,0.0,0.0,0.0
AC022486.1,lncRNA,0.0,1.0,1.0,1.0,1.0,0.0
AC022498.1,lncRNA,0.0,0.0,0.0,1.0,1.0,0.0
AC022506.2,lncRNA,1.0,3.0,2.0,2.0,5.0,0.0
AC022509.1,lncRNA,1.0,0.0,0.0,1.0,2.0,5.0
AC022509.2,lncRNA,0.0,0.0,0.0,0.0,0.83,3.0
AC022509.3,lncRNA,0.0,0.0,1.0,1.0,5.0,6.0
AC022509.4,lncRNA,0.0,0.0,4.0,0.0,2.0,1.0
AC022509.5,lncRNA,0.0,0.0,0.0,0.0,2.0,5.0
AC022517.1,lncRNA,0.0,0.0,1.0,0.0,3.0,2.0
AC022523.1,lncRNA,0.0,0.0,0.0,7.0,4.0,1.0
AC022523.3,lncRNA,0.0,1.0,0.0,0.0,1.0,0.0
AC022535.2,lncRNA,0.0,2.0,0.0,1.0,1.0,0.0
AC022535.3,lncRNA,0.0,2.0,0.0,0.0,1.0,0.0
AC022558.1,lncRNA,4.0,3.0,0.0,3.0,1.0,1.0
AC022558.2,lncRNA,0.0,1.0,1.0,0.0,0.0,0.0
AC022596.1,lncRNA,0.0,0.0,1.0,0.0,0.0,0.0
AC022596.2,lncRNA,1.0,0.0,0.0,3.0,5.0,6.0
AC022601.1,lncRNA,1.0,0.0,0.5,0.0,0.0,1.0
AC022613.1,lncRNA,5.0,2.0,5.0,3.0,12.0,6.0
AC022613.2,lncRNA,6.0,14.0,5.0,1.0,7.0,9.0
AC022613.3,lncRNA,1.0,0.0,2.0,0.0,1.0,1.0
AC022634.2,lncRNA,0.0,5.0,1.0,0.0,0.0,0.0
AC022655.1,lncRNA,0.0,1.0,0.0,0.0,0.0,0.0
AC022679.1,lncRNA,0.0,0.0,1.0,0.0,5.0,0.0
AC022679.2,lncRNA,1.0,0.0,0.0,0.0,0.0,0.0
AC022690.2,lncRNA,0.0,1.0,0.0,0.0,2.0,1.0
AC022695.2,lncRNA,0.0,0.0,0.0,3.0,2.0,2.0
AC022695.3,lncRNA,3.0,0.0,0.0,0.0,2.0,1.0
AC022706.1,lncRNA,0.0,0.0,0.0,0.0,6.0,3.0
AC022710.1,lncRNA,0.0,1.0,0.0,2.0,2.0,5.0
AC022726.2,lncRNA,0.0,0.0,0.0,4.0,2.0,0.0
AC022730.3,lncRNA,0.0,0.0,0.0,0.0,0.5,3.0
AC022730.4,lncRNA,0.0,4.0,10.0,5.0,7.0,6.0
AC022733.1,lncRNA,0.0,0.0,1.0,0.0,3.0,2.0
AC022762.1,lncRNA,0.0,0.0,0.0,0.0,1.0,0.5
AC022762.2,lncRNA,1.0,1.0,0.0,1.0,2.0,0.0
AC022778.1,lncRNA,0.0,0.0,0.0,0.0,0.0,1.0
AC022784.1,lncRNA,2.0,4.0,10.0,7.0,55.0,55.0
AC022784.5,lncRNA,0.0,0.0,0.5,0.0,2.5,0.0
AC022784.6,lncRNA,0.0,0.0,0.0,0.0,1.0,1.0
AC022809.1,lncRNA,0.0,1.0,0.0,0.0,2.0,2.0
AC022816.1,lncRNA,2.0,19.0,0.0,1.0,4.0,14.0
AC022819.1,lncRNA,2.0,0.0,1.0,5.0,5.0,5.0
AC022832.2,lncRNA,0.0,0.0,1.0,0.0,0.0,0.0
AC022858.1,lncRNA,2.0,2.0,0.0,2.0,3.33,4.33
AC022868.1,lncRNA,0.0,0.0,1.0,1.0,6.0,2.0
AC022872.1,lncRNA,0.0,0.0,0.0,1.0,0.0,0.0
AC022893.1,lncRNA,0.0,5.0,0.0,4.0,6.0,5.0
AC022893.2,lncRNA,1.0,2.0,0.0,1.0,3.0,3.0
AC022893.3,lncRNA,0.0,0.0,0.0,1.0,0.0,0.0
AC022898.1,lncRNA,1.0,0.0,0.0,0.0,1.0,0.0
AC022898.2,lncRNA,0.0,0.0,0.0,1.0,1.0,1.0
AC022903.1,lncRNA,0.0,1.0,2.0,0.0,3.0,2.0
AC022903.2,lncRNA,4.0,0.0,0.0,0.0,0.0,1.0
AC022915.2,lncRNA,1.0,5.0,1.0,2.0,3.0,0.0
AC022915.3,lncRNA,0.0,0.0,0.0,1.0,0.0,0.0
AC022916.1,lncRNA,0.0,1.0,2.0,1.0,12.0,25.0
AC022916.2,lncRNA,0.0,0.5,0.0,0.0,0.0,0.5
AC022916.4,lncRNA,0.0,0.0,0.0,0.0,1.0,0.0
AC022929.1,lncRNA,0.0,2.0,0.0,0.0,0.0,0.0
AC022929.2,lncRNA,0.0,0.0,0.0,1.0,0.0,0.0
AC022960.1,lncRNA,1.0,6.0,0.0,2.0,0.0,1.0
AC022960.2,lncRNA,0.0,2.0,0.0,0.0,0.0,1.0
AC022966.1,lncRNA,1.5,1.5,0.0,1.0,1.0,1.5
AC022966.2,lncRNA,0.0,0.0,0.0,0.0,1.5,1.0
AC022973.3,lncRNA,0.0,0.5,1.0,6.5,2.0,5.5
AC022973.4,lncRNA,0.0,0.0,0.0,0.0,1.0,2.0
AC022973.5,lncRNA,0.0,0.0,1.0,0.0,1.0,5.0
AC023024.1,lncRNA,1.0,1.0,0.0,1.0,4.0,1.5
AC023034.1,lncRNA,0.0,1.0,0.0,1.0,3.0,2.5
AC023043.3,lncRNA,2.0,0.0,0.0,0.0,1.0,0.0
AC023051.1,lncRNA,0.0,1.0,0.0,0.0,4.0,1.0
AC023090.1,lncRNA,0.0,0.0,0.0,1.0,1.0,2.0
AC023095.1,lncRNA,0.0,0.0,1.0,1.0,4.0,4.0
AC023115.1,lncRNA,0.0,0.0,0.0,1.5,6.5,1.5
AC023128.1,lncRNA,0.0,0.0,0.0,0.0,1.0,0.0
AC023137.1,lncRNA,0.0,0.0,0.0,1.0,0.0,0.0
AC023154.1,lncRNA,4.0,3.0,1.0,0.0,17.0,13.0
AC023157.2,lncRNA,2.0,8.0,0.0,1.0,6.0,13.0
AC023158.1,lncRNA,0.0,0.0,0.0,0.0,1.0,0.0
AC023158.2,lncRNA,2.0,0.0,0.0,0.0,0.0,0.0
AC023194.2,lncRNA,0.0,0.5,0.0,0.0,0.5,0.0
AC023200.1,lncRNA,0.0,2.0,0.0,0.0,1.0,0.0
AC023202.1,lncRNA,0.0,6.0,1.0,1.0,2.0,0.0
AC023282.1,lncRNA,8.0,3.0,3.0,13.0,15.0,5.0
AC023283.1,lncRNA,2.5,2.0,0.0,1.5,1.5,1.0
AC023296.1,lncRNA,1.0,0.0,1.0,1.0,1.0,4.0
AC023300.1,lncRNA,0.0,0.0,0.0,0.0,0.5,0.5
AC023300.2,lncRNA,0.0,0.0,3.0,0.0,8.0,13.0
AC023301.1,lncRNA,0.5,1.0,4.0,0.0,1.5,1.0
AC023302.1,lncRNA,0.0,1.0,0.0,0.0,0.0,0.0
AC023302.2,lncRNA,1.0,1.0,0.0,4.0,0.0,3.0
AC023310.4,lncRNA,0.0,0.0,0.0,0.0,3.0,5.0
AC023347.1,lncRNA,0.0,0.0,0.0,0.0,2.0,2.0
AC023355.1,lncRNA,9.0,7.0,9.5,6.5,27.5,17.5
AC023385.1,lncRNA,0.0,1.0,1.0,0.0,9.0,3.0
AC023389.1,lncRNA,0.0,6.0,0.0,0.5,2.0,1.0
AC023394.1,lncRNA,0.0,0.0,0.0,0.0,3.0,0.0
AC023394.2,lncRNA,1.0,0.0,0.0,0.0,0.0,0.0
AC023403.1,lncRNA,0.0,0.0,0.0,0.0,1.0,0.0
AC023421.1,lncRNA,0.0,1.0,0.0,0.0,2.0,7.0
AC023421.2,lncRNA,0.0,1.0,0.0,0.5,0.5,2.0
AC023424.2,lncRNA,1.0,0.0,0.0,0.0,4.0,2.0
AC023442.2,lncRNA,0.0,0.0,0.0,0.0,0.0,1.0
AC023442.3,lncRNA,0.0,0.0,0.0,6.0,1.0,2.0
AC023468.1,lncRNA,0.0,1.0,0.0,0.0,2.0,4.0
AC023469.2,lncRNA,0.0,0.0,0.0,0.0,3.0,1.0
AC023480.1,lncRNA,47.0,46.0,91.0,65.0,231.0,137.0
AC023481.1,lncRNA,0.0,0.0,0.0,1.0,3.0,0.0
AC023483.1,lncRNA,0.0,1.0,0.0,0.0,1.0,2.0
AC023490.2,lncRNA,0.0,0.0,0.0,1.0,0.0,0.0
AC023494.1,lncRNA,2.0,0.0,0.0,0.0,1.0,2.0
AC023509.1,lncRNA,1.0,3.0,1.0,4.0,8.0,3.75
AC023509.2,lncRNA,1.0,0.0,0.0,0.0,3.0,0.5
AC023509.3,lncRNA,0.0,0.0,2.0,0.0,3.0,1.0
AC023509.6,lncRNA,0.0,0.0,0.0,0.0,1.0,0.0
AC023510.1,lncRNA,0.0,0.5,0.0,0.5,0.0,0.5
AC023511.1,lncRNA,0.0,0.0,0.0,0.0,0.0,3.0
AC023511.3,lncRNA,0.0,0.0,0.0,1.0,1.0,0.0
AC023590.1,lncRNA,1.0,5.0,1.0,2.0,6.0,8.0
AC023593.1,lncRNA,2.5,2.5,9.0,2.0,26.0,22.5
AC023595.1,lncRNA,0.0,0.0,0.0,0.0,1.0,1.0
AC023632.2,lncRNA,2.0,8.0,5.0,10.0,4.0,10.0
AC023632.5,lncRNA,6.0,5.0,1.0,4.0,15.0,15.0
AC023644.1,lncRNA,0.33,0.0,0.0,0.0,0.33,6.0
AC023669.1,lncRNA,0.0,0.0,0.0,0.0,2.0,3.0
AC023762.1,lncRNA,0.0,0.0,0.0,0.0,0.0,1.0
AC023781.1,lncRNA,1.0,0.0,0.0,1.0,4.0,0.0
AC023787.1,lncRNA,0.0,0.0,0.0,1.0,0.0,4.0
AC023787.2,lncRNA,1.0,0.0,0.0,3.0,3.0,6.0
AC023787.3,lncRNA,0.0,3.0,2.0,1.0,4.0,14.0
AC023790.2,lncRNA,0.0,1.0,0.0,0.0,3.0,5.0
AC023794.1,lncRNA,0.0,0.0,0.0,0.0,0.0,2.0
AC023794.2,lncRNA,5.5,8.0,0.0,5.0,2.0,2.5
AC023794.4,lncRNA,0.0,2.0,0.0,1.0,2.0,0.0
AC023794.5,lncRNA,0.5,0.0,0.0,0.0,4.5,2.0
AC023796.1,lncRNA,3.0,1.0,0.0,2.0,5.0,0.0
AC023813.1,lncRNA,1.0,0.0,0.0,1.0,4.0,4.0
AC023813.3,lncRNA,2.0,0.0,1.0,0.0,2.0,5.0
AC023813.4,lncRNA,0.0,0.0,0.0,0.0,1.0,2.0
AC023824.1,lncRNA,0.0,2.0,1.0,1.0,7.0,15.0
AC023824.3,lncRNA,3.0,0.0,0.0,0.0,1.0,0.0
AC023824.4,lncRNA,1.0,2.0,1.0,0.0,8.0,6.0
AC023824.5,lncRNA,0.0,4.0,1.0,3.0,2.0,3.0
AC023825.2,lncRNA,0.0,1.0,1.0,0.0,4.0,0.0
AC023830.1,lncRNA,1.0,1.0,7.0,2.0,8.0,9.0
AC023830.2,lncRNA,2.0,7.0,1.0,5.0,3.0,8.0
AC023830.3,lncRNA,2.0,2.0,0.0,2.0,4.0,4.0
AC023855.1,lncRNA,0.0,0.0,1.0,0.0,2.0,2.0
AC023866.1,lncRNA,0.0,0.0,0.0,0.0,0.5,0.0
AC023866.2,lncRNA,0.0,2.0,0.0,0.0,0.0,0.0
AC023905.1,lncRNA,0.0,0.0,1.0,1.0,0.0,2.0
AC023906.2,lncRNA,0.0,0.0,0.0,0.0,1.0,1.0
AC023906.3,lncRNA,0.0,1.5,0.0,4.0,0.0,0.0
AC023906.4,lncRNA,0.0,0.0,0.0,0.0,4.0,5.5
AC023906.5,lncRNA,0.0,0.0,0.0,1.0,0.0,0.0
AC023908.1,lncRNA,0.0,0.0,0.0,0.0,2.0,0.0
AC023908.2,lncRNA,0.0,0.0,0.0,0.0,0.5,0.5
AC023908.3,lncRNA,0.0,1.0,3.0,6.0,13.0,6.0
AC023946.1,lncRNA,0.0,0.0,1.0,0.0,1.0,0.5
AC023983.1,lncRNA,1.0,1.0,0.0,1.0,0.0,1.0
AC023983.2,lncRNA,1.0,1.0,0.0,0.0,1.0,0.0
AC024022.1,lncRNA,5.0,1.0,1.0,0.0,5.0,6.0
AC024028.1,lncRNA,1.0,8.0,3.0,11.0,30.0,26.0
AC024060.2,lncRNA,0.0,0.0,0.0,0.0,1.0,1.0
AC024075.1,lncRNA,0.0,1.0,0.0,0.0,0.0,2.0
AC024075.2,lncRNA,1.0,0.0,0.0,5.0,5.0,5.0
AC024075.3,lncRNA,0.0,0.0,0.0,0.0,0.5,1.0
AC024084.1,lncRNA,0.0,0.0,0.0,0.0,3.0,1.0
AC024132.1,lncRNA,0.0,0.0,0.0,0.0,7.0,6.0
AC024132.2,lncRNA,0.0,0.0,1.0,0.0,0.0,1.0
AC024145.1,lncRNA,0.0,0.0,0.0,0.0,4.0,4.0
AC024224.2,lncRNA,2.0,0.0,1.0,0.0,1.5,3.0
AC024230.1,lncRNA,0.0,0.0,1.0,3.0,3.0,1.0
AC024236.1,lncRNA,1.0,4.0,3.0,2.0,10.0,7.0
AC024243.1,lncRNA,0.0,0.0,1.0,0.0,3.0,1.0
AC024257.1,lncRNA,0.0,1.0,0.0,2.0,5.0,16.0
AC024257.3,lncRNA,10.0,8.0,4.0,9.0,27.0,14.0
AC024257.4,lncRNA,0.0,1.0,0.0,0.0,1.0,0.0
AC024257.5,lncRNA,1.0,0.0,0.0,0.0,0.0,0.0
AC024267.1,lncRNA,1202.65,680.82,1114.65,564.66,1256.82,1568.15
AC024267.4,lncRNA,0.0,0.0,0.0,0.0,1.5,0.0
AC024267.5,lncRNA,0.0,1.0,0.0,0.0,0.0,0.0
AC024267.6,lncRNA,0.5,1.5,0.5,0.0,2.0,1.5
AC024270.1,lncRNA,0.0,3.0,0.0,3.0,0.0,8.0
AC024270.2,lncRNA,0.0,0.0,0.5,0.0,11.0,6.5
AC024270.3,lncRNA,0.0,0.0,0.0,1.0,2.0,1.0
AC024270.4,lncRNA,3.0,1.0,0.0,5.0,3.0,3.0
AC024337.1,lncRNA,0.0,2.0,0.0,0.0,4.0,1.0
AC024337.2,lncRNA,0.0,0.0,2.0,3.0,2.0,2.0
AC024361.1,lncRNA,0.0,0.0,0.0,0.0,1.0,0.0
AC024361.2,lncRNA,2.0,0.0,1.0,2.0,4.0,5.0
AC024361.3,lncRNA,0.0,0.0,0.0,0.0,0.0,0.5
AC024382.1,lncRNA,0.0,0.0,0.0,1.0,1.0,2.0
AC024451.4,lncRNA,1.0,0.0,0.0,1.0,1.0,0.0
AC024475.1,lncRNA,0.0,1.0,0.0,0.0,1.0,0.0
AC024475.2,lncRNA,1.0,0.0,0.0,3.0,8.0,14.0
AC024559.1,lncRNA,0.0,0.0,0.0,3.0,4.0,3.0
AC024559.2,lncRNA,0.0,1.0,0.0,1.0,7.0,2.0
AC024560.1,lncRNA,2.0,1.0,0.0,0.0,1.0,5.0
AC024560.3,lncRNA,0.0,0.0,0.0,0.0,1.0,2.0
AC024560.4,lncRNA,0.0,0.0,0.0,1.0,0.0,1.0
AC024560.5,lncRNA,2.5,1.0,1.0,0.0,10.0,5.5
AC024563.1,lncRNA,0.0,1.0,0.0,0.0,2.0,0.0
AC024575.1,lncRNA,0.0,3.0,0.0,1.0,4.0,2.5
AC024587.2,lncRNA,3.0,0.0,1.0,0.0,3.0,2.0
AC024588.1,lncRNA,0.0,2.5,0.0,0.0,11.0,2.0
AC024592.1,lncRNA,0.0,0.0,1.0,0.0,0.0,2.0
AC024592.2,lncRNA,0.0,0.0,1.0,2.0,0.0,0.0
AC024597.1,lncRNA,0.0,4.0,1.0,0.0,7.0,1.0
AC024603.1,lncRNA,0.0,0.0,1.0,0.0,2.0,0.0
AC024610.1,lncRNA,0.0,0.0,0.0,0.0,1.0,2.0
AC024610.2,lncRNA,5.0,6.5,1.0,2.5,9.0,11.5
AC024614.4,lncRNA,0.0,1.0,0.0,0.0,1.0,0.0
AC024619.1,lncRNA,1.0,0.0,0.0,1.0,0.0,0.0
AC024619.2,lncRNA,0.0,0.0,0.0,1.0,0.0,0.0
AC024651.1,lncRNA,0.0,1.0,0.0,5.0,0.0,9.0
AC024651.2,lncRNA,1.0,4.0,0.0,0.0,29.0,23.0
AC024651.3,lncRNA,0.0,1.0,0.0,1.0,3.0,1.0
AC024730.1,lncRNA,0.0,0.0,0.0,0.0,2.0,0.0
AC024884.2,lncRNA,1.0,0.0,2.0,0.0,1.0,0.0
AC024896.1,lncRNA,0.0,1.0,1.0,4.5,4.5,10.0
AC024901.1,lncRNA,1.0,2.0,3.0,1.0,13.0,10.0
AC024909.1,lncRNA,0.5,2.5,5.5,5.5,7.0,10.0
AC024933.1,lncRNA,0.0,1.0,0.0,0.0,0.0,0.0
AC024933.2,lncRNA,1.0,0.0,0.0,0.0,2.0,2.0
AC024937.3,lncRNA,0.0,0.0,0.0,0.0,0.5,1.0
AC024941.1,lncRNA,0.0,0.0,0.0,0.0,0.0,2.0
AC024941.2,lncRNA,0.0,0.0,0.0,1.0,1.0,0.0
AC024958.1,lncRNA,1.0,0.0,0.0,0.0,4.5,5.0
AC025031.1,lncRNA,0.0,0.0,0.0,0.0,0.0,0.5
AC025031.2,lncRNA,0.0,0.0,1.0,1.0,11.0,2.0
AC025031.3,lncRNA,0.0,0.0,0.0,4.0,1.0,1.0
AC025031.4,lncRNA,0.0,2.0,2.0,1.0,1.0,1.0
AC025034.1,lncRNA,0.0,2.0,0.0,0.0,5.0,8.0
AC025040.1,lncRNA,0.0,0.0,0.0,1.0,2.0,0.0
AC025043.1,lncRNA,0.0,0.0,0.0,0.0,0.5,0.0
AC025048.1,lncRNA,0.0,0.0,0.5,0.0,1.0,2.0
AC025048.2,lncRNA,0.0,3.5,3.0,1.0,16.0,14.5
AC025048.4,lncRNA,2.0,0.0,0.0,5.0,0.5,0.0
AC025048.7,lncRNA,0.0,2.5,1.5,1.0,7.0,9.5
AC025062.3,lncRNA,0.5,0.0,1.5,0.0,1.5,1.0
AC025154.1,lncRNA,0.0,0.0,0.5,0.0,1.5,0.5
AC025154.2,lncRNA,1.0,1.5,0.0,0.0,13.0,8.5
AC025160.1,lncRNA,0.0,0.0,0.0,1.0,6.0,8.0
AC025162.1,lncRNA,0.5,0.0,1.0,3.0,1.0,3.0
AC025162.2,lncRNA,1.0,0.0,0.0,0.0,4.0,2.0
AC025164.1,lncRNA,2.5,5.5,3.0,3.0,25.0,20.5
AC025164.2,lncRNA,1.0,0.0,1.0,0.0,1.0,1.0
AC025165.1,lncRNA,0.0,1.0,1.0,0.33,4.17,2.83
AC025165.2,lncRNA,0.5,0.5,1.0,2.5,0.5,1.0
AC025165.4,lncRNA,1.0,0.0,0.0,1.0,2.0,0.0
AC025165.5,lncRNA,0.0,1.0,0.0,0.0,2.0,1.0
AC025171.1,lncRNA,5.5,3.0,12.0,5.0,23.5,24.0
AC025171.2,lncRNA,4.5,6.0,26.0,8.0,66.0,49.0
AC025171.3,lncRNA,6.5,5.0,1.0,7.0,10.5,7.0
AC025171.4,lncRNA,1.0,0.0,1.0,0.0,12.0,12.0
AC025171.5,lncRNA,2.0,2.0,4.0,4.0,53.0,28.0
AC025174.1,lncRNA,0.0,1.0,0.0,0.0,0.0,0.0
AC025175.1,lncRNA,0.0,0.0,0.0,0.0,0.0,1.0
AC025175.2,lncRNA,1.0,0.0,0.0,3.0,5.0,2.0
AC025176.1,lncRNA,0.0,1.0,1.0,0.0,3.0,10.0
AC025178.1,lncRNA,0.0,0.0,0.0,0.0,0.0,4.0
AC025180.1,lncRNA,0.0,0.0,1.0,0.0,0.0,3.5
AC025181.2,lncRNA,3.0,0.0,0.0,1.0,7.0,5.0
AC025183.1,lncRNA,1.0,0.0,2.0,1.0,3.0,4.0
AC025188.1,lncRNA,0.0,0.0,0.5,0.0,0.5,3.0
AC025244.1,lncRNA,0.0,0.0,0.0,0.0,1.0,0.0
AC025244.2,lncRNA,0.0,0.0,0.0,0.0,7.0,1.0
AC025252.1,lncRNA,0.0,0.0,0.0,1.0,3.0,2.0
AC025253.1,lncRNA,0.0,0.0,0.0,0.0,1.0,0.0
AC025254.1,lncRNA,0.0,0.0,0.0,0.0,2.0,0.0
AC025257.1,lncRNA,0.0,0.0,0.0,0.0,1.0,0.0
AC025259.1,lncRNA,1.5,1.0,4.0,2.0,4.0,7.0
AC025262.3,lncRNA,0.0,0.0,1.0,8.0,3.0,3.0
AC025263.1,lncRNA,0.0,6.0,0.0,11.0,5.0,4.0
AC025265.1,lncRNA,1.0,0.0,0.0,0.0,4.0,1.0
AC025265.2,lncRNA,0.0,0.0,0.0,0.0,1.0,0.0
AC025265.3,lncRNA,0.0,0.5,0.0,0.0,0.0,3.0
AC025271.2,lncRNA,0.0,1.0,0.0,0.0,1.5,0.0
AC025271.4,lncRNA,0.0,0.0,2.0,0.0,4.0,4.0
AC025277.1,lncRNA,0.0,0.0,1.0,0.0,1.0,4.0
AC025278.1,lncRNA,0.0,0.5,0.0,0.0,1.0,0.5
AC025279.1,lncRNA,2.33,1.0,0.33,2.0,15.0,13.67
AC025280.1,lncRNA,0.0,0.0,1.0,0.0,1.0,0.0
AC025280.2,lncRNA,1.0,3.0,2.0,1.0,13.5,16.0
AC025280.3,lncRNA,0.0,1.0,0.0,0.0,5.0,5.0
AC025284.1,lncRNA,1.0,3.0,9.0,3.0,13.0,18.0
AC025287.1,lncRNA,0.0,0.33,0.5,0.0,0.5,1.0
AC025287.2,lncRNA,0.0,0.0,0.0,0.0,1.0,2.0
AC025287.3,lncRNA,0.0,0.0,0.0,0.0,1.0,1.0
AC025366.1,lncRNA,1.0,0.0,0.0,0.0,0.0,0.0
AC025370.1,lncRNA,0.0,0.5,0.0,0.0,0.0,0.0
AC025370.2,lncRNA,0.0,0.0,0.0,1.0,4.0,2.0
AC025419.1,lncRNA,0.0,0.0,0.0,3.0,2.5,8.0
AC025423.4,lncRNA,0.0,1.0,0.0,0.0,2.0,4.5
AC025428.1,lncRNA,0.0,2.0,1.0,1.0,2.0,5.0
AC025430.1,lncRNA,0.0,1.0,0.0,4.0,0.0,1.0
AC025431.1,lncRNA,2.0,1.0,1.0,0.0,12.0,18.0
AC025437.1,lncRNA,0.0,0.0,0.0,1.0,0.0,1.0
AC025437.3,lncRNA,0.0,0.0,0.0,0.0,1.0,4.0
AC025437.4,lncRNA,0.0,0.0,0.0,0.0,0.0,3.0
AC025437.5,lncRNA,0.0,3.0,2.0,1.0,2.0,2.0
AC025442.1,lncRNA,0.0,0.0,0.5,0.0,6.5,2.5
AC025442.2,lncRNA,0.0,2.0,0.0,0.0,2.0,3.0
AC025449.2,lncRNA,1.5,4.5,2.0,9.0,4.5,5.5
AC025465.1,lncRNA,1.0,0.0,0.0,0.0,1.0,3.0
AC025465.2,lncRNA,1.5,8.0,4.5,2.5,18.5,33.5
AC025465.4,lncRNA,0.5,5.0,3.5,2.5,3.5,5.5
AC025470.2,lncRNA,1.0,1.0,0.0,1.0,5.0,5.0
AC025475.2,lncRNA,0.0,1.0,0.0,0.0,0.0,1.0
AC025508.1,lncRNA,1.0,0.0,0.0,3.0,1.0,4.0
AC025524.1,lncRNA,0.0,0.0,0.0,0.0,1.0,0.0
AC025539.1,lncRNA,0.0,0.0,1.0,0.0,8.0,8.0
AC025566.1,lncRNA,0.0,0.0,0.0,0.0,5.0,1.0
AC025569.1,lncRNA,2.0,1.0,0.5,3.5,4.0,9.5
AC025572.1,lncRNA,0.0,0.0,0.0,0.0,0.0,0.5
AC025575.1,lncRNA,0.0,0.0,0.0,0.0,0.0,1.0
AC025576.1,lncRNA,0.0,0.5,0.0,0.0,1.5,0.0
AC025576.2,lncRNA,0.0,0.0,0.5,0.0,0.5,0.0
AC025576.3,lncRNA,0.0,1.0,0.0,0.0,2.0,0.0
AC025580.1,lncRNA,0.0,2.0,0.0,0.0,1.5,2.0
AC025580.2,lncRNA,2.0,4.0,0.0,2.0,2.0,2.0
AC025580.3,lncRNA,1.5,4.0,0.0,2.0,6.0,4.0
AC025614.2,lncRNA,0.0,3.0,0.0,1.0,1.0,3.0
AC025627.1,lncRNA,0.0,0.5,0.0,0.0,4.5,4.5
AC025674.2,lncRNA,0.0,0.0,0.0,0.0,1.0,1.0
AC025682.1,lncRNA,0.0,0.5,2.0,1.0,1.5,2.0
AC025752.1,lncRNA,1.0,1.0,1.0,0.0,1.0,0.0
AC025754.1,lncRNA,2.0,0.0,3.0,2.5,11.5,5.0
AC025754.2,lncRNA,0.0,0.0,0.0,0.0,0.0,4.0
AC025756.1,lncRNA,0.0,0.0,0.0,0.0,4.0,4.0
AC025773.1,lncRNA,0.0,0.0,0.0,0.0,1.0,1.0
AC025774.1,lncRNA,1.0,9.0,0.0,1.0,2.0,4.0
AC025809.1,lncRNA,2.0,0.0,0.0,1.0,0.0,0.0
AC025810.1,lncRNA,0.0,0.0,0.0,2.0,2.0,1.0
AC025811.1,lncRNA,0.0,0.0,0.0,0.0,0.0,1.0
AC025822.1,lncRNA,1.0,1.0,1.0,1.0,10.0,7.0
AC025822.2,lncRNA,1.0,4.0,0.0,8.0,4.0,5.0
AC025839.1,lncRNA,2.0,8.0,6.0,4.0,27.0,13.0
AC025871.1,lncRNA,0.0,0.0,0.0,2.0,0.0,0.0
AC025871.2,lncRNA,0.0,0.0,0.0,1.0,1.0,0.0
AC025871.3,lncRNA,0.0,1.0,1.0,1.0,0.0,0.0
AC025887.2,lncRNA,0.0,1.0,1.0,6.0,2.0,10.0
AC025918.1,lncRNA,0.0,0.0,0.0,0.0,0.0,1.0
AC025946.1,lncRNA,0.0,0.0,0.0,2.0,1.0,0.0
AC025947.1,lncRNA,0.0,1.0,0.0,0.0,0.0,0.0
AC026100.1,lncRNA,0.0,1.0,0.0,0.0,1.0,1.0
AC026108.1,lncRNA,1.0,0.0,0.0,1.0,2.0,1.0
AC026116.1,lncRNA,2.0,0.0,0.0,0.0,1.0,2.0
AC026120.3,lncRNA,0.0,2.0,1.0,0.0,4.0,1.0
AC026124.1,lncRNA,4.0,2.0,0.0,1.0,0.0,5.0
AC026124.2,lncRNA,0.0,2.0,0.0,2.0,1.0,0.0
AC026150.1,lncRNA,2.0,0.0,0.0,1.0,3.0,4.0
AC026150.3,lncRNA,1.0,0.0,0.0,0.0,0.0,0.0
AC026191.1,lncRNA,0.0,0.0,0.0,1.83,2.0,2.33
AC026202.2,lncRNA,0.0,0.0,0.0,0.0,0.5,0.0
AC026202.3,lncRNA,2.5,0.0,1.5,0.5,4.5,6.5
AC026254.2,lncRNA,0.0,1.0,0.5,0.0,4.5,2.5
AC026271.4,lncRNA,1.5,0.0,0.0,4.0,3.0,5.0
AC026304.1,lncRNA,1.33,0.0,0.67,0.33,1.33,0.33
AC026310.1,lncRNA,0.0,2.0,0.0,6.0,1.0,3.0
AC026316.2,lncRNA,1.0,0.0,2.0,0.0,0.0,0.0
AC026316.3,lncRNA,0.0,1.0,2.0,2.0,10.0,3.0
AC026316.5,lncRNA,1.0,0.0,1.0,0.0,2.0,2.0
AC026320.1,lncRNA,0.0,0.0,0.0,0.0,2.0,0.0
AC026320.3,lncRNA,0.0,0.0,0.0,1.0,0.0,1.0
AC026329.1,lncRNA,3.0,3.0,2.0,4.0,6.0,6.0
AC026333.3,lncRNA,0.0,1.5,0.5,1.5,0.5,2.0
AC026333.4,lncRNA,0.0,0.0,0.0,0.0,1.0,1.0
AC026336.2,lncRNA,0.0,0.0,0.0,0.0,1.0,0.0
AC026336.3,lncRNA,0.0,3.0,1.0,3.0,5.0,8.0
AC026341.1,lncRNA,0.0,3.0,2.0,2.0,4.0,3.0
AC026341.2,lncRNA,0.0,1.0,2.0,1.0,3.0,2.0
AC026341.3,lncRNA,1.0,1.0,1.0,0.0,1.0,4.0
AC026353.1,lncRNA,0.0,0.0,0.0,1.0,3.0,1.0
AC026355.2,lncRNA,0.0,0.0,0.0,0.0,1.0,1.0
AC026355.3,lncRNA,0.0,0.0,0.0,0.0,2.0,1.0
AC026356.1,lncRNA,0.0,0.0,0.0,0.0,0.0,3.0
AC026356.2,lncRNA,4.0,8.0,2.0,9.0,1.0,2.0
AC026358.1,lncRNA,1.0,2.0,0.0,1.0,9.0,6.0
AC026362.1,lncRNA,5.67,1.0,4.33,2.17,21.33,17.83
AC026367.1,lncRNA,0.0,0.0,1.0,0.0,0.0,0.0
AC026368.1,lncRNA,0.0,2.0,2.0,0.0,1.0,1.0
AC026369.1,lncRNA,3.0,4.0,8.0,9.0,25.0,21.5
AC026369.2,lncRNA,1.5,2.0,1.0,0.0,6.0,7.5
AC026369.3,lncRNA,0.0,0.0,0.0,0.0,2.0,4.0
AC026391.1,lncRNA,0.0,2.0,2.0,3.0,5.0,5.0
AC026401.1,lncRNA,0.0,0.0,0.0,1.0,0.0,2.0
AC026401.2,lncRNA,0.0,6.0,2.0,6.0,2.0,2.0
AC026401.3,lncRNA,0.0,2.0,0.0,0.0,1.0,1.0
AC026402.2,lncRNA,0.0,0.0,0.0,0.0,1.0,2.0
AC026408.1,lncRNA,1.0,1.0,0.0,0.0,0.0,4.0
AC026412.3,lncRNA,3.0,0.0,0.0,3.0,11.0,5.0
AC026412.4,lncRNA,1.0,0.0,1.0,2.0,10.0,11.0
AC026415.1,lncRNA,0.0,0.0,2.0,0.0,0.0,3.0
AC026427.1,lncRNA,0.0,0.0,0.0,0.5,2.0,2.0
AC026433.1,lncRNA,0.0,0.0,0.0,0.0,1.0,0.0
AC026458.2,lncRNA,0.0,0.0,0.0,0.0,1.0,0.0
AC026461.1,lncRNA,0.0,0.0,0.0,0.0,0.5,2.0
AC026461.2,lncRNA,0.0,0.0,0.0,0.5,0.0,0.0
AC026462.3,lncRNA,2.0,5.0,2.0,2.0,8.0,6.0
AC026462.4,lncRNA,2.0,0.0,1.0,3.0,6.0,2.0
AC026462.5,lncRNA,0.0,1.0,0.0,0.0,10.0,4.0
AC026464.2,lncRNA,0.0,0.5,0.5,0.5,0.5,1.0
AC026469.1,lncRNA,0.0,1.0,2.0,0.0,5.0,9.0
AC026470.2,lncRNA,0.0,0.0,0.0,0.0,2.0,0.0
AC026471.1,lncRNA,3.0,1.5,3.0,2.5,13.5,11.0
AC026471.2,lncRNA,1.0,2.0,0.0,4.0,1.0,2.0
AC026471.3,lncRNA,0.0,0.0,2.0,0.5,7.0,1.0
AC026471.4,lncRNA,0.0,1.0,0.0,0.0,0.0,2.0
AC026471.5,lncRNA,0.0,0.0,0.0,0.5,0.5,0.5
AC026474.1,lncRNA,0.0,1.0,0.0,0.0,0.0,0.0
AC026495.1,lncRNA,2.0,6.0,4.0,0.0,2.0,8.0
AC026495.2,lncRNA,0.0,0.0,0.0,1.0,4.0,2.0
AC026523.1,lncRNA,1.0,0.0,0.0,0.0,0.0,0.0
AC026523.4,lncRNA,0.0,0.0,0.0,1.0,0.0,0.0
AC026583.1,lncRNA,0.0,0.0,0.0,0.0,1.0,1.0
AC026620.2,lncRNA,2.0,2.0,0.0,0.0,0.0,3.0
AC026624.1,lncRNA,0.0,3.0,0.0,1.0,2.0,2.0
AC026688.2,lncRNA,1.0,0.0,0.0,0.0,8.0,2.0
AC026691.1,lncRNA,1.0,1.0,5.5,2.0,26.0,24.5
AC026704.1,lncRNA,0.0,0.0,1.0,0.0,2.0,0.0
AC026719.1,lncRNA,0.0,0.0,0.0,0.0,1.0,0.0
AC026725.1,lncRNA,0.0,0.0,2.0,0.0,2.0,0.0
AC026726.1,lncRNA,0.0,1.0,3.0,0.0,6.0,5.0
AC026726.2,lncRNA,0.0,0.0,0.0,2.0,0.0,3.0
AC026736.1,lncRNA,0.0,0.0,0.0,0.0,0.0,1.0
AC026740.1,lncRNA,4.0,1.0,0.0,2.0,14.0,11.0
AC026741.1,lncRNA,0.0,0.0,0.0,0.0,3.0,2.0
AC026746.1,lncRNA,2.0,7.0,2.0,7.0,8.0,5.0
AC026748.3,lncRNA,5.0,0.0,2.0,3.0,12.0,8.0
AC026765.2,lncRNA,1.0,2.0,0.0,4.0,1.0,1.0
AC026765.3,lncRNA,0.5,0.0,2.5,2.5,15.0,6.0
AC026765.4,lncRNA,0.0,0.0,0.0,1.0,5.0,7.0
AC026770.1,lncRNA,0.0,0.0,0.0,0.0,0.0,1.0
AC026771.1,lncRNA,0.0,0.0,0.0,0.0,0.5,1.0
AC026774.1,lncRNA,0.0,0.0,2.0,0.0,5.0,2.0
AC026780.1,lncRNA,0.0,1.0,0.0,0.0,6.0,2.0
AC026780.2,lncRNA,0.0,1.0,0.0,1.0,3.0,1.0
AC026782.1,lncRNA,0.0,0.0,0.0,0.0,2.0,1.0
AC026782.2,lncRNA,0.0,1.0,0.0,0.0,0.0,0.0
AC026785.2,lncRNA,1.0,0.0,0.5,4.0,0.5,0.5
AC026785.3,lncRNA,0.0,1.0,0.0,1.0,3.0,2.0
AC026786.2,lncRNA,0.0,0.0,0.0,0.0,0.0,0.5
AC026803.2,lncRNA,2.0,2.0,1.0,1.0,3.0,2.0
AC026803.3,lncRNA,0.0,0.5,0.0,0.0,1.0,0.0
AC026888.1,lncRNA,0.0,0.0,0.0,0.0,1.0,2.0
AC026894.1,lncRNA,0.0,0.5,0.0,2.0,4.0,3.0
AC026904.1,lncRNA,0.0,0.0,0.0,0.0,1.0,0.0
AC026904.2,lncRNA,0.0,0.0,0.0,2.0,8.0,7.0
AC026950.2,lncRNA,1.0,0.0,0.0,0.0,3.0,0.0
AC026954.3,lncRNA,0.5,0.5,1.0,0.5,0.5,0.0
AC026956.2,lncRNA,73.0,18.0,3.0,3.0,26.0,12.0
AC026979.1,lncRNA,0.0,1.0,0.0,0.5,0.5,1.0
AC026979.2,lncRNA,1.0,0.0,1.0,5.0,2.0,1.0
AC026979.4,lncRNA,0.0,0.0,0.0,7.0,1.0,1.0
AC026991.2,lncRNA,0.0,0.0,0.0,0.0,1.0,0.0
AC026992.1,lncRNA,2.0,2.5,2.0,2.0,2.5,6.5
AC026992.2,lncRNA,4.0,5.5,3.0,2.0,13.5,21.5
AC027013.1,lncRNA,0.0,0.0,0.0,0.0,9.0,2.0
AC027018.1,lncRNA,0.0,0.0,1.0,0.0,3.0,3.0
AC027020.1,lncRNA,0.0,0.0,0.0,0.0,1.5,1.5
AC027020.2,lncRNA,0.0,1.0,1.0,0.0,3.0,4.0
AC027045.1,lncRNA,0.0,0.0,0.0,0.0,0.33,1.5
AC027045.2,lncRNA,0.0,1.0,0.0,0.0,3.0,4.0
AC027045.3,lncRNA,0.0,4.0,19.5,2.0,2.33,4.5
AC027088.1,lncRNA,0.0,0.5,0.33,0.33,1.83,2.17
AC027088.2,lncRNA,0.0,0.0,0.5,0.0,1.0,0.0
AC027088.3,lncRNA,0.0,0.0,1.0,0.0,0.0,1.0
AC027088.5,lncRNA,0.0,0.0,0.0,0.0,15.0,7.0
AC027097.1,lncRNA,0.5,6.5,1.0,0.5,1.0,4.0
AC027097.2,lncRNA,2.5,2.0,0.0,4.5,7.0,2.5
AC027117.1,lncRNA,0.0,6.0,2.0,1.0,4.0,2.0
AC027117.2,lncRNA,0.0,0.0,2.0,3.0,4.0,10.0
AC027128.1,lncRNA,1.0,2.0,0.0,0.0,4.0,3.0
AC027129.1,lncRNA,0.0,1.0,1.0,1.0,2.0,0.0
AC027130.1,lncRNA,0.0,0.0,0.0,0.0,1.0,0.0
AC027228.1,lncRNA,1.0,0.0,0.0,0.0,0.0,1.0
AC027228.2,lncRNA,0.0,0.0,1.0,0.0,3.0,2.0
AC027237.2,lncRNA,1.0,1.0,0.0,5.0,1.0,2.0
AC027237.3,lncRNA,10.5,1.5,24.0,26.0,52.0,36.5
AC027237.4,lncRNA,0.0,0.0,0.0,0.0,3.0,2.0
AC027243.1,lncRNA,0.0,1.0,0.0,0.5,8.0,5.0
AC027243.2,lncRNA,0.0,0.0,1.0,0.0,1.0,0.0
AC027243.3,lncRNA,0.0,0.0,0.0,0.0,1.0,0.0
AC027250.2,lncRNA,1.0,0.0,0.0,0.0,5.0,5.0
AC027251.1,lncRNA,2.0,0.0,1.0,3.0,6.0,6.0
AC027277.1,lncRNA,0.0,0.0,0.0,0.0,0.5,0.5
AC027277.2,lncRNA,0.0,0.0,0.0,0.0,1.0,0.0
AC027279.1,lncRNA,3.0,2.0,0.0,1.0,22.0,21.0
AC027279.2,lncRNA,0.0,0.0,1.0,0.0,2.0,3.0
AC027287.2,lncRNA,1.0,0.0,0.0,0.0,1.0,0.0
AC027288.1,lncRNA,0.0,1.0,1.0,0.0,2.0,4.0
AC027288.3,lncRNA,0.0,2.0,1.0,0.0,0.0,2.0
AC027290.1,lncRNA,2.5,0.5,0.0,0.5,1.0,2.0
AC027307.1,lncRNA,0.0,3.0,4.0,1.0,10.5,6.0
AC027307.2,lncRNA,0.5,0.5,0.0,1.0,1.0,0.5
AC027307.3,lncRNA,0.0,1.0,0.0,0.0,4.0,0.0
AC027309.1,lncRNA,0.0,0.0,0.0,0.0,0.0,2.0
AC027315.1,lncRNA,0.0,0.0,0.0,0.0,0.0,2.0
AC027319.1,lncRNA,0.0,1.5,0.0,0.5,0.0,0.0
AC027329.1,lncRNA,0.0,0.0,0.0,2.0,5.0,3.0
AC027338.1,lncRNA,0.0,0.0,0.0,0.0,3.0,1.0
AC027338.2,lncRNA,0.0,1.0,0.0,0.0,0.0,1.0
AC027343.1,lncRNA,0.0,0.0,0.0,0.0,0.0,1.0
AC027343.2,lncRNA,0.0,0.0,0.0,0.0,2.0,4.0
AC027343.3,lncRNA,0.0,0.0,0.0,0.0,0.0,1.0
AC027348.1,lncRNA,0.0,0.0,0.0,0.0,1.0,4.0
AC027373.1,lncRNA,0.0,0.0,1.0,1.0,1.0,1.0
AC027419.2,lncRNA,1.0,1.0,0.0,0.0,0.0,0.0
AC027449.1,lncRNA,0.0,0.0,0.0,0.0,0.0,12.0
AC027451.1,lncRNA,0.5,0.0,0.0,2.0,0.5,1.5
AC027458.1,lncRNA,0.0,1.0,0.0,0.0,0.0,0.0
AC027514.1,lncRNA,0.0,2.0,0.0,0.0,0.0,0.0
AC027514.2,lncRNA,0.0,0.0,1.0,0.0,0.0,0.0
AC027541.1,lncRNA,0.0,0.0,0.0,0.0,4.0,3.0
AC027544.2,lncRNA,0.0,0.0,0.0,1.0,0.0,0.0
AC027575.2,lncRNA,0.0,1.0,1.0,0.0,0.0,0.0
AC027584.1,lncRNA,0.0,2.0,1.0,0.0,3.0,3.0
AC027601.1,lncRNA,4.5,3.0,5.5,5.5,30.5,28.0
AC027601.2,lncRNA,0.0,0.0,1.0,2.0,2.0,2.0
AC027601.3,lncRNA,0.0,0.0,0.0,0.0,0.5,1.0
AC027601.5,lncRNA,14.0,10.0,12.0,17.0,75.0,49.0
AC027607.1,lncRNA,0.0,2.0,0.0,0.0,0.0,1.0
AC027627.1,lncRNA,0.0,0.0,1.0,0.0,1.0,0.0
AC027644.3,lncRNA,0.0,0.0,0.0,0.0,0.5,0.5
AC027682.1,lncRNA,0.0,0.0,0.0,2.0,8.0,4.0
AC027682.2,lncRNA,0.0,0.0,0.5,0.0,0.0,0.33
AC027682.3,lncRNA,0.0,0.0,0.0,0.0,0.0,0.33
AC027682.4,lncRNA,2.0,1.0,3.0,1.0,7.0,9.0
AC027682.5,lncRNA,0.0,0.0,0.0,4.0,2.5,6.0
AC027682.6,lncRNA,0.5,0.5,0.0,0.0,4.5,4.5
AC027688.2,lncRNA,0.0,0.0,0.0,0.0,0.0,1.0
AC027698.1,lncRNA,0.0,0.0,0.0,0.0,0.0,1.0
AC027702.1,lncRNA,4.0,3.0,3.0,3.0,13.0,18.0
AC027763.2,lncRNA,0.0,0.0,0.0,0.0,0.0,1.0
AC027779.1,lncRNA,1.0,9.0,0.0,0.0,1.0,2.0
AC027796.1,lncRNA,3.0,2.0,0.0,1.0,3.0,9.0
AC027796.4,lncRNA,1.0,1.0,0.0,2.0,4.0,0.0
AC027801.1,lncRNA,0.0,0.0,0.0,1.0,4.0,0.0
AC027801.2,lncRNA,0.0,1.0,8.0,1.0,7.0,16.0
AC027801.4,lncRNA,0.0,0.0,0.0,0.0,1.0,1.0
AC027807.2,lncRNA,0.0,0.0,0.0,0.0,1.0,0.0
AC027808.1,lncRNA,0.0,0.0,0.0,0.0,0.5,1.5
AC027808.2,lncRNA,0.0,0.0,1.0,0.0,0.5,1.0
AC027811.1,lncRNA,0.0,0.0,0.0,3.0,3.0,2.0
AC032011.1,lncRNA,1.0,0.0,0.0,0.0,0.0,3.0
AC032019.2,lncRNA,0.0,0.0,0.0,0.0,0.0,1.0
AC032044.1,lncRNA,0.0,0.0,0.0,0.0,0.0,1.0
AC034102.3,lncRNA,0.0,0.0,0.0,0.0,1.0,2.0
AC034102.4,lncRNA,0.5,0.5,0.5,0.0,1.5,0.5
AC034102.5,lncRNA,0.0,0.0,0.0,0.5,1.5,1.0
AC034102.6,lncRNA,0.5,0.5,5.0,1.0,3.0,5.5
AC034102.7,lncRNA,0.0,1.0,0.0,0.0,0.0,0.5
AC034102.8,lncRNA,0.0,0.0,0.0,0.0,2.0,0.0
AC034110.1,lncRNA,0.0,0.5,4.0,0.0,8.0,12.0
AC034111.1,lncRNA,5.0,5.0,0.0,9.0,39.0,20.0
AC034111.2,lncRNA,1.0,3.0,1.0,2.0,6.0,5.0
AC034114.2,lncRNA,5.0,8.0,4.0,10.0,44.0,40.0
AC034139.1,lncRNA,3.0,2.0,1.0,1.0,1.0,5.0
AC034148.1,lncRNA,0.0,0.0,0.0,0.0,4.0,3.0
AC034159.2,lncRNA,0.0,4.0,0.0,1.0,0.0,0.0
AC034187.1,lncRNA,0.5,3.0,0.0,2.0,0.5,0.0
AC034193.1,lncRNA,0.0,0.0,0.0,0.5,0.0,0.5
AC034195.1,lncRNA,13.0,3.0,1.0,3.0,21.0,12.0
AC034199.1,lncRNA,0.0,0.0,0.0,0.0,0.0,1.0
AC034199.2,lncRNA,0.0,0.0,1.0,0.0,4.0,2.0
AC034206.1,lncRNA,0.0,0.0,0.0,0.0,1.5,0.33
AC034213.1,lncRNA,0.0,0.0,0.0,0.0,1.0,1.0
AC034222.2,lncRNA,1.0,0.0,0.0,1.0,0.0,3.0
AC034223.1,lncRNA,0.0,0.0,0.0,1.0,0.0,0.0
AC034226.1,lncRNA,0.0,0.0,0.0,0.0,1.0,0.0
AC034228.1,lncRNA,1.0,0.0,0.67,0.0,4.0,10.0
AC034228.2,lncRNA,0.67,0.0,1.0,0.0,15.67,1.67
AC034229.1,lncRNA,1.0,0.0,0.0,1.0,1.0,4.0
AC034229.2,lncRNA,0.0,0.0,0.0,0.5,0.5,0.5
AC034229.3,lncRNA,0.0,0.0,0.0,0.5,0.5,0.5
AC034229.4,lncRNA,0.0,0.0,0.0,0.0,1.0,0.0
AC034231.1,lncRNA,0.0,1.0,0.0,0.0,4.0,3.0
AC034232.1,lncRNA,0.0,2.0,0.0,0.0,1.0,0.0
AC034236.2,lncRNA,2.0,0.0,3.0,2.0,47.0,42.5
AC034236.3,lncRNA,0.0,0.0,1.0,0.0,8.0,2.0
AC034238.1,lncRNA,0.0,4.0,2.0,1.0,44.5,31.5
AC034238.2,lncRNA,0.0,1.0,0.0,0.0,0.0,0.0
AC034243.1,lncRNA,0.0,0.0,0.0,0.0,3.0,1.0
AC034245.1,lncRNA,0.0,0.0,0.0,0.0,1.0,0.0
AC034268.2,lncRNA,1.0,4.0,1.0,7.0,2.0,6.0
AC035139.2,lncRNA,3.0,1.0,0.0,1.0,1.0,0.0
AC035140.1,lncRNA,0.0,0.0,0.0,0.0,0.5,0.5
AC036101.1,lncRNA,0.0,0.0,0.0,0.0,0.0,1.0
AC036103.1,lncRNA,0.5,0.5,2.5,0.5,0.5,1.0
AC036108.1,lncRNA,1.0,3.0,2.5,1.0,10.0,12.0
AC036108.2,lncRNA,1.5,1.0,1.0,0.5,6.5,6.5
AC036108.3,lncRNA,0.0,0.0,0.0,0.5,1.0,3.5
AC036176.1,lncRNA,2.0,2.0,1.0,0.0,4.0,0.0
AC036176.3,lncRNA,0.0,0.0,0.0,3.0,3.0,3.0
AC036214.1,lncRNA,3.0,3.0,2.0,0.0,11.0,12.0
AC036214.2,lncRNA,1.0,0.0,0.0,1.0,0.0,2.0
AC036214.4,lncRNA,14.0,7.0,2.0,3.0,15.0,9.0
AC036222.1,lncRNA,0.0,0.0,0.0,0.0,2.0,1.0
AC037193.1,lncRNA,1.0,0.0,0.0,1.0,9.0,4.0
AC037198.1,lncRNA,0.0,0.0,0.0,0.0,0.0,1.0
AC037198.2,lncRNA,0.5,0.0,0.0,0.0,0.5,0.0
AC037433.1,lncRNA,0.0,0.0,0.0,0.0,2.0,1.0
AC037441.1,lncRNA,2.0,4.0,3.0,1.0,2.0,5.0
AC037441.2,lncRNA,0.0,0.0,0.0,0.0,3.0,0.0
AC037450.1,lncRNA,1.0,0.0,1.0,0.0,0.0,0.0
AC037459.2,lncRNA,1.5,0.5,1.0,0.0,4.0,6.5
AC037459.3,lncRNA,22.5,1.5,4.0,1.0,33.5,6.0
AC037459.4,lncRNA,1.0,0.0,1.0,0.0,4.0,0.0
AC037486.1,lncRNA,0.0,0.0,1.0,0.0,4.0,2.0
AC037487.2,lncRNA,2.0,1.0,0.0,0.0,0.0,0.0
AC037487.4,lncRNA,0.0,0.5,0.0,0.0,1.0,0.0
AC039056.1,lncRNA,0.0,1.0,0.0,1.0,0.0,0.0
AC040160.1,lncRNA,0.0,0.0,0.0,0.0,3.0,0.0
AC040162.3,lncRNA,1.0,2.5,1.5,0.5,11.5,5.5
AC040168.1,lncRNA,3.0,5.0,2.0,11.0,16.0,20.0
AC040169.1,lncRNA,3.0,2.0,23.0,9.0,26.0,17.0
AC040169.3,lncRNA,0.0,0.0,0.0,0.0,12.0,8.0
AC040169.4,lncRNA,16.0,4.0,5.0,0.5,13.5,7.5
AC040173.1,lncRNA,0.0,0.0,1.0,2.0,3.0,4.0
AC040174.1,lncRNA,1.0,1.0,0.0,0.0,3.0,4.0
AC040896.1,lncRNA,0.0,1.0,0.0,1.0,0.0,0.0
AC040914.1,lncRNA,0.0,0.0,0.0,0.0,0.0,5.0
AC040934.1,lncRNA,0.0,8.0,2.0,0.0,9.0,11.0
AC040936.1,lncRNA,0.0,0.0,0.0,0.0,0.0,1.0
AC040963.1,lncRNA,1.0,4.0,1.0,0.0,4.0,3.0
AC040970.1,lncRNA,0.0,0.0,2.0,2.0,2.0,8.0
AC040977.1,lncRNA,1.0,0.0,0.0,1.0,1.0,0.0
AC040977.2,lncRNA,0.0,0.0,0.75,0.0,1.0,0.33
AC041005.1,lncRNA,2.0,1.0,0.0,3.0,8.0,4.0
AC044781.1,lncRNA,0.0,0.0,0.0,3.0,0.0,0.0
AC044784.1,lncRNA,1.0,0.0,0.0,0.0,0.0,1.0
AC044798.1,lncRNA,0.0,0.0,0.0,3.0,0.0,0.0
AC044798.2,lncRNA,0.0,0.0,1.0,0.0,0.0,1.0
AC044798.3,lncRNA,0.0,2.0,0.0,2.0,13.0,10.0
AC044802.1,lncRNA,0.0,4.0,2.0,3.0,3.0,8.0
AC044802.2,lncRNA,0.0,0.0,0.0,1.0,0.0,1.0
AC044810.2,lncRNA,0.0,2.5,0.0,0.0,2.0,0.0
AC044810.3,lncRNA,0.0,0.5,0.0,0.0,0.0,0.5
AC044839.1,lncRNA,5.0,6.0,1.0,4.0,14.0,14.0
AC044839.2,lncRNA,0.0,0.0,0.0,0.0,1.0,0.0
AC044839.3,lncRNA,0.0,0.0,0.0,0.0,0.0,1.0
AC044840.1,lncRNA,0.0,0.0,0.0,0.0,5.0,1.0
AC044849.1,lncRNA,0.5,2.0,2.5,2.5,10.0,7.0
AC044873.1,lncRNA,0.0,0.0,0.0,1.0,2.0,3.0
AC044893.1,lncRNA,2.0,2.0,0.0,1.0,1.0,3.0
AC044893.2,lncRNA,2.0,0.0,0.0,0.0,1.0,0.0
AC046129.1,lncRNA,0.0,1.0,0.0,0.0,0.0,0.0
AC046130.1,lncRNA,1.0,7.0,1.0,1.0,10.0,12.5
AC046130.2,lncRNA,0.0,3.0,0.0,0.0,17.0,17.0
AC046134.2,lncRNA,4.0,4.0,2.5,7.0,18.0,21.33
AC046143.1,lncRNA,0.0,1.0,0.5,0.5,4.0,5.0
AC046158.1,lncRNA,0.0,0.0,0.0,0.0,0.0,1.0
AC046158.2,lncRNA,0.0,1.0,0.0,0.0,0.0,0.0
AC046168.1,lncRNA,3.0,1.0,0.0,2.0,15.0,5.0
AC046168.2,lncRNA,0.0,0.0,0.0,0.0,6.0,5.0
AC046195.1,lncRNA,0.0,4.0,0.0,3.0,5.0,7.0
AC046195.2,lncRNA,0.0,1.0,0.0,0.0,8.0,3.0
AC048337.1,lncRNA,0.0,0.5,0.0,2.0,0.5,3.0
AC048341.1,lncRNA,6.0,4.0,1.0,4.0,13.0,38.5
AC048341.2,lncRNA,0.0,0.0,1.0,0.0,0.0,0.0
AC048344.1,lncRNA,0.0,0.0,0.0,3.0,0.0,0.0
AC048352.1,lncRNA,2.0,1.0,2.0,0.0,3.0,6.0
AC048380.1,lncRNA,0.0,0.0,0.0,0.0,0.0,2.0
AC048382.1,lncRNA,0.0,1.0,1.0,2.0,0.0,4.0
AC048382.4,lncRNA,0.0,0.0,0.0,3.0,0.5,0.0
AC048382.5,lncRNA,2.0,3.5,2.0,1.83,17.17,14.0
AC048382.6,lncRNA,0.0,0.0,0.0,0.0,3.0,1.0
AC048383.1,lncRNA,1.0,0.0,0.0,0.0,0.0,0.0
AC048387.1,lncRNA,0.0,0.0,1.0,0.0,1.0,1.0
AC051618.1,lncRNA,0.0,0.0,0.0,0.0,0.0,1.0
AC051619.10,lncRNA,1.0,0.0,0.0,0.0,1.0,4.0
AC051619.4,lncRNA,1.0,0.0,2.0,4.0,9.0,4.5
AC051619.5,lncRNA,0.0,0.5,0.0,1.5,0.5,2.0
AC051619.6,lncRNA,2.0,2.0,11.0,7.0,12.0,7.5
AC051619.7,lncRNA,4.0,3.0,8.0,0.0,13.0,11.0
AC051635.1,lncRNA,1.0,0.0,0.0,2.0,7.0,1.0
AC051649.1,lncRNA,0.0,1.0,0.0,0.5,4.0,1.0
AC053503.1,lncRNA,1.0,0.0,2.0,1.0,10.0,8.0
AC053503.3,lncRNA,0.0,0.0,0.0,0.0,0.5,0.0
AC053503.4,lncRNA,0.33,0.33,0.33,0.0,6.67,2.5
AC053513.1,lncRNA,1.0,0.0,0.0,5.0,3.0,2.0
AC053513.2,lncRNA,2.0,0.0,0.0,1.0,2.0,0.0
AC053527.2,lncRNA,1.0,1.0,0.0,0.0,3.0,2.0
AC053545.1,lncRNA,2.0,2.0,3.0,1.0,12.0,6.0
AC055714.1,lncRNA,0.0,3.0,1.0,1.0,10.0,11.0
AC055716.3,lncRNA,0.5,0.0,0.0,0.0,1.5,0.5
AC055717.1,lncRNA,0.0,5.0,3.0,3.0,20.0,15.0
AC055717.2,lncRNA,1.0,0.0,0.5,0.0,1.0,0.0
AC055720.1,lncRNA,0.0,0.0,1.0,3.0,3.0,1.0
AC055720.2,lncRNA,0.0,0.0,0.0,0.0,0.33,0.0
AC055720.3,lncRNA,0.0,0.0,0.0,1.0,0.0,0.0
AC055733.2,lncRNA,0.0,0.0,0.0,0.0,1.0,0.0
AC055736.1,lncRNA,0.0,1.0,0.0,0.0,3.0,2.0
AC055758.1,lncRNA,0.0,0.0,1.0,0.0,2.0,0.0
AC055758.2,lncRNA,0.0,1.0,0.0,1.0,1.0,1.0
AC055764.1,lncRNA,0.0,0.0,0.0,1.0,2.0,3.5
AC055788.1,lncRNA,0.0,1.0,1.0,0.0,1.0,4.0
AC055788.2,lncRNA,1.0,1.0,1.0,1.0,5.0,2.0
AC055807.1,lncRNA,0.0,0.0,0.0,0.0,1.0,0.0
AC055811.1,lncRNA,0.0,0.0,2.0,0.0,2.0,6.0
AC055811.3,lncRNA,0.0,1.0,0.0,0.0,0.0,2.0
AC055840.1,lncRNA,0.0,0.0,0.0,1.0,0.0,1.0
AC055854.1,lncRNA,16.5,23.5,10.0,8.0,56.5,76.0
AC055855.1,lncRNA,0.0,1.0,1.0,0.0,0.0,0.5
AC055855.2,lncRNA,0.0,0.0,0.0,0.0,2.0,0.0
AC055872.2,lncRNA,1.0,0.0,0.0,0.0,1.0,3.0
AC055878.1,lncRNA,0.0,0.0,0.0,0.0,0.0,2.0
AC058791.1,lncRNA,0.0,2.0,0.0,1.0,10.0,13.0
AC060234.1,lncRNA,0.0,0.0,0.0,0.0,0.0,1.0
AC060234.2,lncRNA,0.5,3.0,2.0,1.0,3.0,3.0
AC060234.3,lncRNA,2.0,0.0,1.0,4.0,3.0,2.0
AC060765.1,lncRNA,1.0,1.0,1.0,0.0,8.0,3.0
AC060765.2,lncRNA,0.0,0.0,0.0,4.0,5.0,1.0
AC060766.3,lncRNA,0.0,1.0,1.0,0.0,0.0,0.0
AC060766.5,lncRNA,0.0,0.0,0.0,1.0,0.0,0.0
AC060766.6,lncRNA,0.0,0.5,0.0,0.0,7.0,7.5
AC060780.1,lncRNA,1.0,2.0,3.0,4.0,15.0,8.0
AC060809.1,lncRNA,0.0,0.0,0.0,0.0,1.0,1.0
AC060814.2,lncRNA,1.0,0.0,1.0,1.0,4.0,6.0
AC060814.3,lncRNA,0.0,0.0,0.0,0.0,0.0,1.0
AC060834.2,lncRNA,0.0,0.0,0.0,1.0,0.0,3.0
AC061708.1,lncRNA,0.0,0.0,0.0,0.0,1.0,0.0
AC061709.2,lncRNA,1.0,1.0,3.0,0.0,9.0,6.0
AC061958.1,lncRNA,2.0,1.0,0.0,1.0,3.0,5.0
AC061961.1,lncRNA,2.0,5.0,1.0,1.0,6.0,18.0
AC061975.1,lncRNA,1.0,2.0,1.0,0.0,11.5,8.0
AC061975.4,lncRNA,0.0,0.0,0.0,0.0,1.5,0.0
AC061975.6,lncRNA,0.0,1.0,1.0,0.5,4.0,0.5
AC061975.7,lncRNA,1.0,1.0,0.0,0.0,4.0,3.0
AC061975.8,lncRNA,0.0,0.0,0.0,0.0,4.0,1.0
AC061979.1,lncRNA,1.0,8.0,0.0,1.0,3.0,5.0
AC061992.2,lncRNA,2.0,2.0,1.0,5.0,16.0,21.0
AC062004.1,lncRNA,0.0,1.0,1.0,1.0,2.0,0.0
AC062015.1,lncRNA,0.0,0.0,0.0,2.0,2.0,2.0
AC062020.1,lncRNA,0.0,0.0,0.0,0.0,13.0,12.0
AC062021.1,lncRNA,0.0,0.0,0.0,0.0,1.0,0.0
AC062022.2,lncRNA,1.0,7.0,3.0,3.0,10.0,5.0
AC062028.1,lncRNA,2.0,0.0,1.0,2.0,18.0,16.0
AC062029.1,lncRNA,0.0,0.0,1.0,3.0,5.0,4.0
AC062037.3,lncRNA,2.0,0.0,0.5,2.0,5.0,6.5
AC063919.1,lncRNA,1.0,4.0,1.0,1.0,10.5,9.0
AC063919.2,lncRNA,0.0,0.0,0.0,3.0,0.0,1.0
AC063926.1,lncRNA,1.0,1.0,0.0,0.0,2.0,1.0
AC063938.1,lncRNA,0.0,2.0,0.0,3.0,0.0,9.0
AC063943.1,lncRNA,2.0,0.0,0.0,0.0,1.0,0.0
AC063944.1,lncRNA,0.0,3.0,1.0,3.0,2.0,6.5
AC063948.1,lncRNA,0.0,0.0,1.0,0.0,0.0,0.0
AC063949.2,lncRNA,0.0,1.0,0.5,0.5,1.0,1.0
AC063952.4,lncRNA,0.0,0.0,0.0,0.0,2.0,0.0
AC063960.1,lncRNA,0.0,0.0,3.0,0.0,3.0,0.0
AC063960.2,lncRNA,0.0,1.0,5.0,1.0,3.0,3.0
AC063962.1,lncRNA,1.0,0.0,0.0,0.0,1.0,1.0
AC063965.2,lncRNA,1.0,0.0,0.0,0.0,4.0,1.0
AC063976.1,lncRNA,1.0,0.0,1.0,0.0,1.0,2.0
AC063977.3,lncRNA,0.0,0.0,0.0,0.5,1.5,0.5
AC063977.5,lncRNA,4.5,2.0,3.0,2.0,16.0,13.0
AC063979.1,lncRNA,0.0,0.0,0.0,0.0,2.0,6.0
AC063980.1,lncRNA,0.0,2.0,0.0,4.0,0.0,0.0
AC064799.2,lncRNA,0.0,0.0,1.0,0.0,3.0,0.0
AC064801.1,lncRNA,0.0,0.0,0.0,0.0,1.0,0.0
AC064805.1,lncRNA,2.0,0.0,3.0,3.0,13.0,12.0
AC064805.2,lncRNA,0.0,3.0,0.5,2.0,12.5,10.0
AC064807.1,lncRNA,1.0,7.0,3.0,10.0,9.0,13.0
AC064807.2,lncRNA,0.0,0.0,0.0,0.0,2.0,0.0
AC064807.3,lncRNA,0.0,2.0,0.0,1.0,1.0,0.0
AC064807.4,lncRNA,0.0,0.0,0.0,0.0,2.0,0.0
AC064834.1,lncRNA,0.0,0.0,0.0,0.0,0.0,1.0
AC064836.2,lncRNA,1.0,1.0,1.0,0.0,4.0,5.0
AC064836.3,lncRNA,0.0,1.5,1.0,1.5,0.5,5.0
AC064843.1,lncRNA,1.0,13.0,1.0,57.0,4.0,24.0
AC064852.1,lncRNA,0.5,0.0,0.0,0.5,2.5,1.0
AC064853.1,lncRNA,0.0,0.0,0.5,0.0,0.5,0.5
AC064869.1,lncRNA,0.0,0.0,0.0,0.0,1.0,0.0
AC064871.2,lncRNA,0.0,0.0,0.0,0.0,0.0,0.5
AC064875.1,lncRNA,0.0,0.0,1.0,1.0,3.0,3.0
AC066580.1,lncRNA,1.0,2.0,0.0,0.0,5.0,2.0
AC066585.1,lncRNA,0.0,0.0,0.0,0.0,2.0,0.0
AC066595.1,lncRNA,0.0,0.0,0.0,0.0,1.0,0.0
AC066595.2,lncRNA,0.0,0.0,1.0,1.0,12.0,5.0
AC066612.1,lncRNA,0.5,1.0,0.0,1.0,1.17,2.33
AC066613.1,lncRNA,0.0,0.0,1.0,4.0,5.5,2.0
AC066613.2,lncRNA,0.0,0.0,0.0,0.0,1.0,0.5
AC067747.1,lncRNA,0.0,0.0,0.0,0.0,0.0,1.0
AC067750.1,lncRNA,1.0,4.0,5.0,5.0,65.0,59.0
AC067751.1,lncRNA,0.0,2.0,0.5,3.0,1.0,4.0
AC067752.1,lncRNA,1.5,1.5,0.0,0.0,6.5,3.5
AC067773.1,lncRNA,0.0,0.0,1.0,0.5,2.5,2.0
AC067817.2,lncRNA,0.0,0.0,1.0,1.0,5.0,5.0
AC067838.1,lncRNA,0.0,0.0,0.0,0.0,0.0,4.0
AC067852.1,lncRNA,1.0,0.5,0.0,0.5,3.5,0.0
AC067852.2,lncRNA,0.5,1.0,3.0,2.5,7.0,8.0
AC067852.3,lncRNA,2.0,2.0,0.0,7.5,4.5,5.0
AC067852.5,lncRNA,0.0,0.0,0.0,0.0,4.0,2.0
AC067863.1,lncRNA,0.0,4.0,1.0,0.0,4.0,4.0
AC067930.1,lncRNA,0.0,0.0,0.33,0.0,0.0,1.83
AC067930.2,lncRNA,1.0,0.0,1.0,1.0,1.0,1.0
AC067930.3,lncRNA,1.33,0.0,1.0,0.33,1.67,2.33
AC067930.4,lncRNA,0.5,2.0,3.5,2.5,44.0,68.0
AC067930.8,lncRNA,1.33,2.0,1.0,1.33,10.67,8.33
AC067942.4,lncRNA,4.0,4.0,1.0,1.0,15.0,11.0
AC067945.1,lncRNA,3.0,2.0,0.0,0.0,2.0,0.0
AC067945.2,lncRNA,0.0,0.0,0.0,1.0,0.0,0.0
AC067945.3,lncRNA,0.0,0.0,0.0,1.0,2.5,1.0
AC067956.1,lncRNA,0.0,1.0,1.0,3.0,5.0,6.0
AC067960.1,lncRNA,4.0,5.0,6.0,1.0,40.0,25.0
AC067968.2,lncRNA,0.0,1.0,1.0,1.0,1.0,0.0
AC067969.1,lncRNA,0.0,0.0,0.0,1.0,2.0,0.0
AC067969.2,lncRNA,1.5,0.0,2.0,0.0,6.0,3.0
AC068014.1,lncRNA,1.0,0.0,0.0,0.0,3.0,1.0
AC068020.1,lncRNA,1.0,1.0,0.0,0.0,0.0,0.0
AC068025.1,lncRNA,0.5,0.33,0.33,1.0,4.17,0.0
AC068025.2,lncRNA,0.0,6.0,0.0,2.0,0.0,1.0
AC068051.1,lncRNA,1.0,1.0,0.0,0.0,1.0,1.0
AC068057.1,lncRNA,1.0,1.0,0.0,0.0,6.0,1.0
AC068057.3,lncRNA,3.0,1.0,1.0,2.0,2.0,7.0
AC068058.1,lncRNA,1.0,1.0,0.0,0.0,0.0,3.0
AC068075.1,lncRNA,3.0,0.0,1.0,3.0,12.0,6.0
AC068075.2,lncRNA,0.0,0.0,1.0,0.0,1.0,0.0
AC068112.1,lncRNA,0.0,0.0,0.0,1.0,4.0,1.0
AC068134.1,lncRNA,0.0,0.0,0.0,0.0,2.0,5.5
AC068134.2,lncRNA,0.0,1.0,2.0,2.0,10.0,7.0
AC068189.1,lncRNA,0.0,0.0,1.0,0.0,3.0,8.0
AC068189.2,lncRNA,0.0,0.0,0.0,0.0,2.5,3.0
AC068193.1,lncRNA,0.0,1.0,0.0,0.0,1.5,0.0
AC068196.1,lncRNA,1.0,1.5,0.0,0.0,3.0,6.0
AC068205.1,lncRNA,0.0,6.0,3.0,0.0,1.5,1.5
AC068205.2,lncRNA,2.0,11.0,3.5,3.0,13.5,23.5
AC068228.1,lncRNA,0.0,1.5,0.0,0.0,2.0,2.0
AC068228.3,lncRNA,0.0,5.0,1.0,5.0,6.0,15.0
AC068234.2,lncRNA,0.0,0.0,0.0,0.0,0.0,1.0
AC068254.1,lncRNA,0.0,0.0,0.0,0.0,0.0,1.0
AC068279.2,lncRNA,1.0,0.0,2.0,1.0,1.0,2.0
AC068282.1,lncRNA,1.0,0.0,0.0,0.0,9.5,7.0
AC068282.2,lncRNA,0.0,0.0,0.0,0.0,0.0,1.0
AC068286.1,lncRNA,0.0,0.0,1.0,0.0,0.0,0.0
AC068286.2,lncRNA,1.0,2.0,0.0,3.0,2.0,0.0
AC068295.1,lncRNA,0.0,0.0,0.0,0.0,2.0,2.0
AC068305.2,lncRNA,0.0,1.0,0.0,0.0,5.0,4.0
AC068308.1,lncRNA,6.0,11.0,11.0,86.0,6.0,20.0
AC068338.2,lncRNA,1.5,0.0,0.5,1.0,8.5,6.0
AC068338.3,lncRNA,0.0,3.0,0.0,0.0,1.5,0.5
AC068385.1,lncRNA,0.0,0.0,0.0,0.5,0.5,0.0
AC068389.1,lncRNA,4.0,5.0,9.0,6.0,13.0,13.0
AC068389.2,lncRNA,1.0,0.0,0.0,1.0,1.0,3.0
AC068389.3,lncRNA,0.0,7.0,1.0,0.0,2.0,1.0
AC068397.1,lncRNA,1.0,0.0,0.0,0.0,6.0,1.0
AC068397.2,lncRNA,1.0,1.0,0.0,4.0,1.0,0.0
AC068408.1,lncRNA,0.0,1.0,0.0,0.0,0.0,2.0
AC068408.2,lncRNA,0.0,0.0,0.0,1.0,1.0,1.0
AC068413.1,lncRNA,4.0,7.0,0.0,1.0,0.0,3.0
AC068418.1,lncRNA,1.5,0.0,0.0,0.0,0.0,0.0
AC068418.2,lncRNA,2.5,0.0,3.0,0.0,4.0,11.0
AC068418.3,lncRNA,8.0,22.0,4.0,10.5,41.0,65.0
AC068442.1,lncRNA,0.0,0.0,0.0,0.0,1.0,0.0
AC068446.2,lncRNA,2.0,0.0,0.0,0.0,2.0,2.0
AC068473.1,lncRNA,2.0,3.0,2.0,1.0,9.0,5.0
AC068473.2,lncRNA,0.0,0.0,0.0,1.0,0.0,1.0
AC068473.3,lncRNA,6.0,9.0,7.0,9.0,17.0,20.0
AC068473.4,lncRNA,2.0,0.0,0.0,2.0,4.0,2.0
AC068473.5,lncRNA,1.0,2.0,1.0,1.0,10.0,9.0
AC068481.1,lncRNA,1.0,1.0,0.0,5.0,3.0,5.0
AC068483.1,lncRNA,0.0,0.0,0.0,0.0,2.0,2.0
AC068489.1,lncRNA,1.0,0.0,4.0,6.0,53.0,37.0
AC068491.1,lncRNA,0.0,0.0,0.0,0.0,0.0,1.0
AC068491.2,lncRNA,1.0,2.0,1.0,1.0,3.0,1.0
AC068492.1,lncRNA,0.0,0.0,0.0,0.0,1.0,0.0
AC068506.1,lncRNA,0.0,0.0,0.0,0.0,1.0,2.0
AC068533.3,lncRNA,0.0,0.0,1.0,0.0,0.0,0.0
AC068535.1,lncRNA,7.0,12.0,5.0,5.0,44.0,41.0
AC068535.2,lncRNA,0.0,1.0,0.0,0.0,0.0,2.0
AC068544.2,lncRNA,0.0,0.0,0.0,0.0,1.0,2.0
AC068580.1,lncRNA,0.5,0.0,0.0,0.0,3.0,2.0
AC068580.2,lncRNA,0.0,0.0,2.0,1.0,4.0,4.0
AC068580.3,lncRNA,2.0,0.0,1.0,1.0,4.83,1.5
AC068580.5,lncRNA,0.0,0.0,2.0,1.0,4.0,6.0
AC068587.4,lncRNA,5.5,2.5,1.5,5.0,14.0,15.5
AC068594.1,lncRNA,0.0,0.0,2.0,0.0,12.0,11.0
AC068616.2,lncRNA,1.0,8.0,5.0,0.0,4.0,4.0
AC068616.3,lncRNA,0.0,0.0,3.0,1.0,9.0,7.0
AC068620.1,lncRNA,1.0,1.0,2.0,2.0,19.0,10.0
AC068620.2,lncRNA,0.0,0.0,0.0,0.0,1.0,0.0
AC068631.1,lncRNA,4.0,3.0,2.0,7.0,17.0,13.0
AC068633.1,lncRNA,0.0,0.0,1.0,3.0,2.0,3.0
AC068643.1,lncRNA,0.0,0.0,1.0,0.0,3.0,3.0
AC068643.2,lncRNA,0.0,1.0,4.0,2.0,2.0,6.0
AC068658.1,lncRNA,0.0,0.0,0.0,0.0,2.0,0.0
AC068672.1,lncRNA,1.0,0.0,0.0,0.0,4.0,1.0
AC068672.2,lncRNA,0.0,0.0,0.0,1.0,1.0,0.0
AC068672.3,lncRNA,0.0,0.0,0.0,0.0,3.0,3.0
AC068688.1,lncRNA,0.0,0.0,2.0,0.0,4.0,3.0
AC068700.1,lncRNA,1.0,0.0,1.0,1.0,4.0,7.0
AC068700.2,lncRNA,7.0,5.0,12.0,2.0,55.0,35.0
AC068707.1,lncRNA,3.0,1.0,4.0,1.0,3.0,2.0
AC068721.1,lncRNA,0.0,1.0,0.0,2.0,0.0,1.0
AC068722.1,lncRNA,1.0,2.0,1.0,2.0,7.0,5.0
AC068722.2,lncRNA,0.0,0.0,0.0,0.0,4.0,1.0
AC068724.1,lncRNA,0.0,2.0,0.0,0.0,0.0,0.5
AC068724.3,lncRNA,0.0,1.5,0.0,0.0,2.0,5.5
AC068724.4,lncRNA,0.0,0.0,0.0,0.0,1.0,0.0
AC068725.1,lncRNA,1.0,0.0,0.0,1.0,1.0,5.0
AC068726.1,lncRNA,0.0,1.0,0.0,0.0,0.0,0.0
AC068733.1,lncRNA,0.0,0.0,1.0,0.0,4.0,4.0
AC068733.3,lncRNA,3.5,2.0,1.5,0.0,11.5,9.5
AC068756.1,lncRNA,1.0,0.0,0.0,0.0,0.0,0.0
AC068759.1,lncRNA,0.0,0.0,0.0,0.0,2.0,2.0
AC068768.1,lncRNA,0.0,0.0,0.0,1.0,0.0,0.0
AC068774.1,lncRNA,0.0,0.0,0.0,0.0,2.0,1.0
AC068787.2,lncRNA,0.0,5.0,0.0,1.0,7.0,5.0
AC068787.3,lncRNA,2.0,1.0,0.0,2.0,8.0,3.0
AC068787.4,lncRNA,0.0,0.0,1.0,1.0,1.0,0.0
AC068787.5,lncRNA,0.0,0.0,0.0,0.0,2.0,4.0
AC068789.1,lncRNA,0.0,0.0,0.0,0.0,0.0,0.5
AC068790.3,lncRNA,0.0,0.0,0.0,0.0,1.0,0.0
AC068790.4,lncRNA,0.0,0.0,0.0,1.0,0.0,0.0
AC068790.5,lncRNA,0.0,0.0,0.0,0.0,1.0,1.0
AC068790.7,lncRNA,0.0,0.0,1.0,0.0,1.0,0.0
AC068790.8,lncRNA,0.67,1.33,1.0,0.0,6.5,13.83
AC068790.9,lncRNA,3.0,0.0,1.0,1.0,8.5,7.0
AC068831.3,lncRNA,0.0,0.0,0.0,0.0,1.0,0.0
AC068831.5,lncRNA,0.0,1.0,0.0,0.0,1.0,2.0
AC068858.1,lncRNA,0.0,1.0,0.0,0.0,0.0,0.0
AC068870.1,lncRNA,0.0,0.0,0.0,0.0,0.0,1.0
AC068875.1,lncRNA,1.0,7.0,0.0,1.5,15.5,13.0
AC068880.2,lncRNA,0.0,0.0,0.0,0.0,0.0,2.0
AC068888.1,lncRNA,12.0,19.5,20.5,22.5,93.0,132.0
AC068888.2,lncRNA,0.0,1.0,0.5,0.5,0.0,0.5
AC068898.2,lncRNA,0.0,4.0,0.0,0.0,0.0,1.0
AC068931.1,lncRNA,0.0,3.0,0.0,0.0,1.0,1.0
AC068944.1,lncRNA,1.0,0.0,0.0,2.0,6.0,3.0
AC068946.3,lncRNA,0.0,0.0,0.0,0.0,4.0,6.0
AC068985.1,lncRNA,0.0,1.0,0.0,0.0,0.0,1.0
AC068987.1,lncRNA,0.0,0.0,1.5,0.0,1.5,2.5
AC068987.2,lncRNA,1.0,0.0,0.0,0.0,13.33,2.0
AC068987.3,lncRNA,0.0,0.0,0.5,1.0,1.33,2.0
AC068989.1,lncRNA,2.0,3.0,4.0,0.0,1.0,2.0
AC068993.2,lncRNA,0.0,1.0,0.0,1.0,4.0,2.0
AC069029.1,lncRNA,0.0,1.0,0.0,0.0,0.0,0.0
AC069061.2,lncRNA,0.0,0.0,0.0,0.0,2.0,0.0
AC069079.1,lncRNA,0.0,0.0,0.0,0.0,4.0,1.0
AC069113.2,lncRNA,0.0,0.0,0.0,0.0,0.5,1.0
AC069114.1,lncRNA,0.0,1.0,0.0,0.0,0.0,0.0
AC069120.1,lncRNA,1.0,0.0,2.0,1.0,9.0,15.0
AC069133.1,lncRNA,3.0,2.0,0.0,3.0,7.0,3.0
AC069148.1,lncRNA,1.0,2.0,6.0,2.0,20.0,14.0
AC069155.1,lncRNA,0.0,0.0,0.0,0.0,2.0,3.0
AC069185.1,lncRNA,0.0,4.5,0.5,2.5,7.0,9.5
AC069200.1,lncRNA,0.0,3.0,0.0,0.0,0.5,2.83
AC069209.2,lncRNA,0.0,0.0,0.0,0.0,3.0,1.5
AC069213.1,lncRNA,1.0,1.0,1.0,0.0,4.0,1.0
AC069214.1,lncRNA,0.0,0.0,0.0,0.0,1.0,0.0
AC069222.1,lncRNA,0.0,1.0,1.0,8.0,4.0,2.0
AC069224.1,lncRNA,0.0,4.0,0.0,4.0,8.0,10.0
AC069228.1,lncRNA,2.0,2.0,1.0,2.0,12.0,5.0
AC069234.1,lncRNA,0.0,0.0,0.0,1.0,0.0,2.0
AC069234.2,lncRNA,0.0,0.0,0.0,0.0,0.5,0.5
AC069234.3,lncRNA,0.0,0.0,0.5,0.0,0.0,0.5
AC069243.1,lncRNA,0.0,1.0,0.5,0.0,3.0,3.5
AC069257.1,lncRNA,2.0,0.0,0.0,2.0,1.0,4.0
AC069272.1,lncRNA,0.0,0.0,0.0,0.0,2.0,2.0
AC069277.1,lncRNA,1.0,11.0,7.0,3.0,7.0,5.0
AC069280.2,lncRNA,1.0,5.0,0.0,6.0,10.0,5.0
AC069281.1,lncRNA,0.0,13.0,0.0,5.0,0.0,7.0
AC069281.2,lncRNA,5.5,8.0,7.5,8.5,35.0,24.5
AC069285.2,lncRNA,0.0,0.0,1.0,0.0,2.0,0.0
AC069287.1,lncRNA,0.0,0.0,1.0,0.0,0.0,0.0
AC069287.2,lncRNA,0.0,0.0,0.0,0.0,7.0,2.0
AC069287.3,lncRNA,0.0,1.0,0.0,0.0,2.0,2.0
AC069294.1,lncRNA,0.0,0.0,0.0,0.0,1.0,0.0
AC069307.1,lncRNA,0.0,2.0,0.0,0.0,0.0,0.0
AC069360.1,lncRNA,2.0,1.0,0.0,0.0,1.0,0.5
AC069366.2,lncRNA,0.0,0.0,1.0,0.0,0.0,0.0
AC069368.2,lncRNA,3.0,0.0,0.0,1.0,1.0,1.0
AC069404.1,lncRNA,1.0,0.0,0.0,6.0,2.0,1.0
AC069410.1,lncRNA,0.0,1.0,0.0,0.0,0.0,1.0
AC069421.2,lncRNA,0.0,1.0,1.5,1.0,0.5,1.0
AC069421.3,lncRNA,0.0,0.0,0.5,0.0,2.5,2.0
AC069431.1,lncRNA,1.0,1.0,1.0,0.0,8.0,0.0
AC069439.2,lncRNA,0.0,0.0,0.0,0.0,1.0,0.0
AC069444.1,lncRNA,0.0,0.0,0.0,0.0,1.0,1.0
AC069503.1,lncRNA,0.0,0.5,0.0,0.0,1.0,1.0
AC069503.4,lncRNA,0.0,1.0,0.0,0.0,3.0,3.0
AC069540.2,lncRNA,0.0,0.0,0.0,0.0,1.0,0.0
AC069547.2,lncRNA,0.0,0.0,0.0,0.0,3.5,2.5
AC069549.1,lncRNA,0.0,0.0,0.0,3.0,1.0,0.0
AC069549.2,lncRNA,1.0,0.0,2.0,0.0,5.0,7.0
AC072022.1,lncRNA,1.0,0.0,1.5,0.0,0.0,0.5
AC072026.2,lncRNA,0.5,0.0,0.0,1.0,7.0,6.5
AC072028.1,lncRNA,1.0,2.0,0.0,2.0,1.0,3.0
AC072039.2,lncRNA,0.0,0.0,0.0,1.0,0.0,0.0
AC072054.1,lncRNA,0.0,0.0,0.0,0.0,9.0,14.0
AC072061.1,lncRNA,0.0,2.0,0.0,0.0,5.0,15.0
AC072062.1,lncRNA,8.0,3.0,8.0,10.0,7.5,16.0
AC073046.1,lncRNA,0.0,0.0,0.0,0.5,1.0,1.0
AC073046.4,lncRNA,0.0,0.0,1.0,4.0,0.0,2.0
AC073048.1,lncRNA,0.0,0.0,0.0,1.0,1.0,2.0
AC073050.1,lncRNA,0.0,0.0,0.0,0.0,2.0,1.0
AC073052.1,lncRNA,0.0,0.0,0.0,0.0,0.0,1.0
AC073071.1,lncRNA,0.0,8.0,0.0,0.0,2.0,1.0
AC073073.2,lncRNA,0.0,0.0,0.0,2.0,2.0,2.0
AC073091.1,lncRNA,0.0,0.0,0.0,1.0,0.0,0.0
AC073091.2,lncRNA,0.0,0.0,0.0,0.0,0.0,4.0
AC073094.1,lncRNA,0.0,0.0,0.0,0.0,2.0,2.0
AC073111.2,lncRNA,0.0,0.0,0.0,0.0,0.0,0.5
AC073114.1,lncRNA,3.0,2.0,0.0,0.0,4.0,3.0
AC073115.1,lncRNA,0.0,0.0,0.0,0.0,0.0,0.5
AC073115.2,lncRNA,0.0,1.0,0.0,0.0,0.0,2.0
AC073127.1,lncRNA,0.0,0.0,0.0,0.0,0.0,1.0
AC073130.1,lncRNA,0.0,0.0,1.0,0.0,3.0,0.0
AC073130.2,lncRNA,0.0,0.0,0.0,2.0,3.0,2.0
AC073140.1,lncRNA,20656.0,6478.0,105429.0,18684.0,25477.0,14746.0
AC073140.2,lncRNA,2.0,2.0,2.0,0.0,1.0,3.0
AC073167.1,lncRNA,0.0,0.0,0.0,1.0,1.0,1.0
AC073172.1,lncRNA,0.0,0.0,1.0,0.0,2.0,4.0
AC073174.1,lncRNA,7.0,4.0,12.0,1.0,43.0,31.0
AC073176.1,lncRNA,2.0,2.0,3.0,5.0,11.0,16.0
AC073176.2,lncRNA,0.0,1.0,0.0,1.0,7.0,5.0
AC073188.2,lncRNA,0.5,0.0,0.0,0.0,2.5,1.5
AC073188.3,lncRNA,0.0,0.0,0.0,1.0,1.0,2.0
AC073188.4,lncRNA,0.0,0.0,0.0,0.0,3.0,1.0
AC073188.5,lncRNA,0.0,0.0,0.0,0.0,2.0,0.0
AC073188.6,lncRNA,3.5,2.5,3.0,2.5,20.5,18.5
AC073195.1,lncRNA,2.0,7.0,5.0,2.0,8.0,6.0
AC073210.3,lncRNA,1.0,0.0,1.0,1.0,4.0,0.0
AC073218.1,lncRNA,0.0,0.0,0.0,0.0,0.0,2.0
AC073225.1,lncRNA,4.0,10.0,3.0,10.0,37.0,40.0
AC073236.1,lncRNA,0.0,0.0,0.0,1.0,1.0,0.0
AC073254.1,lncRNA,6.5,20.0,6.5,10.0,20.5,14.0
AC073257.1,lncRNA,3.0,0.0,0.0,4.0,12.0,5.0
AC073257.2,lncRNA,0.0,4.0,1.0,0.0,5.0,3.0
AC073263.1,lncRNA,0.0,0.0,1.0,2.0,17.5,17.0
AC073263.2,lncRNA,5.0,1.0,7.0,2.0,16.0,18.0
AC073270.1,lncRNA,0.0,0.0,0.0,0.0,2.0,0.0
AC073283.1,lncRNA,0.0,0.0,0.5,0.0,3.0,4.5
AC073283.2,lncRNA,0.0,0.0,0.0,0.0,6.0,3.0
AC073288.1,lncRNA,0.0,1.0,0.0,0.0,0.0,0.0
AC073288.2,lncRNA,0.0,0.0,0.0,0.0,7.0,1.0
AC073311.1,lncRNA,0.0,1.0,0.0,2.0,1.0,0.0
AC073314.1,lncRNA,3.0,0.0,2.0,1.0,11.0,7.0
AC073316.1,lncRNA,70.0,150.0,284.0,420.0,298.0,924.0
AC073316.2,lncRNA,0.0,0.0,1.0,5.0,1.0,2.0
AC073320.1,lncRNA,0.0,4.0,0.0,0.0,1.0,0.5
AC073321.1,lncRNA,0.0,0.0,0.0,0.0,0.0,0.5
AC073325.1,lncRNA,0.0,0.0,2.0,0.0,1.0,1.0
AC073326.1,lncRNA,0.0,0.0,0.0,0.0,2.0,2.0
AC073326.2,lncRNA,0.0,0.0,0.0,2.0,0.0,1.0
AC073332.1,lncRNA,1.5,1.5,5.0,0.5,31.83,17.5
AC073333.1,lncRNA,0.0,0.0,0.0,0.0,2.0,1.0
AC073336.1,lncRNA,0.0,0.0,0.0,2.0,5.0,1.0
AC073342.1,lncRNA,0.0,0.0,0.0,2.0,3.0,0.0
AC073343.2,lncRNA,2.0,3.0,1.0,0.0,4.5,6.0
AC073346.1,lncRNA,0.0,1.0,0.0,0.0,1.0,1.0
AC073348.2,lncRNA,0.0,0.0,0.0,0.0,3.0,3.0
AC073349.1,lncRNA,1.5,1.5,0.5,0.0,1.0,2.0
AC073349.4,lncRNA,0.0,0.0,0.0,0.0,0.0,1.0
AC073349.5,lncRNA,0.0,0.0,0.0,0.0,4.0,7.0
AC073352.1,lncRNA,0.0,0.0,0.0,0.0,1.0,0.5
AC073365.1,lncRNA,19.0,21.0,17.0,23.0,146.0,98.0
AC073389.1,lncRNA,0.0,0.0,1.0,0.0,5.0,0.0
AC073389.2,lncRNA,0.0,3.0,0.33,1.67,2.17,3.33
AC073389.3,lncRNA,1.0,1.0,1.0,1.0,2.0,1.0
AC073409.1,lncRNA,0.0,0.0,1.0,0.0,0.0,0.0
AC073409.2,lncRNA,0.0,3.0,0.0,2.0,0.0,0.0
AC073429.1,lncRNA,0.0,0.0,0.0,0.0,0.0,2.0
AC073429.2,lncRNA,0.0,0.0,0.0,2.0,5.0,2.0
AC073475.1,lncRNA,2.0,9.0,2.0,1.0,7.0,9.0
AC073476.2,lncRNA,0.5,4.0,0.0,1.0,3.0,7.5
AC073487.1,lncRNA,0.0,0.0,2.0,0.0,0.0,1.0
AC073508.3,lncRNA,0.0,0.0,0.0,0.33,1.17,2.17
AC073517.1,lncRNA,0.0,0.0,0.0,1.0,0.0,1.0
AC073525.1,lncRNA,1.5,0.5,0.5,1.0,1.0,0.5
AC073529.1,lncRNA,2.0,13.0,1.0,1.0,24.0,16.0
AC073530.1,lncRNA,0.0,0.0,0.0,0.0,5.0,3.0
AC073539.1,lncRNA,0.0,2.0,0.0,9.0,3.0,2.0
AC073539.3,lncRNA,0.0,0.0,0.0,0.0,3.0,1.0
AC073548.2,lncRNA,0.0,4.0,0.0,2.0,7.0,3.5
AC073569.1,lncRNA,0.0,0.0,0.0,0.0,0.0,1.0
AC073569.2,lncRNA,0.0,0.5,0.5,0.0,0.5,2.0
AC073569.3,lncRNA,0.0,0.0,0.0,0.0,3.0,1.0
AC073571.1,lncRNA,0.0,0.0,0.0,0.0,2.0,2.0
AC073573.1,lncRNA,0.0,0.0,0.5,4.5,0.5,2.0
AC073575.1,lncRNA,0.0,0.0,1.0,0.0,30.0,14.0
AC073575.2,lncRNA,0.5,0.0,0.5,0.5,1.0,0.5
AC073578.1,lncRNA,1.0,3.0,8.0,1.0,3.0,11.0
AC073578.2,lncRNA,0.0,0.0,0.0,0.0,0.0,3.0
AC073578.5,lncRNA,2.0,2.0,1.0,0.0,4.0,2.0
AC073591.1,lncRNA,0.0,1.0,0.0,0.0,0.0,0.0
AC073592.1,lncRNA,2.0,6.0,1.0,13.0,11.0,6.0
AC073593.2,lncRNA,2.0,2.0,1.0,0.0,3.0,6.0
AC073611.1,lncRNA,1.0,2.5,1.0,2.0,12.83,8.33
AC073626.1,lncRNA,1.0,0.0,0.0,1.0,1.0,0.0
AC073632.1,lncRNA,1.0,0.0,1.0,0.0,1.0,3.0
AC073636.1,lncRNA,0.0,3.0,1.0,0.0,6.0,4.0
AC073641.1,lncRNA,0.0,0.0,0.0,0.0,1.0,0.0
AC073648.5,lncRNA,1.0,3.0,0.0,1.0,0.0,0.0
AC073655.1,lncRNA,0.0,0.0,0.0,0.0,1.0,1.0
AC073655.2,lncRNA,0.0,0.0,0.0,0.0,1.5,4.0
AC073655.3,lncRNA,0.0,0.0,0.0,2.0,2.0,2.0
AC073657.1,lncRNA,0.0,0.0,0.0,0.0,0.0,1.0
AC073834.1,lncRNA,0.0,0.0,0.0,1.5,0.0,0.0
AC073840.1,lncRNA,1.0,1.0,3.0,2.0,10.0,10.0
AC073842.1,lncRNA,0.0,0.0,0.0,0.0,0.0,2.0
AC073842.2,lncRNA,0.0,2.5,0.0,0.0,1.5,1.5
AC073848.1,lncRNA,0.0,0.0,0.0,4.0,1.0,1.0
AC073862.1,lncRNA,0.0,0.0,0.0,0.0,1.0,0.0
AC073863.1,lncRNA,0.0,0.0,0.0,0.0,0.0,1.0
AC073864.1,lncRNA,0.0,0.0,0.0,0.0,0.5,0.0
AC073869.3,lncRNA,0.5,2.0,0.5,0.0,1.0,0.0
AC073869.5,lncRNA,0.0,0.0,0.0,0.0,0.5,0.0
AC073878.1,lncRNA,2.0,3.0,3.5,3.0,6.0,5.5
AC073878.2,lncRNA,0.0,1.0,0.0,0.0,0.0,2.0
AC073896.2,lncRNA,2.5,1.5,1.5,2.0,1.83,11.83
AC073896.3,lncRNA,0.0,0.0,0.0,0.0,0.0,1.0
AC073896.4,lncRNA,0.0,0.0,0.0,0.0,1.5,2.0
AC073896.5,lncRNA,0.0,1.0,0.0,1.5,0.0,0.5
AC073912.1,lncRNA,0.0,0.0,0.0,0.0,0.5,2.5
AC073934.1,lncRNA,0.0,2.0,0.0,2.0,4.0,5.0
AC073957.1,lncRNA,1.0,0.0,1.0,0.0,0.0,2.0
AC073957.2,lncRNA,0.5,0.0,3.0,0.0,2.5,1.5
AC073957.3,lncRNA,3.0,4.0,2.5,7.5,18.5,15.0
AC073973.1,lncRNA,0.0,1.0,0.0,3.0,0.0,3.0
AC073987.1,lncRNA,0.0,0.0,1.0,0.0,1.0,1.0
AC074008.1,lncRNA,0.0,0.0,0.0,0.0,1.0,0.0
AC074008.2,lncRNA,0.0,0.0,0.0,0.0,5.0,1.0
AC074011.1,lncRNA,0.0,0.0,0.0,0.0,1.0,0.0
AC074024.1,lncRNA,0.0,0.0,0.0,0.0,1.0,0.0
AC074029.3,lncRNA,0.0,0.0,0.0,1.0,0.0,0.0
AC074031.1,lncRNA,0.0,0.0,0.0,1.0,2.0,0.0
AC074032.1,lncRNA,0.0,9.0,1.0,3.5,1.0,1.5
AC074035.1,lncRNA,0.0,0.0,0.0,0.0,0.0,1.0
AC074044.1,lncRNA,0.0,1.0,0.0,0.0,1.0,1.0
AC074050.2,lncRNA,1.0,0.0,0.0,0.0,3.0,1.0
AC074050.3,lncRNA,0.0,0.0,0.0,0.0,0.5,0.5
AC074050.4,lncRNA,0.0,0.0,0.0,1.0,0.0,0.0
AC074051.3,lncRNA,1.0,1.0,0.0,0.0,1.0,4.0
AC074052.2,lncRNA,0.0,0.0,0.0,1.0,0.0,0.0
AC074091.2,lncRNA,1.5,0.5,0.0,2.0,2.0,0.5
AC074096.1,lncRNA,0.0,0.0,1.0,0.0,0.0,0.0
AC074099.1,lncRNA,0.0,2.0,0.0,0.0,1.0,2.0
AC074117.1,lncRNA,2.0,0.0,0.5,1.0,9.5,3.5
AC074131.1,lncRNA,0.0,0.0,0.0,0.0,0.0,1.0
AC074132.1,lncRNA,0.0,0.0,0.0,0.0,2.0,0.0
AC074135.1,lncRNA,0.0,0.0,0.0,2.5,1.5,1.5
AC074135.2,lncRNA,0.0,0.0,0.0,4.0,2.0,0.0
AC074138.1,lncRNA,0.0,2.0,3.0,0.0,3.0,3.0
AC074139.1,lncRNA,2.0,3.0,0.0,1.0,4.0,0.0
AC074183.1,lncRNA,0.5,1.0,0.0,1.0,2.5,2.0
AC074194.1,lncRNA,5.0,1.0,5.0,1.0,20.0,11.0
AC074212.1,lncRNA,3.5,6.0,11.0,7.5,29.0,25.5
AC074237.1,lncRNA,0.0,0.0,0.0,0.0,2.0,0.0
AC074254.1,lncRNA,0.0,0.0,0.0,4.0,0.0,0.0
AC074257.1,lncRNA,0.0,0.0,0.0,0.0,2.0,0.0
AC074281.1,lncRNA,0.0,0.0,0.0,0.0,0.0,1.0
AC074286.1,lncRNA,0.0,5.0,2.0,0.0,4.0,4.0
AC074290.1,lncRNA,0.0,0.0,0.0,1.0,1.0,2.0
AC074325.1,lncRNA,0.0,0.0,1.0,0.0,2.0,0.0
AC074344.2,lncRNA,0.0,0.0,0.0,0.0,2.0,0.0
AC074366.1,lncRNA,1.0,0.0,0.0,0.0,1.0,0.0
AC074386.1,lncRNA,0.5,0.0,0.0,0.33,2.33,4.5
AC074387.1,lncRNA,0.0,5.0,2.0,0.0,1.0,1.0
AC074389.1,lncRNA,0.0,0.0,5.0,0.0,6.0,2.0
AC074389.2,lncRNA,0.0,0.0,2.0,0.0,4.0,5.0
AC074389.3,lncRNA,0.0,0.0,0.0,0.0,0.0,2.0
AC076968.1,lncRNA,0.0,1.0,0.0,0.0,3.0,6.0
AC076968.2,lncRNA,3.5,2.5,1.0,3.0,10.5,8.5
AC077690.1,lncRNA,4.0,4.0,1.0,1.0,13.0,11.0
AC078776.1,lncRNA,0.0,0.0,1.0,0.0,2.0,4.0
AC078777.1,lncRNA,13.5,28.5,14.0,5.0,21.0,40.0
AC078785.1,lncRNA,3.5,3.0,11.5,7.0,18.5,21.5
AC078785.2,lncRNA,0.0,0.0,0.0,1.0,5.0,4.0
AC078788.1,lncRNA,0.0,0.0,0.0,0.0,0.0,1.0
AC078789.1,lncRNA,0.0,2.0,0.0,0.0,0.0,0.0
AC078795.1,lncRNA,1.5,2.0,1.0,1.5,4.0,3.5
AC078795.2,lncRNA,0.5,0.0,0.0,0.0,0.5,0.0
AC078802.1,lncRNA,2.0,0.0,1.0,4.0,4.0,2.0
AC078814.1,lncRNA,0.0,0.0,0.0,0.0,1.5,0.0
AC078816.1,lncRNA,0.0,0.0,0.0,0.0,2.0,0.5
AC078820.2,lncRNA,3.0,1.0,2.0,1.0,13.0,15.5
AC078842.1,lncRNA,0.0,1.0,1.0,1.0,1.0,1.0
AC078842.2,lncRNA,0.0,1.0,0.0,0.0,0.0,2.0
AC078845.1,lncRNA,2.0,2.0,0.0,0.0,8.0,20.0
AC078846.1,lncRNA,3.0,6.0,5.0,2.0,15.0,11.0
AC078850.1,lncRNA,0.0,0.0,1.0,0.0,3.0,2.0
AC078850.2,lncRNA,0.0,0.0,0.0,3.0,0.0,0.0
AC078851.1,lncRNA,0.0,0.0,0.0,1.0,0.0,0.0
AC078852.1,lncRNA,1.0,0.0,0.0,0.0,0.0,1.0
AC078852.2,lncRNA,0.0,0.0,0.0,0.0,2.0,1.0
AC078860.2,lncRNA,0.0,0.0,1.0,1.0,11.0,10.0
AC078860.3,lncRNA,2.0,0.0,1.0,0.0,2.0,2.0
AC078864.1,lncRNA,0.0,0.0,1.0,0.0,0.0,0.0
AC078865.1,lncRNA,0.0,0.0,0.0,0.0,1.0,1.0
AC078874.1,lncRNA,0.0,0.0,0.0,1.0,3.0,1.0
AC078878.2,lncRNA,0.0,2.0,0.0,4.0,4.0,3.0
AC078880.2,lncRNA,0.0,0.0,0.0,1.0,2.0,1.0
AC078880.3,lncRNA,0.0,4.0,0.0,1.0,2.0,5.0
AC078880.4,lncRNA,0.0,2.0,0.0,0.0,3.0,0.0
AC078881.1,lncRNA,1.0,3.0,1.0,0.0,8.0,5.0
AC078882.1,lncRNA,0.0,1.0,1.0,0.0,1.0,1.0
AC078883.1,lncRNA,3.0,7.0,5.5,4.5,9.0,8.0
AC078883.2,lncRNA,0.0,0.0,2.0,1.0,7.5,6.5
AC078889.1,lncRNA,0.0,0.0,1.0,0.0,0.0,0.0
AC078909.1,lncRNA,0.5,0.5,0.5,0.5,1.5,2.5
AC078909.2,lncRNA,0.0,3.0,2.0,0.0,5.0,5.0
AC078916.1,lncRNA,0.0,1.0,1.0,2.0,1.0,4.0
AC078922.1,lncRNA,0.0,0.0,0.0,0.0,0.0,1.0
AC078923.1,lncRNA,0.0,0.0,0.0,0.0,3.0,1.5
AC078925.1,lncRNA,0.0,3.0,3.0,1.0,5.0,2.0
AC078929.1,lncRNA,0.0,0.0,0.0,0.0,1.0,0.5
AC078942.1,lncRNA,1.0,1.0,0.0,0.0,11.0,17.0
AC078950.1,lncRNA,5.0,1.0,1.0,0.0,2.0,1.0
AC078955.1,lncRNA,0.0,0.0,0.0,0.0,1.0,0.0
AC078962.1,lncRNA,1.0,0.0,1.0,1.0,1.0,2.0
AC078962.2,lncRNA,0.0,0.0,0.0,0.0,1.33,3.0
AC078962.3,lncRNA,1.0,0.0,0.0,0.0,0.0,0.0
AC078962.4,lncRNA,0.0,0.0,0.0,0.0,0.0,6.0
AC078980.1,lncRNA,1.0,0.0,1.0,0.0,0.0,0.0
AC078983.1,lncRNA,0.0,0.0,0.0,1.0,0.0,2.0
AC078993.1,lncRNA,0.0,0.0,0.0,0.0,0.5,4.0
AC079031.1,lncRNA,1.0,4.0,15.0,0.0,10.0,12.0
AC079031.2,lncRNA,0.0,0.0,0.0,0.0,0.0,3.0
AC079035.1,lncRNA,0.0,0.0,0.0,0.0,0.0,2.0
AC079052.1,lncRNA,0.0,2.0,0.0,0.0,0.0,0.0
AC079054.1,lncRNA,0.0,3.0,0.0,1.0,7.0,5.0
AC079061.1,lncRNA,1.0,0.0,1.0,2.0,22.0,24.0
AC079070.1,lncRNA,0.0,2.0,0.0,2.0,1.0,0.0
AC079089.1,lncRNA,0.0,0.0,0.0,0.0,2.5,3.0
AC079117.1,lncRNA,1.0,0.0,1.0,0.0,2.0,3.0
AC079140.6,lncRNA,0.0,0.0,0.0,0.0,1.0,1.0
AC079142.1,lncRNA,0.0,1.0,0.0,0.0,1.0,4.0
AC079145.1,lncRNA,2.0,0.0,0.0,3.0,5.0,1.0
AC079148.1,lncRNA,0.0,2.0,0.0,2.0,0.0,0.0
AC079148.2,lncRNA,2.0,0.0,2.0,0.0,0.0,0.0
AC079148.3,lncRNA,1.0,0.0,1.0,0.0,7.0,7.0
AC079154.1,lncRNA,2.0,3.0,5.0,2.0,11.0,11.0
AC079160.1,lncRNA,0.0,1.0,0.0,0.0,10.0,11.0
AC079163.1,lncRNA,0.0,0.0,0.0,0.0,0.0,1.0
AC079163.2,lncRNA,1.0,0.0,1.0,1.0,2.0,1.0
AC079171.1,lncRNA,0.0,1.0,0.0,0.0,1.0,0.0
AC079174.1,lncRNA,0.0,0.0,0.0,0.0,1.0,3.0
AC079174.2,lncRNA,1.0,4.0,1.0,2.0,4.0,2.0
AC079177.1,lncRNA,0.0,0.0,1.0,0.0,4.0,4.0
AC079193.2,lncRNA,3.0,0.0,1.0,1.0,9.0,2.0
AC079200.1,lncRNA,1.0,0.0,2.0,0.0,2.0,0.0
AC079209.1,lncRNA,0.0,6.0,0.0,3.0,2.0,1.0
AC079209.2,lncRNA,0.0,0.0,0.0,0.0,0.0,1.0
AC079210.1,lncRNA,0.0,0.0,0.0,0.0,0.0,3.0
AC079226.1,lncRNA,0.0,0.0,0.0,0.0,1.0,0.0
AC079226.2,lncRNA,0.0,0.0,0.0,0.0,3.0,0.0
AC079248.1,lncRNA,0.0,1.0,0.0,0.0,2.0,2.0
AC079296.1,lncRNA,0.0,0.0,7.0,1.0,8.0,12.0
AC079296.2,lncRNA,0.0,0.0,1.0,0.0,3.0,1.0
AC079298.1,lncRNA,0.0,0.0,0.0,0.5,2.5,1.0
AC079298.2,lncRNA,1.0,0.0,0.0,0.0,1.0,0.0
AC079298.3,lncRNA,0.0,2.0,2.0,5.0,10.5,6.5
AC079304.1,lncRNA,0.0,0.0,0.0,0.0,1.0,0.0
AC079305.1,lncRNA,0.0,0.0,2.0,0.0,4.5,1.5
AC079305.2,lncRNA,1.5,2.0,2.5,4.0,13.0,8.0
AC079310.1,lncRNA,0.0,0.0,0.0,3.0,0.0,3.0
AC079313.1,lncRNA,1.0,2.0,0.0,0.0,0.0,1.0
AC079313.2,lncRNA,0.0,0.0,0.0,2.0,5.0,3.0
AC079322.1,lncRNA,0.0,3.0,1.0,1.0,4.0,0.0
AC079328.2,lncRNA,0.5,0.5,0.0,0.0,0.5,0.0
AC079329.1,lncRNA,0.0,0.0,0.0,0.0,0.0,0.5
AC079331.3,lncRNA,1.0,0.0,1.0,0.0,1.0,1.0
AC079336.1,lncRNA,2.0,1.0,2.0,1.0,16.5,22.0
AC079336.2,lncRNA,0.0,0.0,0.0,0.0,1.0,0.0
AC079336.3,lncRNA,0.0,0.0,0.0,1.0,2.0,0.0
AC079336.4,lncRNA,0.0,1.0,0.0,0.0,0.5,1.0
AC079336.5,lncRNA,1.0,0.0,1.0,3.0,7.0,3.0
AC079340.1,lncRNA,0.0,0.0,0.0,0.0,4.0,3.0
AC079340.2,lncRNA,0.0,2.0,0.0,0.0,1.0,0.0
AC079340.3,lncRNA,1.0,0.0,1.0,1.0,11.0,6.0
AC079341.1,lncRNA,0.0,6.0,0.0,1.0,2.0,0.0
AC079349.1,lncRNA,0.0,0.0,0.0,0.0,0.0,2.0
AC079354.1,lncRNA,0.5,0.0,0.0,0.0,0.0,0.5
AC079354.2,lncRNA,9.0,8.0,5.0,3.0,47.5,36.5
AC079360.1,lncRNA,0.0,0.0,0.0,0.0,1.0,2.0
AC079362.1,lncRNA,0.0,2.0,0.0,0.0,1.0,0.0
AC079382.2,lncRNA,0.0,1.0,0.0,1.0,0.0,0.0
AC079384.1,lncRNA,0.0,1.0,0.0,0.0,8.0,12.0
AC079384.2,lncRNA,0.0,0.0,0.0,1.0,3.0,0.0
AC079385.1,lncRNA,0.0,1.0,1.0,3.0,4.0,8.5
AC079385.2,lncRNA,0.0,0.0,3.5,1.0,8.5,15.0
AC079385.3,lncRNA,0.0,0.0,0.5,0.0,2.0,0.0
AC079414.1,lncRNA,0.0,0.0,0.0,0.0,0.0,2.0
AC079414.3,lncRNA,0.0,0.0,0.0,1.0,0.0,0.0
AC079460.2,lncRNA,0.0,0.0,1.0,2.0,2.0,0.0
AC079465.1,lncRNA,1.0,0.5,2.0,0.5,5.0,8.5
AC079466.1,lncRNA,3.0,1.0,2.0,3.0,6.0,10.0
AC079466.2,lncRNA,0.0,0.0,0.0,0.0,1.0,0.0
AC079467.1,lncRNA,0.0,0.0,0.0,0.0,0.0,1.0
AC079584.1,lncRNA,0.0,0.0,0.0,0.0,0.0,1.0
AC079584.2,lncRNA,0.0,0.0,0.0,0.0,3.0,1.0
AC079600.3,lncRNA,2.0,1.0,0.0,0.0,2.0,3.0
AC079601.1,lncRNA,2.0,2.5,0.5,0.5,4.67,5.5
AC079610.2,lncRNA,0.0,0.0,0.0,0.0,0.0,1.0
AC079612.1,lncRNA,2.0,2.0,5.0,1.0,16.0,15.0
AC079612.2,lncRNA,0.0,0.0,0.0,0.0,1.0,2.0
AC079742.1,lncRNA,1.5,0.5,0.0,0.0,0.5,1.0
AC079753.2,lncRNA,0.0,1.0,0.0,3.0,8.0,11.0
AC079760.2,lncRNA,1.5,1.5,1.0,1.0,7.0,12.5
AC079763.1,lncRNA,0.0,0.0,4.0,0.0,0.0,0.0
AC079766.1,lncRNA,0.0,0.0,0.0,0.0,6.0,0.0
AC079768.2,lncRNA,0.5,2.0,0.0,0.0,0.0,0.0
AC079768.3,lncRNA,0.0,0.0,1.0,0.0,3.0,4.0
AC079768.4,lncRNA,0.0,0.0,0.0,0.0,1.0,1.0
AC079772.1,lncRNA,4.0,4.0,0.0,1.0,1.0,9.0
AC079776.5,lncRNA,4.0,3.0,3.0,0.0,12.0,9.0
AC079779.1,lncRNA,1.0,1.0,4.0,0.0,8.0,11.0
AC079779.2,lncRNA,0.0,2.0,1.0,5.0,5.5,10.0
AC079779.3,lncRNA,1.0,0.0,1.0,1.0,6.0,4.0
AC079781.5,lncRNA,2.0,1.0,3.0,7.0,15.0,11.5
AC079790.1,lncRNA,1.0,0.0,0.0,0.0,0.5,0.5
AC079790.2,lncRNA,5.0,5.0,5.0,48.0,14.0,9.0
AC079793.1,lncRNA,2.0,6.0,1.0,1.0,3.0,2.0
AC079804.3,lncRNA,0.0,2.0,2.0,3.0,0.0,0.0
AC079807.1,lncRNA,1.0,1.0,1.5,1.0,1.0,14.0
AC079822.1,lncRNA,0.0,1.0,0.0,0.0,0.0,0.0
AC079834.1,lncRNA,2.0,1.0,3.0,0.5,12.5,5.5
AC079841.2,lncRNA,0.0,1.0,0.0,1.0,2.0,1.0
AC079848.1,lncRNA,2.0,1.0,2.0,3.5,14.0,20.0
AC079848.2,lncRNA,1.0,2.0,3.0,5.0,5.0,12.0
AC079851.1,lncRNA,6.0,0.0,1.0,2.0,3.0,2.0
AC079896.1,lncRNA,0.0,0.0,0.0,0.0,0.0,1.0
AC079906.1,lncRNA,0.0,1.0,0.0,0.0,1.0,0.0
AC079907.2,lncRNA,0.0,0.0,0.0,0.0,1.0,4.0
AC079915.1,lncRNA,0.0,0.0,1.0,0.0,4.0,2.0
AC079921.1,lncRNA,0.0,1.0,7.0,1.0,35.5,15.5
AC079921.2,lncRNA,0.0,3.0,1.0,0.0,0.0,1.0
AC079922.2,lncRNA,1.0,2.0,3.0,2.0,10.0,11.0
AC079943.1,lncRNA,0.0,0.0,1.0,0.0,1.0,1.0
AC079943.2,lncRNA,1.0,2.0,0.0,0.0,0.0,0.0
AC079949.1,lncRNA,3.0,7.0,7.0,4.0,85.0,97.0
AC079949.2,lncRNA,2.0,1.0,1.0,0.0,2.0,3.0
AC079949.3,lncRNA,0.0,0.0,0.0,4.0,2.0,2.0
AC079949.5,lncRNA,1.0,1.0,4.0,4.0,2.5,10.5
AC079949.6,lncRNA,0.0,0.0,0.0,0.0,0.5,0.5
AC079950.1,lncRNA,0.0,2.0,1.0,1.0,3.0,3.0
AC079988.1,lncRNA,0.0,1.0,0.0,1.0,0.0,1.0
AC080005.1,lncRNA,0.0,3.0,0.0,1.0,1.0,0.0
AC080011.1,lncRNA,0.0,6.0,1.0,0.0,2.0,0.0
AC080013.1,lncRNA,26.0,34.5,32.33,27.0,80.17,126.5
AC080013.3,lncRNA,0.0,0.5,0.0,0.0,1.0,0.5
AC080013.4,lncRNA,0.0,2.0,1.0,1.0,1.0,1.0
AC080023.1,lncRNA,1.0,2.0,3.0,4.0,6.0,10.0
AC080037.2,lncRNA,0.0,1.0,0.0,0.0,2.0,2.0
AC080038.1,lncRNA,3.0,3.0,4.0,3.0,2.0,2.0
AC080038.2,lncRNA,0.0,2.0,0.0,0.0,1.0,1.0
AC080068.1,lncRNA,0.0,0.0,0.0,0.0,1.0,4.0
AC080075.1,lncRNA,2.0,0.0,0.0,0.0,1.0,3.0
AC080078.1,lncRNA,0.0,0.0,0.0,0.0,0.0,1.0
AC080078.2,lncRNA,0.0,0.0,0.0,0.0,0.0,1.0
AC080079.2,lncRNA,1.0,4.0,4.0,4.0,7.0,8.0
AC080089.2,lncRNA,2.0,2.0,1.0,2.0,18.0,11.0
AC080097.1,lncRNA,0.0,0.0,0.0,4.0,1.0,4.0
AC080112.1,lncRNA,3.0,1.0,3.5,0.5,32.5,21.0
AC080112.4,lncRNA,6.5,10.5,75.0,36.5,89.5,169.0
AC080128.2,lncRNA,2.0,5.0,7.5,3.5,4.0,10.0
AC080129.1,lncRNA,0.0,0.0,0.0,2.0,0.0,0.0
AC080129.2,lncRNA,0.0,0.0,1.0,0.0,1.0,1.0
AC080132.1,lncRNA,1.0,10.0,5.0,6.0,12.0,21.0
AC080162.1,lncRNA,0.0,0.0,0.0,0.0,3.0,4.0
AC080188.1,lncRNA,1.0,0.0,13.0,1.0,4.0,3.0
AC082650.2,lncRNA,0.0,0.0,0.0,0.0,0.0,1.0
AC082651.1,lncRNA,2.0,15.0,1.0,9.0,19.0,21.0
AC082651.3,lncRNA,1.0,2.0,8.0,3.0,12.0,9.0
AC082651.4,lncRNA,0.0,1.0,3.0,4.0,2.0,3.0
AC083795.2,lncRNA,0.0,1.0,0.0,0.0,2.0,0.0
AC083799.1,lncRNA,0.0,2.0,0.0,0.0,0.0,0.0
AC083801.2,lncRNA,1.0,1.0,0.0,0.0,1.0,2.0
AC083805.1,lncRNA,1.0,0.0,24.0,8.0,19.5,14.5
AC083805.2,lncRNA,0.0,0.0,1.0,0.0,1.0,2.0
AC083805.3,lncRNA,0.0,1.0,2.0,0.0,8.5,5.5
AC083806.2,lncRNA,0.0,0.0,3.0,1.0,11.0,19.5
AC083806.3,lncRNA,0.0,0.0,1.0,0.0,1.0,0.0
AC083809.1,lncRNA,0.0,0.0,0.0,0.0,0.5,0.5
AC083836.1,lncRNA,3.0,0.0,0.0,0.0,1.0,2.0
AC083837.1,lncRNA,3.0,0.0,0.0,1.5,4.0,6.0
AC083841.1,lncRNA,0.0,0.0,0.0,1.0,3.0,4.0
AC083841.2,lncRNA,0.0,0.0,0.0,0.0,0.0,0.5
AC083841.3,lncRNA,0.0,0.5,0.5,0.0,2.0,0.5
AC083843.1,lncRNA,1.0,1.0,1.0,0.0,5.0,4.0
AC083843.2,lncRNA,2.0,1.0,0.0,2.0,20.0,15.0
AC083855.2,lncRNA,0.0,0.0,0.0,0.0,2.0,0.0
AC083862.1,lncRNA,0.5,0.0,0.0,0.0,5.0,1.0
AC083862.2,lncRNA,1.0,3.0,6.0,1.0,9.0,13.0
AC083864.1,lncRNA,0.0,0.0,0.0,1.0,4.0,8.0
AC083864.2,lncRNA,0.0,0.0,0.0,0.0,2.0,2.0
AC083864.3,lncRNA,1.0,3.0,0.0,0.0,1.0,1.0
AC083864.4,lncRNA,0.0,0.0,0.0,0.0,1.0,1.0
AC083867.2,lncRNA,0.0,0.0,0.0,0.0,2.0,0.0
AC083870.1,lncRNA,0.0,1.0,3.0,3.0,4.0,10.0
AC083880.1,lncRNA,0.0,1.0,1.0,2.5,10.5,19.0
AC083902.1,lncRNA,0.0,0.0,0.0,0.0,0.0,2.0
AC083906.3,lncRNA,0.0,0.0,0.0,0.0,0.0,1.0
AC083967.1,lncRNA,0.0,0.0,0.0,3.0,4.0,0.0
AC083973.1,lncRNA,0.0,0.0,3.0,0.0,8.0,9.0
AC084018.1,lncRNA,0.0,2.0,0.0,0.0,5.0,1.25
AC084018.2,lncRNA,3.33,1.83,4.0,4.33,15.33,9.25
AC084018.3,lncRNA,7.0,17.0,6.0,13.0,97.0,152.0
AC084024.1,lncRNA,0.0,0.0,0.0,1.0,0.0,0.0
AC084024.3,lncRNA,0.0,2.0,0.0,0.0,1.5,0.0
AC084024.4,lncRNA,0.0,0.0,0.0,1.0,2.5,0.0
AC084026.1,lncRNA,0.0,0.0,0.0,0.0,2.0,0.0
AC084026.2,lncRNA,2.0,1.0,1.0,4.0,6.0,8.0
AC084030.1,lncRNA,1.0,4.0,0.0,0.0,4.0,4.0
AC084035.1,lncRNA,0.0,0.0,0.0,0.0,0.0,1.0
AC084036.1,lncRNA,0.0,0.0,0.0,0.0,0.0,0.5
AC084048.1,lncRNA,0.0,0.0,0.0,1.0,1.0,0.0
AC084064.1,lncRNA,0.0,4.0,1.0,1.0,11.0,16.0
AC084082.1,lncRNA,1.0,3.0,1.0,2.0,22.0,12.0
AC084083.1,lncRNA,0.0,0.0,1.0,0.0,0.0,0.0
AC084114.1,lncRNA,0.0,0.0,0.0,0.0,1.0,2.0
AC084116.1,lncRNA,0.0,0.0,0.0,1.0,4.0,4.0
AC084116.2,lncRNA,0.0,0.0,0.0,0.0,1.0,0.0
AC084117.1,lncRNA,0.0,1.0,0.0,0.0,0.0,2.0
AC084125.1,lncRNA,0.0,1.5,0.0,0.0,0.5,1.5
AC084125.2,lncRNA,1.0,4.0,10.0,4.5,7.0,10.5
AC084125.3,lncRNA,0.0,0.0,1.0,0.0,0.0,1.0
AC084125.4,lncRNA,1.0,0.0,0.0,0.0,0.0,1.0
AC084167.1,lncRNA,1.0,0.0,0.0,0.0,1.0,2.0
AC084198.1,lncRNA,0.0,1.0,0.0,2.0,6.0,3.0
AC084212.1,lncRNA,0.0,0.0,1.0,0.0,4.0,1.0
AC084262.1,lncRNA,3.0,0.0,0.0,1.0,2.0,4.0
AC084262.2,lncRNA,0.0,0.0,0.0,0.0,4.0,0.0
AC084277.1,lncRNA,0.0,0.0,1.0,0.0,0.0,0.0
AC084291.1,lncRNA,0.0,0.0,1.0,0.0,1.0,0.0
AC084335.1,lncRNA,2.0,2.0,1.0,0.0,3.0,3.0
AC084357.2,lncRNA,0.0,6.0,0.0,7.0,2.0,7.0
AC084361.1,lncRNA,0.0,1.0,0.0,1.0,0.0,0.0
AC084364.3,lncRNA,0.0,0.0,0.0,0.0,1.0,1.0
AC084375.1,lncRNA,0.0,2.0,0.0,1.0,3.0,7.0
AC084706.1,lncRNA,0.0,0.0,0.0,0.0,1.0,0.0
AC084724.1,lncRNA,3.0,3.0,2.0,0.0,3.0,0.0
AC084734.1,lncRNA,0.0,0.0,3.0,0.0,5.0,2.0
AC084740.1,lncRNA,1.0,5.0,2.0,0.0,2.0,4.0
AC084741.1,lncRNA,0.0,0.0,0.0,0.0,0.0,1.0
AC084756.1,lncRNA,0.0,0.0,0.0,0.0,0.5,1.5
AC084757.2,lncRNA,0.0,0.0,0.0,0.0,1.0,0.0
AC084757.3,lncRNA,1.0,1.0,0.0,0.0,12.0,5.0
AC084757.4,lncRNA,1.0,1.0,1.0,0.0,0.0,1.0
AC084759.2,lncRNA,0.0,0.0,1.0,0.0,7.0,1.0
AC084768.1,lncRNA,2.0,2.0,1.0,0.0,3.0,2.0
AC084781.1,lncRNA,0.0,0.0,1.0,0.0,0.0,0.0
AC084781.2,lncRNA,0.0,0.0,0.0,1.0,0.0,0.0
AC084782.1,lncRNA,0.0,0.5,0.0,0.0,1.5,2.5
AC084782.2,lncRNA,0.0,0.0,0.0,0.0,1.0,0.0
AC084809.1,lncRNA,1.0,1.0,2.0,3.0,3.0,4.5
AC084809.2,lncRNA,1.0,0.0,10.0,1.0,17.0,16.0
AC084816.1,lncRNA,0.0,9.0,2.0,4.0,8.5,8.5
AC084819.1,lncRNA,1.0,0.0,0.0,3.0,2.0,1.0
AC084824.4,lncRNA,0.0,0.0,0.0,0.0,1.0,0.0
AC084824.5,lncRNA,0.0,1.0,0.0,0.0,0.0,1.0
AC084834.1,lncRNA,4.0,6.0,4.0,1.0,6.0,10.0
AC084838.1,lncRNA,0.0,0.0,0.0,0.0,1.0,1.0
AC084855.1,lncRNA,0.0,1.0,0.5,0.0,0.5,1.0
AC084855.2,lncRNA,4.0,3.0,1.0,5.0,69.0,44.0
AC084864.1,lncRNA,0.0,0.0,0.0,1.0,0.0,0.0
AC084866.1,lncRNA,0.0,0.0,0.0,4.0,3.0,2.0
AC084866.2,lncRNA,6.0,25.0,2.0,13.0,2.0,0.0
AC084871.1,lncRNA,0.0,0.0,0.0,0.0,1.0,0.0
AC084871.3,lncRNA,0.0,1.0,0.0,0.0,4.0,1.0
AC084876.1,lncRNA,0.0,0.0,0.0,0.5,0.0,3.0
AC084880.2,lncRNA,0.0,0.0,2.0,1.0,1.0,1.0
AC084880.3,lncRNA,1.0,0.0,0.0,0.0,0.0,0.0
AC084880.4,lncRNA,1.0,0.0,0.0,0.0,4.0,1.0
AC084882.1,lncRNA,0.0,0.0,0.0,0.0,0.0,1.0
AC087045.2,lncRNA,1.0,0.0,1.0,0.0,0.0,2.0
AC087071.1,lncRNA,0.0,1.0,0.0,0.0,0.0,1.0
AC087071.2,lncRNA,0.0,0.5,0.0,0.5,0.5,0.0
AC087164.1,lncRNA,0.5,1.0,0.0,2.5,1.0,12.5
AC087175.1,lncRNA,1.0,1.0,0.0,0.0,4.0,1.0
AC087190.1,lncRNA,0.0,0.0,0.0,0.0,0.33,0.33
AC087190.2,lncRNA,1.0,1.0,0.0,5.0,0.0,5.0
AC087190.3,lncRNA,1.5,6.5,5.0,3.0,24.83,26.33
AC087203.3,lncRNA,0.0,0.0,0.0,1.0,2.0,1.0
AC087222.1,lncRNA,0.0,0.0,0.0,0.0,3.0,2.0
AC087235.1,lncRNA,0.0,0.0,1.0,0.0,2.0,2.0
AC087235.2,lncRNA,0.0,0.0,1.0,0.0,0.5,0.5
AC087239.1,lncRNA,0.0,0.0,2.0,2.0,3.0,5.0
AC087241.2,lncRNA,0.0,0.0,0.0,0.0,0.0,4.0
AC087242.1,lncRNA,0.0,0.0,0.0,0.0,1.0,0.0
AC087257.1,lncRNA,0.0,0.0,0.0,4.0,3.0,4.0
AC087260.1,lncRNA,0.0,2.0,0.0,0.0,0.0,0.0
AC087269.1,lncRNA,0.0,2.0,0.0,0.0,3.0,1.0
AC087269.3,lncRNA,0.0,0.0,0.0,0.0,3.0,2.0
AC087273.1,lncRNA,0.5,1.0,0.5,0.0,1.0,2.0
AC087273.2,lncRNA,0.0,0.0,0.0,0.0,3.0,2.0
AC087276.1,lncRNA,2.0,7.0,2.0,3.0,9.0,9.0
AC087276.2,lncRNA,0.0,0.0,0.0,0.0,1.0,0.0
AC087276.3,lncRNA,0.0,2.0,1.0,0.0,0.0,0.0
AC087277.1,lncRNA,1.0,0.0,0.0,2.0,0.0,0.0
AC087277.2,lncRNA,0.0,1.0,0.0,0.0,0.0,0.0
AC087280.2,lncRNA,1.5,5.5,2.5,4.5,8.5,19.0
AC087284.1,lncRNA,0.0,0.0,0.0,0.0,1.0,0.0
AC087286.1,lncRNA,0.0,0.0,0.0,0.0,1.0,5.0
AC087286.2,lncRNA,0.0,1.0,0.0,0.0,0.5,0.0
AC087286.3,lncRNA,0.5,2.5,0.0,0.0,1.0,0.5
AC087286.4,lncRNA,0.0,0.0,0.0,0.0,1.0,0.0
AC087289.1,lncRNA,1.0,1.0,0.0,1.0,3.0,5.0
AC087289.2,lncRNA,0.0,1.0,1.0,1.0,5.0,4.0
AC087289.4,lncRNA,0.0,0.5,0.0,0.0,0.5,0.0
AC087289.5,lncRNA,6.0,4.0,3.5,5.0,20.0,12.0
AC087292.1,lncRNA,0.5,0.0,0.0,0.0,2.5,0.0
AC087294.1,lncRNA,0.0,3.0,2.0,3.0,3.0,2.0
AC087301.1,lncRNA,0.0,0.0,0.0,1.0,1.0,4.0
AC087341.1,lncRNA,0.0,0.0,0.0,0.0,1.0,0.0
AC087354.1,lncRNA,2.0,0.0,2.0,1.0,0.0,2.0
AC087362.1,lncRNA,0.0,0.0,0.0,0.0,0.5,0.0
AC087369.2,lncRNA,0.0,0.0,1.0,0.0,0.0,0.0
AC087379.1,lncRNA,2.0,0.0,0.0,1.0,1.0,2.0
AC087379.2,lncRNA,0.0,0.0,0.0,0.0,1.0,2.0
AC087386.1,lncRNA,0.0,0.0,0.0,0.5,0.0,0.0
AC087392.1,lncRNA,1.0,1.0,0.0,0.0,2.0,0.0
AC087392.2,lncRNA,1.0,0.0,0.0,0.0,2.0,2.0
AC087392.3,lncRNA,0.0,7.0,0.0,0.0,0.0,1.0
AC087392.4,lncRNA,0.0,0.0,0.0,0.0,1.0,1.0
AC087392.5,lncRNA,0.0,0.0,2.0,0.0,1.0,1.0
AC087393.2,lncRNA,0.5,0.0,0.0,0.0,1.5,2.0
AC087399.1,lncRNA,0.0,0.0,0.0,0.0,2.0,0.0
AC087427.1,lncRNA,0.0,0.0,0.0,0.0,0.0,1.0
AC087428.1,lncRNA,0.0,0.0,1.0,0.0,3.0,2.0
AC087430.1,lncRNA,6.0,2.0,2.0,7.0,6.0,4.0
AC087439.1,lncRNA,0.0,0.0,0.0,0.0,1.0,0.0
AC087439.2,lncRNA,0.0,1.0,1.0,0.0,0.0,1.0
AC087442.1,lncRNA,0.0,0.0,0.0,0.0,0.0,0.5
AC087457.1,lncRNA,3.0,1.0,3.0,18.0,4.0,15.0
AC087463.2,lncRNA,0.0,0.0,0.0,0.0,1.0,1.0
AC087463.3,lncRNA,0.0,0.0,1.0,1.0,3.0,6.0
AC087468.2,lncRNA,0.0,1.0,0.0,1.0,5.0,1.0
AC087473.1,lncRNA,0.0,3.0,0.0,8.0,4.0,2.0
AC087477.2,lncRNA,9.0,13.0,11.0,73.5,15.0,19.0
AC087477.3,lncRNA,0.0,0.0,0.0,0.0,1.0,1.0
AC087477.4,lncRNA,0.0,0.0,0.0,1.0,0.0,0.0
AC087477.5,lncRNA,1.0,0.0,0.0,0.5,0.0,0.0
AC087482.1,lncRNA,0.0,1.5,3.0,0.0,13.5,15.0
AC087490.1,lncRNA,0.0,1.0,0.0,0.0,2.0,0.0
AC087491.1,lncRNA,1.0,0.0,0.0,0.0,3.0,4.0
AC087500.1,lncRNA,1.0,9.5,2.0,1.0,16.0,18.0
AC087500.2,lncRNA,0.0,1.0,0.0,4.0,1.0,0.0
AC087501.1,lncRNA,1.0,0.0,0.0,0.0,0.0,0.0
AC087501.2,lncRNA,0.0,0.0,0.0,1.0,1.0,0.0
AC087501.3,lncRNA,0.0,0.0,0.0,0.0,1.0,0.0
AC087501.4,lncRNA,0.0,0.0,2.0,0.0,3.0,4.0
AC087516.1,lncRNA,0.0,0.0,0.0,0.0,3.0,3.0
AC087516.2,lncRNA,0.0,2.0,0.0,0.0,1.0,4.0
AC087521.1,lncRNA,4.0,11.0,7.0,6.0,20.5,27.0
AC087521.2,lncRNA,1.0,6.0,0.0,2.0,5.0,3.0
AC087521.3,lncRNA,0.0,0.5,0.0,0.0,2.0,4.0
AC087533.1,lncRNA,0.0,1.0,1.0,2.0,3.0,3.5
AC087564.1,lncRNA,12.0,4.0,3.0,6.5,37.0,34.0
AC087565.1,lncRNA,0.0,2.0,0.0,2.0,0.0,1.0
AC087565.2,lncRNA,0.0,1.0,0.0,2.0,2.0,7.0
AC087588.1,lncRNA,1.0,0.0,0.0,0.0,1.0,0.0
AC087588.2,lncRNA,0.0,1.0,2.5,0.0,3.5,3.0
AC087591.1,lncRNA,0.0,2.0,5.0,1.0,10.0,4.0
AC087612.1,lncRNA,0.0,0.0,1.0,0.0,4.0,2.0
AC087620.1,lncRNA,0.0,0.0,0.0,0.0,1.0,0.0
AC087623.1,lncRNA,0.0,0.0,0.0,0.0,1.0,1.0
AC087623.2,lncRNA,1.0,2.0,5.0,0.0,24.0,16.0
AC087623.3,lncRNA,0.5,0.0,0.0,0.0,0.5,0.5
AC087627.1,lncRNA,4.0,0.0,0.0,0.0,2.0,3.0
AC087633.1,lncRNA,1.0,0.0,0.0,1.0,0.0,2.0
AC087636.1,lncRNA,1.0,1.0,2.0,3.0,5.0,7.0
AC087639.2,lncRNA,0.0,2.0,0.0,3.0,1.0,2.0
AC087645.2,lncRNA,0.0,1.0,1.0,0.0,12.0,10.0
AC087645.4,lncRNA,0.5,0.0,0.0,0.0,0.5,0.5
AC087664.1,lncRNA,1.0,0.0,0.0,0.0,0.0,2.0
AC087664.2,lncRNA,0.0,0.0,0.0,1.0,1.0,1.0
AC087667.1,lncRNA,0.0,1.0,0.0,0.0,12.0,18.0
AC087672.1,lncRNA,0.0,1.0,0.0,0.0,0.0,0.0
AC087672.2,lncRNA,1.0,0.0,0.0,0.0,0.0,1.0
AC087683.3,lncRNA,0.0,1.0,2.0,1.0,3.0,0.0
AC087721.1,lncRNA,0.0,1.0,0.0,3.0,0.0,1.0
AC087741.1,lncRNA,0.0,3.0,5.5,9.5,26.5,34.0
AC087741.2,lncRNA,0.0,0.0,0.0,0.0,0.0,1.0
AC087742.1,lncRNA,0.0,0.0,2.0,0.0,4.0,1.0
AC087749.1,lncRNA,0.0,0.0,0.0,0.0,0.0,3.0
AC087749.2,lncRNA,0.0,0.0,0.0,0.0,1.0,1.0
AC087752.3,lncRNA,0.0,0.0,0.0,0.0,2.0,2.0
AC087752.4,lncRNA,0.0,0.0,0.0,0.0,1.0,0.0
AC087761.1,lncRNA,1.0,0.0,0.0,1.0,0.0,2.0
AC087762.1,lncRNA,0.0,1.0,0.0,1.0,0.0,1.0
AC087854.1,lncRNA,0.0,0.0,1.0,2.0,7.0,1.0
AC087855.1,lncRNA,1.0,0.0,0.0,0.0,0.0,1.0
AC087855.2,lncRNA,0.0,0.0,0.0,0.0,2.0,0.0
AC087857.1,lncRNA,0.0,0.0,0.0,0.0,1.0,6.0
AC087863.2,lncRNA,0.0,0.0,0.0,0.0,1.0,0.0
AC087878.1,lncRNA,0.0,2.0,1.0,0.0,0.0,1.0
AC087883.2,lncRNA,0.0,2.0,0.0,0.0,1.0,0.0
AC087885.1,lncRNA,0.0,0.0,0.0,0.0,1.0,0.0
AC087894.3,lncRNA,5.0,4.0,16.0,4.0,14.0,12.0
AC089983.1,lncRNA,0.0,0.0,2.0,0.0,0.0,1.0
AC089983.2,lncRNA,0.0,0.5,0.0,0.0,3.0,0.0
AC089984.1,lncRNA,0.0,0.0,0.0,0.0,0.5,1.5
AC089985.1,lncRNA,0.0,0.0,0.0,0.0,1.0,3.0
AC089987.2,lncRNA,0.0,0.0,0.0,2.0,0.0,1.0
AC089998.1,lncRNA,0.0,0.0,0.0,0.0,0.0,2.0
AC089999.1,lncRNA,0.0,0.5,0.5,0.5,1.5,0.5
AC089999.2,lncRNA,0.0,0.0,0.0,0.0,0.0,1.0
AC090001.1,lncRNA,1.0,1.0,1.0,0.0,1.0,2.0
AC090004.2,lncRNA,0.0,2.0,1.0,1.0,9.0,3.0
AC090018.2,lncRNA,0.0,1.0,4.0,1.0,7.0,4.0
AC090023.1,lncRNA,0.0,0.0,0.0,0.0,0.5,0.0
AC090023.2,lncRNA,1.0,0.0,0.0,1.0,1.0,2.0
AC090044.1,lncRNA,0.0,0.0,2.0,0.0,1.0,2.0
AC090049.1,lncRNA,0.0,0.0,0.0,1.0,0.0,0.0
AC090061.1,lncRNA,4.5,4.0,1.0,3.5,16.0,9.5
AC090099.1,lncRNA,0.0,0.5,0.0,0.5,3.0,4.0
AC090099.2,lncRNA,2.0,2.0,0.0,0.0,1.0,1.0
AC090109.1,lncRNA,0.0,0.0,0.0,0.0,2.5,0.0
AC090114.2,lncRNA,5.0,16.0,16.0,14.0,74.0,55.0
AC090115.1,lncRNA,0.0,2.0,1.0,2.0,0.5,2.5
AC090116.1,lncRNA,0.0,0.0,0.0,1.0,0.0,0.0
AC090125.1,lncRNA,0.0,0.0,2.0,0.0,1.0,0.0
AC090125.2,lncRNA,0.0,0.0,0.0,0.0,1.0,1.0
AC090136.3,lncRNA,2.0,0.0,5.0,2.0,13.5,17.5
AC090138.1,lncRNA,25.0,2.0,2.0,1.0,3.0,1.0
AC090150.1,lncRNA,1.0,0.0,2.0,0.0,4.0,0.0
AC090150.2,lncRNA,0.0,0.0,0.0,1.0,1.0,0.0
AC090152.1,lncRNA,6.0,10.0,7.5,10.5,24.0,40.5
AC090155.2,lncRNA,0.0,0.0,0.0,0.0,0.0,1.0
AC090159.1,lncRNA,2.0,0.0,0.0,0.0,0.0,0.0
AC090164.2,lncRNA,0.0,0.0,0.0,0.0,1.0,0.0
AC090164.3,lncRNA,2.0,5.0,0.0,0.0,4.0,4.0
AC090164.4,lncRNA,0.0,0.0,1.0,0.0,1.0,1.0
AC090181.1,lncRNA,0.0,0.5,0.0,0.0,0.0,0.5
AC090181.2,lncRNA,0.0,0.0,0.0,0.0,2.0,0.0
AC090192.2,lncRNA,1.0,0.0,1.0,0.0,1.0,0.0
AC090193.1,lncRNA,0.0,1.0,0.0,0.0,2.0,1.0
AC090197.1,lncRNA,2.0,3.0,5.0,1.0,7.0,10.5
AC090198.1,lncRNA,0.33,1.0,1.0,0.0,2.0,0.0
AC090200.1,lncRNA,0.0,0.0,0.0,0.0,1.0,3.0
AC090204.1,lncRNA,0.0,0.0,2.0,3.0,2.0,1.0
AC090206.1,lncRNA,2.0,12.0,1.0,3.0,10.0,10.0
AC090213.1,lncRNA,1.0,0.0,0.0,0.0,0.0,1.0
AC090220.1,lncRNA,0.0,0.0,0.0,0.0,0.0,1.0
AC090227.3,lncRNA,0.0,1.0,0.0,0.0,1.0,1.0
AC090229.1,lncRNA,0.0,2.0,0.0,0.0,0.0,0.0
AC090236.1,lncRNA,0.5,0.0,0.0,0.0,5.0,4.5
AC090236.2,lncRNA,0.0,0.0,0.0,1.0,5.0,1.0
AC090241.2,lncRNA,2.5,6.0,7.5,7.0,17.0,19.5
AC090241.3,lncRNA,0.0,1.0,2.0,0.0,1.0,4.0
AC090260.1,lncRNA,0.0,1.0,0.0,2.0,1.0,1.0
AC090282.1,lncRNA,0.0,0.0,0.0,1.0,1.0,2.0
AC090283.1,lncRNA,0.0,0.0,0.0,0.0,5.0,3.0
AC090286.1,lncRNA,2.0,2.0,18.0,1.0,8.0,4.0
AC090337.1,lncRNA,2.0,0.0,0.0,0.0,0.0,0.0
AC090337.2,lncRNA,0.0,0.0,0.0,1.0,1.0,1.0
AC090338.1,lncRNA,3.0,3.0,0.0,1.0,0.0,4.0
AC090340.1,lncRNA,9.0,16.0,13.0,9.0,39.0,51.0
AC090358.1,lncRNA,0.0,0.0,0.0,1.0,0.0,1.0
AC090365.1,lncRNA,0.0,0.0,0.0,0.0,1.0,0.0
AC090371.1,lncRNA,0.0,0.0,0.0,0.0,1.0,1.0
AC090371.2,lncRNA,0.0,0.0,0.0,1.0,0.0,1.0
AC090376.1,lncRNA,0.0,6.0,0.0,1.0,0.0,3.0
AC090377.1,lncRNA,2.0,0.0,4.0,4.0,1.5,1.5
AC090386.1,lncRNA,0.0,0.5,1.0,0.0,1.5,3.0
AC090398.1,lncRNA,1.0,2.0,2.0,1.0,2.0,3.0
AC090398.2,lncRNA,0.0,0.0,1.0,1.0,2.0,1.0
AC090403.1,lncRNA,3.0,6.0,2.0,3.0,23.0,13.0
AC090409.1,lncRNA,0.0,1.0,0.0,0.5,10.0,20.0
AC090409.2,lncRNA,0.0,0.0,0.0,0.0,2.0,0.0
AC090457.1,lncRNA,0.0,0.0,0.0,0.0,1.0,0.0
AC090469.1,lncRNA,0.0,0.5,0.0,0.0,7.0,1.0
AC090502.2,lncRNA,0.0,0.0,0.0,0.0,0.0,2.0
AC090503.1,lncRNA,0.0,1.0,0.0,0.0,0.0,0.0
AC090503.2,lncRNA,0.0,0.0,0.0,0.0,1.0,0.0
AC090505.2,lncRNA,0.0,0.0,0.0,0.0,0.0,1.0
AC090510.1,lncRNA,1.0,0.0,0.0,0.0,0.5,1.0
AC090510.2,lncRNA,0.0,0.0,1.0,0.0,10.0,2.0
AC090510.3,lncRNA,0.0,1.0,0.0,0.0,2.5,0.5
AC090515.2,lncRNA,0.0,3.0,0.0,0.0,3.0,3.0
AC090515.4,lncRNA,0.0,1.0,0.0,0.0,3.0,1.0
AC090515.5,lncRNA,0.0,3.0,0.0,3.0,1.0,1.0
AC090515.6,lncRNA,0.0,0.0,0.5,1.0,2.0,0.0
AC090517.2,lncRNA,0.0,0.0,0.0,0.0,1.0,0.0
AC090517.5,lncRNA,2.5,8.0,1.5,2.0,17.0,21.5
AC090518.1,lncRNA,0.0,1.0,1.0,0.0,2.0,2.0
AC090527.1,lncRNA,0.0,0.0,0.0,3.0,0.0,0.0
AC090527.3,lncRNA,0.0,1.0,0.0,0.0,0.0,0.0
AC090531.1,lncRNA,0.0,0.0,0.0,1.0,2.0,0.0
AC090539.1,lncRNA,0.0,0.0,0.0,0.0,0.0,1.0
AC090559.1,lncRNA,4.0,14.0,1.0,5.0,1.0,5.0
AC090559.2,lncRNA,0.0,4.0,0.0,0.0,0.0,0.0
AC090572.3,lncRNA,0.0,0.0,0.0,0.0,2.0,0.0
AC090577.1,lncRNA,0.0,0.0,3.0,1.0,4.0,6.0
AC090578.1,lncRNA,2.0,4.5,4.0,5.0,10.5,7.0
AC090578.2,lncRNA,0.0,0.0,0.0,0.0,0.0,1.0
AC090578.3,lncRNA,0.0,1.0,1.0,0.0,2.0,4.0
AC090579.1,lncRNA,0.0,1.0,0.0,0.0,0.0,0.0
AC090587.1,lncRNA,1.0,2.0,0.0,1.0,3.33,3.0
AC090589.2,lncRNA,0.0,0.0,0.0,0.0,1.0,0.0
AC090589.3,lncRNA,0.0,0.0,0.0,0.0,0.5,2.0
AC090607.1,lncRNA,0.0,0.0,0.0,0.5,2.0,2.0
AC090607.3,lncRNA,0.0,0.0,0.5,1.5,0.0,1.5
AC090607.4,lncRNA,0.0,1.0,0.0,0.0,0.0,0.0
AC090607.5,lncRNA,1.0,1.0,1.0,6.5,0.5,2.0
AC090617.1,lncRNA,1.0,0.0,2.0,0.0,2.0,2.0
AC090617.10,lncRNA,0.5,0.5,1.0,1.5,3.5,3.5
AC090617.3,lncRNA,0.0,0.33,0.0,0.0,0.0,0.0
AC090617.4,lncRNA,1.0,1.0,3.0,0.0,10.0,8.0
AC090617.5,lncRNA,0.0,0.0,0.0,0.0,0.0,0.5
AC090618.1,lncRNA,0.0,0.0,0.0,0.0,0.5,1.0
AC090621.1,lncRNA,0.0,3.0,2.0,0.0,12.0,5.0
AC090625.2,lncRNA,0.0,0.0,0.0,0.0,0.0,1.0
AC090629.1,lncRNA,1.0,1.0,0.0,1.0,5.0,12.0
AC090644.1,lncRNA,0.0,0.0,1.0,3.0,2.0,3.0
AC090651.1,lncRNA,0.0,0.0,0.0,1.0,0.0,1.0
AC090673.1,lncRNA,1.0,1.0,0.0,0.0,4.0,5.0
AC090679.2,lncRNA,1.0,0.0,0.0,1.0,1.0,0.0
AC090679.3,lncRNA,0.0,0.0,0.0,0.0,4.0,0.0
AC090680.1,lncRNA,0.0,1.0,0.0,0.0,1.0,5.0
AC090692.1,lncRNA,0.0,0.0,0.0,0.0,2.0,0.0
AC090692.2,lncRNA,0.0,0.0,0.0,1.0,1.0,3.0
AC090692.3,lncRNA,1.0,2.0,1.0,0.0,3.0,0.0
AC090696.1,lncRNA,0.0,0.0,1.0,1.0,1.0,0.0
AC090707.1,lncRNA,0.0,0.0,0.0,0.0,0.0,1.0
AC090707.2,lncRNA,0.0,1.0,0.0,0.0,6.0,2.0
AC090709.1,lncRNA,0.0,0.0,0.0,0.0,1.0,1.0
AC090735.1,lncRNA,0.0,0.0,0.0,0.0,0.0,1.0
AC090739.1,lncRNA,0.0,0.0,0.0,1.0,0.0,1.0
AC090753.1,lncRNA,1.0,1.0,0.0,1.0,0.0,0.0
AC090771.2,lncRNA,0.0,0.0,0.0,5.0,2.0,2.0
AC090772.1,lncRNA,0.0,0.0,1.0,0.0,1.0,0.0
AC090772.2,lncRNA,0.0,0.0,0.0,0.0,2.0,1.0
AC090772.3,lncRNA,0.0,0.0,0.0,1.0,0.5,0.5
AC090774.2,lncRNA,0.0,0.0,0.0,1.0,1.0,2.0
AC090791.1,lncRNA,0.0,2.0,0.0,0.0,1.0,0.0
AC090796.1,lncRNA,0.0,0.0,0.0,2.0,2.0,0.0
AC090802.1,lncRNA,0.0,0.0,0.0,1.0,10.0,8.0
AC090809.1,lncRNA,2.0,1.0,1.0,0.0,4.0,1.0
AC090812.1,lncRNA,0.0,0.0,1.0,0.0,0.0,2.0
AC090816.1,lncRNA,0.0,0.0,0.0,1.0,3.0,1.0
AC090820.2,lncRNA,0.0,2.0,1.0,3.0,4.0,1.0
AC090821.2,lncRNA,0.0,1.0,0.0,0.0,1.0,1.0
AC090825.1,lncRNA,3.0,4.0,10.0,5.0,14.0,14.0
AC090826.1,lncRNA,3.5,2.5,0.0,0.5,13.0,12.5
AC090826.2,lncRNA,2.0,0.0,0.0,0.0,0.0,3.0
AC090826.3,lncRNA,3.0,1.0,0.0,0.0,1.0,3.0
AC090844.2,lncRNA,1.0,0.0,0.0,1.0,2.0,0.0
AC090844.3,lncRNA,0.0,0.0,1.0,2.0,4.0,9.0
AC090877.2,lncRNA,1.0,10.5,7.0,11.0,29.0,36.0
AC090907.1,lncRNA,0.0,0.0,0.0,0.0,0.0,1.0
AC090907.2,lncRNA,1.0,1.0,0.5,2.5,0.5,1.5
AC090907.3,lncRNA,1.0,1.0,0.0,0.0,3.0,1.0
AC090912.1,lncRNA,1.0,1.0,0.0,1.0,3.0,1.0
AC090912.2,lncRNA,2.0,1.0,4.0,0.0,1.0,2.0
AC090921.1,lncRNA,0.0,1.0,0.0,1.0,1.0,1.0
AC090936.1,lncRNA,0.0,0.0,1.0,0.0,2.0,2.0
AC090945.1,lncRNA,0.0,0.0,1.0,0.0,2.0,2.0
AC090946.1,lncRNA,0.0,2.0,0.0,0.0,4.0,1.0
AC090948.1,lncRNA,0.0,0.0,1.0,0.0,0.0,1.0
AC090948.3,lncRNA,0.0,0.0,0.0,0.0,1.0,0.0
AC090948.4,lncRNA,0.0,1.0,0.0,0.5,3.0,1.0
AC090952.1,lncRNA,0.0,0.0,1.0,0.0,1.0,0.0
AC090952.2,lncRNA,1.0,3.0,0.0,2.0,4.0,4.0
AC090953.2,lncRNA,4.0,2.0,0.0,1.0,2.0,3.0
AC090957.1,lncRNA,1.0,1.0,1.0,3.0,21.0,22.0
AC090970.1,lncRNA,0.0,0.0,0.0,0.0,0.0,1.0
AC090970.2,lncRNA,0.0,0.0,0.0,0.0,1.0,0.0
AC090971.1,lncRNA,0.0,0.5,0.0,0.5,0.0,0.0
AC090971.2,lncRNA,0.0,0.0,0.0,1.0,0.0,0.5
AC090983.1,lncRNA,1.0,2.0,3.0,3.0,6.0,5.0
AC090983.2,lncRNA,3.0,5.0,1.0,1.0,20.5,15.0
AC090985.2,lncRNA,0.0,0.0,0.0,0.0,2.0,1.0
AC090987.1,lncRNA,0.0,2.0,0.0,1.0,1.0,9.0
AC090994.1,lncRNA,1.0,0.0,0.0,0.0,1.0,3.0
AC091010.1,lncRNA,1.0,2.0,4.0,0.0,9.0,17.0
AC091027.1,lncRNA,0.0,0.5,1.0,3.0,6.0,2.0
AC091027.2,lncRNA,2.0,0.0,0.0,0.0,0.0,2.0
AC091027.3,lncRNA,1.0,0.5,1.0,1.0,11.0,7.0
AC091044.1,lncRNA,0.0,1.0,0.0,0.0,2.0,0.0
AC091045.1,lncRNA,7.5,0.5,1.0,3.5,12.5,4.0
AC091047.1,lncRNA,0.0,0.0,0.0,0.0,0.0,1.0
AC091053.1,lncRNA,0.0,0.0,0.0,0.0,1.0,0.5
AC091053.2,lncRNA,0.0,0.0,0.0,1.0,0.0,0.0
AC091057.1,lncRNA,6.0,0.0,1.0,0.5,6.0,5.0
AC091057.2,lncRNA,0.0,0.0,0.0,0.5,1.5,0.0
AC091059.1,lncRNA,0.0,0.0,0.0,0.0,0.5,0.0
AC091062.1,lncRNA,0.5,0.0,0.5,0.0,1.5,1.0
AC091074.2,lncRNA,0.0,0.0,5.0,0.0,2.0,4.0
AC091074.3,lncRNA,0.0,2.0,1.0,1.0,0.0,0.0
AC091078.1,lncRNA,6.0,9.0,2.0,3.0,10.0,20.0
AC091078.2,lncRNA,0.0,1.0,0.0,3.0,2.0,1.0
AC091096.1,lncRNA,2.0,1.0,0.0,0.0,0.0,3.0
AC091100.1,lncRNA,4.0,2.0,6.0,4.0,12.0,3.0
AC091114.1,lncRNA,1.0,0.0,0.0,0.0,3.0,4.0
AC091117.2,lncRNA,0.5,0.0,0.0,0.0,1.0,0.0
AC091132.2,lncRNA,0.0,0.0,0.0,0.0,0.5,0.0
AC091132.4,lncRNA,1.0,1.0,0.0,1.0,2.0,3.5
AC091132.5,lncRNA,0.0,0.0,0.0,0.0,0.0,0.5
AC091133.1,lncRNA,0.0,0.0,0.0,0.0,1.5,0.5
AC091133.3,lncRNA,0.0,3.0,0.0,0.0,1.0,1.0
AC091133.4,lncRNA,2.0,2.0,0.0,1.0,1.0,1.0
AC091138.1,lncRNA,1.0,0.0,3.0,5.0,7.0,9.0
AC091151.1,lncRNA,1.0,0.0,0.0,1.0,4.0,1.0
AC091151.2,lncRNA,1.0,1.0,0.0,0.0,0.0,4.0
AC091152.2,lncRNA,0.0,0.0,0.0,0.0,2.0,4.5
AC091153.2,lncRNA,0.0,1.0,0.0,0.0,7.0,3.0
AC091153.3,lncRNA,1.0,0.0,0.0,0.0,0.5,2.5
AC091153.4,lncRNA,0.0,0.0,0.0,1.0,1.5,4.0
AC091163.1,lncRNA,0.0,1.0,0.0,1.0,4.0,2.0
AC091163.2,lncRNA,0.0,0.0,0.0,0.0,7.0,4.0
AC091167.5,lncRNA,0.0,0.0,0.5,0.0,1.0,0.0
AC091173.1,lncRNA,0.0,2.0,0.0,1.0,4.0,1.0
AC091178.2,lncRNA,0.0,0.0,0.0,3.0,4.0,4.0
AC091179.1,lncRNA,1.0,2.0,0.0,1.0,3.0,1.0
AC091180.2,lncRNA,3.0,2.5,0.0,0.0,4.0,6.0
AC091180.3,lncRNA,0.0,0.0,0.5,0.0,1.0,1.5
AC091180.4,lncRNA,0.0,0.0,0.0,0.0,0.0,1.0
AC091180.5,lncRNA,0.0,1.0,0.0,2.0,0.0,1.0
AC091181.2,lncRNA,0.0,0.0,0.0,0.0,3.0,3.0
AC091182.1,lncRNA,3.0,3.0,2.0,7.0,5.0,7.0
AC091182.2,lncRNA,0.0,2.0,0.0,1.0,1.0,0.0
AC091196.1,lncRNA,1.0,12.0,1.0,1.0,10.0,14.0
AC091198.1,lncRNA,0.0,3.0,1.0,1.0,5.0,1.0
AC091214.1,lncRNA,25.0,62.0,13.0,17.0,36.0,59.0
AC091230.1,lncRNA,1.5,4.5,0.5,1.5,17.0,9.5
AC091231.1,lncRNA,0.0,3.0,0.0,0.0,2.0,0.0
AC091271.1,lncRNA,0.0,8.0,2.0,12.0,11.0,7.5
AC091393.2,lncRNA,1.0,0.0,0.0,0.0,0.0,1.0
AC091488.1,lncRNA,0.0,0.0,0.0,0.0,0.0,1.0
AC091493.1,lncRNA,0.0,0.0,0.0,0.0,0.0,3.0
AC091544.2,lncRNA,6.0,4.0,3.0,5.0,14.5,8.5
AC091544.4,lncRNA,2.0,1.0,0.0,1.0,8.5,5.5
AC091544.5,lncRNA,0.0,0.0,2.0,0.0,0.0,0.0
AC091544.6,lncRNA,0.5,0.0,0.0,0.0,0.5,0.5
AC091544.7,lncRNA,0.0,0.0,0.0,0.0,0.0,2.0
AC091564.2,lncRNA,0.0,1.0,4.5,1.0,7.5,4.5
AC091564.3,lncRNA,0.0,0.0,1.5,0.33,0.33,1.0
AC091564.4,lncRNA,0.0,0.5,0.5,0.0,4.5,1.5
AC091564.5,lncRNA,2.0,0.0,0.5,2.5,9.0,8.0
AC091564.6,lncRNA,0.0,0.0,0.0,0.5,0.0,0.5
AC091564.7,lncRNA,1.0,2.5,1.0,3.0,12.5,5.83
AC091576.1,lncRNA,0.0,1.0,0.0,0.0,0.0,1.0
AC091588.1,lncRNA,1.0,2.0,1.0,0.0,1.0,2.0
AC091588.2,lncRNA,0.0,0.0,3.0,1.0,0.0,0.0
AC091588.3,lncRNA,0.0,1.0,0.5,0.0,2.5,3.5
AC091607.2,lncRNA,0.0,1.5,0.0,0.0,3.0,3.5
AC091614.1,lncRNA,0.0,2.0,1.0,0.0,0.0,0.0
AC091646.1,lncRNA,36.0,14.0,3.0,15.0,9.0,13.0
AC091685.1,lncRNA,0.0,0.0,0.0,1.0,0.0,0.0
AC091691.2,lncRNA,1.0,0.0,0.0,0.0,1.0,2.0
AC091691.3,lncRNA,2.0,0.0,1.0,1.0,7.0,5.0
AC091729.1,lncRNA,2.0,0.0,0.0,4.0,4.0,1.0
AC091729.2,lncRNA,2.0,0.0,0.0,0.0,0.0,4.0
AC091730.1,lncRNA,0.0,0.0,0.0,0.0,1.0,3.0
AC091736.1,lncRNA,0.0,0.0,0.0,0.0,0.0,0.5
AC091769.1,lncRNA,0.0,2.0,0.0,0.0,0.0,1.0
AC091770.1,lncRNA,0.0,0.0,0.0,0.0,0.0,1.0
AC091806.1,lncRNA,2.0,1.0,4.0,7.0,9.0,10.0
AC091814.1,lncRNA,0.0,0.0,0.0,0.0,1.0,1.0
AC091819.2,lncRNA,0.0,0.0,0.0,2.0,0.0,0.0
AC091820.1,lncRNA,0.0,2.0,0.0,1.0,1.0,1.0
AC091820.2,lncRNA,0.0,0.0,0.0,0.0,1.0,0.0
AC091826.2,lncRNA,0.0,0.0,0.0,0.0,1.0,0.0
AC091849.2,lncRNA,1.0,0.0,0.0,0.0,4.0,1.0
AC091860.2,lncRNA,0.0,0.0,0.0,0.0,0.0,1.0
AC091868.2,lncRNA,0.0,0.0,1.0,7.0,1.0,4.0
AC091885.2,lncRNA,68.0,130.0,221.0,355.0,212.0,130.0
AC091887.1,lncRNA,0.0,0.0,0.0,0.0,0.5,0.0
AC091889.1,lncRNA,0.0,1.0,0.0,1.0,1.0,2.0
AC091891.1,lncRNA,0.0,0.0,1.0,0.0,2.0,0.0
AC091893.2,lncRNA,0.0,4.0,0.0,0.0,2.0,3.0
AC091906.1,lncRNA,0.0,0.0,0.0,0.0,0.0,1.0
AC091912.3,lncRNA,0.0,0.0,0.0,1.0,1.0,0.0
AC091917.3,lncRNA,0.0,0.0,0.0,0.0,0.0,3.0
AC091932.1,lncRNA,0.0,0.0,0.0,1.0,0.0,0.0
AC091938.1,lncRNA,2.0,4.0,5.0,4.0,13.0,17.0
AC091939.1,lncRNA,0.0,1.0,0.0,3.0,6.0,6.0
AC091944.1,lncRNA,0.0,0.0,0.0,0.0,0.5,0.0
AC091946.1,lncRNA,0.0,1.0,0.0,1.0,0.0,1.0
AC091946.2,lncRNA,0.0,0.0,0.0,0.0,1.0,0.0
AC091951.4,lncRNA,0.0,0.0,0.0,0.0,0.0,1.0
AC091953.1,lncRNA,0.0,2.0,0.0,2.0,3.0,3.0
AC091962.1,lncRNA,0.0,1.0,0.0,1.0,1.0,0.0
AC091965.1,lncRNA,0.0,0.0,0.0,1.0,1.0,1.0
AC091965.4,lncRNA,0.0,3.0,0.0,0.0,0.0,0.0
AC091973.1,lncRNA,0.5,3.0,0.5,3.5,1.0,4.5
AC091978.1,lncRNA,0.0,1.0,0.0,0.0,5.0,4.0
AC091979.1,lncRNA,0.0,0.0,1.0,0.0,2.0,3.0
AC091980.2,lncRNA,2.0,1.0,1.0,2.5,20.5,10.0
AC091982.1,lncRNA,0.0,0.0,0.0,0.0,1.0,3.0
AC091982.3,lncRNA,1.0,1.0,1.0,2.0,1.0,1.0
AC091987.1,lncRNA,0.0,0.0,0.0,0.0,4.0,3.0
AC092017.3,lncRNA,1.0,0.0,1.0,2.0,9.0,7.5
AC092042.1,lncRNA,0.0,1.0,0.0,0.0,1.0,2.0
AC092042.4,lncRNA,0.0,1.0,0.0,0.0,1.0,1.0
AC092053.2,lncRNA,8.0,2.0,5.5,8.0,23.0,21.0
AC092053.3,lncRNA,3.0,3.0,2.0,4.0,16.0,7.0
AC092053.4,lncRNA,0.0,6.0,1.0,0.0,3.0,5.0
AC092053.5,lncRNA,0.0,2.0,0.0,0.0,3.0,0.0
AC092053.6,lncRNA,0.0,0.0,0.0,0.0,3.0,4.5
AC092058.1,lncRNA,2.0,3.0,1.5,3.0,0.5,0.5
AC092059.1,lncRNA,0.0,0.0,0.0,5.0,1.0,0.0
AC092067.1,lncRNA,0.0,0.0,0.0,1.0,0.0,0.0
AC092068.1,lncRNA,1.0,6.0,1.0,3.0,2.0,3.0
AC092068.2,lncRNA,2.0,4.0,7.0,37.0,46.0,34.0
AC092068.3,lncRNA,3.0,1.0,0.0,4.0,7.0,8.0
AC092069.1,lncRNA,0.0,1.5,0.5,0.5,0.5,0.0
AC092070.3,lncRNA,0.0,0.5,0.5,0.5,2.0,0.0
AC092070.4,lncRNA,0.0,0.0,0.0,0.0,1.0,0.0
AC092071.1,lncRNA,0.0,0.0,0.0,2.0,0.0,5.0
AC092078.2,lncRNA,0.0,0.0,0.0,1.0,1.0,1.0
AC092078.3,lncRNA,4.0,1.0,1.0,1.0,4.0,4.0
AC092079.2,lncRNA,0.0,0.0,0.0,0.0,1.0,0.0
AC092100.1,lncRNA,0.0,1.0,0.0,1.0,2.0,13.0
AC092110.1,lncRNA,1.0,0.0,0.0,2.0,2.0,1.0
AC092111.1,lncRNA,1.0,2.0,0.0,1.0,0.0,0.0
AC092112.1,lncRNA,1.0,2.0,1.0,1.0,1.0,3.0
AC092114.1,lncRNA,3.0,1.0,1.0,2.0,4.0,3.0
AC092115.3,lncRNA,0.0,0.0,0.0,0.0,1.0,0.0
AC092117.1,lncRNA,3.0,1.0,8.0,9.0,40.0,18.0
AC092118.1,lncRNA,1.0,1.0,1.5,1.0,4.0,6.0
AC092118.2,lncRNA,0.0,0.5,0.0,1.5,1.0,0.5
AC092119.2,lncRNA,0.0,1.0,0.0,2.0,1.0,0.0
AC092119.3,lncRNA,4.0,2.0,0.0,1.0,11.0,3.0
AC092120.1,lncRNA,0.0,1.0,0.0,0.0,0.0,0.0
AC092120.3,lncRNA,0.0,0.0,0.0,0.5,1.5,2.0
AC092123.1,lncRNA,0.0,0.0,1.0,0.0,39.0,25.0
AC092125.1,lncRNA,1.0,7.0,1.0,0.0,1.0,1.0
AC092125.2,lncRNA,0.0,2.0,0.0,0.0,1.0,3.0
AC092127.1,lncRNA,4.0,1.0,6.0,3.0,12.0,15.0
AC092127.2,lncRNA,0.0,0.0,0.0,1.0,0.0,1.0
AC092130.1,lncRNA,0.0,0.0,0.0,0.0,1.0,0.0
AC092132.1,lncRNA,0.0,0.0,0.0,0.0,1.0,0.0
AC092134.1,lncRNA,0.0,0.5,0.0,0.0,0.5,2.5
AC092134.3,lncRNA,2.0,2.0,0.0,0.0,0.0,2.0
AC092138.1,lncRNA,0.0,0.0,0.0,0.0,1.0,1.0
AC092138.2,lncRNA,0.0,3.0,0.0,0.0,0.0,0.0
AC092140.2,lncRNA,0.0,0.0,0.0,0.0,2.0,1.0
AC092142.1,lncRNA,0.5,0.0,0.0,2.0,2.0,0.0
AC092143.2,lncRNA,1.0,0.33,0.0,0.0,1.67,0.33
AC092143.3,lncRNA,0.0,1.5,0.5,0.0,13.5,4.5
AC092145.1,lncRNA,1.0,1.0,3.0,7.0,6.0,5.0
AC092153.1,lncRNA,0.0,0.0,1.0,0.0,3.5,3.5
AC092155.1,lncRNA,6.0,6.0,12.0,11.0,12.0,17.0
AC092159.1,lncRNA,0.0,0.0,0.0,1.0,1.0,4.0
AC092159.2,lncRNA,0.0,0.0,0.0,0.0,1.0,6.0
AC092162.2,lncRNA,3.0,1.0,2.0,6.0,6.0,8.0
AC092164.1,lncRNA,2.0,8.0,2.0,12.0,30.0,34.5
AC092168.1,lncRNA,0.0,0.0,0.0,0.0,3.0,1.0
AC092168.2,lncRNA,0.0,0.0,0.0,3.0,0.0,0.0
AC092168.3,lncRNA,0.0,2.0,0.0,0.0,4.0,0.0
AC092171.1,lncRNA,0.0,4.0,0.0,0.0,11.0,4.0
AC092171.2,lncRNA,1.5,0.5,0.0,1.5,6.5,4.5
AC092171.3,lncRNA,1.5,4.5,12.5,3.5,49.5,48.0
AC092171.4,lncRNA,0.0,0.0,1.0,1.0,6.5,8.0
AC092171.5,lncRNA,0.5,2.5,3.5,1.5,23.0,25.0
AC092198.1,lncRNA,0.0,1.0,1.0,3.0,29.0,21.0
AC092265.1,lncRNA,1.0,0.0,1.0,0.0,1.0,0.0
AC092268.1,lncRNA,0.0,0.0,0.0,0.0,1.0,0.0
AC092275.1,lncRNA,0.0,0.0,1.0,2.0,2.0,1.0
AC092279.1,lncRNA,7.0,5.0,7.5,7.0,64.5,66.0
AC092287.1,lncRNA,0.0,0.0,0.0,1.0,0.0,1.0
AC092295.1,lncRNA,0.0,1.0,0.0,0.0,5.0,5.0
AC092295.2,lncRNA,1.0,0.0,2.5,2.0,5.0,6.0
AC092296.1,lncRNA,3.0,4.0,5.0,1.0,6.0,9.0
AC092296.2,lncRNA,4.0,3.0,3.0,3.5,8.0,13.0
AC092301.1,lncRNA,0.0,0.0,0.0,1.0,1.0,3.0
AC092306.1,lncRNA,0.0,0.0,0.0,0.0,2.0,0.0
AC092327.2,lncRNA,0.0,0.0,0.0,0.0,0.5,1.0
AC092329.1,lncRNA,0.0,0.0,0.0,0.0,0.0,0.5
AC092329.4,lncRNA,2.0,2.0,1.0,2.0,0.0,4.0
AC092332.1,lncRNA,0.0,1.0,0.0,0.0,1.0,3.0
AC092335.1,lncRNA,0.0,2.0,3.0,9.0,21.0,15.0
AC092337.1,lncRNA,1.0,1.0,0.0,1.0,1.0,0.0
AC092338.2,lncRNA,2.0,2.0,3.0,3.0,71.5,84.5
AC092338.3,lncRNA,3.0,0.0,0.5,3.5,1.5,4.5
AC092343.1,lncRNA,1.0,1.0,0.0,0.0,2.0,1.0
AC092353.1,lncRNA,0.0,3.0,0.0,1.0,29.0,23.0
AC092353.2,lncRNA,0.0,0.0,0.0,0.0,2.0,0.0
AC092354.1,lncRNA,0.0,1.0,0.0,0.0,0.0,0.0
AC092354.2,lncRNA,0.0,1.0,0.0,0.0,0.0,0.0
AC092364.1,lncRNA,0.0,0.0,0.0,0.0,2.0,0.0
AC092368.3,lncRNA,0.0,2.0,1.0,5.0,19.0,16.0
AC092375.2,lncRNA,0.0,0.0,0.0,2.0,1.0,0.0
AC092376.1,lncRNA,0.0,0.0,0.0,0.0,7.0,1.0
AC092376.2,lncRNA,3.0,1.0,3.0,0.0,23.0,21.0
AC092376.3,lncRNA,0.0,1.0,0.0,0.0,3.0,2.0
AC092377.1,lncRNA,0.0,0.0,0.0,0.0,2.0,0.0
AC092378.1,lncRNA,0.0,0.0,2.0,0.0,1.0,1.0
AC092384.1,lncRNA,1.0,7.0,7.0,7.0,29.0,43.0
AC092384.2,lncRNA,3.0,0.5,9.0,4.5,38.5,27.0
AC092384.3,lncRNA,4.0,1.0,4.0,0.0,11.0,9.0
AC092418.2,lncRNA,0.0,1.0,0.0,0.0,3.0,2.0
AC092428.1,lncRNA,3.0,5.0,4.0,5.0,10.0,14.0
AC092431.1,lncRNA,0.0,82.0,1.0,1.0,53.0,1.0
AC092435.1,lncRNA,1.0,0.0,0.0,1.0,0.0,1.0
AC092435.2,lncRNA,1.0,3.0,0.0,1.0,1.0,0.0
AC092435.3,lncRNA,2.0,8.0,1.0,2.0,2.0,2.0
AC092445.1,lncRNA,0.0,1.0,1.0,0.0,2.0,1.0
AC092447.4,lncRNA,11.0,31.0,11.0,13.0,43.0,50.0
AC092447.5,lncRNA,1.0,1.0,0.0,1.0,0.0,5.0
AC092447.8,lncRNA,2.0,1.0,3.0,1.0,8.0,5.0
AC092448.1,lncRNA,0.0,0.0,0.0,1.0,4.0,4.0
AC092468.1,lncRNA,1.0,0.0,3.0,1.0,0.0,2.0
AC092473.2,lncRNA,1.0,1.0,0.0,0.0,0.0,0.0
AC092484.1,lncRNA,0.0,1.0,0.0,1.0,0.0,1.0
AC092490.1,lncRNA,0.0,1.0,1.0,1.0,2.0,1.0
AC092535.2,lncRNA,4.0,2.0,3.0,1.0,37.0,29.0
AC092535.4,lncRNA,0.0,1.0,0.0,0.0,6.0,4.0
AC092535.5,lncRNA,0.0,0.0,0.0,1.0,3.0,3.0
AC092567.2,lncRNA,1.0,0.0,0.0,0.0,1.0,0.0
AC092574.2,lncRNA,0.0,0.0,0.0,0.0,1.0,0.0
AC092580.4,lncRNA,0.0,2.0,2.0,7.0,7.0,6.0
AC092590.1,lncRNA,1.0,0.0,0.0,0.0,0.0,1.0
AC092596.1,lncRNA,0.0,0.0,1.0,0.0,1.0,0.0
AC092604.1,lncRNA,0.0,0.0,0.0,0.0,1.0,0.0
AC092608.1,lncRNA,2.0,5.0,1.0,1.0,0.0,0.0
AC092611.1,lncRNA,0.0,1.0,1.0,0.0,6.0,8.0
AC092614.1,lncRNA,5.0,0.0,0.0,4.0,4.0,1.0
AC092617.1,lncRNA,0.0,2.0,1.0,0.0,17.0,5.0
AC092620.1,lncRNA,0.0,1.0,0.0,1.0,2.0,0.0
AC092620.2,lncRNA,0.0,0.0,0.0,0.5,1.0,1.5
AC092623.1,lncRNA,0.0,0.0,0.0,0.0,1.0,3.0
AC092625.1,lncRNA,24.0,8.0,9.0,6.0,33.0,18.0
AC092634.4,lncRNA,0.0,1.0,2.0,1.5,8.0,1.0
AC092634.7,lncRNA,0.0,0.0,1.0,0.0,0.0,0.0
AC092634.8,lncRNA,5.0,7.0,13.0,11.0,6.0,2.0
AC092636.1,lncRNA,3.0,4.0,3.0,18.0,16.0,17.0
AC092637.1,lncRNA,1.0,0.0,0.0,0.0,0.0,0.0
AC092640.1,lncRNA,0.0,1.0,1.0,0.0,5.0,9.0
AC092645.2,lncRNA,1.0,0.0,2.0,2.0,1.0,3.0
AC092650.1,lncRNA,4.0,2.0,0.0,6.0,18.0,17.0
AC092651.2,lncRNA,0.0,0.0,2.0,0.0,1.0,1.0
AC092652.1,lncRNA,1.0,8.0,0.0,0.0,4.0,4.0
AC092652.2,lncRNA,0.0,0.0,0.0,1.0,2.0,3.0
AC092660.1,lncRNA,0.0,0.0,0.0,2.0,0.0,0.0
AC092661.1,lncRNA,2.0,1.0,0.0,0.0,2.0,0.0
AC092666.1,lncRNA,1.0,6.0,4.0,3.0,12.0,31.0
AC092667.1,lncRNA,2.0,2.5,3.5,3.5,9.0,5.5
AC092669.1,lncRNA,0.0,3.0,4.0,2.0,3.0,0.0
AC092673.1,lncRNA,0.0,0.0,0.0,0.0,1.0,1.0
AC092674.1,lncRNA,0.0,0.0,1.0,0.0,0.0,1.0
AC092675.1,lncRNA,0.0,6.0,1.0,3.0,4.0,9.0
AC092675.2,lncRNA,0.0,0.0,0.0,0.0,2.0,3.0
AC092681.2,lncRNA,0.0,0.0,0.0,2.0,7.0,10.0
AC092681.3,lncRNA,0.0,0.0,0.0,0.0,0.0,1.0
AC092683.1,lncRNA,0.0,2.5,1.0,0.0,5.0,1.5
AC092683.2,lncRNA,0.0,0.5,0.0,0.0,1.0,0.5
AC092687.2,lncRNA,0.0,0.0,0.0,0.0,2.0,0.0
AC092687.3,lncRNA,0.0,0.0,1.0,0.0,3.0,3.0
AC092691.1,lncRNA,1.0,1.0,0.0,1.0,5.0,5.0
AC092691.3,lncRNA,1.0,2.0,0.0,2.0,3.0,1.0
AC092718.1,lncRNA,0.0,1.0,2.0,0.0,7.0,1.0
AC092718.3,lncRNA,0.5,0.0,0.0,0.0,0.5,0.5
AC092718.4,lncRNA,0.0,0.0,0.0,0.0,1.0,4.0
AC092718.5,lncRNA,0.0,0.0,0.0,2.0,1.0,0.0
AC092718.8,lncRNA,0.0,0.0,1.5,0.0,4.0,3.0
AC092720.1,lncRNA,9.0,3.0,0.0,1.0,5.0,11.0
AC092720.2,lncRNA,0.0,5.0,4.0,3.0,9.5,6.0
AC092720.3,lncRNA,2.0,6.0,7.0,3.0,13.0,9.0
AC092723.1,lncRNA,1.0,2.0,0.0,2.0,1.0,0.0
AC092723.3,lncRNA,3.0,8.0,2.0,1.0,3.0,3.0
AC092723.4,lncRNA,0.0,1.0,0.0,1.0,0.0,0.0
AC092723.5,lncRNA,1.0,0.0,2.0,1.5,7.0,6.5
AC092725.1,lncRNA,0.0,1.0,0.0,0.0,1.0,1.5
AC092745.1,lncRNA,4.0,4.0,0.0,2.0,1.0,1.0
AC092745.4,lncRNA,0.0,2.0,0.0,2.0,1.0,3.0
AC092745.5,lncRNA,0.0,0.0,0.0,1.0,2.0,4.0
AC092746.1,lncRNA,0.0,1.0,0.0,0.0,1.0,0.0
AC092747.1,lncRNA,0.0,0.0,0.0,0.0,2.0,1.0
AC092747.4,lncRNA,1.0,0.0,0.0,0.0,0.0,0.0
AC092755.2,lncRNA,0.0,0.0,2.0,0.0,5.5,5.0
AC092757.3,lncRNA,0.0,0.0,0.0,0.0,1.0,0.0
AC092793.1,lncRNA,0.0,0.0,0.0,0.0,0.0,1.0
AC092794.1,lncRNA,0.0,0.0,0.0,0.0,0.0,1.0
AC092794.2,lncRNA,0.0,0.0,0.0,0.0,1.0,0.0
AC092800.1,lncRNA,0.0,0.0,1.0,0.0,1.0,1.0
AC092802.1,lncRNA,1.0,0.0,1.0,5.0,4.0,1.0
AC092802.2,lncRNA,0.0,2.0,0.0,0.0,1.0,9.0
AC092802.3,lncRNA,0.0,0.0,0.0,0.0,3.0,1.0
AC092802.4,lncRNA,0.0,1.0,1.0,0.0,2.0,7.0
AC092803.1,lncRNA,0.0,1.0,0.0,1.0,7.0,9.5
AC092803.2,lncRNA,0.0,0.0,0.0,1.0,2.0,1.0
AC092803.3,lncRNA,0.0,0.0,0.0,0.0,2.0,1.0
AC092803.4,lncRNA,0.0,0.0,0.0,0.0,7.0,7.5
AC092805.1,lncRNA,4.0,2.0,15.0,4.0,35.0,41.0
AC092807.1,lncRNA,0.0,0.0,0.0,0.0,3.0,0.0
AC092807.3,lncRNA,1.0,0.0,3.0,5.5,15.0,2.0
AC092809.2,lncRNA,2.0,3.0,7.0,1.0,36.0,17.0
AC092809.4,lncRNA,0.0,1.0,3.0,1.0,4.5,4.0
AC092810.2,lncRNA,0.0,0.0,1.0,0.0,4.0,3.0
AC092810.3,lncRNA,0.0,1.0,1.0,1.0,2.0,1.0
AC092811.1,lncRNA,0.0,0.0,0.0,0.0,1.5,1.0
AC092813.1,lncRNA,0.0,0.0,2.0,1.0,1.0,2.0
AC092813.2,lncRNA,0.0,2.0,1.0,3.0,2.0,1.0
AC092818.1,lncRNA,0.0,1.0,0.0,0.0,3.0,0.0
AC092819.1,lncRNA,0.5,4.0,3.0,2.0,3.0,0.0
AC092819.2,lncRNA,0.5,0.0,0.0,0.0,1.0,0.0
AC092819.3,lncRNA,0.0,0.0,0.0,0.0,1.0,2.0
AC092821.3,lncRNA,2.0,1.5,2.5,6.5,10.5,9.5
AC092825.1,lncRNA,0.0,0.0,0.0,1.0,2.0,0.0
AC092828.1,lncRNA,0.0,6.0,0.0,1.0,0.0,2.0
AC092832.2,lncRNA,0.0,0.0,0.0,1.0,0.0,1.0
AC092834.1,lncRNA,1.0,0.0,0.0,0.0,3.0,1.0
AC092844.1,lncRNA,0.0,0.0,0.0,0.0,0.0,2.0
AC092845.1,lncRNA,1.0,0.0,0.0,0.0,3.0,4.0
AC092848.2,lncRNA,1.0,0.0,1.0,0.0,5.0,5.0
AC092849.1,lncRNA,0.0,0.5,1.0,1.5,1.5,4.0
AC092849.2,lncRNA,1.0,0.0,0.0,0.0,4.0,3.0
AC092850.2,lncRNA,11.0,36.0,41.0,38.0,206.0,232.0
AC092868.2,lncRNA,0.0,0.0,0.0,11.0,1.0,1.0
AC092881.2,lncRNA,0.5,0.0,0.0,3.0,1.0,1.0
AC092894.1,lncRNA,0.0,0.0,0.0,0.0,20.0,17.0
AC092896.1,lncRNA,0.0,1.0,1.0,0.0,4.0,3.0
AC092902.2,lncRNA,0.0,0.0,0.0,0.0,1.0,0.0
AC092902.4,lncRNA,0.33,1.0,1.33,2.0,3.67,10.17
AC092902.6,lncRNA,0.0,0.0,0.0,2.0,0.0,0.0
AC092903.2,lncRNA,1.5,0.5,0.5,2.0,1.0,3.0
AC092910.3,lncRNA,3.0,3.0,0.0,2.0,14.0,9.5
AC092910.4,lncRNA,0.0,0.0,0.0,1.0,0.0,0.0
AC092916.1,lncRNA,0.0,0.0,0.0,0.0,1.0,0.0
AC092919.1,lncRNA,0.0,0.0,0.0,0.0,1.5,3.0
AC092924.1,lncRNA,0.0,0.0,0.0,0.0,0.0,1.0
AC092924.2,lncRNA,0.0,0.0,2.0,0.0,7.0,0.0
AC092925.1,lncRNA,0.0,0.0,0.0,0.0,1.0,0.0
AC092933.2,lncRNA,1.0,3.0,2.0,0.0,6.0,2.0
AC092939.1,lncRNA,1.0,0.0,1.0,0.0,4.0,2.0
AC092941.1,lncRNA,0.0,0.0,0.0,0.0,0.0,1.0
AC092941.2,lncRNA,0.0,0.0,0.0,0.0,6.0,6.0
AC092943.2,lncRNA,0.0,0.0,1.0,0.0,2.0,3.0
AC092944.1,lncRNA,3.5,11.0,8.0,6.0,47.5,56.0
AC092944.3,lncRNA,0.0,1.0,1.0,0.0,0.0,1.0
AC092953.2,lncRNA,0.0,0.0,0.0,0.0,0.0,0.5
AC092954.2,lncRNA,1.0,0.0,0.0,0.0,0.0,0.0
AC092957.1,lncRNA,1.0,1.5,3.0,2.0,16.0,13.0
AC092958.1,lncRNA,2.0,4.0,6.0,3.0,6.0,8.0
AC092958.2,lncRNA,0.0,0.0,0.0,0.0,2.0,0.0
AC092958.3,lncRNA,5.0,1.0,1.0,1.0,6.0,8.0
AC092958.4,lncRNA,1.0,1.0,0.0,0.0,12.0,8.0
AC092969.1,lncRNA,1.0,0.0,2.0,5.0,10.0,12.0
AC092979.1,lncRNA,0.0,3.0,0.0,3.0,0.0,1.0
AC092979.2,lncRNA,7.0,3.0,0.0,1.0,4.0,5.0
AC092994.1,lncRNA,0.0,0.0,0.0,0.0,0.0,2.0
AC093001.1,lncRNA,0.5,2.5,1.0,1.0,2.0,1.5
AC093001.2,lncRNA,1.0,0.0,1.0,0.0,1.0,0.0
AC093010.1,lncRNA,0.5,0.0,0.0,0.0,0.0,0.0
AC093010.2,lncRNA,11.5,20.0,15.0,9.0,21.5,30.0
AC093025.1,lncRNA,0.0,0.0,0.0,0.0,1.0,1.0
AC093072.1,lncRNA,0.0,3.0,0.0,0.0,1.0,2.0
AC093074.1,lncRNA,0.0,0.0,0.0,0.0,1.0,1.0
AC093083.1,lncRNA,0.0,0.0,0.0,0.0,0.0,1.0
AC093110.1,lncRNA,1.0,0.0,0.0,1.5,1.5,1.0
AC093117.1,lncRNA,0.0,0.0,0.0,1.0,1.0,0.0
AC093151.2,lncRNA,1.0,2.0,2.0,1.0,7.0,7.0
AC093151.7,lncRNA,0.0,2.0,1.0,1.0,6.0,4.0
AC093154.1,lncRNA,0.0,2.0,0.0,0.0,1.0,1.0
AC093157.1,lncRNA,4.0,3.0,2.0,7.0,11.5,14.0
AC093158.1,lncRNA,1.0,0.0,0.0,0.0,1.0,1.0
AC093159.1,lncRNA,0.0,0.0,0.0,0.0,2.0,1.0
AC093206.1,lncRNA,0.0,1.0,0.0,0.0,1.0,1.0
AC093227.1,lncRNA,0.0,0.0,0.0,2.5,0.0,0.0
AC093227.3,lncRNA,0.0,0.0,0.0,0.5,0.0,0.0
AC093240.1,lncRNA,0.0,1.0,2.0,0.0,11.0,9.0
AC093248.1,lncRNA,0.0,1.0,1.0,0.0,0.0,1.0
AC093249.2,lncRNA,0.0,0.0,0.0,0.0,2.0,0.0
AC093249.6,lncRNA,2.5,2.5,2.0,0.0,23.5,20.0
AC093274.1,lncRNA,1.0,1.0,1.0,0.0,4.0,3.0
AC093277.1,lncRNA,0.0,0.0,0.0,0.0,1.0,1.0
AC093278.2,lncRNA,0.0,1.0,0.0,0.5,0.5,1.0
AC093281.2,lncRNA,0.0,0.0,0.0,0.0,0.0,1.0
AC093283.1,lncRNA,0.0,0.0,0.0,1.0,3.0,0.0
AC093295.1,lncRNA,3.0,3.0,0.0,0.0,16.0,11.0
AC093297.2,lncRNA,0.0,0.0,0.0,1.0,8.0,4.0
AC093298.2,lncRNA,1.0,0.0,0.0,0.0,2.0,1.0
AC093305.1,lncRNA,0.0,0.0,0.0,0.0,2.0,0.0
AC093307.1,lncRNA,0.0,1.0,4.0,2.0,16.0,5.0
AC093326.1,lncRNA,2.0,1.0,1.0,0.0,4.0,3.0
AC093326.2,lncRNA,0.0,0.0,0.0,0.0,2.0,2.0
AC093330.1,lncRNA,0.5,0.0,0.5,1.0,6.0,2.0
AC093330.3,lncRNA,0.0,1.0,1.0,0.0,5.0,8.0
AC093334.1,lncRNA,1.0,0.0,0.0,0.0,1.0,0.0
AC093382.1,lncRNA,0.0,1.0,0.0,0.0,0.0,0.0
AC093388.1,lncRNA,0.0,0.0,0.0,0.0,1.0,1.0
AC093390.1,lncRNA,5.0,3.0,5.0,2.0,7.0,8.0
AC093390.2,lncRNA,4.0,2.0,11.0,6.0,47.0,34.5
AC093418.1,lncRNA,0.0,0.0,2.0,0.0,2.0,0.0
AC093426.1,lncRNA,0.0,0.0,1.0,2.0,1.0,3.0
AC093426.2,lncRNA,2.0,1.0,5.0,0.0,28.0,28.0
AC093433.2,lncRNA,0.0,4.0,0.0,0.0,1.0,1.0
AC093458.1,lncRNA,0.0,0.0,0.0,0.0,0.0,0.5
AC093459.1,lncRNA,1.0,1.0,1.0,0.0,6.0,13.0
AC093462.1,lncRNA,0.0,1.0,3.0,3.0,11.0,11.0
AC093484.1,lncRNA,0.0,0.5,0.0,0.0,0.5,0.0
AC093484.2,lncRNA,1.0,0.0,1.0,0.0,3.5,4.5
AC093484.3,lncRNA,1.0,0.5,0.0,0.5,0.0,1.5
AC093484.4,lncRNA,0.0,0.0,0.0,0.0,0.0,1.0
AC093496.1,lncRNA,0.0,0.0,0.0,0.0,2.0,1.0
AC093503.1,lncRNA,7.5,1.0,0.0,1.0,0.0,0.0
AC093510.1,lncRNA,0.0,0.0,0.0,2.0,2.0,0.0
AC093512.1,lncRNA,0.0,0.5,1.0,0.0,0.5,0.0
AC093515.1,lncRNA,4.0,8.0,0.0,2.0,10.0,12.0
AC093516.1,lncRNA,0.0,0.0,0.0,0.0,1.0,0.0
AC093519.2,lncRNA,1.0,2.0,0.0,1.0,5.0,10.0
AC093520.1,lncRNA,0.0,1.0,0.0,2.0,3.0,10.0
AC093523.1,lncRNA,4.0,4.0,1.0,2.0,7.0,7.0
AC093525.3,lncRNA,0.0,0.0,0.0,1.0,1.0,1.0
AC093525.4,lncRNA,3.0,0.0,0.0,0.0,0.0,1.0
AC093525.5,lncRNA,0.0,0.5,0.0,0.0,0.5,0.0
AC093525.6,lncRNA,0.0,0.5,1.0,0.0,11.5,9.0
AC093525.7,lncRNA,2.5,2.0,4.5,5.0,24.5,14.0
AC093535.1,lncRNA,0.0,2.5,0.0,0.0,3.0,3.0
AC093536.2,lncRNA,1.0,0.0,1.0,2.0,11.0,11.0
AC093567.1,lncRNA,0.0,0.0,0.0,0.0,1.0,1.0
AC093575.1,lncRNA,0.0,1.0,0.0,0.0,2.0,2.0
AC093577.1,lncRNA,1.0,8.0,0.0,1.0,1.0,1.0
AC093579.1,lncRNA,0.0,0.0,0.0,0.0,2.0,0.0
AC093582.1,lncRNA,1.0,0.0,1.0,0.0,6.0,1.0
AC093583.1,lncRNA,3.0,0.0,1.0,1.0,8.0,10.0
AC093585.1,lncRNA,0.0,0.0,0.0,0.0,1.0,1.0
AC093591.2,lncRNA,0.0,5.0,3.0,1.0,20.5,10.0
AC093599.1,lncRNA,0.0,0.0,0.0,0.0,2.0,1.0
AC093599.2,lncRNA,0.0,0.0,1.0,1.0,3.0,7.0
AC093607.1,lncRNA,0.0,0.0,1.0,0.0,2.0,1.0
AC093610.1,lncRNA,3.0,7.0,0.0,2.0,2.0,3.0
AC093620.1,lncRNA,3.0,1.0,2.0,1.0,18.0,14.0
AC093627.1,lncRNA,0.0,1.0,0.0,0.0,0.0,4.0
AC093627.2,lncRNA,0.0,1.0,0.0,1.0,5.0,4.0
AC093627.22,lncRNA,3.0,0.0,0.0,0.0,3.0,2.0
AC093627.3,lncRNA,1.0,1.0,0.0,0.0,3.0,1.0
AC093627.4,lncRNA,3.0,3.0,2.0,2.0,12.0,22.0
AC093627.5,lncRNA,0.0,1.0,3.0,0.0,9.0,15.0
AC093627.6,lncRNA,5.0,3.0,5.0,5.0,6.0,5.0
AC093627.7,lncRNA,1.0,1.0,3.0,3.0,9.0,16.0
AC093639.2,lncRNA,0.0,0.0,0.0,1.0,3.0,3.0
AC093639.3,lncRNA,1.0,0.0,2.0,0.0,2.0,4.0
AC093642.1,lncRNA,1.0,0.0,0.0,0.0,1.0,1.0
AC093642.5,lncRNA,3.0,3.0,0.0,2.0,9.0,8.0
AC093655.1,lncRNA,0.0,1.0,1.0,3.0,1.0,1.0
AC093673.1,lncRNA,2.0,4.0,4.0,0.0,43.0,25.0
AC093675.1,lncRNA,0.0,0.0,0.0,4.0,0.5,1.0
AC093675.2,lncRNA,0.0,1.0,0.0,0.0,0.0,1.0
AC093677.2,lncRNA,1.0,0.0,1.5,2.5,8.5,9.5
AC093677.3,lncRNA,0.0,1.0,0.0,0.0,3.0,0.0
AC093690.1,lncRNA,1.0,0.0,1.0,1.0,6.0,9.0
AC093702.1,lncRNA,0.0,1.0,3.0,0.0,5.0,4.0
AC093714.1,lncRNA,0.0,0.0,0.0,1.0,0.0,1.0
AC093714.2,lncRNA,0.0,0.0,0.0,0.0,3.0,2.0
AC093725.1,lncRNA,0.0,0.0,1.0,0.0,5.0,2.0
AC093725.2,lncRNA,3.0,1.0,0.0,0.0,15.0,9.0
AC093726.1,lncRNA,1.0,1.0,0.0,0.5,1.0,3.5
AC093726.2,lncRNA,1.0,0.0,0.0,0.0,2.0,0.0
AC093730.1,lncRNA,1.0,0.0,0.0,0.0,2.0,0.0
AC093732.1,lncRNA,0.0,0.0,0.0,0.0,1.0,0.0
AC093732.2,lncRNA,0.0,0.0,0.0,0.0,3.0,0.0
AC093734.1,lncRNA,0.0,0.0,0.0,0.0,1.0,1.0
AC093746.1,lncRNA,0.0,0.0,1.0,1.0,2.0,4.0
AC093752.1,lncRNA,0.0,0.0,0.0,0.0,1.0,1.0
AC093763.1,lncRNA,0.0,0.0,0.0,0.0,3.0,0.0
AC093765.2,lncRNA,5.0,1.0,0.0,1.0,5.0,3.0
AC093765.3,lncRNA,1.0,1.0,0.0,1.0,8.0,3.0
AC093765.4,lncRNA,0.0,0.0,1.0,1.0,8.0,9.0
AC093765.5,lncRNA,2.0,2.0,1.0,2.0,1.0,6.0
AC093766.1,lncRNA,0.0,3.0,1.0,0.0,4.0,8.0
AC093772.1,lncRNA,0.0,0.0,5.0,0.0,5.0,5.0
AC093772.2,lncRNA,0.0,0.0,1.0,0.0,0.0,4.0
AC093787.2,lncRNA,0.0,0.0,0.0,3.0,2.0,1.0
AC093788.1,lncRNA,0.0,0.0,1.0,0.0,1.0,0.0
AC093791.1,lncRNA,1.0,2.0,0.0,0.0,0.0,2.0
AC093797.1,lncRNA,0.0,1.0,1.0,0.0,6.0,1.0
AC093798.1,lncRNA,0.0,7.0,2.0,6.0,6.0,10.0
AC093799.1,lncRNA,0.0,0.0,3.0,0.0,0.0,0.0
AC093802.1,lncRNA,8.0,8.0,2.0,10.0,15.0,19.0
AC093802.2,lncRNA,1.0,0.0,1.0,0.0,1.0,5.0
AC093817.1,lncRNA,2.0,1.0,4.0,3.0,13.0,10.0
AC093817.2,lncRNA,1.0,1.0,2.0,0.0,9.0,5.0
AC093821.1,lncRNA,0.0,1.0,0.0,0.0,2.0,1.0
AC093824.2,lncRNA,2.0,0.0,1.0,1.0,5.0,1.0
AC093827.4,lncRNA,0.5,0.0,0.5,1.0,7.0,7.0
AC093833.1,lncRNA,3.0,1.5,2.5,5.5,48.0,38.0
AC093835.1,lncRNA,0.0,0.0,0.0,2.0,0.0,1.0
AC093838.1,lncRNA,2.0,0.0,0.0,2.0,4.0,2.0
AC093840.2,lncRNA,0.0,0.0,0.0,1.0,4.0,1.0
AC093843.1,lncRNA,5.0,3.0,3.0,5.0,5.0,5.0
AC093843.2,lncRNA,0.0,5.0,0.0,1.0,1.0,1.0
AC093849.1,lncRNA,0.0,0.0,0.0,1.0,1.0,3.0
AC093849.2,lncRNA,1.0,0.0,0.0,0.0,7.0,4.0
AC093849.4,lncRNA,1.5,0.5,2.0,1.0,1.5,3.0
AC093857.1,lncRNA,0.0,2.0,0.0,0.0,0.0,3.0
AC093864.1,lncRNA,1.0,1.0,0.0,0.0,0.5,0.0
AC093866.1,lncRNA,1.5,5.0,3.0,1.0,5.5,4.0
AC093871.1,lncRNA,0.0,0.0,0.0,2.0,1.0,0.0
AC093879.1,lncRNA,0.0,0.0,0.0,0.0,0.0,1.0
AC093894.1,lncRNA,0.0,0.0,0.0,1.0,4.0,0.0
AC093894.2,lncRNA,0.0,0.0,0.0,0.0,1.0,0.0
AC093895.1,lncRNA,2.0,6.0,1.0,2.0,4.0,6.0
AC093898.1,lncRNA,0.0,2.0,3.0,1.0,9.0,10.0
AC093903.1,lncRNA,0.0,0.0,0.0,0.0,2.0,1.0
AC093904.1,lncRNA,0.0,0.0,0.0,0.0,2.0,1.0
AC093904.2,lncRNA,1.0,0.0,0.0,0.0,1.0,6.0
AC093904.3,lncRNA,0.0,0.0,1.0,0.0,1.0,3.0
AC093904.4,lncRNA,3.0,3.0,2.0,3.0,14.0,10.0
AC093909.2,lncRNA,0.0,0.0,1.0,0.0,3.0,0.0
AC093909.4,lncRNA,1.0,0.0,5.0,0.0,10.0,10.0
AC093912.1,lncRNA,0.0,0.0,1.0,0.0,2.0,5.0
AC093915.1,lncRNA,0.0,2.0,1.0,0.0,0.5,1.0
AC093916.1,lncRNA,2.0,1.0,1.0,0.0,12.0,2.0
AC093928.1,lncRNA,0.0,2.0,0.0,0.0,1.0,1.0
AC094104.1,lncRNA,1.0,0.0,0.0,0.0,2.0,0.0
AC094104.2,lncRNA,0.0,0.0,0.0,1.0,1.0,0.0
AC094105.1,lncRNA,0.0,1.0,0.0,0.0,2.0,0.0
AC094105.2,lncRNA,2.0,1.0,6.0,5.0,13.0,16.0
AC094108.1,lncRNA,0.0,0.0,0.0,0.0,1.0,0.0
AC095030.1,lncRNA,0.0,0.0,0.0,0.0,0.0,2.0
AC095032.1,lncRNA,0.0,2.0,0.0,0.0,3.0,0.0
AC095038.4,lncRNA,0.0,0.0,0.0,0.0,0.0,1.0
AC095038.5,lncRNA,0.0,0.0,0.0,2.0,1.0,2.0
AC095050.1,lncRNA,0.0,0.0,0.0,2.0,0.0,1.0
AC095055.1,lncRNA,0.0,0.0,0.0,0.0,0.0,1.0
AC095057.2,lncRNA,0.0,0.0,0.0,0.0,3.0,2.0
AC095057.3,lncRNA,0.0,0.0,0.0,0.0,1.0,3.0
AC095057.4,lncRNA,0.0,0.0,0.0,0.0,2.0,2.0
AC095059.1,lncRNA,0.0,0.0,0.0,0.0,1.0,3.0
AC095060.1,lncRNA,3.0,1.5,2.5,1.0,11.0,10.0
AC095350.1,lncRNA,0.0,1.0,3.0,4.0,23.0,24.0
AC096536.1,lncRNA,0.0,0.0,0.0,0.0,4.0,3.0
AC096536.2,lncRNA,0.0,0.5,0.0,1.5,18.5,18.5
AC096536.3,lncRNA,0.0,0.0,0.0,0.0,4.0,3.0
AC096540.1,lncRNA,1.0,5.0,0.0,0.0,4.0,0.0
AC096541.1,lncRNA,1.0,0.0,3.0,1.0,5.0,5.0
AC096543.1,lncRNA,0.5,0.0,0.0,0.0,0.0,0.0
AC096543.2,lncRNA,3.0,0.0,1.0,0.0,0.0,0.0
AC096554.1,lncRNA,0.0,0.0,0.0,0.0,0.0,1.0
AC096555.1,lncRNA,2.0,0.0,1.0,0.0,1.0,2.0
AC096564.1,lncRNA,2.0,4.0,0.0,0.0,3.0,1.0
AC096570.1,lncRNA,2.0,1.0,3.0,5.0,15.0,9.0
AC096576.2,lncRNA,0.0,1.0,8.0,0.0,64.5,16.5
AC096576.3,lncRNA,1.0,0.0,0.0,0.0,0.0,1.0
AC096576.6,lncRNA,3.0,6.0,2.0,5.0,20.0,10.0
AC096577.1,lncRNA,1.0,2.0,0.0,0.0,0.0,3.0
AC096585.1,lncRNA,0.0,2.0,0.0,0.0,5.0,1.0
AC096588.1,lncRNA,4.0,4.0,1.0,1.0,6.0,14.0
AC096589.1,lncRNA,2.0,4.0,0.0,1.0,12.0,3.0
AC096589.2,lncRNA,0.0,0.0,1.0,0.0,0.0,4.0
AC096631.1,lncRNA,0.0,2.0,1.0,3.0,5.0,12.0
AC096637.2,lncRNA,1.0,1.0,1.0,2.0,11.0,11.0
AC096642.1,lncRNA,1.0,0.0,1.0,0.0,12.0,10.0
AC096642.2,lncRNA,0.0,0.0,0.0,1.0,0.0,2.0
AC096644.3,lncRNA,1.0,1.0,1.0,0.0,4.0,4.0
AC096645.1,lncRNA,5.0,6.0,1.0,0.0,4.0,7.0
AC096647.1,lncRNA,1.0,0.0,0.0,0.0,0.0,1.0
AC096649.1,lncRNA,0.0,1.0,2.0,0.0,3.0,8.0
AC096659.1,lncRNA,0.0,0.0,0.0,0.0,1.0,0.0
AC096666.1,lncRNA,1.0,1.0,0.0,0.0,1.0,0.0
AC096667.1,lncRNA,0.0,0.0,0.5,0.5,8.0,9.5
AC096669.1,lncRNA,0.0,2.0,1.0,0.0,0.0,1.0
AC096675.1,lncRNA,0.0,1.0,0.0,6.0,8.0,5.0
AC096677.1,lncRNA,1.5,0.0,2.0,1.5,1.0,4.0
AC096677.2,lncRNA,0.0,0.0,0.0,1.0,1.0,0.5
AC096708.2,lncRNA,0.0,0.0,0.0,0.0,1.0,0.0
AC096708.3,lncRNA,0.0,0.0,1.0,0.0,1.0,0.0
AC096711.1,lncRNA,0.0,0.0,0.0,0.0,1.0,0.0
AC096711.2,lncRNA,0.0,1.0,0.0,0.0,0.0,0.0
AC096719.1,lncRNA,2.0,2.0,4.0,4.0,6.0,4.0
AC096732.1,lncRNA,0.0,3.0,1.0,1.0,2.0,2.0
AC096733.2,lncRNA,2.0,3.0,6.0,2.0,44.0,26.0
AC096734.1,lncRNA,0.0,3.0,0.0,0.0,1.0,0.0
AC096734.2,lncRNA,0.0,0.0,0.0,0.0,1.0,0.0
AC096736.1,lncRNA,0.0,2.0,1.0,0.0,0.0,0.0
AC096741.1,lncRNA,0.0,0.0,0.0,0.0,1.0,1.0
AC096746.1,lncRNA,0.0,0.0,1.0,0.0,7.0,11.0
AC096747.1,lncRNA,0.0,1.0,0.0,0.0,3.0,0.0
AC096751.2,lncRNA,0.0,1.0,0.5,0.5,0.5,3.0
AC096761.1,lncRNA,2.0,3.0,7.0,1.0,1.0,3.0
AC096763.1,lncRNA,0.0,0.0,1.0,0.0,2.0,0.0
AC096772.1,lncRNA,1.0,0.0,0.0,0.0,0.0,0.5
AC096773.1,lncRNA,0.0,0.0,0.0,0.0,1.0,0.0
AC096861.2,lncRNA,0.0,1.0,0.0,3.0,0.0,0.0
AC096920.1,lncRNA,0.0,0.0,0.0,0.0,1.0,3.0
AC096921.2,lncRNA,6.0,3.0,3.0,1.0,23.0,16.0
AC096970.1,lncRNA,0.0,0.0,1.0,0.0,1.0,5.0
AC096992.2,lncRNA,3.0,2.0,0.0,2.0,2.0,4.0
AC096992.3,lncRNA,0.0,1.0,0.0,0.0,0.0,1.0
AC096996.2,lncRNA,0.0,0.0,0.0,0.0,3.0,1.5
AC096996.3,lncRNA,4.0,1.0,1.0,2.0,3.0,4.0
AC097059.1,lncRNA,0.0,0.0,1.0,1.0,0.0,0.0
AC097103.1,lncRNA,0.0,0.0,0.0,0.0,0.0,1.0
AC097105.1,lncRNA,0.0,0.0,0.0,0.0,1.0,0.0
AC097110.1,lncRNA,0.0,0.0,0.0,0.0,0.0,2.0
AC097173.2,lncRNA,0.0,3.0,0.0,1.0,1.0,1.0
AC097358.2,lncRNA,1.0,1.0,1.5,2.0,4.0,8.0
AC097359.2,lncRNA,2.0,2.0,0.5,1.0,17.0,10.0
AC097359.3,lncRNA,0.0,0.0,1.0,1.0,2.0,1.0
AC097369.2,lncRNA,2.0,0.0,0.0,0.0,7.0,9.0
AC097372.1,lncRNA,0.0,0.0,1.0,0.0,2.0,1.0
AC097375.1,lncRNA,0.0,1.0,0.0,0.0,1.0,0.0
AC097375.2,lncRNA,0.0,0.0,0.0,1.0,1.0,2.0
AC097375.3,lncRNA,1.0,0.0,2.0,0.0,4.0,10.0
AC097375.4,lncRNA,1.0,0.0,0.0,1.0,2.0,1.0
AC097375.5,lncRNA,3.0,0.0,4.0,1.0,26.0,33.0
AC097381.1,lncRNA,2.0,1.5,4.0,8.5,43.5,45.5
AC097381.2,lncRNA,0.0,0.0,0.0,1.0,3.0,3.0
AC097381.3,lncRNA,1.0,0.0,0.0,3.0,2.0,3.0
AC097382.1,lncRNA,1.0,0.0,0.0,0.0,0.0,3.0
AC097382.2,lncRNA,1.0,5.0,5.0,1.0,30.0,37.0
AC097382.3,lncRNA,1.0,2.0,1.0,1.0,17.0,8.0
AC097448.1,lncRNA,0.0,2.0,0.0,1.0,0.0,1.0
AC097450.1,lncRNA,1.0,9.0,2.0,10.0,6.0,2.0
AC097459.1,lncRNA,0.0,0.0,0.0,0.0,4.0,4.0
AC097462.3,lncRNA,1.0,2.0,2.0,3.0,10.0,20.0
AC097467.3,lncRNA,2.0,4.0,0.0,3.5,8.5,2.5
AC097468.1,lncRNA,0.0,0.5,1.0,1.0,7.5,9.0
AC097468.2,lncRNA,2.0,1.0,0.0,2.0,3.0,0.0
AC097468.3,lncRNA,0.0,0.0,0.0,0.5,2.5,1.0
AC097478.2,lncRNA,0.0,0.0,0.0,0.0,0.0,1.0
AC097478.3,lncRNA,3.0,10.0,2.0,4.0,9.0,7.0
AC097478.4,lncRNA,0.0,2.0,0.0,4.0,4.0,5.0
AC097480.1,lncRNA,0.0,0.0,0.0,0.0,0.0,3.0
AC097480.2,lncRNA,0.0,1.0,0.0,3.0,3.0,1.0
AC097494.1,lncRNA,0.0,0.0,1.0,0.0,1.0,5.0
AC097500.1,lncRNA,0.0,0.0,0.0,1.0,3.0,2.0
AC097501.1,lncRNA,0.0,0.0,1.0,0.0,0.0,0.0
AC097505.1,lncRNA,0.0,0.0,0.0,0.0,0.0,1.0
AC097511.1,lncRNA,0.0,0.5,3.0,0.5,5.0,3.0
AC097512.1,lncRNA,1.0,1.0,3.0,2.0,28.0,12.0
AC097515.1,lncRNA,0.0,0.5,0.0,0.0,2.0,0.0
AC097517.1,lncRNA,0.0,0.67,0.0,0.5,0.5,1.0
AC097518.1,lncRNA,0.0,1.0,0.0,1.0,2.0,2.0
AC097518.2,lncRNA,0.0,1.0,0.0,1.0,0.0,1.0
AC097520.2,lncRNA,0.0,0.0,0.0,1.0,0.0,1.0
AC097521.1,lncRNA,4.0,7.0,9.0,3.0,16.0,8.0
AC097522.2,lncRNA,0.0,0.0,0.0,0.0,2.0,0.0
AC097526.1,lncRNA,0.0,1.0,0.0,1.0,6.0,4.0
AC097528.1,lncRNA,1.0,0.0,2.0,0.0,3.0,0.0
AC097532.1,lncRNA,1.0,0.0,0.0,0.0,0.0,1.0
AC097532.2,lncRNA,0.0,0.0,0.0,0.0,2.0,1.0
AC097532.3,lncRNA,2.0,2.0,1.0,2.0,3.0,5.0
AC097535.1,lncRNA,0.0,0.0,0.0,0.0,1.0,0.0
AC097537.1,lncRNA,0.0,2.0,0.0,1.0,1.0,0.0
AC097634.1,lncRNA,1.0,0.0,0.0,2.0,2.0,7.0
AC097634.2,lncRNA,0.0,0.0,0.0,0.0,0.0,0.5
AC097634.3,lncRNA,2.5,0.0,0.0,1.5,4.0,6.0
AC097637.3,lncRNA,18.0,20.0,27.0,35.0,108.0,107.0
AC097639.1,lncRNA,3.0,4.0,17.0,6.0,69.0,54.0
AC097641.1,lncRNA,0.0,0.5,0.5,1.0,1.5,2.5
AC097641.2,lncRNA,0.0,0.0,0.0,0.0,0.5,0.0
AC097652.1,lncRNA,1.0,0.0,1.0,0.0,3.0,2.0
AC097654.1,lncRNA,4.0,6.0,2.0,4.0,15.0,14.0
AC097658.2,lncRNA,1.0,0.0,0.0,0.0,1.0,1.0
AC097658.3,lncRNA,1.0,0.0,0.0,0.0,4.0,7.0
AC097709.1,lncRNA,0.5,1.0,4.5,0.5,5.5,2.0
AC097713.1,lncRNA,0.0,2.0,0.0,0.0,0.0,0.0
AC097713.2,lncRNA,0.0,2.0,0.0,0.0,2.0,2.0
AC097717.1,lncRNA,1.0,0.0,2.0,0.0,3.0,6.0
AC097724.1,lncRNA,1.0,1.0,3.0,2.0,0.0,4.0
AC098483.1,lncRNA,1.0,0.0,0.0,0.0,2.0,0.0
AC098484.1,lncRNA,0.0,0.5,0.0,0.0,0.0,0.5
AC098484.2,lncRNA,0.0,0.5,2.0,0.0,2.0,1.0
AC098484.4,lncRNA,1.0,0.5,7.0,0.0,10.0,19.0
AC098487.1,lncRNA,0.0,0.5,0.0,2.5,1.0,2.5
AC098588.3,lncRNA,0.0,0.5,0.0,0.0,1.5,1.0
AC098595.1,lncRNA,3.0,0.0,2.0,3.0,13.0,9.0
AC098649.1,lncRNA,0.0,0.0,0.0,0.0,1.0,0.0
AC098656.1,lncRNA,0.0,1.0,0.0,0.0,2.0,0.0
AC098657.2,lncRNA,0.0,0.0,1.0,0.0,0.0,0.0
AC098679.1,lncRNA,0.0,0.0,0.0,0.0,1.0,0.0
AC098679.4,lncRNA,0.0,0.0,1.0,0.0,0.0,0.0
AC098679.5,lncRNA,0.0,2.0,0.0,0.0,0.0,2.0
AC098680.1,lncRNA,0.0,0.0,0.0,0.0,3.0,0.0
AC098680.2,lncRNA,0.0,0.0,0.0,0.0,1.0,1.0
AC098798.1,lncRNA,0.0,0.0,0.0,1.0,0.0,1.0
AC098817.1,lncRNA,0.0,0.0,0.0,0.0,0.0,2.0
AC098818.2,lncRNA,99.0,33.0,2.0,10.0,76.0,33.0
AC098820.1,lncRNA,3.0,2.0,1.0,3.0,0.0,1.0
AC098825.1,lncRNA,0.0,1.0,1.0,1.0,0.0,4.0
AC098828.1,lncRNA,1.0,0.0,1.0,0.0,6.0,2.0
AC098848.1,lncRNA,0.0,0.0,0.0,0.0,0.0,1.0
AC098850.1,lncRNA,0.0,0.0,1.0,0.0,0.0,0.0
AC098850.2,lncRNA,0.0,3.0,0.0,0.0,2.0,4.0
AC098850.4,lncRNA,0.0,0.33,1.67,0.33,1.33,3.67
AC098851.1,lncRNA,0.0,0.0,0.0,2.0,0.0,0.0
AC098859.2,lncRNA,1.0,0.0,0.0,0.0,1.0,2.0
AC098868.1,lncRNA,0.0,0.0,0.0,0.0,1.0,0.0
AC098869.2,lncRNA,0.0,0.0,1.0,0.5,2.0,1.5
AC098872.1,lncRNA,1.0,0.0,0.0,2.0,3.0,2.0
AC098934.2,lncRNA,2.0,0.0,1.0,0.0,3.0,2.0
AC098969.1,lncRNA,2.0,1.0,1.0,1.0,7.0,8.0
AC098969.2,lncRNA,0.0,0.0,0.0,0.0,0.0,2.0
AC099050.1,lncRNA,2.0,2.0,2.0,1.0,23.5,7.0
AC099063.1,lncRNA,0.0,0.5,0.0,0.0,0.5,1.5
AC099063.4,lncRNA,0.0,1.0,0.0,0.0,1.0,0.0
AC099066.1,lncRNA,0.0,1.0,0.0,0.0,0.0,0.0
AC099066.2,lncRNA,2.0,3.0,1.0,2.0,17.0,11.0
AC099313.1,lncRNA,1.0,0.0,0.0,1.0,1.0,0.0
AC099314.1,lncRNA,1.5,0.0,0.0,2.0,2.0,0.0
AC099329.1,lncRNA,0.0,3.17,0.0,0.0,4.5,2.5
AC099329.2,lncRNA,0.0,0.5,1.0,1.0,1.5,5.5
AC099332.1,lncRNA,3.0,0.0,0.0,0.0,7.0,8.0
AC099332.2,lncRNA,0.0,0.0,0.0,0.0,0.0,1.0
AC099342.1,lncRNA,0.0,0.0,1.0,0.0,5.0,2.0
AC099343.2,lncRNA,1.0,0.0,0.0,0.0,3.0,4.0
AC099343.3,lncRNA,2.0,2.0,2.0,2.0,0.0,6.0
AC099344.1,lncRNA,0.0,0.0,0.0,0.0,4.0,2.0
AC099344.2,lncRNA,0.0,0.0,0.0,0.0,0.0,1.0
AC099344.3,lncRNA,1.0,1.0,4.0,4.0,18.0,17.0
AC099398.1,lncRNA,1.0,2.0,2.0,4.0,4.0,3.0
AC099482.1,lncRNA,0.0,0.0,0.0,0.0,5.0,1.0
AC099482.2,lncRNA,0.0,0.0,0.0,0.0,0.5,0.0
AC099487.1,lncRNA,0.0,8.0,4.0,17.0,1.0,6.0
AC099487.2,lncRNA,0.0,0.0,1.0,0.0,0.0,3.0
AC099489.3,lncRNA,2.0,4.0,1.0,2.0,1.5,3.5
AC099499.1,lncRNA,0.0,2.0,0.0,0.0,2.0,1.0
AC099499.2,lncRNA,0.5,0.0,0.0,0.5,0.0,0.0
AC099501.1,lncRNA,0.0,0.0,0.0,1.0,1.0,2.0
AC099506.1,lncRNA,1.0,4.0,0.0,3.0,4.0,4.0
AC099506.3,lncRNA,0.0,0.0,0.0,0.0,1.0,0.0
AC099508.1,lncRNA,0.0,0.5,0.0,0.0,2.5,3.0
AC099508.2,lncRNA,0.0,0.0,0.0,0.0,1.0,0.0
AC099509.1,lncRNA,0.0,0.0,0.0,1.0,2.0,0.5
AC099509.2,lncRNA,0.0,0.0,1.0,0.0,0.0,0.0
AC099511.1,lncRNA,0.0,0.0,0.0,1.0,0.0,1.0
AC099517.1,lncRNA,0.0,1.0,0.0,0.0,1.0,0.0
AC099518.1,lncRNA,0.0,0.0,0.0,2.0,4.0,1.0
AC099518.2,lncRNA,1.0,0.0,0.0,0.0,0.0,0.0
AC099518.3,lncRNA,0.0,0.0,0.0,0.0,2.5,2.5
AC099518.4,lncRNA,0.0,0.5,0.0,0.5,1.5,1.5
AC099518.5,lncRNA,0.0,0.5,0.0,0.0,2.5,2.0
AC099518.6,lncRNA,0.0,0.0,0.0,0.0,0.0,1.0
AC099520.1,lncRNA,19.0,18.0,0.0,9.0,22.0,16.0
AC099520.2,lncRNA,0.0,0.0,0.0,0.0,3.0,1.0
AC099521.1,lncRNA,2.0,3.0,1.0,1.0,15.0,19.0
AC099521.3,lncRNA,0.0,0.0,2.0,0.0,3.0,2.0
AC099524.1,lncRNA,0.0,0.0,1.0,0.5,1.0,3.0
AC099535.2,lncRNA,0.0,0.0,0.0,0.0,1.0,0.0
AC099541.1,lncRNA,0.0,0.0,2.0,0.0,1.0,0.0
AC099541.2,lncRNA,1.0,1.0,1.0,2.0,4.0,3.0
AC099542.1,lncRNA,0.0,0.0,0.0,0.0,2.0,0.0
AC099542.2,lncRNA,1.0,0.0,0.0,0.0,0.0,0.0
AC099550.1,lncRNA,0.0,0.0,0.0,0.0,1.0,0.0
AC099552.1,lncRNA,0.0,1.0,0.0,0.0,0.0,2.0
AC099552.2,lncRNA,2.0,0.0,0.0,0.0,3.0,6.0
AC099552.3,lncRNA,0.0,2.0,0.0,0.0,0.0,0.0
AC099552.5,lncRNA,1.0,0.0,2.0,0.0,7.0,3.0
AC099563.2,lncRNA,0.0,0.0,2.0,1.0,0.0,3.0
AC099565.1,lncRNA,0.0,0.0,1.0,0.0,5.0,4.0
AC099567.1,lncRNA,1.0,0.0,0.0,2.0,1.0,1.0
AC099654.1,lncRNA,1.0,0.0,0.0,1.0,6.0,1.0
AC099654.12,lncRNA,0.0,0.0,0.0,0.0,2.0,0.0
AC099661.1,lncRNA,0.0,0.0,0.0,3.0,5.0,4.0
AC099668.1,lncRNA,0.0,0.0,0.0,0.0,0.5,0.0
AC099670.3,lncRNA,1.0,2.0,1.0,1.0,2.0,0.0
AC099671.1,lncRNA,4.0,10.0,23.0,18.0,73.0,81.0
AC099681.1,lncRNA,1.0,0.0,0.0,0.0,1.0,0.0
AC099681.2,lncRNA,0.0,2.0,0.0,0.0,3.0,2.0
AC099681.3,lncRNA,0.0,0.0,0.0,1.0,3.0,2.0
AC099684.1,lncRNA,1.0,0.0,0.0,1.0,5.0,6.5
AC099684.2,lncRNA,1.0,0.0,1.0,1.0,1.0,4.0
AC099684.3,lncRNA,0.0,0.0,0.0,0.0,4.0,1.5
AC099685.1,lncRNA,0.0,0.0,0.0,0.0,2.0,0.0
AC099753.1,lncRNA,0.0,0.0,1.0,1.0,0.0,1.0
AC099754.1,lncRNA,1.0,2.0,2.0,0.0,10.0,8.5
AC099778.1,lncRNA,0.0,0.0,2.0,3.0,4.0,2.0
AC099782.1,lncRNA,0.0,0.0,1.0,0.0,6.0,4.0
AC099786.1,lncRNA,0.0,1.0,0.0,0.0,3.0,3.0
AC099786.2,lncRNA,2.0,1.5,6.5,1.0,15.5,18.5
AC099788.1,lncRNA,0.0,0.0,2.0,0.0,1.0,2.0
AC099791.2,lncRNA,2.0,5.0,2.0,85.0,3.0,3.0
AC099791.3,lncRNA,0.0,0.0,1.0,4.0,2.0,3.0
AC099791.4,lncRNA,47.0,128.0,374.0,268.0,2.0,8.0
AC099792.1,lncRNA,4.0,6.0,0.0,4.0,6.0,11.0
AC099794.1,lncRNA,0.0,0.0,0.0,0.0,1.0,0.0
AC099795.1,lncRNA,0.0,0.0,0.0,0.0,0.0,2.5
AC099796.2,lncRNA,0.0,1.0,0.5,0.0,4.0,1.0
AC099811.1,lncRNA,0.0,0.0,0.0,0.0,1.0,1.0
AC099811.3,lncRNA,0.0,0.0,0.0,2.0,3.0,7.5
AC099811.4,lncRNA,1.0,0.0,0.0,0.0,0.0,0.0
AC099811.5,lncRNA,0.0,0.0,0.0,0.0,0.0,2.0
AC099845.1,lncRNA,0.0,1.0,1.0,2.0,1.0,6.0
AC099850.1,lncRNA,0.5,0.0,2.0,0.0,17.0,7.5
AC099850.3,lncRNA,0.0,0.5,0.0,0.0,0.0,1.0
AC100756.3,lncRNA,1.0,1.0,0.0,2.0,0.0,1.0
AC100763.1,lncRNA,0.0,0.0,0.0,0.0,1.0,0.0
AC100768.1,lncRNA,0.0,0.0,0.0,0.0,0.0,1.0
AC100774.1,lncRNA,0.0,0.0,0.0,1.0,0.0,2.0
AC100775.1,lncRNA,0.0,0.0,0.0,0.0,2.0,0.0
AC100778.1,lncRNA,0.0,0.0,0.0,0.0,0.0,4.0
AC100778.2,lncRNA,2.0,18.0,8.0,4.0,45.0,89.0
AC100778.3,lncRNA,0.0,0.0,0.0,0.0,0.5,2.0
AC100778.4,lncRNA,0.0,0.0,0.0,2.0,0.0,0.0
AC100779.1,lncRNA,4.0,0.0,2.0,0.0,2.0,6.0
AC100781.1,lncRNA,0.0,0.0,1.0,0.0,8.0,2.0
AC100782.1,lncRNA,0.0,0.0,0.0,0.5,0.0,1.0
AC100786.1,lncRNA,0.0,0.0,0.0,0.0,1.5,0.0
AC100788.1,lncRNA,0.0,0.0,1.0,2.0,1.0,4.0
AC100791.1,lncRNA,2.0,2.0,1.0,0.0,7.0,2.0
AC100791.2,lncRNA,0.0,0.0,0.0,0.0,2.0,2.0
AC100791.3,lncRNA,0.5,0.0,0.0,0.0,0.5,0.5
AC100793.2,lncRNA,2.5,0.0,0.5,1.0,5.0,3.5
AC100793.3,lncRNA,3.5,0.0,0.0,0.0,3.0,5.0
AC100797.1,lncRNA,1.0,0.0,0.0,1.0,1.0,5.0
AC100797.4,lncRNA,5.0,1.0,4.0,2.0,18.0,9.0
AC100800.1,lncRNA,2.0,2.0,0.0,3.0,3.0,5.0
AC100801.1,lncRNA,0.0,6.0,0.0,4.0,3.0,3.0
AC100801.2,lncRNA,0.0,0.0,1.0,0.0,5.0,7.0
AC100802.1,lncRNA,1.0,0.0,1.0,1.0,2.0,0.0
AC100803.2,lncRNA,0.0,0.0,0.0,6.0,3.0,0.0
AC100803.3,lncRNA,0.0,1.0,0.0,2.0,7.0,4.0
AC100803.4,lncRNA,1.0,2.5,2.0,8.0,12.0,7.5
AC100805.1,lncRNA,0.0,0.0,0.0,2.0,2.0,4.0
AC100807.2,lncRNA,0.0,0.0,0.0,0.0,3.0,3.0
AC100810.1,lncRNA,0.0,0.0,2.0,1.0,5.0,8.0
AC100810.3,lncRNA,0.0,0.0,1.0,0.0,4.0,5.0
AC100810.7,lncRNA,1.0,1.0,0.0,3.0,7.0,5.0
AC100821.2,lncRNA,0.0,1.0,0.0,0.0,0.0,0.0
AC100822.1,lncRNA,0.0,0.0,0.0,0.0,2.0,0.0
AC100823.1,lncRNA,2.0,0.0,0.0,2.0,3.0,0.0
AC100825.1,lncRNA,2.0,2.0,3.0,0.0,5.0,1.0
AC100826.1,lncRNA,0.0,0.0,0.0,0.0,0.5,0.0
AC100827.3,lncRNA,0.0,0.5,0.0,0.0,0.5,0.5
AC100827.4,lncRNA,0.0,2.0,0.0,1.0,2.0,2.0
AC100830.1,lncRNA,0.0,1.0,0.0,0.0,3.0,8.0
AC100830.2,lncRNA,0.0,1.0,0.0,0.0,0.0,0.0
AC100830.3,lncRNA,0.0,0.0,0.0,0.0,0.0,1.0
AC100832.2,lncRNA,0.0,0.0,0.0,0.0,9.0,8.0
AC100834.2,lncRNA,0.0,0.0,0.0,0.0,0.0,1.5
AC100835.1,lncRNA,4.5,21.0,11.0,7.0,33.5,30.5
AC100835.2,lncRNA,0.5,0.0,0.0,0.0,0.5,0.5
AC100836.1,lncRNA,0.5,1.0,0.0,0.0,4.5,1.5
AC100839.1,lncRNA,1.0,0.0,0.0,0.0,2.0,0.0
AC100843.1,lncRNA,0.0,1.0,0.0,0.0,0.0,0.0
AC100844.1,lncRNA,0.0,0.0,0.0,1.0,0.0,0.0
AC100847.1,lncRNA,0.0,0.0,0.0,1.0,0.0,0.0
AC100849.1,lncRNA,0.0,0.0,0.0,1.0,2.0,3.0
AC100849.2,lncRNA,0.0,0.0,0.0,1.0,4.0,2.0
AC100858.1,lncRNA,0.0,0.0,0.0,0.0,1.33,0.0
AC100858.2,lncRNA,0.0,2.0,0.0,0.0,8.5,4.0
AC100858.3,lncRNA,0.0,0.0,0.0,0.0,2.33,0.5
AC100860.1,lncRNA,2.0,1.0,0.0,1.0,2.0,3.0
AC100861.1,lncRNA,0.5,4.0,1.0,2.5,8.5,6.0
AC100861.2,lncRNA,0.5,0.0,0.0,0.0,1.5,1.5
AC100863.1,lncRNA,0.0,0.0,0.0,1.0,0.0,1.0
AC100872.2,lncRNA,0.0,0.0,0.0,0.0,0.0,4.0
AC102797.1,lncRNA,0.0,1.0,1.0,1.0,4.0,4.0
AC102941.1,lncRNA,1.0,1.0,1.0,0.0,6.0,4.0
AC102941.2,lncRNA,2.0,1.0,1.0,3.0,13.0,5.0
AC102945.1,lncRNA,0.0,0.0,0.0,0.0,1.0,1.0
AC102953.1,lncRNA,2.0,1.0,2.0,2.0,7.0,5.0
AC102953.2,lncRNA,1.0,3.0,3.0,8.0,10.0,3.0
AC103409.1,lncRNA,1.0,1.0,0.0,1.0,0.0,0.0
AC103563.2,lncRNA,0.0,0.0,0.0,0.0,1.0,0.0
AC103563.7,lncRNA,0.0,0.0,1.0,0.0,4.0,0.0
AC103563.9,lncRNA,3.0,1.0,0.0,2.0,3.0,0.0
AC103564.1,lncRNA,0.0,0.0,2.0,1.0,7.0,5.0
AC103591.4,lncRNA,0.0,2.0,0.0,3.0,3.0,3.0
AC103681.1,lncRNA,1.0,0.0,0.0,1.0,1.0,2.5
AC103691.1,lncRNA,0.0,1.0,1.0,0.0,2.0,0.5
AC103691.2,lncRNA,0.5,1.5,0.0,0.0,0.5,0.0
AC103702.1,lncRNA,19.0,7.5,7.0,8.5,33.0,34.5
AC103702.2,lncRNA,7.5,10.0,10.0,6.0,35.0,88.0
AC103703.1,lncRNA,0.0,0.0,0.0,0.0,0.0,4.0
AC103706.1,lncRNA,1.0,0.0,0.0,0.0,1.0,1.0
AC103718.1,lncRNA,6.0,6.0,10.0,7.0,66.0,89.0
AC103719.1,lncRNA,0.0,2.0,0.0,1.0,5.0,7.0
AC103724.3,lncRNA,3.0,3.0,3.0,6.0,39.0,27.0
AC103726.1,lncRNA,0.0,0.0,0.0,0.0,1.0,0.0
AC103739.1,lncRNA,0.0,1.0,0.0,0.0,0.0,0.0
AC103739.2,lncRNA,1.0,1.0,1.0,0.0,1.0,0.0
AC103739.3,lncRNA,0.0,3.0,1.0,5.0,3.0,2.0
AC103740.1,lncRNA,0.0,5.0,4.0,2.5,14.5,22.5
AC103740.2,lncRNA,1.0,0.0,0.0,0.0,5.0,2.0
AC103746.1,lncRNA,2.0,0.0,4.0,0.0,8.0,9.0
AC103758.1,lncRNA,1.0,1.0,2.0,1.0,22.0,26.0
AC103760.1,lncRNA,4.0,5.0,0.0,1.0,6.0,2.0
AC103764.1,lncRNA,0.0,1.0,0.0,0.0,8.0,4.0
AC103769.1,lncRNA,1.0,0.0,0.0,0.0,0.0,0.0
AC103770.1,lncRNA,0.0,0.0,2.0,0.0,2.0,0.0
AC103796.1,lncRNA,0.0,0.0,0.0,0.0,1.0,3.0
AC103808.1,lncRNA,0.0,0.0,0.0,0.0,2.0,1.0
AC103808.3,lncRNA,0.0,0.0,0.0,0.0,3.0,2.0
AC103808.4,lncRNA,0.0,1.0,2.0,3.0,3.0,5.0
AC103808.5,lncRNA,0.0,0.0,0.0,0.0,0.0,1.0
AC103808.6,lncRNA,0.0,0.0,1.0,0.0,2.0,0.0
AC103809.1,lncRNA,0.0,0.0,0.0,0.0,1.0,2.5
AC103810.2,lncRNA,1.0,0.0,0.0,0.0,1.0,1.0
AC103810.5,lncRNA,0.0,1.0,1.0,0.0,0.0,2.0
AC103831.1,lncRNA,1.0,0.0,0.0,0.0,15.0,2.0
AC103833.2,lncRNA,0.0,1.0,0.0,0.0,2.0,1.0
AC103843.1,lncRNA,0.0,0.0,0.0,0.0,3.0,0.0
AC103853.1,lncRNA,0.0,0.0,0.0,0.0,2.0,0.0
AC103853.2,lncRNA,0.0,0.0,0.0,0.0,0.0,1.0
AC103855.1,lncRNA,0.0,0.0,0.0,0.0,4.0,2.0
AC103855.2,lncRNA,4.0,1.0,1.0,3.0,11.0,5.0
AC103858.1,lncRNA,0.0,2.0,0.0,0.0,0.0,1.0
AC103858.2,lncRNA,0.0,0.0,0.0,0.0,1.0,3.0
AC103858.3,lncRNA,1.0,4.5,2.0,12.5,8.0,4.0
AC103871.1,lncRNA,0.0,0.0,1.0,0.0,1.0,6.0
AC103874.1,lncRNA,2.0,0.0,0.0,0.0,0.0,0.0
AC103876.1,lncRNA,1.0,1.0,1.0,1.0,1.0,5.0
AC103923.1,lncRNA,0.0,0.0,1.0,3.0,5.0,0.0
AC103925.1,lncRNA,1.0,1.0,0.0,0.0,2.0,1.0
AC103957.1,lncRNA,1.0,0.0,0.0,1.0,3.0,2.0
AC103957.2,lncRNA,0.0,0.0,1.0,0.0,0.0,0.0
AC103974.1,lncRNA,2.0,4.0,10.0,3.0,65.0,48.0
AC103974.2,lncRNA,0.0,0.0,1.0,0.0,9.0,2.0
AC103982.1,lncRNA,0.0,0.0,0.0,0.0,0.0,1.0
AC103987.2,lncRNA,0.0,0.0,0.0,0.0,0.0,1.0
AC103993.1,lncRNA,0.0,0.0,0.0,0.0,1.0,0.0
AC103996.2,lncRNA,2.0,0.0,0.0,0.0,5.0,3.0
AC103996.3,lncRNA,0.0,0.0,1.0,0.0,0.0,1.0
AC104002.1,lncRNA,0.0,0.0,0.0,0.0,1.0,0.0
AC104002.3,lncRNA,1.0,1.0,0.5,1.0,5.5,2.5
AC104009.1,lncRNA,1.0,1.0,1.0,3.0,4.0,4.0
AC104012.1,lncRNA,0.0,0.0,0.0,0.0,1.0,1.0
AC104024.1,lncRNA,0.0,0.0,0.0,2.0,6.0,10.0
AC104024.2,lncRNA,2.0,2.0,0.0,2.0,10.0,9.0
AC104024.4,lncRNA,0.0,0.0,0.0,0.0,6.0,4.0
AC104031.1,lncRNA,0.0,0.0,0.0,0.0,2.0,1.0
AC104041.1,lncRNA,0.0,0.0,1.0,2.0,11.0,7.5
AC104051.1,lncRNA,0.0,0.0,0.0,1.0,0.0,2.0
AC104051.2,lncRNA,1.0,0.0,0.0,1.0,4.0,5.0
AC104063.1,lncRNA,0.0,1.0,1.0,0.0,3.0,1.0
AC104066.3,lncRNA,0.0,5.0,0.0,0.0,4.0,2.0
AC104066.4,lncRNA,1.5,0.5,18.33,11.33,2.17,2.17
AC104071.1,lncRNA,1.0,0.0,0.0,1.0,0.0,0.0
AC104073.4,lncRNA,0.0,0.0,1.0,2.0,2.0,0.0
AC104076.1,lncRNA,0.0,0.0,0.0,0.0,0.0,1.0
AC104078.1,lncRNA,119.0,6.0,3.0,1.0,76.0,4.0
AC104078.2,lncRNA,0.0,0.0,0.0,0.0,0.0,1.0
AC104083.1,lncRNA,1.0,0.5,0.5,0.5,0.0,1.5
AC104088.1,lncRNA,0.0,1.0,1.5,2.0,3.0,5.0
AC104088.2,lncRNA,0.0,0.0,1.5,0.0,0.0,8.0
AC104088.3,lncRNA,1.0,0.0,2.0,3.0,6.0,1.0
AC104109.2,lncRNA,0.0,2.0,3.0,0.0,6.0,3.0
AC104109.4,lncRNA,0.0,0.0,0.5,0.0,2.0,0.0
AC104116.1,lncRNA,0.0,0.0,0.5,0.5,0.0,1.0
AC104117.3,lncRNA,0.0,0.0,2.0,0.0,0.0,1.0
AC104118.1,lncRNA,1.0,2.0,0.0,2.0,2.0,0.0
AC104119.1,lncRNA,0.0,0.0,0.0,0.0,1.0,0.0
AC104123.1,lncRNA,0.0,1.0,0.0,0.0,2.0,1.0
AC104126.1,lncRNA,0.0,0.0,0.0,2.0,0.0,2.0
AC104129.1,lncRNA,4.0,9.0,2.0,6.0,25.0,22.0
AC104134.1,lncRNA,0.0,1.0,0.0,0.0,3.5,2.5
AC104135.1,lncRNA,0.0,1.0,0.0,1.0,7.0,8.0
AC104137.1,lncRNA,0.0,0.0,0.0,0.0,1.0,2.0
AC104169.1,lncRNA,0.0,0.0,0.0,0.0,1.0,1.0
AC104187.1,lncRNA,0.0,0.5,0.5,1.0,4.5,5.0
AC104211.1,lncRNA,5.0,2.0,9.0,5.0,93.0,88.0
AC104211.3,lncRNA,1.0,1.0,0.0,0.0,0.0,0.0
AC104232.1,lncRNA,2.0,1.0,0.0,2.0,2.0,4.0
AC104232.3,lncRNA,2.0,0.0,1.0,1.0,3.0,4.0
AC104237.1,lncRNA,0.0,3.0,0.0,0.0,2.0,3.0
AC104237.2,lncRNA,0.0,0.0,0.0,0.0,1.0,2.0
AC104237.3,lncRNA,0.0,1.0,1.0,0.0,1.0,0.0
AC104248.1,lncRNA,0.0,0.0,0.0,0.0,4.0,3.0
AC104257.1,lncRNA,1.0,0.0,0.0,0.0,4.0,2.0
AC104260.1,lncRNA,0.0,0.0,1.0,0.0,2.0,1.0
AC104260.3,lncRNA,1.0,2.0,1.0,0.0,3.0,6.0
AC104304.3,lncRNA,0.0,0.0,0.0,0.0,3.0,0.0
AC104316.1,lncRNA,0.0,0.0,2.0,0.0,1.0,0.0
AC104316.2,lncRNA,0.0,0.0,0.0,0.0,2.0,0.0
AC104333.4,lncRNA,2.0,1.0,2.0,7.0,21.0,17.0
AC104335.1,lncRNA,0.0,5.0,2.0,0.0,4.0,4.0
AC104335.2,lncRNA,0.0,0.0,0.0,1.0,1.0,0.0
AC104365.2,lncRNA,1.0,0.0,2.0,2.0,0.0,1.0
AC104365.3,lncRNA,0.0,0.0,0.0,0.0,0.5,0.0
AC104370.1,lncRNA,2.0,0.0,0.0,5.0,5.0,2.0
AC104383.1,lncRNA,1.0,1.0,2.0,0.0,2.0,1.0
AC104389.2,lncRNA,0.0,0.0,0.0,0.0,1.0,0.0
AC104393.1,lncRNA,0.0,0.0,0.0,0.0,7.0,1.0
AC104407.1,lncRNA,0.0,0.0,0.0,2.0,2.0,2.0
AC104411.1,lncRNA,0.0,0.0,0.0,0.0,0.0,2.5
AC104417.2,lncRNA,2.0,1.0,0.0,2.0,11.0,12.0
AC104423.1,lncRNA,0.0,0.5,0.0,0.0,0.5,0.0
AC104435.2,lncRNA,0.0,0.0,0.0,0.0,1.0,3.0
AC104445.1,lncRNA,0.0,0.0,0.0,0.0,1.0,1.0
AC104451.2,lncRNA,0.0,0.0,0.0,0.0,2.0,1.0
AC104453.1,lncRNA,0.0,3.0,3.0,1.0,9.0,7.0
AC104454.2,lncRNA,0.0,1.0,0.0,0.0,0.0,3.0
AC104457.2,lncRNA,0.0,0.0,0.0,0.0,0.5,0.0
AC104458.1,lncRNA,1.0,0.0,0.0,0.0,0.0,0.0
AC104459.1,lncRNA,0.0,0.0,0.0,1.0,1.0,0.0
AC104461.1,lncRNA,1.0,7.0,4.0,5.0,12.0,6.0
AC104462.1,lncRNA,0.0,0.0,0.0,1.0,1.0,0.0
AC104462.2,lncRNA,0.0,0.0,0.0,0.0,0.0,1.0
AC104463.1,lncRNA,0.0,0.0,0.0,0.0,2.0,0.0
AC104463.2,lncRNA,0.0,0.0,0.0,0.0,2.0,1.0
AC104472.4,lncRNA,0.0,1.0,0.0,0.0,1.0,1.0
AC104472.5,lncRNA,0.0,0.0,0.0,0.0,0.0,1.0
AC104506.1,lncRNA,0.0,0.5,1.5,0.0,5.5,3.0
AC104521.1,lncRNA,0.0,0.0,0.0,0.0,2.0,0.0
AC104530.1,lncRNA,3.0,6.0,3.0,13.0,4.0,8.0
AC104532.2,lncRNA,0.0,0.0,0.0,0.0,3.0,0.0
AC104534.1,lncRNA,0.0,0.0,1.0,0.0,3.0,1.0
AC104561.1,lncRNA,0.0,5.0,0.0,0.0,0.0,0.0
AC104561.3,lncRNA,0.0,1.0,0.0,0.0,2.5,5.0
AC104561.4,lncRNA,0.0,0.0,0.0,0.0,0.5,1.0
AC104564.1,lncRNA,0.0,0.0,0.0,0.0,1.0,0.0
AC104564.2,lncRNA,0.0,0.0,0.0,0.0,1.0,1.0
AC104564.3,lncRNA,1.0,3.0,0.0,1.0,2.0,2.0
AC104564.4,lncRNA,1.0,2.0,0.0,0.0,17.0,15.0
AC104564.5,lncRNA,0.0,0.0,0.0,5.0,0.0,1.0
AC104574.1,lncRNA,2.0,1.0,2.0,4.0,7.0,5.0
AC104574.2,lncRNA,4.0,6.0,0.0,4.0,2.0,0.0
AC104590.1,lncRNA,2.0,1.0,2.0,2.0,3.0,4.0
AC104596.1,lncRNA,0.0,1.0,2.0,2.0,5.0,4.0
AC104619.2,lncRNA,0.0,0.0,0.0,0.0,0.0,1.0
AC104623.1,lncRNA,0.0,0.0,1.0,0.0,3.5,1.0
AC104633.1,lncRNA,0.0,0.0,0.0,0.0,1.0,1.0
AC104633.2,lncRNA,1.0,3.0,0.0,3.0,6.0,6.0
AC104640.1,lncRNA,1.0,0.0,1.0,0.0,3.0,1.0
AC104653.1,lncRNA,2.0,2.0,3.0,2.0,12.0,10.0
AC104656.1,lncRNA,0.0,0.0,0.0,1.0,2.0,4.0
AC104662.1,lncRNA,0.0,2.0,0.0,0.0,0.0,0.0
AC104664.1,lncRNA,0.0,0.0,0.0,0.0,4.0,3.0
AC104667.1,lncRNA,0.0,0.0,0.0,0.0,4.0,4.0
AC104667.2,lncRNA,0.0,1.0,3.0,4.0,6.0,7.0
AC104689.2,lncRNA,1.0,0.0,0.0,1.0,2.0,2.0
AC104695.1,lncRNA,0.0,0.0,0.0,0.0,1.0,2.0
AC104695.2,lncRNA,0.0,0.0,0.0,1.0,1.0,2.0
AC104758.1,lncRNA,0.0,0.0,0.0,0.0,0.5,1.0
AC104758.3,lncRNA,0.0,0.0,0.0,0.0,0.0,1.5
AC104770.1,lncRNA,0.0,0.0,0.0,0.0,1.0,1.0
AC104777.2,lncRNA,0.0,0.0,0.0,0.0,1.0,1.0
AC104779.1,lncRNA,0.0,0.0,0.0,0.0,0.0,1.0
AC104781.1,lncRNA,0.0,0.0,0.0,0.0,0.0,1.0
AC104785.1,lncRNA,0.0,0.0,0.0,0.0,1.0,0.0
AC104790.1,lncRNA,0.0,0.0,1.0,0.0,0.0,0.0
AC104791.1,lncRNA,0.0,0.0,0.0,0.0,2.0,0.0
AC104793.1,lncRNA,0.0,0.5,0.0,0.0,1.0,0.5
AC104794.2,lncRNA,1.0,0.0,0.0,0.0,2.0,2.0
AC104794.3,lncRNA,0.0,4.0,0.0,2.0,1.0,7.0
AC104794.4,lncRNA,0.0,3.0,4.0,1.0,4.0,6.0
AC104794.5,lncRNA,0.0,0.0,0.0,0.0,0.0,0.5
AC104806.2,lncRNA,6.0,0.0,3.0,2.0,14.0,5.0
AC104809.1,lncRNA,0.0,1.0,1.0,0.0,5.5,5.0
AC104819.3,lncRNA,0.0,0.0,0.0,0.0,1.0,0.0
AC104823.1,lncRNA,1.0,0.0,0.0,6.0,0.0,1.0
AC104825.1,lncRNA,1.0,2.0,1.0,4.0,4.0,4.0
AC104831.1,lncRNA,0.0,0.0,0.0,3.0,1.0,2.0
AC104841.1,lncRNA,0.0,2.0,0.0,1.0,0.0,2.0
AC104850.2,lncRNA,0.0,0.0,1.0,0.0,3.0,1.0
AC104938.1,lncRNA,1.5,2.0,0.0,0.0,1.0,0.5
AC104958.1,lncRNA,0.0,3.0,1.0,4.0,8.0,14.0
AC104958.2,lncRNA,10.0,19.0,9.0,10.0,18.0,32.5
AC104961.1,lncRNA,0.0,0.0,0.0,1.0,6.0,5.0
AC104964.1,lncRNA,0.0,0.5,0.0,0.0,2.5,2.5
AC104964.2,lncRNA,0.0,0.0,1.0,0.0,0.0,1.0
AC104964.3,lncRNA,0.0,1.0,0.0,0.0,13.0,7.0
AC104971.1,lncRNA,1.5,1.5,2.5,2.0,3.0,4.0
AC104982.2,lncRNA,1.0,6.0,0.0,1.0,0.0,0.0
AC104984.1,lncRNA,0.0,6.0,0.0,0.0,3.0,4.0
AC104984.2,lncRNA,0.0,0.0,0.0,0.0,0.0,0.5
AC104984.3,lncRNA,0.0,0.0,0.0,0.0,0.0,1.0
AC104984.4,lncRNA,0.0,0.0,0.0,0.0,1.0,0.0
AC104984.5,lncRNA,0.0,0.0,0.0,0.0,0.0,1.0
AC104985.1,lncRNA,0.5,2.0,0.0,0.0,1.5,2.0
AC104985.2,lncRNA,0.0,0.0,0.0,2.0,0.0,1.0
AC104996.1,lncRNA,0.0,2.0,0.0,1.0,2.0,1.0
AC105001.1,lncRNA,0.0,1.0,0.0,2.0,5.0,1.0
AC105020.1,lncRNA,3.0,0.0,1.0,1.0,9.0,3.0
AC105020.2,lncRNA,42.0,65.0,66.0,41.0,419.0,373.0
AC105020.3,lncRNA,0.0,1.5,0.5,0.5,0.5,1.0
AC105020.4,lncRNA,0.0,0.0,0.0,0.5,3.5,0.5
AC105020.5,lncRNA,0.0,0.0,0.0,0.0,0.0,2.0
AC105020.6,lncRNA,1.0,4.0,4.5,1.0,6.0,8.0
AC105031.2,lncRNA,0.0,0.0,0.0,0.0,1.0,2.0
AC105036.3,lncRNA,0.0,0.5,0.0,0.0,1.0,0.0
AC105046.1,lncRNA,4.0,4.0,1.0,2.0,24.0,28.0
AC105046.2,lncRNA,2.0,2.0,2.0,16.0,5.0,13.0
AC105052.4,lncRNA,0.0,4.0,0.0,0.0,0.0,2.0
AC105052.5,lncRNA,1.0,0.0,1.0,2.0,2.0,5.0
AC105053.1,lncRNA,1.0,1.0,3.0,0.0,1.0,3.0
AC105094.1,lncRNA,0.0,0.0,0.0,1.0,0.0,1.0
AC105094.2,lncRNA,0.0,0.0,0.5,0.5,0.5,1.0
AC105101.2,lncRNA,0.0,1.0,0.0,0.0,5.0,8.5
AC105105.1,lncRNA,0.0,0.0,1.0,0.0,1.5,0.5
AC105105.2,lncRNA,0.0,0.0,0.0,0.0,1.0,0.0
AC105105.3,lncRNA,0.0,0.0,0.0,0.0,7.0,4.0
AC105105.4,lncRNA,0.0,1.0,0.0,1.0,2.0,1.0
AC105114.2,lncRNA,0.0,0.0,2.0,0.0,2.0,1.0
AC105118.1,lncRNA,0.0,1.0,0.0,0.0,1.0,1.0
AC105133.1,lncRNA,1.0,0.0,0.0,0.0,2.0,1.0
AC105137.2,lncRNA,3.0,2.0,2.0,2.0,22.0,25.0
AC105150.1,lncRNA,1.0,0.0,0.0,10.0,0.0,1.0
AC105180.2,lncRNA,0.0,1.0,1.0,0.0,2.0,0.0
AC105206.1,lncRNA,1.0,0.5,2.0,0.5,5.5,2.0
AC105206.2,lncRNA,0.0,0.0,0.0,5.0,7.0,4.0
AC105206.3,lncRNA,0.0,2.0,0.0,3.0,5.0,5.0
AC105213.1,lncRNA,0.0,0.0,2.0,0.0,1.0,3.0
AC105219.1,lncRNA,0.0,0.0,4.0,3.0,2.0,0.5
AC105219.2,lncRNA,0.0,0.0,0.0,0.0,0.5,0.0
AC105219.3,lncRNA,1.0,2.5,0.0,2.0,9.5,5.0
AC105227.1,lncRNA,0.0,0.0,0.0,0.0,1.0,0.0
AC105230.1,lncRNA,0.0,1.0,1.0,0.0,3.0,0.0
AC105233.4,lncRNA,0.0,2.5,2.0,4.0,6.0,3.0
AC105254.1,lncRNA,0.0,0.0,0.0,0.0,4.0,7.0
AC105265.2,lncRNA,0.0,0.0,0.0,0.0,0.0,1.0
AC105265.3,lncRNA,0.0,0.0,0.0,0.0,1.0,1.0
AC105271.1,lncRNA,1.0,0.0,0.0,2.0,0.0,1.0
AC105275.1,lncRNA,0.0,0.0,0.0,0.0,1.0,0.0
AC105275.2,lncRNA,0.0,0.0,0.0,0.0,2.0,0.0
AC105285.1,lncRNA,2.0,7.0,12.5,6.0,39.5,43.0
AC105290.1,lncRNA,1.0,0.0,0.0,0.0,1.0,4.0
AC105328.1,lncRNA,0.5,0.0,2.0,0.0,5.0,4.5
AC105339.2,lncRNA,12.67,3.17,6.5,2.67,21.0,20.83
AC105339.3,lncRNA,0.5,0.0,0.5,0.0,1.0,2.0
AC105339.6,lncRNA,1.5,1.0,1.5,0.0,2.0,2.0
AC105343.1,lncRNA,0.0,0.0,0.0,0.0,1.0,0.0
AC105343.2,lncRNA,0.0,0.0,1.0,0.0,3.0,3.0
AC105345.1,lncRNA,2.0,2.0,2.0,2.0,9.0,7.0
AC105345.2,lncRNA,1.0,1.0,1.0,0.0,4.5,0.5
AC105362.1,lncRNA,0.0,0.0,0.0,0.0,1.0,2.0
AC105383.1,lncRNA,5.0,5.0,1.0,1.0,11.0,13.0
AC105384.1,lncRNA,0.0,0.0,0.0,1.0,0.0,0.0
AC105389.1,lncRNA,0.0,0.0,1.0,0.0,1.0,0.0
AC105389.2,lncRNA,0.0,0.0,0.0,0.0,0.0,2.0
AC105390.1,lncRNA,0.0,1.0,0.0,0.0,2.0,1.0
AC105393.1,lncRNA,3.0,2.0,0.0,0.0,8.0,5.0
AC105393.2,lncRNA,0.0,0.0,1.0,1.0,2.0,1.0
AC105398.1,lncRNA,0.0,0.0,0.0,0.0,3.0,0.0
AC105402.1,lncRNA,1.0,0.0,14.0,7.0,73.0,45.0
AC105411.1,lncRNA,5.0,7.0,2.5,4.5,8.0,14.0
AC105415.1,lncRNA,0.0,5.0,0.0,1.0,4.0,2.0
AC105429.1,lncRNA,4.0,3.0,0.0,3.0,7.0,7.0
AC105430.1,lncRNA,1.0,0.0,0.0,0.0,1.0,0.0
AC105445.1,lncRNA,0.0,1.0,0.0,0.0,1.0,1.0
AC105450.1,lncRNA,1.0,0.0,1.0,0.0,8.0,1.0
AC105460.1,lncRNA,1.0,0.0,0.0,0.0,4.0,1.0
AC105460.2,lncRNA,0.0,0.0,0.0,0.0,0.0,1.0
AC105760.1,lncRNA,2.0,1.0,0.0,0.0,4.0,2.0
AC105916.1,lncRNA,0.0,0.0,0.0,0.0,1.0,0.0
AC105924.1,lncRNA,0.0,0.0,2.0,0.0,0.0,1.0
AC105935.1,lncRNA,1.5,0.0,2.0,1.0,2.0,3.5
AC105935.2,lncRNA,0.5,0.0,3.0,1.5,3.0,5.0
AC105940.1,lncRNA,2.0,1.0,1.0,0.0,0.0,2.0
AC105940.2,lncRNA,1.5,1.0,1.5,3.0,4.5,4.5
AC105941.1,lncRNA,0.0,0.0,0.0,0.0,0.0,3.0
AC105999.1,lncRNA,2.0,3.0,2.0,1.0,7.0,7.0
AC106017.1,lncRNA,0.0,0.0,0.0,0.0,1.0,2.0
AC106017.2,lncRNA,0.0,1.0,2.0,0.0,0.0,2.0
AC106028.3,lncRNA,5.0,5.0,0.0,0.0,10.0,4.0
AC106028.4,lncRNA,0.0,0.5,0.0,0.5,7.0,1.0
AC106037.2,lncRNA,1.0,1.0,0.0,0.0,0.0,0.0
AC106037.3,lncRNA,0.0,0.0,1.0,0.0,0.0,1.0
AC106038.1,lncRNA,3.5,4.0,6.5,8.0,5.0,11.0
AC106045.1,lncRNA,2.0,0.0,0.0,0.0,1.0,0.0
AC106053.1,lncRNA,0.0,0.0,0.0,0.0,0.0,1.0
AC106706.1,lncRNA,4.0,5.0,1.0,0.0,1.5,8.0
AC106706.2,lncRNA,0.5,0.0,0.0,0.0,0.0,0.0
AC106707.1,lncRNA,0.5,0.0,1.0,1.0,4.0,3.0
AC106712.1,lncRNA,1.0,0.0,0.0,0.5,0.0,1.0
AC106719.1,lncRNA,0.0,0.0,2.0,0.0,0.0,1.0
AC106729.1,lncRNA,0.0,0.0,0.0,0.0,0.0,1.0
AC106730.1,lncRNA,0.0,0.0,0.0,0.0,0.5,1.0
AC106736.1,lncRNA,4.0,0.0,5.0,0.0,1.0,1.0
AC106738.1,lncRNA,1.0,1.0,1.0,0.0,3.0,3.0
AC106738.2,lncRNA,3.0,1.0,2.0,0.0,20.0,13.0
AC106739.1,lncRNA,1.0,0.0,0.5,2.0,4.5,5.5
AC106743.1,lncRNA,1.0,0.0,1.0,0.0,9.0,1.0
AC106744.1,lncRNA,12.0,33.0,25.0,12.0,89.0,143.0
AC106744.2,lncRNA,0.0,1.0,0.0,0.0,0.0,0.0
AC106745.1,lncRNA,0.0,0.0,0.0,0.0,1.0,1.0
AC106754.1,lncRNA,0.0,0.0,0.0,0.0,1.0,0.0
AC106772.1,lncRNA,0.0,0.0,0.0,0.0,2.0,2.0
AC106772.2,lncRNA,1.0,2.0,1.0,0.0,2.5,4.0
AC106779.1,lncRNA,0.0,0.0,2.0,2.0,4.0,5.0
AC106782.5,lncRNA,0.0,0.0,0.0,2.0,0.5,1.0
AC106785.2,lncRNA,0.0,0.0,0.0,0.0,3.0,2.0
AC106786.1,lncRNA,0.0,3.5,1.5,0.5,7.0,4.0
AC106791.1,lncRNA,0.0,9.0,1.0,9.5,10.0,13.5
AC106793.1,lncRNA,1.5,0.0,2.5,3.0,7.0,2.0
AC106795.2,lncRNA,0.0,6.0,2.0,9.0,19.5,12.5
AC106795.3,lncRNA,0.0,1.0,0.0,1.0,0.0,6.0
AC106795.5,lncRNA,0.0,0.0,0.0,0.0,1.0,1.0
AC106798.1,lncRNA,0.0,0.0,0.0,0.0,2.0,5.0
AC106799.1,lncRNA,1.0,0.0,0.0,0.0,9.0,25.0
AC106799.2,lncRNA,0.0,3.0,3.0,0.0,10.0,10.0
AC106799.3,lncRNA,3.0,6.0,0.0,1.0,6.0,5.0
AC106801.1,lncRNA,1.0,3.0,2.0,3.0,3.0,3.0
AC106818.2,lncRNA,0.0,4.0,10.0,8.0,3.0,4.0
AC106820.2,lncRNA,10.0,8.0,19.0,14.0,104.0,125.0
AC106820.3,lncRNA,0.0,0.0,0.0,1.0,3.0,0.0
AC106820.4,lncRNA,9.0,4.0,5.0,1.0,16.0,14.0
AC106820.5,lncRNA,0.0,0.0,0.0,0.0,0.0,2.0
AC106820.6,lncRNA,0.0,1.0,0.0,0.0,0.5,1.5
AC106821.1,lncRNA,0.0,0.0,0.0,1.0,1.0,0.0
AC106821.2,lncRNA,0.0,0.0,0.0,1.0,2.0,4.0
AC106845.1,lncRNA,2.0,0.0,6.0,2.0,15.0,11.0
AC106864.1,lncRNA,0.0,3.0,5.0,0.0,1.0,1.0
AC106870.2,lncRNA,0.0,0.0,0.0,0.0,1.0,0.0
AC106870.3,lncRNA,0.0,0.0,0.0,0.0,2.0,2.0
AC106871.1,lncRNA,0.0,0.0,1.0,0.0,7.0,14.0
AC106872.12,lncRNA,0.0,2.0,0.0,2.0,2.5,2.0
AC106872.9,lncRNA,1.0,1.0,0.0,0.0,2.0,0.0
AC106873.1,lncRNA,0.0,0.0,0.0,0.0,1.0,0.0
AC106874.1,lncRNA,0.0,0.0,0.0,1.0,0.0,0.0
AC106875.1,lncRNA,0.0,1.0,0.0,0.0,1.0,0.0
AC106875.2,lncRNA,0.0,0.0,0.0,0.0,6.0,2.0
AC106876.1,lncRNA,0.0,0.0,1.0,1.0,3.0,0.0
AC106881.1,lncRNA,2.0,3.0,3.0,3.0,19.0,16.0
AC106882.1,lncRNA,0.0,0.0,1.0,0.0,2.0,3.0
AC106886.2,lncRNA,1.5,3.0,1.0,1.0,3.83,3.0
AC106886.3,lncRNA,0.0,0.0,0.0,0.0,1.0,0.5
AC106892.1,lncRNA,0.0,1.0,1.0,1.0,0.0,1.0
AC106894.1,lncRNA,0.0,1.0,0.0,0.0,1.0,1.0
AC106895.1,lncRNA,35.0,57.0,32.0,34.0,501.0,634.0
AC106895.2,lncRNA,2.0,1.0,0.0,1.0,5.0,4.0
AC106897.1,lncRNA,15.0,6.0,1.0,5.0,15.0,7.0
AC107021.1,lncRNA,0.0,0.0,0.0,0.0,2.0,7.0
AC107021.2,lncRNA,2.0,3.0,0.0,2.0,19.0,16.0
AC107023.1,lncRNA,0.0,0.0,0.0,0.0,0.0,0.5
AC107027.1,lncRNA,1.0,0.0,3.5,0.0,3.5,3.5
AC107027.3,lncRNA,1.0,0.0,1.0,2.0,5.0,1.0
AC107029.1,lncRNA,0.0,0.0,1.0,0.0,3.0,2.0
AC107029.2,lncRNA,5.0,0.0,1.0,3.0,12.0,9.0
AC107031.1,lncRNA,0.0,0.0,0.0,0.0,1.0,0.0
AC107050.1,lncRNA,1.0,3.0,1.0,2.0,2.0,1.0
AC107057.1,lncRNA,1.0,0.0,0.0,0.0,0.0,0.0
AC107067.1,lncRNA,0.0,1.0,0.0,1.0,4.0,2.0
AC107067.2,lncRNA,0.0,0.0,0.0,1.0,0.0,1.0
AC107068.1,lncRNA,0.0,0.0,1.0,0.0,2.0,3.0
AC107068.2,lncRNA,0.0,0.0,1.0,2.0,0.0,3.0
AC107071.1,lncRNA,0.0,0.0,0.0,0.0,2.0,4.0
AC107072.1,lncRNA,0.0,0.0,0.0,0.0,2.0,1.0
AC107074.1,lncRNA,1.0,4.0,3.0,0.0,9.0,0.0
AC107079.1,lncRNA,0.0,0.0,0.0,0.0,1.0,0.0
AC107081.1,lncRNA,0.5,0.0,0.0,0.0,0.5,0.0
AC107081.3,lncRNA,0.0,4.0,0.0,0.0,0.0,0.0
AC107208.1,lncRNA,0.0,2.0,0.0,0.0,3.0,6.0
AC107214.1,lncRNA,1.0,3.0,3.0,3.0,7.0,4.0
AC107220.1,lncRNA,0.0,1.0,0.0,0.0,3.0,2.0
AC107222.2,lncRNA,1.0,0.0,1.0,2.0,14.0,6.0
AC107223.1,lncRNA,13.0,14.0,4.0,6.0,22.0,23.0
AC107241.1,lncRNA,1.0,0.0,1.0,0.0,7.0,7.0
AC107294.1,lncRNA,0.0,0.0,0.0,0.0,0.0,3.0
AC107294.2,lncRNA,1.0,0.0,1.0,4.0,5.0,5.0
AC107294.3,lncRNA,0.0,0.0,0.0,0.0,1.0,1.0
AC107294.4,lncRNA,0.0,0.0,0.0,0.0,3.0,1.0
AC107302.2,lncRNA,0.5,0.0,0.5,0.5,0.0,0.0
AC107373.1,lncRNA,0.0,0.0,0.0,0.0,4.0,1.0
AC107373.2,lncRNA,0.0,0.0,1.5,1.0,1.5,0.5
AC107373.3,lncRNA,1.0,0.0,1.0,2.0,3.0,5.0
AC107375.1,lncRNA,0.0,0.0,0.0,1.0,4.0,5.0
AC107391.1,lncRNA,0.0,1.0,0.0,0.0,0.0,0.0
AC107398.2,lncRNA,0.0,0.0,0.0,0.5,0.0,0.0
AC107398.3,lncRNA,2.0,1.0,4.0,71.0,21.0,15.0
AC107398.4,lncRNA,1.0,1.0,2.0,1.0,2.5,3.0
AC107398.5,lncRNA,0.0,1.0,1.0,1.0,0.0,2.0
AC107419.1,lncRNA,1.0,6.0,9.0,3.0,54.0,72.0
AC107463.1,lncRNA,0.0,1.0,0.0,9.0,0.0,1.0
AC107464.1,lncRNA,0.0,0.0,1.0,1.0,2.0,1.0
AC107464.2,lncRNA,0.0,0.0,1.0,0.0,2.0,1.0
AC107871.2,lncRNA,2.0,4.5,1.0,0.0,13.0,15.0
AC107881.1,lncRNA,0.0,1.0,0.0,0.0,3.0,5.0
AC107884.1,lncRNA,4.0,4.0,5.5,8.0,23.5,23.5
AC107892.1,lncRNA,0.0,1.0,3.0,1.0,10.0,12.0
AC107896.1,lncRNA,0.0,0.0,0.0,1.0,3.0,5.0
AC107905.1,lncRNA,0.0,0.0,0.0,0.0,1.0,0.0
AC107909.1,lncRNA,0.0,0.0,1.0,0.0,1.0,1.0
AC107918.5,lncRNA,0.0,0.0,0.0,0.0,0.0,1.0
AC107918.6,lncRNA,1.0,0.0,0.0,1.0,1.0,2.0
AC107926.1,lncRNA,0.0,1.0,0.0,0.0,0.0,0.0
AC107953.2,lncRNA,0.0,0.0,0.0,0.0,0.0,1.0
AC107958.2,lncRNA,2.0,4.0,0.0,0.0,0.0,1.0
AC107959.1,lncRNA,3.5,3.0,3.5,1.5,11.5,21.0
AC107959.2,lncRNA,2.0,13.0,9.0,6.0,5.0,4.0
AC107959.3,lncRNA,0.0,0.0,0.0,0.0,3.0,2.0
AC107959.4,lncRNA,0.0,1.5,3.5,3.0,11.0,11.0
AC107973.1,lncRNA,0.0,1.0,0.0,0.0,1.0,0.0
AC107976.1,lncRNA,0.0,0.5,0.5,0.0,8.5,6.5
AC107980.1,lncRNA,1.0,0.0,1.0,1.0,14.0,12.0
AC107982.2,lncRNA,0.0,0.0,0.0,4.0,0.0,0.0
AC107982.3,lncRNA,1.0,0.0,0.0,0.0,1.0,0.0
AC107993.1,lncRNA,2.0,6.0,0.0,0.0,0.0,4.0
AC108002.1,lncRNA,5.5,3.0,16.5,3.0,1.5,6.0
AC108002.2,lncRNA,0.0,2.0,0.0,0.0,2.0,0.0
AC108010.1,lncRNA,0.0,0.0,0.0,0.0,1.0,1.5
AC108019.2,lncRNA,1.0,0.0,0.0,0.0,10.0,4.0
AC108021.1,lncRNA,1.0,0.0,0.0,0.0,0.0,1.0
AC108025.1,lncRNA,0.0,0.0,1.0,4.0,1.0,4.0
AC108037.1,lncRNA,1.0,0.0,0.0,0.0,0.0,0.0
AC108047.1,lncRNA,0.0,1.0,0.0,0.0,4.0,5.0
AC108050.1,lncRNA,0.0,1.0,1.0,0.0,6.5,3.0
AC108052.1,lncRNA,3.0,0.0,0.0,0.0,1.0,0.0
AC108053.1,lncRNA,2.0,0.0,0.0,2.0,4.0,3.0
AC108057.1,lncRNA,0.0,0.0,0.0,0.0,1.0,2.0
AC108058.1,lncRNA,2.0,2.0,1.0,0.0,6.0,7.0
AC108063.1,lncRNA,0.0,0.0,0.0,0.0,1.0,0.0
AC108063.2,lncRNA,0.0,0.0,1.0,0.0,13.0,13.0
AC108066.2,lncRNA,3.0,1.0,2.0,12.0,8.0,15.0
AC108067.1,lncRNA,0.0,0.0,0.0,1.0,0.0,1.0
AC108073.3,lncRNA,58.0,11.0,32.0,39.0,291.0,64.0
AC108097.1,lncRNA,0.0,0.0,1.0,0.0,0.0,0.0
AC108099.1,lncRNA,0.0,6.0,0.0,2.0,3.0,3.0
AC108105.1,lncRNA,1.0,2.0,0.0,2.0,5.0,3.0
AC108112.1,lncRNA,1.0,0.0,0.0,0.0,4.0,2.0
AC108134.1,lncRNA,4.5,3.0,8.0,4.0,47.5,34.5
AC108134.2,lncRNA,3.0,4.0,19.0,8.0,9.0,5.0
AC108134.3,lncRNA,1.0,0.0,1.0,0.0,3.0,7.0
AC108134.4,lncRNA,0.0,0.0,0.0,0.0,2.0,0.0
AC108136.1,lncRNA,3.0,0.0,0.0,0.0,1.0,0.0
AC108142.1,lncRNA,0.0,1.0,0.0,0.0,0.0,2.0
AC108156.1,lncRNA,0.0,1.0,0.0,0.0,0.0,2.0
AC108159.1,lncRNA,0.0,0.0,0.0,0.0,2.0,0.0
AC108168.1,lncRNA,0.0,0.0,0.0,3.0,2.0,1.0
AC108169.1,lncRNA,0.0,0.0,0.0,3.0,5.0,1.0
AC108174.1,lncRNA,0.0,0.0,0.0,0.0,0.0,2.0
AC108199.1,lncRNA,0.0,0.0,0.0,0.0,0.0,1.0
AC108206.1,lncRNA,0.0,2.0,1.0,1.0,10.0,4.0
AC108210.1,lncRNA,0.0,1.0,1.0,0.0,4.0,3.0
AC108448.1,lncRNA,0.0,0.0,0.0,0.0,2.0,2.0
AC108448.3,lncRNA,1.0,0.0,3.0,0.0,10.5,4.5
AC108449.1,lncRNA,0.0,0.0,0.0,0.0,0.0,0.5
AC108449.2,lncRNA,0.0,2.0,0.0,0.0,4.0,3.0
AC108449.3,lncRNA,1.0,0.0,0.5,1.0,0.5,1.0
AC108451.1,lncRNA,1.0,0.0,0.0,2.0,1.5,0.0
AC108451.2,lncRNA,0.0,0.5,3.0,0.0,0.0,0.0
AC108452.1,lncRNA,2.0,0.0,0.0,0.0,5.0,3.0
AC108457.1,lncRNA,0.0,1.0,2.0,5.0,1.0,0.0
AC108462.1,lncRNA,0.0,0.0,0.0,3.0,2.0,0.0
AC108463.2,lncRNA,0.0,0.0,0.0,0.0,1.0,0.0
AC108463.3,lncRNA,0.0,2.0,0.0,0.0,1.0,1.0
AC108467.1,lncRNA,0.0,0.0,0.0,0.0,1.0,0.0
AC108471.2,lncRNA,2.0,1.0,1.0,5.0,13.0,19.0
AC108471.3,lncRNA,0.0,0.0,0.0,1.0,1.0,2.0
AC108472.1,lncRNA,0.0,1.0,3.0,0.0,3.5,2.0
AC108477.1,lncRNA,1.0,1.0,1.0,0.0,1.0,0.0
AC108477.2,lncRNA,1.0,0.0,1.0,0.0,0.0,0.0
AC108479.1,lncRNA,0.0,1.0,2.0,0.0,8.0,4.0
AC108482.1,lncRNA,0.0,3.0,0.0,2.0,0.0,3.0
AC108482.2,lncRNA,0.0,0.0,0.0,0.0,0.0,1.0
AC108488.1,lncRNA,0.5,0.0,0.5,0.0,0.5,2.0
AC108488.3,lncRNA,1.0,0.0,2.0,1.0,6.0,10.0
AC108516.2,lncRNA,0.0,0.0,0.0,0.0,0.5,0.0
AC108517.1,lncRNA,0.0,0.0,0.0,0.0,0.0,1.0
AC108517.2,lncRNA,0.0,0.0,0.0,0.0,1.0,2.0
AC108519.1,lncRNA,6.0,7.0,7.0,4.0,16.0,13.0
AC108667.2,lncRNA,0.0,0.0,0.0,0.0,2.0,1.5
AC108673.2,lncRNA,0.0,2.0,0.0,0.0,4.0,1.0
AC108673.3,lncRNA,0.0,1.0,0.0,0.0,0.0,0.0
AC108676.1,lncRNA,1.0,2.33,0.0,7.0,2.67,2.33
AC108681.1,lncRNA,1.0,0.0,0.0,0.0,3.0,0.0
AC108690.1,lncRNA,41.0,343.0,107.0,153.0,69.0,146.0
AC108693.2,lncRNA,1.0,6.0,4.0,11.0,0.5,2.5
AC108704.1,lncRNA,0.0,0.0,0.0,1.0,0.0,1.0
AC108718.1,lncRNA,0.0,0.0,0.0,0.0,1.0,2.0
AC108721.2,lncRNA,1.0,3.0,1.0,4.0,5.0,4.0
AC108733.1,lncRNA,0.0,3.0,1.0,0.0,1.0,2.0
AC108734.3,lncRNA,0.0,1.0,0.5,0.0,2.0,3.0
AC108749.1,lncRNA,4.0,4.0,3.0,2.0,6.0,11.0
AC108751.3,lncRNA,0.0,0.0,0.0,2.5,0.5,0.0
AC108752.1,lncRNA,3.0,12.0,140.0,4.0,24.0,37.0
AC108860.2,lncRNA,6.0,7.0,5.0,0.0,18.0,16.0
AC108861.1,lncRNA,0.0,1.0,1.0,2.0,3.5,3.0
AC108863.1,lncRNA,0.0,0.5,0.0,0.0,0.0,0.5
AC108865.1,lncRNA,0.0,0.0,0.0,0.0,0.0,1.0
AC108865.2,lncRNA,1.0,0.0,0.0,0.0,1.0,0.0
AC108868.1,lncRNA,0.0,1.0,0.0,0.0,0.0,1.5
AC108868.2,lncRNA,0.5,3.5,0.5,0.0,4.0,2.0
AC108879.1,lncRNA,1.0,2.0,1.0,1.0,0.0,1.0
AC108925.1,lncRNA,1.0,3.0,4.0,3.0,8.0,5.0
AC108935.1,lncRNA,0.0,0.0,0.0,0.0,2.0,2.0
AC109129.1,lncRNA,0.0,0.0,0.0,0.0,1.0,0.0
AC109131.1,lncRNA,1.0,1.0,0.0,0.0,0.0,0.0
AC109133.1,lncRNA,3.0,4.0,1.0,1.0,20.0,10.5
AC109136.1,lncRNA,2.0,2.0,2.0,1.0,9.0,4.0
AC109309.1,lncRNA,0.0,0.0,0.0,0.5,0.0,1.0
AC109322.1,lncRNA,0.5,1.0,3.0,1.0,16.0,8.0
AC109322.2,lncRNA,8.0,3.0,2.0,5.0,23.0,27.0
AC109347.1,lncRNA,0.0,0.0,0.0,1.0,4.0,3.0
AC109347.2,lncRNA,0.0,0.0,0.0,0.0,1.0,1.0
AC109349.1,lncRNA,0.0,0.0,0.0,0.0,1.0,0.0
AC109361.1,lncRNA,0.0,0.0,0.0,0.0,3.0,3.0
AC109361.2,lncRNA,0.0,0.0,0.0,0.0,1.0,1.0
AC109439.1,lncRNA,0.0,0.0,0.0,1.0,2.0,2.0
AC109441.1,lncRNA,3.0,0.0,1.5,0.0,6.5,3.0
AC109446.2,lncRNA,0.0,0.0,3.0,0.0,0.5,0.5
AC109449.1,lncRNA,0.0,1.0,1.0,3.0,2.0,1.0
AC109454.2,lncRNA,0.0,0.0,0.0,1.0,1.0,5.0
AC109454.3,lncRNA,0.0,0.0,0.0,3.0,2.0,4.0
AC109460.1,lncRNA,0.0,0.0,0.83,3.0,3.67,4.83
AC109460.2,lncRNA,4.0,2.0,0.0,4.0,3.0,3.5
AC109460.3,lncRNA,2.5,2.0,1.83,3.0,22.0,20.33
AC109460.4,lncRNA,0.0,0.0,0.0,0.0,0.33,0.0
AC109462.1,lncRNA,0.0,0.0,0.0,0.0,1.0,0.0
AC109462.2,lncRNA,0.0,0.0,0.0,0.0,3.0,1.0
AC109462.3,lncRNA,0.0,0.0,0.0,0.0,1.0,2.0
AC109464.1,lncRNA,0.0,0.0,0.0,0.0,2.0,0.0
AC109466.1,lncRNA,31.5,59.0,51.5,974.5,232.5,442.5
AC109471.1,lncRNA,0.0,0.0,0.0,0.0,0.0,1.0
AC109479.1,lncRNA,0.0,0.0,0.0,0.0,2.5,1.0
AC109479.3,lncRNA,0.0,0.0,0.0,0.0,0.5,0.0
AC109492.1,lncRNA,0.0,0.0,0.0,0.0,2.0,0.0
AC109495.1,lncRNA,1.0,0.0,0.0,4.0,1.0,2.0
AC109517.1,lncRNA,12.0,1.0,0.0,1.0,0.0,1.0
AC109583.4,lncRNA,0.0,0.33,2.0,0.0,6.17,5.17
AC109587.1,lncRNA,0.0,3.0,1.0,2.5,5.5,2.0
AC109597.1,lncRNA,0.0,0.0,0.0,0.0,1.0,3.0
AC109597.2,lncRNA,0.0,1.0,0.0,0.0,1.0,3.0
AC109630.1,lncRNA,2.0,1.0,0.0,2.0,4.0,3.0
AC109635.4,lncRNA,10.0,5.0,14.0,14.0,24.0,32.0
AC109635.5,lncRNA,0.0,0.0,0.0,0.0,3.0,2.0
AC109642.1,lncRNA,0.0,0.0,0.0,0.0,1.0,0.0
AC109782.1,lncRNA,1.0,3.0,5.0,2.0,25.0,32.0
AC109809.1,lncRNA,0.0,0.0,0.0,0.0,0.0,1.0
AC109811.1,lncRNA,1.0,1.0,1.0,1.0,3.0,1.0
AC109824.1,lncRNA,0.0,1.0,1.0,0.0,1.0,1.0
AC109925.1,lncRNA,0.0,1.5,0.5,0.0,1.0,4.0
AC109927.1,lncRNA,0.0,1.0,1.0,0.0,2.0,0.0
AC109992.2,lncRNA,0.0,0.0,0.0,1.0,0.5,0.0
AC110011.1,lncRNA,3.0,0.0,0.0,1.0,5.0,12.0
AC110014.1,lncRNA,0.0,0.0,0.0,0.0,3.0,1.0
AC110015.1,lncRNA,0.0,0.0,0.0,0.0,0.5,0.0
AC110048.2,lncRNA,0.0,7.0,3.0,7.0,15.0,5.0
AC110058.1,lncRNA,1.0,1.0,0.0,0.0,2.0,0.0
AC110285.1,lncRNA,3.0,3.0,5.0,0.0,22.0,17.0
AC110285.2,lncRNA,6.0,12.0,9.0,7.0,54.0,90.0
AC110285.3,lncRNA,0.0,7.0,1.0,0.0,9.0,7.0
AC110285.4,lncRNA,1.0,0.0,0.5,0.5,0.5,1.0
AC110285.5,lncRNA,0.0,0.0,1.0,5.0,1.0,1.0
AC110288.1,lncRNA,0.0,0.0,0.0,0.0,0.0,1.0
AC110296.1,lncRNA,0.0,0.0,0.0,0.0,1.0,0.0
AC110491.1,lncRNA,1.0,5.0,4.0,0.0,4.0,2.0
AC110491.3,lncRNA,0.0,0.0,0.0,0.0,4.0,4.0
AC110597.1,lncRNA,0.0,0.0,0.0,0.0,0.0,4.0
AC110597.3,lncRNA,1.5,0.5,0.0,0.0,8.0,2.5
AC110603.1,lncRNA,0.0,1.0,0.0,0.0,0.0,0.0
AC110609.1,lncRNA,0.0,1.0,0.0,0.0,2.0,2.0
AC110611.1,lncRNA,1.5,1.0,2.0,0.0,26.0,23.0
AC110611.2,lncRNA,0.0,0.0,0.0,1.0,4.0,1.0
AC110614.1,lncRNA,0.0,2.0,0.0,1.0,1.0,2.0
AC110615.1,lncRNA,3.0,2.0,0.0,1.0,1.0,2.0
AC110619.1,lncRNA,2.0,5.0,6.0,7.0,21.0,21.0
AC110620.2,lncRNA,1.0,0.0,1.0,2.0,13.0,12.0
AC110716.1,lncRNA,0.0,0.0,0.0,0.0,1.0,0.0
AC110716.2,lncRNA,1.0,0.0,0.0,1.0,2.0,3.0
AC110741.1,lncRNA,1.0,0.0,0.0,0.0,1.0,0.0
AC110760.1,lncRNA,0.0,0.0,0.0,0.0,0.0,1.0
AC110769.1,lncRNA,0.0,0.0,0.0,0.0,0.5,1.0
AC110769.2,lncRNA,0.0,0.0,0.0,0.0,6.0,4.0
AC110772.1,lncRNA,0.0,1.0,1.0,0.0,3.0,2.0
AC110772.2,lncRNA,1.0,1.0,4.0,5.0,2.0,1.0
AC110790.1,lncRNA,2.0,0.0,0.0,0.0,1.0,1.0
AC110792.2,lncRNA,0.0,0.0,2.0,0.0,0.0,0.0
AC110792.4,lncRNA,0.0,1.0,1.0,1.0,3.0,4.0
AC110795.1,lncRNA,0.0,1.0,2.0,1.0,0.0,0.0
AC110800.1,lncRNA,0.0,0.0,0.0,0.0,1.0,1.0
AC110809.1,lncRNA,0.0,3.0,1.0,8.0,0.0,3.0
AC110813.1,lncRNA,3.0,2.0,4.0,5.5,23.0,13.0
AC110921.1,lncRNA,0.0,1.0,0.0,0.0,1.0,0.0
AC110926.1,lncRNA,3.0,2.0,0.0,1.0,1.0,0.0
AC110992.1,lncRNA,0.0,0.0,0.0,1.0,4.0,3.0
AC110995.1,lncRNA,0.0,0.0,1.0,0.0,1.0,1.0
AC111000.4,lncRNA,1.5,2.5,7.0,0.0,16.5,15.0
AC111006.1,lncRNA,2.0,1.0,1.0,1.0,16.0,12.0
AC111149.1,lncRNA,0.0,0.0,1.0,1.0,0.0,0.0
AC111149.2,lncRNA,1.0,1.0,1.0,0.0,6.0,0.0
AC111170.1,lncRNA,0.0,0.0,0.0,1.0,0.5,0.0
AC111170.2,lncRNA,0.0,0.0,1.0,0.0,0.5,0.0
AC111182.1,lncRNA,3.0,0.0,4.5,5.0,25.5,25.0
AC111182.2,lncRNA,0.0,4.0,0.0,0.0,1.0,5.0
AC111194.1,lncRNA,0.0,0.0,0.0,0.0,1.0,1.0
AC111194.2,lncRNA,0.0,0.0,0.0,0.0,0.0,1.0
AC111197.1,lncRNA,0.0,0.0,0.0,0.0,2.0,0.0
AC111198.1,lncRNA,0.0,0.0,0.0,4.0,0.0,1.0
AC112172.2,lncRNA,3.0,0.0,0.0,0.0,2.0,2.0
AC112176.1,lncRNA,2.0,0.0,4.0,0.0,14.0,13.0
AC112178.1,lncRNA,0.0,1.0,2.0,4.0,3.0,3.0
AC112187.3,lncRNA,0.0,0.0,0.0,1.0,0.0,2.0
AC112196.1,lncRNA,0.0,0.0,0.0,1.0,0.0,0.0
AC112198.2,lncRNA,0.0,0.0,0.0,1.0,0.0,0.0
AC112204.2,lncRNA,0.0,0.0,1.0,0.0,0.0,0.0
AC112206.2,lncRNA,5.0,4.0,3.0,2.0,22.0,30.0
AC112211.1,lncRNA,0.0,0.0,0.0,0.5,0.5,0.0
AC112219.1,lncRNA,0.0,0.0,0.0,0.0,0.0,0.5
AC112219.2,lncRNA,1.0,1.0,0.0,0.0,0.0,1.0
AC112220.2,lncRNA,1.0,2.0,3.0,0.0,8.0,7.0
AC112229.4,lncRNA,0.33,0.0,0.67,0.33,3.83,4.83
AC112236.1,lncRNA,0.0,0.0,0.0,0.0,1.0,3.0
AC112236.2,lncRNA,0.0,3.0,1.0,2.0,29.0,12.0
AC112236.3,lncRNA,1.0,2.0,7.0,3.0,2.0,5.0
AC112242.2,lncRNA,0.0,0.0,1.0,0.0,5.0,3.0
AC112250.2,lncRNA,0.0,0.0,0.0,0.0,0.0,1.0
AC112253.1,lncRNA,0.0,0.0,0.0,0.0,0.0,1.0
AC112254.1,lncRNA,0.0,0.0,1.0,2.0,1.0,1.0
AC112481.1,lncRNA,0.0,0.0,0.0,0.0,2.0,0.0
AC112481.2,lncRNA,1.0,0.0,0.0,3.0,3.0,3.0
AC112482.2,lncRNA,0.0,2.0,0.0,1.0,2.0,1.0
AC112484.1,lncRNA,0.0,3.0,0.0,0.0,2.0,3.0
AC112484.3,lncRNA,0.0,0.0,1.0,1.0,3.0,0.0
AC112484.5,lncRNA,0.0,2.0,3.0,1.0,4.0,1.0
AC112487.1,lncRNA,0.5,5.5,1.5,3.0,9.0,5.0
AC112491.1,lncRNA,0.0,1.0,2.33,0.0,0.0,1.83
AC112493.1,lncRNA,0.0,0.0,0.0,0.0,2.0,3.0
AC112495.1,lncRNA,0.0,0.0,0.0,0.0,2.0,3.0
AC112503.1,lncRNA,0.5,0.0,0.0,0.0,0.5,0.0
AC112503.2,lncRNA,0.0,0.0,1.0,0.0,2.0,2.0
AC112504.3,lncRNA,1.0,1.0,0.0,0.0,1.0,3.0
AC112512.1,lncRNA,1.0,1.0,2.0,0.0,4.0,4.0
AC112693.1,lncRNA,0.0,0.0,0.0,0.0,0.0,2.0
AC112721.1,lncRNA,1.0,0.0,1.0,1.0,1.0,2.0
AC112721.2,lncRNA,0.0,0.0,0.0,1.0,2.0,1.0
AC112722.1,lncRNA,0.0,2.0,0.0,0.0,1.0,0.0
AC112770.1,lncRNA,1.0,3.0,1.0,4.0,15.0,14.0
AC112907.1,lncRNA,0.0,1.0,0.0,0.0,3.0,0.0
AC112907.3,lncRNA,8.5,2.0,0.5,4.5,10.5,10.5
AC113133.1,lncRNA,2.0,0.0,1.0,3.0,9.0,4.0
AC113137.1,lncRNA,2.0,1.0,0.0,0.0,2.0,0.0
AC113143.1,lncRNA,0.0,0.0,2.0,2.0,0.0,0.0
AC113143.2,lncRNA,0.0,4.0,0.0,1.0,5.0,4.0
AC113145.1,lncRNA,0.0,0.0,1.0,0.0,0.0,0.0
AC113146.1,lncRNA,0.0,0.0,0.0,0.0,5.0,5.0
AC113167.1,lncRNA,0.0,2.0,2.0,2.0,10.0,7.0
AC113189.1,lncRNA,0.5,0.0,0.0,1.0,3.0,6.5
AC113189.2,lncRNA,1.5,1.33,0.83,2.5,2.17,2.33
AC113189.3,lncRNA,0.0,1.0,0.0,0.0,0.0,0.0
AC113189.4,lncRNA,3.5,5.83,7.83,5.0,10.67,22.33
AC113194.1,lncRNA,0.0,0.0,0.0,0.0,0.0,2.0
AC113208.5,lncRNA,1.0,2.0,2.0,2.5,16.0,18.0
AC113331.1,lncRNA,0.0,0.0,0.0,0.0,1.0,0.0
AC113346.1,lncRNA,0.0,0.0,0.0,3.0,1.0,0.0
AC113346.2,lncRNA,0.0,0.0,1.0,0.0,0.0,1.0
AC113348.2,lncRNA,1.0,1.0,1.0,0.0,4.0,1.0
AC113349.1,lncRNA,0.0,0.0,0.0,1.0,0.0,0.0
AC113349.2,lncRNA,0.0,0.5,0.5,0.0,0.0,1.5
AC113355.1,lncRNA,0.0,1.0,0.0,2.0,2.0,0.0
AC113361.1,lncRNA,0.0,0.0,0.0,0.0,2.0,1.0
AC113370.1,lncRNA,1.0,2.0,1.0,2.0,2.0,4.0
AC113382.1,lncRNA,2.0,2.0,1.5,0.0,4.5,1.0
AC113382.2,lncRNA,0.0,1.0,2.0,5.0,1.0,1.0
AC113385.1,lncRNA,1.0,0.0,3.0,1.0,4.0,4.0
AC113386.1,lncRNA,0.0,0.0,0.0,0.0,0.0,1.0
AC113391.1,lncRNA,0.0,1.0,0.0,1.0,2.0,4.0
AC113391.2,lncRNA,0.0,3.0,0.0,0.0,0.0,1.0
AC113398.2,lncRNA,0.0,0.0,0.0,0.0,0.0,1.0
AC113404.1,lncRNA,1.0,0.0,0.0,0.0,3.0,4.0
AC113410.2,lncRNA,0.0,1.0,0.0,0.0,10.0,25.0
AC113410.4,lncRNA,1.0,0.0,2.0,0.0,7.0,3.0
AC113410.5,lncRNA,1.0,0.0,1.0,0.0,1.0,3.0
AC113414.1,lncRNA,1.0,4.0,1.0,13.0,6.0,15.0
AC113418.1,lncRNA,0.0,0.0,0.0,2.0,1.0,2.0
AC113423.1,lncRNA,0.0,0.0,1.0,0.0,0.0,1.0
AC113607.1,lncRNA,0.0,0.0,0.0,1.0,1.0,1.0
AC113608.1,lncRNA,0.0,0.0,0.0,0.0,1.0,0.0
AC113615.1,lncRNA,1.0,6.0,4.0,5.0,11.0,8.0
AC113615.2,lncRNA,0.0,0.0,0.0,0.0,1.0,1.0
AC114271.1,lncRNA,3.5,8.0,4.5,1.5,18.0,20.5
AC114277.1,lncRNA,1.0,2.0,0.0,0.0,2.0,1.0
AC114284.1,lncRNA,0.0,0.0,0.0,1.0,1.0,0.0
AC114291.1,lncRNA,1.0,0.0,1.0,0.0,27.5,14.0
AC114296.1,lncRNA,0.0,0.0,4.0,3.0,7.0,2.0
AC114311.1,lncRNA,0.0,1.0,0.0,0.5,5.5,3.5
AC114316.1,lncRNA,1.0,4.0,1.0,5.0,8.0,13.0
AC114321.1,lncRNA,0.0,0.0,0.0,0.0,1.0,0.0
AC114341.1,lncRNA,1.0,0.0,0.0,0.0,0.0,1.0
AC114341.2,lncRNA,1.0,1.0,3.0,1.0,8.0,6.0
AC114401.1,lncRNA,0.0,1.0,1.0,0.0,1.0,1.0
AC114485.1,lncRNA,2.0,0.0,0.0,0.0,2.0,1.0
AC114488.1,lncRNA,0.0,0.0,0.0,1.0,1.0,0.0
AC114488.2,lncRNA,6.0,3.0,8.0,3.0,69.0,75.5
AC114489.1,lncRNA,0.0,1.0,0.0,0.0,1.0,0.0
AC114498.1,lncRNA,0.5,0.0,0.0,0.0,0.0,1.0
AC114546.2,lncRNA,0.0,0.0,1.0,0.0,2.0,1.0
AC114550.1,lncRNA,0.0,3.0,0.0,3.0,5.0,3.0
AC114550.2,lncRNA,0.0,0.0,0.0,0.0,0.0,2.0
AC114550.3,lncRNA,0.0,1.0,1.0,0.0,0.0,0.0
AC114684.1,lncRNA,0.0,0.0,0.0,0.0,0.0,1.0
AC114689.3,lncRNA,2.0,0.5,1.0,2.0,14.5,11.5
AC114730.1,lncRNA,4.0,2.0,4.5,5.5,52.5,38.0
AC114730.2,lncRNA,1.0,0.0,0.0,1.0,4.5,2.5
AC114730.3,lncRNA,1.0,0.0,3.0,2.5,13.0,5.0
AC114737.1,lncRNA,0.0,0.0,0.0,1.0,1.0,0.0
AC114741.1,lncRNA,1.0,1.0,0.0,0.0,0.0,0.0
AC114744.2,lncRNA,0.0,0.0,0.0,0.0,0.0,0.5
AC114752.1,lncRNA,0.0,0.0,0.0,0.0,2.0,0.0
AC114752.2,lncRNA,0.0,2.0,1.0,1.0,1.0,6.0
AC114757.1,lncRNA,1.0,1.0,2.0,2.0,8.0,14.0
AC114760.2,lncRNA,0.0,5.0,0.0,3.0,0.0,3.0
AC114763.1,lncRNA,0.0,1.0,1.0,0.0,7.0,16.0
AC114763.2,lncRNA,0.0,0.0,1.0,1.0,0.0,4.0
AC114776.1,lncRNA,1.0,1.0,0.0,2.0,2.0,7.0
AC114781.2,lncRNA,0.0,0.0,0.0,0.0,0.5,0.5
AC114798.1,lncRNA,0.0,0.0,2.0,0.0,1.0,1.0
AC114802.1,lncRNA,0.0,1.0,1.0,0.0,9.0,10.0
AC114808.1,lncRNA,0.0,1.0,0.0,0.0,2.0,2.0
AC114810.1,lncRNA,0.0,0.0,1.0,0.0,1.0,1.0
AC114811.2,lncRNA,2.0,0.0,0.0,5.0,6.0,4.0
AC114812.2,lncRNA,0.0,0.5,0.5,0.5,0.5,0.0
AC114814.2,lncRNA,0.0,3.0,3.0,2.0,2.0,5.0
AC114928.1,lncRNA,0.0,4.0,0.0,1.0,1.0,1.0
AC114930.1,lncRNA,2.0,0.0,0.0,0.0,4.0,2.0
AC114939.1,lncRNA,0.0,0.0,0.0,2.0,0.0,0.0
AC114947.2,lncRNA,0.5,0.0,0.0,0.0,0.5,2.0
AC114954.1,lncRNA,3.0,3.0,2.0,8.0,0.0,1.0
AC114956.1,lncRNA,1.0,2.0,2.0,1.0,9.0,10.0
AC114956.2,lncRNA,2.0,1.0,2.0,3.0,89.0,115.0
AC114964.2,lncRNA,0.0,1.0,0.0,3.0,5.0,2.0
AC114971.1,lncRNA,2.0,1.0,0.0,0.0,5.0,4.0
AC114977.1,lncRNA,0.0,0.0,0.0,0.0,0.0,1.0
AC114977.2,lncRNA,0.0,1.0,0.0,0.0,4.0,1.0
AC114980.1,lncRNA,2.0,2.0,0.0,0.0,8.0,5.0
AC115099.1,lncRNA,0.0,0.0,0.0,0.0,1.0,1.0
AC115100.1,lncRNA,0.0,0.0,0.0,0.0,1.0,0.0
AC115102.1,lncRNA,1.0,5.0,0.0,1.0,0.0,3.0
AC115220.1,lncRNA,2.0,6.0,0.5,1.5,2.0,5.0
AC115220.2,lncRNA,7.0,10.0,2.0,6.0,26.0,37.0
AC115282.1,lncRNA,0.0,7.0,1.0,1.0,5.0,7.0
AC115282.2,lncRNA,4.0,1.0,1.0,1.0,5.0,5.0
AC115284.1,lncRNA,0.0,0.0,0.0,0.0,0.67,1.33
AC115284.3,lncRNA,0.0,0.0,0.0,0.0,2.0,6.0
AC115284.4,lncRNA,0.0,1.0,0.0,4.0,8.0,6.0
AC115485.1,lncRNA,0.0,0.0,1.0,0.0,1.0,3.0
AC115522.1,lncRNA,0.0,1.0,2.0,1.0,0.0,3.0
AC115618.1,lncRNA,4.0,0.0,1.5,1.0,0.0,1.0
AC115618.2,lncRNA,0.0,0.83,0.0,0.33,1.83,0.0
AC115619.1,lncRNA,0.0,0.0,1.0,2.0,3.0,5.0
AC115837.1,lncRNA,0.0,0.0,0.0,0.0,3.0,0.0
AC115989.1,lncRNA,0.0,0.0,0.0,0.0,0.0,1.5
AC116003.1,lncRNA,1.0,4.0,1.0,3.0,27.0,32.0
AC116003.3,lncRNA,0.0,0.0,1.0,0.0,0.0,1.0
AC116021.1,lncRNA,1.0,2.0,2.0,2.0,4.0,7.0
AC116025.2,lncRNA,1.0,0.0,2.0,0.0,4.0,1.0
AC116035.1,lncRNA,0.0,0.0,0.0,0.0,1.0,1.0
AC116038.1,lncRNA,0.0,1.0,2.0,0.0,1.0,0.0
AC116096.1,lncRNA,0.0,0.0,1.0,0.0,1.0,4.0
AC116099.1,lncRNA,1.0,1.0,1.0,0.0,0.0,0.0
AC116158.1,lncRNA,1.0,0.0,0.0,0.0,0.0,1.0
AC116158.2,lncRNA,1.0,1.0,0.0,0.0,0.0,1.0
AC116158.3,lncRNA,2.0,3.5,1.0,10.5,9.0,7.0
AC116312.1,lncRNA,0.0,0.0,0.0,0.0,1.0,0.0
AC116317.1,lncRNA,0.0,4.0,1.0,2.0,6.0,2.0
AC116317.2,lncRNA,1.0,1.0,1.0,0.0,3.0,13.0
AC116337.3,lncRNA,0.0,0.0,0.0,1.0,2.0,0.0
AC116337.4,lncRNA,0.0,1.0,1.0,1.0,1.0,2.0
AC116345.1,lncRNA,1.0,1.0,0.0,3.0,1.0,3.0
AC116345.3,lncRNA,0.0,0.0,1.0,0.0,0.0,2.0
AC116345.4,lncRNA,19.0,4.0,0.0,0.0,14.0,3.0
AC116348.1,lncRNA,0.0,1.0,0.0,0.0,0.0,0.0
AC116348.2,lncRNA,0.0,0.0,2.5,0.0,6.0,2.5
AC116348.3,lncRNA,0.0,0.0,0.0,2.5,2.5,2.5
AC116350.1,lncRNA,0.0,0.0,1.0,1.0,0.0,1.0
AC116351.1,lncRNA,2.0,4.0,2.0,3.0,3.0,17.0
AC116351.2,lncRNA,0.0,3.0,3.0,2.0,9.0,8.0
AC116353.5,lncRNA,0.0,1.0,0.0,2.5,4.0,3.5
AC116361.1,lncRNA,0.0,0.0,0.0,0.0,0.0,1.0
AC116362.1,lncRNA,3.0,7.0,0.0,4.0,3.0,5.0
AC116362.2,lncRNA,0.5,0.5,1.0,0.0,0.0,0.5
AC116407.1,lncRNA,2.0,4.5,1.5,0.0,2.5,8.0
AC116407.2,lncRNA,0.0,0.0,0.0,2.0,13.0,6.0
AC116424.1,lncRNA,0.0,0.0,0.0,3.0,0.0,0.0
AC116428.1,lncRNA,0.0,0.0,0.0,0.0,3.0,1.0
AC116447.1,lncRNA,0.0,0.0,1.0,2.0,1.0,0.0
AC116456.1,lncRNA,0.0,0.5,0.5,0.5,3.0,6.0
AC116534.1,lncRNA,0.0,0.0,0.0,4.0,1.0,2.0
AC116535.1,lncRNA,3.0,5.0,2.0,0.0,3.0,3.0
AC116552.1,lncRNA,0.0,1.0,2.0,2.0,6.0,5.0
AC116563.1,lncRNA,0.0,0.0,0.0,0.0,0.0,1.0
AC116565.1,lncRNA,1.0,3.0,1.0,1.0,16.0,15.0
AC116609.1,lncRNA,0.0,0.0,0.0,0.0,2.0,1.0
AC116609.2,lncRNA,0.0,0.0,0.0,0.0,0.0,1.0
AC116611.1,lncRNA,2.0,1.0,0.0,3.0,1.0,5.0
AC116612.1,lncRNA,0.0,2.0,1.0,0.0,1.0,4.0
AC116616.1,lncRNA,0.0,0.0,0.0,0.0,0.0,2.0
AC116634.1,lncRNA,0.0,0.0,0.0,0.0,0.0,1.0
AC116651.1,lncRNA,1.0,0.0,0.0,0.0,1.0,1.0
AC116666.1,lncRNA,1.0,1.0,1.0,1.0,0.0,0.0
AC116667.1,lncRNA,4.0,6.0,4.0,4.0,3.0,11.0
AC116667.2,lncRNA,0.0,1.0,1.0,0.0,9.0,10.0
AC116903.1,lncRNA,0.0,0.0,0.0,0.0,1.0,0.0
AC116903.2,lncRNA,0.0,0.0,0.0,4.0,3.0,2.0
AC116913.1,lncRNA,0.0,0.0,0.0,1.0,13.83,4.5
AC116914.1,lncRNA,0.0,0.0,0.0,1.0,0.0,0.0
AC116914.2,lncRNA,0.0,0.0,0.0,2.0,0.0,0.0
AC117373.1,lncRNA,0.0,0.0,0.0,0.0,6.0,7.0
AC117373.2,lncRNA,1.0,3.0,2.5,0.5,1.5,1.5
AC117382.2,lncRNA,2.0,9.0,7.0,5.0,15.0,24.0
AC117383.1,lncRNA,0.0,0.0,0.0,0.0,5.0,2.0
AC117386.1,lncRNA,0.0,0.0,0.0,0.0,4.0,1.0
AC117386.2,lncRNA,0.0,0.0,0.0,1.0,0.0,2.0
AC117394.2,lncRNA,0.0,0.0,0.0,0.0,0.0,1.0
AC117422.1,lncRNA,0.0,0.0,0.0,5.0,1.0,0.0
AC117430.1,lncRNA,0.0,0.0,0.0,1.0,0.0,0.0
AC117435.1,lncRNA,0.0,0.0,2.0,2.0,17.0,9.0
AC117453.1,lncRNA,0.0,2.0,1.0,4.0,19.0,16.0
AC117461.1,lncRNA,0.0,5.0,3.0,1.0,4.0,3.0
AC117462.1,lncRNA,0.0,0.0,0.0,0.0,0.0,2.0
AC117464.1,lncRNA,1.0,0.0,0.0,3.0,4.0,4.0
AC117465.1,lncRNA,0.0,0.0,0.0,0.0,0.0,1.0
AC117469.1,lncRNA,0.0,0.0,0.0,0.0,0.5,0.5
AC117473.1,lncRNA,0.0,0.0,0.0,0.0,0.0,1.0
AC117480.1,lncRNA,1.0,1.0,0.0,0.0,0.0,0.0
AC117481.1,lncRNA,0.0,0.0,1.0,0.0,2.0,1.5
AC117488.1,lncRNA,0.0,0.0,0.0,3.0,2.0,3.0
AC117490.2,lncRNA,0.0,0.0,0.0,0.0,2.0,1.0
AC117498.1,lncRNA,0.0,0.0,0.0,1.5,0.5,2.0
AC117500.1,lncRNA,0.0,1.0,1.0,0.0,2.0,2.0
AC117500.2,lncRNA,0.0,0.0,0.0,0.0,2.0,5.0
AC117500.3,lncRNA,0.0,0.0,0.0,1.0,2.0,1.0
AC117500.6,lncRNA,0.0,0.0,1.0,0.0,4.0,6.0
AC117503.1,lncRNA,0.0,0.0,0.0,0.0,0.5,0.0
AC117503.5,lncRNA,1.0,0.0,0.0,2.0,3.0,2.0
AC117505.1,lncRNA,2.0,2.0,0.5,0.0,0.5,0.0
AC117509.1,lncRNA,0.0,0.0,0.0,2.0,1.0,0.0
AC117522.2,lncRNA,0.0,0.0,0.0,0.0,2.0,0.0
AC117528.1,lncRNA,0.0,1.0,1.0,3.0,2.0,5.0
AC117569.1,lncRNA,1.0,0.0,0.0,0.0,0.0,0.0
AC117569.2,lncRNA,1.0,0.0,0.0,0.0,4.0,3.0
AC117834.1,lncRNA,1.0,0.0,0.0,1.0,3.5,2.0
AC117834.2,lncRNA,0.0,1.0,0.0,0.0,0.0,1.0
AC117944.1,lncRNA,0.0,0.0,0.0,0.0,0.0,1.0
AC117945.1,lncRNA,1.0,0.0,0.0,0.0,1.0,3.0
AC117945.2,lncRNA,0.0,0.0,0.0,0.0,1.0,2.0
AC118344.1,lncRNA,0.0,0.0,0.0,1.0,13.0,10.0
AC118469.2,lncRNA,0.0,0.0,0.0,0.0,3.0,1.0
AC118555.1,lncRNA,0.0,0.0,0.0,0.0,2.0,1.0
AC118653.1,lncRNA,1.0,0.0,0.0,0.0,0.0,2.0
AC118754.1,lncRNA,1.0,0.0,0.0,0.0,8.0,3.0
AC118754.2,lncRNA,0.0,0.0,0.0,0.0,1.0,1.0
AC118755.1,lncRNA,2.0,0.0,0.0,2.0,11.0,5.0
AC118755.2,lncRNA,0.0,0.0,0.0,0.0,1.0,2.0
AC118757.1,lncRNA,0.0,3.0,0.0,0.0,0.0,1.0
AC118758.2,lncRNA,5.0,7.0,11.0,11.0,28.0,27.0
AC119150.1,lncRNA,0.0,0.0,1.0,1.0,1.0,0.0
AC119396.1,lncRNA,0.0,0.0,1.0,2.0,0.0,0.0
AC119403.1,lncRNA,3.5,2.5,1.0,0.0,8.0,3.0
AC119424.1,lncRNA,0.0,0.0,0.0,1.0,0.0,0.0
AC119427.1,lncRNA,0.0,0.0,1.0,0.0,1.0,2.0
AC119427.2,lncRNA,1.0,3.0,1.0,0.5,2.5,4.5
AC119428.1,lncRNA,0.0,0.0,0.0,0.0,3.0,1.5
AC119428.2,lncRNA,0.0,0.0,0.0,3.0,2.0,1.5
AC119673.1,lncRNA,0.0,1.0,1.0,0.0,1.0,0.0
AC119673.2,lncRNA,5.0,3.0,4.0,4.0,20.0,28.0
AC119674.1,lncRNA,1.5,7.0,3.0,7.0,22.5,20.5
AC119868.2,lncRNA,0.0,1.0,0.0,0.0,0.0,0.0
AC120024.1,lncRNA,3.0,2.0,10.0,8.0,103.0,96.0
AC120036.4,lncRNA,0.0,0.0,1.0,1.0,4.0,3.0
AC120036.5,lncRNA,0.0,0.0,0.0,1.0,1.0,2.0
AC120042.1,lncRNA,0.0,0.0,1.0,0.0,0.0,0.0
AC120042.2,lncRNA,1.0,0.0,0.0,0.0,0.0,1.0
AC120045.1,lncRNA,0.0,0.0,0.0,1.0,2.0,3.0
AC120114.1,lncRNA,2.0,1.0,0.0,0.0,9.0,15.0
AC120114.2,lncRNA,1.0,1.0,0.5,2.0,0.5,2.0
AC120193.1,lncRNA,0.0,1.0,1.0,1.0,3.0,3.0
AC120194.1,lncRNA,0.0,0.0,0.0,2.0,3.0,0.0
AC120349.1,lncRNA,0.0,0.0,0.0,1.0,0.0,0.0
AC120498.1,lncRNA,0.0,0.0,0.0,0.0,1.0,6.0
AC120498.10,lncRNA,0.0,2.0,0.0,0.0,2.0,1.0
AC120498.2,lncRNA,0.0,1.0,0.0,0.0,1.0,2.0
AC120498.3,lncRNA,0.0,0.0,0.0,0.0,2.0,2.0
AC120498.4,lncRNA,0.0,0.0,0.0,0.0,2.0,5.0
AC120498.6,lncRNA,0.0,0.0,0.0,0.0,1.0,0.5
AC120498.8,lncRNA,0.0,0.0,0.0,0.0,11.0,8.0
AC120498.9,lncRNA,2.0,2.5,6.0,9.0,12.5,11.0
AC121154.1,lncRNA,0.0,0.0,11.0,1.0,0.0,0.0
AC121161.2,lncRNA,1.0,0.0,0.0,2.0,2.0,2.0
AC121247.1,lncRNA,0.0,0.0,1.0,0.0,0.0,0.0
AC121320.1,lncRNA,0.0,0.0,0.0,0.0,0.0,1.0
AC121333.1,lncRNA,0.0,0.0,0.0,0.0,1.0,0.0
AC121334.3,lncRNA,0.0,1.0,0.0,2.0,0.0,1.0
AC121338.1,lncRNA,1.0,2.0,2.0,1.0,2.0,2.0
AC121338.2,lncRNA,0.0,4.0,8.0,1.0,9.0,4.0
AC121493.1,lncRNA,0.0,0.0,0.0,0.0,1.0,1.0
AC121757.1,lncRNA,1.5,1.5,0.5,0.0,4.0,1.5
AC121757.2,lncRNA,3.0,0.5,0.0,0.0,3.0,1.5
AC121761.1,lncRNA,1.0,0.0,0.0,0.0,0.0,1.0
AC121761.2,lncRNA,0.0,0.0,0.0,0.0,0.0,1.0
AC121764.1,lncRNA,0.0,0.0,0.0,0.0,2.0,2.0
AC121764.2,lncRNA,0.0,0.0,0.0,1.0,0.0,0.0
AC121764.3,lncRNA,0.0,0.0,0.0,0.0,1.0,0.0
AC122129.1,lncRNA,6.0,2.0,0.0,6.0,5.0,1.0
AC122129.2,lncRNA,0.0,0.0,0.0,1.0,2.5,1.0
AC122134.1,lncRNA,0.0,1.0,0.0,0.0,2.0,1.0
AC122136.1,lncRNA,0.0,0.0,0.0,0.0,2.0,1.0
AC122138.1,lncRNA,0.0,0.0,0.0,0.0,2.0,0.0
AC122683.1,lncRNA,0.0,0.0,0.0,0.0,2.0,1.0
AC122685.1,lncRNA,0.0,0.0,0.0,2.0,6.0,1.0
AC122688.2,lncRNA,0.0,0.0,0.0,1.0,2.0,3.0
AC122688.5,lncRNA,0.0,0.0,0.0,0.0,2.0,2.0
AC122697.1,lncRNA,1.0,0.0,0.0,0.0,1.0,2.0
AC122710.1,lncRNA,0.0,0.0,1.0,1.0,3.0,5.0
AC122710.2,lncRNA,0.0,0.0,0.0,0.0,13.0,16.0
AC122719.1,lncRNA,0.0,0.0,0.0,0.0,5.0,3.0
AC122719.2,lncRNA,1.0,0.0,0.0,0.0,1.0,0.0
AC122719.3,lncRNA,1.0,2.0,2.0,1.0,11.0,6.0
AC123023.2,lncRNA,1.0,0.0,1.0,0.0,4.0,1.0
AC123512.1,lncRNA,0.0,1.0,0.0,0.0,6.0,1.0
AC123567.2,lncRNA,0.0,1.0,4.0,1.0,12.0,13.5
AC123595.1,lncRNA,0.5,2.0,2.5,2.0,4.0,4.5
AC123595.2,lncRNA,0.5,2.0,2.5,2.0,7.0,5.5
AC123768.1,lncRNA,0.0,1.0,0.0,2.0,1.5,1.0
AC123768.2,lncRNA,0.0,0.0,0.0,1.0,1.5,2.0
AC123768.3,lncRNA,0.0,0.0,0.0,0.0,1.0,1.0
AC123768.4,lncRNA,0.0,0.0,0.0,0.0,1.5,2.5
AC123777.1,lncRNA,2.0,3.0,0.0,0.0,6.0,5.0
AC123784.1,lncRNA,1.0,0.0,0.0,0.0,0.0,0.0
AC123786.1,lncRNA,0.0,3.0,1.0,0.0,0.0,2.0
AC123786.3,lncRNA,0.0,1.0,2.0,0.0,2.0,1.0
AC123788.1,lncRNA,0.0,0.0,0.0,1.0,5.0,0.0
AC123912.2,lncRNA,0.0,1.5,0.5,2.0,14.5,12.0
AC123912.4,lncRNA,1.0,1.0,1.0,2.0,2.0,4.0
AC124014.1,lncRNA,0.0,1.5,0.0,0.0,1.0,2.0
AC124016.1,lncRNA,0.0,2.0,0.0,0.0,3.0,1.0
AC124017.1,lncRNA,1.0,1.0,2.0,4.0,1.0,4.0
AC124045.1,lncRNA,1.0,1.0,2.0,3.0,3.0,4.0
AC124057.1,lncRNA,0.0,1.0,0.0,0.0,1.0,0.5
AC124066.1,lncRNA,1.0,0.0,1.0,0.0,2.0,3.0
AC124067.2,lncRNA,0.0,0.0,0.0,0.0,6.0,5.0
AC124067.3,lncRNA,4.0,6.0,3.0,1.0,16.0,8.0
AC124067.4,lncRNA,1.0,2.0,0.0,0.0,4.0,3.0
AC124068.2,lncRNA,154.0,26.0,240.0,240.0,1239.0,414.0
AC124069.1,lncRNA,1.0,1.0,1.0,2.0,5.0,4.0
AC124242.1,lncRNA,13.0,5.0,2.0,0.0,6.5,4.5
AC124242.3,lncRNA,0.0,0.0,0.0,0.0,5.0,2.0
AC124248.1,lncRNA,0.0,5.0,2.0,4.0,22.0,16.0
AC124248.2,lncRNA,0.5,0.0,0.5,0.0,2.0,2.5
AC124254.2,lncRNA,0.0,1.0,3.0,0.0,1.0,0.0
AC124276.1,lncRNA,0.0,0.0,1.0,2.0,1.0,1.0
AC124276.2,lncRNA,0.0,0.0,1.0,0.0,0.0,0.0
AC124283.1,lncRNA,3.0,3.0,1.5,1.5,15.0,14.5
AC124283.2,lncRNA,0.0,0.0,1.0,1.0,1.5,0.0
AC124283.3,lncRNA,0.0,0.0,0.0,0.0,0.0,1.0
AC124290.1,lncRNA,5.0,6.0,4.0,8.0,23.0,14.0
AC124290.2,lncRNA,0.0,0.0,0.0,3.0,1.0,0.0
AC124301.1,lncRNA,1.0,0.0,1.0,1.0,4.5,5.0
AC124312.2,lncRNA,0.5,0.0,0.0,0.0,0.0,0.0
AC124312.3,lncRNA,0.0,0.5,0.0,0.0,0.33,1.33
AC124312.5,lncRNA,0.0,0.0,0.0,0.0,0.5,3.83
AC124319.1,lncRNA,1.0,0.0,0.0,0.0,0.0,2.0
AC124319.2,lncRNA,0.0,1.0,0.0,0.0,0.0,2.0
AC124784.1,lncRNA,0.0,0.0,0.0,0.0,1.0,1.0
AC124798.1,lncRNA,0.0,1.0,2.0,0.0,10.0,10.0
AC124798.2,lncRNA,1.0,0.0,0.0,0.0,3.0,3.0
AC124798.3,lncRNA,0.0,0.5,0.0,0.0,1.5,3.5
AC124804.1,lncRNA,1.0,2.0,3.0,3.0,8.0,23.0
AC124852.1,lncRNA,8.0,7.0,11.0,15.0,73.5,64.0
AC124854.1,lncRNA,0.0,0.0,0.0,1.0,0.0,0.0
AC124861.1,lncRNA,0.0,1.0,0.0,0.0,1.0,1.0
AC124861.2,lncRNA,3.0,0.0,3.0,2.0,7.0,4.0
AC124861.3,lncRNA,0.0,0.0,0.0,3.0,4.0,1.0
AC124862.1,lncRNA,0.0,1.0,1.0,1.0,2.0,3.0
AC124864.2,lncRNA,2.0,2.0,0.0,0.0,1.0,0.0
AC124893.1,lncRNA,0.0,0.0,0.0,0.0,1.0,0.0
AC124944.3,lncRNA,2.0,0.0,0.0,0.0,1.0,5.0
AC124947.1,lncRNA,2.0,3.0,5.0,23.0,16.0,6.0
AC125257.1,lncRNA,0.0,0.0,0.0,0.0,1.5,1.0
AC125257.2,lncRNA,0.0,0.0,0.0,0.0,1.0,0.0
AC125421.1,lncRNA,0.0,1.0,5.0,0.0,4.5,3.5
AC125421.2,lncRNA,0.0,0.0,2.0,0.0,1.0,3.0
AC125437.3,lncRNA,0.0,4.0,2.0,1.0,3.0,3.0
AC125494.1,lncRNA,0.0,1.0,1.0,2.5,2.0,3.5
AC125494.2,lncRNA,0.0,0.0,0.0,0.0,0.0,1.0
AC125603.1,lncRNA,0.0,0.0,0.0,0.0,1.0,0.0
AC125603.2,lncRNA,0.0,0.0,2.0,1.0,5.0,2.0
AC125603.3,lncRNA,0.0,0.0,0.0,0.0,1.0,1.0
AC125603.4,lncRNA,0.0,2.0,0.0,6.0,8.0,14.0
AC125611.3,lncRNA,0.0,0.5,1.5,0.0,9.0,5.5
AC125611.4,lncRNA,16.0,16.0,17.0,13.0,48.5,67.5
AC125613.1,lncRNA,1.0,1.0,2.0,2.0,0.0,2.0
AC125616.1,lncRNA,3.0,2.0,2.0,8.0,7.0,6.0
AC125618.1,lncRNA,0.0,3.0,0.0,0.0,0.0,3.0
AC125793.1,lncRNA,0.0,0.0,0.0,3.0,1.0,5.0
AC125807.2,lncRNA,0.0,5.0,2.0,0.0,13.0,20.0
AC126121.2,lncRNA,0.0,1.0,0.0,0.0,0.0,0.0
AC126121.3,lncRNA,1.0,2.0,0.0,0.0,8.0,12.0
AC126175.2,lncRNA,0.0,0.0,0.0,0.0,0.0,1.0
AC126177.3,lncRNA,4.0,16.0,2.0,2.0,25.0,21.0
AC126178.1,lncRNA,0.0,0.0,0.0,0.0,0.0,3.0
AC126182.3,lncRNA,0.0,0.0,0.0,0.0,1.0,2.0
AC126323.2,lncRNA,2.0,4.0,0.0,2.0,2.0,4.0
AC126323.3,lncRNA,0.0,1.0,0.0,0.0,2.0,0.0
AC126323.5,lncRNA,3.0,7.0,2.0,5.0,2.0,0.0
AC126323.6,lncRNA,0.0,2.0,0.0,0.0,2.0,0.0
AC126335.1,lncRNA,0.0,0.0,0.0,0.0,0.0,1.0
AC126365.1,lncRNA,0.0,1.0,0.0,0.0,1.0,0.0
AC126407.1,lncRNA,0.0,0.0,0.0,0.0,0.0,0.5
AC126468.1,lncRNA,1.0,0.0,0.0,0.0,0.0,0.0
AC126544.2,lncRNA,0.0,0.0,0.0,0.0,1.0,0.5
AC126614.1,lncRNA,1.0,2.0,0.0,1.0,1.0,1.0
AC126696.1,lncRNA,0.0,0.0,1.0,0.0,1.0,0.0
AC126696.2,lncRNA,0.5,0.0,0.0,0.0,0.5,0.0
AC126696.3,lncRNA,0.0,0.0,0.0,2.0,0.0,6.0
AC126755.2,lncRNA,0.0,4.0,1.0,1.5,7.0,6.5
AC126755.5,lncRNA,1.33,0.5,1.0,1.0,5.83,3.0
AC126763.1,lncRNA,0.0,1.0,1.0,1.0,4.0,3.5
AC126768.1,lncRNA,0.0,0.0,0.0,1.0,2.0,1.0
AC126768.3,lncRNA,1.0,0.0,2.0,2.0,7.5,6.0
AC126773.3,lncRNA,0.0,0.0,0.0,0.0,0.0,1.0
AC126773.4,lncRNA,4.0,6.5,1.5,2.5,16.5,16.0
AC126773.6,lncRNA,3.0,1.0,0.0,5.0,4.0,4.0
AC127002.2,lncRNA,1.0,0.0,0.0,0.0,1.0,1.0
AC127024.2,lncRNA,0.0,3.0,0.0,1.0,2.0,3.0
AC127024.3,lncRNA,0.0,0.0,0.0,2.0,0.0,0.0
AC127024.4,lncRNA,0.0,2.0,0.0,3.0,0.0,1.0
AC127024.6,lncRNA,0.5,0.0,0.0,1.0,0.5,1.0
AC127029.2,lncRNA,3.0,1.0,1.0,0.0,1.0,0.0
AC127035.1,lncRNA,0.0,2.0,0.0,9.0,0.0,0.0
AC127070.1,lncRNA,0.0,1.0,1.0,0.0,2.0,2.0
AC127070.2,lncRNA,2.0,0.0,0.0,1.0,0.0,2.0
AC127164.1,lncRNA,3.0,3.0,0.0,3.0,19.5,23.5
AC127459.1,lncRNA,0.5,1.5,0.5,0.0,1.5,2.33
AC127459.2,lncRNA,0.0,0.0,4.0,0.0,3.0,1.0
AC127496.1,lncRNA,0.0,6.0,4.5,8.5,16.0,13.5
AC127496.2,lncRNA,0.0,0.0,2.0,0.0,7.0,3.0
AC127496.3,lncRNA,1.0,0.0,3.0,0.0,1.0,2.0
AC127496.4,lncRNA,1.0,0.0,0.0,0.5,3.0,3.0
AC127496.5,lncRNA,2.0,0.0,6.0,3.0,6.0,10.0
AC127496.6,lncRNA,0.0,0.0,0.0,0.0,1.5,1.5
AC127502.2,lncRNA,7.0,2.0,2.0,5.0,4.0,7.0
AC127520.1,lncRNA,0.0,0.0,0.0,1.0,8.0,9.0
AC127521.1,lncRNA,0.0,0.0,0.0,2.0,1.0,2.0
AC127522.1,lncRNA,0.0,0.0,0.0,5.0,2.0,1.0
AC127526.2,lncRNA,0.0,1.0,0.0,0.0,2.0,0.5
AC127526.4,lncRNA,0.0,2.0,0.0,2.0,2.0,0.0
AC127526.5,lncRNA,0.0,0.0,1.0,0.0,1.0,0.0
AC127537.1,lncRNA,1.0,1.0,3.0,1.0,0.0,1.0
AC127540.1,lncRNA,1.0,0.0,0.0,1.0,0.0,1.0
AC127540.2,lncRNA,1.0,0.0,1.0,4.0,18.0,6.0
AC127894.1,lncRNA,0.0,1.0,0.0,1.0,1.0,0.0
AC128685.1,lncRNA,2.0,0.0,0.0,0.0,1.0,0.0
AC128687.2,lncRNA,0.0,0.0,2.0,0.0,1.0,2.0
AC128707.1,lncRNA,0.0,0.0,2.0,0.0,2.0,2.0
AC128709.1,lncRNA,0.0,0.0,1.0,0.0,3.0,0.0
AC128709.2,lncRNA,0.0,1.0,0.0,0.0,5.0,2.0
AC128709.3,lncRNA,0.0,3.0,0.0,0.0,5.0,5.0
AC129102.1,lncRNA,0.0,0.5,0.0,3.0,6.0,1.5
AC129492.1,lncRNA,1.5,1.0,1.5,0.5,8.0,10.0
AC129492.2,lncRNA,0.0,0.0,0.0,0.0,3.0,1.0
AC129507.1,lncRNA,2.0,2.0,3.0,14.0,9.0,10.0
AC129507.2,lncRNA,0.0,0.0,0.0,0.0,0.0,2.0
AC129507.3,lncRNA,0.0,0.0,1.0,0.0,18.0,14.0
AC129507.4,lncRNA,0.0,2.0,0.0,0.0,2.0,9.0
AC129510.1,lncRNA,1.0,0.0,0.0,0.0,0.0,0.0
AC129510.2,lncRNA,0.0,0.0,0.0,0.0,0.0,1.0
AC129803.1,lncRNA,1.0,1.0,0.0,2.0,2.0,0.0
AC129807.1,lncRNA,0.0,6.0,0.0,2.0,5.0,0.0
AC129915.3,lncRNA,0.0,0.0,1.0,0.0,2.0,2.0
AC129926.1,lncRNA,0.0,0.0,0.0,1.0,2.0,4.0
AC129926.2,lncRNA,0.0,0.0,0.0,2.0,0.0,0.0
AC130324.1,lncRNA,0.0,2.0,0.0,0.0,0.0,0.0
AC130324.2,lncRNA,0.0,0.0,0.0,0.0,1.0,1.0
AC130324.3,lncRNA,0.0,0.0,0.0,0.5,1.0,0.0
AC130343.2,lncRNA,1.0,2.5,2.5,1.5,7.5,8.0
AC130352.1,lncRNA,1.0,2.0,0.0,0.0,1.0,0.0
AC130371.1,lncRNA,0.0,0.0,1.0,0.0,3.0,1.0
AC130371.2,lncRNA,0.0,3.0,3.0,1.0,0.0,2.0
AC130404.1,lncRNA,1.0,0.0,0.0,0.0,2.0,0.0
AC130404.2,lncRNA,0.0,0.0,1.0,1.0,1.0,0.0
AC130415.1,lncRNA,1.0,0.0,0.0,0.0,0.0,1.0
AC130456.1,lncRNA,0.0,0.0,0.0,0.0,1.0,0.0
AC130456.2,lncRNA,1.0,1.0,3.0,1.0,4.5,1.0
AC130456.3,lncRNA,0.0,0.5,0.0,0.0,0.0,0.0
AC130456.4,lncRNA,0.0,0.0,0.0,0.5,3.0,3.0
AC130456.5,lncRNA,1.5,0.0,0.5,0.0,6.0,5.5
AC130462.2,lncRNA,0.0,1.0,0.0,0.0,0.5,1.0
AC130466.1,lncRNA,6.0,11.0,7.0,7.0,24.0,15.0
AC130467.1,lncRNA,0.0,0.0,1.0,1.0,1.0,0.0
AC130469.1,lncRNA,13.0,18.0,10.0,7.0,32.0,36.0
AC130650.2,lncRNA,0.0,1.0,0.0,0.0,2.0,1.0
AC130710.1,lncRNA,1.0,0.0,1.0,3.0,5.0,10.0
AC130814.1,lncRNA,0.0,0.0,0.0,0.0,1.0,0.0
AC130888.1,lncRNA,2.0,0.0,0.0,0.0,0.0,0.0
AC130895.1,lncRNA,0.0,3.0,4.0,2.0,1.0,0.0
AC131009.1,lncRNA,0.0,0.0,0.0,1.0,1.5,0.5
AC131009.2,lncRNA,0.0,1.0,0.0,0.0,5.0,8.0
AC131009.3,lncRNA,0.0,0.0,0.0,0.0,0.0,1.0
AC131011.1,lncRNA,0.0,0.0,1.0,0.0,1.0,0.0
AC131025.1,lncRNA,0.0,1.0,0.0,0.0,3.0,0.0
AC131025.2,lncRNA,0.5,0.0,0.0,0.0,0.0,0.5
AC131025.3,lncRNA,0.0,1.0,0.0,0.0,1.0,2.0
AC131094.1,lncRNA,1.0,0.0,1.0,0.0,3.0,2.0
AC131097.1,lncRNA,1.0,0.0,0.0,1.0,1.0,1.0
AC131097.2,lncRNA,0.0,0.0,2.0,0.5,4.0,4.5
AC131097.3,lncRNA,0.0,0.0,0.0,1.0,1.0,1.0
AC131157.1,lncRNA,0.0,0.0,1.0,1.0,0.0,1.0
AC131159.2,lncRNA,0.0,0.0,0.0,0.0,1.5,0.0
AC131180.1,lncRNA,0.0,0.5,1.0,1.0,14.5,10.5
AC131182.1,lncRNA,2.0,0.0,1.0,0.0,4.0,4.0
AC131210.1,lncRNA,0.0,0.0,0.0,0.0,1.0,0.0
AC131211.1,lncRNA,1.0,6.0,0.0,5.0,59.0,47.0
AC131212.1,lncRNA,2.0,2.0,1.0,27.0,3.0,12.0
AC131254.1,lncRNA,0.0,0.0,2.0,3.0,1.0,2.0
AC131254.2,lncRNA,8.0,13.0,9.0,13.0,2.0,11.0
AC131274.1,lncRNA,0.0,0.0,0.0,0.0,2.0,0.0
AC131391.1,lncRNA,0.0,0.0,0.0,0.0,0.0,1.0
AC131568.1,lncRNA,1.0,1.0,0.0,0.0,5.0,4.0
AC131571.1,lncRNA,5.0,7.0,1.0,4.0,7.5,9.0
AC131649.1,lncRNA,0.0,1.0,0.0,0.0,0.0,1.0
AC131902.1,lncRNA,0.0,0.0,0.0,0.0,1.0,2.0
AC131934.1,lncRNA,0.0,0.0,0.0,1.0,2.0,2.0
AC131944.1,lncRNA,0.0,0.0,4.0,0.0,5.5,6.0
AC131953.2,lncRNA,0.0,0.5,1.5,3.0,19.5,16.0
AC131956.2,lncRNA,0.0,0.0,1.0,0.0,2.0,1.0
AC131956.3,lncRNA,0.0,0.0,0.0,0.0,0.0,1.0
AC131971.1,lncRNA,0.0,0.0,0.5,0.0,0.5,0.0
AC132153.1,lncRNA,0.0,1.0,0.0,4.0,1.0,1.0
AC132192.1,lncRNA,1.0,0.0,0.0,0.0,6.0,1.0
AC132192.2,lncRNA,3.0,3.0,1.0,4.5,23.5,15.0
AC132216.1,lncRNA,0.0,0.0,0.0,0.0,1.0,2.0
AC132217.1,lncRNA,0.33,1.33,0.33,0.0,1.0,0.67
AC132803.1,lncRNA,0.0,1.0,0.0,1.0,4.5,9.0
AC132807.1,lncRNA,0.0,0.0,0.0,0.0,0.0,2.0
AC132807.2,lncRNA,0.0,0.0,0.0,0.0,0.0,1.0
AC132825.2,lncRNA,3035.5,574.0,100.0,638.5,1194.0,158.5
AC132825.3,lncRNA,0.0,0.0,1.0,0.0,35.0,3.0
AC132872.1,lncRNA,1.0,4.0,0.0,0.0,3.0,0.0
AC132872.2,lncRNA,1.0,1.0,1.0,4.0,11.0,6.0
AC132872.3,lncRNA,0.0,0.0,0.5,1.0,2.0,2.0
AC132872.5,lncRNA,3.0,3.0,14.0,31.0,22.0,15.0
AC132938.1,lncRNA,0.0,0.0,1.0,0.0,1.0,0.0
AC132938.2,lncRNA,0.0,0.0,0.0,2.0,0.0,0.0
AC132938.3,lncRNA,1.0,0.5,0.0,0.0,3.0,2.5
AC132938.6,lncRNA,0.0,1.0,1.0,0.0,2.0,2.0
AC133040.1,lncRNA,0.0,0.0,2.0,0.0,0.0,0.0
AC133065.1,lncRNA,0.0,2.0,5.0,8.0,8.0,4.0
AC133106.1,lncRNA,0.0,0.0,0.0,2.0,5.0,4.0
AC133480.1,lncRNA,0.0,0.0,0.0,0.0,1.0,0.0
AC133485.2,lncRNA,0.0,0.0,0.0,1.0,3.0,1.0
AC133485.3,lncRNA,0.0,0.0,0.0,0.0,1.0,1.0
AC133485.5,lncRNA,0.0,2.0,0.0,0.0,0.0,0.0
AC133485.7,lncRNA,0.0,0.0,0.0,1.0,0.0,2.0
AC133528.1,lncRNA,0.0,0.0,0.0,0.0,1.0,3.0
AC133540.1,lncRNA,1.0,0.0,0.0,0.0,9.0,1.0
AC133550.2,lncRNA,1.0,1.5,0.5,0.0,1.5,1.0
AC133550.3,lncRNA,0.0,1.0,0.0,0.0,0.0,1.0
AC133552.5,lncRNA,0.0,0.0,0.0,2.0,3.0,3.0
AC133555.6,lncRNA,2.5,0.0,0.5,0.0,19.0,6.5
AC133565.1,lncRNA,0.0,0.0,0.0,0.0,1.0,5.0
AC133634.1,lncRNA,0.0,0.0,0.0,0.0,2.0,1.0
AC133637.2,lncRNA,1.5,3.5,3.0,3.5,8.0,12.0
AC133644.1,lncRNA,1.0,0.0,1.0,0.0,0.0,0.0
AC133644.2,lncRNA,0.5,0.0,0.0,2.5,3.5,5.5
AC133681.1,lncRNA,2.0,1.0,0.0,1.0,2.0,2.0
AC133785.1,lncRNA,2.0,1.0,6.0,0.0,22.0,26.0
AC133919.1,lncRNA,1.5,3.0,0.0,3.0,2.0,5.0
AC133919.2,lncRNA,0.0,0.0,0.0,1.0,14.5,4.5
AC133961.1,lncRNA,0.0,0.0,0.0,0.0,0.0,2.0
AC134043.2,lncRNA,0.0,0.0,0.0,0.0,1.0,0.0
AC134312.1,lncRNA,1.0,2.0,2.0,6.5,15.0,11.0
AC134312.2,lncRNA,0.0,1.0,1.0,1.0,0.5,0.5
AC134312.3,lncRNA,0.0,0.0,1.0,0.5,1.0,1.5
AC134312.4,lncRNA,2.0,3.0,0.0,0.0,4.0,6.5
AC134312.5,lncRNA,0.0,1.5,1.0,2.0,3.0,8.5
AC134349.1,lncRNA,0.5,0.5,0.0,0.0,5.0,5.5
AC134407.1,lncRNA,0.0,0.0,0.0,0.0,1.0,0.0
AC134508.1,lncRNA,5.0,9.0,1.0,2.0,6.0,11.0
AC134508.2,lncRNA,0.0,8.0,1.0,5.0,1.0,2.0
AC134682.1,lncRNA,85.0,13.0,5.0,4.0,25.0,20.0
AC134772.1,lncRNA,0.0,2.0,2.0,0.0,8.5,10.5
AC134775.1,lncRNA,0.0,2.0,0.0,1.0,1.0,0.0
AC134978.1,lncRNA,1.0,0.0,0.0,0.0,4.0,5.0
AC134980.1,lncRNA,0.0,1.0,0.0,0.0,1.5,2.0
AC135012.1,lncRNA,4.0,2.0,4.0,2.0,43.0,13.0
AC135012.3,lncRNA,6.0,0.0,2.0,6.0,83.0,104.5
AC135048.1,lncRNA,1.0,0.0,0.5,8.0,4.5,4.0
AC135048.2,lncRNA,0.0,0.0,0.0,0.0,1.0,1.0
AC135048.3,lncRNA,0.0,0.0,1.0,1.0,4.0,2.0
AC135050.1,lncRNA,5.0,2.5,3.0,0.0,14.0,9.5
AC135050.4,lncRNA,1.0,0.0,2.0,0.0,0.0,5.0
AC135050.5,lncRNA,2.0,0.0,0.0,0.0,0.0,2.0
AC135050.6,lncRNA,0.0,1.0,0.0,0.0,1.0,1.0
AC135166.1,lncRNA,2.0,2.0,1.0,0.0,4.0,3.0
AC135178.2,lncRNA,0.0,0.0,0.0,0.0,2.0,1.0
AC135178.4,lncRNA,2.0,0.0,0.0,0.0,0.0,1.67
AC135178.5,lncRNA,1.0,1.0,1.0,0.0,2.0,4.0
AC135178.6,lncRNA,0.0,0.0,1.0,0.0,6.0,9.0
AC135279.3,lncRNA,0.0,1.5,1.0,3.0,10.0,6.5
AC135388.1,lncRNA,0.0,0.0,1.0,2.0,2.0,9.0
AC135457.1,lncRNA,1.5,0.0,0.0,0.0,0.5,2.0
AC135507.1,lncRNA,0.0,0.0,0.0,0.0,0.0,0.5
AC135586.2,lncRNA,0.5,0.5,1.0,2.0,2.5,4.0
AC135726.1,lncRNA,0.0,0.0,0.0,0.0,2.0,0.0
AC135776.1,lncRNA,3.0,0.5,2.0,3.0,20.0,13.5
AC135776.2,lncRNA,0.0,0.0,1.0,1.0,3.0,3.5
AC135782.1,lncRNA,3.0,1.0,0.0,4.0,4.0,8.0
AC135782.2,lncRNA,0.0,0.0,0.0,0.0,1.0,3.0
AC135782.3,lncRNA,2.0,2.5,0.0,0.5,10.5,11.0
AC135803.1,lncRNA,0.0,1.0,0.0,0.0,1.0,2.0
AC135893.1,lncRNA,0.0,1.0,1.0,0.0,1.0,3.0
AC135895.1,lncRNA,0.0,0.0,0.0,1.0,2.0,5.0
AC135983.1,lncRNA,1.5,0.0,0.0,0.0,2.5,1.5
AC136188.1,lncRNA,0.0,0.0,0.0,0.0,0.0,1.0
AC136285.2,lncRNA,0.0,0.0,0.0,0.0,1.0,1.0
AC136285.3,lncRNA,1.0,4.0,6.0,2.0,6.0,3.0
AC136297.1,lncRNA,1.0,0.0,1.0,2.0,20.0,11.0
AC136424.2,lncRNA,0.0,0.0,0.0,0.0,0.0,1.0
AC136431.1,lncRNA,6.0,5.0,4.0,5.0,40.0,46.0
AC136443.3,lncRNA,0.0,0.0,0.0,0.0,0.5,0.0
AC136443.4,lncRNA,0.0,1.0,0.0,1.0,0.0,0.0
AC136469.1,lncRNA,0.0,1.0,0.0,0.0,2.0,2.0
AC136475.1,lncRNA,2.0,2.0,1.0,2.0,10.0,19.0
AC136475.2,lncRNA,1.0,0.0,2.0,3.0,2.0,4.0
AC136475.3,lncRNA,1.0,2.0,3.0,25.0,19.0,8.0
AC136475.5,lncRNA,0.0,1.0,1.0,1.0,2.0,1.5
AC136475.7,lncRNA,0.0,0.0,0.0,0.0,2.0,0.0
AC136489.1,lncRNA,1.0,1.0,1.0,2.0,4.0,3.0
AC136601.1,lncRNA,2.0,0.0,2.0,0.0,2.0,0.0
AC136604.2,lncRNA,3.0,0.0,1.0,2.0,6.0,5.0
AC136618.1,lncRNA,1.0,1.0,0.0,0.0,1.0,7.0
AC136624.1,lncRNA,0.0,0.0,0.0,0.0,1.0,0.0
AC136624.2,lncRNA,0.0,0.0,0.0,0.0,0.0,0.5
AC136628.1,lncRNA,0.0,0.0,2.0,0.0,4.0,2.0
AC136628.4,lncRNA,0.0,0.0,0.0,0.0,0.0,1.0
AC136698.1,lncRNA,0.0,0.0,0.0,0.0,0.5,0.5
AC136777.1,lncRNA,0.0,3.0,3.0,0.0,15.0,3.0
AC136944.1,lncRNA,1.0,0.0,0.0,0.0,0.0,0.0
AC136944.2,lncRNA,0.0,0.0,0.0,0.0,2.0,4.0
AC136944.4,lncRNA,0.0,0.0,0.0,0.0,0.0,1.0
AC136977.1,lncRNA,0.0,0.0,0.0,1.0,0.33,0.0
AC137056.1,lncRNA,0.0,0.0,0.0,0.0,1.5,0.0
AC137494.1,lncRNA,0.0,0.0,1.0,0.0,7.0,8.0
AC137561.1,lncRNA,0.0,0.0,0.0,0.0,1.0,0.0
AC137579.1,lncRNA,0.0,1.0,0.0,1.0,0.0,1.0
AC137579.2,lncRNA,0.0,0.0,0.0,1.0,0.0,0.0
AC137590.1,lncRNA,0.0,0.0,0.0,0.0,0.0,2.0
AC137630.1,lncRNA,2.0,0.0,0.0,0.0,2.0,1.0
AC137630.2,lncRNA,0.0,0.0,0.0,0.0,1.5,4.5
AC137630.3,lncRNA,2.0,0.0,0.0,1.0,9.5,9.5
AC137630.4,lncRNA,1.5,0.5,0.5,0.0,0.0,1.0
AC137695.3,lncRNA,0.0,2.0,1.0,0.0,8.0,3.0
AC137735.1,lncRNA,0.0,2.0,0.0,0.0,0.0,0.0
AC137735.2,lncRNA,0.0,0.0,0.0,1.0,3.0,1.0
AC137735.3,lncRNA,0.0,0.0,2.0,0.0,7.0,6.0
AC137810.1,lncRNA,0.0,0.0,0.0,1.0,2.0,1.0
AC137834.2,lncRNA,0.5,0.0,0.0,0.0,1.0,4.5
AC137894.1,lncRNA,7.0,1.0,15.0,6.0,72.0,50.0
AC137894.3,lncRNA,0.0,0.0,0.0,1.0,0.0,0.0
AC137932.1,lncRNA,0.0,0.0,2.0,0.0,7.0,5.0
AC137932.2,lncRNA,7.0,8.0,10.0,13.0,61.0,75.0
AC137932.3,lncRNA,7.0,5.5,3.5,6.0,26.0,38.0
AC138028.1,lncRNA,1.0,2.0,0.0,0.0,31.0,27.0
AC138028.2,lncRNA,1.5,2.5,4.0,4.0,44.0,49.0
AC138028.3,lncRNA,0.0,0.0,0.0,0.0,0.5,0.0
AC138028.4,lncRNA,1.0,0.5,0.0,1.5,5.0,3.0
AC138028.5,lncRNA,2.0,1.0,0.0,1.5,1.0,1.0
AC138028.6,lncRNA,1.0,0.0,0.0,0.0,5.0,4.5
AC138035.1,lncRNA,0.0,0.0,3.0,0.0,0.0,0.0
AC138089.1,lncRNA,0.0,0.0,0.0,0.0,2.0,1.0
AC138123.1,lncRNA,0.0,1.0,1.0,0.0,1.0,1.0
AC138123.2,lncRNA,4.0,3.0,1.0,2.0,16.0,11.0
AC138150.1,lncRNA,0.0,0.0,1.0,1.0,3.0,4.0
AC138150.2,lncRNA,3.0,0.0,2.5,3.5,15.0,14.0
AC138207.1,lncRNA,0.0,1.0,1.5,0.0,0.0,1.0
AC138207.4,lncRNA,0.0,0.0,0.0,1.0,0.0,1.0
AC138207.9,lncRNA,0.0,1.0,0.0,0.0,1.0,1.0
AC138230.1,lncRNA,0.0,0.0,0.0,0.0,3.0,1.0
AC138304.1,lncRNA,0.0,1.0,0.0,0.0,4.0,2.0
AC138305.1,lncRNA,1.0,0.0,0.0,1.0,5.0,19.0
AC138356.1,lncRNA,1.0,1.5,2.0,3.0,15.0,6.5
AC138356.3,lncRNA,0.0,0.0,0.0,0.0,0.0,2.0
AC138360.1,lncRNA,0.0,0.0,0.0,0.0,0.0,1.0
AC138393.2,lncRNA,0.0,0.0,1.0,0.0,0.0,1.0
AC138409.3,lncRNA,0.0,0.0,0.0,0.0,1.0,0.0
AC138420.1,lncRNA,0.0,0.0,0.0,1.0,7.0,3.0
AC138430.1,lncRNA,5.5,2.5,7.0,3.0,14.83,15.5
AC138466.1,lncRNA,1.0,0.0,1.0,0.0,2.0,6.0
AC138466.3,lncRNA,0.0,1.0,0.0,0.0,0.0,2.0
AC138470.2,lncRNA,0.0,0.0,1.0,0.0,1.0,2.0
AC138474.1,lncRNA,4.0,1.0,0.0,3.0,40.0,64.0
AC138512.1,lncRNA,0.0,0.0,0.0,0.0,4.0,2.0
AC138625.1,lncRNA,0.0,1.0,0.0,2.0,0.0,1.0
AC138625.2,lncRNA,0.0,0.0,2.0,0.0,1.0,1.0
AC138627.1,lncRNA,0.0,1.0,4.0,2.0,17.0,7.0
AC138646.1,lncRNA,0.0,0.0,0.0,0.0,0.0,1.0
AC138647.2,lncRNA,0.0,0.0,0.0,2.0,1.0,1.0
AC138649.1,lncRNA,2.0,12.5,5.0,6.0,9.0,9.0
AC138696.2,lncRNA,3.0,1.0,0.0,4.0,8.0,4.0
AC138761.1,lncRNA,0.0,1.0,0.0,7.0,4.0,1.0
AC138781.1,lncRNA,0.0,0.0,0.0,0.0,2.0,1.0
AC138811.1,lncRNA,7.5,25.0,14.0,6.0,14.0,14.0
AC138819.1,lncRNA,0.0,0.0,0.0,0.0,0.5,0.0
AC138854.1,lncRNA,0.0,0.0,1.0,0.0,3.0,3.0
AC138869.2,lncRNA,0.0,0.0,1.0,0.0,0.0,0.0
AC138869.3,lncRNA,0.0,0.0,0.0,0.0,0.0,1.0
AC138904.1,lncRNA,4.0,11.0,0.0,9.0,0.5,3.0
AC138904.3,lncRNA,4.0,5.5,3.0,10.0,14.5,14.5
AC138907.1,lncRNA,0.0,1.0,0.0,1.0,2.0,1.0
AC138907.2,lncRNA,0.0,0.0,1.0,0.0,1.0,0.0
AC138907.3,lncRNA,0.0,0.0,1.0,0.0,1.5,0.5
AC138907.7,lncRNA,0.0,0.0,0.0,1.0,1.0,0.5
AC138915.3,lncRNA,0.0,1.0,1.0,2.0,2.0,3.0
AC138932.1,lncRNA,0.0,1.5,2.0,2.0,10.5,3.5
AC138932.4,lncRNA,0.0,0.0,0.0,0.0,2.0,0.5
AC138956.1,lncRNA,0.0,0.0,0.0,0.5,0.0,0.0
AC138956.2,lncRNA,0.0,1.0,0.0,0.0,1.0,2.0
AC138965.1,lncRNA,1.0,1.0,0.0,0.0,2.0,1.0
AC138969.2,lncRNA,1.0,1.0,1.5,2.0,11.5,8.5
AC139019.1,lncRNA,2.0,1.0,4.0,0.0,11.0,3.0
AC139099.1,lncRNA,0.5,0.0,0.0,1.0,2.0,1.5
AC139099.2,lncRNA,0.5,2.0,4.0,2.5,9.5,8.5
AC139100.1,lncRNA,1.5,0.5,3.0,0.0,9.5,5.0
AC139100.2,lncRNA,0.0,0.0,0.0,1.0,0.0,1.0
AC139149.1,lncRNA,1.0,1.0,0.0,0.0,1.0,0.0
AC139426.2,lncRNA,1.0,0.0,0.0,0.0,1.0,0.0
AC139491.1,lncRNA,1.0,0.0,0.0,0.0,3.0,4.0
AC139491.2,lncRNA,3.0,5.5,3.5,2.0,9.5,9.5
AC139491.3,lncRNA,1.0,2.0,0.0,1.0,4.0,8.0
AC139491.4,lncRNA,0.0,0.0,0.0,0.0,0.0,0.33
AC139491.8,lncRNA,0.0,0.0,1.0,0.0,1.0,0.5
AC139493.2,lncRNA,2.5,0.0,1.0,1.5,4.5,2.0
AC139497.1,lncRNA,0.0,0.0,1.0,0.0,0.0,0.0
AC139530.1,lncRNA,1.5,1.5,1.0,4.0,11.5,10.5
AC139530.3,lncRNA,0.5,0.0,0.0,1.0,2.5,3.5
AC139718.1,lncRNA,0.0,0.0,0.0,0.0,0.0,1.0
AC139720.1,lncRNA,0.0,0.0,0.5,0.5,16.0,5.5
AC139720.2,lncRNA,0.0,0.0,0.0,0.0,1.0,0.0
AC139768.1,lncRNA,3.0,1.0,0.0,0.0,0.0,0.0
AC139769.2,lncRNA,1.0,2.0,0.0,2.0,5.0,3.0
AC139792.1,lncRNA,2.0,0.0,0.0,2.0,0.0,0.0
AC139795.2,lncRNA,2.0,0.0,1.0,0.0,2.0,1.0
AC139834.1,lncRNA,6.0,0.0,0.0,2.0,0.0,2.0
AC139887.1,lncRNA,0.0,3.0,3.0,0.0,3.0,9.5
AC139887.2,lncRNA,22.0,11.0,4.0,7.0,29.0,17.5
AC139887.3,lncRNA,1.0,1.0,0.0,0.0,2.0,0.0
AC139887.4,lncRNA,0.0,0.0,1.0,0.0,0.0,2.0
AC139887.5,lncRNA,0.0,0.0,2.0,5.0,4.0,5.0
AC140118.1,lncRNA,0.0,1.0,0.0,0.5,0.0,1.0
AC140118.2,lncRNA,1.0,0.0,3.0,2.0,8.0,6.0
AC140121.1,lncRNA,0.0,1.0,0.0,1.0,5.0,3.0
AC140125.1,lncRNA,0.0,0.0,1.0,0.0,2.0,1.0
AC140125.2,lncRNA,3.0,1.0,1.0,0.0,7.0,3.0
AC140125.3,lncRNA,0.0,0.0,0.0,0.0,3.0,2.0
AC140134.1,lncRNA,4.0,0.0,0.0,1.0,0.0,4.0
AC140479.4,lncRNA,0.0,0.0,1.0,0.0,1.0,1.0
AC140481.1,lncRNA,1.0,4.0,0.0,1.5,4.5,1.0
AC140481.2,lncRNA,0.0,0.5,1.0,2.0,0.0,0.0
AC140481.3,lncRNA,0.0,0.0,0.0,0.0,1.0,0.5
AC140658.1,lncRNA,0.0,0.0,0.0,3.0,0.0,2.0
AC140658.2,lncRNA,0.0,1.0,0.0,0.0,0.0,1.0
AC140725.1,lncRNA,0.0,0.0,0.0,2.0,2.0,2.0
AC140847.1,lncRNA,0.0,0.0,0.0,3.0,5.0,4.0
AC140847.2,lncRNA,0.0,17.0,3.0,1.0,2.0,6.0
AC140912.1,lncRNA,8.0,9.0,2.0,4.0,39.0,43.0
AC141257.1,lncRNA,0.0,0.0,0.0,0.0,2.0,0.0
AC141273.1,lncRNA,0.0,0.0,0.0,0.0,2.0,0.0
AC141424.1,lncRNA,0.0,1.0,0.0,0.0,5.5,12.0
AC141586.3,lncRNA,0.0,0.5,1.5,1.0,5.5,2.0
AC141930.1,lncRNA,0.0,0.0,0.0,1.0,2.0,1.0
AC141930.2,lncRNA,0.0,1.0,0.0,1.0,2.0,1.0
AC142086.1,lncRNA,0.0,2.0,4.0,1.0,0.0,2.0
AC142086.4,lncRNA,0.0,1.0,0.0,1.0,1.0,0.0
AC142116.2,lncRNA,0.0,0.0,0.0,0.0,1.0,0.0
AC142472.1,lncRNA,8.0,0.0,13.0,3.0,39.0,17.0
AC144450.1,lncRNA,0.0,0.0,1.0,0.0,7.0,6.0
AC144521.1,lncRNA,0.0,2.0,2.0,0.0,7.0,12.0
AC144548.1,lncRNA,0.5,0.5,0.5,1.0,1.0,0.5
AC144568.2,lncRNA,1.0,0.0,0.0,1.0,1.0,4.0
AC144831.1,lncRNA,1.0,1.0,0.0,0.0,5.0,8.0
AC144833.1,lncRNA,0.0,1.0,1.0,4.0,9.0,11.0
AC144836.1,lncRNA,0.0,0.0,1.0,0.0,2.0,3.0
AC145098.1,lncRNA,0.0,0.0,0.5,0.0,2.5,0.0
AC145124.1,lncRNA,0.0,1.0,2.0,0.0,0.0,2.0
AC145141.1,lncRNA,0.0,0.0,0.0,0.0,2.0,0.0
AC145141.2,lncRNA,0.0,2.0,0.0,0.0,0.0,0.0
AC145146.1,lncRNA,0.0,0.0,0.0,0.0,1.0,0.0
AC145207.1,lncRNA,1.0,1.0,0.0,1.0,4.0,1.0
AC145207.2,lncRNA,4.0,3.0,1.0,2.5,3.5,4.5
AC145207.3,lncRNA,0.5,2.5,1.5,0.5,2.5,2.5
AC145207.5,lncRNA,3.0,6.0,2.0,4.0,2.5,1.5
AC145207.6,lncRNA,0.0,0.0,0.0,0.0,0.5,0.5
AC145207.7,lncRNA,2.0,1.0,0.0,1.0,8.0,8.0
AC145207.8,lncRNA,0.0,0.5,0.0,0.5,0.0,0.5
AC145285.2,lncRNA,0.0,1.0,2.0,1.0,0.0,1.0
AC145285.3,lncRNA,0.0,1.0,0.0,1.0,0.0,3.0
AC145285.6,lncRNA,4.0,10.0,14.0,11.5,22.5,25.5
AC145343.1,lncRNA,0.0,1.0,3.0,0.0,6.0,6.0
AC145350.2,lncRNA,14.0,13.0,25.0,17.0,20.0,31.0
AC145350.4,lncRNA,0.0,0.0,0.0,0.0,1.0,0.0
AC145423.2,lncRNA,1.0,1.0,3.0,2.0,1.0,6.0
AC145543.1,lncRNA,0.0,1.0,0.0,0.0,0.0,0.0
AC145625.1,lncRNA,1.0,0.0,0.0,0.0,0.0,0.0
AC146507.3,lncRNA,0.0,3.0,1.0,2.0,1.0,0.0
AC146944.2,lncRNA,0.0,0.0,0.0,0.0,1.0,0.0
AC147067.1,lncRNA,0.0,0.0,0.0,1.0,7.0,3.0
AC147067.2,lncRNA,2.0,0.0,1.0,0.0,0.0,0.0
AC147651.1,lncRNA,1.0,0.0,0.0,0.0,2.0,0.0
AC148477.1,lncRNA,1.0,0.0,2.0,1.0,8.0,7.0
AC148477.10,lncRNA,0.0,0.0,1.0,0.0,1.0,4.0
AC148477.2,lncRNA,1.0,0.0,5.0,1.0,6.5,5.0
AC148477.3,lncRNA,0.0,1.0,5.0,2.0,5.0,5.5
AC148477.4,lncRNA,3.5,1.0,1.0,0.0,13.5,5.5
AC156455.1,lncRNA,1.0,0.0,5.0,6.0,14.0,15.0
AC159540.1,lncRNA,0.0,1.0,0.0,0.0,0.0,0.0
AC159540.2,lncRNA,0.0,2.0,0.0,1.0,0.0,7.0
AC174469.1,lncRNA,0.0,1.0,2.0,0.0,1.0,0.0
AC183088.3,lncRNA,1.0,0.0,0.0,0.0,0.0,0.0
AC188616.1,lncRNA,0.0,2.0,3.0,0.0,3.0,6.0
AC188617.1,lncRNA,11.0,17.0,9.0,18.0,153.0,131.0
AC188617.2,lncRNA,2.0,0.0,3.0,0.0,4.0,5.0
AC207130.1,lncRNA,4.0,4.0,8.0,2.0,8.0,9.0
AC209005.1,lncRNA,0.0,0.0,0.0,0.0,3.0,5.0
AC211433.1,lncRNA,0.0,0.0,0.0,1.0,4.0,5.0
AC211433.2,lncRNA,0.0,1.0,0.0,0.0,1.0,2.0
AC211476.2,lncRNA,0.0,1.0,0.0,0.0,9.0,16.0
AC211476.3,lncRNA,0.0,0.0,0.5,1.0,0.0,0.0
AC211476.5,lncRNA,0.0,0.0,0.0,0.0,0.5,0.0
AC211476.6,lncRNA,1.0,3.0,1.0,0.0,3.0,2.0
AC211486.2,lncRNA,0.0,3.0,0.0,1.0,1.0,1.0
AC211486.5,lncRNA,0.0,0.0,0.0,1.0,0.0,0.0
AC215522.2,lncRNA,2.0,2.0,2.0,3.0,16.0,4.0
AC217774.1,lncRNA,0.0,0.0,0.0,0.0,0.0,1.0
AC217774.2,lncRNA,0.0,0.0,0.0,0.0,3.0,1.0
AC226101.1,lncRNA,5.0,0.0,3.0,0.0,6.0,0.0
AC226118.1,lncRNA,4.0,0.0,0.0,0.0,9.0,4.0
AC226119.1,lncRNA,0.0,1.0,0.5,2.0,0.0,0.5
AC226119.3,lncRNA,0.0,0.0,0.0,0.0,1.0,0.0
AC231533.1,lncRNA,0.0,0.0,1.5,0.0,3.5,4.5
AC231759.2,lncRNA,1.0,0.0,0.0,1.0,5.0,4.0
AC231981.1,lncRNA,3.5,4.5,5.5,5.5,21.0,27.0
AC232271.1,lncRNA,0.0,1.0,4.0,4.0,15.0,11.0
AC232271.2,lncRNA,0.0,0.0,0.0,0.0,0.0,0.5
AC232271.3,lncRNA,11.67,8.33,4.33,7.5,23.83,32.83
AC233263.6,lncRNA,0.0,0.0,0.0,0.0,0.0,1.0
AC233280.1,lncRNA,0.0,0.0,1.0,1.0,2.0,4.0
AC233701.1,lncRNA,3.0,7.0,10.0,5.0,75.0,54.0
AC233702.7,lncRNA,0.0,1.0,1.0,1.0,1.0,0.0
AC233728.1,lncRNA,0.0,0.0,0.0,1.0,0.0,0.0
AC233976.1,lncRNA,0.0,2.0,0.0,0.0,1.5,2.5
AC233976.2,lncRNA,0.0,1.0,1.0,0.0,13.0,4.0
AC233992.1,lncRNA,0.0,0.33,0.5,0.5,2.33,0.33
AC233992.3,lncRNA,0.0,0.5,2.0,1.0,2.0,1.0
AC234031.1,lncRNA,0.0,0.0,0.0,0.0,1.0,1.5
AC234582.1,lncRNA,0.0,0.67,0.0,0.0,0.5,0.0
AC234644.2,lncRNA,0.0,1.5,1.5,2.5,6.0,6.5
AC234771.1,lncRNA,0.0,0.0,0.0,0.0,0.0,3.0
AC234772.1,lncRNA,0.0,0.0,0.0,0.0,1.0,1.0
AC234775.2,lncRNA,0.0,0.0,0.0,0.0,1.0,0.0
AC234775.3,lncRNA,0.0,2.0,0.0,1.0,2.0,8.0
AC234781.1,lncRNA,2.0,0.0,1.0,0.0,5.0,4.0
AC234782.2,lncRNA,2.5,4.5,2.0,2.5,14.67,13.17
AC234917.1,lncRNA,0.0,0.0,0.0,0.0,1.0,0.0
AC234917.2,lncRNA,0.5,0.0,0.0,0.5,0.0,4.5
AC234917.3,lncRNA,2.0,2.0,2.0,2.0,7.0,2.0
AC236668.1,lncRNA,0.0,2.0,0.0,0.0,1.0,0.0
AC236972.3,lncRNA,1.0,0.0,0.0,0.0,2.0,1.0
AC237221.1,lncRNA,0.5,5.0,7.5,7.0,11.5,17.0
AC239584.1,lncRNA,0.0,0.0,0.0,1.0,2.0,2.0
AC239585.1,lncRNA,3.0,3.0,4.0,0.0,5.5,2.0
AC239585.2,lncRNA,1.0,1.0,0.0,0.0,8.5,11.0
AC239727.1,lncRNA,1.0,0.0,0.0,1.0,0.0,3.0
AC239799.1,lncRNA,0.0,1.0,0.0,0.0,5.0,3.0
AC239799.2,lncRNA,0.0,3.0,0.0,1.0,11.5,15.0
AC239800.2,lncRNA,2.0,0.0,0.0,2.0,10.0,7.0
AC239802.1,lncRNA,0.0,0.0,0.0,0.0,1.0,0.0
AC239802.2,lncRNA,0.0,0.0,2.0,0.0,0.0,0.0
AC239803.1,lncRNA,0.0,0.5,0.0,0.0,0.0,0.0
AC239809.3,lncRNA,3.0,6.0,6.5,16.0,31.5,27.5
AC239860.3,lncRNA,0.0,3.0,1.0,0.0,5.0,4.0
AC239868.1,lncRNA,1.0,3.0,3.0,1.0,14.0,12.0
AC240565.1,lncRNA,0.0,3.0,0.0,2.0,2.0,1.0
AC241644.1,lncRNA,0.0,0.0,0.0,1.0,2.0,0.0
AC241644.2,lncRNA,0.0,6.0,0.0,7.0,0.0,3.0
AC241644.3,lncRNA,0.0,0.0,0.0,0.0,0.0,1.0
AC242022.1,lncRNA,0.0,0.0,0.0,0.0,0.0,1.0
AC242426.2,lncRNA,4.5,1.0,2.0,4.5,5.0,7.0
AC242842.1,lncRNA,1.0,1.0,0.0,0.0,0.0,2.0
AC242988.1,lncRNA,1.0,1.0,0.0,0.0,0.5,2.0
AC242988.2,lncRNA,0.0,0.0,0.0,0.0,0.0,1.0
AC243547.2,lncRNA,0.0,0.0,0.5,0.0,3.0,5.0
AC243562.3,lncRNA,1.0,0.0,0.0,1.0,0.0,0.0
AC243571.2,lncRNA,1.5,0.0,3.5,3.5,80.0,48.5
AC243585.1,lncRNA,0.0,0.0,0.0,0.0,0.0,1.0
AC243585.2,lncRNA,0.0,0.0,0.0,0.0,0.5,1.0
AC243772.2,lncRNA,1.0,0.0,1.0,1.0,1.0,1.0
AC243773.1,lncRNA,0.0,0.0,0.0,0.0,1.0,0.5
AC243829.1,lncRNA,2.0,0.0,0.0,0.0,3.0,5.0
AC243829.4,lncRNA,0.0,0.5,0.0,6.0,1.0,2.0
AC243829.5,lncRNA,0.0,3.0,0.0,0.0,0.0,2.0
AC243830.1,lncRNA,0.0,2.0,1.0,0.0,11.0,5.0
AC243830.2,lncRNA,0.0,0.0,0.0,0.0,2.0,1.0
AC243830.3,lncRNA,0.0,0.0,0.0,1.0,1.0,2.0
AC243919.2,lncRNA,0.5,0.5,0.0,0.5,0.5,0.0
AC243960.1,lncRNA,1.0,3.0,2.0,4.0,4.0,3.0
AC243960.3,lncRNA,2.0,3.0,0.0,0.0,14.0,8.0
AC243964.3,lncRNA,0.0,0.0,0.0,3.0,10.0,10.0
AC243965.1,lncRNA,0.0,0.5,0.0,0.0,3.0,0.5
AC243965.2,lncRNA,1.0,2.0,2.0,4.5,9.0,4.0
AC243967.2,lncRNA,0.0,0.0,2.0,0.0,6.0,0.0
AC243967.3,lncRNA,0.0,2.0,0.0,7.0,3.0,3.0
AC243972.1,lncRNA,1.0,0.0,0.0,0.0,0.0,0.0
AC244033.2,lncRNA,8.0,9.0,6.5,10.0,91.5,92.0
AC244034.2,lncRNA,0.0,1.0,0.0,1.0,1.0,1.0
AC244035.1,lncRNA,1.0,0.0,1.0,0.0,1.0,0.0
AC244035.2,lncRNA,1.0,0.0,0.0,0.0,0.0,0.0
AC244035.4,lncRNA,0.0,0.0,0.0,0.0,2.0,0.0
AC244090.2,lncRNA,0.0,0.0,0.0,0.0,4.0,1.0
AC244093.3,lncRNA,0.0,0.0,0.0,0.0,2.0,2.0
AC244093.4,lncRNA,0.0,1.0,0.0,0.0,0.0,0.0
AC244093.5,lncRNA,0.0,1.0,0.0,0.0,2.0,5.0
AC244100.2,lncRNA,1.33,2.0,1.0,0.0,6.5,1.67
AC244100.3,lncRNA,0.33,0.0,0.0,0.0,0.0,1.67
AC244100.4,lncRNA,1.0,0.0,1.0,1.0,0.0,2.0
AC244102.1,lncRNA,0.0,0.0,0.0,0.0,1.0,0.0
AC244102.3,lncRNA,0.0,0.0,0.0,0.0,0.0,2.0
AC244131.2,lncRNA,3.0,0.0,0.0,1.0,3.0,2.0
AC244153.1,lncRNA,0.0,0.0,0.0,1.0,8.0,2.0
AC244205.1,lncRNA,0.5,0.0,0.0,0.0,1.5,1.0
AC244213.1,lncRNA,1.0,2.5,1.0,0.0,7.5,3.0
AC244230.1,lncRNA,0.0,0.0,0.0,0.0,1.17,0.0
AC244230.2,lncRNA,4.0,1.0,0.0,0.0,3.67,0.0
AC244250.1,lncRNA,1.0,0.0,0.0,0.0,1.0,1.0
AC244250.4,lncRNA,0.5,0.0,0.0,0.0,1.5,3.5
AC244394.3,lncRNA,0.0,0.0,1.0,0.0,0.0,0.0
AC244453.1,lncRNA,0.0,0.5,1.0,0.0,0.5,0.5
AC244453.2,lncRNA,1.0,0.0,2.0,0.0,8.5,5.0
AC244453.3,lncRNA,0.0,0.0,0.0,0.0,0.0,1.0
AC244472.1,lncRNA,0.0,0.0,1.0,2.0,4.0,7.0
AC244502.1,lncRNA,0.0,1.0,3.0,4.0,17.0,20.5
AC244502.3,lncRNA,0.0,3.0,0.0,1.0,2.0,1.5
AC244517.1,lncRNA,0.0,5.0,0.0,0.0,0.0,2.0
AC244517.11,lncRNA,0.0,0.0,0.5,2.0,2.5,1.5
AC244517.12,lncRNA,0.0,0.0,0.0,0.0,1.0,5.0
AC244517.2,lncRNA,3.0,0.0,0.5,2.0,15.0,10.0
AC244517.4,lncRNA,0.0,0.5,1.0,0.0,0.5,0.5
AC244517.5,lncRNA,4.0,5.0,5.0,2.5,54.5,49.5
AC244517.6,lncRNA,0.0,0.5,0.0,0.0,0.0,0.5
AC244517.7,lncRNA,0.0,0.0,0.0,0.5,0.0,0.0
AC244517.8,lncRNA,1.5,1.0,0.5,0.0,0.0,1.0
AC244517.9,lncRNA,1.0,1.0,0.0,1.0,1.0,2.0
AC244636.3,lncRNA,0.0,0.5,2.0,0.0,11.0,7.5
AC245014.1,lncRNA,0.0,0.0,0.0,0.0,2.0,1.0
AC245014.3,lncRNA,7.0,2.5,4.0,2.5,0.5,3.0
AC245033.2,lncRNA,0.0,5.0,1.0,4.0,2.0,5.0
AC245033.4,lncRNA,1.33,2.67,0.33,0.0,0.83,0.0
AC245036.5,lncRNA,0.0,0.5,0.0,0.0,0.5,1.0
AC245041.1,lncRNA,0.0,0.0,0.0,0.0,1.0,0.0
AC245041.2,lncRNA,4.0,2.0,3.0,2.0,6.0,3.0
AC245052.1,lncRNA,0.0,0.0,1.0,0.0,0.0,2.0
AC245052.4,lncRNA,5.0,3.0,0.0,1.0,12.5,12.0
AC245052.7,lncRNA,0.0,0.0,0.0,0.0,0.0,1.0
AC245056.1,lncRNA,0.0,0.0,0.0,0.0,0.0,1.0
AC245060.5,lncRNA,1.0,0.0,0.0,0.0,0.0,0.0
AC245060.6,lncRNA,0.0,2.0,1.0,4.0,1.0,4.0
AC245060.7,lncRNA,6.0,4.5,1.0,6.5,8.0,5.0
AC245100.1,lncRNA,1.83,2.83,4.0,5.5,27.83,22.83
AC245123.1,lncRNA,1.0,0.0,1.0,1.0,3.0,5.0
AC245128.1,lncRNA,3.0,0.0,0.0,0.0,3.5,1.5
AC245128.3,lncRNA,0.0,0.0,0.0,3.5,1.0,0.5
AC245140.1,lncRNA,0.0,0.0,0.0,0.0,0.0,1.0
AC245140.2,lncRNA,1.0,0.5,1.5,2.0,21.0,19.0
AC245140.3,lncRNA,0.0,0.5,0.0,0.0,1.0,2.5
AC245164.1,lncRNA,0.0,0.0,0.0,0.0,2.0,1.0
AC245164.2,lncRNA,0.0,0.0,0.0,0.0,4.0,8.0
AC245177.1,lncRNA,1.0,0.0,2.0,2.0,7.0,1.0
AC245187.1,lncRNA,0.0,0.0,0.0,1.0,1.0,0.0
AC245187.2,lncRNA,0.0,0.0,1.0,0.0,4.0,2.0
AC245297.2,lncRNA,0.0,0.0,1.0,0.0,1.0,1.0
AC245297.3,lncRNA,2.0,5.0,1.0,0.0,5.0,5.0
AC245407.2,lncRNA,0.0,0.0,0.0,2.0,2.0,3.0
AC245427.1,lncRNA,0.0,0.0,0.0,0.0,0.0,0.5
AC245427.2,lncRNA,0.0,0.0,0.0,0.0,7.0,0.0
AC245452.4,lncRNA,1.0,0.0,0.0,0.0,0.0,1.0
AC245519.1,lncRNA,1.0,2.0,0.0,0.0,14.0,25.0
AC245519.2,lncRNA,0.0,0.0,0.0,0.0,1.0,1.0
AC245748.2,lncRNA,0.0,0.0,0.0,0.5,1.0,2.0
AC245884.1,lncRNA,0.0,0.0,2.0,1.0,4.0,4.0
AC245884.10,lncRNA,0.0,0.0,0.0,1.0,0.0,0.0
AC245884.11,lncRNA,0.5,1.0,1.5,0.0,1.5,1.0
AC245884.8,lncRNA,0.0,0.0,1.0,0.0,1.0,3.0
AC245884.9,lncRNA,1.0,0.0,0.0,0.0,6.0,1.0
AC246680.1,lncRNA,0.0,0.0,0.0,0.0,0.0,0.5
AC246817.1,lncRNA,0.0,3.0,0.0,3.0,10.0,10.0
AC246817.2,lncRNA,4.0,3.0,0.0,3.0,6.0,11.0
AC253536.3,lncRNA,0.0,0.0,0.0,1.0,0.0,0.0
AC253536.6,lncRNA,0.0,1.0,1.0,0.0,2.0,0.0
AC253572.1,lncRNA,6.5,2.5,57.0,119.5,6.5,33.0
AC254562.2,lncRNA,0.0,0.0,0.0,0.0,4.0,7.0
AC254562.3,lncRNA,0.0,1.0,0.0,0.0,0.0,0.0
AC254629.1,lncRNA,3.0,1.5,4.5,2.0,45.5,55.5
AC254633.1,lncRNA,1.0,0.0,0.0,1.0,4.0,1.0
ACBD3-AS1,lncRNA,0.0,0.0,0.0,0.0,0.5,0.0
ACOXL-AS1,lncRNA,0.0,2.0,0.0,0.0,6.0,5.0
ACSL6-AS1,lncRNA,0.0,0.0,0.0,0.0,1.0,0.0
ACTA2-AS1,lncRNA,0.0,1.0,1.0,0.0,5.0,1.0
ACTN1-AS1,lncRNA,0.0,4.0,0.0,0.0,6.0,2.0
ACVR2B-AS1,lncRNA,0.0,4.0,1.0,1.0,4.0,2.0
AD000090.1,lncRNA,138.0,353.0,278.0,458.0,268.0,362.0
AD000671.3,lncRNA,0.67,2.33,2.0,5.0,4.33,3.83
AD001527.1,lncRNA,1.0,0.0,0.0,2.0,3.0,2.0
ADAMTS19-AS1,lncRNA,1.0,1.0,1.0,4.0,8.0,8.0
ADAMTS9-AS1,lncRNA,5.0,14.0,6.0,12.0,39.0,36.0
ADAMTS9-AS2,lncRNA,9.0,25.0,16.0,8.0,34.0,27.0
ADAMTSL4-AS1,lncRNA,0.5,2.67,6.5,1.5,7.5,4.0
ADAMTSL4-AS2,lncRNA,0.0,0.0,1.0,0.0,3.0,2.0
ADARB2-AS1,lncRNA,0.0,0.0,3.0,0.0,6.0,7.0
ADCY6-DT,lncRNA,0.0,0.0,2.0,0.0,3.0,4.0
ADD3-AS1,lncRNA,3.0,2.5,1.0,10.5,15.0,36.0
ADGRA1-AS1,lncRNA,6.0,5.0,8.0,27.0,43.5,31.0
ADGRD1-AS1,lncRNA,0.0,0.0,1.0,2.0,11.0,10.0
ADGRF5-AS1,lncRNA,0.0,1.0,0.0,0.0,0.0,1.0
ADGRL3-AS1,lncRNA,1.0,0.0,1.0,0.0,2.0,3.0
ADIPOQ-AS1,lncRNA,3.5,7.0,4.0,9.0,27.0,24.0
ADIRF-AS1,lncRNA,7.0,3.5,3.0,12.0,15.5,19.33
ADNP-AS1,lncRNA,0.0,0.0,0.5,2.0,7.0,2.0
ADORA2A-AS1,lncRNA,1.0,2.17,0.5,9.0,8.0,8.5
ADPGK-AS1,lncRNA,4.0,0.5,9.0,10.5,26.5,13.0
AF001548.1,lncRNA,1.0,0.0,1.0,0.5,10.5,3.5
AF001548.2,lncRNA,0.0,0.0,0.0,0.33,0.0,1.0
AF001550.1,lncRNA,1.0,0.0,0.0,2.0,1.5,1.5
AF015262.1,lncRNA,0.0,0.0,0.0,2.0,2.0,0.0
AF015720.1,lncRNA,0.0,0.0,0.0,0.0,0.0,1.0
AF038458.2,lncRNA,0.0,0.0,0.0,0.0,0.0,1.0
AF038458.3,lncRNA,1.0,0.0,2.0,0.0,1.0,1.0
AF064858.1,lncRNA,2.0,0.0,0.0,1.0,16.0,7.0
AF064860.1,lncRNA,0.0,0.0,3.0,0.0,1.0,1.0
AF064860.2,lncRNA,0.0,0.0,0.0,0.0,0.0,4.0
AF064866.1,lncRNA,1.0,0.0,0.0,0.0,2.0,1.0
AF067845.1,lncRNA,0.0,3.0,4.0,0.0,5.0,10.0
AF067845.2,lncRNA,2.0,1.0,2.0,1.0,10.0,8.0
AF067845.4,lncRNA,0.0,0.0,1.0,0.0,1.0,0.0
AF067845.5,lncRNA,0.0,0.0,0.0,3.0,3.0,1.0
AF099810.1,lncRNA,0.0,0.0,3.0,2.0,1.0,2.0
AF106564.1,lncRNA,1.5,4.0,1.5,1.5,14.0,16.0
AF107885.2,lncRNA,0.0,0.0,0.0,0.0,0.0,1.0
AF111167.1,lncRNA,1.0,0.0,0.0,0.0,0.0,0.0
AF111167.2,lncRNA,3.0,6.0,3.5,2.0,11.5,13.5
AF111169.1,lncRNA,0.0,0.0,0.33,0.0,0.5,0.33
AF111169.2,lncRNA,0.0,1.0,0.0,0.0,1.0,3.0
AF111169.3,lncRNA,0.0,0.0,0.0,0.0,4.5,1.0
AF111169.4,lncRNA,0.0,0.0,0.0,0.0,11.0,7.5
AF117829.1,lncRNA,12.0,11.0,0.0,3.0,18.0,14.5
AF121898.1,lncRNA,0.0,0.0,0.0,0.0,3.0,4.0
AF124730.1,lncRNA,0.0,1.0,1.0,0.0,0.0,1.0
AF127577.1,lncRNA,0.0,0.0,0.0,0.0,1.0,0.0
AF127577.2,lncRNA,0.0,3.0,0.0,0.0,1.0,0.0
AF127577.3,lncRNA,0.0,1.0,0.0,0.0,0.0,0.0
AF127577.4,lncRNA,0.0,1.0,2.5,1.0,15.5,16.5
AF127936.1,lncRNA,2.0,2.0,0.0,6.0,5.0,0.0
AF129075.1,lncRNA,0.0,0.0,0.0,1.0,1.0,1.0
AF129075.2,lncRNA,0.0,1.0,1.0,0.0,8.5,10.0
AF130248.1,lncRNA,1.0,0.0,1.0,0.0,4.0,2.0
AF130417.1,lncRNA,1.0,0.0,0.0,0.0,0.0,0.0
AF131215.2,lncRNA,2.0,2.0,1.0,1.0,11.0,14.0
AF131215.3,lncRNA,0.0,2.0,0.0,0.0,3.0,2.0
AF131215.4,lncRNA,2.0,4.0,0.0,1.0,7.0,1.0
AF131215.5,lncRNA,0.0,0.0,1.0,1.0,7.0,1.0
AF131215.6,lncRNA,0.0,1.0,1.0,0.0,6.0,9.0
AF131215.7,lncRNA,0.0,0.0,0.0,4.0,0.0,1.0
AF131216.1,lncRNA,1.0,0.0,0.0,2.0,7.0,4.0
AF131216.3,lncRNA,0.0,0.0,0.0,0.0,4.0,3.0
AF131216.4,lncRNA,1.0,0.5,9.0,3.5,19.5,14.5
AF131216.5,lncRNA,0.0,0.0,0.0,0.0,0.0,2.0
AF165147.1,lncRNA,1.0,3.0,1.0,0.0,11.0,7.0
AF181450.1,lncRNA,0.0,0.0,0.0,0.0,0.5,0.0
AF186192.1,lncRNA,0.0,0.0,0.0,2.0,1.0,2.0
AF186192.3,lncRNA,1.0,0.0,2.0,3.0,4.0,10.0
AF196972.1,lncRNA,0.0,0.0,0.0,0.0,2.0,2.0
AF213884.3,lncRNA,1.0,6.0,5.0,1.0,9.0,7.0
AF222684.1,lncRNA,1.0,1.0,1.0,0.0,7.0,3.0
AF222685.1,lncRNA,2.0,0.0,1.0,0.0,2.0,5.0
AF228727.1,lncRNA,0.0,5.0,5.0,0.0,58.0,45.0
AF230666.1,lncRNA,0.0,3.5,0.0,0.0,2.5,2.0
AF230666.2,lncRNA,0.0,1.0,0.0,0.0,3.0,2.0
AF233439.1,lncRNA,0.0,0.0,0.0,0.0,3.0,2.0
AF233439.2,lncRNA,0.0,3.0,0.0,0.0,2.0,3.0
AF235103.1,lncRNA,0.0,1.0,0.5,0.5,1.0,2.0
AF235103.3,lncRNA,1.0,3.0,1.0,3.0,5.0,4.0
AF240627.1,lncRNA,0.0,0.0,0.0,0.0,0.0,2.0
AF241728.1,lncRNA,0.0,0.0,1.0,1.0,1.0,2.0
AF241728.2,lncRNA,0.0,0.0,0.0,0.0,4.0,0.0
AF250324.1,lncRNA,0.0,0.0,0.0,0.0,2.0,0.0
AF254983.1,lncRNA,1.0,0.5,0.0,2.0,5.0,4.5
AF274573.1,lncRNA,0.0,0.0,3.0,0.0,1.0,0.0
AF274853.1,lncRNA,11.0,4.0,20.0,3.0,27.5,25.0
AF279873.3,lncRNA,0.0,5.0,0.0,4.0,1.0,4.0
AF279873.4,lncRNA,0.0,2.0,0.0,0.0,0.0,0.0
AF287957.1,lncRNA,0.0,1.0,4.0,1.0,10.0,13.0
AFAP1-AS1,lncRNA,2.5,6.5,5.5,8.5,21.5,23.5
AFDN-DT,lncRNA,2.0,4.0,6.0,3.0,48.0,37.0
AGAP1-IT1,lncRNA,0.0,0.0,1.0,3.0,4.0,3.0
AGAP11,lncRNA,0.25,0.25,0.33,0.5,0.83,0.5
AGAP2-AS1,lncRNA,3.0,3.0,3.5,2.5,31.0,36.5
AGBL1-AS1,lncRNA,0.0,0.5,0.5,0.5,12.0,13.5
AGBL5-AS1,lncRNA,47.0,4.0,12.0,29.0,33.0,20.0
AGBL5-IT1,lncRNA,0.0,1.0,0.0,6.0,0.0,0.0
AIRN,lncRNA,6.0,5.0,8.0,7.0,40.0,52.0
AJ003147.1,lncRNA,1.0,0.0,1.0,1.0,8.0,6.0
AJ003147.2,lncRNA,2.0,4.0,16.0,19.0,38.0,38.0
AJ006995.1,lncRNA,1.0,0.0,0.0,0.0,0.0,2.0
AJ009632.1,lncRNA,0.0,0.0,0.0,0.0,2.0,1.0
AJ009632.2,lncRNA,3.0,5.0,7.0,6.0,18.0,23.0
AJ011931.1,lncRNA,0.0,1.0,0.0,1.0,13.0,12.0
AJ011931.2,lncRNA,10.0,6.0,1.0,6.0,15.0,10.0
AJ011932.1,lncRNA,2.0,1.0,0.0,0.0,12.0,19.0
AJ239318.1,lncRNA,0.0,1.0,0.0,0.0,0.0,0.0
AJ239322.1,lncRNA,0.0,0.0,1.0,0.0,1.0,0.0
AJ239328.1,lncRNA,1.0,2.0,7.0,3.0,21.0,15.0
AJ271736.1,lncRNA,0.0,0.0,0.0,0.0,0.0,2.0
AL008626.1,lncRNA,0.0,0.0,0.0,0.0,0.0,1.0
AL008628.1,lncRNA,4.0,3.0,9.0,5.0,29.0,35.0
AL008633.1,lncRNA,3.0,3.0,2.0,0.0,12.0,13.0
AL008635.1,lncRNA,0.0,0.0,0.0,0.0,0.0,1.0
AL008636.1,lncRNA,0.0,0.0,1.0,4.0,0.0,1.0
AL008638.1,lncRNA,0.0,0.0,0.0,0.0,1.0,0.0
AL008638.2,lncRNA,0.0,0.0,0.0,1.0,5.0,6.0
AL008638.3,lncRNA,3.0,10.0,6.0,2.0,4.0,10.0
AL008638.4,lncRNA,0.0,1.0,0.0,0.0,1.0,0.0
AL008638.5,lncRNA,1.0,2.0,7.0,1.0,2.0,7.0
AL008638.6,lncRNA,0.0,0.0,1.0,2.0,7.0,3.0
AL008718.2,lncRNA,0.0,0.0,0.0,0.0,0.0,3.0
AL008718.3,lncRNA,0.0,0.0,0.0,0.0,1.0,1.0
AL008719.1,lncRNA,1.0,0.0,1.0,0.0,1.0,2.0
AL008720.1,lncRNA,0.0,0.0,1.0,1.0,5.0,4.0
AL008720.2,lncRNA,2.0,4.0,2.0,1.0,7.0,14.0
AL008721.1,lncRNA,0.0,0.0,0.0,0.0,2.0,0.0
AL008721.2,lncRNA,3.0,3.0,0.0,0.0,4.0,2.0
AL008723.1,lncRNA,0.0,0.0,0.0,0.0,1.0,0.0
AL008725.1,lncRNA,1.0,3.0,1.0,3.0,7.0,6.0
AL008726.1,lncRNA,0.0,0.0,0.0,0.5,0.5,0.5
AL008727.1,lncRNA,1.0,1.0,8.0,3.0,57.0,58.0
AL008729.1,lncRNA,3.0,3.0,2.5,3.0,17.0,13.5
AL008729.2,lncRNA,1.0,1.0,0.0,3.0,2.0,2.0
AL009031.1,lncRNA,3.0,0.0,5.0,4.0,3.0,4.0
AL009050.1,lncRNA,1.0,0.0,0.0,0.0,1.0,0.0
AL009176.1,lncRNA,2.5,4.0,2.5,0.0,14.5,16.0
AL009177.1,lncRNA,17.0,35.0,11.0,13.0,80.0,118.0
AL009178.2,lncRNA,1.0,2.0,7.33,0.0,11.0,9.5
AL009178.3,lncRNA,0.0,1.0,1.33,0.0,2.0,2.0
AL009179.1,lncRNA,1.0,1.0,0.0,1.0,14.0,4.0
AL009179.2,lncRNA,0.0,0.0,0.0,2.0,8.0,6.0
AL009181.1,lncRNA,0.5,0.0,0.0,3.0,2.5,3.5
AL020993.1,lncRNA,0.0,0.0,0.0,0.0,1.0,0.0
AL020994.1,lncRNA,0.0,0.0,0.0,0.5,0.0,0.5
AL020994.2,lncRNA,0.0,0.0,0.0,0.0,4.0,10.0
AL020995.1,lncRNA,1.0,0.0,1.0,1.0,0.5,2.0
AL020996.1,lncRNA,1.5,8.5,15.5,12.0,31.0,34.5
AL020996.3,lncRNA,0.33,0.0,0.0,0.0,0.0,0.0
AL020997.4,lncRNA,0.5,1.5,0.5,0.0,5.0,4.5
AL020997.5,lncRNA,0.0,1.0,0.0,1.0,5.0,2.0
AL020998.1,lncRNA,0.0,0.0,0.0,0.0,3.0,0.0
AL021026.1,lncRNA,0.0,0.0,0.0,0.0,0.5,1.0
AL021153.1,lncRNA,2.0,0.0,0.0,0.0,1.0,0.0
AL021155.4,lncRNA,5.5,0.0,19.0,55.0,11.5,5.5
AL021308.1,lncRNA,0.0,0.0,0.0,0.0,26.0,13.0
AL021328.1,lncRNA,0.0,0.0,0.0,1.0,2.0,5.0
AL021368.1,lncRNA,0.0,0.0,0.0,0.0,1.0,0.0
AL021368.2,lncRNA,0.0,2.0,1.0,0.0,1.0,2.0
AL021368.3,lncRNA,0.0,1.0,0.0,0.0,0.0,1.0
AL021368.4,lncRNA,0.0,0.0,0.0,0.0,0.5,0.0
AL021368.5,lncRNA,0.0,0.0,0.0,0.0,1.0,0.0
AL021391.1,lncRNA,0.0,0.0,0.0,0.0,3.0,3.0
AL021392.1,lncRNA,3.0,3.0,5.0,4.0,61.0,57.0
AL021393.1,lncRNA,0.0,0.0,0.0,1.0,3.0,2.0
AL021395.1,lncRNA,2.0,3.0,6.0,5.0,22.0,11.0
AL021396.1,lncRNA,0.5,1.0,2.5,0.5,16.5,15.0
AL021408.1,lncRNA,0.0,1.0,0.0,0.0,0.0,1.0
AL021578.1,lncRNA,3.0,0.0,1.0,1.0,8.0,3.0
AL021707.1,lncRNA,0.0,0.5,1.0,1.0,0.0,0.0
AL021707.2,lncRNA,0.0,0.0,2.0,2.0,7.0,6.5
AL021707.3,lncRNA,0.0,1.5,0.0,0.0,1.67,0.33
AL021707.4,lncRNA,0.0,1.0,0.0,0.0,0.0,0.0
AL021707.5,lncRNA,0.0,1.0,0.0,0.0,1.17,1.33
AL021707.6,lncRNA,0.0,0.0,0.0,0.0,1.0,0.0
AL021707.7,lncRNA,0.0,0.0,0.0,0.0,2.0,3.0
AL021807.1,lncRNA,0.0,0.0,0.0,1.0,0.0,0.0
AL021877.2,lncRNA,4.0,9.0,4.0,0.0,9.0,5.0
AL021878.2,lncRNA,0.0,2.0,0.0,0.0,0.0,0.0
AL021917.1,lncRNA,1.0,0.0,0.0,1.0,5.0,1.0
AL021918.3,lncRNA,0.0,0.5,0.0,0.0,1.0,0.0
AL021918.4,lncRNA,0.0,2.0,1.0,1.0,0.0,0.0
AL021918.5,lncRNA,0.0,3.5,1.0,1.0,40.0,24.0
AL021920.1,lncRNA,3.0,0.0,1.0,2.0,0.0,0.0
AL021920.3,lncRNA,1.5,2.0,9.0,17.0,0.33,9.0
AL021937.1,lncRNA,2.0,5.0,2.0,1.0,10.0,15.0
AL021937.3,lncRNA,2.0,0.0,1.0,0.0,52.0,62.0
AL021937.4,lncRNA,0.0,0.0,0.0,1.0,1.0,1.0
AL021940.1,lncRNA,0.0,0.0,0.0,0.0,0.0,0.5
AL022069.1,lncRNA,0.0,0.0,0.0,0.0,8.0,4.0
AL022069.3,lncRNA,2.0,1.0,0.0,1.0,11.0,5.0
AL022097.1,lncRNA,0.0,1.0,0.0,1.0,4.0,8.0
AL022098.1,lncRNA,1.0,0.0,0.0,0.0,3.0,2.0
AL022100.2,lncRNA,0.0,0.5,1.0,0.0,0.5,4.5
AL022151.1,lncRNA,1.0,1.0,3.0,0.0,1.0,6.0
AL022157.1,lncRNA,0.0,0.0,0.0,0.0,0.0,5.0
AL022162.1,lncRNA,0.0,0.0,1.0,0.0,1.0,3.0
AL022170.1,lncRNA,3.0,4.0,2.0,0.0,0.0,1.0
AL022238.2,lncRNA,0.0,0.0,0.0,0.0,3.0,2.0
AL022311.1,lncRNA,11.0,15.5,4.5,20.5,14.5,24.5
AL022313.2,lncRNA,0.0,0.0,0.0,0.0,1.0,5.0
AL022313.3,lncRNA,0.0,0.0,0.0,0.0,2.0,3.0
AL022313.4,lncRNA,0.5,0.0,0.0,0.0,2.5,2.0
AL022314.1,lncRNA,0.0,0.0,1.0,0.0,6.0,1.0
AL022315.1,lncRNA,0.0,0.0,0.0,0.0,0.0,1.0
AL022316.1,lncRNA,0.0,0.0,1.0,0.0,2.0,3.0
AL022318.1,lncRNA,2.0,0.0,0.0,0.0,1.0,0.0
AL022318.5,lncRNA,0.0,3.0,0.0,0.0,5.0,1.0
AL022322.1,lncRNA,0.0,0.0,0.0,2.0,1.0,0.0
AL022322.2,lncRNA,7.0,24.0,22.0,7.5,63.5,53.0
AL022323.1,lncRNA,4.0,0.5,3.0,0.0,6.0,3.5
AL022323.2,lncRNA,3.5,2.5,1.5,8.0,10.0,5.5
AL022323.3,lncRNA,6.0,10.0,9.0,22.0,22.0,25.0
AL022323.4,lncRNA,0.0,1.0,1.0,0.0,3.0,3.0
AL022324.3,lncRNA,0.0,2.0,0.0,1.0,3.0,3.0
AL022324.4,lncRNA,1.0,0.0,3.0,1.0,18.5,17.5
AL022326.1,lncRNA,1.0,0.0,1.0,4.0,2.0,9.0
AL022328.1,lncRNA,0.0,0.0,0.0,3.0,7.0,2.0
AL022328.2,lncRNA,0.0,1.0,1.0,0.0,3.0,4.5
AL022328.3,lncRNA,0.0,0.0,0.0,1.0,1.0,2.0
AL022328.4,lncRNA,0.0,3.5,6.0,2.0,13.5,14.0
AL022329.1,lncRNA,3.0,9.0,4.0,18.0,5.0,2.0
AL022329.2,lncRNA,0.0,1.0,0.0,0.0,1.0,2.0
AL022329.3,lncRNA,0.0,0.0,0.0,0.0,1.0,0.0
AL022332.1,lncRNA,1.0,0.0,0.5,0.0,5.5,4.5
AL022334.2,lncRNA,1.0,0.0,1.0,1.0,12.0,12.0
AL022337.1,lncRNA,0.0,0.0,0.0,1.0,5.0,7.5
AL022341.1,lncRNA,1.0,1.0,2.0,0.0,11.0,7.0
AL022341.2,lncRNA,1.5,0.5,1.5,1.0,10.0,8.0
AL022344.1,lncRNA,6.0,4.0,7.0,3.0,53.0,41.0
AL022345.4,lncRNA,0.0,0.0,1.0,0.0,7.0,4.0
AL022396.1,lncRNA,0.0,0.0,0.0,0.0,0.0,1.0
AL022397.1,lncRNA,0.0,0.0,0.0,3.0,0.0,0.0
AL022724.2,lncRNA,1.0,2.0,1.0,1.0,1.0,0.0
AL022724.3,lncRNA,0.0,1.0,1.0,0.0,2.5,2.0
AL022726.1,lncRNA,0.0,1.0,0.0,0.0,0.0,0.0
AL023283.1,lncRNA,1.0,2.0,4.0,1.0,3.0,1.0
AL023284.4,lncRNA,0.0,0.0,0.0,0.0,2.0,1.0
AL023495.1,lncRNA,2.0,3.0,0.0,0.0,29.0,23.0
AL023553.1,lncRNA,0.0,0.0,0.0,0.0,0.0,1.0
AL023574.1,lncRNA,0.5,0.0,2.0,0.0,7.0,8.0
AL023581.2,lncRNA,0.0,0.0,0.0,0.0,2.0,1.0
AL023584.1,lncRNA,0.0,0.0,0.0,0.0,0.5,0.5
AL023693.1,lncRNA,0.0,4.0,0.0,1.0,0.0,1.0
AL023754.1,lncRNA,0.0,0.0,0.0,1.0,0.0,0.0
AL023754.2,lncRNA,0.0,0.0,0.0,0.0,0.0,1.0
AL023755.1,lncRNA,0.0,0.5,1.0,3.0,2.5,6.5
AL023775.2,lncRNA,24.0,3.0,1.0,4.0,28.0,5.0
AL023802.1,lncRNA,1.0,6.0,8.0,8.0,19.0,27.0
AL023803.1,lncRNA,0.0,1.0,1.0,0.0,1.0,2.0
AL023803.2,lncRNA,0.0,1.0,0.0,0.0,0.0,0.0
AL023803.3,lncRNA,0.0,0.0,0.0,0.0,3.0,3.0
AL023806.1,lncRNA,3.0,4.0,1.0,6.0,1.0,5.0
AL023806.4,lncRNA,0.0,1.0,0.0,0.0,1.0,0.0
AL023877.1,lncRNA,0.0,0.0,0.0,0.0,3.0,0.0
AL023881.1,lncRNA,0.0,0.0,1.0,0.0,0.0,1.0
AL023882.1,lncRNA,2.0,0.0,0.0,8.0,4.0,14.0
AL023913.1,lncRNA,0.0,0.0,0.0,0.0,1.0,1.0
AL024497.1,lncRNA,0.0,0.0,0.0,1.0,0.0,0.0
AL024498.1,lncRNA,0.0,0.0,0.0,0.0,5.0,2.0
AL024507.2,lncRNA,9.0,21.0,5.0,9.0,23.0,26.5
AL024508.1,lncRNA,25.0,5.0,4.5,7.0,17.0,6.5
AL031005.1,lncRNA,0.0,0.0,1.0,0.0,3.0,3.0
AL031005.2,lncRNA,0.0,0.0,1.0,2.0,6.0,5.0
AL031008.1,lncRNA,0.0,0.0,3.0,0.0,11.0,9.0
AL031055.1,lncRNA,0.0,0.0,0.0,0.0,5.0,4.0
AL031056.1,lncRNA,1.0,2.0,1.0,4.0,2.0,2.0
AL031056.2,lncRNA,0.0,0.0,0.0,0.0,2.0,2.0
AL031058.1,lncRNA,7.0,5.0,2.0,3.0,12.0,15.0
AL031073.2,lncRNA,0.0,2.0,0.0,1.0,1.0,4.0
AL031118.1,lncRNA,0.0,1.0,0.0,0.0,4.0,1.0
AL031121.2,lncRNA,2.0,1.0,1.0,5.0,21.0,22.0
AL031121.3,lncRNA,0.0,0.0,1.0,2.0,5.0,4.0
AL031123.1,lncRNA,0.0,1.0,1.0,1.0,4.0,2.0
AL031123.2,lncRNA,1.0,0.0,4.0,2.0,7.0,1.0
AL031123.4,lncRNA,0.0,1.0,0.0,0.0,0.0,3.0
AL031123.5,lncRNA,0.0,1.0,0.0,1.0,4.0,1.0
AL031259.1,lncRNA,0.0,0.0,0.0,1.0,5.0,0.0
AL031280.1,lncRNA,0.0,3.0,2.0,5.0,3.0,4.0
AL031282.2,lncRNA,2.0,7.0,4.5,3.0,11.0,18.0
AL031283.1,lncRNA,1.0,3.0,4.0,3.0,18.0,6.0
AL031283.2,lncRNA,1.0,1.0,0.0,0.0,6.0,3.0
AL031289.1,lncRNA,0.0,4.0,0.0,1.0,0.0,2.0
AL031289.2,lncRNA,1.0,2.0,0.0,2.0,4.0,5.0
AL031291.1,lncRNA,0.0,0.0,0.0,0.0,3.0,3.0
AL031293.1,lncRNA,0.0,2.0,0.0,2.0,6.0,3.0
AL031320.2,lncRNA,0.0,1.0,0.0,1.0,1.17,0.33
AL031428.1,lncRNA,0.0,0.0,1.0,1.0,5.0,2.0
AL031429.2,lncRNA,0.0,0.0,0.0,0.0,1.0,0.0
AL031430.1,lncRNA,0.0,1.0,0.0,0.0,2.0,1.0
AL031432.1,lncRNA,0.0,1.0,0.0,0.0,0.0,0.0
AL031432.3,lncRNA,0.0,1.0,0.0,0.0,5.0,2.0
AL031432.4,lncRNA,0.0,2.0,3.0,7.0,11.0,22.0
AL031432.5,lncRNA,0.0,0.0,1.0,0.0,5.0,2.0
AL031584.2,lncRNA,0.0,0.0,0.0,0.0,3.5,3.5
AL031587.1,lncRNA,0.0,1.0,1.0,4.0,1.0,0.0
AL031587.2,lncRNA,0.0,0.0,0.0,0.0,1.5,1.5
AL031587.3,lncRNA,1.0,0.0,0.0,0.0,0.0,0.0
AL031587.4,lncRNA,0.0,0.0,0.0,2.0,5.0,7.0
AL031590.1,lncRNA,3.0,7.0,2.0,5.0,10.0,10.0
AL031593.1,lncRNA,0.0,0.0,1.0,1.0,0.0,0.0
AL031595.2,lncRNA,7.0,12.0,6.5,17.0,44.0,29.0
AL031595.3,lncRNA,18.0,24.0,45.0,17.5,73.5,81.0
AL031598.1,lncRNA,1.0,0.0,0.0,1.0,5.0,4.0
AL031599.1,lncRNA,1.0,0.0,0.0,0.0,0.0,1.0
AL031600.1,lncRNA,0.0,0.0,1.0,0.0,2.5,1.5
AL031600.2,lncRNA,0.0,2.0,0.0,0.0,0.0,1.0
AL031600.3,lncRNA,0.5,1.0,0.0,1.0,2.0,3.0
AL031602.2,lncRNA,0.0,0.0,0.0,0.0,0.0,1.0
AL031651.1,lncRNA,2.0,0.0,0.0,0.0,1.0,1.0
AL031651.2,lncRNA,0.0,0.0,0.0,0.0,2.0,0.0
AL031656.1,lncRNA,2.0,0.0,1.0,0.0,4.0,3.0
AL031658.1,lncRNA,10.5,7.0,6.5,2.0,14.5,13.0
AL031663.2,lncRNA,0.0,0.0,0.0,0.0,2.0,0.0
AL031663.3,lncRNA,1.0,3.0,0.0,0.0,9.5,3.0
AL031665.1,lncRNA,0.0,0.5,0.0,0.0,0.5,1.0
AL031666.1,lncRNA,0.0,0.0,2.0,0.0,6.0,1.0
AL031666.2,lncRNA,0.0,2.0,0.0,0.0,8.0,17.0
AL031666.3,lncRNA,0.0,0.0,0.0,0.0,5.0,1.0
AL031668.1,lncRNA,0.0,0.0,0.0,0.0,0.0,1.0
AL031668.2,lncRNA,0.0,0.0,0.0,0.0,1.0,1.0
AL031670.1,lncRNA,1.0,1.0,0.0,2.0,0.0,0.0
AL031673.1,lncRNA,0.0,0.0,0.0,0.0,1.0,1.0
AL031674.1,lncRNA,0.0,0.0,0.0,0.0,2.0,2.0
AL031686.1,lncRNA,33.0,5.5,4.5,3.0,34.5,8.5
AL031687.1,lncRNA,0.0,0.0,0.0,2.0,1.0,0.0
AL031705.1,lncRNA,0.0,0.0,0.0,1.0,3.0,7.0
AL031710.1,lncRNA,0.0,1.0,0.0,1.0,0.0,2.0
AL031710.2,lncRNA,1.0,0.0,0.0,0.0,1.0,3.0
AL031714.1,lncRNA,1.0,7.0,4.0,4.0,11.0,8.0
AL031716.1,lncRNA,0.0,0.0,0.0,1.0,0.0,2.0
AL031717.1,lncRNA,1.0,0.0,0.0,0.0,3.0,1.0
AL031722.1,lncRNA,0.0,4.0,0.0,2.0,0.0,4.0
AL031726.1,lncRNA,1.0,0.0,0.0,0.0,2.0,1.0
AL031726.2,lncRNA,0.0,0.0,1.0,0.0,0.0,2.0
AL031727.2,lncRNA,0.0,0.0,1.0,0.0,30.0,18.0
AL031731.1,lncRNA,1.0,0.0,0.0,3.0,2.0,1.0
AL031733.2,lncRNA,0.0,1.0,4.0,6.0,16.5,15.0
AL031767.1,lncRNA,0.0,1.0,0.0,2.0,0.0,1.0
AL031767.2,lncRNA,0.0,0.0,1.0,0.0,0.0,1.0
AL031768.1,lncRNA,0.0,0.0,0.0,0.0,3.0,5.0
AL031768.2,lncRNA,2.0,0.0,1.0,0.0,7.0,2.0
AL031770.1,lncRNA,0.0,0.0,0.0,0.0,1.0,2.0
AL031772.1,lncRNA,2.5,5.5,8.5,3.0,9.5,10.5
AL031775.1,lncRNA,0.0,1.0,0.0,0.0,0.0,0.0
AL031775.2,lncRNA,0.0,1.0,0.0,0.0,0.0,0.0
AL031778.1,lncRNA,0.0,2.0,1.0,0.0,0.5,2.0
AL031779.1,lncRNA,0.0,0.0,0.0,0.0,0.0,1.0
AL031846.2,lncRNA,2.0,3.5,3.5,2.5,11.0,9.5
AL031848.1,lncRNA,1.0,2.0,0.0,0.0,1.0,0.0
AL031848.2,lncRNA,2.0,1.5,4.5,1.5,14.5,5.5
AL031963.1,lncRNA,0.0,0.5,0.0,0.0,0.0,0.0
AL031963.2,lncRNA,0.0,2.0,0.0,1.0,1.0,2.0
AL031963.3,lncRNA,2.5,2.5,3.0,5.5,3.5,3.5
AL031985.3,lncRNA,0.0,1.0,1.0,0.0,1.0,10.0
AL031985.4,lncRNA,2.0,0.0,0.0,1.0,4.0,12.0
AL032821.1,lncRNA,3.5,1.0,0.5,2.5,0.0,4.0
AL033379.1,lncRNA,0.0,0.0,0.0,0.0,1.0,0.0
AL033380.1,lncRNA,0.0,1.0,0.0,0.0,6.0,0.0
AL033381.1,lncRNA,0.0,4.0,2.0,3.0,6.0,7.5
AL033381.2,lncRNA,0.0,0.0,0.0,0.0,1.0,0.0
AL033381.3,lncRNA,2.0,6.0,1.0,1.0,5.0,2.0
AL033384.1,lncRNA,0.0,0.0,0.0,0.0,4.5,8.0
AL033384.2,lncRNA,0.0,0.0,0.5,0.0,1.0,0.0
AL033397.1,lncRNA,1.0,5.0,0.0,0.0,4.0,4.0
AL033397.2,lncRNA,0.0,0.0,0.0,0.0,5.0,2.0
AL033504.1,lncRNA,0.0,0.0,0.0,1.0,1.0,0.0
AL033519.4,lncRNA,1.0,1.0,1.0,0.0,1.0,2.0
AL033523.1,lncRNA,8.0,17.0,7.0,11.0,28.0,29.0
AL033527.2,lncRNA,4.0,1.0,3.0,5.0,17.0,6.0
AL033527.3,lncRNA,1.0,0.0,2.0,0.0,6.0,5.0
AL033528.2,lncRNA,0.5,0.0,0.5,0.0,1.5,0.0
AL033530.1,lncRNA,0.0,0.0,0.0,1.0,1.0,0.0
AL033539.1,lncRNA,0.0,0.0,0.0,0.0,1.0,0.0
AL033539.2,lncRNA,1.0,1.0,0.0,0.0,3.0,1.0
AL033543.1,lncRNA,16.0,25.0,24.0,43.0,312.0,292.0
AL034346.1,lncRNA,8.0,6.0,6.0,7.0,13.0,9.0
AL034347.1,lncRNA,0.0,0.0,0.0,0.0,0.0,1.0
AL034348.1,lncRNA,2.0,8.0,3.0,3.0,9.0,6.0
AL034349.1,lncRNA,0.0,0.0,0.0,3.0,1.0,0.0
AL034351.1,lncRNA,0.0,0.0,0.0,2.0,2.0,2.0
AL034351.2,lncRNA,2.0,3.0,0.0,3.0,4.5,8.0
AL034374.1,lncRNA,1.0,0.0,1.0,1.0,2.0,2.0
AL034376.1,lncRNA,2.0,2.0,0.0,2.0,2.0,5.0
AL034380.1,lncRNA,0.0,1.0,0.0,0.0,0.0,0.5
AL034397.1,lncRNA,1.0,0.0,0.0,0.0,3.0,1.0
AL034405.1,lncRNA,12.0,0.0,0.0,0.0,10.5,4.0
AL034417.2,lncRNA,0.0,5.0,0.0,0.0,13.0,14.0
AL034417.3,lncRNA,0.0,11.0,0.0,2.0,0.5,3.0
AL034417.4,lncRNA,3.0,1.0,2.0,10.0,1.5,8.0
AL034422.1,lncRNA,2.0,1.0,0.0,3.0,6.0,5.0
AL034427.1,lncRNA,2.0,0.0,0.0,0.0,0.0,0.0
AL034428.1,lncRNA,47.0,133.0,96.0,62.0,112.0,108.0
AL034546.1,lncRNA,0.0,3.0,1.0,3.0,3.0,4.0
AL034548.1,lncRNA,1.0,0.0,0.0,1.0,9.0,8.0
AL034550.1,lncRNA,1.0,2.0,1.0,5.0,4.0,4.0
AL034550.2,lncRNA,2.0,0.0,1.0,1.0,3.0,0.5
AL034550.3,lncRNA,1.0,0.0,1.0,0.0,1.5,2.5
AL035045.1,lncRNA,0.0,0.0,0.0,0.0,2.0,0.0
AL035071.1,lncRNA,0.0,2.0,0.0,1.0,3.0,1.0
AL035071.2,lncRNA,0.0,0.0,0.0,3.0,4.0,5.0
AL035078.1,lncRNA,49.0,106.0,23.0,17.0,34.0,37.0
AL035078.2,lncRNA,0.0,0.0,0.0,0.0,0.0,1.0
AL035078.3,lncRNA,1.0,0.0,0.0,0.0,0.0,0.0
AL035106.1,lncRNA,1.5,1.0,1.0,1.0,5.5,7.5
AL035250.1,lncRNA,0.0,1.0,0.0,3.0,1.0,0.0
AL035251.1,lncRNA,0.0,2.0,0.0,2.0,3.0,0.0
AL035252.2,lncRNA,5.0,2.0,9.0,7.0,17.0,18.0
AL035252.3,lncRNA,2.0,3.0,1.0,1.0,11.0,9.0
AL035252.5,lncRNA,0.0,3.0,0.0,0.0,1.0,1.0
AL035401.1,lncRNA,0.0,0.0,0.0,0.0,1.0,0.0
AL035404.2,lncRNA,2.0,0.0,0.0,0.0,2.0,4.0
AL035409.1,lncRNA,0.0,1.0,0.0,0.0,2.0,2.0
AL035409.2,lncRNA,0.0,0.0,1.0,1.0,2.0,1.0
AL035411.3,lncRNA,0.0,0.0,1.0,0.0,2.0,1.0
AL035412.1,lncRNA,0.0,1.0,0.0,3.0,3.0,3.0
AL035416.1,lncRNA,0.0,0.0,1.0,0.0,1.0,2.0
AL035420.1,lncRNA,2.0,2.0,0.0,3.0,4.0,2.0
AL035420.2,lncRNA,0.0,0.0,0.0,0.0,0.0,1.0
AL035420.3,lncRNA,0.0,0.0,1.0,0.0,3.0,2.0
AL035425.1,lncRNA,2.5,0.0,0.5,0.0,3.5,4.0
AL035427.1,lncRNA,0.0,0.0,0.0,0.0,0.0,1.17
AL035427.2,lncRNA,0.0,0.0,4.0,1.0,25.0,14.0
AL035443.1,lncRNA,0.0,2.0,0.0,0.0,2.0,2.0
AL035446.1,lncRNA,0.0,0.0,0.0,0.0,1.0,0.0
AL035446.2,lncRNA,0.0,0.0,0.0,0.0,2.0,4.0
AL035447.1,lncRNA,1.0,0.0,2.0,0.0,4.0,5.0
AL035448.1,lncRNA,1.0,2.0,0.0,0.0,2.0,0.0
AL035454.1,lncRNA,3.0,1.0,0.0,0.0,0.0,0.0
AL035458.2,lncRNA,0.0,0.0,0.0,0.0,1.0,0.5
AL035461.2,lncRNA,0.0,4.0,0.0,2.0,1.0,2.5
AL035467.2,lncRNA,2.0,0.0,0.0,1.0,2.0,0.0
AL035530.1,lncRNA,0.0,0.67,0.5,0.0,0.33,0.33
AL035530.2,lncRNA,8.5,25.67,24.0,51.0,13.83,26.33
AL035541.1,lncRNA,11.0,32.0,365.0,32.0,188.0,250.0
AL035587.1,lncRNA,0.0,2.0,0.0,0.0,2.0,0.0
AL035587.2,lncRNA,0.0,0.0,0.0,1.0,4.5,3.0
AL035587.3,lncRNA,0.0,0.0,2.0,1.0,1.0,0.0
AL035588.1,lncRNA,0.0,0.0,0.0,0.0,1.0,1.0
AL035603.1,lncRNA,0.0,1.0,0.0,0.0,8.0,1.0
AL035604.1,lncRNA,0.0,0.0,0.0,0.0,0.0,1.0
AL035653.1,lncRNA,0.0,1.0,0.0,0.0,1.0,1.0
AL035658.1,lncRNA,0.0,0.0,0.0,0.0,3.0,1.0
AL035661.1,lncRNA,0.0,1.0,0.0,2.0,1.0,0.0
AL035661.2,lncRNA,0.5,3.5,2.0,0.0,13.0,13.5
AL035665.1,lncRNA,0.0,0.0,0.0,1.0,4.0,1.0
AL035665.2,lncRNA,0.0,0.0,0.0,0.0,2.0,2.0
AL035670.1,lncRNA,0.0,2.0,0.0,0.0,4.0,5.0
AL035691.1,lncRNA,0.0,1.0,0.0,0.0,1.0,0.5
AL035693.1,lncRNA,0.0,1.0,0.0,1.0,0.0,1.0
AL035694.1,lncRNA,0.0,1.0,0.0,0.0,2.0,1.0
AL035696.1,lncRNA,0.0,0.0,0.0,1.0,4.0,0.0
AL035696.3,lncRNA,0.0,1.0,1.0,1.0,6.0,0.0
AL035696.4,lncRNA,0.0,1.0,0.0,0.0,3.0,3.0
AL035701.1,lncRNA,0.0,1.0,2.0,0.0,3.0,2.0
AL035706.1,lncRNA,1.0,0.0,0.0,4.0,4.0,2.0
AL049198.1,lncRNA,0.0,3.0,0.0,5.0,9.0,9.0
AL049536.1,lncRNA,0.0,4.0,2.0,7.0,2.0,2.0
AL049539.1,lncRNA,0.0,0.0,0.0,0.0,0.0,1.0
AL049541.1,lncRNA,0.0,0.0,0.0,0.0,1.0,0.0
AL049541.2,lncRNA,1.0,0.0,0.0,0.0,0.0,0.0
AL049543.1,lncRNA,1.5,3.5,0.0,3.0,21.0,11.5
AL049548.1,lncRNA,0.0,0.0,0.0,0.0,1.0,0.0
AL049552.1,lncRNA,0.0,0.0,0.0,0.0,1.0,1.0
AL049552.2,lncRNA,0.0,0.0,0.0,0.0,1.0,1.0
AL049555.1,lncRNA,0.0,0.0,1.0,0.0,1.0,1.5
AL049557.1,lncRNA,0.0,0.5,0.5,0.0,11.0,18.5
AL049569.1,lncRNA,1.0,1.5,0.0,0.0,3.0,5.0
AL049569.2,lncRNA,0.0,0.5,0.0,0.0,2.0,1.0
AL049594.1,lncRNA,2.0,2.0,4.0,0.0,1.0,0.0
AL049612.1,lncRNA,0.0,0.0,4.0,0.0,2.0,4.0
AL049637.1,lncRNA,0.0,5.0,0.0,2.0,19.0,12.0
AL049646.1,lncRNA,0.0,2.0,0.0,2.0,3.0,3.0
AL049646.2,lncRNA,0.0,0.0,0.0,0.0,1.0,0.0
AL049648.1,lncRNA,0.0,1.0,0.0,2.0,2.0,1.0
AL049649.1,lncRNA,2.0,3.0,1.0,3.0,5.0,5.0
AL049651.1,lncRNA,0.0,0.0,0.0,0.0,0.0,1.0
AL049651.2,lncRNA,1.0,0.5,0.0,1.0,0.0,0.0
AL049695.1,lncRNA,0.0,2.0,1.0,0.0,1.0,2.0
AL049712.1,lncRNA,0.0,0.0,1.0,0.0,2.0,2.0
AL049747.1,lncRNA,0.0,0.0,2.0,0.0,2.0,2.0
AL049748.1,lncRNA,0.0,0.0,0.0,1.0,1.0,3.0
AL049749.1,lncRNA,0.0,1.0,0.0,0.0,2.0,1.0
AL049765.1,lncRNA,0.0,0.0,1.0,0.0,2.0,0.0
AL049775.1,lncRNA,11.5,3.0,11.0,10.0,25.0,21.0
AL049775.2,lncRNA,0.0,0.0,0.0,0.0,0.0,1.0
AL049775.3,lncRNA,0.0,0.0,0.0,0.5,0.5,0.0
AL049777.1,lncRNA,0.0,2.0,0.0,3.0,9.5,6.0
AL049779.4,lncRNA,2.0,1.0,1.0,2.0,2.0,2.0
AL049780.1,lncRNA,0.0,0.0,2.0,0.0,12.0,14.5
AL049780.2,lncRNA,0.0,0.0,0.0,0.0,0.5,5.5
AL049794.1,lncRNA,0.0,0.0,1.0,0.0,0.0,0.0
AL049794.2,lncRNA,0.0,0.0,0.0,1.0,0.0,1.0
AL049795.1,lncRNA,0.5,2.0,0.5,0.5,4.0,3.0
AL049795.2,lncRNA,0.0,0.5,0.5,0.0,1.5,4.0
AL049796.1,lncRNA,19.0,13.0,21.0,18.0,66.0,34.0
AL049812.2,lncRNA,0.0,0.0,0.0,1.0,1.0,0.0
AL049812.3,lncRNA,0.0,0.0,0.0,1.0,2.0,0.0
AL049820.1,lncRNA,0.0,0.0,0.0,0.0,1.0,1.0
AL049825.1,lncRNA,0.0,1.0,0.0,1.0,2.0,0.0
AL049828.1,lncRNA,11.0,5.0,2.0,6.0,23.0,20.0
AL049828.2,lncRNA,0.0,0.0,0.0,0.0,2.0,1.0
AL049829.2,lncRNA,0.0,0.0,0.0,0.0,0.5,0.0
AL049830.3,lncRNA,0.0,0.0,0.0,0.0,1.5,2.0
AL049833.1,lncRNA,0.0,0.0,0.0,0.0,1.0,1.0
AL049833.2,lncRNA,0.0,0.0,0.0,0.0,6.0,5.0
AL049835.1,lncRNA,0.0,0.0,0.0,0.0,6.0,2.0
AL049836.1,lncRNA,0.0,0.0,0.0,0.0,0.0,2.0
AL049836.2,lncRNA,1.0,0.0,0.0,0.0,5.0,4.0
AL049838.1,lncRNA,0.0,0.0,0.0,1.0,2.0,2.0
AL049840.2,lncRNA,0.0,10.0,3.0,2.0,9.0,10.0
AL049840.3,lncRNA,0.0,0.0,0.0,0.0,1.0,1.5
AL049840.4,lncRNA,0.0,0.0,0.0,0.0,1.0,1.5
AL049840.5,lncRNA,0.0,0.0,0.0,0.0,0.0,1.0
AL049869.2,lncRNA,0.0,0.0,2.0,1.0,9.0,5.0
AL049870.2,lncRNA,0.0,0.0,0.0,0.0,1.0,0.0
AL049870.3,lncRNA,0.0,0.0,0.0,0.0,1.0,0.0
AL049874.3,lncRNA,1.0,4.0,1.0,0.0,5.0,4.0
AL050309.1,lncRNA,1.0,16.0,7.0,5.0,13.0,16.0
AL050320.1,lncRNA,0.0,2.0,0.0,2.0,3.0,1.0
AL050327.1,lncRNA,0.0,0.0,0.0,0.0,1.0,0.0
AL050331.2,lncRNA,0.0,1.5,0.0,0.0,0.0,0.0
AL050338.1,lncRNA,0.0,0.0,2.0,0.0,2.0,1.0
AL050338.2,lncRNA,3.0,0.0,0.0,1.0,1.0,2.0
AL050341.2,lncRNA,0.0,0.0,1.0,0.0,1.0,1.0
AL050343.2,lncRNA,0.0,0.0,1.0,0.0,2.0,1.5
AL050344.1,lncRNA,0.5,0.0,1.0,1.0,2.0,1.0
AL050349.1,lncRNA,0.0,0.0,0.0,0.0,3.5,1.5
AL050350.1,lncRNA,14.0,49.0,18.0,20.0,42.0,39.0
AL050402.1,lncRNA,0.0,0.0,0.0,0.0,3.0,1.0
AL050402.2,lncRNA,0.0,0.0,0.0,1.0,2.0,1.0
AL050403.1,lncRNA,1.0,0.0,1.0,0.0,16.0,11.0
AL050403.2,lncRNA,0.0,3.5,2.5,0.0,3.5,6.5
AL050404.1,lncRNA,0.0,1.0,1.0,0.0,1.5,4.0
AL078459.1,lncRNA,12.5,9.0,8.5,42.5,81.0,140.5
AL078581.2,lncRNA,0.0,0.0,0.0,0.0,1.0,0.0
AL078581.3,lncRNA,0.0,0.0,0.0,0.0,1.0,0.0
AL078581.4,lncRNA,0.0,0.0,0.0,0.0,1.0,1.0
AL078582.1,lncRNA,0.0,0.0,0.0,0.0,1.0,0.5
AL078582.2,lncRNA,2.0,2.0,0.0,0.0,4.0,8.0
AL078587.1,lncRNA,0.0,0.0,0.0,0.0,0.0,1.0
AL078587.2,lncRNA,0.0,0.0,0.0,0.0,2.0,4.0
AL078590.2,lncRNA,5.0,9.0,6.0,11.0,33.0,26.0
AL078599.2,lncRNA,0.0,0.0,0.0,0.0,2.0,1.0
AL078600.1,lncRNA,0.0,0.0,1.0,0.0,4.0,2.0
AL078604.2,lncRNA,1.0,0.0,2.0,1.0,1.0,4.0
AL078604.4,lncRNA,1.0,0.0,0.0,1.0,0.0,0.0
AL078605.1,lncRNA,3.0,9.0,1.0,0.0,0.0,1.0
AL078612.1,lncRNA,0.0,0.33,0.0,1.33,1.67,1.0
AL078612.2,lncRNA,0.0,2.0,0.0,2.0,4.0,2.0
AL078621.2,lncRNA,0.0,0.0,0.0,0.0,1.0,0.0
AL078622.1,lncRNA,2.0,3.0,7.0,8.0,33.0,23.0
AL078623.1,lncRNA,0.0,0.0,0.0,4.0,3.0,0.0
AL078644.1,lncRNA,0.0,0.0,1.0,0.0,11.0,14.0
AL078645.1,lncRNA,0.0,0.0,0.0,0.0,2.0,3.0
AL079301.1,lncRNA,0.0,0.0,1.0,0.0,8.0,2.0
AL079303.1,lncRNA,5.0,4.0,7.0,4.0,12.0,19.0
AL079304.1,lncRNA,0.0,1.0,0.0,3.0,2.0,2.0
AL079307.1,lncRNA,10.0,27.0,19.0,18.0,8.0,4.0
AL079307.2,lncRNA,1.0,0.0,1.0,0.5,1.0,1.0
AL079338.1,lncRNA,1.0,0.0,2.0,0.0,4.0,0.0
AL079343.1,lncRNA,0.0,0.0,0.0,0.0,2.0,1.0
AL080248.1,lncRNA,1.0,0.0,0.0,3.0,1.0,4.0
AL080275.1,lncRNA,0.0,1.0,0.0,0.0,6.0,2.0
AL080276.2,lncRNA,0.0,0.0,1.0,0.0,6.5,5.0
AL080284.1,lncRNA,0.0,1.0,0.0,0.0,2.0,0.0
AL080312.2,lncRNA,0.0,1.0,0.0,0.0,1.0,0.0
AL080313.1,lncRNA,1.0,1.0,0.0,0.0,0.0,0.0
AL080313.2,lncRNA,0.0,1.0,0.0,0.0,1.0,1.0
AL080316.1,lncRNA,0.0,0.0,0.0,0.0,1.0,2.0
AL080317.1,lncRNA,0.0,0.0,1.0,1.0,1.0,2.0
AL080317.2,lncRNA,0.0,6.0,0.0,0.0,4.5,3.0
AL096677.1,lncRNA,0.0,1.0,0.0,0.0,2.0,1.0
AL096678.1,lncRNA,0.0,0.0,0.5,0.0,0.0,0.0
AL096701.3,lncRNA,0.0,5.0,0.0,2.0,3.0,3.5
AL096701.4,lncRNA,0.0,1.0,0.0,0.0,18.0,5.0
AL096706.1,lncRNA,3.0,0.0,7.0,2.0,27.0,27.0
AL096709.1,lncRNA,2.0,0.0,2.0,3.0,6.0,7.0
AL096712.2,lncRNA,0.0,0.0,0.0,0.0,1.0,3.0
AL096794.1,lncRNA,1.0,1.0,2.0,9.0,68.0,72.0
AL096799.1,lncRNA,0.0,0.0,0.0,0.5,0.0,2.0
AL096803.3,lncRNA,0.0,0.0,0.0,0.0,1.0,0.0
AL096828.1,lncRNA,0.0,0.0,2.0,3.0,4.0,0.0
AL096828.2,lncRNA,4.0,1.0,2.0,3.0,9.0,9.0
AL096828.3,lncRNA,0.0,0.0,0.0,1.0,1.0,1.0
AL096828.5,lncRNA,0.0,0.0,0.0,0.0,0.0,1.0
AL096828.6,lncRNA,1.0,1.0,0.0,1.0,2.0,0.0
AL096840.2,lncRNA,0.0,1.0,1.0,0.0,5.0,5.0
AL096854.1,lncRNA,0.0,0.0,1.0,0.0,0.0,0.0
AL096865.1,lncRNA,0.0,3.0,3.0,0.0,6.0,3.0
AL096869.1,lncRNA,0.0,0.0,0.0,0.0,1.0,1.0
AL096869.2,lncRNA,0.0,1.0,0.0,1.0,4.0,2.5
AL096869.3,lncRNA,0.0,0.0,2.0,1.0,0.0,1.0
AL096870.1,lncRNA,0.5,3.5,0.0,2.0,3.5,1.0
AL096870.2,lncRNA,4.17,0.5,3.33,3.5,9.17,7.33
AL096870.6,lncRNA,0.0,0.0,1.0,1.0,3.0,2.0
AL096870.8,lncRNA,0.0,0.0,0.5,0.0,0.0,0.5
AL109610.1,lncRNA,0.0,0.0,0.0,0.0,0.0,1.5
AL109614.1,lncRNA,0.0,0.0,0.0,0.0,1.0,2.0
AL109615.2,lncRNA,9.0,33.0,27.0,24.0,141.0,189.5
AL109615.3,lncRNA,3.0,1.0,1.0,1.0,3.0,5.0
AL109615.4,lncRNA,0.0,2.0,1.0,10.0,9.0,9.0
AL109627.1,lncRNA,0.0,2.0,2.0,5.0,7.0,7.0
AL109628.2,lncRNA,0.0,3.0,0.0,0.0,1.5,2.5
AL109653.2,lncRNA,3.0,8.0,0.0,5.0,6.5,6.0
AL109659.1,lncRNA,0.0,0.0,0.0,0.0,0.0,1.0
AL109659.2,lncRNA,0.0,1.0,1.0,0.0,5.0,5.0
AL109741.1,lncRNA,10.0,3.0,2.0,19.0,5.0,6.0
AL109761.1,lncRNA,0.0,0.0,0.0,0.0,0.0,1.0
AL109767.1,lncRNA,1.0,9.0,0.0,5.0,2.0,7.0
AL109804.1,lncRNA,0.5,0.5,0.5,0.0,4.0,6.0
AL109806.2,lncRNA,0.0,0.0,3.0,0.0,7.0,6.0
AL109807.1,lncRNA,1.0,0.0,0.0,0.0,0.0,0.0
AL109809.4,lncRNA,2.0,4.0,5.0,6.0,14.0,8.0
AL109811.1,lncRNA,0.0,0.0,2.5,0.5,3.5,6.0
AL109824.1,lncRNA,0.0,0.0,0.0,0.0,1.0,0.5
AL109828.1,lncRNA,2.0,2.0,1.0,1.0,1.0,2.0
AL109829.1,lncRNA,0.0,1.0,0.0,0.0,2.0,1.0
AL109837.3,lncRNA,0.0,0.0,0.0,1.0,2.0,3.0
AL109838.1,lncRNA,2.0,0.0,0.0,6.0,4.0,4.0
AL109840.2,lncRNA,0.0,1.0,0.0,1.0,2.0,5.0
AL109910.1,lncRNA,6.0,0.0,2.0,0.0,4.0,2.0
AL109910.2,lncRNA,0.0,0.0,0.0,0.0,8.0,5.0
AL109917.1,lncRNA,0.0,0.0,0.0,2.0,5.0,5.0
AL109920.1,lncRNA,0.0,0.0,0.0,0.0,0.0,2.5
AL109923.1,lncRNA,0.0,0.5,0.0,0.0,1.0,2.5
AL109924.1,lncRNA,0.0,0.0,0.0,1.0,2.0,1.0
AL109924.2,lncRNA,2.0,3.0,0.0,0.0,6.0,9.0
AL109924.4,lncRNA,2.0,0.0,1.0,1.0,28.0,28.0
AL109930.1,lncRNA,0.0,0.0,0.5,0.5,12.0,7.0
AL109933.5,lncRNA,0.0,0.0,1.0,0.0,2.0,8.0
AL109935.1,lncRNA,0.0,0.0,2.0,1.0,3.0,3.0
AL109936.2,lncRNA,0.0,2.0,0.0,3.0,0.0,2.0
AL109936.6,lncRNA,1.0,0.0,0.0,0.0,0.0,0.0
AL109945.1,lncRNA,0.0,0.0,0.0,0.0,0.0,2.0
AL109946.1,lncRNA,0.0,0.0,1.0,1.0,8.0,9.0
AL109947.1,lncRNA,6.0,7.0,26.0,22.0,118.0,110.0
AL109954.1,lncRNA,0.0,0.0,0.0,0.0,4.0,5.0
AL109954.2,lncRNA,0.0,0.0,0.0,0.0,1.0,1.0
AL109955.1,lncRNA,0.0,0.0,0.0,0.0,3.0,3.0
AL109976.1,lncRNA,5.0,5.0,6.0,4.0,32.0,21.0
AL109984.1,lncRNA,0.0,0.0,0.0,0.0,0.0,1.0
AL110114.1,lncRNA,1.0,1.0,4.0,7.0,7.0,9.0
AL110115.1,lncRNA,0.0,0.0,0.0,0.0,1.0,2.0
AL110115.2,lncRNA,2.0,0.0,0.0,0.0,1.5,4.5
AL110292.1,lncRNA,0.0,3.0,1.0,5.5,5.5,4.5
AL110503.1,lncRNA,0.0,1.0,0.0,0.0,2.0,1.0
AL110504.1,lncRNA,0.0,0.0,0.5,0.0,2.0,1.0
AL117190.1,lncRNA,0.0,0.0,1.33,0.5,1.0,1.5
AL117190.2,lncRNA,0.0,0.0,0.0,0.0,0.5,1.0
AL117209.1,lncRNA,0.0,0.0,0.0,0.0,1.0,0.0
AL117327.1,lncRNA,1.0,1.0,0.0,0.0,4.0,9.0
AL117328.2,lncRNA,9.0,11.0,36.0,10.0,140.0,120.0
AL117329.1,lncRNA,11.0,18.0,8.0,24.0,115.5,100.5
AL117332.1,lncRNA,2.0,0.0,1.0,0.0,16.5,20.0
AL117334.1,lncRNA,2.0,2.0,0.0,3.0,6.0,5.0
AL117335.1,lncRNA,1.0,2.0,0.0,0.0,3.5,6.0
AL117336.2,lncRNA,1.0,1.0,5.0,3.0,5.0,4.0
AL117339.3,lncRNA,0.0,2.0,0.0,2.0,7.0,2.0
AL117344.2,lncRNA,3.0,2.0,5.0,2.0,17.0,16.0
AL117348.1,lncRNA,1.0,0.0,0.0,0.0,0.0,0.0
AL117353.1,lncRNA,0.0,3.0,0.0,0.0,4.0,5.0
AL117372.1,lncRNA,3.0,6.0,0.0,4.0,8.0,9.0
AL117378.1,lncRNA,0.0,3.0,1.0,1.0,5.0,2.0
AL117379.1,lncRNA,0.0,0.0,0.0,1.0,6.0,1.0
AL117382.1,lncRNA,0.0,0.0,0.0,0.0,3.0,3.5
AL117382.2,lncRNA,0.0,0.0,0.0,0.0,0.0,1.0
AL118505.1,lncRNA,0.0,1.0,0.0,0.0,4.0,1.0
AL118506.1,lncRNA,1.0,3.5,2.0,5.5,11.0,10.0
AL118508.1,lncRNA,3.0,1.0,2.0,3.0,17.0,11.0
AL118511.1,lncRNA,4.0,1.0,7.5,3.5,62.5,74.0
AL118511.2,lncRNA,0.0,0.0,0.0,0.0,3.0,3.0
AL118511.4,lncRNA,0.0,0.0,0.0,0.0,2.0,1.0
AL118516.1,lncRNA,42.0,41.0,119.0,163.0,398.0,699.0
AL118522.1,lncRNA,0.0,0.0,0.0,0.0,3.0,0.0
AL118523.1,lncRNA,1.0,1.0,1.0,2.0,5.0,4.0
AL118556.1,lncRNA,0.5,0.0,0.0,0.0,0.0,0.0
AL118558.3,lncRNA,0.0,1.0,1.0,0.0,20.0,19.0
AL118558.4,lncRNA,1.0,0.0,0.0,0.0,0.0,0.0
AL121574.1,lncRNA,0.0,0.0,0.0,4.0,0.0,1.0
AL121578.1,lncRNA,0.0,2.0,0.0,0.0,4.0,2.0
AL121581.2,lncRNA,0.0,2.5,2.0,1.0,6.0,7.0
AL121582.1,lncRNA,0.0,0.0,0.0,0.0,2.0,2.0
AL121583.1,lncRNA,0.0,0.0,1.0,0.0,1.0,2.0
AL121584.1,lncRNA,0.0,0.0,0.0,1.0,1.0,0.0
AL121601.1,lncRNA,0.0,1.0,0.0,0.0,1.0,1.0
AL121603.2,lncRNA,4.5,1.5,3.0,12.0,10.5,16.5
AL121612.1,lncRNA,0.0,1.0,0.0,0.0,2.0,1.0
AL121612.2,lncRNA,65.0,10.0,29.0,4.0,261.0,46.0
AL121672.1,lncRNA,2.0,2.0,2.0,2.0,6.0,3.0
AL121672.2,lncRNA,3.0,1.0,0.0,0.0,3.0,1.0
AL121672.3,lncRNA,0.0,2.0,1.0,0.0,4.0,2.0
AL121694.1,lncRNA,1.5,0.0,1.0,0.5,1.0,0.5
AL121748.1,lncRNA,0.0,0.5,0.0,0.5,0.0,1.5
AL121749.1,lncRNA,0.0,3.0,2.0,5.0,5.5,4.5
AL121749.2,lncRNA,1.0,0.0,0.0,0.0,1.0,2.0
AL121750.1,lncRNA,0.0,1.0,0.0,0.0,2.0,0.0
AL121757.1,lncRNA,2.0,1.0,0.0,4.0,8.0,7.0
AL121757.2,lncRNA,4.0,2.0,3.0,1.0,4.0,7.0
AL121759.1,lncRNA,0.0,0.0,0.5,0.0,2.0,0.0
AL121759.2,lncRNA,1.0,2.0,0.0,0.0,3.0,1.0
AL121761.1,lncRNA,5.0,3.0,18.0,17.0,6.5,18.5
AL121762.1,lncRNA,0.5,0.0,0.0,0.0,0.0,0.5
AL121762.2,lncRNA,0.0,1.0,0.0,0.0,0.0,0.0
AL121768.1,lncRNA,1.0,0.0,0.0,3.0,1.0,2.0
AL121772.1,lncRNA,0.0,4.0,0.0,2.0,10.0,9.0
AL121772.2,lncRNA,0.0,0.0,0.0,0.0,0.0,1.0
AL121772.3,lncRNA,1.0,0.0,1.0,0.0,6.0,1.0
AL121787.1,lncRNA,0.5,0.0,0.0,0.5,2.0,3.0
AL121790.2,lncRNA,0.0,0.0,0.0,3.0,0.0,1.0
AL121809.1,lncRNA,1.0,0.0,1.0,0.0,9.0,11.0
AL121809.2,lncRNA,0.0,0.0,0.0,1.0,1.0,3.0
AL121820.1,lncRNA,0.0,0.0,0.0,0.0,0.0,1.0
AL121820.2,lncRNA,0.0,0.0,0.0,0.0,2.0,1.0
AL121820.3,lncRNA,3.0,0.5,1.0,3.0,11.0,15.0
AL121821.2,lncRNA,1.0,1.0,1.0,0.0,12.0,6.0
AL121823.1,lncRNA,0.0,0.0,0.0,0.0,0.0,1.0
AL121827.1,lncRNA,1.0,2.0,4.5,7.5,6.0,19.5
AL121829.1,lncRNA,5.0,1.0,0.0,1.0,4.0,4.0
AL121829.2,lncRNA,0.0,0.0,0.0,0.0,1.0,1.0
AL121830.1,lncRNA,0.0,1.0,0.0,2.0,3.0,5.0
AL121832.1,lncRNA,1.0,0.0,2.0,2.0,4.0,3.0
AL121832.2,lncRNA,4.0,3.0,4.0,8.0,28.0,36.0
AL121832.3,lncRNA,3.0,0.0,1.0,4.0,20.0,26.0
AL121839.2,lncRNA,2.0,4.0,5.0,0.0,8.0,8.0
AL121845.1,lncRNA,0.0,0.0,0.0,0.5,1.5,0.5
AL121845.4,lncRNA,1.0,1.0,0.0,0.0,0.0,3.0
AL121852.1,lncRNA,0.0,0.0,0.0,0.0,1.0,0.0
AL121872.1,lncRNA,0.0,0.0,0.0,0.0,0.0,1.0
AL121885.2,lncRNA,0.0,1.0,1.0,0.0,3.0,4.0
AL121888.1,lncRNA,1.0,0.0,2.0,2.0,16.0,13.0
AL121888.2,lncRNA,1.0,3.0,2.0,0.0,3.0,5.0
AL121890.2,lncRNA,1.0,0.0,0.0,4.0,2.0,1.0
AL121890.3,lncRNA,0.0,0.0,0.0,0.0,1.0,0.0
AL121890.4,lncRNA,0.0,0.0,0.0,0.0,3.0,0.0
AL121890.5,lncRNA,0.0,0.0,1.0,0.0,0.0,0.0
AL121892.1,lncRNA,0.0,0.0,1.0,0.0,3.0,0.0
AL121894.1,lncRNA,0.0,1.0,0.0,0.0,1.0,0.0
AL121894.2,lncRNA,0.0,0.0,0.0,0.0,2.0,2.0
AL121894.3,lncRNA,5.0,3.0,2.0,0.0,6.0,3.0
AL121895.1,lncRNA,0.0,1.0,5.0,1.0,4.0,9.0
AL121895.2,lncRNA,0.0,0.0,0.0,0.0,1.0,0.0
AL121897.1,lncRNA,0.0,0.0,0.0,0.0,0.0,2.0
AL121899.1,lncRNA,0.0,0.0,1.0,0.0,3.5,1.83
AL121899.3,lncRNA,0.0,0.0,0.0,0.0,12.0,6.0
AL121899.4,lncRNA,1.0,0.0,0.0,0.0,15.5,6.33
AL121904.1,lncRNA,0.0,0.0,0.0,0.0,1.0,0.0
AL121904.2,lncRNA,0.0,0.0,0.0,0.0,1.0,2.0
AL121906.1,lncRNA,0.0,0.0,0.0,2.0,3.0,1.0
AL121910.1,lncRNA,0.0,1.0,1.0,0.0,0.0,0.0
AL121917.1,lncRNA,3.0,3.0,3.0,1.0,6.0,5.0
AL121917.2,lncRNA,2.0,0.0,0.0,0.0,0.0,0.0
AL121928.1,lncRNA,0.0,0.5,0.0,0.0,0.0,1.0
AL121929.1,lncRNA,0.0,0.0,0.0,0.0,2.0,0.0
AL121929.2,lncRNA,0.0,6.0,0.0,10.0,7.0,2.0
AL121929.3,lncRNA,6.0,2.0,1.0,3.0,15.0,7.0
AL121932.2,lncRNA,2.0,0.0,3.0,1.0,15.0,14.5
AL121933.2,lncRNA,0.0,0.0,0.0,0.0,0.0,2.0
AL121935.1,lncRNA,2.0,0.0,0.0,1.0,14.0,2.0
AL121935.2,lncRNA,0.0,1.0,0.0,0.0,1.0,0.0
AL121935.3,lncRNA,0.0,1.0,0.0,0.0,3.5,2.0
AL121936.1,lncRNA,1.0,6.0,3.0,3.0,12.0,14.0
AL121938.1,lncRNA,0.0,0.0,0.0,0.0,4.0,3.0
AL121944.1,lncRNA,0.0,0.0,0.0,1.0,2.0,2.0
AL121956.1,lncRNA,1.0,0.0,0.0,0.0,0.0,1.0
AL121956.4,lncRNA,1.0,5.0,0.0,0.0,0.0,6.0
AL121956.6,lncRNA,2.0,2.0,25.0,1.0,4.0,8.0
AL121957.1,lncRNA,0.0,1.0,0.0,2.0,4.0,1.0
AL121970.1,lncRNA,0.0,0.0,0.0,0.0,0.0,2.0
AL121972.1,lncRNA,0.0,0.5,0.5,0.0,7.5,2.0
AL121974.1,lncRNA,0.0,0.0,1.0,0.0,2.0,0.0
AL121977.2,lncRNA,0.0,0.0,0.0,4.0,2.0,2.0
AL121981.1,lncRNA,2.0,3.0,1.0,0.0,3.0,4.0
AL121985.1,lncRNA,1.0,1.0,0.0,1.5,3.0,13.5
AL121987.1,lncRNA,0.0,1.0,2.0,7.0,1.0,4.0
AL121987.2,lncRNA,0.0,3.0,4.5,1.0,9.0,10.0
AL121988.1,lncRNA,0.0,0.0,0.0,0.0,0.5,1.5
AL121989.1,lncRNA,0.0,2.0,0.0,0.0,1.0,1.0
AL121990.1,lncRNA,1.0,3.0,2.0,0.0,1.0,4.0
AL121992.1,lncRNA,0.0,0.0,1.0,5.0,5.0,9.0
AL121992.2,lncRNA,0.0,0.0,0.0,0.0,1.0,1.0
AL121992.3,lncRNA,1.0,0.0,1.0,0.0,1.0,1.5
AL121999.1,lncRNA,0.0,0.0,0.0,0.0,2.0,0.0
AL122003.2,lncRNA,0.0,0.0,0.0,1.0,1.0,5.0
AL122008.1,lncRNA,2.0,1.0,1.0,1.0,0.0,0.0
AL122008.3,lncRNA,1.0,2.0,4.0,0.0,13.0,7.0
AL122010.1,lncRNA,0.0,0.0,0.0,0.5,4.0,0.5
AL122014.1,lncRNA,3.0,1.0,2.0,1.0,4.0,3.0
AL122017.1,lncRNA,0.0,0.0,0.0,0.0,2.0,2.0
AL122018.2,lncRNA,1.0,4.0,6.0,2.0,6.0,13.0
AL122020.2,lncRNA,0.0,1.0,1.0,1.0,4.0,7.0
AL122023.1,lncRNA,1.0,0.0,0.0,0.0,1.0,1.0
AL122034.1,lncRNA,1.0,2.0,0.0,0.0,3.0,0.0
AL122035.1,lncRNA,0.0,0.0,0.0,0.0,1.5,0.0
AL122035.2,lncRNA,1.5,0.0,0.0,0.5,2.0,2.0
AL122058.1,lncRNA,1.0,1.0,2.0,1.0,15.0,5.0
AL122125.1,lncRNA,0.0,0.0,0.0,2.0,0.0,1.0
AL132633.1,lncRNA,1.0,0.0,0.0,2.0,1.0,1.0
AL132639.2,lncRNA,1.0,1.0,0.0,3.0,2.0,2.5
AL132639.3,lncRNA,1.0,2.0,1.0,0.0,4.5,0.0
AL132642.1,lncRNA,1.5,2.0,0.0,1.5,8.5,25.5
AL132655.1,lncRNA,0.0,0.0,2.0,1.0,2.0,3.0
AL132655.2,lncRNA,3.5,5.0,1.0,1.0,4.5,1.0
AL132655.3,lncRNA,0.0,0.0,0.0,0.0,3.0,4.0
AL132656.2,lncRNA,0.0,1.0,0.0,0.0,3.0,0.0
AL132656.3,lncRNA,2.0,0.0,0.0,0.0,1.5,1.0
AL132657.2,lncRNA,0.0,0.0,0.0,1.0,0.0,0.0
AL132708.1,lncRNA,0.0,0.0,0.5,0.0,0.0,0.0
AL132709.7,lncRNA,1.5,0.0,5.0,4.0,14.5,10.5
AL132709.8,lncRNA,1.0,0.0,4.0,0.0,4.5,0.0
AL132711.1,lncRNA,0.0,0.0,0.0,0.0,3.0,1.0
AL132712.1,lncRNA,0.0,0.0,0.0,0.0,0.5,1.5
AL132712.2,lncRNA,0.0,5.0,0.0,3.0,7.5,3.5
AL132718.1,lncRNA,1.0,1.0,1.0,0.0,2.0,1.0
AL132775.1,lncRNA,0.0,0.0,0.0,0.0,1.0,0.0
AL132775.2,lncRNA,0.0,1.0,2.0,0.0,0.0,0.0
AL132780.1,lncRNA,9.0,0.0,17.0,27.0,97.0,39.0
AL132780.2,lncRNA,1.0,1.0,2.0,0.0,3.0,3.0
AL132796.1,lncRNA,0.0,0.0,0.0,0.0,4.0,1.0
AL132796.2,lncRNA,5.0,15.0,4.0,11.0,18.0,24.0
AL132800.1,lncRNA,3.0,0.0,2.0,0.0,5.5,4.0
AL132801.1,lncRNA,0.0,0.0,1.0,1.0,1.0,3.0
AL132819.1,lncRNA,0.0,0.0,0.0,0.0,1.0,0.0
AL132822.1,lncRNA,0.0,0.0,0.0,0.0,1.0,0.0
AL132855.1,lncRNA,0.0,0.0,0.0,0.0,2.5,0.5
AL132857.1,lncRNA,0.0,0.0,0.0,3.0,9.0,7.0
AL132875.2,lncRNA,0.0,0.0,0.0,1.0,2.0,1.0
AL132875.3,lncRNA,0.0,0.0,0.0,2.0,4.0,3.0
AL132982.1,lncRNA,0.0,0.0,0.0,1.0,2.0,2.0
AL132986.1,lncRNA,1.0,2.0,0.0,0.0,9.0,4.0
AL132989.1,lncRNA,0.0,0.0,0.0,0.0,0.0,1.0
AL132990.1,lncRNA,0.0,1.0,0.0,0.0,1.0,2.0
AL132996.1,lncRNA,9.0,10.0,3.0,13.0,20.0,18.0
AL133163.2,lncRNA,0.0,0.0,0.0,0.0,9.0,3.0
AL133163.3,lncRNA,0.0,0.0,0.0,1.0,0.0,0.0
AL133166.1,lncRNA,6.0,4.0,4.0,5.0,55.0,76.0
AL133215.1,lncRNA,0.0,0.0,0.0,0.0,0.5,0.0
AL133215.2,lncRNA,0.0,0.0,3.0,0.0,3.0,1.0
AL133215.3,lncRNA,2.0,0.0,1.0,38.0,1.0,0.0
AL133227.1,lncRNA,3.5,0.0,1.0,2.5,6.0,4.0
AL133230.1,lncRNA,4.0,1.0,0.0,2.0,12.0,6.0
AL133232.1,lncRNA,0.0,0.0,0.0,0.0,0.0,2.0
AL133240.1,lncRNA,0.0,0.0,1.0,6.0,1.0,5.0
AL133240.2,lncRNA,1.0,0.0,1.0,1.0,5.0,2.0
AL133243.1,lncRNA,0.0,0.0,0.0,0.0,2.0,0.0
AL133243.2,lncRNA,0.0,0.0,0.0,0.0,3.0,0.0
AL133243.3,lncRNA,0.0,1.0,0.0,1.0,0.0,0.0
AL133245.1,lncRNA,0.0,2.0,0.0,3.0,0.0,6.0
AL133247.1,lncRNA,0.0,0.0,0.0,0.0,0.0,1.0
AL133255.1,lncRNA,0.0,0.0,0.0,1.0,0.0,0.0
AL133257.1,lncRNA,1.0,0.0,0.0,0.0,1.0,0.0
AL133259.1,lncRNA,2.0,1.0,1.0,1.0,2.0,5.0
AL133268.2,lncRNA,0.0,0.0,0.0,0.0,1.0,0.0
AL133268.3,lncRNA,0.0,0.0,0.0,0.0,2.0,0.0
AL133268.4,lncRNA,0.0,0.5,0.0,0.0,1.0,1.0
AL133279.1,lncRNA,1.0,0.0,0.0,0.0,0.0,1.0
AL133279.2,lncRNA,0.5,0.0,0.0,0.0,0.0,0.0
AL133279.3,lncRNA,0.5,1.0,1.0,0.0,0.0,1.0
AL133284.1,lncRNA,2.0,2.0,0.0,0.0,9.0,8.0
AL133297.1,lncRNA,0.0,0.0,0.0,0.0,1.0,1.0
AL133297.2,lncRNA,0.0,0.0,0.0,1.0,4.0,3.0
AL133299.1,lncRNA,1.0,0.0,1.0,0.0,3.5,1.0
AL133304.1,lncRNA,0.0,6.0,0.0,0.0,1.0,0.0
AL133304.3,lncRNA,0.0,2.0,2.0,2.0,9.0,6.0
AL133313.1,lncRNA,0.0,0.0,0.0,2.0,2.0,4.0
AL133318.1,lncRNA,1.5,0.5,1.0,0.0,4.0,4.5
AL133319.1,lncRNA,0.0,0.0,0.0,0.0,2.0,1.0
AL133320.2,lncRNA,0.0,0.0,0.0,4.0,0.0,0.0
AL133325.2,lncRNA,1.0,3.0,0.0,0.0,4.0,7.0
AL133325.3,lncRNA,0.0,0.0,1.0,1.0,5.0,4.0
AL133329.1,lncRNA,0.0,0.0,0.0,0.0,0.0,1.0
AL133330.1,lncRNA,0.0,2.0,2.0,2.0,0.0,2.0
AL133334.1,lncRNA,0.5,0.0,0.0,0.0,2.0,4.0
AL133335.1,lncRNA,0.0,0.0,0.0,0.0,3.0,1.0
AL133335.2,lncRNA,0.0,0.0,0.0,0.0,2.0,0.0
AL133338.1,lncRNA,2.0,3.0,0.0,1.0,1.0,3.0
AL133342.1,lncRNA,0.0,0.0,0.0,5.0,1.0,3.0
AL133343.2,lncRNA,3.0,0.0,0.0,2.0,13.0,23.0
AL133346.1,lncRNA,3.0,0.0,4.0,2.5,9.5,12.0
AL133351.1,lncRNA,0.0,1.0,0.0,0.0,0.0,0.0
AL133351.4,lncRNA,1.0,0.0,1.0,1.0,5.5,2.0
AL133353.1,lncRNA,0.0,0.0,1.0,0.0,0.0,1.0
AL133355.1,lncRNA,3.0,2.5,8.0,3.5,19.5,24.0
AL133367.1,lncRNA,3.0,1.0,0.0,1.0,9.0,8.0
AL133368.2,lncRNA,0.0,4.0,0.0,0.0,1.0,1.0
AL133370.1,lncRNA,2.0,1.0,0.0,2.0,1.0,0.0
AL133371.1,lncRNA,0.0,1.0,0.0,6.0,1.0,2.0
AL133371.2,lncRNA,0.0,1.0,0.0,0.0,0.0,0.0
AL133371.3,lncRNA,3.0,0.0,1.0,0.0,2.0,2.0
AL133372.2,lncRNA,1.0,1.0,0.0,0.0,1.0,5.0
AL133375.1,lncRNA,0.0,0.5,0.0,0.0,2.0,0.5
AL133383.1,lncRNA,1.0,0.0,0.0,0.0,0.0,0.0
AL133387.2,lncRNA,0.0,1.0,0.0,1.0,5.0,3.0
AL133390.1,lncRNA,3.0,1.0,1.0,0.0,2.0,2.0
AL133395.1,lncRNA,0.0,0.0,0.0,0.0,2.0,0.0
AL133405.2,lncRNA,0.0,1.0,1.0,0.0,1.0,1.0
AL133406.2,lncRNA,0.0,0.0,2.0,0.0,1.0,1.0
AL133410.1,lncRNA,1.0,1.0,0.0,0.0,8.0,10.0
AL133410.2,lncRNA,0.5,0.0,0.5,0.5,2.0,1.5
AL133415.1,lncRNA,0.0,1.0,0.5,2.0,1.5,0.0
AL133419.1,lncRNA,0.0,0.0,0.0,0.0,0.0,1.0
AL133444.1,lncRNA,8.0,2.0,0.0,2.0,6.0,2.0
AL133445.2,lncRNA,0.0,0.0,0.0,1.0,2.0,0.0
AL133445.3,lncRNA,0.0,0.0,0.0,0.0,0.0,1.0
AL133453.1,lncRNA,0.5,1.0,0.0,0.0,0.0,0.5
AL133456.1,lncRNA,0.0,0.0,1.0,0.0,1.0,3.0
AL133457.1,lncRNA,0.0,1.0,0.0,0.0,2.0,1.0
AL133464.1,lncRNA,3.0,6.0,3.0,4.0,5.0,17.0
AL133465.1,lncRNA,0.0,0.0,0.0,0.0,1.0,0.0
AL133467.1,lncRNA,1.0,0.0,6.0,1.0,3.0,5.0
AL133467.2,lncRNA,0.0,0.0,4.0,0.0,5.0,4.0
AL133467.3,lncRNA,3.67,1.33,0.5,3.83,6.0,3.5
AL133467.4,lncRNA,1.0,0.0,0.0,1.0,0.0,2.0
AL133475.1,lncRNA,0.0,0.0,1.0,0.0,0.0,2.0
AL133476.1,lncRNA,0.0,0.0,0.0,0.0,2.0,1.0
AL133477.1,lncRNA,2.0,0.0,1.0,0.0,2.0,3.0
AL133477.2,lncRNA,0.0,0.0,0.0,0.0,1.0,2.0
AL133480.1,lncRNA,0.0,0.0,0.0,0.0,2.0,3.0
AL133481.1,lncRNA,0.0,0.0,0.0,0.0,2.5,1.0
AL133482.1,lncRNA,0.0,0.0,1.5,1.0,3.0,1.0
AL133485.2,lncRNA,0.0,0.0,0.0,0.0,1.0,0.0
AL133485.3,lncRNA,1.0,0.0,0.0,2.0,2.0,1.0
AL133492.1,lncRNA,3.0,2.0,4.0,9.0,6.0,9.0
AL133493.1,lncRNA,0.0,0.5,0.0,0.0,1.0,1.5
AL133493.2,lncRNA,1.0,1.0,3.0,0.0,3.0,1.0
AL133499.1,lncRNA,2.0,0.0,2.0,1.0,15.0,4.0
AL133516.1,lncRNA,2.0,1.0,1.0,1.0,0.0,3.0
AL133520.1,lncRNA,0.0,0.0,0.0,0.0,3.0,1.0
AL133523.1,lncRNA,0.0,0.0,0.0,0.5,1.5,1.5
AL133538.1,lncRNA,0.0,1.0,0.0,1.0,0.0,4.0
AL133551.1,lncRNA,0.0,0.0,2.0,3.0,1.0,5.0
AL133553.1,lncRNA,1.0,2.0,0.0,1.0,0.0,0.0
AL135744.1,lncRNA,2.0,1.0,1.0,0.0,9.0,3.0
AL135746.1,lncRNA,0.0,2.0,0.0,0.0,3.0,0.0
AL135784.1,lncRNA,0.0,0.0,0.0,0.0,0.0,1.0
AL135785.1,lncRNA,0.0,0.0,0.0,2.0,1.0,0.0
AL135786.2,lncRNA,0.0,0.0,0.0,0.0,2.0,0.0
AL135791.1,lncRNA,2.0,0.0,1.0,1.5,7.5,3.0
AL135818.1,lncRNA,0.0,0.0,0.0,2.0,3.0,3.0
AL135818.2,lncRNA,0.0,0.0,0.0,0.0,1.0,2.0
AL135818.3,lncRNA,1.0,0.0,0.0,0.0,1.0,0.0
AL135838.1,lncRNA,0.0,1.0,1.0,0.0,11.0,3.0
AL135841.1,lncRNA,0.0,1.0,0.0,0.0,1.0,3.0
AL135878.1,lncRNA,2.0,1.0,8.0,3.0,9.0,7.0
AL135905.1,lncRNA,1.0,0.0,3.0,0.0,8.0,7.0
AL135908.1,lncRNA,1.0,0.0,1.0,0.0,1.0,1.0
AL135910.1,lncRNA,20.5,5.0,1.5,5.0,55.0,36.0
AL135923.2,lncRNA,4.0,0.0,7.0,4.0,31.0,34.0
AL135924.2,lncRNA,0.0,0.0,0.0,0.0,1.0,0.0
AL135925.1,lncRNA,3.5,5.0,7.0,5.0,58.5,55.0
AL135926.1,lncRNA,0.0,1.0,0.5,0.5,2.0,1.5
AL135926.2,lncRNA,3.0,14.0,5.0,10.0,4.0,12.0
AL135934.1,lncRNA,0.0,1.0,0.0,0.0,0.0,0.0
AL135936.1,lncRNA,1.0,0.0,0.0,0.0,3.0,5.0
AL135937.1,lncRNA,0.0,0.0,0.0,0.0,2.0,1.0
AL135960.1,lncRNA,7.5,4.5,6.5,8.0,19.0,17.0
AL135978.1,lncRNA,0.0,0.0,1.0,0.0,0.0,0.0
AL135999.1,lncRNA,1.0,0.0,2.0,1.5,9.5,15.17
AL135999.2,lncRNA,2.0,9.0,0.0,9.0,1.5,2.5
AL135999.3,lncRNA,0.0,0.0,0.0,1.0,0.0,0.0
AL136018.1,lncRNA,0.0,1.0,0.0,0.0,7.0,0.0
AL136038.2,lncRNA,0.0,0.0,0.0,0.0,0.5,0.5
AL136038.3,lncRNA,0.0,0.0,0.0,1.0,9.0,11.0
AL136038.4,lncRNA,0.0,3.0,0.0,7.0,6.5,2.5
AL136040.1,lncRNA,0.0,1.0,0.0,0.0,5.0,6.0
AL136040.2,lncRNA,1.0,1.0,1.0,3.0,3.0,2.0
AL136084.1,lncRNA,1.0,0.0,2.0,3.0,8.0,8.0
AL136084.2,lncRNA,0.0,0.0,1.5,0.5,0.5,1.5
AL136090.1,lncRNA,0.5,0.0,0.0,0.0,0.5,1.0
AL136090.2,lncRNA,4.0,5.0,0.0,1.0,11.0,14.0
AL136096.1,lncRNA,0.0,1.0,0.0,0.0,4.0,7.0
AL136099.1,lncRNA,1.0,1.0,0.0,1.0,9.0,12.0
AL136102.1,lncRNA,0.0,0.0,1.0,0.0,0.0,1.0
AL136114.1,lncRNA,1.0,0.0,0.0,3.0,4.0,1.0
AL136115.1,lncRNA,0.0,0.0,0.0,0.0,0.0,1.0
AL136115.3,lncRNA,0.0,4.0,1.0,0.0,0.0,4.0
AL136119.1,lncRNA,0.0,10.0,2.0,0.0,4.0,17.0
AL136129.1,lncRNA,0.0,0.0,0.0,0.0,1.0,0.0
AL136131.2,lncRNA,0.0,0.0,0.0,0.0,1.0,2.0
AL136131.3,lncRNA,0.5,1.0,0.0,0.0,1.0,0.0
AL136140.1,lncRNA,0.0,0.0,0.0,0.0,3.0,4.0
AL136141.1,lncRNA,0.0,0.0,0.0,2.0,0.0,1.0
AL136162.1,lncRNA,1.0,0.0,2.0,1.0,5.0,1.0
AL136164.2,lncRNA,0.0,0.0,0.0,0.0,0.33,0.67
AL136169.1,lncRNA,0.0,1.0,1.0,1.0,2.0,2.0
AL136171.2,lncRNA,3.0,9.0,2.83,2.0,17.0,13.83
AL136172.1,lncRNA,3.0,5.0,2.0,0.0,7.5,6.0
AL136181.1,lncRNA,0.0,0.0,0.0,0.0,4.0,2.0
AL136221.1,lncRNA,0.0,0.0,0.0,1.0,2.0,2.0
AL136225.1,lncRNA,0.0,0.0,3.0,5.0,4.0,8.0
AL136225.2,lncRNA,0.0,0.0,0.0,1.0,0.0,1.0
AL136295.17,lncRNA,0.33,0.25,0.33,0.25,1.42,1.0
AL136295.2,lncRNA,0.0,0.0,0.0,0.0,2.0,0.0
AL136295.6,lncRNA,1.0,0.0,1.0,0.0,5.0,1.0
AL136295.7,lncRNA,0.0,0.0,0.0,0.0,0.0,1.0
AL136298.1,lncRNA,0.0,0.0,0.0,2.0,3.0,1.0
AL136301.1,lncRNA,0.0,1.0,0.0,1.0,4.0,2.0
AL136304.1,lncRNA,0.0,0.0,0.0,0.0,1.5,1.0
AL136305.1,lncRNA,1.0,3.0,3.0,0.0,27.5,23.0
AL136307.1,lncRNA,0.0,3.0,0.0,0.0,4.0,0.0
AL136309.2,lncRNA,1.0,2.0,0.0,2.0,2.0,2.0
AL136309.3,lncRNA,0.0,0.5,1.0,0.0,2.0,2.0
AL136317.2,lncRNA,0.0,2.0,0.0,6.0,1.0,3.0
AL136322.1,lncRNA,0.0,0.0,0.5,0.0,0.0,0.5
AL136359.1,lncRNA,0.0,0.0,2.0,0.0,1.0,1.0
AL136360.2,lncRNA,0.0,0.0,1.0,0.0,3.0,2.0
AL136361.1,lncRNA,0.0,0.0,0.0,2.0,1.0,2.0
AL136366.1,lncRNA,1.0,2.0,0.0,0.0,7.0,4.0
AL136368.1,lncRNA,0.0,2.0,0.0,0.0,1.0,0.0
AL136372.2,lncRNA,0.0,0.0,0.0,0.0,1.0,2.0
AL136376.1,lncRNA,0.0,0.0,0.0,0.0,0.0,1.0
AL136379.1,lncRNA,0.0,0.0,1.0,0.0,2.0,2.0
AL136418.1,lncRNA,0.0,0.0,0.5,0.0,0.0,0.0
AL136419.1,lncRNA,0.0,1.0,1.0,0.5,0.5,1.0
AL136419.2,lncRNA,1.0,0.0,1.0,0.0,2.0,0.0
AL136419.3,lncRNA,0.0,3.0,0.0,0.0,1.0,0.0
AL136439.1,lncRNA,0.0,2.0,0.0,1.0,2.0,1.0
AL136441.1,lncRNA,2.0,7.0,0.0,8.0,5.0,2.0
AL136442.1,lncRNA,0.0,0.0,0.0,0.0,7.0,0.0
AL136456.1,lncRNA,0.0,0.0,1.0,1.0,4.0,14.0
AL136460.1,lncRNA,1.0,1.0,1.0,0.0,0.0,3.0
AL136501.1,lncRNA,0.0,1.0,0.0,0.0,1.0,0.5
AL136524.1,lncRNA,1.0,1.0,2.0,0.0,2.0,0.0
AL136526.1,lncRNA,0.0,0.0,0.0,0.5,3.0,1.5
AL136531.1,lncRNA,0.0,0.0,0.0,0.0,0.5,0.0
AL136537.1,lncRNA,1.0,0.0,3.0,1.0,5.0,3.0
AL136964.1,lncRNA,0.0,1.0,0.0,2.0,3.0,0.0
AL136979.1,lncRNA,0.0,1.0,1.0,1.0,3.0,1.0
AL136980.1,lncRNA,0.0,0.0,1.0,0.0,0.0,0.0
AL136981.3,lncRNA,3.0,1.0,3.0,2.0,8.0,12.0
AL136981.4,lncRNA,0.5,0.5,1.83,1.83,5.33,7.67
AL136982.1,lncRNA,2.25,3.25,0.33,1.0,1.83,2.0
AL136982.2,lncRNA,0.0,0.0,0.0,0.0,0.25,0.0
AL136982.3,lncRNA,0.0,0.0,0.0,1.0,1.0,0.0
AL136982.6,lncRNA,0.25,0.25,0.0,0.0,0.75,0.0
AL136982.7,lncRNA,0.0,0.5,0.0,0.0,0.0,0.83
AL136984.1,lncRNA,0.0,1.0,0.0,0.0,2.0,1.0
AL136985.2,lncRNA,1.0,1.0,1.0,2.0,0.0,1.0
AL136985.3,lncRNA,1.0,1.0,3.0,5.0,19.0,11.0
AL136987.1,lncRNA,0.0,0.0,0.5,1.0,0.0,1.5
AL136988.1,lncRNA,0.0,0.0,0.5,0.0,2.5,3.0
AL136988.2,lncRNA,0.0,1.0,0.0,0.0,9.0,14.0
AL137001.2,lncRNA,0.0,1.0,0.0,0.0,8.0,1.0
AL137002.1,lncRNA,0.0,0.0,0.0,0.5,0.0,1.0
AL137002.2,lncRNA,2.0,3.0,6.0,0.0,38.0,59.0
AL137003.1,lncRNA,0.0,0.0,1.0,0.0,0.0,5.0
AL137005.1,lncRNA,7.0,9.0,3.0,9.0,15.0,24.0
AL137005.2,lncRNA,0.0,0.0,0.0,0.0,4.0,3.0
AL137009.1,lncRNA,2.0,3.0,1.0,0.5,6.0,7.5
AL137017.1,lncRNA,1.0,0.0,1.0,1.0,10.0,5.0
AL137018.1,lncRNA,0.0,1.0,0.0,1.0,2.0,4.0
AL137024.1,lncRNA,0.0,0.0,0.0,0.0,1.0,1.0
AL137025.1,lncRNA,1.0,0.0,0.0,0.0,5.0,2.0
AL137026.1,lncRNA,3.0,6.5,4.0,0.5,13.0,11.5
AL137026.3,lncRNA,0.0,1.0,1.0,0.0,2.0,2.0
AL137058.2,lncRNA,0.0,2.0,1.0,0.5,1.5,1.5
AL137060.3,lncRNA,0.0,4.0,4.0,1.0,25.0,14.0
AL137067.3,lncRNA,1.0,0.0,0.0,0.0,1.5,1.0
AL137076.1,lncRNA,0.0,0.0,0.0,0.0,2.0,1.0
AL137077.2,lncRNA,3.0,7.0,4.0,5.0,16.0,16.0
AL137078.1,lncRNA,0.0,0.0,0.0,0.0,1.0,0.0
AL137078.2,lncRNA,0.0,0.0,0.0,0.0,3.0,3.0
AL137100.3,lncRNA,0.0,0.0,2.0,2.0,3.5,1.0
AL137127.1,lncRNA,2.0,1.5,3.0,0.0,7.5,10.5
AL137129.1,lncRNA,0.0,0.0,0.0,0.0,0.0,0.5
AL137139.2,lncRNA,2.0,3.0,5.0,4.0,22.0,18.0
AL137139.3,lncRNA,1.0,2.0,0.0,0.0,1.0,0.0
AL137140.1,lncRNA,0.0,0.0,2.0,0.0,0.0,1.0
AL137157.1,lncRNA,0.0,2.0,1.0,2.0,0.0,2.0
AL137182.1,lncRNA,0.0,1.0,4.0,2.0,7.0,8.0
AL137186.1,lncRNA,0.0,0.0,0.0,0.0,4.0,1.0
AL137186.2,lncRNA,1.0,5.5,2.5,4.0,11.5,22.0
AL137191.1,lncRNA,0.0,1.0,1.0,0.5,7.5,6.0
AL137220.1,lncRNA,0.0,1.0,0.0,0.0,0.0,1.0
AL137224.1,lncRNA,0.0,0.0,0.0,3.0,1.0,3.0
AL137230.1,lncRNA,1.0,2.0,0.0,5.0,2.0,1.0
AL137230.2,lncRNA,0.0,1.5,0.5,1.5,0.5,0.5
AL137246.1,lncRNA,0.0,0.0,0.0,0.0,1.0,0.0
AL137247.2,lncRNA,0.0,0.5,0.0,0.0,0.5,1.0
AL137779.1,lncRNA,1.0,0.0,0.0,1.0,5.0,2.0
AL137779.2,lncRNA,0.0,0.0,1.0,4.0,22.0,7.0
AL137781.1,lncRNA,0.0,1.0,0.0,0.0,3.0,1.0
AL137782.1,lncRNA,1.0,1.0,0.0,1.0,7.5,6.5
AL137785.1,lncRNA,1.0,0.0,0.0,0.0,2.0,0.0
AL137786.1,lncRNA,5.0,7.0,5.0,2.0,14.0,11.0
AL137786.2,lncRNA,0.0,0.0,0.0,2.0,4.0,0.0
AL137786.3,lncRNA,1.0,0.0,0.0,2.0,4.0,3.0
AL137789.1,lncRNA,0.0,0.0,0.0,2.0,0.0,0.5
AL137789.2,lncRNA,0.0,0.0,0.0,0.0,0.0,0.5
AL137796.1,lncRNA,0.0,0.0,1.0,0.0,0.0,0.0
AL137798.1,lncRNA,0.0,0.0,1.0,0.0,3.0,0.0
AL137798.2,lncRNA,1.0,1.0,1.0,7.0,0.0,3.0
AL137802.1,lncRNA,0.0,0.0,0.0,0.5,0.0,1.0
AL137802.3,lncRNA,0.0,0.0,0.0,0.5,0.0,0.0
AL137804.1,lncRNA,0.0,0.0,0.0,0.0,0.0,1.0
AL137847.1,lncRNA,2.0,1.0,0.0,6.0,1.0,3.0
AL137847.2,lncRNA,0.0,0.0,1.0,1.0,1.0,2.0
AL137856.1,lncRNA,1.0,0.5,0.5,1.0,1.0,6.0
AL137857.1,lncRNA,0.5,3.5,0.0,0.0,1.0,0.0
AL138478.1,lncRNA,0.0,0.0,0.0,1.0,0.5,0.0
AL138479.2,lncRNA,1.0,2.0,3.0,9.0,9.0,6.0
AL138686.1,lncRNA,0.0,0.0,0.0,0.0,0.0,1.0
AL138689.1,lncRNA,0.0,1.0,0.0,0.0,0.0,0.0
AL138689.2,lncRNA,4.5,7.5,3.0,4.0,20.0,26.5
AL138690.1,lncRNA,0.0,0.0,0.0,0.0,3.0,0.0
AL138694.1,lncRNA,0.0,0.0,0.0,4.0,4.0,1.0
AL138701.2,lncRNA,0.0,0.0,24.0,5.0,5.0,2.0
AL138708.1,lncRNA,0.0,0.0,0.0,0.0,1.0,4.0
AL138716.1,lncRNA,1.0,3.0,2.0,1.0,8.0,1.0
AL138720.1,lncRNA,2.0,3.0,2.0,3.0,3.0,5.0
AL138731.1,lncRNA,0.0,1.0,1.0,0.0,0.0,3.0
AL138733.1,lncRNA,0.0,0.0,1.0,0.0,0.0,0.0
AL138733.2,lncRNA,0.0,2.0,1.0,1.0,26.0,9.0
AL138749.1,lncRNA,0.0,0.0,0.0,0.0,1.0,0.0
AL138756.1,lncRNA,1.0,3.0,0.0,5.0,1.0,8.0
AL138760.1,lncRNA,0.0,0.0,0.0,0.0,1.0,2.0
AL138762.1,lncRNA,1.0,0.0,0.0,0.0,3.0,2.0
AL138767.1,lncRNA,0.0,1.0,0.5,0.0,0.0,1.0
AL138767.3,lncRNA,0.0,0.0,1.0,0.0,1.0,0.0
AL138773.1,lncRNA,0.0,0.0,0.0,0.0,2.0,2.0
AL138778.1,lncRNA,1.0,2.0,1.0,2.0,6.0,5.0
AL138781.1,lncRNA,9.0,0.0,3.0,1.0,13.0,18.0
AL138799.1,lncRNA,0.0,0.0,0.0,0.0,0.0,1.0
AL138799.3,lncRNA,1.0,0.0,0.0,0.0,1.5,0.0
AL138808.1,lncRNA,0.0,0.0,0.0,0.0,1.0,1.0
AL138820.1,lncRNA,2.0,0.0,0.0,2.0,10.0,8.0
AL138824.1,lncRNA,0.0,0.0,1.0,0.0,4.0,6.0
AL138826.1,lncRNA,5.0,0.0,2.0,0.0,1.0,3.0
AL138828.1,lncRNA,1.0,5.0,0.0,0.0,10.5,5.0
AL138830.2,lncRNA,0.0,0.0,2.0,0.0,2.0,3.0
AL138831.1,lncRNA,0.0,0.0,0.0,0.0,3.5,2.0
AL138831.2,lncRNA,0.0,0.0,0.0,0.0,2.5,1.0
AL138885.2,lncRNA,0.0,0.0,1.0,0.0,2.0,1.0
AL138885.3,lncRNA,0.0,0.0,0.0,2.0,5.0,2.0
AL138889.1,lncRNA,1.0,16.0,8.0,17.5,36.5,35.0
AL138889.3,lncRNA,0.0,0.0,0.0,0.5,12.0,3.5
AL138895.1,lncRNA,0.0,0.0,0.0,0.0,1.0,1.0
AL138899.1,lncRNA,3.0,1.0,0.0,0.0,2.0,3.0
AL138900.1,lncRNA,0.0,0.0,0.0,0.0,2.0,0.0
AL138916.1,lncRNA,1.0,3.0,0.0,1.0,2.0,8.0
AL138916.2,lncRNA,1.0,0.0,0.0,0.0,4.0,1.0
AL138918.1,lncRNA,1.0,1.0,0.0,0.0,1.0,1.0
AL138921.1,lncRNA,0.0,0.0,1.0,0.0,1.0,0.0
AL138921.2,lncRNA,0.0,7.0,0.0,4.0,5.0,4.0
AL138927.1,lncRNA,1.0,1.0,1.0,1.0,2.0,2.0
AL138930.1,lncRNA,1.0,0.0,2.0,0.0,0.0,0.0
AL138955.1,lncRNA,0.0,0.0,0.0,0.0,2.0,1.0
AL138957.1,lncRNA,0.0,0.0,1.0,0.0,5.0,2.0
AL138960.1,lncRNA,0.0,0.0,1.0,1.0,5.0,2.0
AL138963.3,lncRNA,0.0,4.0,1.0,1.5,2.0,6.0
AL138966.2,lncRNA,0.0,0.0,0.0,0.0,1.5,2.0
AL138995.1,lncRNA,0.0,0.0,0.0,0.5,3.0,2.0
AL138997.1,lncRNA,0.0,0.0,0.0,0.0,0.0,1.0
AL138999.2,lncRNA,2.0,1.0,1.0,0.0,1.0,1.0
AL139002.1,lncRNA,0.0,0.0,1.0,0.0,1.5,1.0
AL139008.2,lncRNA,0.0,3.0,0.0,3.0,1.0,2.0
AL139011.1,lncRNA,8.0,18.0,4.5,7.0,26.0,44.0
AL139020.1,lncRNA,1.0,1.0,0.0,2.0,2.0,1.0
AL139021.2,lncRNA,0.0,0.0,0.0,0.0,1.0,2.0
AL139022.1,lncRNA,0.0,3.0,0.0,3.0,0.5,0.0
AL139022.2,lncRNA,1.0,0.0,0.0,0.0,1.0,0.0
AL139023.1,lncRNA,0.0,1.0,0.0,6.0,0.0,0.0
AL139035.1,lncRNA,0.0,1.33,0.0,0.0,1.5,1.0
AL139035.2,lncRNA,1.0,1.0,1.0,0.0,1.0,1.0
AL139039.3,lncRNA,0.0,0.0,0.0,0.0,0.0,1.5
AL139041.1,lncRNA,0.0,1.0,0.0,0.0,0.0,0.0
AL139042.1,lncRNA,3.0,0.0,0.0,1.0,1.0,2.0
AL139081.1,lncRNA,0.0,0.0,0.0,0.0,0.0,1.0
AL139081.2,lncRNA,3.0,0.0,0.0,2.0,1.0,0.0
AL139082.1,lncRNA,2.0,0.5,2.0,6.0,12.5,9.0
AL139090.1,lncRNA,0.0,0.0,1.0,0.0,2.0,1.0
AL139095.4,lncRNA,0.0,0.0,1.0,0.0,12.5,10.0
AL139095.5,lncRNA,4.0,6.0,0.0,1.0,8.0,4.0
AL139099.1,lncRNA,0.5,1.0,3.5,2.0,10.5,10.0
AL139099.2,lncRNA,0.0,3.0,2.0,2.0,0.0,0.0
AL139106.1,lncRNA,1.0,3.0,1.0,3.0,7.0,8.0
AL139118.1,lncRNA,0.0,0.0,0.0,0.0,1.0,2.0
AL139120.1,lncRNA,0.0,0.0,2.0,1.0,1.0,2.0
AL139124.1,lncRNA,0.0,0.0,2.0,0.0,0.0,0.0
AL139130.1,lncRNA,24.0,9.0,6.0,11.0,48.0,39.0
AL139142.1,lncRNA,0.0,0.0,0.0,4.0,0.0,0.0
AL139147.1,lncRNA,1.0,0.0,0.0,0.0,2.0,1.0
AL139161.1,lncRNA,0.0,1.0,1.0,0.0,2.0,0.0
AL139190.1,lncRNA,2.0,0.0,0.0,3.0,2.0,3.0
AL139193.2,lncRNA,0.0,0.0,0.0,0.0,2.0,1.0
AL139220.2,lncRNA,0.5,1.0,0.0,10.0,10.0,10.0
AL139231.1,lncRNA,1.0,0.0,0.0,0.0,0.0,1.0
AL139232.1,lncRNA,0.5,1.0,6.0,4.0,30.5,26.0
AL139234.1,lncRNA,0.0,1.0,1.0,1.0,6.0,7.0
AL139237.1,lncRNA,3.5,12.5,1.0,1.5,20.0,40.5
AL139241.1,lncRNA,0.0,0.0,0.0,0.0,4.5,7.0
AL139243.1,lncRNA,0.0,1.0,1.0,0.0,3.0,2.0
AL139246.1,lncRNA,0.0,3.0,1.0,0.0,4.0,1.0
AL139246.3,lncRNA,0.0,0.0,0.0,0.0,0.0,3.0
AL139246.4,lncRNA,0.0,1.0,1.0,0.0,4.0,2.0
AL139246.5,lncRNA,4.0,1.0,4.0,4.0,27.0,28.0
AL139254.1,lncRNA,0.0,1.0,0.0,0.0,0.0,1.0
AL139254.2,lncRNA,0.0,1.0,0.0,0.0,4.0,0.0
AL139254.3,lncRNA,0.0,0.0,0.0,0.0,0.0,1.0
AL139260.1,lncRNA,2.0,5.0,2.0,4.0,2.0,8.0
AL139260.2,lncRNA,0.5,2.5,1.0,0.0,1.0,2.5
AL139274.2,lncRNA,1.0,2.0,2.0,3.0,8.5,13.5
AL139275.1,lncRNA,0.0,0.0,0.0,2.0,1.0,3.0
AL139275.2,lncRNA,0.0,0.0,0.0,1.0,0.0,0.0
AL139280.1,lncRNA,0.0,0.0,1.0,0.0,1.0,1.0
AL139280.2,lncRNA,1.0,0.0,0.0,1.0,3.0,6.0
AL139280.3,lncRNA,1.0,1.0,3.0,3.0,6.0,8.0
AL139286.2,lncRNA,2.0,0.0,0.0,0.0,1.0,1.0
AL139287.1,lncRNA,0.0,0.0,0.0,0.0,0.0,3.0
AL139288.1,lncRNA,0.0,0.0,0.0,1.0,0.0,2.5
AL139289.1,lncRNA,0.0,0.0,0.0,1.0,2.0,3.0
AL139289.2,lncRNA,0.0,0.0,2.0,1.0,2.0,5.0
AL139294.1,lncRNA,0.0,0.0,0.0,1.0,2.0,0.0
AL139300.2,lncRNA,1.0,4.0,3.0,7.0,12.0,18.0
AL139316.1,lncRNA,0.0,0.0,1.0,0.0,0.0,1.0
AL139317.1,lncRNA,0.0,0.0,0.0,0.0,0.0,1.0
AL139317.5,lncRNA,14.0,13.0,2.0,4.0,9.5,18.0
AL139330.1,lncRNA,0.0,0.0,0.0,2.0,5.0,2.0
AL139339.1,lncRNA,2.0,4.0,0.0,1.0,1.0,1.0
AL139340.1,lncRNA,1.0,0.0,0.0,0.0,1.0,0.0
AL139348.1,lncRNA,1.0,1.0,1.0,0.0,2.0,5.0
AL139349.1,lncRNA,0.0,1.0,0.0,0.0,10.0,11.0
AL139350.1,lncRNA,0.0,0.0,0.0,0.0,0.0,3.0
AL139351.1,lncRNA,1.0,0.0,0.0,0.0,0.0,1.0
AL139351.2,lncRNA,0.0,2.0,0.0,0.0,2.0,1.0
AL139351.3,lncRNA,1.0,0.0,0.0,3.0,5.0,2.0
AL139352.1,lncRNA,0.0,0.0,0.0,1.0,2.0,0.0
AL139353.2,lncRNA,1.0,3.0,2.0,1.0,7.0,5.5
AL139354.1,lncRNA,1.0,0.0,0.0,1.0,2.0,1.0
AL139379.1,lncRNA,2.0,3.0,3.0,2.0,6.0,5.0
AL139381.1,lncRNA,0.0,0.0,1.0,0.0,0.0,0.0
AL139383.1,lncRNA,5.0,7.0,5.0,2.0,20.0,17.5
AL139384.1,lncRNA,2.0,1.0,1.0,0.0,16.0,13.0
AL139384.2,lncRNA,1.0,2.0,1.0,2.0,16.0,17.0
AL139385.1,lncRNA,1.0,1.0,3.0,6.5,16.0,14.0
AL139390.1,lncRNA,0.0,0.0,0.0,1.0,3.0,0.0
AL139393.1,lncRNA,6.0,0.0,3.0,1.0,6.0,11.0
AL139393.2,lncRNA,0.0,0.0,0.0,0.0,2.0,0.0
AL139397.1,lncRNA,0.0,0.0,0.0,0.0,0.0,0.5
AL139398.1,lncRNA,1.0,1.0,2.0,4.0,14.0,13.0
AL139405.1,lncRNA,4.0,0.0,1.0,0.0,2.0,3.0
AL139407.1,lncRNA,0.0,0.0,0.0,0.0,1.0,0.0
AL139420.1,lncRNA,1.0,1.5,2.0,1.0,9.0,6.5
AL139420.2,lncRNA,1.0,0.5,1.0,1.0,6.0,3.5
AL139423.1,lncRNA,4.0,2.0,8.0,9.5,33.5,40.0
AL139423.2,lncRNA,0.0,3.0,2.0,0.0,13.0,14.0
AL139424.1,lncRNA,0.67,0.0,3.5,0.33,28.67,18.17
AL139424.2,lncRNA,0.0,0.0,0.0,0.0,1.0,2.0
AL139424.3,lncRNA,0.0,3.0,0.0,3.0,1.0,5.0
AL139801.1,lncRNA,0.0,0.5,1.0,0.0,3.0,1.5
AL139807.1,lncRNA,0.5,0.0,0.0,0.5,1.0,0.0
AL139815.1,lncRNA,1.0,1.0,0.0,0.0,2.0,6.0
AL139819.1,lncRNA,0.0,1.0,0.0,0.0,3.0,1.0
AL139823.1,lncRNA,0.0,0.0,0.0,0.0,2.0,1.0
AL139824.1,lncRNA,1.0,0.0,0.0,0.0,1.0,0.0
AL157359.2,lncRNA,0.0,0.0,1.0,1.0,0.0,0.0
AL157369.1,lncRNA,0.0,0.0,0.0,0.0,3.0,8.0
AL157371.1,lncRNA,0.0,0.0,0.0,0.0,0.0,0.5
AL157371.2,lncRNA,0.0,0.0,0.0,0.0,0.0,3.0
AL157373.2,lncRNA,1.0,0.0,1.0,0.0,4.0,0.0
AL157385.2,lncRNA,0.0,1.0,2.0,6.0,3.0,5.0
AL157387.1,lncRNA,0.0,0.0,1.0,0.0,1.0,0.0
AL157388.1,lncRNA,0.0,4.0,1.0,11.0,5.0,1.0
AL157392.1,lncRNA,0.0,0.0,0.0,0.0,2.0,1.0
AL157392.2,lncRNA,0.0,1.0,2.0,0.0,2.0,4.0
AL157392.3,lncRNA,4.33,4.83,7.33,1.0,45.0,46.0
AL157392.4,lncRNA,0.0,1.0,0.0,0.0,0.0,0.0
AL157394.3,lncRNA,0.83,2.33,1.0,1.0,11.33,11.0
AL157395.1,lncRNA,0.0,3.0,0.0,4.0,3.0,2.0
AL157396.1,lncRNA,2.5,0.0,5.0,5.0,4.0,7.0
AL157400.2,lncRNA,0.0,0.0,0.0,0.0,1.0,1.5
AL157400.3,lncRNA,0.0,0.0,2.0,1.0,6.0,3.0
AL157400.4,lncRNA,0.0,2.0,1.0,0.0,6.0,2.0
AL157402.1,lncRNA,0.0,0.0,2.0,2.0,10.0,10.0
AL157402.2,lncRNA,0.0,0.0,0.0,0.0,2.0,1.0
AL157413.1,lncRNA,0.0,1.0,1.0,2.0,9.0,8.0
AL157414.1,lncRNA,0.0,4.5,0.0,2.0,3.5,2.5
AL157414.2,lncRNA,0.0,0.0,0.0,0.0,2.0,1.0
AL157414.4,lncRNA,0.0,0.5,0.0,0.0,3.5,2.5
AL157700.1,lncRNA,0.0,0.0,0.0,0.0,0.0,1.0
AL157702.2,lncRNA,1.0,1.0,0.0,0.0,2.0,4.0
AL157703.1,lncRNA,0.0,0.0,1.0,0.0,0.0,0.0
AL157709.1,lncRNA,0.0,0.0,0.0,0.0,0.0,1.0
AL157756.1,lncRNA,2.0,2.0,1.0,4.0,0.0,3.0
AL157762.1,lncRNA,0.0,1.0,0.0,0.0,1.0,1.0
AL157769.1,lncRNA,0.0,0.0,0.0,0.0,2.5,0.0
AL157778.1,lncRNA,0.0,5.0,1.0,0.0,5.0,2.0
AL157786.1,lncRNA,0.5,0.0,1.0,0.0,5.5,0.0
AL157813.1,lncRNA,0.0,1.0,0.0,1.5,12.0,5.0
AL157813.2,lncRNA,1.0,1.0,1.0,1.5,4.0,7.0
AL157817.1,lncRNA,0.0,0.0,0.0,0.0,1.0,3.0
AL157823.2,lncRNA,0.0,0.0,0.0,1.0,1.0,0.0
AL157827.2,lncRNA,1.0,2.5,0.0,1.0,11.0,13.0
AL157829.1,lncRNA,0.0,13.0,1.0,0.0,1.0,1.0
AL157831.2,lncRNA,4.0,24.0,10.0,11.0,4.0,5.0
AL157831.3,lncRNA,1.0,0.0,0.0,8.0,0.0,3.0
AL157832.1,lncRNA,0.0,1.0,0.0,0.5,1.0,1.0
AL157832.2,lncRNA,2.0,2.0,0.0,0.0,12.5,9.0
AL157834.2,lncRNA,2.0,0.0,1.0,1.0,5.0,10.0
AL157834.4,lncRNA,0.0,0.0,0.0,0.0,0.0,1.0
AL157838.1,lncRNA,2.0,2.0,0.0,4.5,3.5,6.5
AL157871.1,lncRNA,0.5,0.0,0.0,0.0,1.0,0.0
AL157871.2,lncRNA,0.0,0.0,0.0,0.0,1.0,3.0
AL157871.4,lncRNA,0.0,1.5,0.0,0.0,0.5,0.0
AL157871.5,lncRNA,0.0,0.0,1.0,0.0,0.0,1.0
AL157882.1,lncRNA,0.0,0.0,0.0,0.0,0.0,0.5
AL157884.2,lncRNA,0.0,0.0,0.0,0.0,0.0,1.0
AL157886.1,lncRNA,1.0,4.0,1.0,0.0,5.0,7.0
AL157888.1,lncRNA,0.0,0.0,0.0,2.0,1.0,2.0
AL157893.2,lncRNA,0.5,3.0,0.0,1.0,2.0,1.0
AL157895.1,lncRNA,8.0,4.0,0.0,0.0,1.0,6.0
AL157896.1,lncRNA,0.0,0.0,0.0,0.0,0.5,0.0
AL157902.1,lncRNA,0.0,0.0,0.0,1.0,24.0,13.0
AL157904.1,lncRNA,0.0,1.0,0.0,0.0,2.0,1.0
AL157911.1,lncRNA,3.0,1.0,0.0,2.0,12.0,8.0
AL157912.1,lncRNA,0.0,0.0,0.0,0.0,0.0,2.0
AL157931.1,lncRNA,0.0,0.0,0.0,0.0,0.0,1.0
AL157931.2,lncRNA,0.0,0.0,0.0,2.0,0.0,0.0
AL157932.1,lncRNA,0.0,0.0,1.0,0.0,1.0,0.0
AL157935.1,lncRNA,2.0,8.0,6.0,7.0,32.0,39.0
AL157936.1,lncRNA,1.0,3.0,2.0,3.0,1.0,2.0
AL157937.1,lncRNA,0.0,0.0,0.0,1.0,0.0,0.0
AL157938.2,lncRNA,0.0,1.0,2.0,1.0,2.5,2.0
AL157938.3,lncRNA,0.0,1.0,2.0,0.5,10.0,16.5
AL157938.4,lncRNA,2.0,3.0,2.0,1.0,6.0,5.0
AL157944.1,lncRNA,3.0,6.0,0.0,5.0,8.0,13.0
AL157955.1,lncRNA,0.0,1.0,0.0,0.0,0.0,1.5
AL157996.2,lncRNA,0.0,0.0,0.0,1.0,1.0,2.0
AL158011.1,lncRNA,14.0,23.0,6.0,6.0,66.0,92.0
AL158013.1,lncRNA,0.0,0.0,0.0,2.0,4.0,5.0
AL158038.1,lncRNA,0.0,0.0,0.0,0.0,1.0,0.0
AL158042.1,lncRNA,0.0,0.0,0.0,1.0,0.0,0.0
AL158055.1,lncRNA,0.0,4.0,2.0,1.0,15.5,8.0
AL158058.1,lncRNA,0.0,0.0,0.0,0.0,1.0,1.0
AL158058.2,lncRNA,0.0,3.0,0.0,1.0,4.0,6.0
AL158064.1,lncRNA,8.0,8.0,6.0,13.0,39.0,28.0
AL158065.1,lncRNA,1.0,2.0,0.0,0.0,1.0,0.0
AL158066.1,lncRNA,2.0,2.5,3.0,0.5,6.33,6.67
AL158068.2,lncRNA,2.0,0.0,1.0,1.0,1.0,1.0
AL158070.1,lncRNA,0.0,1.0,0.0,2.0,1.5,5.5
AL158071.2,lncRNA,4.0,5.0,0.0,2.0,2.0,4.0
AL158071.3,lncRNA,1.5,2.0,0.0,1.0,11.0,11.5
AL158071.4,lncRNA,0.0,1.0,2.0,6.0,5.0,4.0
AL158077.2,lncRNA,0.0,0.0,1.0,1.0,2.0,5.0
AL158090.1,lncRNA,0.0,0.0,0.0,0.0,5.0,4.0
AL158136.1,lncRNA,1.0,3.0,3.0,0.0,2.0,4.0
AL158141.1,lncRNA,0.0,0.0,0.0,0.0,1.0,1.0
AL158147.1,lncRNA,47.0,30.0,45.5,34.5,67.0,40.0
AL158151.1,lncRNA,2.0,10.0,4.5,7.5,18.5,19.0
AL158151.2,lncRNA,0.0,1.0,0.0,0.0,0.5,0.0
AL158151.4,lncRNA,0.0,0.0,2.0,0.0,1.0,2.0
AL158154.2,lncRNA,0.0,0.0,0.0,0.0,1.0,1.0
AL158154.3,lncRNA,2.0,0.0,0.0,3.0,5.0,4.5
AL158163.1,lncRNA,2.0,0.0,0.0,2.0,12.0,2.0
AL158163.2,lncRNA,0.0,0.0,0.0,0.0,1.0,2.0
AL158166.1,lncRNA,0.0,0.0,0.0,0.0,0.0,2.0
AL158166.2,lncRNA,0.0,0.0,0.0,0.0,0.0,1.0
AL158167.1,lncRNA,0.0,1.0,0.0,0.0,1.0,1.0
AL158168.1,lncRNA,1.0,0.0,1.0,0.0,0.0,0.0
AL158175.1,lncRNA,0.0,1.0,1.0,2.5,4.0,4.0
AL158195.1,lncRNA,1.0,0.0,0.0,0.0,2.0,1.0
AL158196.1,lncRNA,2.0,0.0,0.0,0.0,1.0,0.0
AL158198.1,lncRNA,1.0,0.0,0.0,0.5,1.0,0.0
AL158198.2,lncRNA,0.0,0.0,0.0,2.0,5.0,2.0
AL158206.1,lncRNA,1.0,3.0,3.0,0.0,1.0,5.0
AL158207.2,lncRNA,0.0,1.0,3.0,0.0,7.0,1.0
AL158210.1,lncRNA,0.0,0.0,2.33,0.0,6.0,7.5
AL158211.3,lncRNA,0.0,1.0,1.0,0.0,4.0,3.0
AL158211.4,lncRNA,0.0,0.0,0.0,0.0,0.0,1.0
AL158212.1,lncRNA,0.0,0.0,0.0,0.0,2.0,0.0
AL158212.2,lncRNA,0.0,0.0,0.0,0.0,0.5,2.0
AL158212.3,lncRNA,5.0,2.0,0.0,1.0,8.0,7.0
AL158212.5,lncRNA,1.0,3.0,1.0,0.0,6.0,4.0
AL158216.1,lncRNA,0.0,0.0,1.0,0.0,0.0,1.0
AL158800.1,lncRNA,1.0,1.0,1.0,0.0,33.0,5.0
AL158801.2,lncRNA,5.0,2.0,4.0,7.0,15.0,18.0
AL158801.3,lncRNA,1.0,0.0,0.0,0.0,0.0,0.0
AL158817.1,lncRNA,1.0,1.0,3.0,0.0,4.0,2.0
AL158825.2,lncRNA,0.0,2.0,1.0,0.0,0.0,0.0
AL158828.1,lncRNA,0.0,0.0,0.0,0.0,1.0,3.0
AL158829.1,lncRNA,0.0,1.0,0.0,0.0,0.0,1.0
AL158832.2,lncRNA,0.0,0.0,0.0,1.0,1.0,1.0
AL158834.2,lncRNA,0.0,0.0,0.0,1.0,2.0,0.0
AL158835.1,lncRNA,1.5,1.5,5.0,4.5,9.0,8.0
AL158835.2,lncRNA,0.0,1.0,0.0,0.0,0.0,1.0
AL158837.1,lncRNA,0.0,0.0,1.0,0.0,0.0,0.0
AL158847.1,lncRNA,0.0,0.0,0.0,1.0,3.5,1.0
AL158850.1,lncRNA,0.5,0.5,0.5,0.5,5.0,9.5
AL159156.1,lncRNA,1.0,0.0,0.0,0.0,1.0,0.0
AL159158.1,lncRNA,1.0,1.0,0.0,0.0,1.0,1.0
AL159166.1,lncRNA,0.0,0.0,0.0,0.0,11.0,3.0
AL159169.2,lncRNA,0.0,0.0,0.0,0.0,0.0,2.0
AL159169.3,lncRNA,0.0,0.0,0.0,0.0,2.0,1.0
AL159174.1,lncRNA,0.0,0.5,1.0,2.0,2.0,0.0
AL159978.1,lncRNA,0.0,1.0,0.0,1.0,2.5,3.5
AL159996.1,lncRNA,3.0,4.0,3.0,2.0,12.0,15.0
AL160004.1,lncRNA,0.0,0.0,0.0,0.0,0.0,0.5
AL160006.1,lncRNA,2.0,1.5,2.5,9.5,10.0,7.5
AL160035.1,lncRNA,0.0,0.0,2.0,0.0,12.0,8.0
AL160153.1,lncRNA,3.0,1.0,1.5,1.0,0.5,1.5
AL160159.1,lncRNA,0.0,0.0,0.0,1.0,0.0,0.0
AL160163.1,lncRNA,0.0,1.0,0.0,2.0,0.0,0.0
AL160171.1,lncRNA,0.0,0.0,1.0,3.0,3.0,6.0
AL160191.1,lncRNA,2.0,0.0,1.0,2.0,3.0,5.0
AL160236.2,lncRNA,0.0,0.0,0.0,0.0,0.0,0.5
AL160237.1,lncRNA,3.0,4.0,5.0,8.0,6.0,17.0
AL160254.1,lncRNA,0.0,0.0,2.0,3.0,11.0,14.0
AL160262.1,lncRNA,0.0,1.0,0.0,0.0,0.0,4.0
AL160270.1,lncRNA,1.0,0.5,0.0,0.0,4.5,3.0
AL160271.2,lncRNA,0.0,0.0,0.0,1.0,3.0,0.0
AL160272.1,lncRNA,1.5,10.0,6.0,5.0,28.0,33.0
AL160286.2,lncRNA,18.0,45.0,12.0,140.0,3.0,47.0
AL160286.3,lncRNA,2.0,2.0,1.0,2.0,6.0,5.0
AL160290.1,lncRNA,0.0,0.0,1.0,0.0,3.0,3.0
AL160291.1,lncRNA,0.5,0.0,0.0,0.0,0.5,1.0
AL160313.1,lncRNA,0.0,0.0,3.0,0.0,10.0,7.0
AL160313.2,lncRNA,0.0,0.0,0.0,1.0,0.5,0.0
AL160314.2,lncRNA,0.0,4.0,0.0,3.0,5.0,2.0
AL160396.1,lncRNA,0.0,0.0,0.0,0.0,0.0,2.0
AL160396.2,lncRNA,2.0,1.0,0.0,4.0,0.0,0.0
AL160400.1,lncRNA,9.0,33.5,13.0,2.0,15.5,21.0
AL160408.1,lncRNA,0.0,0.5,2.0,1.0,8.0,2.0
AL160408.2,lncRNA,0.0,1.5,0.0,0.0,0.0,0.0
AL160408.3,lncRNA,1.0,4.0,0.0,1.0,7.0,5.0
AL160408.4,lncRNA,1.0,0.5,2.0,0.0,2.0,1.0
AL160408.5,lncRNA,0.0,0.0,0.0,0.0,1.0,0.0
AL160408.6,lncRNA,0.0,0.0,0.0,0.0,3.0,1.0
AL160410.1,lncRNA,0.0,0.0,1.0,5.0,3.0,2.0
AL160412.1,lncRNA,0.0,1.0,1.0,0.0,9.0,5.0
AL160413.1,lncRNA,0.0,0.0,0.0,1.0,1.0,0.0
AL161421.1,lncRNA,0.0,1.0,2.0,2.0,8.5,11.0
AL161430.1,lncRNA,0.0,0.0,0.0,0.0,0.0,1.0
AL161431.1,lncRNA,2.0,1.0,14.0,5.0,4.0,5.0
AL161443.1,lncRNA,2.0,0.0,0.0,0.0,2.0,1.0
AL161447.2,lncRNA,0.0,1.0,0.0,0.0,4.0,1.0
AL161449.2,lncRNA,1.0,3.0,2.0,1.0,5.0,5.0
AL161452.1,lncRNA,0.5,3.0,1.0,0.0,2.5,3.0
AL161457.1,lncRNA,0.0,0.0,0.0,0.0,1.0,0.0
AL161457.2,lncRNA,0.0,1.0,1.0,2.0,3.0,4.0
AL161616.2,lncRNA,1.0,0.0,0.0,0.0,0.0,0.0
AL161618.1,lncRNA,0.0,1.0,0.5,0.0,0.0,0.0
AL161628.1,lncRNA,0.0,0.0,0.0,0.0,1.0,1.0
AL161629.1,lncRNA,0.0,1.0,0.0,1.0,7.0,5.0
AL161630.1,lncRNA,0.0,0.0,0.0,0.0,1.0,2.0
AL161636.1,lncRNA,1.0,1.0,1.0,7.0,1.0,2.0
AL161638.2,lncRNA,2.0,0.0,0.0,0.0,0.0,3.0
AL161640.2,lncRNA,0.0,1.0,0.0,1.0,3.0,2.0
AL161640.3,lncRNA,5.0,3.0,5.0,1.0,6.0,5.0
AL161644.1,lncRNA,1.0,0.0,1.0,0.0,0.0,5.0
AL161645.1,lncRNA,0.0,0.0,1.0,1.0,3.5,5.0
AL161645.2,lncRNA,0.0,2.0,0.0,0.0,0.0,0.0
AL161646.1,lncRNA,0.0,0.0,0.0,2.0,1.0,2.0
AL161652.1,lncRNA,0.0,0.0,0.0,0.0,0.0,1.0
AL161662.1,lncRNA,1.0,1.0,0.0,0.0,12.0,9.0
AL161663.1,lncRNA,1.0,0.0,0.0,0.0,0.0,0.0
AL161663.2,lncRNA,1.0,0.0,0.0,0.0,3.0,6.5
AL161665.1,lncRNA,1.0,0.0,0.0,4.0,9.0,21.5
AL161665.2,lncRNA,0.0,0.0,1.0,0.0,1.0,1.0
AL161668.3,lncRNA,1.0,2.5,2.0,4.0,8.5,5.0
AL161668.4,lncRNA,0.0,1.33,1.33,1.33,1.33,4.33
AL161669.1,lncRNA,0.0,0.0,3.0,1.0,1.0,2.0
AL161669.3,lncRNA,0.0,0.0,0.0,0.0,1.0,0.0
AL161669.4,lncRNA,0.0,0.0,0.0,0.0,0.0,1.0
AL161714.1,lncRNA,0.0,1.0,1.0,0.0,0.0,0.0
AL161716.1,lncRNA,0.0,1.0,0.0,2.0,38.0,10.0
AL161717.1,lncRNA,1.0,0.0,1.0,1.0,30.0,23.0
AL161719.1,lncRNA,0.0,0.0,0.0,0.0,2.0,1.5
AL161725.1,lncRNA,5.0,2.0,7.0,17.0,81.0,55.0
AL161725.2,lncRNA,0.0,1.0,0.0,0.0,0.0,1.0
AL161729.1,lncRNA,1.5,1.0,8.5,11.5,20.0,18.0
AL161729.2,lncRNA,1.0,0.0,0.0,2.0,2.0,1.0
AL161729.3,lncRNA,0.0,0.0,0.0,0.0,2.0,1.0
AL161729.4,lncRNA,0.0,0.0,0.0,3.0,0.0,0.0
AL161731.1,lncRNA,1.0,2.0,0.0,0.0,7.0,8.0
AL161733.1,lncRNA,1.0,2.0,0.0,0.0,0.0,0.0
AL161734.1,lncRNA,0.0,1.0,0.0,0.0,0.0,0.0
AL161734.2,lncRNA,0.0,0.0,0.0,0.0,3.0,5.0
AL161740.1,lncRNA,0.0,0.0,0.0,1.0,0.0,0.0
AL161747.2,lncRNA,0.0,0.0,0.0,0.0,0.0,3.5
AL161753.1,lncRNA,0.0,0.0,1.0,3.0,1.0,2.0
AL161756.1,lncRNA,3.0,12.0,0.0,5.0,3.5,2.0
AL161756.3,lncRNA,8.0,20.0,1.0,5.0,1.0,8.0
AL161757.2,lncRNA,0.0,0.0,0.0,0.0,1.0,0.0
AL161757.3,lncRNA,0.0,0.0,0.0,0.0,0.0,1.0
AL161757.4,lncRNA,0.0,0.0,2.0,1.0,5.0,7.0
AL161757.5,lncRNA,0.0,4.0,0.0,0.0,1.0,0.0
AL161772.1,lncRNA,8.5,4.0,5.5,20.0,9.0,13.5
AL161781.1,lncRNA,0.0,1.0,0.0,0.0,1.5,1.0
AL161782.1,lncRNA,0.0,2.0,2.0,0.0,0.0,0.0
AL161785.1,lncRNA,3.0,2.0,1.0,3.0,6.0,6.0
AL161793.1,lncRNA,0.0,5.0,0.0,0.0,0.0,0.0
AL161797.1,lncRNA,1.0,1.0,1.0,1.0,2.0,1.0
AL161804.1,lncRNA,0.0,1.0,0.0,2.0,0.5,1.0
AL161851.1,lncRNA,0.0,0.0,1.0,0.0,0.0,0.0
AL161891.1,lncRNA,1.0,0.0,2.0,1.0,4.0,3.0
AL161893.1,lncRNA,2.0,8.0,4.0,0.0,15.0,13.0
AL161908.1,lncRNA,1.0,0.0,0.0,2.0,9.0,4.0
AL161909.2,lncRNA,0.0,0.0,0.0,1.0,0.0,3.0
AL161910.1,lncRNA,4.0,1.0,3.0,4.0,13.0,15.0
AL161912.1,lncRNA,0.0,0.0,0.0,0.0,0.0,3.0
AL161912.2,lncRNA,0.0,0.0,1.0,0.0,1.0,1.0
AL161935.1,lncRNA,1.0,2.0,3.0,1.0,31.0,21.0
AL161935.3,lncRNA,1.0,0.0,0.0,0.0,4.0,7.0
AL161937.1,lncRNA,1.0,0.0,0.0,0.0,5.0,6.0
AL161938.1,lncRNA,1.0,2.0,2.0,1.0,5.0,7.0
AL161941.1,lncRNA,4.0,5.0,0.0,0.0,3.0,3.0
AL162151.1,lncRNA,0.0,1.0,0.0,0.0,0.0,0.0
AL162151.3,lncRNA,3.0,1.0,2.0,1.0,3.0,3.0
AL162171.1,lncRNA,0.0,0.0,0.0,0.0,4.0,3.0
AL162171.2,lncRNA,0.0,1.0,0.0,0.0,1.0,0.0
AL162171.3,lncRNA,0.0,1.0,1.0,11.0,3.0,4.0
AL162231.2,lncRNA,0.0,0.67,0.67,0.0,0.0,4.33
AL162231.4,lncRNA,2.0,1.17,2.17,2.0,9.5,16.83
AL162231.5,lncRNA,0.0,0.0,0.0,0.0,0.0,1.0
AL162253.1,lncRNA,0.0,0.0,1.0,0.0,0.0,0.0
AL162253.2,lncRNA,1.0,1.0,1.0,0.0,10.0,13.0
AL162258.1,lncRNA,0.0,0.0,0.33,1.0,1.0,1.83
AL162258.2,lncRNA,0.0,0.0,0.33,0.0,2.0,2.5
AL162274.1,lncRNA,0.0,0.0,0.0,0.0,2.0,2.0
AL162274.2,lncRNA,0.0,0.0,1.0,0.0,0.0,1.0
AL162293.1,lncRNA,0.0,0.0,1.0,0.0,7.0,7.0
AL162311.1,lncRNA,0.0,0.0,0.0,0.0,0.0,1.0
AL162311.3,lncRNA,2.0,2.0,3.5,2.0,17.0,9.0
AL162377.1,lncRNA,1.0,0.0,1.5,0.0,13.0,12.5
AL162384.1,lncRNA,0.0,1.0,0.0,0.0,0.0,1.0
AL162385.1,lncRNA,0.0,0.0,2.0,0.0,6.0,2.0
AL162386.2,lncRNA,0.0,0.0,0.0,1.0,1.0,3.0
AL162388.2,lncRNA,1.0,5.0,2.0,7.0,13.0,23.0
AL162390.1,lncRNA,143.5,37.0,61.5,80.5,273.0,54.0
AL162391.1,lncRNA,0.0,7.0,0.0,6.0,7.0,5.0
AL162391.2,lncRNA,2.0,1.0,1.0,0.0,5.0,7.0
AL162394.1,lncRNA,1.0,0.0,0.0,1.0,3.0,0.0
AL162400.1,lncRNA,0.0,0.0,0.0,0.0,0.0,1.0
AL162400.2,lncRNA,0.0,0.0,0.0,0.0,0.0,1.0
AL162400.3,lncRNA,0.0,0.0,0.0,0.0,3.0,0.5
AL162411.1,lncRNA,0.0,0.0,0.0,0.0,1.0,1.0
AL162412.1,lncRNA,0.0,0.0,1.0,0.0,8.0,5.0
AL162414.1,lncRNA,1.0,0.0,0.0,0.0,1.0,0.0
AL162419.1,lncRNA,0.0,0.0,0.0,0.0,1.0,0.0
AL162424.1,lncRNA,0.0,0.0,6.0,0.0,0.0,0.0
AL162425.1,lncRNA,0.0,0.0,0.0,4.0,0.0,1.0
AL162426.1,lncRNA,0.0,0.0,0.0,0.0,0.58,0.83
AL162427.1,lncRNA,7.0,11.0,6.0,7.0,51.0,88.0
AL162431.1,lncRNA,0.0,0.0,0.0,2.5,0.5,0.5
AL162456.1,lncRNA,0.0,0.0,0.0,0.0,1.0,1.0
AL162457.1,lncRNA,2.0,4.0,3.0,3.0,10.0,14.0
AL162457.2,lncRNA,1.0,1.0,2.0,5.0,124.0,87.0
AL162458.1,lncRNA,9.0,10.0,3.0,4.0,27.5,22.0
AL162464.1,lncRNA,0.0,2.0,0.0,0.0,0.0,2.0
AL162464.2,lncRNA,0.0,0.0,0.0,1.0,1.0,1.0
AL162493.1,lncRNA,0.0,0.0,0.0,0.0,4.0,6.0
AL162497.1,lncRNA,0.0,3.0,1.0,0.5,3.5,2.0
AL162511.1,lncRNA,1.0,4.0,3.0,10.0,0.0,2.0
AL162573.1,lncRNA,1.0,0.0,0.0,0.0,0.0,0.0
AL162574.1,lncRNA,5.0,5.0,0.0,1.0,2.0,5.0
AL162582.1,lncRNA,2.0,0.0,0.0,0.0,3.0,1.0
AL162584.1,lncRNA,0.0,0.0,0.0,0.0,2.0,0.0
AL162585.1,lncRNA,0.0,0.0,0.0,0.0,1.0,0.0
AL162586.1,lncRNA,2.0,0.0,0.5,1.0,5.0,6.0
AL162586.2,lncRNA,1.0,5.0,4.0,5.0,9.0,11.5
AL162591.2,lncRNA,0.0,0.5,0.0,0.0,1.0,2.0
AL162595.1,lncRNA,2.0,3.5,5.0,12.5,12.0,20.0
AL162595.2,lncRNA,1.0,0.0,2.0,0.0,7.0,5.0
AL162632.1,lncRNA,0.0,0.0,0.0,0.0,1.0,0.0
AL162632.3,lncRNA,1.0,0.0,0.0,0.0,0.0,1.0
AL162713.1,lncRNA,0.0,1.0,1.0,0.0,0.0,0.0
AL162713.2,lncRNA,1.0,6.0,2.0,2.5,6.0,6.0
AL162717.1,lncRNA,0.0,1.0,0.0,0.0,5.0,2.0
AL162718.1,lncRNA,3.0,1.0,2.0,2.0,9.0,10.0
AL162718.2,lncRNA,0.0,1.0,1.0,0.0,4.0,3.0
AL162718.3,lncRNA,0.0,1.0,2.0,2.0,10.0,4.0
AL162719.1,lncRNA,2.0,0.0,0.0,0.0,2.0,3.0
AL162724.1,lncRNA,0.0,0.0,0.0,0.0,0.0,1.0
AL162724.2,lncRNA,2.0,2.0,5.0,3.0,2.0,0.0
AL162725.2,lncRNA,0.0,1.0,0.0,2.0,2.0,5.0
AL162726.1,lncRNA,0.0,1.0,0.0,0.0,0.0,1.0
AL162726.4,lncRNA,0.0,1.0,1.0,0.0,2.0,0.0
AL162727.1,lncRNA,1.0,0.0,0.0,1.0,7.0,4.0
AL162727.2,lncRNA,0.0,0.0,0.0,0.0,1.0,1.0
AL162731.1,lncRNA,3.0,3.0,1.0,1.0,1.0,0.0
AL162741.1,lncRNA,1.0,0.0,0.0,0.0,1.0,5.0
AL163051.1,lncRNA,4.5,1.0,5.0,1.0,7.0,7.5
AL163192.1,lncRNA,0.0,2.0,0.0,1.0,2.0,4.0
AL163195.2,lncRNA,0.0,0.0,1.0,0.0,2.5,5.5
AL163534.1,lncRNA,0.0,2.0,0.0,0.0,4.0,1.0
AL163541.1,lncRNA,0.0,0.0,0.0,1.0,5.0,3.0
AL163872.1,lncRNA,0.0,0.0,1.0,1.5,4.0,7.0
AL163932.1,lncRNA,0.0,0.0,0.0,0.0,3.0,1.0
AL163952.1,lncRNA,1.0,2.0,0.0,0.0,7.0,3.0
AL163953.1,lncRNA,0.0,0.0,0.0,0.0,1.0,0.0
AL163973.2,lncRNA,0.0,0.0,0.0,0.0,1.0,0.0
AL163974.1,lncRNA,0.0,0.0,0.0,0.0,0.0,1.0
AL352955.1,lncRNA,0.0,0.0,0.0,0.0,0.0,1.0
AL352979.2,lncRNA,0.0,0.0,0.0,0.0,0.5,0.0
AL352979.4,lncRNA,0.0,0.0,1.0,4.0,3.0,1.0
AL353052.1,lncRNA,0.0,0.0,2.0,0.0,0.0,2.0
AL353052.2,lncRNA,0.0,1.0,2.0,3.0,3.0,5.0
AL353072.2,lncRNA,1.0,0.0,0.0,0.0,0.0,0.0
AL353135.1,lncRNA,0.0,0.0,0.0,0.0,3.0,7.0
AL353135.2,lncRNA,0.0,2.0,3.0,2.0,3.0,5.0
AL353138.1,lncRNA,0.0,1.0,0.5,0.0,1.0,0.0
AL353147.1,lncRNA,5.0,0.0,3.0,2.0,18.5,11.0
AL353150.1,lncRNA,0.0,0.0,0.0,1.0,4.0,2.0
AL353151.2,lncRNA,1.0,0.5,0.5,12.0,13.0,8.0
AL353152.1,lncRNA,0.0,1.0,1.0,0.0,1.0,1.0
AL353152.2,lncRNA,0.0,4.0,11.0,0.0,14.0,5.0
AL353572.4,lncRNA,0.0,1.0,1.0,0.0,0.0,0.0
AL353576.1,lncRNA,5.5,13.5,4.0,19.5,34.0,41.5
AL353581.1,lncRNA,1.5,1.0,0.5,2.0,4.0,3.5
AL353586.1,lncRNA,0.0,1.0,0.0,1.0,8.5,7.5
AL353593.1,lncRNA,39.0,11.0,7.0,8.0,23.0,23.5
AL353593.2,lncRNA,0.0,1.0,1.0,1.0,3.0,0.0
AL353593.3,lncRNA,2.0,3.0,0.0,5.0,1.0,1.0
AL353595.1,lncRNA,1.0,2.0,0.5,0.0,0.0,0.0
AL353596.1,lncRNA,1.0,0.0,0.0,0.0,1.0,1.0
AL353597.1,lncRNA,0.0,0.0,2.0,0.0,7.0,2.0
AL353600.1,lncRNA,0.0,0.0,0.0,0.0,1.0,0.0
AL353600.2,lncRNA,0.0,1.0,0.0,1.0,0.0,4.0
AL353604.1,lncRNA,1.0,1.0,0.0,7.0,36.0,27.0
AL353608.3,lncRNA,2.0,6.0,6.5,24.0,11.0,16.0
AL353611.1,lncRNA,4.0,3.0,3.0,4.0,12.0,7.0
AL353612.1,lncRNA,0.0,0.0,0.0,1.0,1.0,0.0
AL353612.2,lncRNA,0.0,0.0,1.0,0.0,0.0,0.5
AL353613.1,lncRNA,1.0,0.0,0.0,1.0,2.0,1.0
AL353615.1,lncRNA,0.0,1.0,0.0,1.0,2.0,1.0
AL353622.1,lncRNA,332.0,218.0,160.0,396.0,859.0,356.0
AL353622.2,lncRNA,1.0,0.0,3.0,4.0,8.0,4.0
AL353626.1,lncRNA,0.0,0.0,0.0,0.0,1.0,0.0
AL353633.1,lncRNA,0.0,0.0,0.0,0.0,1.0,0.0
AL353637.2,lncRNA,0.0,6.0,6.0,5.0,20.0,26.0
AL353648.1,lncRNA,1.0,5.0,0.0,3.0,7.0,7.0
AL353658.1,lncRNA,0.0,1.0,1.0,0.0,7.0,0.0
AL353660.1,lncRNA,0.0,0.0,0.0,0.0,9.0,7.0
AL353680.1,lncRNA,0.0,0.0,0.0,0.0,0.0,1.0
AL353681.1,lncRNA,0.0,1.0,0.0,0.0,3.5,1.0
AL353688.1,lncRNA,0.0,0.0,0.0,0.0,0.0,2.0
AL353689.2,lncRNA,0.0,0.0,0.0,0.5,0.0,0.0
AL353689.3,lncRNA,0.0,2.0,1.0,0.0,4.0,2.0
AL353693.1,lncRNA,0.0,0.0,0.0,2.0,1.0,0.0
AL353697.1,lncRNA,0.0,0.0,1.0,0.0,2.0,0.0
AL353699.1,lncRNA,0.0,0.0,0.0,0.0,0.0,1.0
AL353704.1,lncRNA,0.0,0.0,0.0,0.0,2.0,3.0
AL353704.2,lncRNA,0.0,2.0,0.0,0.0,0.5,0.5
AL353708.1,lncRNA,0.0,0.0,2.0,0.0,3.0,2.0
AL353708.3,lncRNA,1.0,0.0,1.0,0.0,3.0,3.5
AL353709.1,lncRNA,2.0,3.0,0.0,0.0,7.0,1.0
AL353719.1,lncRNA,2.0,2.0,5.0,0.0,20.0,12.0
AL353730.1,lncRNA,1.0,2.0,2.0,2.0,10.0,3.0
AL353732.1,lncRNA,1.0,0.0,2.0,0.0,3.0,4.0
AL353732.2,lncRNA,2.5,3.0,1.5,3.0,10.0,5.0
AL353740.1,lncRNA,0.0,0.0,0.0,3.0,0.0,0.0
AL353742.1,lncRNA,0.0,0.0,0.0,0.0,1.0,0.0
AL353743.2,lncRNA,0.0,7.0,2.0,16.0,4.0,10.0
AL353746.1,lncRNA,0.0,2.0,3.0,0.0,6.0,4.0
AL353747.3,lncRNA,0.0,0.0,1.0,1.0,5.0,1.0
AL353748.3,lncRNA,3.0,5.0,3.0,0.0,20.0,27.0
AL353751.1,lncRNA,0.0,0.0,0.0,0.0,2.0,2.0
AL353752.2,lncRNA,3.0,0.0,1.0,3.0,2.0,2.0
AL353753.1,lncRNA,1.0,0.0,1.0,0.0,0.0,2.0
AL353759.1,lncRNA,1.5,3.0,0.5,3.5,9.5,12.0
AL353768.1,lncRNA,0.0,1.0,0.0,1.0,1.5,0.5
AL353768.2,lncRNA,0.0,0.0,0.0,0.0,2.0,1.0
AL353770.3,lncRNA,0.0,0.0,0.0,0.0,0.5,2.0
AL353770.4,lncRNA,0.0,2.0,1.0,1.0,0.0,1.0
AL353771.1,lncRNA,0.0,0.0,0.0,0.0,1.0,1.0
AL353774.1,lncRNA,0.0,0.0,0.0,1.0,2.0,3.0
AL353784.1,lncRNA,1.0,0.0,1.0,0.0,1.0,1.0
AL353789.1,lncRNA,0.0,0.0,0.0,6.0,3.0,2.0
AL353795.2,lncRNA,0.0,0.5,0.0,0.5,2.0,4.0
AL353796.1,lncRNA,3.0,1.0,1.0,4.0,6.0,8.0
AL353796.2,lncRNA,0.0,1.0,0.0,2.0,0.0,0.0
AL353801.2,lncRNA,0.0,0.0,1.0,0.0,5.0,5.0
AL353801.3,lncRNA,0.0,0.0,0.0,0.0,3.5,0.5
AL353803.1,lncRNA,1.0,1.0,2.0,2.0,5.0,3.5
AL353803.2,lncRNA,1.0,0.0,0.0,2.0,3.0,1.5
AL353803.4,lncRNA,2.0,0.0,1.0,2.0,19.0,25.0
AL353803.5,lncRNA,0.0,0.0,1.0,0.0,0.0,0.0
AL353804.1,lncRNA,0.0,0.0,0.0,6.0,0.0,0.0
AL353804.2,lncRNA,0.0,0.0,0.0,0.0,1.0,0.0
AL353807.2,lncRNA,0.0,0.0,0.0,0.0,1.0,0.5
AL353811.1,lncRNA,0.0,0.0,0.0,4.0,2.0,0.0
AL353997.2,lncRNA,2.33,4.0,6.0,4.0,43.5,15.0
AL354674.1,lncRNA,0.0,1.0,2.0,0.0,4.0,3.0
AL354696.2,lncRNA,0.0,2.5,0.0,3.5,6.0,2.0
AL354702.1,lncRNA,0.0,2.0,1.0,1.0,6.0,4.0
AL354707.1,lncRNA,1.0,11.0,0.0,4.0,6.0,7.0
AL354710.2,lncRNA,1.0,0.0,1.0,0.0,2.0,0.0
AL354712.1,lncRNA,0.0,1.0,0.5,0.0,3.5,0.0
AL354714.1,lncRNA,0.0,0.0,1.5,0.0,3.0,2.0
AL354714.3,lncRNA,0.0,0.0,0.0,0.0,2.0,0.0
AL354718.2,lncRNA,0.0,0.0,0.0,0.0,1.0,0.0
AL354733.1,lncRNA,0.0,0.5,1.0,0.0,7.83,11.5
AL354733.2,lncRNA,0.0,6.0,0.0,3.0,6.33,12.0
AL354733.3,lncRNA,0.0,0.0,0.0,0.5,0.5,0.5
AL354740.1,lncRNA,2.5,8.67,7.33,10.0,78.67,59.5
AL354741.1,lncRNA,1.0,0.0,0.0,1.0,0.0,0.0
AL354743.1,lncRNA,1.0,0.0,1.0,8.0,10.0,2.0
AL354743.2,lncRNA,0.0,0.0,0.0,0.0,2.0,6.0
AL354754.1,lncRNA,0.5,1.0,0.0,0.0,1.0,0.0
AL354760.1,lncRNA,0.0,0.0,0.0,0.0,1.0,0.0
AL354766.2,lncRNA,0.0,0.0,0.0,0.0,3.0,1.0
AL354771.1,lncRNA,0.0,0.0,0.0,0.0,1.5,0.0
AL354793.1,lncRNA,1.0,0.0,0.0,2.0,0.0,0.0
AL354809.1,lncRNA,3.0,3.5,1.0,9.0,17.0,13.5
AL354810.1,lncRNA,0.0,2.0,0.0,1.0,1.0,2.0
AL354811.1,lncRNA,3.0,1.5,1.0,1.0,3.5,1.5
AL354811.2,lncRNA,1.0,2.0,0.0,2.0,2.0,4.0
AL354813.1,lncRNA,1.5,0.5,1.5,0.5,14.0,15.0
AL354821.1,lncRNA,1.0,0.0,0.0,0.0,10.0,2.0
AL354824.1,lncRNA,0.0,1.0,2.0,0.5,1.0,1.5
AL354824.2,lncRNA,0.0,1.0,2.0,0.5,2.0,5.0
AL354833.1,lncRNA,2.5,5.5,1.0,8.0,24.5,12.0
AL354836.1,lncRNA,0.0,0.5,0.0,0.0,1.0,1.0
AL354861.2,lncRNA,0.0,2.0,0.0,0.0,4.0,0.0
AL354861.3,lncRNA,2.0,3.0,0.0,1.0,2.0,5.0
AL354863.1,lncRNA,0.0,2.0,0.0,0.0,6.0,9.0
AL354864.1,lncRNA,0.0,0.0,0.0,0.0,1.0,0.0
AL354872.1,lncRNA,0.0,0.0,2.0,0.0,0.0,2.0
AL354892.1,lncRNA,0.0,0.0,0.0,0.0,1.0,0.0
AL354892.2,lncRNA,0.0,0.0,0.0,0.0,4.5,0.0
AL354892.3,lncRNA,1.0,2.0,0.0,5.0,1.0,0.0
AL354893.2,lncRNA,0.0,0.0,0.5,0.0,0.0,0.0
AL354897.1,lncRNA,0.0,0.0,1.0,0.0,0.0,0.0
AL354897.2,lncRNA,0.0,1.0,0.0,0.0,1.0,0.0
AL354916.1,lncRNA,0.0,0.0,1.0,0.0,3.0,0.0
AL354919.1,lncRNA,0.0,7.0,3.0,0.0,6.0,6.0
AL354919.2,lncRNA,0.0,1.0,0.0,0.0,11.0,5.0
AL354920.1,lncRNA,1.0,0.0,0.0,1.0,0.0,4.0
AL354928.1,lncRNA,3.0,2.0,2.0,0.0,2.0,0.0
AL354936.1,lncRNA,1.0,1.0,0.0,0.0,0.0,5.0
AL354950.1,lncRNA,0.0,0.0,0.0,0.0,1.0,0.0
AL354950.2,lncRNA,0.0,0.5,0.0,0.0,0.0,0.0
AL354950.3,lncRNA,0.0,0.0,0.5,0.0,6.0,1.0
AL354953.1,lncRNA,1.0,0.0,0.0,0.0,1.5,0.0
AL354956.1,lncRNA,0.0,2.5,0.0,1.0,0.0,0.0
AL354977.1,lncRNA,0.0,1.0,0.0,0.0,2.0,5.0
AL354977.2,lncRNA,1.0,0.0,0.0,0.0,1.0,0.0
AL354979.1,lncRNA,0.0,0.0,0.0,0.0,2.0,3.0
AL354984.1,lncRNA,0.0,0.0,0.0,0.0,2.0,3.0
AL354984.2,lncRNA,3.0,2.0,0.0,0.0,6.0,6.0
AL354993.1,lncRNA,2.0,2.0,3.0,0.0,3.0,3.0
AL354993.2,lncRNA,0.0,0.0,0.0,0.0,1.0,0.0
AL355001.1,lncRNA,0.0,2.0,0.0,0.0,0.0,0.0
AL355001.2,lncRNA,5.0,2.0,13.0,3.0,13.0,7.0
AL355053.1,lncRNA,1.0,1.0,2.0,0.0,1.0,1.0
AL355073.1,lncRNA,0.0,0.0,3.0,0.0,3.0,5.0
AL355075.3,lncRNA,0.0,0.0,0.0,0.0,0.0,0.5
AL355075.4,lncRNA,768.5,72.0,922.0,1869.0,243.5,238.0
AL355075.6,lncRNA,0.0,0.0,0.0,0.0,1.0,1.0
AL355076.2,lncRNA,1.0,3.0,0.0,0.0,9.0,6.0
AL355095.1,lncRNA,0.0,0.0,0.0,1.0,0.0,0.0
AL355096.1,lncRNA,0.0,1.0,0.0,0.0,2.0,3.0
AL355097.1,lncRNA,1.0,0.0,0.0,0.0,0.0,1.0
AL355102.1,lncRNA,2.0,0.0,0.0,0.0,0.0,1.0
AL355102.3,lncRNA,0.0,0.0,2.0,2.0,1.0,0.0
AL355102.4,lncRNA,0.0,0.5,1.0,0.0,0.0,2.0
AL355102.5,lncRNA,0.0,2.0,0.0,0.0,2.0,1.0
AL355103.1,lncRNA,0.0,9.0,3.0,0.0,3.0,5.0
AL355112.1,lncRNA,2.0,0.0,0.0,0.0,0.0,0.0
AL355140.1,lncRNA,0.0,0.0,0.0,1.0,0.0,0.0
AL355297.1,lncRNA,0.0,0.0,0.0,0.0,0.0,1.0
AL355297.2,lncRNA,0.0,1.0,0.0,0.0,2.0,2.0
AL355297.3,lncRNA,8.5,0.5,1.5,1.0,3.5,4.0
AL355300.1,lncRNA,0.0,0.0,0.0,0.0,0.0,1.0
AL355303.1,lncRNA,3.0,0.0,0.0,0.0,1.0,1.0
AL355304.1,lncRNA,3.0,4.0,0.0,4.0,10.0,4.5
AL355306.2,lncRNA,3.0,5.0,2.0,3.0,21.0,17.0
AL355310.1,lncRNA,0.0,0.5,0.0,0.0,0.5,0.0
AL355310.2,lncRNA,0.0,0.0,0.0,0.5,1.0,0.5
AL355310.3,lncRNA,0.0,1.0,0.0,1.0,5.0,2.5
AL355312.2,lncRNA,2.5,0.5,0.0,2.5,0.0,0.0
AL355312.3,lncRNA,0.0,0.0,0.0,0.0,1.0,0.0
AL355312.4,lncRNA,2.5,0.5,0.0,0.5,0.0,0.0
AL355334.2,lncRNA,0.0,1.0,0.0,0.0,7.0,7.0
AL355336.1,lncRNA,0.0,6.0,1.0,5.0,7.0,12.0
AL355337.1,lncRNA,1.0,7.0,2.0,4.0,13.0,8.0
AL355338.1,lncRNA,0.0,3.0,0.0,2.0,6.0,11.0
AL355347.1,lncRNA,0.0,0.0,0.0,1.0,2.0,1.0
AL355353.1,lncRNA,0.0,0.0,2.0,0.0,4.0,3.0
AL355361.1,lncRNA,0.0,1.0,1.0,2.0,8.0,3.0
AL355376.1,lncRNA,0.5,1.0,0.5,1.0,0.0,0.0
AL355377.3,lncRNA,0.0,0.0,0.0,0.0,0.0,3.0
AL355377.4,lncRNA,0.0,0.0,0.0,1.0,1.0,1.0
AL355385.1,lncRNA,0.0,0.0,0.0,0.0,0.0,2.0
AL355388.1,lncRNA,3.0,5.0,0.0,5.0,27.5,31.0
AL355390.1,lncRNA,1.0,2.0,1.0,1.0,9.0,4.0
AL355390.2,lncRNA,0.0,0.0,0.0,1.0,0.0,0.0
AL355432.1,lncRNA,0.0,0.0,0.0,0.0,2.0,0.0
AL355472.2,lncRNA,0.5,0.0,0.5,2.0,4.5,5.0
AL355472.3,lncRNA,0.0,0.0,0.0,0.0,2.0,0.0
AL355474.1,lncRNA,0.0,0.0,0.0,0.0,4.0,0.0
AL355481.1,lncRNA,2.0,3.0,1.0,0.0,5.5,9.0
AL355482.1,lncRNA,1.0,0.0,0.0,2.0,0.0,0.0
AL355482.2,lncRNA,0.0,1.0,0.0,1.0,8.0,1.0
AL355483.1,lncRNA,0.0,1.5,0.0,1.0,5.5,3.0
AL355488.1,lncRNA,0.0,1.0,3.0,1.0,7.0,7.0
AL355490.1,lncRNA,3.0,3.0,3.0,2.0,17.5,12.0
AL355490.2,lncRNA,0.0,0.0,2.0,2.0,1.5,0.5
AL355497.2,lncRNA,1.0,1.0,1.0,1.0,1.0,2.0
AL355499.1,lncRNA,1.0,0.0,0.0,4.0,8.0,14.5
AL355499.2,lncRNA,0.0,0.0,0.0,0.0,1.0,0.0
AL355501.1,lncRNA,2.0,0.0,0.0,1.0,1.0,1.0
AL355516.1,lncRNA,1.0,0.0,1.0,2.0,3.0,2.0
AL355526.1,lncRNA,1.0,1.0,0.0,0.0,0.0,0.0
AL355531.1,lncRNA,0.0,0.0,0.0,2.0,2.0,5.0
AL355537.1,lncRNA,0.0,2.0,1.0,0.0,1.0,0.0
AL355537.2,lncRNA,1.0,0.0,0.0,0.0,1.0,8.0
AL355538.1,lncRNA,3.0,0.0,0.0,0.0,5.0,6.0
AL355574.1,lncRNA,11.0,1.0,4.0,0.0,20.0,2.0
AL355578.1,lncRNA,0.0,1.0,0.0,0.0,2.0,1.0
AL355581.1,lncRNA,0.5,1.0,1.0,5.0,4.5,10.0
AL355596.1,lncRNA,1.0,0.0,1.0,0.0,3.0,2.0
AL355596.2,lncRNA,0.0,0.0,0.0,1.0,3.0,2.0
AL355597.1,lncRNA,0.0,2.0,0.0,0.0,0.0,1.0
AL355601.1,lncRNA,0.0,1.0,0.0,0.0,0.0,0.0
AL355602.1,lncRNA,0.0,0.0,2.0,4.0,4.0,2.0
AL355607.1,lncRNA,0.0,1.0,0.0,0.0,0.0,1.0
AL355607.2,lncRNA,0.0,1.0,0.0,0.0,3.0,2.0
AL355612.1,lncRNA,1.0,0.0,0.0,1.0,0.0,1.0
AL355613.1,lncRNA,0.0,0.0,0.0,0.0,1.0,0.0
AL355672.1,lncRNA,1.0,0.0,0.0,0.0,1.0,0.0
AL355674.1,lncRNA,1.0,0.0,3.0,1.0,8.0,0.0
AL355677.1,lncRNA,0.0,0.0,0.0,1.0,1.0,3.0
AL355773.1,lncRNA,0.0,0.0,0.0,0.0,2.0,0.0
AL355802.3,lncRNA,0.0,0.0,1.0,0.0,0.5,1.0
AL355803.1,lncRNA,1.0,0.0,0.0,0.0,1.0,0.0
AL355816.2,lncRNA,0.0,0.0,0.0,0.0,3.0,0.5
AL355834.1,lncRNA,0.0,1.0,4.0,1.0,2.0,3.0
AL355834.2,lncRNA,0.0,0.0,0.0,3.0,0.0,0.0
AL355835.1,lncRNA,0.0,2.0,4.0,6.0,0.0,6.0
AL355836.2,lncRNA,2.0,2.0,1.0,4.0,5.0,5.0
AL355836.3,lncRNA,0.0,0.0,0.0,0.0,2.0,2.0
AL355836.4,lncRNA,0.0,3.0,1.0,2.0,1.0,5.0
AL355838.1,lncRNA,0.0,2.0,2.0,0.0,15.0,14.0
AL355870.1,lncRNA,0.0,0.0,0.0,0.0,0.0,1.0
AL355870.2,lncRNA,0.0,0.0,0.0,0.0,2.0,2.0
AL355881.1,lncRNA,7.0,0.0,2.0,0.0,8.0,5.0
AL355916.1,lncRNA,0.0,0.0,0.0,0.0,0.0,3.0
AL355916.2,lncRNA,0.0,4.0,1.0,0.0,4.0,2.0
AL355922.1,lncRNA,2.0,1.0,0.0,0.0,1.0,0.0
AL355922.3,lncRNA,0.0,1.0,0.0,0.0,1.0,1.0
AL355922.4,lncRNA,0.0,0.0,0.0,1.0,2.0,0.0
AL355974.1,lncRNA,1.0,1.0,0.0,0.0,6.0,1.0
AL355981.1,lncRNA,1.0,0.0,0.0,1.0,2.0,0.0
AL355987.2,lncRNA,0.0,0.0,0.5,0.0,3.08,1.5
AL355987.4,lncRNA,6.0,6.0,8.83,14.5,37.42,22.5
AL355994.3,lncRNA,0.0,0.0,0.0,0.0,0.5,0.5
AL355997.1,lncRNA,0.0,0.0,0.0,0.0,1.0,1.0
AL355999.1,lncRNA,0.0,0.0,0.0,0.0,9.5,8.5
AL356010.2,lncRNA,3.0,2.0,0.0,0.0,0.0,1.0
AL356017.1,lncRNA,1.0,0.0,1.5,0.0,1.0,0.5
AL356019.1,lncRNA,0.0,0.0,0.5,0.0,1.5,3.5
AL356019.2,lncRNA,0.0,1.0,0.0,4.0,1.0,0.0
AL356020.1,lncRNA,1.0,1.0,1.0,2.0,2.0,7.0
AL356022.1,lncRNA,0.0,0.0,0.0,0.0,0.0,1.0
AL356056.1,lncRNA,1.5,0.0,0.0,1.5,4.0,2.0
AL356056.2,lncRNA,3.0,7.0,1.0,1.0,12.5,15.0
AL356094.2,lncRNA,2.0,5.0,0.0,1.0,3.0,5.0
AL356108.1,lncRNA,3.0,3.0,0.0,2.0,3.0,3.0
AL356113.1,lncRNA,0.0,0.0,0.0,2.0,2.0,3.0
AL356123.1,lncRNA,1.0,3.0,3.0,0.0,11.0,2.0
AL356123.2,lncRNA,0.0,0.0,0.0,0.0,6.0,3.0
AL356124.1,lncRNA,5.0,3.0,3.0,3.0,9.0,4.5
AL356124.2,lncRNA,1.0,0.0,0.0,0.0,0.0,0.0
AL356130.1,lncRNA,2.0,4.0,60.0,2.0,2.0,1.0
AL356134.1,lncRNA,0.0,0.0,0.5,0.0,0.0,1.0
AL356157.1,lncRNA,1.0,0.0,0.0,0.0,1.0,1.0
AL356157.3,lncRNA,0.0,0.0,1.0,2.0,4.0,2.0
AL356215.1,lncRNA,0.0,3.0,1.0,0.0,4.0,3.0
AL356218.2,lncRNA,1.0,0.0,0.0,5.0,1.0,4.0
AL356234.2,lncRNA,1.0,0.0,0.0,0.0,4.0,3.0
AL356234.3,lncRNA,0.0,1.0,0.0,0.0,1.0,0.0
AL356259.1,lncRNA,0.0,1.0,0.0,0.0,2.0,1.0
AL356275.1,lncRNA,0.0,4.0,5.0,1.0,21.0,24.0
AL356295.1,lncRNA,0.0,1.0,0.0,1.0,2.0,3.0
AL356299.2,lncRNA,0.0,0.0,0.0,2.0,1.0,1.0
AL356309.1,lncRNA,0.0,1.0,0.0,0.0,0.0,0.0
AL356309.2,lncRNA,1.0,0.0,2.0,1.0,5.0,5.0
AL356310.1,lncRNA,0.0,1.0,2.0,0.0,0.0,0.0
AL356311.1,lncRNA,0.0,0.0,0.0,0.0,3.0,0.0
AL356313.1,lncRNA,0.0,0.0,0.0,0.0,0.0,2.0
AL356317.1,lncRNA,0.0,0.0,0.0,1.0,1.0,3.0
AL356361.2,lncRNA,0.0,0.0,1.0,0.0,0.0,0.0
AL356361.3,lncRNA,0.0,0.0,0.0,1.0,2.0,0.0
AL356364.1,lncRNA,1.0,2.0,0.0,1.0,0.0,0.0
AL356379.2,lncRNA,0.0,0.0,0.0,1.0,1.0,1.0
AL356387.1,lncRNA,0.0,0.0,0.0,0.5,0.5,0.0
AL356413.1,lncRNA,0.0,0.0,0.0,0.0,1.0,2.0
AL356414.1,lncRNA,1.0,1.0,0.0,1.0,0.0,0.0
AL356417.1,lncRNA,0.0,2.0,1.0,1.0,14.0,15.0
AL356417.2,lncRNA,4.0,9.0,1.0,0.0,8.0,6.0
AL356417.3,lncRNA,2.0,7.67,6.5,3.0,25.0,18.0
AL356419.1,lncRNA,0.0,1.0,0.0,0.0,1.0,0.0
AL356421.2,lncRNA,0.0,0.0,0.0,0.0,1.0,0.0
AL356433.1,lncRNA,0.0,1.0,3.0,0.0,3.0,4.0
AL356441.1,lncRNA,0.0,1.0,1.0,0.0,4.0,3.0
AL356475.1,lncRNA,0.0,0.0,0.0,0.0,1.0,0.0
AL356481.1,lncRNA,1.0,1.0,0.0,3.0,6.0,7.5
AL356481.2,lncRNA,0.0,0.0,0.0,0.0,0.0,1.0
AL356488.2,lncRNA,0.5,3.5,0.5,0.5,0.5,1.5
AL356489.1,lncRNA,4.0,0.0,0.0,1.0,4.0,7.0
AL356489.2,lncRNA,1.0,0.0,0.0,0.0,0.0,6.0
AL356489.3,lncRNA,0.0,0.0,0.0,1.0,4.0,3.0
AL356489.4,lncRNA,0.0,0.5,0.0,0.0,1.0,1.5
AL356495.1,lncRNA,0.0,0.0,3.0,2.0,8.0,14.0
AL356512.1,lncRNA,3.5,1.0,5.0,0.5,28.5,24.0
AL356515.1,lncRNA,1.0,0.0,0.0,0.0,1.0,0.0
AL356608.1,lncRNA,0.0,1.0,1.0,1.0,8.0,3.0
AL356608.3,lncRNA,0.0,0.0,0.5,0.5,0.5,2.0
AL356652.1,lncRNA,1.0,1.0,0.0,0.0,1.0,3.0
AL356737.2,lncRNA,4.0,1.0,0.0,0.0,5.0,3.0
AL356740.1,lncRNA,0.0,0.0,1.0,0.0,6.0,3.0
AL356740.2,lncRNA,6.0,12.0,6.0,1.0,5.0,7.0
AL356740.3,lncRNA,0.0,0.0,0.0,1.0,3.0,0.0
AL356747.1,lncRNA,0.0,0.0,0.0,0.0,7.0,3.0
AL356752.1,lncRNA,0.0,0.0,0.0,0.0,1.0,0.0
AL356753.1,lncRNA,1.0,0.0,3.0,0.0,7.0,2.0
AL356756.1,lncRNA,0.0,0.0,0.0,0.0,0.0,1.0
AL356776.2,lncRNA,1.5,1.5,1.5,2.0,17.5,9.5
AL356804.1,lncRNA,0.0,3.0,1.0,3.0,7.0,4.0
AL356805.1,lncRNA,0.0,1.0,0.0,0.0,3.0,3.0
AL356807.1,lncRNA,1.0,0.0,1.0,0.0,0.0,0.0
AL356859.1,lncRNA,0.0,0.0,0.0,0.0,1.0,0.0
AL356952.1,lncRNA,3.0,1.0,0.0,0.0,0.0,4.0
AL356961.1,lncRNA,0.0,1.0,0.0,1.0,1.0,0.0
AL356966.1,lncRNA,3.0,1.0,2.0,0.5,20.5,9.5
AL357033.1,lncRNA,5.0,8.0,10.0,6.0,37.0,31.0
AL357033.2,lncRNA,1.0,0.0,1.0,0.0,4.0,5.0
AL357033.3,lncRNA,0.0,2.0,1.0,2.0,7.0,14.0
AL357033.4,lncRNA,1.0,0.0,0.0,2.0,6.0,7.0
AL357052.1,lncRNA,15.0,59.0,27.0,18.0,117.0,195.0
AL357054.2,lncRNA,2.0,6.0,6.0,2.0,27.0,25.0
AL357054.3,lncRNA,0.0,0.0,0.0,1.0,3.0,4.0
AL357054.4,lncRNA,0.0,0.0,1.0,1.0,4.0,3.0
AL357054.5,lncRNA,0.0,1.0,0.0,5.0,0.0,0.0
AL357075.2,lncRNA,0.0,0.5,0.0,0.0,6.0,8.0
AL357075.3,lncRNA,0.0,2.0,0.0,0.0,3.0,4.0
AL357079.1,lncRNA,1.0,1.0,0.0,0.0,22.0,12.0
AL357079.2,lncRNA,0.0,5.5,0.0,8.0,6.5,11.0
AL357079.3,lncRNA,2.0,0.0,4.0,5.0,3.0,5.0
AL357093.1,lncRNA,0.0,0.0,4.0,0.0,0.0,3.0
AL357093.2,lncRNA,1.0,0.0,0.0,4.0,13.0,1.5
AL357127.1,lncRNA,0.0,0.0,0.0,0.0,1.0,0.0
AL357139.2,lncRNA,0.0,1.0,0.0,0.0,5.0,1.0
AL357140.1,lncRNA,0.0,0.0,0.0,0.0,1.5,3.0
AL357140.2,lncRNA,1.0,0.0,0.0,0.0,2.0,5.0
AL357140.4,lncRNA,0.0,2.0,0.0,1.0,3.0,0.0
AL357141.1,lncRNA,2.0,0.0,0.0,1.0,2.0,4.0
AL357146.1,lncRNA,0.0,0.0,0.0,1.0,3.0,0.0
AL357153.1,lncRNA,0.0,0.0,0.0,0.0,4.5,3.0
AL357153.2,lncRNA,0.0,0.0,0.0,0.0,1.0,1.0
AL357153.3,lncRNA,0.0,0.0,0.0,0.0,2.0,1.0
AL357172.1,lncRNA,0.0,2.0,0.0,0.0,0.0,1.0
AL357497.1,lncRNA,1.0,0.0,0.0,2.0,5.5,4.0
AL357500.1,lncRNA,0.0,0.0,0.0,2.0,0.0,2.0
AL357507.1,lncRNA,0.0,0.0,1.0,0.0,6.0,4.0
AL357509.1,lncRNA,0.0,0.0,0.0,0.0,4.0,4.0
AL357513.1,lncRNA,0.0,0.0,0.0,1.0,3.0,2.0
AL357518.1,lncRNA,0.0,0.0,4.0,0.0,1.0,0.0
AL357522.1,lncRNA,0.0,1.0,0.0,0.0,4.0,7.0
AL357556.4,lncRNA,0.0,1.0,1.5,0.5,0.0,1.5
AL357558.1,lncRNA,0.0,0.0,1.0,0.0,2.0,0.0
AL357558.2,lncRNA,1.0,1.0,1.0,0.0,4.0,5.0
AL357558.3,lncRNA,0.0,0.0,0.0,0.0,2.0,0.0
AL357568.1,lncRNA,0.0,0.0,1.0,2.0,6.0,3.0
AL357673.2,lncRNA,0.0,1.5,2.0,6.33,8.5,10.67
AL357793.2,lncRNA,0.0,0.0,0.0,0.0,1.0,0.0
AL357832.1,lncRNA,1.0,0.0,0.0,0.0,6.0,3.0
AL357833.1,lncRNA,1.0,0.0,0.0,0.0,3.0,3.0
AL357835.1,lncRNA,0.0,0.0,2.0,1.0,3.0,2.0
AL357873.1,lncRNA,1.0,0.0,0.0,0.0,1.0,4.0
AL357874.1,lncRNA,3.0,7.5,8.5,5.0,98.0,117.0
AL357874.2,lncRNA,0.0,1.0,0.0,0.0,1.0,0.0
AL357874.3,lncRNA,2.0,1.0,3.0,1.0,17.0,13.0
AL357936.1,lncRNA,0.0,0.0,0.0,0.0,3.0,0.0
AL357972.1,lncRNA,0.0,1.0,0.0,0.0,1.0,2.0
AL358053.1,lncRNA,0.0,0.0,0.0,0.0,1.0,1.0
AL358074.1,lncRNA,1.0,6.0,2.0,1.0,12.0,10.0
AL358075.1,lncRNA,1.0,1.0,1.0,1.0,0.0,1.0
AL358075.2,lncRNA,0.0,0.0,0.0,0.0,1.0,1.0
AL358115.1,lncRNA,1.0,3.0,1.5,1.0,2.5,2.5
AL358117.1,lncRNA,0.0,0.0,0.0,1.0,2.0,0.0
AL358134.1,lncRNA,0.0,0.0,0.0,0.0,2.0,2.0
AL358176.4,lncRNA,0.0,0.0,0.0,0.0,1.0,1.0
AL358177.1,lncRNA,0.0,1.0,0.0,3.0,2.0,4.0
AL358215.1,lncRNA,0.0,0.0,0.0,0.0,0.5,0.0
AL358215.2,lncRNA,0.0,2.0,1.0,1.0,5.0,14.5
AL358215.3,lncRNA,1.0,3.0,0.5,1.0,2.0,1.83
AL358216.1,lncRNA,1.0,1.0,1.0,1.0,3.0,7.0
AL358292.1,lncRNA,3.0,2.0,2.0,4.0,15.0,17.0
AL358332.1,lncRNA,0.0,2.0,0.0,0.0,0.0,2.0
AL358333.1,lncRNA,0.0,0.0,0.0,0.0,1.0,0.0
AL358333.2,lncRNA,1.0,0.0,0.0,0.0,1.0,1.0
AL358333.3,lncRNA,0.0,1.0,0.0,1.0,0.0,1.0
AL358334.1,lncRNA,0.0,0.0,0.0,0.0,1.0,0.0
AL358334.2,lncRNA,2.0,0.0,2.0,1.0,1.0,3.0
AL358334.3,lncRNA,0.0,0.0,0.0,0.0,2.0,0.5
AL358334.4,lncRNA,4.0,3.0,5.0,7.5,2.0,6.5
AL358335.2,lncRNA,0.0,5.0,0.0,0.0,1.0,0.0
AL358393.1,lncRNA,0.0,0.0,0.0,0.0,1.0,1.0
AL358394.1,lncRNA,0.0,0.0,1.0,0.0,0.0,0.0
AL358394.2,lncRNA,0.0,2.0,1.0,0.0,1.0,5.0
AL358394.3,lncRNA,0.0,0.0,0.5,0.0,0.0,0.0
AL358452.1,lncRNA,0.0,3.0,1.0,1.0,0.0,1.0
AL358472.2,lncRNA,1.0,0.5,1.0,1.0,6.0,8.0
AL358472.3,lncRNA,0.0,0.0,0.0,0.0,3.0,0.0
AL358472.4,lncRNA,0.0,0.0,0.0,1.0,3.0,1.0
AL358472.5,lncRNA,0.0,0.0,0.0,1.0,2.0,8.0
AL358473.1,lncRNA,4.0,2.0,0.0,2.0,6.0,3.0
AL358473.2,lncRNA,0.0,0.0,0.0,0.0,1.0,2.0
AL358612.1,lncRNA,0.0,0.0,1.0,0.0,0.0,0.0
AL358613.1,lncRNA,0.0,0.0,0.0,2.0,2.0,5.0
AL358613.2,lncRNA,0.0,1.0,0.0,1.0,5.0,2.0
AL358613.3,lncRNA,0.0,0.0,0.0,0.5,1.0,2.0
AL358777.1,lncRNA,0.0,3.0,2.0,1.0,3.0,2.0
AL358779.1,lncRNA,1.0,0.0,0.0,0.0,1.0,0.0
AL358780.1,lncRNA,0.0,0.0,1.0,1.0,1.0,7.0
AL358781.1,lncRNA,1.0,1.0,1.0,4.0,9.0,18.0
AL358781.2,lncRNA,0.0,0.0,0.0,0.0,2.0,0.0
AL358787.1,lncRNA,0.0,1.0,0.0,0.0,2.0,0.0
AL358790.1,lncRNA,0.0,0.0,1.0,0.0,2.67,5.17
AL358852.1,lncRNA,2.5,4.5,5.0,1.0,11.0,5.0
AL358876.2,lncRNA,0.0,0.0,1.0,0.0,3.0,3.0
AL358933.1,lncRNA,0.0,1.0,2.5,0.5,8.5,3.0
AL358944.1,lncRNA,0.0,0.0,1.0,1.0,1.0,1.0
AL358972.1,lncRNA,0.0,0.0,0.0,0.0,0.0,1.0
AL358976.1,lncRNA,0.0,0.0,1.0,2.0,2.0,4.0
AL359076.1,lncRNA,0.0,0.0,0.0,0.0,0.5,0.0
AL359081.1,lncRNA,0.0,2.0,0.0,0.0,1.0,0.0
AL359091.1,lncRNA,4.0,19.0,16.83,9.0,29.0,35.0
AL359091.3,lncRNA,1.0,0.0,4.0,3.0,6.0,1.0
AL359091.4,lncRNA,2.0,0.0,0.0,2.0,1.0,0.0
AL359094.1,lncRNA,0.0,0.5,0.0,2.0,11.0,15.33
AL359094.2,lncRNA,0.0,0.0,0.0,0.0,4.5,8.33
AL359095.1,lncRNA,0.0,2.0,19.0,47.0,19.0,9.0
AL359182.1,lncRNA,1.0,0.0,2.0,0.0,0.0,7.0
AL359198.1,lncRNA,0.5,0.0,1.0,0.5,1.5,0.0
AL359208.1,lncRNA,0.0,4.0,3.0,4.0,4.0,9.0
AL359220.1,lncRNA,0.0,6.0,0.0,5.0,6.0,7.0
AL359232.1,lncRNA,1.0,8.5,1.0,1.0,13.5,9.0
AL359233.1,lncRNA,0.0,0.0,0.0,0.0,0.0,1.0
AL359237.1,lncRNA,2.0,0.0,1.0,2.0,22.0,24.0
AL359238.1,lncRNA,0.0,1.0,0.0,0.0,1.0,0.0
AL359258.1,lncRNA,0.0,0.0,0.0,0.5,5.5,3.5
AL359258.2,lncRNA,0.0,1.0,3.5,2.33,2.33,3.67
AL359259.1,lncRNA,1.0,0.0,0.0,0.0,0.0,0.0
AL359313.1,lncRNA,1.0,3.0,2.0,1.0,23.0,13.0
AL359317.1,lncRNA,0.0,0.0,0.0,0.0,4.0,2.0
AL359317.2,lncRNA,1.5,3.0,2.5,4.0,0.5,9.0
AL359378.1,lncRNA,0.0,0.0,1.0,1.0,0.5,1.5
AL359380.1,lncRNA,0.0,0.0,0.0,0.0,1.0,0.0
AL359382.1,lncRNA,0.0,0.0,0.0,0.0,2.0,0.0
AL359382.2,lncRNA,0.0,0.0,1.0,0.0,1.0,2.0
AL359397.1,lncRNA,1.5,1.0,0.0,1.0,0.5,0.0
AL359399.1,lncRNA,0.0,0.0,1.0,1.0,4.0,3.0
AL359436.1,lncRNA,0.0,0.0,1.0,0.0,0.0,1.0
AL359458.1,lncRNA,0.0,0.0,0.0,0.0,1.0,0.0
AL359475.1,lncRNA,0.0,0.0,0.0,0.0,0.0,1.0
AL359502.1,lncRNA,1.0,0.0,0.0,0.0,0.0,0.0
AL359502.2,lncRNA,0.0,0.0,2.0,0.0,3.0,2.0
AL359504.1,lncRNA,0.0,0.0,1.0,0.0,5.0,2.0
AL359508.1,lncRNA,0.0,2.0,1.0,0.0,0.0,6.0
AL359511.2,lncRNA,1.0,1.0,2.0,0.0,4.0,4.0
AL359511.3,lncRNA,0.0,1.0,1.0,1.0,5.0,4.0
AL359513.1,lncRNA,1.0,1.0,0.0,1.0,1.0,0.0
AL359532.1,lncRNA,0.0,0.0,1.0,0.0,3.0,2.0
AL359538.1,lncRNA,3.0,2.5,2.0,3.0,13.5,5.5
AL359538.3,lncRNA,0.0,0.0,1.0,1.0,8.0,8.0
AL359538.4,lncRNA,7.0,7.0,5.0,1.0,13.0,26.0
AL359541.1,lncRNA,0.0,0.0,0.0,0.0,2.0,1.0
AL359546.1,lncRNA,1.0,0.0,0.0,0.0,4.0,0.0
AL359547.1,lncRNA,0.0,0.0,0.0,2.0,6.0,6.0
AL359551.1,lncRNA,0.0,3.0,0.0,0.0,0.0,2.0
AL359552.1,lncRNA,0.5,0.0,0.0,1.0,0.0,0.0
AL359555.1,lncRNA,1.0,0.0,0.0,0.0,1.0,1.0
AL359555.2,lncRNA,0.0,2.0,0.0,0.0,5.0,4.0
AL359555.3,lncRNA,0.0,0.0,0.5,0.0,1.0,1.5
AL359555.4,lncRNA,4.0,6.0,0.0,5.0,8.0,6.0
AL359632.1,lncRNA,0.0,0.5,0.0,2.0,1.5,2.0
AL359636.1,lncRNA,0.0,0.0,0.0,0.0,1.0,1.0
AL359636.2,lncRNA,0.0,2.0,4.0,6.0,30.5,22.0
AL359643.2,lncRNA,0.0,1.0,3.0,1.0,7.0,7.0
AL359644.1,lncRNA,2.5,2.0,1.0,1.5,6.0,3.0
AL359649.1,lncRNA,1.0,0.0,1.0,0.0,4.0,1.0
AL359682.1,lncRNA,0.0,0.0,0.0,0.0,2.0,4.0
AL359693.1,lncRNA,1.0,2.0,0.0,1.0,1.0,0.0
AL359697.1,lncRNA,0.0,0.0,0.0,0.0,1.0,0.0
AL359704.2,lncRNA,0.0,0.0,0.0,0.0,4.0,1.0
AL359706.1,lncRNA,0.0,0.0,0.0,0.0,0.0,1.0
AL359710.1,lncRNA,1.0,0.0,3.5,0.0,8.5,3.5
AL359711.2,lncRNA,1.0,1.0,2.0,1.0,4.0,3.0
AL359715.1,lncRNA,0.0,1.0,1.0,1.0,1.0,3.0
AL359715.2,lncRNA,0.0,0.0,2.0,2.0,8.0,10.0
AL359715.3,lncRNA,0.0,0.0,1.0,0.0,8.0,1.0
AL359732.1,lncRNA,0.0,0.0,0.0,2.0,1.0,0.0
AL359745.1,lncRNA,0.0,1.0,0.0,0.0,2.0,1.0
AL359762.1,lncRNA,0.0,1.5,0.5,0.0,2.5,1.5
AL359762.3,lncRNA,0.5,3.17,1.33,1.0,4.5,9.5
AL359764.1,lncRNA,4.0,2.0,1.0,4.0,10.0,7.0
AL359764.2,lncRNA,4.0,6.0,2.0,20.0,12.0,12.0
AL359764.3,lncRNA,5.0,2.0,1.0,1.0,4.0,3.0
AL359792.1,lncRNA,0.0,0.0,0.0,0.0,0.0,3.0
AL359813.1,lncRNA,0.0,2.0,0.0,0.0,0.0,2.0
AL359844.1,lncRNA,1.0,2.0,1.0,0.0,5.0,5.0
AL359851.1,lncRNA,1.0,0.0,0.0,2.0,8.0,8.0
AL359852.2,lncRNA,0.0,0.0,0.0,0.0,2.0,0.0
AL359853.1,lncRNA,0.0,0.0,0.0,0.0,4.0,4.0
AL359853.2,lncRNA,0.0,0.0,0.0,4.0,6.0,4.0
AL359878.1,lncRNA,1.0,9.0,4.0,14.0,17.0,19.0
AL359878.2,lncRNA,0.0,1.0,2.0,0.0,9.0,8.0
AL359881.2,lncRNA,0.0,0.0,1.0,0.0,1.0,0.0
AL359881.3,lncRNA,0.0,0.0,0.0,0.0,2.0,1.0
AL359894.1,lncRNA,0.0,0.0,0.0,0.0,0.0,1.0
AL359915.1,lncRNA,1.0,1.0,1.0,1.0,19.0,16.5
AL359916.1,lncRNA,0.0,2.0,1.0,3.0,1.0,1.0
AL359918.2,lncRNA,0.0,0.0,0.0,0.0,1.0,0.0
AL359921.1,lncRNA,0.0,0.0,0.0,0.0,1.0,0.0
AL359921.2,lncRNA,0.0,0.0,0.0,0.0,0.0,1.0
AL359922.2,lncRNA,0.0,0.0,1.0,0.0,2.0,1.0
AL359924.1,lncRNA,0.5,0.0,0.5,1.5,11.5,8.0
AL359962.1,lncRNA,0.0,1.0,0.0,0.0,0.0,0.0
AL359962.2,lncRNA,0.0,0.0,0.0,1.0,1.0,0.0
AL359962.3,lncRNA,1.0,3.0,0.0,0.0,5.0,1.0
AL359979.1,lncRNA,0.0,0.0,0.0,0.0,1.0,0.0
AL359979.2,lncRNA,0.0,0.0,0.0,0.0,3.0,0.0
AL359987.1,lncRNA,0.0,0.0,0.0,0.0,1.0,0.0
AL360006.1,lncRNA,0.0,0.0,0.0,0.0,1.0,0.0
AL360012.1,lncRNA,13.5,12.0,40.5,37.5,10.0,30.0
AL360013.3,lncRNA,1.0,0.0,0.0,0.0,1.0,0.0
AL360013.4,lncRNA,0.0,2.0,1.0,1.0,4.0,2.0
AL360014.1,lncRNA,0.0,0.0,1.0,1.0,4.0,0.0
AL360015.1,lncRNA,3.0,5.0,1.0,2.0,5.0,3.0
AL360089.1,lncRNA,0.0,2.0,0.0,0.0,2.0,4.0
AL360091.3,lncRNA,0.0,0.0,0.0,0.0,1.0,0.0
AL360093.1,lncRNA,0.0,0.0,0.0,0.0,1.0,0.0
AL360169.3,lncRNA,1.0,0.0,0.0,1.0,1.0,1.0
AL360175.1,lncRNA,1.0,3.0,0.0,1.0,0.0,1.0
AL360178.1,lncRNA,0.0,2.0,0.0,0.0,1.0,2.0
AL360178.2,lncRNA,1.0,0.0,0.0,0.0,5.0,4.0
AL360181.1,lncRNA,0.0,0.0,1.0,0.0,0.0,0.0
AL360181.2,lncRNA,0.0,3.0,0.0,0.0,8.0,4.0
AL360182.2,lncRNA,1.5,4.0,2.5,13.5,26.5,31.5
AL360227.1,lncRNA,0.0,0.0,0.0,0.0,1.5,2.0
AL360267.1,lncRNA,0.0,0.0,0.5,1.0,0.5,0.0
AL360268.1,lncRNA,0.0,0.0,0.0,0.0,0.5,1.5
AL360268.2,lncRNA,0.0,0.0,0.0,0.0,2.0,0.0
AL360270.1,lncRNA,0.0,2.0,0.0,0.0,1.0,0.5
AL360270.2,lncRNA,0.0,5.0,1.0,0.0,1.0,1.0
AL360270.3,lncRNA,0.0,1.0,1.5,3.0,17.0,12.0
AL360295.1,lncRNA,0.0,1.0,0.0,0.0,3.0,1.0
AL365181.1,lncRNA,0.0,3.0,0.0,0.0,3.0,6.0
AL365181.2,lncRNA,7.0,10.0,2.0,4.0,10.0,2.0
AL365181.3,lncRNA,0.5,3.0,2.0,2.0,9.0,16.5
AL365181.4,lncRNA,0.0,0.0,0.0,0.0,0.0,2.0
AL365184.1,lncRNA,1.0,3.0,0.0,0.0,0.0,6.5
AL365204.1,lncRNA,0.0,0.0,0.0,0.0,5.0,4.0
AL365205.4,lncRNA,0.0,0.0,0.0,0.0,1.0,1.0
AL365214.3,lncRNA,1.0,0.0,1.0,0.0,0.0,0.0
AL365215.2,lncRNA,0.0,0.0,0.0,0.0,0.0,1.0
AL365226.1,lncRNA,0.0,0.0,0.0,0.0,4.0,2.0
AL365229.1,lncRNA,2.0,0.0,1.0,5.0,10.0,2.0
AL365255.1,lncRNA,3.0,0.0,2.0,0.0,2.0,12.0
AL365256.1,lncRNA,0.0,0.0,0.0,1.0,1.0,2.0
AL365258.1,lncRNA,0.0,2.0,0.0,2.0,0.0,0.0
AL365259.1,lncRNA,1.0,3.0,2.0,3.5,13.5,5.5
AL365271.1,lncRNA,1.0,0.0,0.0,0.0,4.0,2.0
AL365272.1,lncRNA,2.0,1.0,3.0,0.0,5.5,4.0
AL365295.1,lncRNA,4.0,7.0,3.0,9.0,17.0,21.0
AL365318.1,lncRNA,0.0,0.0,0.0,0.0,1.0,0.0
AL365330.1,lncRNA,0.0,0.0,1.0,0.0,0.0,1.0
AL365356.1,lncRNA,0.0,0.0,0.0,0.0,1.0,0.0
AL365361.1,lncRNA,15.0,19.0,5.0,11.0,20.0,17.0
AL365394.1,lncRNA,0.0,0.0,0.0,0.0,1.0,1.0
AL365434.1,lncRNA,0.0,0.0,1.0,0.0,0.0,0.0
AL365434.2,lncRNA,0.0,0.0,0.0,0.0,1.0,0.0
AL365436.2,lncRNA,2.0,2.0,9.0,4.0,20.0,12.0
AL365440.1,lncRNA,0.0,0.0,0.0,0.0,3.5,5.0
AL389885.1,lncRNA,0.0,0.0,0.0,0.0,1.0,0.0
AL389889.1,lncRNA,1.0,1.0,1.0,2.0,10.0,6.0
AL389889.2,lncRNA,3.0,0.0,0.0,1.0,2.0,1.0
AL390037.1,lncRNA,0.0,0.0,0.0,0.0,4.0,3.0
AL390038.1,lncRNA,0.0,1.0,1.0,0.0,6.0,5.0
AL390066.1,lncRNA,3.0,2.5,3.0,0.0,15.5,18.5
AL390066.2,lncRNA,0.0,1.5,2.0,2.0,0.5,0.5
AL390067.1,lncRNA,1.0,0.0,3.0,1.0,4.0,2.0
AL390071.1,lncRNA,0.0,0.0,0.0,0.0,2.0,4.0
AL390195.1,lncRNA,0.5,2.0,0.0,0.5,2.0,1.5
AL390195.2,lncRNA,0.0,0.0,0.0,0.0,1.0,0.0
AL390198.1,lncRNA,0.0,2.0,2.0,2.0,4.0,3.5
AL390208.1,lncRNA,0.0,0.0,0.0,0.0,0.5,0.5
AL390236.1,lncRNA,0.0,0.0,1.0,1.0,14.0,5.0
AL390242.1,lncRNA,0.0,0.0,0.0,1.0,0.5,0.0
AL390243.1,lncRNA,0.0,0.0,0.0,0.0,2.0,0.0
AL390254.1,lncRNA,0.0,0.0,1.0,0.0,6.0,3.0
AL390294.1,lncRNA,0.0,0.5,0.5,1.5,1.0,1.0
AL390718.1,lncRNA,2.0,3.0,7.0,2.0,14.0,20.0
AL390719.2,lncRNA,0.0,0.0,2.0,0.0,8.0,4.0
AL390719.3,lncRNA,0.0,0.0,0.0,2.0,0.0,2.0
AL390726.2,lncRNA,0.0,0.0,0.0,0.0,0.0,0.25
AL390726.3,lncRNA,0.0,0.0,0.0,0.0,0.0,0.58
AL390728.4,lncRNA,3.0,1.0,0.0,1.0,2.0,8.0
AL390728.5,lncRNA,0.0,0.0,0.0,1.0,1.0,0.0
AL390755.1,lncRNA,1.5,7.0,1.0,3.5,17.5,16.0
AL390755.3,lncRNA,1.0,0.0,0.0,0.0,3.0,3.0
AL390760.1,lncRNA,1.0,2.0,0.0,0.0,0.0,0.0
AL390763.1,lncRNA,0.0,0.0,1.0,1.0,0.0,2.0
AL390778.1,lncRNA,0.0,0.0,0.0,1.0,0.0,2.0
AL390778.2,lncRNA,0.0,0.0,1.0,2.0,5.0,7.0
AL390783.1,lncRNA,1.0,3.0,0.5,3.0,10.5,8.5
AL390791.1,lncRNA,0.0,3.0,1.0,0.0,1.0,2.0
AL390800.1,lncRNA,2.0,3.0,3.0,6.0,9.0,7.0
AL390816.1,lncRNA,0.0,1.0,1.0,0.0,0.5,0.0
AL390816.2,lncRNA,1.0,4.0,10.0,1.5,85.5,45.5
AL390835.1,lncRNA,0.0,0.0,1.0,0.0,2.0,3.0
AL390838.1,lncRNA,2.0,1.0,0.0,4.0,13.0,8.0
AL390839.1,lncRNA,0.0,0.0,1.0,0.0,3.0,3.0
AL390839.2,lncRNA,0.0,0.0,0.0,0.0,0.5,1.0
AL390856.1,lncRNA,0.0,0.0,0.0,3.0,1.0,1.0
AL390860.1,lncRNA,3.0,6.0,2.0,9.0,5.0,9.5
AL390862.1,lncRNA,0.0,0.0,0.0,1.0,0.0,0.0
AL390955.2,lncRNA,0.0,0.0,1.0,1.0,4.0,1.0
AL390957.1,lncRNA,2.5,4.5,3.5,1.0,11.0,11.5
AL390961.1,lncRNA,0.0,0.0,0.0,0.0,2.0,1.0
AL390961.2,lncRNA,0.0,0.0,0.0,0.0,0.0,1.0
AL390962.1,lncRNA,0.0,0.0,1.0,0.0,0.0,0.0
AL390964.1,lncRNA,6.0,6.0,2.0,10.0,11.0,3.0
AL391001.1,lncRNA,0.0,1.0,0.0,0.0,0.0,0.0
AL391056.1,lncRNA,2.0,2.0,2.0,7.0,3.0,5.0
AL391056.2,lncRNA,0.0,0.5,0.0,1.0,0.5,1.0
AL391069.2,lncRNA,0.0,0.0,1.0,0.0,4.0,5.0
AL391095.1,lncRNA,0.0,0.0,0.0,0.0,7.0,4.0
AL391095.3,lncRNA,0.0,0.0,0.0,0.0,0.0,1.0
AL391097.1,lncRNA,0.0,0.0,1.0,1.0,3.0,1.0
AL391097.2,lncRNA,0.0,0.0,0.0,0.0,6.0,1.0
AL391097.3,lncRNA,1.0,0.0,0.0,0.0,0.0,3.0
AL391117.1,lncRNA,0.0,0.0,0.0,1.0,3.0,1.0
AL391119.1,lncRNA,0.0,0.0,0.0,0.0,1.0,2.0
AL391121.1,lncRNA,2.0,5.0,9.0,8.0,24.0,14.0
AL391152.1,lncRNA,0.0,0.0,2.0,1.0,5.0,2.0
AL391244.1,lncRNA,0.5,1.0,1.0,0.5,10.5,11.5
AL391261.1,lncRNA,0.0,4.0,2.0,5.0,11.0,3.0
AL391261.2,lncRNA,1.0,0.0,0.0,0.0,0.0,2.0
AL391262.1,lncRNA,2.0,0.0,0.0,0.0,0.0,0.0
AL391294.1,lncRNA,1.0,1.0,1.0,2.0,10.0,8.0
AL391335.1,lncRNA,0.5,0.0,1.0,3.0,6.5,5.0
AL391361.2,lncRNA,1.0,0.0,0.0,1.0,3.0,2.0
AL391415.1,lncRNA,0.0,0.0,0.0,0.0,1.0,0.0
AL391421.1,lncRNA,3.0,0.0,0.0,0.0,3.0,3.0
AL391422.2,lncRNA,0.0,1.0,0.0,0.0,1.0,1.0
AL391422.4,lncRNA,16.0,15.0,10.5,19.5,35.0,37.0
AL391425.1,lncRNA,0.0,0.0,0.0,1.0,0.0,0.0
AL391477.1,lncRNA,1.0,1.0,1.0,1.0,4.0,2.0
AL391497.1,lncRNA,0.0,0.0,0.0,0.0,1.0,0.0
AL391538.1,lncRNA,0.0,0.0,1.0,0.0,4.0,2.0
AL391557.1,lncRNA,1.0,0.0,1.0,0.0,1.0,2.0
AL391560.1,lncRNA,0.0,2.0,1.0,0.0,1.0,4.0
AL391560.2,lncRNA,1.5,0.0,0.0,2.0,5.0,5.0
AL391597.1,lncRNA,0.0,0.0,0.0,0.0,1.0,0.0
AL391645.1,lncRNA,0.0,0.0,1.0,0.0,0.0,0.0
AL391650.2,lncRNA,1.0,0.0,0.0,3.0,3.0,2.0
AL391684.1,lncRNA,6.0,2.0,2.0,3.0,15.0,26.0
AL391704.1,lncRNA,2.0,1.0,1.0,1.0,7.0,10.0
AL391704.2,lncRNA,0.0,0.0,0.0,0.0,2.0,1.0
AL391730.2,lncRNA,0.0,5.0,1.0,4.0,4.0,11.0
AL391807.1,lncRNA,7.0,2.0,16.0,12.0,29.0,25.0
AL391811.1,lncRNA,0.0,0.0,0.0,1.0,1.0,0.0
AL391832.1,lncRNA,0.0,0.0,0.0,0.0,0.5,0.0
AL391832.2,lncRNA,3.0,0.0,3.0,2.0,14.5,12.0
AL391832.3,lncRNA,0.0,1.0,0.0,0.0,1.0,0.0
AL391832.4,lncRNA,5.0,1.0,4.0,6.0,8.0,5.0
AL391834.1,lncRNA,0.0,0.0,0.0,0.0,0.0,1.0
AL391834.3,lncRNA,1.0,1.0,0.0,0.0,1.0,1.0
AL391839.1,lncRNA,0.0,0.0,0.0,1.0,5.0,1.0
AL391839.2,lncRNA,0.0,1.0,1.0,1.0,7.5,7.5
AL391839.3,lncRNA,0.0,1.0,0.0,2.0,3.0,7.0
AL391840.1,lncRNA,2.0,6.0,5.0,10.0,16.0,10.0
AL391840.3,lncRNA,1.0,0.0,0.0,1.0,3.0,3.0
AL391844.1,lncRNA,0.0,2.0,0.0,0.0,3.0,3.0
AL391845.1,lncRNA,0.0,0.0,3.0,0.0,3.0,0.0
AL391845.2,lncRNA,3.0,0.0,2.0,0.0,0.0,3.0
AL391863.1,lncRNA,0.0,1.0,0.0,0.0,0.0,1.0
AL391863.2,lncRNA,0.0,0.0,0.0,0.0,1.0,0.0
AL391869.1,lncRNA,0.0,5.0,0.0,0.0,0.0,0.0
AL391883.1,lncRNA,0.0,0.0,0.5,0.0,0.0,0.0
AL391987.4,lncRNA,0.0,0.0,0.0,0.0,0.0,1.0
AL391988.1,lncRNA,0.0,1.0,0.0,0.5,1.0,1.0
AL392023.1,lncRNA,0.0,0.0,0.0,0.0,0.0,1.0
AL392023.2,lncRNA,1.0,2.0,0.0,4.0,0.0,0.0
AL392024.1,lncRNA,0.0,0.0,2.0,1.0,5.0,4.0
AL392046.1,lncRNA,0.5,0.0,3.0,1.0,12.0,6.0
AL392048.1,lncRNA,0.0,2.0,0.0,0.0,0.0,0.0
AL392083.1,lncRNA,0.0,0.0,2.0,3.0,14.0,7.0
AL392083.2,lncRNA,0.5,1.0,0.5,0.0,2.0,2.0
AL392086.1,lncRNA,0.0,0.0,0.33,0.0,2.0,1.5
AL392086.2,lncRNA,0.0,0.5,0.0,0.5,4.0,2.0
AL392086.3,lncRNA,5.0,3.0,3.0,6.0,5.0,4.0
AL392089.1,lncRNA,0.0,0.0,0.0,0.0,1.0,3.0
AL392172.1,lncRNA,0.0,2.0,0.0,3.0,0.0,1.0
AL392183.1,lncRNA,1.0,1.0,3.0,1.0,6.0,5.0
AL392185.1,lncRNA,0.0,0.0,0.0,1.0,3.0,0.0
AL441883.1,lncRNA,0.5,1.0,2.0,0.5,4.0,5.5
AL441943.1,lncRNA,0.0,0.0,0.0,0.0,2.0,1.0
AL441943.2,lncRNA,0.0,1.5,0.0,4.0,5.5,6.0
AL441989.1,lncRNA,0.0,1.0,0.0,0.0,0.0,1.0
AL441992.1,lncRNA,0.0,0.0,0.0,1.0,0.0,0.0
AL442003.1,lncRNA,0.0,0.0,0.0,2.0,0.0,0.0
AL442063.1,lncRNA,1.0,0.0,3.0,1.0,17.0,14.0
AL442067.1,lncRNA,0.0,0.0,0.0,1.0,2.0,2.0
AL442067.2,lncRNA,0.0,0.0,0.0,0.0,0.0,1.0
AL442067.3,lncRNA,1.0,1.0,3.0,2.0,19.0,11.0
AL442071.1,lncRNA,0.0,0.0,0.0,0.5,0.0,1.0
AL442071.2,lncRNA,0.0,1.0,0.0,1.0,0.0,0.0
AL442125.1,lncRNA,3.0,7.0,3.0,3.0,5.0,8.0
AL442125.2,lncRNA,1.0,1.0,0.0,0.0,1.0,0.0
AL442128.2,lncRNA,2.0,1.0,6.0,1.0,6.0,3.0
AL442163.1,lncRNA,0.0,0.0,0.0,0.0,2.0,2.0
AL442224.1,lncRNA,1.0,1.0,0.0,2.0,17.0,10.0
AL442636.1,lncRNA,2.0,0.0,2.0,1.0,12.0,12.0
AL442663.3,lncRNA,1.5,3.0,5.5,0.0,2.5,2.5
AL445070.1,lncRNA,1.0,0.0,0.0,0.0,2.0,3.0
AL445123.1,lncRNA,1.0,0.0,0.0,0.0,0.0,0.0
AL445123.2,lncRNA,1.0,0.0,0.0,0.0,0.0,1.0
AL445183.1,lncRNA,0.5,0.0,0.0,0.5,1.0,0.5
AL445183.2,lncRNA,1.0,1.0,2.5,7.5,5.0,12.0
AL445193.2,lncRNA,0.0,0.0,0.0,0.0,1.0,0.0
AL445205.1,lncRNA,0.0,0.0,0.0,1.0,10.0,3.0
AL445207.1,lncRNA,1.0,2.0,0.0,1.0,1.0,1.0
AL445209.1,lncRNA,0.0,0.0,2.0,4.0,33.0,30.0
AL445218.1,lncRNA,0.0,0.0,0.0,0.0,1.0,3.0
AL445223.1,lncRNA,0.0,1.0,0.0,0.0,2.0,2.0
AL445224.1,lncRNA,0.5,0.0,0.5,1.5,0.5,2.0
AL445228.2,lncRNA,2.0,1.0,3.0,2.0,4.0,6.0
AL445231.1,lncRNA,0.5,7.0,1.0,1.0,6.5,1.0
AL445235.1,lncRNA,1.0,1.0,0.0,1.0,0.0,2.0
AL445237.1,lncRNA,2.0,8.5,8.5,7.0,24.0,21.5
AL445238.2,lncRNA,1.0,0.0,0.0,0.0,1.0,1.0
AL445248.1,lncRNA,0.0,0.0,0.0,1.0,0.0,5.0
AL445250.1,lncRNA,3.0,0.0,1.0,8.0,7.0,5.0
AL445253.1,lncRNA,0.0,0.0,0.0,0.0,2.0,1.0
AL445255.1,lncRNA,0.0,2.0,0.0,1.0,6.0,6.0
AL445259.1,lncRNA,0.0,0.0,0.0,1.0,4.0,2.0
AL445288.1,lncRNA,1.0,0.5,1.5,0.5,4.5,3.0
AL445307.1,lncRNA,0.0,0.0,0.0,0.0,0.0,1.0
AL445309.1,lncRNA,1.0,2.0,1.0,1.0,2.0,1.0
AL445363.1,lncRNA,1.0,2.0,4.0,2.0,1.0,1.0
AL445363.2,lncRNA,1.0,1.0,4.0,1.0,3.0,5.0
AL445423.1,lncRNA,0.0,0.0,0.0,0.0,1.0,2.0
AL445430.1,lncRNA,0.0,2.0,3.0,0.0,4.0,3.0
AL445430.2,lncRNA,0.0,0.0,0.0,0.0,0.0,3.0
AL445433.2,lncRNA,0.0,3.0,6.0,5.0,18.0,8.0
AL445438.1,lncRNA,1.0,2.0,0.0,0.0,11.0,8.0
AL445465.1,lncRNA,2.0,2.5,0.0,0.0,6.0,2.5
AL445465.2,lncRNA,0.0,2.0,0.0,0.0,0.0,1.0
AL445471.1,lncRNA,3.0,5.0,1.0,9.0,13.0,14.0
AL445489.1,lncRNA,0.0,2.0,0.0,0.0,2.0,2.0
AL445490.1,lncRNA,5.0,0.0,1.0,1.0,7.0,7.0
AL445493.2,lncRNA,0.0,0.0,0.0,0.0,0.0,1.0
AL445493.3,lncRNA,0.0,0.0,0.0,1.0,0.0,0.0
AL445524.1,lncRNA,2.0,0.33,1.0,6.0,8.67,7.5
AL445526.1,lncRNA,0.0,0.0,0.0,0.0,1.0,0.0
AL445531.1,lncRNA,0.0,0.0,1.0,0.0,1.0,3.0
AL445588.1,lncRNA,1.0,0.0,0.0,0.0,1.0,0.0
AL445604.1,lncRNA,1.0,0.0,0.0,0.0,0.0,0.0
AL445623.1,lncRNA,0.0,0.0,0.0,0.0,0.0,1.5
AL445623.2,lncRNA,0.0,14.0,1.0,1.0,4.0,7.5
AL445644.1,lncRNA,1.0,0.0,0.0,0.0,0.0,2.0
AL445645.1,lncRNA,2.0,1.0,0.0,1.0,11.0,7.0
AL445647.1,lncRNA,0.0,3.0,6.0,0.0,8.0,8.0
AL445648.1,lncRNA,1.0,0.0,0.0,1.0,2.0,2.0
AL445649.1,lncRNA,0.0,0.0,0.0,0.0,0.0,3.0
AL445668.1,lncRNA,0.0,1.0,0.0,0.0,0.0,1.0
AL445685.1,lncRNA,0.67,0.0,1.33,0.67,5.0,2.67
AL445928.2,lncRNA,1.5,0.0,2.5,2.0,5.0,7.5
AL445931.1,lncRNA,4.0,8.0,2.0,4.0,6.0,10.0
AL445933.2,lncRNA,0.0,0.0,0.0,2.0,0.0,0.0
AL445984.2,lncRNA,0.0,0.0,0.0,0.0,1.0,0.0
AL445985.1,lncRNA,3.0,5.0,1.0,3.0,5.0,8.0
AL445989.2,lncRNA,0.0,1.0,0.5,0.0,1.0,0.0
AL449043.1,lncRNA,1.0,2.0,0.0,3.0,0.0,1.0
AL449214.1,lncRNA,0.0,0.0,1.0,0.0,0.0,0.0
AL449223.1,lncRNA,0.0,1.0,0.0,2.0,3.0,1.0
AL449363.2,lncRNA,1.0,2.0,1.0,1.0,1.0,0.0
AL449403.1,lncRNA,0.0,3.0,3.0,1.0,7.0,4.0
AL449403.2,lncRNA,2.0,3.0,2.0,4.0,4.0,5.0
AL449403.3,lncRNA,0.0,2.0,0.0,7.0,2.0,1.0
AL449423.1,lncRNA,1.0,5.0,1.0,5.0,7.0,3.0
AL450003.1,lncRNA,0.0,0.0,0.0,0.0,2.0,0.0
AL450043.1,lncRNA,1.0,1.0,1.0,0.0,4.0,3.0
AL450163.1,lncRNA,0.0,5.0,0.0,2.0,10.0,6.0
AL450226.1,lncRNA,0.0,1.0,1.0,0.0,3.0,2.0
AL450263.1,lncRNA,0.0,0.0,0.0,0.0,1.0,0.0
AL450267.1,lncRNA,0.0,0.0,0.0,0.0,1.0,0.0
AL450267.2,lncRNA,2.0,14.0,1.0,7.0,11.0,10.0
AL450306.1,lncRNA,1.5,1.0,0.5,2.0,18.5,3.5
AL450307.1,lncRNA,0.0,1.0,0.0,6.0,2.0,2.0
AL450311.1,lncRNA,0.0,1.0,0.0,2.0,0.0,3.0
AL450313.1,lncRNA,1.0,0.0,0.0,0.0,2.0,3.0
AL450322.1,lncRNA,0.0,0.0,1.0,3.0,2.0,2.0
AL450322.2,lncRNA,1.0,5.0,0.0,1.0,11.0,5.0
AL450326.1,lncRNA,3.0,0.0,0.0,2.0,0.0,4.0
AL450326.3,lncRNA,0.0,1.0,1.0,0.0,12.0,1.0
AL450327.1,lncRNA,1.0,2.0,0.0,0.0,5.0,2.0
AL450332.1,lncRNA,0.0,3.0,2.0,1.0,5.0,3.0
AL450338.2,lncRNA,0.0,3.0,1.0,0.0,0.0,3.0
AL450344.1,lncRNA,0.0,0.0,1.0,0.0,0.0,3.0
AL450344.2,lncRNA,0.0,0.0,0.0,0.0,1.0,0.0
AL450344.3,lncRNA,0.0,0.0,0.0,0.0,3.0,1.0
AL450345.1,lncRNA,1.0,1.0,2.0,3.0,8.0,13.0
AL450345.2,lncRNA,4.0,5.0,1.0,4.0,6.0,4.0
AL450352.1,lncRNA,0.0,1.0,0.0,0.0,1.0,2.0
AL450384.1,lncRNA,0.0,0.0,0.0,0.0,0.0,1.0
AL450384.2,lncRNA,0.0,1.0,2.0,0.0,5.0,1.0
AL450423.1,lncRNA,1.0,0.0,0.0,0.0,2.0,1.0
AL450423.2,lncRNA,1.0,5.0,0.0,0.0,5.0,3.0
AL450426.1,lncRNA,1.0,1.0,0.0,2.0,2.5,6.5
AL450442.1,lncRNA,0.0,0.0,2.0,0.0,0.0,1.0
AL450467.1,lncRNA,0.0,0.0,0.0,0.0,1.5,4.0
AL450468.1,lncRNA,0.0,0.0,0.0,0.0,1.0,0.0
AL450468.2,lncRNA,1.0,1.0,1.0,0.0,7.0,1.0
AL450469.1,lncRNA,0.5,0.0,0.0,0.0,2.5,3.0
AL450469.2,lncRNA,0.5,1.0,0.0,0.0,1.5,1.0
AL450990.1,lncRNA,0.0,1.0,1.0,2.0,4.0,2.0
AL450992.1,lncRNA,1.0,2.0,0.0,2.0,2.5,7.0
AL450992.2,lncRNA,0.0,1.0,2.0,2.0,3.0,8.0
AL450992.3,lncRNA,0.0,1.0,0.0,0.0,1.0,0.0
AL450998.2,lncRNA,3.0,0.5,1.0,1.0,9.5,5.0
AL451007.2,lncRNA,1.0,1.0,0.0,0.0,10.0,9.0
AL451042.1,lncRNA,0.0,1.0,3.0,1.0,9.0,12.0
AL451042.2,lncRNA,2.0,1.0,6.0,0.0,26.0,32.0
AL451048.1,lncRNA,0.0,0.0,0.0,1.0,0.0,3.0
AL451049.1,lncRNA,0.0,0.0,0.0,0.0,0.0,1.0
AL451050.2,lncRNA,0.0,2.0,3.0,4.0,2.0,1.0
AL451054.4,lncRNA,0.0,1.0,1.0,0.0,1.0,0.0
AL451064.1,lncRNA,0.0,0.0,0.0,0.0,1.0,0.0
AL451065.1,lncRNA,0.0,1.0,0.0,0.0,4.0,7.0
AL451067.1,lncRNA,0.0,0.0,0.0,1.5,2.5,2.0
AL451069.1,lncRNA,0.0,1.0,2.0,1.0,17.0,25.0
AL451069.2,lncRNA,0.0,4.0,0.0,0.0,0.0,1.0
AL451069.3,lncRNA,1.0,0.0,0.0,0.0,1.0,3.0
AL451070.1,lncRNA,0.0,0.0,0.0,0.5,0.5,0.0
AL451074.5,lncRNA,0.0,0.0,0.0,0.0,1.0,2.0
AL451080.1,lncRNA,0.0,1.0,0.0,0.0,1.0,2.0
AL451085.1,lncRNA,0.0,0.0,0.0,1.0,5.0,5.0
AL451085.2,lncRNA,0.5,2.0,2.5,0.5,11.0,10.0
AL451105.1,lncRNA,0.0,2.0,0.0,2.0,2.0,4.0
AL451123.1,lncRNA,2.5,12.5,7.5,10.5,16.5,16.5
AL451123.2,lncRNA,2.0,0.0,0.0,0.0,0.0,1.0
AL451127.2,lncRNA,0.0,2.0,0.0,2.0,2.0,2.0
AL451129.1,lncRNA,0.0,0.0,1.0,0.0,2.0,0.0
AL451137.2,lncRNA,0.0,0.0,0.0,0.0,1.0,0.0
AL451140.1,lncRNA,0.0,0.0,0.0,0.0,0.0,1.0
AL451164.1,lncRNA,0.0,0.0,1.0,0.0,0.0,0.0
AL451164.2,lncRNA,0.0,0.33,0.0,0.0,0.83,5.67
AL451164.3,lncRNA,2.0,0.0,0.0,3.0,4.0,4.0
AL451166.1,lncRNA,0.0,1.0,1.0,0.0,4.0,2.0
AL499602.1,lncRNA,0.0,0.0,2.0,0.0,1.0,5.0
AL499604.1,lncRNA,2.0,0.0,0.0,0.0,3.0,2.0
AL499627.1,lncRNA,1.0,0.0,0.0,1.0,22.0,6.0
AL499627.2,lncRNA,0.0,0.0,3.0,0.0,11.0,7.0
AL500522.1,lncRNA,0.0,0.0,0.0,0.0,1.0,0.0
AL512274.1,lncRNA,4.0,4.0,0.0,5.0,2.0,5.0
AL512283.2,lncRNA,1.0,1.0,0.0,3.0,1.0,3.0
AL512283.3,lncRNA,0.0,0.0,0.0,3.0,0.0,3.0
AL512288.1,lncRNA,13.0,31.0,9.5,24.5,55.5,86.5
AL512306.2,lncRNA,0.0,3.0,2.0,1.0,4.0,8.0
AL512306.3,lncRNA,2.0,2.0,1.0,1.0,5.0,8.0
AL512308.1,lncRNA,1.0,0.0,1.0,0.0,2.0,7.0
AL512310.10,lncRNA,0.0,0.0,0.0,6.0,1.0,0.0
AL512310.11,lncRNA,0.5,5.0,0.33,0.0,0.33,0.0
AL512310.2,lncRNA,0.0,0.0,0.0,2.0,2.0,2.5
AL512310.9,lncRNA,0.5,1.0,0.33,0.0,0.33,0.0
AL512328.1,lncRNA,0.0,0.0,0.0,1.0,0.5,2.5
AL512329.2,lncRNA,0.0,0.0,0.0,1.0,0.0,0.0
AL512330.1,lncRNA,0.0,0.0,0.0,0.0,0.0,3.0
AL512347.1,lncRNA,1.0,0.0,0.0,0.0,0.0,0.0
AL512353.1,lncRNA,0.0,3.0,3.0,1.0,11.0,12.5
AL512356.1,lncRNA,0.5,1.5,0.0,1.0,2.0,1.5
AL512356.4,lncRNA,1.0,2.0,0.5,0.5,0.0,0.0
AL512356.5,lncRNA,0.0,0.0,0.0,1.0,10.0,10.0
AL512357.1,lncRNA,1.0,0.0,0.0,0.0,1.0,1.0
AL512357.2,lncRNA,0.0,0.0,0.0,0.0,1.0,1.0
AL512358.1,lncRNA,0.0,0.0,0.0,0.0,1.0,0.0
AL512358.2,lncRNA,0.0,0.0,0.0,0.0,0.0,1.0
AL512363.1,lncRNA,0.0,0.0,1.0,0.0,0.0,0.0
AL512366.1,lncRNA,0.0,0.0,0.0,0.0,1.0,2.0
AL512380.1,lncRNA,0.0,1.0,1.0,0.0,4.0,7.0
AL512380.2,lncRNA,1.0,1.0,1.5,1.5,9.0,10.5
AL512408.1,lncRNA,3.0,2.5,1.0,0.0,9.5,12.5
AL512413.1,lncRNA,1.0,1.0,1.0,2.0,0.0,0.0
AL512424.1,lncRNA,6.0,0.0,0.0,1.0,8.0,1.0
AL512427.2,lncRNA,0.0,0.0,0.0,0.0,0.0,2.0
AL512444.1,lncRNA,0.0,1.0,0.0,0.0,1.0,2.0
AL512452.1,lncRNA,0.0,0.0,0.0,0.0,1.0,0.0
AL512484.1,lncRNA,1.0,1.0,0.0,1.0,2.0,1.0
AL512590.3,lncRNA,0.0,1.0,0.0,0.0,2.0,4.0
AL512598.1,lncRNA,1.0,0.0,0.0,0.0,0.0,3.0
AL512598.2,lncRNA,0.0,1.0,25.0,29.0,29.83,1.5
AL512603.1,lncRNA,0.0,0.0,0.0,0.0,1.0,2.0
AL512603.2,lncRNA,0.0,0.0,0.0,0.0,1.0,1.0
AL512604.2,lncRNA,0.0,0.0,1.0,0.0,2.0,1.0
AL512604.3,lncRNA,9.0,6.0,20.0,7.0,69.0,52.0
AL512622.1,lncRNA,0.0,0.5,0.0,1.0,16.0,3.0
AL512624.2,lncRNA,0.0,0.0,0.0,2.0,4.0,5.0
AL512625.1,lncRNA,0.5,0.0,1.0,2.0,3.5,2.0
AL512625.2,lncRNA,0.0,1.0,0.0,0.0,3.0,4.0
AL512625.3,lncRNA,0.0,1.0,1.0,3.0,5.0,4.0
AL512631.1,lncRNA,0.0,1.0,0.0,0.0,0.0,0.0
AL512631.2,lncRNA,3.0,5.5,1.0,1.0,13.5,11.0
AL512634.1,lncRNA,1.0,2.0,1.0,0.0,9.0,5.0
AL512638.3,lncRNA,2.0,1.0,6.0,5.0,8.0,8.0
AL512641.1,lncRNA,4.0,3.0,0.0,2.0,2.0,5.0
AL512643.1,lncRNA,0.0,0.0,0.0,0.0,1.0,0.0
AL512643.2,lncRNA,0.0,0.0,0.0,1.0,6.0,4.0
AL512649.2,lncRNA,0.0,0.0,1.0,0.0,0.0,3.0
AL512655.1,lncRNA,1.0,0.0,0.0,0.0,0.0,0.0
AL512658.1,lncRNA,0.0,0.0,0.0,0.0,3.0,1.0
AL512658.2,lncRNA,4.0,5.0,4.0,1.0,14.0,10.0
AL512662.1,lncRNA,1.5,0.0,1.5,0.0,6.0,1.5
AL512770.1,lncRNA,3.0,2.0,1.0,1.0,17.0,8.0
AL512785.1,lncRNA,0.0,1.0,0.0,0.0,1.0,0.0
AL512791.1,lncRNA,0.5,0.0,0.0,0.0,0.5,2.0
AL512791.2,lncRNA,4.0,2.0,3.0,1.0,14.0,10.0
AL513008.1,lncRNA,0.0,0.0,0.0,0.0,1.0,0.0
AL513013.1,lncRNA,0.0,0.0,2.0,0.0,4.0,11.0
AL513122.2,lncRNA,0.0,1.0,0.0,0.0,0.5,0.33
AL513128.1,lncRNA,1.0,10.0,6.0,6.0,56.0,77.0
AL513128.3,lncRNA,0.0,1.0,0.0,4.0,1.0,2.0
AL513164.1,lncRNA,14.0,6.0,9.0,13.0,41.0,35.0
AL513165.1,lncRNA,0.0,0.0,0.0,0.0,1.0,1.0
AL513166.1,lncRNA,3.0,5.0,1.0,3.0,3.0,15.0
AL513188.1,lncRNA,0.0,2.0,0.0,1.0,0.0,1.0
AL513190.1,lncRNA,0.5,0.0,0.0,0.0,6.0,1.0
AL513210.1,lncRNA,1.0,1.0,3.0,2.0,8.0,8.0
AL513217.1,lncRNA,0.5,0.0,0.5,0.5,1.5,3.5
AL513218.1,lncRNA,0.0,0.0,0.0,0.0,0.0,0.5
AL513218.2,lncRNA,0.0,0.0,0.0,0.0,1.0,1.0
AL513220.1,lncRNA,1.0,1.0,4.0,2.0,10.0,7.0
AL513303.1,lncRNA,0.0,1.0,0.0,0.0,2.0,1.0
AL513304.1,lncRNA,1.0,0.0,0.0,0.0,0.0,2.0
AL513314.1,lncRNA,0.0,0.0,0.0,0.0,1.0,0.0
AL513314.2,lncRNA,0.0,2.0,0.0,0.0,0.0,0.0
AL513317.1,lncRNA,0.0,0.0,0.0,1.0,2.0,2.0
AL513318.1,lncRNA,1.0,3.0,0.0,0.0,4.0,5.0
AL513320.1,lncRNA,1.0,1.0,3.0,0.0,5.0,3.0
AL513323.1,lncRNA,0.0,0.0,0.0,0.0,3.0,3.0
AL513324.1,lncRNA,1.0,4.0,0.0,1.0,7.0,7.0
AL513327.1,lncRNA,1.0,1.0,1.0,3.0,11.0,9.0
AL513327.2,lncRNA,0.0,0.0,0.0,0.0,3.0,0.0
AL513348.1,lncRNA,0.0,0.0,0.0,1.0,0.0,5.0
AL513412.1,lncRNA,0.0,0.0,0.0,1.0,0.0,1.0
AL513422.1,lncRNA,2.0,0.0,3.0,1.0,6.0,7.0
AL513477.2,lncRNA,0.0,1.0,0.0,3.0,0.0,0.0
AL513478.4,lncRNA,0.0,0.0,0.0,2.0,0.0,1.0
AL513487.1,lncRNA,0.0,0.0,0.0,3.0,0.0,4.0
AL513493.1,lncRNA,0.0,0.0,0.0,1.0,1.0,0.0
AL513523.3,lncRNA,0.0,0.0,0.0,0.0,0.0,0.5
AL513523.4,lncRNA,0.0,1.5,0.0,0.5,0.0,0.0
AL513524.1,lncRNA,0.0,0.0,0.0,1.0,0.0,4.0
AL513534.2,lncRNA,0.0,3.0,0.0,4.0,2.0,5.0
AL513542.1,lncRNA,0.0,0.0,0.0,0.5,2.0,1.0
AL513548.1,lncRNA,1.0,1.0,0.0,2.0,1.0,1.0
AL513548.3,lncRNA,0.0,1.0,0.0,5.0,5.0,4.0
AL513548.4,lncRNA,0.0,1.0,0.0,0.0,0.0,0.0
AL513550.1,lncRNA,0.0,1.0,1.0,1.0,4.5,5.0
AL583722.1,lncRNA,0.0,0.0,0.5,2.0,0.5,0.0
AL583722.2,lncRNA,1.0,0.0,0.0,1.0,0.0,3.0
AL583722.3,lncRNA,1.0,0.0,0.0,0.0,8.0,10.0
AL583785.1,lncRNA,2.0,4.0,5.0,2.0,51.0,41.0
AL583804.1,lncRNA,0.0,0.0,0.0,0.0,0.0,1.0
AL583805.2,lncRNA,0.0,0.0,0.0,1.0,0.0,0.0
AL583808.1,lncRNA,0.0,1.0,0.0,1.0,4.0,4.5
AL583809.1,lncRNA,0.0,0.0,0.0,0.0,1.0,1.0
AL583810.1,lncRNA,0.0,0.0,0.0,1.0,3.0,2.0
AL583810.2,lncRNA,6.0,4.0,2.0,4.0,40.0,29.0
AL583810.3,lncRNA,0.0,0.0,0.0,0.0,1.0,1.0
AL583824.1,lncRNA,0.0,0.0,0.0,0.0,2.0,3.0
AL583825.1,lncRNA,6.0,0.0,1.0,0.0,3.0,4.0
AL583827.1,lncRNA,1.0,0.0,2.0,0.0,7.0,4.0
AL583839.1,lncRNA,0.0,0.0,0.0,0.0,1.0,0.0
AL583852.1,lncRNA,0.0,0.0,0.0,0.0,2.0,0.0
AL583854.1,lncRNA,0.0,0.0,0.0,0.0,1.0,0.0
AL583859.1,lncRNA,0.0,0.0,0.0,0.0,1.0,0.0
AL583859.3,lncRNA,0.0,0.0,1.0,2.0,7.0,1.0
AL589166.1,lncRNA,0.0,1.0,0.0,1.0,2.0,1.0
AL589182.1,lncRNA,0.0,0.0,0.0,0.0,0.0,1.0
AL589642.1,lncRNA,0.0,0.0,0.0,2.0,2.0,2.0
AL589645.1,lncRNA,0.0,1.0,0.0,1.0,10.0,4.0
AL589669.1,lncRNA,0.0,0.0,2.0,0.0,4.0,5.0
AL589678.1,lncRNA,1.0,1.0,0.0,4.0,13.0,5.0
AL589684.1,lncRNA,0.0,0.0,0.0,0.0,1.0,0.0
AL589693.1,lncRNA,0.0,0.0,0.0,0.0,1.0,2.0
AL589702.1,lncRNA,1.0,3.0,1.0,0.0,2.0,4.0
AL589739.1,lncRNA,2.0,0.0,0.0,0.0,5.0,1.0
AL589740.1,lncRNA,31.0,24.0,18.0,23.0,128.0,79.0
AL589743.1,lncRNA,0.0,2.0,0.0,0.0,1.0,0.0
AL589743.3,lncRNA,0.0,1.0,2.0,6.0,5.0,9.0
AL589745.1,lncRNA,4.0,1.0,2.0,1.0,18.0,22.0
AL589765.1,lncRNA,0.0,2.0,0.0,0.0,0.0,0.0
AL589765.2,lncRNA,0.0,0.0,0.0,0.0,0.5,1.0
AL589765.4,lncRNA,0.0,0.0,0.0,0.5,0.5,1.0
AL589765.5,lncRNA,0.0,0.0,0.0,0.0,1.5,0.5
AL589765.6,lncRNA,0.0,0.0,0.0,0.0,0.0,2.0
AL589765.7,lncRNA,1.0,0.0,0.0,0.0,0.0,1.0
AL589787.1,lncRNA,0.0,2.0,1.0,1.0,7.0,4.5
AL589787.2,lncRNA,0.0,2.0,0.0,5.0,7.0,2.0
AL589794.2,lncRNA,0.0,0.5,1.0,0.0,1.5,0.0
AL589826.2,lncRNA,1.0,2.0,2.0,2.0,7.0,11.0
AL589843.1,lncRNA,2.0,1.0,0.0,5.0,4.0,2.0
AL589863.1,lncRNA,0.0,0.0,0.0,1.0,1.0,0.0
AL589863.2,lncRNA,1.0,0.0,1.0,0.0,0.0,0.0
AL589923.1,lncRNA,0.0,1.0,0.0,0.0,5.0,8.0
AL589935.1,lncRNA,0.0,2.0,2.0,7.0,7.33,5.67
AL589935.3,lncRNA,0.0,0.0,0.0,0.0,1.0,0.0
AL589986.1,lncRNA,0.0,0.0,0.0,0.0,1.5,1.0
AL589987.2,lncRNA,0.0,1.0,0.0,2.0,5.0,3.0
AL589990.1,lncRNA,0.5,0.0,0.0,0.0,1.0,0.5
AL590004.3,lncRNA,2.0,1.0,3.0,2.0,15.0,8.0
AL590009.1,lncRNA,3.0,4.0,0.0,0.0,13.0,25.0
AL590027.1,lncRNA,0.0,0.0,0.0,0.0,2.0,0.0
AL590062.1,lncRNA,0.5,0.0,1.0,1.0,4.5,3.5
AL590064.1,lncRNA,0.0,0.0,0.0,0.0,0.0,2.0
AL590068.1,lncRNA,0.0,0.0,0.0,0.0,0.5,0.0
AL590068.3,lncRNA,1.0,1.0,0.0,5.0,3.0,2.0
AL590068.4,lncRNA,0.0,1.0,0.0,0.0,0.5,1.0
AL590093.1,lncRNA,1.0,0.0,0.0,1.0,1.0,0.0
AL590096.1,lncRNA,0.0,0.0,0.0,0.0,1.0,3.0
AL590101.1,lncRNA,0.0,0.0,0.0,0.0,0.0,3.0
AL590133.1,lncRNA,0.0,0.0,2.0,2.0,4.0,5.0
AL590133.2,lncRNA,0.0,1.0,1.0,0.5,1.5,0.0
AL590138.1,lncRNA,4.0,1.0,0.0,0.0,1.0,1.0
AL590226.1,lncRNA,1.0,2.0,2.0,1.0,2.0,0.0
AL590227.1,lncRNA,1.0,0.0,0.0,0.0,0.0,0.0
AL590235.1,lncRNA,1.0,2.0,0.0,0.0,2.0,0.0
AL590235.2,lncRNA,0.0,0.0,0.0,0.0,6.0,5.0
AL590282.2,lncRNA,0.0,0.0,0.0,0.0,1.0,2.0
AL590286.2,lncRNA,0.0,0.0,0.0,0.0,1.0,0.0
AL590302.1,lncRNA,0.0,0.0,0.0,1.0,1.0,0.0
AL590302.2,lncRNA,0.0,5.0,0.0,0.0,3.0,1.0
AL590369.1,lncRNA,0.0,0.0,0.0,0.0,2.0,2.5
AL590378.1,lncRNA,1.0,0.0,0.0,0.0,1.0,0.0
AL590385.2,lncRNA,0.5,0.0,0.5,1.5,1.5,1.0
AL590399.1,lncRNA,0.0,1.0,0.0,0.5,0.0,0.0
AL590399.3,lncRNA,0.0,1.0,0.0,0.0,0.0,0.0
AL590399.5,lncRNA,0.0,1.0,0.0,1.0,4.0,1.0
AL590408.1,lncRNA,0.0,0.0,1.0,0.0,0.0,3.0
AL590422.1,lncRNA,0.0,1.0,0.0,0.0,0.0,0.0
AL590428.1,lncRNA,2.0,0.0,2.5,2.0,1.5,5.5
AL590434.1,lncRNA,0.0,0.0,0.0,1.0,3.0,1.0
AL590438.1,lncRNA,0.0,2.0,1.0,4.0,7.0,4.0
AL590440.1,lncRNA,0.5,0.0,1.0,0.0,0.5,0.5
AL590440.2,lncRNA,1.0,1.0,0.0,3.0,2.0,2.0
AL590483.1,lncRNA,0.0,0.0,0.0,0.0,1.0,1.0
AL590483.2,lncRNA,0.0,1.0,1.0,0.0,1.0,3.0
AL590483.4,lncRNA,1.0,1.0,0.0,0.0,9.0,7.0
AL590490.1,lncRNA,0.0,5.0,0.0,0.0,1.0,1.0
AL590491.2,lncRNA,0.0,1.0,0.0,0.0,0.0,0.0
AL590550.1,lncRNA,0.0,0.0,1.0,0.0,1.0,1.0
AL590556.3,lncRNA,0.0,0.0,0.0,0.0,0.83,0.33
AL590560.3,lncRNA,6.0,1.0,2.0,3.5,13.42,9.17
AL590560.5,lncRNA,0.0,0.0,1.0,0.0,1.0,1.0
AL590608.1,lncRNA,1.0,0.0,0.0,2.0,1.0,1.0
AL590609.2,lncRNA,0.0,1.0,0.0,0.0,1.0,0.0
AL590617.2,lncRNA,6.0,0.0,1.0,1.0,4.0,1.0
AL590627.2,lncRNA,0.0,0.5,0.0,0.0,1.5,1.0
AL590640.1,lncRNA,0.0,0.0,0.0,2.0,1.0,7.0
AL590644.1,lncRNA,0.0,1.0,0.0,16.5,10.5,84.0
AL590648.2,lncRNA,7.0,0.5,2.0,5.5,10.5,5.5
AL590652.1,lncRNA,0.0,1.0,0.0,3.5,10.5,8.5
AL590666.1,lncRNA,0.0,1.0,1.0,0.0,0.0,0.0
AL590666.2,lncRNA,0.0,0.0,0.5,0.0,4.0,3.5
AL590666.3,lncRNA,0.0,4.0,0.0,6.0,9.0,7.0
AL590666.4,lncRNA,0.0,0.0,0.0,3.0,4.0,1.0
AL590666.5,lncRNA,0.0,0.0,0.5,1.0,2.5,2.0
AL590677.1,lncRNA,0.5,0.5,0.0,1.0,1.0,1.5
AL590681.1,lncRNA,0.0,1.0,0.0,0.0,1.0,1.0
AL590705.1,lncRNA,1.0,3.0,9.5,9.0,31.5,43.0
AL590705.2,lncRNA,0.0,0.0,0.0,1.0,1.0,0.0
AL590705.3,lncRNA,0.0,0.0,0.0,2.0,4.0,3.0
AL590714.1,lncRNA,0.0,0.0,0.0,0.5,2.5,0.5
AL590727.1,lncRNA,0.0,0.0,0.0,0.0,1.0,0.0
AL590729.1,lncRNA,0.0,0.0,0.0,0.0,0.0,2.0
AL590730.1,lncRNA,0.0,0.0,0.0,0.0,1.0,0.0
AL590764.1,lncRNA,0.0,1.0,0.0,0.0,0.0,0.0
AL590787.1,lncRNA,0.0,0.0,0.0,0.0,5.0,6.0
AL590807.1,lncRNA,3.0,3.0,0.0,2.0,3.0,7.0
AL590814.1,lncRNA,9.0,1.0,2.0,6.0,5.0,1.0
AL590822.2,lncRNA,0.0,0.0,2.0,3.0,9.5,12.5
AL590822.3,lncRNA,9.0,13.0,20.0,20.5,86.5,73.5
AL590989.1,lncRNA,0.5,0.5,0.5,0.5,8.5,6.5
AL591002.1,lncRNA,0.0,0.0,3.0,2.0,3.0,1.0
AL591022.1,lncRNA,0.0,1.0,0.0,0.0,0.0,1.0
AL591030.1,lncRNA,0.0,0.0,0.0,0.0,1.0,0.0
AL591043.2,lncRNA,0.0,5.0,0.0,2.0,11.0,3.0
AL591069.1,lncRNA,1.0,0.0,0.0,1.0,8.0,4.0
AL591074.1,lncRNA,0.0,0.0,1.0,2.0,1.0,2.0
AL591074.2,lncRNA,0.0,0.0,0.0,0.0,2.0,1.0
AL591115.1,lncRNA,0.0,1.0,1.0,1.5,1.5,1.0
AL591135.2,lncRNA,0.0,0.0,0.0,4.0,4.0,1.0
AL591163.1,lncRNA,0.0,0.0,1.0,3.0,7.0,12.0
AL591167.1,lncRNA,0.0,0.0,0.0,0.0,1.0,0.0
AL591178.1,lncRNA,0.0,1.0,0.0,3.0,6.0,4.0
AL591212.1,lncRNA,0.0,2.5,2.5,0.0,3.5,8.5
AL591222.1,lncRNA,9.0,2.0,2.0,4.0,11.0,11.0
AL591242.1,lncRNA,1.0,0.0,2.0,1.0,3.0,6.5
AL591368.1,lncRNA,3.0,1.0,3.0,2.0,5.0,3.0
AL591378.1,lncRNA,1.0,0.0,0.0,0.0,5.0,3.0
AL591428.1,lncRNA,4.0,8.0,4.0,5.0,3.0,4.0
AL591463.1,lncRNA,0.0,1.0,0.0,0.0,0.0,3.0
AL591468.1,lncRNA,0.0,0.0,0.0,3.0,9.0,13.0
AL591501.1,lncRNA,2.0,1.0,4.0,3.0,10.0,13.0
AL591503.1,lncRNA,0.0,0.0,0.0,0.0,0.0,1.0
AL591504.1,lncRNA,0.0,0.0,0.5,0.0,0.0,0.0
AL591504.2,lncRNA,0.0,0.0,0.5,0.0,0.0,1.0
AL591506.1,lncRNA,0.0,0.0,0.0,3.0,3.0,2.0
AL591518.1,lncRNA,1.0,0.0,0.0,0.0,6.0,6.0
AL591519.1,lncRNA,2.0,0.0,0.0,5.0,1.5,4.0
AL591543.1,lncRNA,1.0,0.0,1.0,0.0,1.0,1.0
AL591623.1,lncRNA,0.0,1.0,3.0,3.0,17.0,10.0
AL591643.1,lncRNA,0.0,0.0,2.0,1.0,25.0,15.0
AL591684.2,lncRNA,0.5,0.5,0.5,2.5,5.5,3.5
AL591686.1,lncRNA,0.0,0.0,0.0,0.0,3.0,1.0
AL591686.2,lncRNA,0.0,0.0,0.0,0.0,3.0,4.0
AL591719.2,lncRNA,0.0,0.0,0.0,0.0,5.0,0.0
AL591721.1,lncRNA,1.5,1.5,0.0,0.0,1.0,0.0
AL591742.2,lncRNA,0.0,1.0,1.0,1.0,3.0,2.0
AL591767.1,lncRNA,0.0,0.0,0.0,0.0,1.0,0.0
AL591770.1,lncRNA,0.0,0.0,0.0,0.0,1.0,0.0
AL591845.1,lncRNA,5.0,2.0,3.0,5.0,11.0,9.0
AL591848.1,lncRNA,0.0,0.0,0.0,0.0,0.0,1.0
AL591848.2,lncRNA,2.0,1.0,0.0,2.0,5.0,5.0
AL591848.3,lncRNA,5.0,2.0,0.0,1.0,1.0,5.0
AL591888.1,lncRNA,0.0,0.0,0.0,0.0,1.0,0.0
AL591895.1,lncRNA,1.0,1.0,0.0,0.0,9.0,1.0
AL591926.2,lncRNA,0.0,0.0,0.0,0.0,1.0,0.0
AL592071.1,lncRNA,0.0,0.0,0.0,1.0,1.0,0.0
AL592078.1,lncRNA,0.5,0.5,0.0,0.0,1.0,0.5
AL592078.2,lncRNA,7.0,6.0,19.0,12.0,89.0,58.0
AL592114.3,lncRNA,2.0,0.5,0.0,0.0,4.0,2.0
AL592146.1,lncRNA,0.0,0.0,0.0,0.5,0.5,0.5
AL592146.2,lncRNA,2.0,2.0,1.0,3.0,8.0,4.0
AL592148.3,lncRNA,1.0,1.0,0.0,1.0,3.5,5.0
AL592156.1,lncRNA,0.0,2.0,0.0,0.0,0.0,0.0
AL592161.1,lncRNA,0.0,0.0,0.0,0.0,0.5,3.5
AL592164.1,lncRNA,0.0,1.0,1.0,1.0,8.0,8.0
AL592164.2,lncRNA,0.0,0.0,0.0,0.0,2.0,0.0
AL592166.1,lncRNA,0.0,1.0,0.5,0.0,3.5,2.5
AL592182.2,lncRNA,10.0,13.0,4.0,5.0,36.0,24.0
AL592211.1,lncRNA,0.0,0.0,0.0,1.0,1.0,0.0
AL592211.2,lncRNA,0.0,0.0,3.0,0.0,5.0,5.0
AL592295.3,lncRNA,5.0,3.0,17.0,2.0,10.0,12.0
AL592295.4,lncRNA,14.0,10.0,39.0,30.0,89.0,129.0
AL592295.5,lncRNA,2.0,6.0,0.0,2.0,4.0,6.5
AL592295.6,lncRNA,1.0,0.0,0.0,1.0,2.0,5.0
AL592301.1,lncRNA,6.0,5.0,6.0,1.0,4.0,3.0
AL592309.1,lncRNA,0.0,0.0,0.0,0.0,0.0,3.0
AL592402.1,lncRNA,0.0,0.0,0.0,0.0,3.0,0.0
AL592424.1,lncRNA,1.0,0.0,6.0,2.0,56.0,39.0
AL592429.2,lncRNA,35.0,49.0,33.0,21.0,150.0,182.0
AL592430.1,lncRNA,0.5,0.0,0.0,0.0,0.5,0.0
AL592430.2,lncRNA,0.0,0.0,0.5,0.5,1.0,0.0
AL592435.1,lncRNA,0.0,0.0,0.0,0.0,1.0,1.0
AL592463.1,lncRNA,3.0,2.0,0.0,1.0,0.0,2.0
AL592464.1,lncRNA,0.0,0.0,0.0,1.0,0.0,3.0
AL592464.2,lncRNA,0.0,0.0,0.0,1.0,1.0,2.0
AL592464.3,lncRNA,0.0,0.0,0.0,0.0,0.0,2.0
AL592466.1,lncRNA,0.0,0.0,0.0,0.0,2.0,1.0
AL592494.2,lncRNA,0.0,1.0,0.0,0.0,0.0,0.0
AL592546.2,lncRNA,0.0,0.0,1.0,3.5,7.5,2.0
AL592546.3,lncRNA,0.0,0.0,0.0,0.0,2.0,3.0
AL593844.1,lncRNA,0.0,1.0,0.0,0.0,2.0,2.0
AL596087.2,lncRNA,0.5,2.0,0.0,0.0,2.0,2.5
AL596087.3,lncRNA,0.0,1.0,1.0,0.0,4.0,3.0
AL596094.1,lncRNA,0.0,1.0,0.0,0.0,0.0,0.5
AL596188.1,lncRNA,0.0,0.0,0.0,0.0,1.0,0.0
AL596202.1,lncRNA,0.33,2.0,0.0,0.0,2.0,8.33
AL596211.1,lncRNA,3.0,0.0,0.0,0.0,2.0,9.0
AL596214.1,lncRNA,0.0,2.0,1.0,5.0,8.0,7.0
AL596218.1,lncRNA,0.0,1.0,0.0,0.0,3.0,1.0
AL596223.1,lncRNA,0.0,0.0,0.0,0.0,4.0,3.0
AL596223.2,lncRNA,0.0,2.0,0.0,0.0,0.0,1.5
AL596244.1,lncRNA,7.0,5.0,3.0,5.0,26.0,18.0
AL596247.1,lncRNA,0.0,3.0,1.0,7.0,0.0,3.0
AL596257.1,lncRNA,1.0,3.0,3.0,6.0,5.0,12.0
AL596325.1,lncRNA,2.0,0.0,0.0,0.0,3.0,4.0
AL596325.2,lncRNA,0.0,0.0,0.0,3.0,1.0,0.0
AL596330.1,lncRNA,0.0,0.0,0.0,0.0,3.0,4.0
AL596442.1,lncRNA,1.0,0.0,0.0,0.0,3.0,7.0
AL596442.2,lncRNA,0.0,0.0,1.0,0.0,2.0,5.0
AL596442.3,lncRNA,0.0,0.0,0.0,0.0,2.0,3.0
AL596442.4,lncRNA,0.0,0.0,0.0,0.0,6.0,4.0
AL603756.1,lncRNA,4.5,6.0,6.0,1.0,11.0,17.0
AL603783.1,lncRNA,5.0,3.0,5.0,4.0,44.0,26.0
AL603824.1,lncRNA,2.0,6.0,2.0,1.0,0.0,4.0
AL603832.1,lncRNA,0.0,0.0,0.0,1.0,4.5,1.0
AL603832.2,lncRNA,0.0,1.0,2.0,7.0,1.0,4.0
AL603839.2,lncRNA,0.0,0.0,0.5,0.0,0.0,0.0
AL603839.3,lncRNA,1.0,1.0,0.0,1.0,5.0,0.0
AL603840.1,lncRNA,1.0,2.0,3.0,2.0,11.0,11.0
AL603962.1,lncRNA,0.0,0.0,0.5,0.0,0.0,0.5
AL604028.1,lncRNA,0.0,0.0,0.0,0.0,0.0,1.0
AL606468.1,lncRNA,0.0,0.0,0.0,1.0,0.0,0.0
AL606469.1,lncRNA,1.0,3.0,1.0,0.0,7.0,7.5
AL606489.1,lncRNA,0.0,0.0,0.0,1.0,1.0,2.0
AL606491.1,lncRNA,0.0,0.0,0.0,0.0,0.0,2.0
AL606500.1,lncRNA,0.0,0.0,1.0,0.0,0.0,0.0
AL606516.1,lncRNA,0.0,1.0,0.0,1.0,3.0,1.0
AL606519.1,lncRNA,0.0,0.0,0.0,0.0,0.0,1.0
AL606534.1,lncRNA,0.0,0.0,0.0,0.0,0.5,0.0
AL606534.2,lncRNA,0.0,0.0,0.0,0.0,1.0,0.0
AL606537.1,lncRNA,2.0,1.0,1.0,1.0,15.0,4.0
AL606748.1,lncRNA,0.0,0.0,0.0,3.0,1.0,0.0
AL606753.2,lncRNA,0.0,0.0,2.0,1.0,5.0,2.0
AL606760.1,lncRNA,0.0,0.0,0.0,2.0,4.5,1.5
AL606760.2,lncRNA,0.0,1.0,0.0,0.0,1.5,0.0
AL606760.3,lncRNA,2.0,2.0,2.0,4.0,4.0,7.0
AL606804.1,lncRNA,2.0,0.5,1.5,1.0,4.5,7.0
AL606834.2,lncRNA,0.0,0.0,0.0,1.0,1.0,0.0
AL606923.2,lncRNA,2.0,0.0,0.0,0.0,0.0,3.0
AL606970.1,lncRNA,1.0,1.0,1.0,1.0,4.0,2.0
AL606970.2,lncRNA,0.0,2.0,0.0,0.0,1.0,2.0
AL606970.3,lncRNA,0.0,7.0,2.0,4.0,7.0,7.0
AL606970.4,lncRNA,0.0,0.0,0.0,0.0,1.0,1.0
AL606970.5,lncRNA,1.0,1.0,0.0,1.0,3.0,3.0
AL607028.1,lncRNA,0.0,0.0,0.0,0.0,0.0,1.0
AL611929.1,lncRNA,0.0,0.0,1.0,0.0,4.0,1.0
AL627095.2,lncRNA,0.0,0.0,0.0,4.0,1.0,2.0
AL627171.1,lncRNA,0.0,0.5,0.0,3.5,1.5,3.5
AL627171.2,lncRNA,1135.0,246.0,464.5,1212.0,569.5,292.5
AL627232.1,lncRNA,0.0,2.0,0.0,3.0,1.0,0.0
AL627308.3,lncRNA,0.0,0.0,0.0,0.0,2.0,0.0
AL627309.1,lncRNA,4.0,2.5,0.0,2.5,1.0,2.5
AL627309.3,lncRNA,1.0,1.5,0.0,0.5,1.0,1.5
AL627309.4,lncRNA,0.0,3.0,2.0,0.0,0.0,0.0
AL627309.5,lncRNA,1.0,5.0,1.0,4.0,0.0,2.0
AL627316.1,lncRNA,1.0,2.0,1.0,1.0,16.0,9.0
AL627422.2,lncRNA,1.5,2.0,0.0,4.0,9.0,8.0
AL627443.1,lncRNA,1.0,1.0,0.0,0.0,0.0,0.0
AL627443.3,lncRNA,0.0,0.0,0.0,1.0,3.0,4.0
AL645504.1,lncRNA,1.0,3.0,0.0,0.0,2.0,2.0
AL645507.1,lncRNA,0.0,0.0,0.0,1.0,1.0,1.0
AL645608.2,lncRNA,6.0,5.5,15.5,2.0,33.0,29.5
AL645608.4,lncRNA,0.0,1.5,0.5,1.0,0.0,1.5
AL645608.5,lncRNA,0.0,0.0,0.0,0.5,0.5,0.0
AL645608.6,lncRNA,0.0,0.0,1.0,0.0,6.0,9.0
AL645608.7,lncRNA,3.0,3.0,12.0,10.0,28.0,34.0
AL645608.8,lncRNA,2.5,0.0,1.0,1.0,3.5,6.0
AL645634.1,lncRNA,0.0,0.0,0.0,5.0,3.0,1.0
AL645634.2,lncRNA,0.0,0.0,0.0,0.0,1.0,0.0
AL645728.1,lncRNA,1.0,1.0,2.0,4.0,18.0,15.0
AL645768.1,lncRNA,1.0,8.0,5.0,3.0,29.0,20.0
AL645933.2,lncRNA,0.0,1.0,0.0,1.0,0.0,0.0
AL645933.3,lncRNA,0.0,0.5,2.33,2.0,1.0,0.5
AL645937.2,lncRNA,1.0,1.0,0.0,3.0,1.0,2.0
AL645937.4,lncRNA,2.0,0.0,2.0,0.0,7.0,3.0
AL645939.4,lncRNA,0.0,0.0,0.0,0.0,0.0,1.0
AL645939.5,lncRNA,8.0,3.0,7.0,3.0,20.0,7.0
AL645940.1,lncRNA,0.0,1.0,1.0,0.0,3.0,1.0
AL645941.1,lncRNA,0.0,0.0,1.0,2.0,3.0,0.0
AL645941.3,lncRNA,0.0,1.0,1.5,1.0,3.5,5.0
AL645944.2,lncRNA,4.0,3.0,2.0,1.0,10.0,3.0
AL646090.1,lncRNA,0.0,0.0,0.0,0.0,0.0,2.0
AL646090.2,lncRNA,1.0,0.0,0.0,0.0,3.0,5.0
AL662789.1,lncRNA,0.0,0.0,2.0,0.0,3.0,0.0
AL662791.1,lncRNA,0.0,1.0,0.0,0.0,2.0,0.0
AL662791.2,lncRNA,1.0,0.0,1.5,1.0,0.0,1.5
AL662797.1,lncRNA,1.0,0.0,0.0,0.0,1.5,0.0
AL662844.3,lncRNA,0.0,6.0,1.0,0.5,0.5,2.5
AL662844.4,lncRNA,1.0,1.0,0.0,1.0,5.0,2.5
AL662864.1,lncRNA,0.0,1.0,1.0,1.0,5.0,7.0
AL662873.1,lncRNA,16.0,41.0,13.0,32.0,92.0,146.0
AL662884.1,lncRNA,0.0,1.5,0.0,0.0,2.5,1.5
AL662884.2,lncRNA,0.0,0.0,1.0,0.0,0.5,1.0
AL662884.3,lncRNA,2.33,0.33,1.33,2.0,7.58,2.33
AL662884.5,lncRNA,5.0,1.0,2.0,2.0,6.0,3.0
AL662890.1,lncRNA,0.0,4.0,0.0,4.0,2.0,5.0
AL662907.3,lncRNA,0.0,0.0,0.0,0.0,3.0,0.0
AL663058.2,lncRNA,0.0,1.0,1.0,1.0,2.0,4.0
AL663074.1,lncRNA,0.0,1.0,0.0,0.0,1.0,1.0
AL669830.1,lncRNA,5.5,9.5,3.5,4.5,24.5,24.5
AL669831.2,lncRNA,0.0,2.0,0.0,1.0,0.0,1.0
AL669831.7,lncRNA,2.0,8.0,0.0,3.0,4.0,3.0
AL669841.1,lncRNA,0.0,0.0,0.0,0.0,0.0,2.0
AL669970.1,lncRNA,1.0,0.0,0.0,0.0,0.0,0.0
AL669970.2,lncRNA,0.0,0.0,0.0,1.0,0.0,2.0
AL669970.3,lncRNA,0.0,0.0,1.0,0.0,1.0,0.0
AL670729.1,lncRNA,0.5,0.0,0.0,0.5,1.0,0.5
AL670729.3,lncRNA,2.5,1.0,5.0,4.0,10.5,15.0
AL671710.1,lncRNA,2.0,2.0,1.5,0.5,5.5,2.5
AL671762.1,lncRNA,0.5,0.0,2.5,0.0,9.0,4.5
AL671883.3,lncRNA,0.0,0.0,0.0,0.0,2.0,2.0
AL672032.1,lncRNA,0.0,0.0,0.0,0.0,0.0,1.0
AL672277.1,lncRNA,0.0,1.0,0.0,0.0,2.0,2.0
AL672291.1,lncRNA,1.0,0.0,0.0,0.0,2.0,1.0
AL672310.1,lncRNA,0.0,2.0,0.0,10.0,1.0,3.0
AL683807.1,lncRNA,0.0,0.0,1.0,0.0,0.0,3.0
AL683807.2,lncRNA,0.0,5.0,2.0,0.0,1.0,0.0
AL683813.1,lncRNA,1.0,4.0,0.0,0.0,5.0,1.0
AL683887.1,lncRNA,0.0,0.0,0.0,0.0,0.0,1.0
AL691403.1,lncRNA,0.0,0.0,0.0,0.0,1.0,1.0
AL691403.2,lncRNA,0.0,0.0,3.0,2.0,3.0,1.0
AL691420.1,lncRNA,0.0,5.0,0.0,4.0,3.0,3.0
AL691432.2,lncRNA,0.0,0.5,3.0,1.5,31.0,17.5
AL691432.4,lncRNA,0.0,1.0,0.0,1.0,7.0,6.0
AL691447.2,lncRNA,4.0,0.0,0.0,1.0,3.0,3.0
AL691459.1,lncRNA,0.0,0.0,0.0,0.0,2.5,1.5
AL691482.3,lncRNA,0.0,0.0,1.0,0.0,1.0,1.0
AL691515.1,lncRNA,0.0,0.0,0.0,0.0,1.0,1.0
AL691515.2,lncRNA,0.0,0.0,2.0,0.0,0.0,0.0
AL691520.1,lncRNA,0.0,0.0,0.0,0.0,0.0,1.0
AL713851.1,lncRNA,1.0,3.0,1.0,3.0,7.0,5.0
AL713851.2,lncRNA,0.0,0.0,0.0,0.0,0.5,0.0
AL713852.1,lncRNA,2.0,1.0,1.0,3.0,19.0,18.5
AL713852.2,lncRNA,0.0,0.0,0.0,5.0,3.0,6.5
AL713866.1,lncRNA,2.0,6.0,2.0,1.0,12.0,16.0
AL713868.1,lncRNA,0.0,0.0,0.0,1.0,6.0,3.0
AL713923.1,lncRNA,0.0,0.0,0.0,0.0,1.0,0.0
AL713998.1,lncRNA,0.0,13.0,4.0,1.0,27.5,20.0
AL713998.3,lncRNA,0.0,0.0,0.0,0.0,0.5,0.0
AL713998.4,lncRNA,0.0,1.0,1.0,0.0,0.0,0.0
AL731533.1,lncRNA,1.0,0.0,1.0,3.0,3.0,0.0
AL731533.2,lncRNA,0.0,0.0,0.0,2.0,0.0,2.0
AL731537.1,lncRNA,0.0,0.0,0.0,3.0,0.0,0.0
AL731537.2,lncRNA,1.0,0.0,0.0,0.0,2.0,1.0
AL731553.1,lncRNA,2.0,2.0,1.0,1.0,6.0,7.0
AL731555.1,lncRNA,1.0,4.0,1.0,0.0,5.0,2.0
AL731557.1,lncRNA,2.0,1.0,0.0,1.0,6.0,6.0
AL731559.1,lncRNA,0.0,5.0,0.0,1.0,6.0,7.0
AL731563.3,lncRNA,2.0,2.0,0.0,0.0,0.0,4.0
AL731566.2,lncRNA,0.0,0.0,1.0,2.0,2.0,3.0
AL731567.1,lncRNA,2.0,0.0,0.0,0.0,1.0,0.0
AL731568.1,lncRNA,0.0,0.0,0.0,0.0,2.0,1.0
AL731569.1,lncRNA,4.0,0.0,0.0,4.0,15.0,12.0
AL731571.1,lncRNA,5.0,8.0,6.5,3.0,19.0,18.5
AL731577.1,lncRNA,0.0,3.0,1.0,0.0,1.0,1.0
AL731577.2,lncRNA,1.0,1.0,2.5,1.0,7.5,5.5
AL731702.1,lncRNA,3.0,15.0,3.0,6.0,33.0,38.0
AL731769.1,lncRNA,0.0,0.0,1.0,0.0,7.0,7.0
AL731769.2,lncRNA,7.0,23.5,14.0,13.0,146.0,242.0
AL732292.2,lncRNA,1.0,1.0,1.0,0.0,0.0,5.0
AL732314.4,lncRNA,0.0,0.0,1.0,0.0,6.0,11.0
AL732314.6,lncRNA,0.0,4.0,3.0,0.0,9.0,6.0
AL732372.1,lncRNA,0.0,0.0,0.0,0.0,0.0,2.0
AL732437.1,lncRNA,0.5,0.0,0.0,0.0,6.5,2.5
AL732437.2,lncRNA,2.0,4.0,1.0,7.0,27.0,24.0
AL732437.3,lncRNA,0.0,3.0,4.0,1.0,17.0,16.0
AL732509.1,lncRNA,2.0,4.0,3.0,2.0,15.0,6.0
AL772202.1,lncRNA,0.0,0.0,1.0,0.0,1.0,0.0
AL772307.1,lncRNA,0.0,1.0,0.5,1.0,1.5,0.0
AL772337.2,lncRNA,0.0,0.0,0.0,0.0,1.0,3.0
AL772363.1,lncRNA,2.0,3.0,7.0,3.0,16.0,17.0
AL773573.1,lncRNA,1.0,0.0,0.0,3.0,6.0,8.0
AL805961.1,lncRNA,4.0,4.0,2.0,6.0,5.0,8.0
AL807740.1,lncRNA,0.0,0.0,1.0,0.0,0.0,0.0
AL807742.1,lncRNA,1.0,0.0,4.0,3.0,16.0,15.0
AL807752.2,lncRNA,0.0,0.0,0.0,0.0,2.0,0.0
AL807752.3,lncRNA,1.5,1.0,0.5,1.0,1.0,3.0
AL807752.4,lncRNA,0.0,1.0,0.0,0.0,2.0,2.0
AL807752.5,lncRNA,1.0,0.0,2.0,1.0,4.0,0.0
AL807757.1,lncRNA,0.0,0.0,0.0,0.0,0.0,1.0
AL807757.2,lncRNA,0.0,1.0,0.0,0.0,2.0,2.0
AL807761.3,lncRNA,0.0,0.0,0.0,0.0,1.0,0.0
AL807761.4,lncRNA,0.0,0.0,1.0,3.5,9.0,4.0
AL807776.1,lncRNA,2.0,1.0,1.0,1.0,3.0,5.0
AL831711.1,lncRNA,0.0,2.0,9.0,0.0,8.0,12.0
AL844170.1,lncRNA,0.0,0.0,0.0,1.0,0.0,1.0
AL844175.1,lncRNA,0.0,0.0,0.0,0.0,1.0,2.0
AL844892.1,lncRNA,0.0,0.0,1.0,1.0,4.0,2.0
AL844892.2,lncRNA,0.0,3.0,1.0,1.0,13.0,7.0
AL844908.1,lncRNA,1.0,0.0,0.0,0.0,1.0,2.0
AL844908.2,lncRNA,0.0,0.0,0.0,0.0,7.0,2.0
AL845311.1,lncRNA,0.0,2.0,0.0,1.0,0.0,1.0
AL845552.2,lncRNA,0.0,0.0,1.0,0.0,1.5,2.5
AL928596.1,lncRNA,0.0,0.0,0.0,0.0,2.0,1.0
AL928654.1,lncRNA,3.0,3.0,1.0,5.0,7.0,3.0
AL928654.2,lncRNA,0.0,0.0,0.0,1.5,1.5,1.5
AL928921.1,lncRNA,0.0,0.0,0.0,0.0,2.0,0.0
AL929091.1,lncRNA,1.0,0.0,3.0,4.0,17.0,10.0
AL929236.1,lncRNA,0.0,0.0,0.0,0.0,0.0,1.0
AL929288.1,lncRNA,0.0,0.0,0.0,1.0,2.0,0.0
AL929472.2,lncRNA,0.5,0.0,0.0,0.0,0.5,0.0
AL929472.3,lncRNA,2.5,0.0,0.5,0.0,6.5,3.0
AL929601.1,lncRNA,1.0,0.0,2.0,0.0,0.0,1.0
AL929601.3,lncRNA,2.0,1.0,3.0,4.0,19.0,22.0
AL935212.1,lncRNA,0.0,1.0,0.0,0.0,1.0,0.0
AL953883.1,lncRNA,0.0,1.0,0.0,0.0,0.0,0.0
AL954642.1,lncRNA,0.0,0.0,0.0,1.0,1.0,0.0
ALDH1L1-AS1,lncRNA,0.0,0.0,0.0,0.5,1.0,0.0
ALDH1L1-AS2,lncRNA,0.5,2.5,2.0,1.5,7.5,10.5
ALG14-AS1,lncRNA,0.0,0.0,0.0,0.0,2.0,0.0
ALG1L9P,lncRNA,3.0,3.0,2.0,5.5,11.0,8.5
ALKBH3-AS1,lncRNA,0.0,1.0,0.0,0.0,1.0,3.0
ALMS1-IT1,lncRNA,2.0,0.0,0.0,0.0,3.0,2.0
ALOX12-AS1,lncRNA,0.0,0.0,0.0,5.5,8.5,9.83
ANAPC1P2,lncRNA,0.0,1.0,2.5,2.0,6.5,6.0
ANK2-AS1,lncRNA,1.0,0.0,1.0,2.0,3.0,5.0
ANK3-DT,lncRNA,0.0,2.0,0.0,0.0,0.0,1.0
ANKRD10-IT1,lncRNA,0.0,0.0,0.0,0.0,1.0,0.0
ANKRD33B-AS1,lncRNA,0.0,1.0,0.0,0.0,2.0,0.0
ANKRD34C-AS1,lncRNA,1.0,1.0,4.0,2.0,33.0,19.5
ANKRD44-AS1,lncRNA,0.0,1.0,0.0,3.0,2.0,1.0
ANKRD44-IT1,lncRNA,0.0,0.0,0.0,0.0,2.0,1.0
ANKRD62P1-PARP4P3,lncRNA,0.0,0.0,0.0,0.0,0.5,0.0
ANO1-AS1,lncRNA,0.0,0.0,0.5,0.0,0.5,0.5
ANO3-AS1,lncRNA,0.0,0.0,0.0,1.0,4.0,1.0
AOAH-IT1,lncRNA,0.0,1.0,0.0,0.0,3.0,6.0
AOX3P-AOX2P,lncRNA,0.0,0.0,0.0,0.5,2.5,1.5
AP000146.1,lncRNA,4.0,1.0,2.0,2.0,2.0,1.0
AP000221.1,lncRNA,0.0,0.0,0.0,0.0,3.0,0.0
AP000223.1,lncRNA,0.0,0.0,0.0,0.0,0.0,2.0
AP000224.1,lncRNA,3.0,3.0,2.0,4.0,4.0,2.0
AP000233.1,lncRNA,0.0,0.0,0.0,0.0,1.0,0.0
AP000233.2,lncRNA,0.0,0.0,0.0,1.0,1.0,0.0
AP000235.1,lncRNA,0.0,0.0,0.0,0.0,1.0,2.0
AP000238.1,lncRNA,0.0,0.0,0.0,0.0,1.0,0.0
AP000240.1,lncRNA,0.0,0.0,0.0,0.0,3.0,3.0
AP000248.1,lncRNA,6.0,5.0,6.0,7.0,19.0,13.0
AP000251.1,lncRNA,0.0,0.0,1.0,0.0,10.0,3.0
AP000253.1,lncRNA,2.0,1.0,1.0,3.0,8.0,6.0
AP000254.2,lncRNA,3.0,0.0,0.0,0.0,0.0,1.0
AP000255.1,lncRNA,0.0,1.0,0.0,2.0,0.0,3.0
AP000265.1,lncRNA,0.0,0.0,0.0,0.0,5.0,1.0
AP000282.1,lncRNA,0.0,0.5,0.0,0.0,1.5,0.5
AP000289.1,lncRNA,0.0,3.0,3.0,0.0,12.0,15.0
AP000290.1,lncRNA,0.0,1.0,0.0,0.0,2.0,5.0
AP000317.1,lncRNA,0.0,0.0,0.0,0.0,0.5,0.0
AP000317.2,lncRNA,0.0,0.33,0.0,0.0,0.83,0.67
AP000320.1,lncRNA,1.0,1.0,1.0,0.0,4.0,1.0
AP000331.1,lncRNA,0.0,0.0,2.0,0.0,6.0,3.0
AP000345.1,lncRNA,0.0,0.0,0.0,0.0,0.0,3.5
AP000345.2,lncRNA,2.0,0.0,1.0,3.0,10.0,11.0
AP000345.3,lncRNA,0.0,0.0,0.0,0.0,1.0,2.0
AP000346.1,lncRNA,0.0,0.0,0.0,2.0,0.5,1.0
AP000350.5,lncRNA,0.0,0.0,0.0,0.0,0.0,0.5
AP000350.6,lncRNA,3.0,6.0,4.0,1.0,18.0,12.0
AP000350.7,lncRNA,3.0,5.0,3.0,7.33,8.83,6.0
AP000355.1,lncRNA,7.0,15.0,5.0,8.0,1.0,4.0
AP000356.1,lncRNA,1.0,1.0,0.0,0.0,17.0,9.0
AP000356.2,lncRNA,1.0,0.67,0.0,3.0,4.33,6.0
AP000365.1,lncRNA,0.0,0.0,0.0,0.0,1.0,1.0
AP000424.1,lncRNA,1.0,6.0,1.0,0.0,18.0,15.0
AP000424.2,lncRNA,1.0,0.0,1.0,0.0,5.0,1.0
AP000426.1,lncRNA,0.0,0.0,0.5,0.0,0.0,0.0
AP000428.1,lncRNA,2.0,0.0,0.0,0.0,0.0,0.0
AP000428.2,lncRNA,0.0,0.0,0.0,4.0,2.0,5.0
AP000432.1,lncRNA,0.0,0.0,0.0,0.0,1.0,1.0
AP000438.1,lncRNA,1.0,1.0,0.0,1.0,1.0,2.5
AP000439.1,lncRNA,0.0,0.0,2.0,0.0,1.0,2.0
AP000439.2,lncRNA,2.0,8.0,11.0,11.0,6.0,6.0
AP000439.3,lncRNA,1.0,0.0,0.0,0.0,1.0,0.0
AP000442.1,lncRNA,0.0,0.5,2.0,1.0,3.0,2.0
AP000446.1,lncRNA,0.0,6.5,0.0,0.0,6.0,3.0
AP000459.1,lncRNA,0.0,0.0,0.0,0.0,2.0,0.0
AP000462.1,lncRNA,0.0,3.0,0.0,0.0,0.0,0.0
AP000462.2,lncRNA,1.0,3.0,0.0,0.0,4.0,6.0
AP000462.3,lncRNA,0.0,0.0,0.0,0.0,2.0,0.0
AP000465.1,lncRNA,1.0,0.0,0.0,1.0,0.0,0.0
AP000470.1,lncRNA,0.0,0.0,0.0,0.0,0.0,1.0
AP000472.1,lncRNA,0.0,0.0,0.0,0.0,0.0,1.0
AP000474.2,lncRNA,0.0,1.0,0.0,0.0,2.0,0.0
AP000477.1,lncRNA,0.0,1.0,0.0,7.0,1.0,1.0
AP000477.2,lncRNA,0.0,1.0,0.0,0.0,2.0,3.0
AP000477.3,lncRNA,0.0,1.0,1.0,1.0,1.0,2.0
AP000487.1,lncRNA,5.0,1.5,1.0,5.0,8.5,9.0
AP000525.1,lncRNA,1.0,0.0,0.0,0.0,0.0,1.0
AP000532.2,lncRNA,0.0,0.0,0.0,2.0,2.0,1.0
AP000534.1,lncRNA,0.0,0.5,0.0,0.0,3.0,0.0
AP000542.2,lncRNA,0.0,1.0,0.0,0.0,3.0,0.0
AP000542.3,lncRNA,0.0,1.0,0.0,1.0,2.0,1.0
AP000547.3,lncRNA,3.0,1.0,0.5,1.0,3.0,0.5
AP000547.4,lncRNA,0.0,0.0,0.0,0.0,0.0,1.0
AP000550.1,lncRNA,0.5,0.5,1.0,3.0,1.5,4.5
AP000552.2,lncRNA,1.0,0.0,0.0,0.5,1.0,0.0
AP000553.1,lncRNA,176.0,61.5,93.0,68.5,59.5,35.5
AP000553.2,lncRNA,0.0,0.0,0.0,0.0,4.0,8.0
AP000553.8,lncRNA,0.0,0.0,0.0,0.0,1.0,1.0
AP000553.9,lncRNA,0.0,0.0,5.0,2.0,5.0,2.0
AP000561.1,lncRNA,0.0,0.0,0.0,0.0,3.0,3.0
AP000593.3,lncRNA,0.0,2.0,1.0,0.0,1.5,3.5
AP000593.4,lncRNA,0.0,0.0,0.0,0.0,0.5,0.0
AP000640.1,lncRNA,0.0,1.0,0.0,0.0,3.0,0.0
AP000640.2,lncRNA,0.0,0.0,0.0,0.0,2.0,0.0
AP000648.9,lncRNA,0.0,0.0,1.0,0.0,4.0,0.0
AP000662.1,lncRNA,3.0,0.0,6.0,6.0,20.5,10.0
AP000676.5,lncRNA,2.0,0.0,1.0,1.0,0.0,1.0
AP000679.1,lncRNA,6.0,6.0,4.0,10.0,69.0,45.0
AP000688.1,lncRNA,0.5,0.0,0.5,0.5,3.0,2.0
AP000688.2,lncRNA,1.0,0.0,1.0,0.0,0.0,2.0
AP000692.1,lncRNA,0.0,0.0,0.0,0.0,0.0,1.0
AP000692.2,lncRNA,2.0,1.0,2.0,2.0,11.0,7.5
AP000695.1,lncRNA,0.0,2.0,0.0,0.0,1.0,3.0
AP000695.2,lncRNA,0.0,0.0,1.0,0.0,1.0,3.0
AP000696.1,lncRNA,1.0,0.0,0.0,0.0,2.0,1.0
AP000696.2,lncRNA,0.0,0.0,1.0,0.0,9.0,7.0
AP000696.3,lncRNA,0.0,0.0,0.0,0.0,0.0,3.0
AP000697.1,lncRNA,1.0,0.0,1.0,0.0,5.0,1.0
AP000704.1,lncRNA,2.0,3.0,3.0,8.5,14.0,11.5
AP000708.1,lncRNA,6.0,5.0,1.0,5.0,9.5,7.0
AP000721.2,lncRNA,0.5,0.5,4.0,1.5,10.5,17.5
AP000722.1,lncRNA,0.0,0.0,0.0,0.0,2.0,1.0
AP000753.1,lncRNA,0.0,5.0,0.0,0.0,5.0,5.0
AP000755.1,lncRNA,0.0,0.0,0.0,0.0,1.0,0.0
AP000755.2,lncRNA,0.0,0.0,0.0,0.0,0.0,1.0
AP000757.1,lncRNA,8.0,0.0,1.5,2.0,10.0,2.5
AP000757.2,lncRNA,0.0,0.0,0.0,1.0,0.0,0.0
AP000759.1,lncRNA,0.0,1.0,0.0,0.0,2.0,0.0
AP000763.3,lncRNA,0.0,0.0,0.5,0.0,2.5,0.5
AP000763.4,lncRNA,0.0,0.5,0.0,0.5,0.0,0.0
AP000766.1,lncRNA,1.0,0.0,2.0,0.0,3.0,5.0
AP000769.2,lncRNA,0.0,0.0,0.0,0.0,1.5,0.5
AP000769.6,lncRNA,1.0,0.0,0.5,0.0,2.5,0.5
AP000777.1,lncRNA,0.0,0.0,0.0,0.0,0.0,2.0
AP000777.2,lncRNA,0.0,0.5,0.0,0.5,1.0,5.5
AP000777.3,lncRNA,0.0,0.0,3.0,0.0,2.0,0.0
AP000779.1,lncRNA,0.5,0.0,0.0,0.5,2.0,1.5
AP000781.1,lncRNA,0.0,0.5,0.0,0.0,0.0,0.0
AP000785.1,lncRNA,0.0,1.0,2.5,2.0,5.5,3.5
AP000786.1,lncRNA,0.0,1.0,1.0,0.0,0.0,4.0
AP000787.1,lncRNA,3.0,3.0,4.0,2.0,30.5,24.0
AP000790.1,lncRNA,0.0,0.0,0.0,0.5,0.5,0.0
AP000793.1,lncRNA,0.0,1.0,0.0,1.0,0.0,0.0
AP000802.1,lncRNA,4.5,1.0,2.5,6.5,13.0,16.0
AP000808.1,lncRNA,0.0,1.0,1.0,0.0,0.0,3.0
AP000812.1,lncRNA,0.0,0.0,0.0,0.0,1.0,0.0
AP000813.1,lncRNA,3.0,5.0,2.0,2.0,3.5,3.5
AP000820.1,lncRNA,0.0,0.0,0.0,0.0,1.0,1.0
AP000820.2,lncRNA,0.0,0.0,0.0,0.0,1.0,0.0
AP000821.1,lncRNA,3.0,2.0,1.0,0.0,5.0,11.0
AP000821.2,lncRNA,3.0,2.0,0.0,8.0,24.0,21.0
AP000829.1,lncRNA,0.0,0.0,0.0,0.0,1.0,3.0
AP000842.1,lncRNA,0.0,0.0,0.0,0.0,0.0,1.0
AP000842.2,lncRNA,0.0,1.0,0.0,2.0,1.0,2.0
AP000842.3,lncRNA,0.0,0.0,0.0,0.0,1.0,3.0
AP000844.1,lncRNA,0.0,0.0,0.0,0.0,1.0,0.0
AP000844.2,lncRNA,0.0,0.0,0.0,0.0,1.0,0.0
AP000845.1,lncRNA,2.0,0.0,1.0,1.0,3.0,5.0
AP000851.1,lncRNA,0.0,0.0,0.0,2.0,0.0,1.0
AP000855.1,lncRNA,1.0,2.0,1.0,0.0,7.0,9.0
AP000864.1,lncRNA,0.0,0.0,0.0,0.0,1.0,0.0
AP000866.1,lncRNA,7.5,6.0,7.0,10.0,14.5,34.5
AP000866.2,lncRNA,4.0,5.0,1.0,7.0,27.0,6.0
AP000866.5,lncRNA,0.0,2.0,0.0,1.0,1.0,1.0
AP000866.6,lncRNA,0.0,0.0,2.0,2.0,18.0,19.0
AP000867.5,lncRNA,0.0,0.0,0.0,1.0,0.0,0.0
AP000873.1,lncRNA,0.0,6.0,1.5,4.5,14.0,51.0
AP000873.2,lncRNA,0.0,0.0,1.0,1.0,0.33,3.0
AP000873.3,lncRNA,3.0,0.0,0.0,2.0,0.5,1.0
AP000879.1,lncRNA,0.0,0.0,0.0,0.5,2.0,1.0
AP000879.2,lncRNA,0.0,0.0,0.0,1.0,0.0,0.0
AP000880.1,lncRNA,0.0,2.0,0.0,3.0,4.5,8.0
AP000892.1,lncRNA,1.5,0.0,0.0,0.0,5.0,0.5
AP000892.3,lncRNA,0.0,0.0,1.0,0.0,0.0,0.0
AP000893.2,lncRNA,1.0,1.0,0.0,0.0,0.0,1.0
AP000894.2,lncRNA,6.0,6.0,2.5,2.5,14.5,26.5
AP000894.3,lncRNA,0.0,0.0,0.0,0.0,0.0,0.5
AP000894.4,lncRNA,0.0,0.0,0.0,0.0,2.0,1.0
AP000897.1,lncRNA,1.0,1.0,0.0,0.0,4.0,3.0
AP000897.2,lncRNA,0.0,0.0,0.0,0.0,1.0,4.0
AP000907.2,lncRNA,2.0,0.0,0.0,3.0,0.0,4.0
AP000911.1,lncRNA,1.0,4.0,1.0,3.0,4.0,3.0
AP000915.1,lncRNA,0.0,0.0,0.0,0.0,1.0,0.0
AP000915.2,lncRNA,2.0,2.0,1.0,0.0,0.0,1.0
AP000919.1,lncRNA,3.0,3.0,0.0,1.0,5.0,11.0
AP000919.3,lncRNA,0.5,0.0,0.0,0.0,2.0,2.0
AP000926.2,lncRNA,1.0,0.0,0.0,1.0,1.0,2.0
AP000941.1,lncRNA,0.0,0.0,0.0,0.0,1.0,1.0
AP000942.2,lncRNA,0.0,0.5,0.0,0.0,0.0,0.0
AP000942.5,lncRNA,0.0,0.5,0.0,0.0,2.0,3.5
AP000943.1,lncRNA,0.0,0.0,0.0,0.0,5.0,1.5
AP000943.2,lncRNA,0.33,1.33,1.33,0.33,4.33,4.5
AP000944.1,lncRNA,1.0,0.0,0.0,3.0,0.0,0.0
AP000944.6,lncRNA,2.0,0.0,1.0,1.0,1.0,2.0
AP000944.7,lncRNA,2.0,1.0,0.0,2.0,1.0,4.0
AP000959.1,lncRNA,0.0,0.0,1.0,0.0,1.0,1.0
AP000961.1,lncRNA,1.0,6.0,0.0,2.0,0.0,2.0
AP000962.1,lncRNA,0.0,0.0,0.0,0.0,0.0,1.0
AP000962.3,lncRNA,0.0,0.0,0.0,1.0,2.0,1.0
AP000977.1,lncRNA,1.0,0.0,0.0,1.0,5.0,3.0
AP000997.2,lncRNA,0.0,0.0,1.0,3.0,0.0,0.0
AP000997.3,lncRNA,5.0,7.0,16.0,43.0,39.0,25.0
AP001001.1,lncRNA,0.0,0.0,0.0,0.0,1.0,0.0
AP001005.3,lncRNA,1.0,1.0,6.0,9.0,12.0,3.0
AP001007.1,lncRNA,1.0,0.0,0.0,0.0,2.0,2.0
AP001007.2,lncRNA,0.0,1.0,1.0,0.0,3.0,1.0
AP001010.1,lncRNA,0.0,0.0,0.0,0.0,1.0,0.5
AP001011.1,lncRNA,1.0,0.0,0.0,5.0,0.0,0.0
AP001020.1,lncRNA,0.0,0.0,0.0,0.5,0.5,1.0
AP001020.2,lncRNA,0.0,1.0,0.0,0.5,1.5,1.0
AP001020.3,lncRNA,0.0,0.0,0.0,0.0,0.0,2.0
AP001021.1,lncRNA,0.0,0.0,0.0,1.0,8.0,3.67
AP001021.3,lncRNA,0.0,0.0,0.0,2.0,9.0,6.67
AP001025.1,lncRNA,0.0,2.0,1.0,1.0,8.0,4.0
AP001029.1,lncRNA,2.0,1.0,0.0,0.0,1.0,0.0
AP001029.2,lncRNA,2.0,3.0,2.0,3.0,3.0,2.5
AP001033.1,lncRNA,0.0,0.0,0.0,2.0,1.0,5.0
AP001033.2,lncRNA,0.0,0.0,0.0,0.0,0.0,2.0
AP001033.3,lncRNA,0.0,1.0,0.0,0.0,3.0,2.0
AP001037.1,lncRNA,0.0,0.0,0.0,0.0,0.0,2.0
AP001042.1,lncRNA,5.0,6.0,2.0,5.0,23.0,30.0
AP001042.3,lncRNA,0.0,0.0,0.0,0.0,4.0,0.0
AP001046.1,lncRNA,0.0,4.0,4.0,1.0,9.0,11.0
AP001048.1,lncRNA,0.0,0.0,0.0,0.0,0.0,0.5
AP001053.1,lncRNA,2.0,0.0,1.0,0.0,1.0,1.0
AP001056.1,lncRNA,0.0,3.0,0.0,0.0,2.0,3.0
AP001056.2,lncRNA,0.0,0.0,2.0,0.0,6.0,7.5
AP001057.1,lncRNA,2.0,0.0,0.0,0.0,3.0,1.5
AP001059.2,lncRNA,0.0,0.0,0.0,0.0,1.0,1.0
AP001062.1,lncRNA,7.5,4.0,1.0,4.0,7.5,7.0
AP001062.2,lncRNA,0.5,0.0,1.0,0.0,4.0,5.0
AP001062.3,lncRNA,0.0,0.5,0.0,0.0,2.0,4.0
AP001063.1,lncRNA,0.0,0.0,0.0,0.0,1.0,0.0
AP001065.3,lncRNA,0.0,0.0,0.0,1.0,1.0,1.0
AP001065.4,lncRNA,0.0,0.0,1.0,0.0,2.0,1.0
AP001066.1,lncRNA,3.0,0.0,0.0,1.0,10.0,12.0
AP001085.1,lncRNA,0.0,1.0,0.0,0.0,0.0,5.0
AP001094.2,lncRNA,0.0,4.0,1.0,0.0,2.0,2.0
AP001094.3,lncRNA,0.0,0.0,0.0,0.0,0.0,1.0
AP001095.1,lncRNA,0.0,0.0,0.0,0.0,1.0,2.0
AP001099.1,lncRNA,0.0,0.0,0.0,0.0,1.0,1.0
AP001107.1,lncRNA,3.0,7.0,0.0,9.0,1.0,8.5
AP001107.2,lncRNA,4.0,3.0,0.5,1.0,1.5,3.0
AP001107.3,lncRNA,0.0,0.0,0.0,0.0,0.0,1.0
AP001107.4,lncRNA,0.5,0.0,0.0,0.5,12.0,6.0
AP001107.5,lncRNA,1.0,4.0,3.0,3.0,6.0,6.0
AP001107.6,lncRNA,0.0,0.0,2.5,1.5,13.5,15.5
AP001107.7,lncRNA,1.5,2.0,4.0,1.0,79.5,58.5
AP001107.8,lncRNA,0.0,0.0,0.0,0.0,2.5,0.5
AP001107.9,lncRNA,5.5,11.0,1.0,6.0,11.0,8.0
AP001109.1,lncRNA,0.0,0.0,0.0,1.0,0.0,1.0
AP001120.1,lncRNA,0.0,3.0,1.0,4.0,6.0,4.0
AP001120.5,lncRNA,1.0,5.0,3.0,0.0,10.0,7.0
AP001122.1,lncRNA,0.0,5.0,4.0,3.0,18.0,11.5
AP001136.1,lncRNA,0.0,0.0,0.0,0.0,1.0,0.0
AP001150.1,lncRNA,0.0,0.0,0.0,0.0,8.0,1.0
AP001160.1,lncRNA,0.5,0.5,0.0,1.0,3.0,0.5
AP001160.2,lncRNA,1.5,0.0,4.0,1.0,3.0,2.5
AP001160.3,lncRNA,0.0,0.0,0.5,0.0,1.0,3.0
AP001172.1,lncRNA,1.0,1.5,0.0,0.0,1.0,1.0
AP001172.2,lncRNA,0.0,1.0,0.0,0.0,0.0,0.0
AP001178.1,lncRNA,0.0,0.0,0.0,0.0,0.0,2.0
AP001178.2,lncRNA,0.5,0.0,0.0,0.5,0.0,0.0
AP001178.3,lncRNA,1.0,0.0,0.0,0.0,2.0,1.0
AP001178.4,lncRNA,0.0,0.5,0.0,4.0,7.0,10.0
AP001180.1,lncRNA,1.0,0.0,1.0,0.0,7.5,9.5
AP001180.2,lncRNA,0.0,0.0,0.0,1.0,0.0,0.0
AP001180.4,lncRNA,1.5,0.5,0.0,0.0,0.5,0.5
AP001189.1,lncRNA,3.0,1.0,0.0,4.0,6.0,3.0
AP001189.3,lncRNA,1.0,0.0,1.0,0.0,1.0,1.0
AP001189.4,lncRNA,0.0,0.0,0.0,0.0,1.0,0.0
AP001189.5,lncRNA,0.0,0.0,0.0,0.0,3.0,2.0
AP001198.1,lncRNA,0.0,0.0,0.0,5.0,1.0,2.0
AP001198.2,lncRNA,0.0,0.0,0.0,0.0,0.0,2.0
AP001205.1,lncRNA,2.0,0.0,0.0,0.0,1.0,0.0
AP001207.3,lncRNA,0.0,0.0,0.0,0.0,1.0,0.0
AP001208.1,lncRNA,0.0,0.0,0.0,1.0,3.0,8.0
AP001266.1,lncRNA,0.0,0.0,0.0,0.0,1.5,0.5
AP001266.2,lncRNA,0.0,0.0,0.0,0.0,1.0,0.0
AP001267.1,lncRNA,0.0,0.5,2.0,2.0,4.67,3.5
AP001267.2,lncRNA,1.0,2.0,1.0,3.0,6.0,6.0
AP001267.3,lncRNA,0.5,8.83,13.5,16.5,74.33,68.83
AP001269.1,lncRNA,0.0,0.0,0.0,1.0,2.0,1.0
AP001269.2,lncRNA,0.0,1.0,0.0,0.0,0.0,0.0
AP001269.4,lncRNA,0.0,0.0,0.0,0.0,9.0,5.0
AP001318.1,lncRNA,0.0,0.0,0.0,1.0,1.5,0.5
AP001318.2,lncRNA,0.0,1.0,0.5,0.0,4.0,1.5
AP001330.1,lncRNA,0.0,2.0,0.0,0.0,1.0,1.0
AP001330.5,lncRNA,0.0,1.0,1.0,0.0,4.0,3.0
AP001341.1,lncRNA,1.5,0.0,0.0,1.0,1.0,2.0
AP001347.1,lncRNA,1.0,0.0,2.0,0.0,4.5,5.0
AP001350.1,lncRNA,0.0,0.0,0.33,0.0,0.0,1.33
AP001360.1,lncRNA,1.0,2.0,3.0,3.0,15.0,12.0
AP001360.2,lncRNA,3.0,1.0,2.0,0.0,17.0,10.0
AP001360.3,lncRNA,0.0,0.0,0.0,0.0,1.0,0.0
AP001363.1,lncRNA,1.0,2.0,0.0,11.0,1.0,2.0
AP001363.2,lncRNA,0.0,1.0,4.0,1.0,8.0,7.0
AP001372.1,lncRNA,3.5,4.5,1.5,3.0,1.5,3.0
AP001372.2,lncRNA,1.0,1.5,2.5,4.0,4.5,2.0
AP001372.3,lncRNA,0.0,0.0,0.0,0.0,0.5,0.0
AP001407.1,lncRNA,1.0,3.0,1.0,7.0,4.0,5.0
AP001412.1,lncRNA,1.0,0.0,1.0,2.0,3.0,7.0
AP001429.1,lncRNA,0.0,0.0,0.0,0.0,2.0,0.0
AP001434.1,lncRNA,0.0,0.0,0.0,1.0,1.0,0.0
AP001437.1,lncRNA,0.0,0.0,0.0,0.0,2.0,1.5
AP001437.2,lncRNA,0.0,11.0,2.0,3.0,13.0,13.5
AP001439.1,lncRNA,0.0,0.0,0.0,0.0,8.0,12.0
AP001442.1,lncRNA,0.0,1.0,3.0,1.0,13.0,4.0
AP001453.1,lncRNA,1.0,2.0,1.5,0.5,10.5,6.0
AP001453.2,lncRNA,1.0,0.5,0.0,1.0,6.5,2.0
AP001462.1,lncRNA,0.0,0.0,3.0,2.0,5.0,12.0
AP001468.1,lncRNA,0.0,0.0,0.0,0.0,4.5,0.5
AP001469.1,lncRNA,0.0,0.0,2.0,0.0,1.5,3.0
AP001469.3,lncRNA,0.0,1.0,0.0,8.0,0.0,2.0
AP001471.1,lncRNA,0.0,0.0,2.0,0.0,1.0,0.0
AP001476.1,lncRNA,1.0,0.0,1.0,2.0,10.0,3.0
AP001476.2,lncRNA,0.0,1.0,0.0,0.0,1.0,0.0
AP001486.2,lncRNA,1.0,0.5,0.0,0.5,3.0,0.0
AP001496.1,lncRNA,2.0,2.0,0.0,0.0,0.0,0.0
AP001496.2,lncRNA,2.0,1.33,0.0,0.67,4.67,1.67
AP001496.4,lncRNA,5.5,1.0,1.5,3.0,4.5,11.5
AP001505.1,lncRNA,0.0,1.0,0.0,0.0,0.0,1.0
AP001527.1,lncRNA,1.0,2.0,1.0,1.0,6.0,5.0
AP001527.2,lncRNA,3.0,5.0,2.0,8.0,10.0,8.0
AP001528.1,lncRNA,1.0,0.0,1.0,0.0,2.0,1.0
AP001531.1,lncRNA,0.0,1.0,0.0,2.0,1.0,1.0
AP001542.3,lncRNA,0.0,0.0,0.0,2.0,0.0,1.0
AP001547.1,lncRNA,0.0,0.0,0.0,0.0,1.0,2.0
AP001554.1,lncRNA,0.0,0.0,0.0,0.0,0.0,3.0
AP001591.1,lncRNA,0.0,0.0,0.0,0.0,1.0,0.0
AP001595.2,lncRNA,0.0,0.0,0.0,1.0,1.0,0.0
AP001596.1,lncRNA,0.0,0.0,2.0,0.0,1.0,2.0
AP001599.1,lncRNA,0.0,0.0,0.0,1.0,0.0,0.0
AP001604.1,lncRNA,0.0,0.0,0.0,0.0,3.0,0.0
AP001605.1,lncRNA,0.0,1.0,0.0,0.0,1.0,1.0
AP001610.2,lncRNA,0.0,1.0,0.0,1.0,2.0,3.5
AP001610.3,lncRNA,0.0,3.0,1.0,0.0,0.0,0.0
AP001615.1,lncRNA,0.0,0.0,0.0,0.0,0.5,0.5
AP001619.1,lncRNA,1.0,1.0,2.0,0.0,1.0,2.0
AP001619.2,lncRNA,1.0,0.0,0.0,0.0,1.0,2.0
AP001625.1,lncRNA,0.0,0.0,0.0,0.0,5.0,3.0
AP001625.2,lncRNA,0.0,0.0,0.0,1.0,6.0,2.0
AP001625.3,lncRNA,0.5,0.0,1.0,0.0,2.5,1.5
AP001626.1,lncRNA,1.0,9.0,3.0,3.0,6.0,6.0
AP001628.1,lncRNA,1.0,0.0,0.0,0.0,0.0,4.0
AP001628.2,lncRNA,0.0,0.0,0.0,2.0,4.0,3.0
AP001630.1,lncRNA,0.0,0.0,0.0,0.0,3.0,1.0
AP001631.1,lncRNA,0.0,3.0,0.0,1.0,5.0,7.0
AP001631.2,lncRNA,0.0,0.0,0.0,0.0,2.0,1.0
AP001636.3,lncRNA,1.5,5.0,2.0,1.0,9.5,3.0
AP001652.1,lncRNA,0.0,0.0,0.0,4.0,2.0,1.0
AP001767.2,lncRNA,0.0,0.0,1.0,0.0,1.0,0.5
AP001775.2,lncRNA,0.0,1.0,0.0,0.0,0.0,1.0
AP001781.1,lncRNA,0.0,0.0,0.0,0.0,1.0,1.0
AP001790.1,lncRNA,0.0,1.0,0.0,0.0,3.0,1.0
AP001793.1,lncRNA,0.0,1.0,0.0,0.0,0.0,0.0
AP001804.1,lncRNA,4.0,3.0,0.0,0.0,4.0,4.0
AP001825.1,lncRNA,0.0,0.0,0.0,0.0,0.5,1.5
AP001830.1,lncRNA,0.0,1.0,0.0,0.0,1.0,2.0
AP001830.2,lncRNA,0.0,0.0,0.0,0.0,1.0,0.0
AP001831.1,lncRNA,0.0,0.0,0.0,0.0,0.0,1.5
AP001885.2,lncRNA,3.0,6.0,0.0,1.0,18.0,9.0
AP001885.3,lncRNA,3.0,0.0,0.0,1.0,14.5,16.0
AP001893.1,lncRNA,0.0,0.0,0.0,0.0,0.0,1.0
AP001893.3,lncRNA,0.0,0.0,1.0,0.0,1.0,0.0
AP001922.1,lncRNA,0.0,2.0,2.0,1.0,3.0,1.0
AP001922.2,lncRNA,0.0,0.0,0.0,0.0,0.0,1.0
AP001922.3,lncRNA,0.0,1.0,1.0,0.0,2.0,5.0
AP001922.5,lncRNA,1.0,0.0,0.0,1.0,3.0,2.0
AP001922.6,lncRNA,0.0,0.0,1.0,0.0,0.0,1.0
AP001924.1,lncRNA,0.0,0.0,0.0,2.0,0.0,0.0
AP001924.2,lncRNA,1.0,3.0,0.0,2.0,1.0,4.0
AP001961.1,lncRNA,0.0,0.0,0.0,0.0,1.0,0.0
AP001970.1,lncRNA,0.0,1.0,1.0,1.0,0.0,3.0
AP001972.1,lncRNA,0.33,0.0,0.33,0.0,0.0,0.33
AP001972.2,lncRNA,0.0,0.0,0.0,0.0,0.5,0.0
AP001972.3,lncRNA,2.0,4.0,2.0,1.0,4.5,6.0
AP001972.4,lncRNA,0.0,2.0,0.0,0.0,0.0,1.0
AP001977.1,lncRNA,4.0,1.0,1.0,0.0,3.0,13.0
AP001978.1,lncRNA,3.0,2.0,0.0,2.0,3.0,4.0
AP001981.2,lncRNA,4.0,2.0,2.0,0.0,5.0,5.0
AP001992.2,lncRNA,0.0,0.5,0.0,2.0,2.0,2.0
AP001993.1,lncRNA,3.0,9.0,1.0,11.0,13.0,26.0
AP001994.2,lncRNA,0.0,0.0,0.0,0.0,2.0,3.0
AP001994.3,lncRNA,1.0,1.0,0.0,1.0,2.0,1.0
AP001999.1,lncRNA,1.0,1.0,0.0,0.0,0.0,0.0
AP001999.2,lncRNA,1.0,2.0,0.0,4.0,8.0,2.0
AP001999.3,lncRNA,0.0,0.0,1.0,0.0,1.0,3.0
AP002001.3,lncRNA,0.0,0.0,0.0,0.0,1.0,1.0
AP002008.1,lncRNA,0.0,2.0,0.0,0.0,2.0,0.0
AP002008.3,lncRNA,0.0,4.0,1.0,1.0,6.0,7.0
AP002008.4,lncRNA,1.0,0.0,1.0,1.0,3.5,1.0
AP002026.1,lncRNA,2.0,5.0,3.5,5.0,9.5,10.0
AP002075.1,lncRNA,0.0,0.0,0.0,1.0,0.0,0.0
AP002336.1,lncRNA,0.0,0.0,0.0,0.0,2.0,2.0
AP002336.2,lncRNA,0.0,0.0,0.0,0.0,0.0,1.0
AP002336.3,lncRNA,0.0,0.0,0.0,0.0,0.0,4.0
AP002340.1,lncRNA,0.0,0.0,0.0,0.0,0.5,0.5
AP002358.1,lncRNA,0.0,2.0,3.0,6.0,4.0,7.0
AP002360.1,lncRNA,3.0,1.0,0.0,1.0,0.0,2.0
AP002381.2,lncRNA,0.0,0.0,2.5,1.0,5.5,6.5
AP002383.2,lncRNA,0.0,0.0,0.0,0.0,0.5,0.0
AP002387.1,lncRNA,0.0,0.0,0.0,0.0,2.0,2.0
AP002409.1,lncRNA,0.5,0.0,0.0,0.0,4.0,2.0
AP002428.1,lncRNA,0.0,0.0,1.0,0.0,0.0,1.0
AP002433.1,lncRNA,2.0,4.5,0.5,2.5,4.5,4.0
AP002433.2,lncRNA,0.0,0.0,0.0,0.0,3.5,0.0
AP002439.1,lncRNA,0.0,1.0,0.0,0.0,1.0,4.0
AP002448.1,lncRNA,1.0,0.0,0.0,2.0,4.0,5.0
AP002449.1,lncRNA,0.0,1.0,0.0,0.0,6.5,4.0
AP002478.1,lncRNA,2.0,8.0,4.0,1.0,15.0,9.0
AP002478.2,lncRNA,0.0,1.0,1.0,1.0,22.0,8.0
AP002490.1,lncRNA,0.5,1.0,3.0,2.5,12.5,12.5
AP002498.1,lncRNA,0.0,0.0,1.0,0.0,1.0,0.0
AP002505.3,lncRNA,0.0,0.0,1.0,0.0,2.0,2.0
AP002518.1,lncRNA,1.0,2.0,3.0,5.0,3.0,9.0
AP002518.2,lncRNA,1.0,0.0,0.0,0.0,0.0,0.0
AP002528.1,lncRNA,2.0,1.0,0.0,0.0,0.0,0.0
AP002748.2,lncRNA,0.0,0.0,1.0,2.0,2.5,5.0
AP002748.4,lncRNA,2.5,1.5,5.0,1.0,16.0,13.5
AP002748.6,lncRNA,1.33,0.33,2.83,2.33,0.5,3.5
AP002754.1,lncRNA,6.0,5.0,2.0,4.0,12.0,4.0
AP002754.2,lncRNA,0.0,4.0,1.0,0.0,1.0,3.0
AP002755.1,lncRNA,0.0,1.0,0.0,1.0,3.0,1.0
AP002761.2,lncRNA,0.0,0.0,0.0,0.0,2.0,2.0
AP002761.3,lncRNA,0.0,2.5,0.5,10.5,8.0,13.5
AP002761.4,lncRNA,0.5,0.5,0.0,1.0,3.0,1.5
AP002762.2,lncRNA,0.0,1.0,0.0,6.0,3.0,3.0
AP002762.3,lncRNA,0.0,0.0,0.0,0.0,1.0,3.0
AP002765.1,lncRNA,3.0,4.0,0.0,3.0,4.0,3.0
AP002768.1,lncRNA,0.0,0.0,0.0,1.0,0.0,0.0
AP002770.1,lncRNA,0.0,1.0,0.0,1.0,1.5,0.0
AP002784.1,lncRNA,0.0,1.0,2.0,1.0,6.5,5.0
AP002793.1,lncRNA,0.0,3.0,0.0,0.0,4.0,8.0
AP002802.1,lncRNA,0.0,0.0,0.0,0.0,0.0,1.0
AP002807.1,lncRNA,0.0,1.0,0.0,1.0,3.5,1.5
AP002812.5,lncRNA,1.0,2.0,0.0,0.0,2.0,1.0
AP002813.1,lncRNA,0.0,1.0,0.0,1.0,1.0,1.0
AP002815.1,lncRNA,0.0,0.0,0.0,0.0,2.0,3.0
AP002833.1,lncRNA,0.0,1.0,0.0,0.0,0.0,3.0
AP002840.1,lncRNA,0.0,0.0,0.0,0.0,2.0,2.0
AP002840.2,lncRNA,0.0,0.0,1.0,1.0,1.0,0.0
AP002851.1,lncRNA,0.0,2.0,0.0,2.0,8.0,5.0
AP002852.1,lncRNA,0.0,0.0,1.0,4.0,3.0,4.0
AP002856.1,lncRNA,0.0,0.0,0.0,0.0,2.0,2.0
AP002856.2,lncRNA,2.0,3.0,0.0,0.0,4.0,6.0
AP002856.4,lncRNA,0.0,0.0,3.0,0.0,6.0,2.0
AP002884.1,lncRNA,0.0,0.0,0.0,1.0,0.0,0.0
AP002884.3,lncRNA,0.0,0.0,1.0,0.0,1.5,2.0
AP002892.1,lncRNA,0.0,0.0,0.0,0.0,4.0,1.0
AP002892.2,lncRNA,0.0,0.0,1.0,0.0,0.0,0.0
AP002893.1,lncRNA,1.0,0.5,0.0,3.0,1.5,4.5
AP002907.1,lncRNA,0.0,0.0,0.0,0.0,4.0,1.0
AP002954.1,lncRNA,3.5,3.0,1.5,1.0,4.5,4.0
AP002954.2,lncRNA,0.0,3.0,0.0,0.0,6.0,8.0
AP002957.1,lncRNA,1.0,0.0,0.0,0.0,5.0,2.0
AP002982.2,lncRNA,1.0,1.0,0.0,0.0,0.0,0.0
AP002985.1,lncRNA,0.0,0.0,0.0,0.0,5.0,2.0
AP002989.1,lncRNA,0.0,0.0,0.0,0.0,2.0,1.0
AP002991.2,lncRNA,0.5,0.0,0.0,0.0,3.0,3.0
AP002992.1,lncRNA,0.0,2.0,0.0,1.0,7.0,3.0
AP002993.1,lncRNA,0.0,0.0,0.0,1.0,0.0,0.0
AP003025.1,lncRNA,1.0,2.0,0.0,4.0,6.0,10.0
AP003025.2,lncRNA,2.0,6.0,12.0,13.0,13.0,7.0
AP003027.1,lncRNA,0.0,0.0,1.0,0.0,9.0,3.0
AP003031.1,lncRNA,1.5,0.0,3.0,3.0,10.5,23.5
AP003032.1,lncRNA,0.0,0.0,0.0,0.0,2.0,0.0
AP003032.2,lncRNA,0.0,0.0,0.0,0.0,0.5,1.0
AP003037.1,lncRNA,0.0,0.0,0.0,0.0,2.5,0.5
AP003049.2,lncRNA,0.0,2.0,1.0,0.0,8.0,11.0
AP003059.1,lncRNA,0.0,2.0,0.0,8.0,1.0,2.0
AP003059.2,lncRNA,0.0,0.0,1.0,0.0,1.0,0.0
AP003062.2,lncRNA,1.0,0.0,1.0,0.0,0.0,1.0
AP003064.1,lncRNA,0.0,0.0,1.5,0.0,1.0,1.0
AP003064.2,lncRNA,0.0,0.0,1.0,0.0,4.5,3.0
AP003065.1,lncRNA,0.0,0.0,0.0,0.5,5.0,3.5
AP003066.1,lncRNA,0.0,7.0,0.0,1.0,2.0,1.0
AP003068.1,lncRNA,0.0,0.0,0.0,0.0,0.5,1.5
AP003068.2,lncRNA,11.5,13.0,13.0,34.0,21.0,16.0
AP003068.3,lncRNA,0.0,0.0,0.5,0.5,0.5,2.0
AP003071.1,lncRNA,0.0,0.0,0.0,0.0,2.0,1.0
AP003071.2,lncRNA,0.0,0.0,0.0,1.0,2.0,1.0
AP003071.3,lncRNA,0.0,0.0,0.0,0.5,2.0,0.5
AP003071.4,lncRNA,0.0,0.0,4.0,0.0,27.0,21.0
AP003086.1,lncRNA,1.5,1.0,0.0,0.5,0.5,1.0
AP003086.2,lncRNA,1.0,2.0,0.0,9.0,5.0,0.0
AP003096.1,lncRNA,0.0,0.0,0.0,1.0,0.0,2.5
AP003100.1,lncRNA,0.0,1.0,0.0,1.0,1.0,0.0
AP003100.2,lncRNA,4.0,7.0,3.0,0.0,49.0,47.0
AP003100.3,lncRNA,0.0,0.0,0.0,0.0,1.0,1.0
AP003108.1,lncRNA,1.0,2.0,1.0,5.0,13.0,8.0
AP003115.1,lncRNA,2.0,0.0,2.0,0.0,1.0,2.0
AP003117.1,lncRNA,0.0,4.0,2.0,8.0,8.0,6.0
AP003117.2,lncRNA,0.0,1.0,0.0,0.0,0.0,0.0
AP003119.1,lncRNA,1.0,6.0,0.0,2.0,2.0,1.0
AP003119.2,lncRNA,0.0,0.0,0.0,1.0,8.0,5.0
AP003119.3,lncRNA,0.0,4.0,2.0,2.0,7.0,5.0
AP003120.1,lncRNA,0.0,0.0,0.0,0.0,0.0,1.0
AP003121.1,lncRNA,1.0,1.0,0.0,0.0,2.0,0.0
AP003122.2,lncRNA,0.0,0.0,0.0,2.0,1.0,2.0
AP003123.1,lncRNA,0.0,1.0,0.0,0.0,0.0,1.0
AP003170.3,lncRNA,0.0,1.0,0.0,0.0,0.0,0.0
AP003170.4,lncRNA,0.0,0.0,0.0,1.0,0.0,2.0
AP003171.1,lncRNA,1.0,0.0,0.0,0.0,0.0,0.0
AP003173.1,lncRNA,0.0,0.0,1.0,1.0,2.0,5.0
AP003174.2,lncRNA,0.0,0.0,1.0,0.0,0.0,0.0
AP003175.1,lncRNA,1.0,2.5,3.0,1.0,2.5,5.5
AP003306.1,lncRNA,2.0,4.0,1.0,1.0,0.0,0.0
AP003306.2,lncRNA,0.0,0.0,1.0,0.0,0.5,0.0
AP003307.1,lncRNA,0.0,1.0,0.0,2.0,1.5,1.5
AP003327.2,lncRNA,2.0,4.0,0.0,0.0,5.0,0.0
AP003351.1,lncRNA,0.0,0.0,0.0,0.0,1.0,0.0
AP003352.1,lncRNA,1.0,3.0,3.5,0.5,3.0,0.5
AP003355.2,lncRNA,0.5,0.0,1.0,0.0,8.0,9.5
AP003385.3,lncRNA,0.0,0.0,0.0,0.0,0.0,0.5
AP003390.1,lncRNA,0.0,0.0,0.0,7.0,4.0,2.0
AP003392.1,lncRNA,0.0,0.0,0.0,1.0,0.0,0.0
AP003392.3,lncRNA,1.0,4.5,1.0,1.5,13.5,17.0
AP003392.5,lncRNA,0.0,1.0,0.0,0.0,0.0,0.0
AP003393.1,lncRNA,6.0,2.0,1.0,4.0,10.0,8.0
AP003396.1,lncRNA,0.0,0.0,0.5,0.0,1.0,0.0
AP003396.3,lncRNA,0.0,0.0,2.0,1.0,8.0,5.0
AP003398.2,lncRNA,0.0,0.0,0.0,0.0,1.0,2.0
AP003419.2,lncRNA,0.0,0.0,1.0,0.0,1.0,1.0
AP003419.3,lncRNA,0.0,0.0,1.0,0.0,1.0,0.0
AP003464.1,lncRNA,0.0,0.0,1.0,1.0,8.0,4.0
AP003465.1,lncRNA,0.0,0.0,0.0,0.0,3.0,3.0
AP003467.1,lncRNA,1.0,0.0,0.0,0.0,0.0,0.0
AP003469.1,lncRNA,0.0,5.0,2.0,0.0,0.0,0.0
AP003469.2,lncRNA,0.0,0.0,0.0,1.0,0.0,0.0
AP003469.3,lncRNA,0.0,1.0,0.0,0.0,1.0,0.0
AP003471.1,lncRNA,0.0,1.0,0.0,2.0,1.0,2.0
AP003472.1,lncRNA,0.0,1.0,0.0,0.0,2.0,2.0
AP003472.2,lncRNA,0.0,4.0,1.0,5.0,3.0,0.0
AP003486.1,lncRNA,2.0,2.0,0.5,0.5,3.5,1.5
AP003486.2,lncRNA,1.0,5.0,1.0,1.0,3.0,2.0
AP003498.2,lncRNA,0.0,0.0,1.0,0.0,1.0,1.0
AP003500.1,lncRNA,0.0,1.0,0.0,0.0,12.0,10.0
AP003501.1,lncRNA,2.0,5.5,1.0,0.5,2.0,2.5
AP003501.2,lncRNA,0.0,0.0,0.0,0.0,0.0,0.5
AP003548.1,lncRNA,0.0,0.0,0.0,0.0,9.0,5.0
AP003550.1,lncRNA,0.0,1.0,1.0,0.0,5.0,13.0
AP003555.1,lncRNA,1.0,1.0,0.0,5.0,3.0,1.0
AP003555.2,lncRNA,0.0,0.0,1.0,0.0,6.0,2.0
AP003557.1,lncRNA,0.0,2.0,1.0,0.0,1.0,4.0
AP003557.2,lncRNA,0.0,1.0,1.0,0.0,1.0,0.0
AP003559.1,lncRNA,2.0,2.0,1.0,1.0,7.0,2.0
AP003680.1,lncRNA,1.5,1.0,4.5,6.0,25.5,20.0
AP003692.1,lncRNA,2.0,0.0,1.5,0.5,0.0,0.5
AP003715.1,lncRNA,0.0,0.0,1.0,0.0,0.0,0.0
AP003717.1,lncRNA,2.0,1.5,7.5,2.0,28.0,31.5
AP003717.4,lncRNA,0.0,3.0,6.0,4.0,4.0,1.0
AP003721.1,lncRNA,11.0,6.0,15.0,12.5,142.5,75.0
AP003721.2,lncRNA,0.0,0.0,0.0,1.0,2.0,1.0
AP003721.3,lncRNA,0.0,0.0,0.0,0.0,0.0,2.0
AP003721.4,lncRNA,1.0,0.0,0.0,0.0,0.0,3.0
AP003774.1,lncRNA,0.0,0.0,0.0,0.0,1.0,1.0
AP003774.2,lncRNA,0.0,0.0,0.0,0.0,1.0,0.0
AP003778.1,lncRNA,2.0,1.0,5.0,0.0,3.0,7.0
AP003783.1,lncRNA,2.0,1.0,1.0,3.0,6.0,6.0
AP003785.1,lncRNA,11.0,2.0,5.0,5.0,30.0,11.0
AP003900.1,lncRNA,0.0,3.0,1.0,1.0,4.0,6.0
AP003969.1,lncRNA,0.0,0.0,0.0,0.0,1.0,2.0
AP003973.3,lncRNA,0.0,1.0,1.0,0.0,2.0,0.0
AP003973.4,lncRNA,0.0,0.0,0.0,3.0,2.0,4.0
AP004147.1,lncRNA,4.0,4.0,1.0,6.0,25.0,18.0
AP004247.2,lncRNA,0.0,0.0,0.0,2.0,1.0,4.0
AP004550.1,lncRNA,0.0,0.0,0.0,0.0,2.0,2.0
AP004606.1,lncRNA,0.0,0.0,0.0,1.0,7.0,6.0
AP004609.1,lncRNA,2.0,1.0,0.0,0.0,7.0,7.0
AP004609.3,lncRNA,2.0,6.0,4.0,11.0,25.0,31.0
AP005057.1,lncRNA,0.0,0.0,0.0,0.0,0.5,1.0
AP005059.1,lncRNA,4.0,2.0,0.0,0.0,1.0,0.0
AP005062.1,lncRNA,0.0,0.0,1.0,0.5,1.0,0.0
AP005120.1,lncRNA,0.0,0.0,0.0,0.0,0.0,1.0
AP005121.1,lncRNA,0.0,1.0,0.0,1.0,1.0,1.0
AP005121.2,lncRNA,0.0,0.0,0.0,0.0,0.0,1.0
AP005131.1,lncRNA,3.0,2.0,4.0,0.0,12.0,12.0
AP005131.2,lncRNA,0.0,0.0,0.0,0.0,2.0,0.0
AP005131.3,lncRNA,0.0,0.0,0.0,0.0,1.0,0.0
AP005131.4,lncRNA,0.0,1.0,2.0,0.0,6.0,3.0
AP005131.5,lncRNA,0.0,0.0,0.0,0.0,2.0,1.0
AP005136.3,lncRNA,0.0,0.0,0.0,0.0,1.0,1.0
AP005136.4,lncRNA,0.0,2.0,1.0,0.0,3.0,5.0
AP005137.1,lncRNA,0.0,0.0,0.0,0.0,3.0,3.0
AP005137.2,lncRNA,0.0,0.0,0.0,0.0,0.0,1.0
AP005202.1,lncRNA,0.0,0.0,0.0,0.0,1.0,5.0
AP005203.1,lncRNA,0.0,3.0,0.0,1.0,3.0,1.0
AP005205.2,lncRNA,0.0,5.5,0.0,2.0,1.5,3.5
AP005209.1,lncRNA,1.0,1.0,5.0,0.0,44.0,125.5
AP005209.2,lncRNA,0.0,4.0,0.0,0.0,4.0,3.5
AP005210.1,lncRNA,0.0,0.0,0.0,0.0,2.0,1.0
AP005210.2,lncRNA,2.0,0.0,0.0,0.0,0.0,0.0
AP005212.4,lncRNA,0.0,0.0,0.0,1.0,1.0,1.5
AP005229.1,lncRNA,1.0,0.0,1.0,0.0,6.0,1.0
AP005229.2,lncRNA,0.0,0.0,0.0,0.0,0.0,1.0
AP005230.1,lncRNA,5.0,9.0,0.0,13.0,13.0,14.0
AP005233.1,lncRNA,1.0,5.0,4.0,2.0,14.0,15.0
AP005233.2,lncRNA,0.0,0.0,2.0,0.0,0.0,0.0
AP005242.5,lncRNA,2.0,2.0,1.0,0.0,7.0,4.0
AP005262.1,lncRNA,0.0,2.0,2.0,1.0,17.5,16.0
AP005263.1,lncRNA,2.5,0.0,0.5,3.0,1.5,1.0
AP005264.1,lncRNA,0.0,2.0,0.0,0.0,0.0,1.0
AP005264.2,lncRNA,0.0,0.0,0.0,0.0,0.0,3.0
AP005271.1,lncRNA,0.0,0.0,0.0,0.0,0.0,2.0
AP005273.1,lncRNA,1.0,0.0,0.0,0.0,0.0,3.0
AP005273.2,lncRNA,2.0,0.0,0.0,0.0,1.0,0.0
AP005328.1,lncRNA,0.0,2.0,0.0,1.0,0.0,2.0
AP005329.1,lncRNA,1.0,0.0,1.0,1.0,3.5,2.0
AP005329.2,lncRNA,2.0,0.5,0.5,0.5,11.5,9.5
AP005329.3,lncRNA,0.0,0.5,0.5,0.5,1.5,5.5
AP005357.1,lncRNA,0.0,0.0,0.0,0.0,1.0,1.0
AP005380.1,lncRNA,0.0,2.0,0.0,1.0,0.0,0.0
AP005432.1,lncRNA,0.0,1.0,0.0,9.0,3.0,1.0
AP005432.2,lncRNA,0.0,1.0,0.0,0.0,0.0,0.0
AP005436.1,lncRNA,0.0,0.0,0.0,0.0,1.0,0.5
AP005436.3,lncRNA,0.0,0.0,0.0,0.0,0.0,0.5
AP005482.2,lncRNA,0.0,0.0,0.0,5.0,0.0,0.0
AP005530.1,lncRNA,0.0,0.0,0.0,0.0,1.0,0.0
AP005671.1,lncRNA,0.0,1.0,0.0,0.0,0.0,0.0
AP005717.1,lncRNA,2.5,0.0,1.0,1.5,5.5,3.0
AP005717.2,lncRNA,0.0,1.0,3.0,2.0,3.0,3.0
AP005899.1,lncRNA,0.0,0.0,1.0,0.0,0.0,0.0
AP005899.2,lncRNA,0.0,1.0,0.0,1.0,1.0,1.0
AP005900.1,lncRNA,0.0,0.0,1.0,0.0,2.0,5.0
AP005901.2,lncRNA,0.0,0.0,0.0,0.0,0.0,1.0
AP005901.5,lncRNA,0.0,0.0,0.0,0.0,1.0,1.0
AP005901.6,lncRNA,0.0,4.0,1.0,0.0,4.0,1.0
AP006216.1,lncRNA,0.0,1.5,0.0,0.0,1.0,0.5
AP006216.2,lncRNA,0.0,0.0,0.0,0.0,1.0,1.0
AP006216.3,lncRNA,0.0,2.0,0.5,0.0,0.0,0.5
AP006219.2,lncRNA,0.0,0.0,0.0,1.0,2.0,1.0
AP006219.3,lncRNA,1.0,1.0,0.0,0.0,0.0,0.0
AP006222.2,lncRNA,0.0,0.0,0.0,0.0,1.0,1.0
AP006248.3,lncRNA,1.0,0.0,0.0,1.0,0.0,0.0
AP006248.5,lncRNA,2.0,1.0,1.0,3.0,2.0,2.0
AP006259.1,lncRNA,0.0,0.0,0.0,0.0,1.0,1.0
AP006261.1,lncRNA,0.0,0.0,0.0,2.0,1.0,1.0
AP006285.1,lncRNA,0.0,0.0,0.0,0.0,1.0,0.0
AP006287.2,lncRNA,1.0,0.0,0.0,0.0,0.5,1.5
AP006287.3,lncRNA,1.5,1.5,1.0,1.0,6.0,7.0
AP006295.1,lncRNA,0.0,0.0,0.0,2.0,1.0,0.0
AP006333.1,lncRNA,0.0,0.0,0.0,0.0,1.5,0.5
AP006333.2,lncRNA,0.0,0.0,0.0,0.0,2.0,2.0
AP006437.1,lncRNA,0.0,0.5,0.0,0.0,11.0,11.5
AP006545.1,lncRNA,0.0,0.0,0.0,0.0,2.0,0.0
AP006545.3,lncRNA,1.0,1.0,1.0,0.0,2.0,0.0
AP006547.1,lncRNA,1.0,0.0,0.0,0.0,3.0,0.0
AP006565.1,lncRNA,0.0,1.5,0.0,0.5,5.5,4.5
AP006587.6,lncRNA,6.5,0.0,1.0,1.0,7.5,6.5
AP006621.1,lncRNA,1.0,1.5,1.5,3.5,7.0,9.0
AP006621.2,lncRNA,1.0,1.0,0.0,3.0,19.0,17.0
AP006621.3,lncRNA,2.0,1.0,2.0,1.0,2.0,1.0
AP006621.4,lncRNA,0.5,0.0,0.0,0.0,0.0,4.0
AP006623.1,lncRNA,1.0,1.0,2.0,1.0,4.0,6.0
AP006748.1,lncRNA,0.0,0.0,0.0,0.5,0.5,0.0
AP007216.1,lncRNA,0.0,0.0,0.0,0.0,1.0,1.0
AP007216.2,lncRNA,1.0,0.0,0.0,0.0,1.0,1.0
AP4B1-AS1,lncRNA,2.5,0.0,0.0,5.5,6.0,2.0
APCDD1L-DT,lncRNA,6.0,6.0,8.5,14.0,23.5,19.0
APOA1-AS,lncRNA,0.0,0.0,1.0,0.0,2.5,1.0
APOBEC3B-AS1,lncRNA,0.0,0.33,0.0,0.0,0.0,0.33
APP-DT,lncRNA,1.0,4.0,1.0,2.5,8.5,8.0
APTR,lncRNA,1.0,1.0,3.0,7.0,5.0,6.0
AQP4-AS1,lncRNA,2.0,4.0,1.0,1.0,16.0,19.0
ARAP1-AS1,lncRNA,0.0,0.5,0.0,0.0,0.5,0.0
ARAP1-AS2,lncRNA,21.0,49.0,172.0,18.5,46.5,58.0
ARF4-AS1,lncRNA,0.0,0.0,0.0,0.0,4.5,0.5
ARHGAP15-AS1,lncRNA,0.0,0.0,5.0,4.0,2.0,1.0
ARHGAP26-AS1,lncRNA,2.0,6.0,7.0,2.0,20.0,18.0
ARHGAP26-IT1,lncRNA,0.0,0.0,0.0,0.0,1.0,0.0
ARHGAP27P1-BPTFP1-KPNA2P3,lncRNA,2.0,0.5,3.5,3.5,9.0,11.33
ARHGAP29-AS1,lncRNA,1.0,4.0,3.0,5.0,12.0,8.0
ARHGAP31-AS1,lncRNA,0.0,0.0,0.0,0.0,2.0,3.0
ARHGAP42-AS1,lncRNA,1.0,3.0,0.0,1.0,4.0,2.5
ARHGAP5-AS1,lncRNA,0.0,0.5,0.5,0.0,5.0,8.0
ARHGEF2-AS1,lncRNA,0.0,2.0,0.0,0.0,0.0,1.0
ARHGEF2-AS2,lncRNA,1.0,0.0,0.0,0.0,6.0,5.0
ARHGEF26-AS1,lncRNA,5.0,5.5,0.0,3.0,11.5,8.0
ARHGEF3-AS1,lncRNA,0.0,0.0,0.0,0.0,4.0,0.0
ARHGEF35-AS1,lncRNA,0.0,1.0,0.0,1.83,11.5,7.67
ARHGEF7-AS1,lncRNA,0.0,0.0,0.0,0.0,1.0,0.0
ARHGEF7-AS2,lncRNA,0.0,1.0,0.5,1.0,5.5,8.0
ARHGEF7-IT1,lncRNA,0.0,1.0,0.0,0.0,3.0,3.0
ARHGEF9-IT1,lncRNA,0.0,0.0,0.0,0.0,0.0,1.0
ARIH2OS,lncRNA,1.0,1.0,0.0,1.0,8.0,7.0
ARLNC1,lncRNA,3.0,5.5,5.0,14.5,35.5,23.0
ARMC2-AS1,lncRNA,0.0,0.0,1.0,0.0,1.0,0.0
ARMCX3-AS1,lncRNA,2.5,1.5,1.0,2.5,5.0,3.5
ARMCX5-GPRASP2,lncRNA,2.5,1.0,0.5,0.0,2.5,3.67
ARNILA,lncRNA,1.0,3.0,1.0,2.0,5.0,6.0
ARNTL2-AS1,lncRNA,0.0,1.0,0.0,1.0,1.0,0.0
ARPP21-AS1,lncRNA,0.0,0.0,0.0,0.0,1.0,1.0
ARRDC1-AS1,lncRNA,2.5,5.0,4.0,7.0,28.0,7.0
ARRDC3-AS1,lncRNA,1.0,3.0,3.0,4.0,17.5,17.5
ARSD-AS1,lncRNA,0.0,1.0,0.0,0.0,0.5,0.5
ASAP1-IT2,lncRNA,2.0,0.0,0.0,0.0,1.0,1.0
ASB15-AS1,lncRNA,0.0,0.0,0.0,2.0,2.0,0.0
ASB16-AS1,lncRNA,4.0,4.0,5.5,9.5,16.0,6.5
ASH1L-AS1,lncRNA,0.0,3.0,0.5,1.0,7.0,14.0
ASH1L-IT1,lncRNA,0.0,1.0,0.0,11.0,1.0,8.0
ASIC4-AS1,lncRNA,0.0,1.0,1.0,0.0,2.0,0.0
ASMTL-AS1,lncRNA,0.0,1.0,1.0,1.5,23.5,11.0
ASTN2-AS1,lncRNA,0.0,0.0,0.0,0.0,3.0,5.0
ATG10-IT1,lncRNA,0.0,0.0,0.0,0.0,2.0,0.0
ATP11A-AS1,lncRNA,1.0,0.0,0.0,2.0,8.0,9.0
ATP11AUN,lncRNA,0.0,2.0,1.0,4.0,10.0,8.0
ATP13A4-AS1,lncRNA,0.0,0.0,0.0,0.0,0.0,1.0
ATP13A5-AS1,lncRNA,0.0,0.0,0.0,0.5,0.0,0.0
ATP1A1-AS1,lncRNA,3.5,15.0,3.5,5.5,28.5,24.5
ATP2A1-AS1,lncRNA,3.5,0.5,1.0,0.0,9.0,6.5
ATP2B1-AS1,lncRNA,2.5,10.0,10.0,1.0,38.5,32.5
ATP2B2-IT1,lncRNA,0.0,0.0,1.0,0.0,1.0,1.0
ATP2B2-IT2,lncRNA,0.0,0.0,4.0,0.0,3.0,0.0
ATP2C2-AS1,lncRNA,1.0,2.0,9.5,1.5,12.5,14.0
ATP6V0E2-AS1,lncRNA,3.0,2.0,3.5,4.0,11.0,7.5
ATP6V1B1-AS1,lncRNA,0.0,1.0,3.0,1.0,38.0,27.5
ATXN1-AS1,lncRNA,2.0,0.0,2.0,2.0,5.0,6.0
ATXN2-AS,lncRNA,0.0,1.0,0.0,0.0,1.5,2.5
ATXN8OS,lncRNA,6.0,1.5,5.5,3.5,15.5,10.5
AUXG01000058.1,lncRNA,3.0,4.0,2.0,5.0,12.0,10.5
B3GALT1-AS1,lncRNA,0.0,1.5,0.0,2.0,2.0,2.0
B3GALT5-AS1,lncRNA,1.0,5.5,6.0,5.0,15.0,15.5
B3GAT1-DT,lncRNA,7.0,6.0,13.0,15.0,28.0,24.0
B4GALT1-AS1,lncRNA,1.0,2.0,2.0,2.0,2.0,1.5
B4GALT4-AS1,lncRNA,0.0,1.0,0.0,0.0,1.0,1.0
BAALC-AS1,lncRNA,11.0,18.0,9.0,17.0,44.0,47.5
BAALC-AS2,lncRNA,0.0,1.0,0.0,0.0,3.0,0.0
BACE1-AS,lncRNA,0.0,4.0,0.0,2.0,7.5,5.0
BACH1-AS1,lncRNA,0.0,0.0,0.0,0.0,1.5,1.0
BACH1-IT1,lncRNA,0.0,0.0,0.0,0.0,1.0,0.0
BACH1-IT2,lncRNA,0.0,1.0,0.0,0.0,7.5,0.0
BACH1-IT3,lncRNA,0.0,0.0,0.0,0.0,4.0,1.0
BAIAP2-DT,lncRNA,3.0,6.0,4.0,6.0,26.0,23.0
BANCR,lncRNA,1.0,4.0,0.0,2.0,1.0,0.0
BARX1-DT,lncRNA,3.0,6.0,5.0,3.0,111.0,107.0
BASP1-AS1,lncRNA,28.0,16.5,10.5,9.5,121.5,26.0
BBOX1-AS1,lncRNA,3.0,10.0,3.0,0.0,14.0,18.0
BCAR3-AS1,lncRNA,0.0,3.0,0.0,3.0,5.0,1.0
BCAR4,lncRNA,1.0,0.0,0.0,0.0,3.0,4.0
BCDIN3D-AS1,lncRNA,1.5,4.5,2.5,1.0,19.5,16.0
BCL2L1-AS1,lncRNA,0.0,0.0,0.0,2.0,0.0,0.0
BCRP3,lncRNA,0.0,0.67,1.0,1.5,3.33,4.0
BDNF-AS,lncRNA,6.0,15.0,12.0,3.0,91.5,79.0
BEAN1-AS1,lncRNA,1.0,0.0,1.5,0.33,3.33,2.67
BET1-AS1,lncRNA,0.0,2.0,1.0,0.0,2.0,0.0
BFSP2-AS1,lncRNA,0.0,0.0,0.0,0.0,2.0,2.0
BHLHE40-AS1,lncRNA,4.5,4.0,1.0,4.0,15.0,10.5
BISPR,lncRNA,4.0,11.0,1.0,0.5,10.0,5.5
BLACE,lncRNA,57.0,240.0,71.0,83.0,19.0,15.0
BMF-AS1,lncRNA,0.0,0.0,0.0,0.0,1.0,1.0
BMP7-AS1,lncRNA,0.0,1.0,2.0,0.0,0.0,2.0
BMP8B-AS1,lncRNA,2.0,0.0,0.0,0.0,4.0,5.0
BMPR1B-DT,lncRNA,0.0,0.0,0.0,0.0,1.0,1.0
BMS1P14,lncRNA,0.0,0.0,0.0,0.0,1.0,0.0
BMS1P4,lncRNA,0.33,1.0,0.33,1.0,0.33,0.67
BMS1P4-AGAP5,lncRNA,0.83,0.0,0.67,0.67,1.0,1.5
BNC2-AS1,lncRNA,0.0,0.0,1.0,1.0,0.0,2.0
BOK-AS1,lncRNA,0.0,1.5,0.0,1.0,3.0,4.0
BOLA3-AS1,lncRNA,3.0,2.0,1.0,3.0,17.0,8.0
BPESC1,lncRNA,6.0,3.0,2.0,5.0,7.0,4.0
BRWD1-AS1,lncRNA,1.0,0.0,0.0,2.0,1.0,1.0
BRWD1-AS2,lncRNA,1.0,6.0,3.0,5.0,18.0,21.0
BRWD1-IT1,lncRNA,2.0,0.0,0.0,1.0,2.0,3.0
BSN-AS1,lncRNA,0.0,0.0,0.0,0.0,0.0,1.0
BSN-DT,lncRNA,1.0,5.0,1.0,1.0,12.0,3.0
BTBD9-AS1,lncRNA,0.0,8.0,2.0,3.0,14.0,12.0
BTF3-DT,lncRNA,0.0,0.0,1.0,0.0,2.0,4.0
BTG3-AS1,lncRNA,4.5,8.5,7.0,4.0,19.0,10.0
BVES-AS1,lncRNA,5.0,8.0,5.5,1.0,12.5,17.0
BX004807.1,lncRNA,0.0,0.0,0.0,0.0,0.0,1.0
BX005019.1,lncRNA,1.0,0.0,1.0,0.0,0.0,3.0
BX005132.1,lncRNA,0.0,0.0,0.0,1.0,2.0,3.0
BX005214.1,lncRNA,0.0,0.0,0.0,0.0,1.0,0.0
BX005214.2,lncRNA,1.0,1.0,0.0,1.0,0.0,1.0
BX005266.2,lncRNA,0.5,0.0,0.0,0.0,1.0,1.5
BX072579.1,lncRNA,0.0,0.5,1.0,0.0,1.0,1.0
BX072579.2,lncRNA,2.0,2.0,0.0,0.0,4.0,1.0
BX088651.2,lncRNA,0.0,0.0,0.0,0.0,1.0,2.0
BX088651.4,lncRNA,0.0,0.0,0.0,0.0,3.5,1.0
BX088723.1,lncRNA,3.0,0.0,1.0,0.0,1.0,0.0
BX119904.1,lncRNA,0.0,0.0,0.0,0.0,0.0,1.0
BX255923.1,lncRNA,0.0,0.0,0.0,0.0,2.0,2.0
BX255923.2,lncRNA,1.0,0.0,1.0,6.0,4.0,2.0
BX255925.1,lncRNA,2.0,1.0,12.5,12.0,44.5,44.5
BX255925.4,lncRNA,0.5,0.0,0.5,0.0,0.5,4.0
BX284613.2,lncRNA,7.0,7.0,6.0,8.0,6.0,12.0
BX284656.1,lncRNA,0.0,0.0,1.0,2.0,1.0,3.0
BX284656.2,lncRNA,0.0,0.0,0.0,0.0,2.0,0.0
BX284668.1,lncRNA,0.0,0.0,0.0,0.0,0.0,1.0
BX284668.2,lncRNA,8.0,3.0,17.0,6.0,33.5,34.0
BX284668.4,lncRNA,1.0,1.0,4.0,3.5,6.5,4.0
BX284668.5,lncRNA,0.0,0.0,0.0,1.0,0.0,0.0
BX293535.1,lncRNA,0.0,0.0,0.0,0.0,1.0,0.0
BX322234.1,lncRNA,3.0,5.5,3.0,6.0,79.5,22.0
BX322234.2,lncRNA,0.0,0.0,1.0,0.0,0.0,1.0
BX322557.1,lncRNA,1.0,0.0,0.0,0.0,3.0,1.0
BX322557.2,lncRNA,0.0,0.0,1.0,4.0,3.5,2.0
BX322559.1,lncRNA,1.0,1.0,0.0,0.0,1.0,0.0
BX322562.1,lncRNA,0.0,1.0,0.0,1.0,3.0,4.0
BX323043.1,lncRNA,0.0,4.0,1.0,2.0,6.0,2.0
BX323046.1,lncRNA,0.0,0.0,1.0,0.0,0.0,0.0
BX323046.2,lncRNA,0.0,0.0,1.0,0.0,0.0,0.0
BX324167.1,lncRNA,1.0,1.0,0.0,0.5,2.0,2.5
BX324167.2,lncRNA,2.0,1.0,3.0,4.5,7.0,9.5
BX469938.1,lncRNA,0.0,0.0,0.0,0.0,2.0,2.0
BX470102.1,lncRNA,0.0,0.0,1.0,0.0,4.0,2.0
BX470102.2,lncRNA,7.0,17.0,0.0,9.0,9.0,11.0
BX470209.1,lncRNA,0.0,0.0,0.0,0.0,1.0,0.0
BX470209.2,lncRNA,5.0,3.0,1.0,2.0,10.0,5.0
BX537318.1,lncRNA,1.0,7.0,10.0,4.0,16.0,30.0
BX539320.1,lncRNA,1.0,1.0,1.0,0.0,3.0,1.0
BX546033.1,lncRNA,0.0,0.0,2.0,1.0,1.5,3.0
BX546450.1,lncRNA,1.0,0.0,1.0,1.0,0.0,0.0
BX546450.2,lncRNA,0.0,0.0,0.0,0.0,1.0,0.0
BX571846.1,lncRNA,0.0,0.0,0.0,0.0,1.0,0.0
BX640514.1,lncRNA,0.0,1.0,3.0,0.0,7.0,3.0
BX640514.2,lncRNA,8.0,3.0,10.0,4.0,25.0,27.0
BX640515.1,lncRNA,1.0,3.0,1.0,1.0,7.0,4.0
BX664718.1,lncRNA,0.0,1.0,1.0,0.0,0.0,5.0
BX664727.3,lncRNA,1.0,0.0,0.0,1.5,1.5,1.0
BX664730.1,lncRNA,1.0,3.0,0.0,0.0,5.0,1.0
BX842242.1,lncRNA,1.0,2.0,1.0,4.0,14.5,6.5
BX842570.1,lncRNA,0.0,0.5,2.0,0.0,0.5,1.0
BX890604.1,lncRNA,4.0,1.5,4.0,14.0,23.5,11.0
BX927359.1,lncRNA,0.0,0.0,0.0,0.0,2.0,0.5
BZW1-AS1,lncRNA,1.0,4.0,2.5,1.0,3.0,7.5
C10orf55,lncRNA,3.5,2.0,4.5,3.0,10.5,6.5
C10orf71-AS1,lncRNA,0.0,2.0,0.0,2.0,2.0,2.0
C11orf40,lncRNA,0.0,1.0,0.0,0.0,0.0,1.0
C11orf72,lncRNA,0.0,2.5,0.0,1.0,1.5,1.0
C12orf77,lncRNA,0.0,3.0,0.0,1.0,3.0,1.0
C14orf177,lncRNA,0.0,0.0,0.0,0.0,3.0,2.0
C14orf178,lncRNA,0.0,0.0,0.0,0.0,7.0,1.0
C15orf32,lncRNA,5.0,0.0,0.0,0.0,9.0,8.0
C15orf54,lncRNA,0.0,0.0,0.0,0.0,3.0,2.0
C15orf56,lncRNA,1.0,2.0,8.0,3.0,15.5,20.0
C16orf97,lncRNA,0.0,1.0,1.0,0.0,5.0,2.0
C17orf102,lncRNA,3.0,1.0,3.0,6.0,12.0,13.0
C17orf77,lncRNA,1.0,0.0,0.0,1.0,8.0,6.0
C1QTNF1-AS1,lncRNA,0.0,0.0,1.0,1.0,8.0,7.0
C1QTNF7-AS1,lncRNA,0.0,3.0,0.0,4.0,3.0,2.0
C1QTNF9-AS1,lncRNA,0.0,0.0,0.33,0.33,0.0,0.0
C1RL-AS1,lncRNA,1.0,2.5,4.0,4.0,14.5,8.5
C1orf147,lncRNA,1.0,0.0,8.0,3.0,5.0,4.0
C1orf167-AS1,lncRNA,0.0,0.5,0.0,0.0,1.5,4.0
C1orf220,lncRNA,1.0,0.0,0.0,0.0,6.0,1.0
C1orf229,lncRNA,8.0,5.0,3.0,53.0,15.0,17.0
C2-AS1,lncRNA,0.0,0.0,1.0,0.0,0.5,0.0
C20orf197,lncRNA,1.0,1.0,0.0,4.0,5.0,3.0
C21orf62-AS1,lncRNA,8.0,14.0,0.0,6.0,18.0,13.0
C21orf91-OT1,lncRNA,0.0,1.0,0.0,0.0,2.0,1.0
C22orf24,lncRNA,4.0,2.0,2.0,3.0,16.0,13.0
C22orf34,lncRNA,3.0,1.0,2.0,5.0,34.0,21.0
C2CD4D-AS1,lncRNA,0.0,0.0,1.0,0.0,0.0,0.0
C2orf27A,lncRNA,0.0,1.0,0.0,1.0,4.0,5.0
C2orf49-DT,lncRNA,0.0,0.0,2.0,1.0,4.0,3.0
C2orf91,lncRNA,1.0,1.0,5.0,5.0,6.0,6.0
C3orf35,lncRNA,1.0,5.0,0.0,7.0,12.0,14.0
C3orf36,lncRNA,2.0,5.0,1.0,3.0,9.0,2.0
C4A-AS1,lncRNA,0.0,2.0,0.5,0.0,9.0,4.0
C4B-AS1,lncRNA,1.0,2.0,3.5,1.0,6.5,5.0
C5orf17,lncRNA,0.0,0.0,1.5,1.0,3.0,2.5
C5orf38,lncRNA,2.0,4.0,13.0,2.0,41.0,32.0
C5orf60,lncRNA,1111.0,240.0,1.0,2.0,6.0,7.0
C5orf64,lncRNA,12.0,4.5,19.0,15.0,21.0,25.0
C5orf64-AS1,lncRNA,1.0,0.5,0.0,0.0,1.0,1.0
C5orf66,lncRNA,1.0,1.5,5.0,3.0,15.0,14.5
C5orf66-AS1,lncRNA,1.0,3.0,3.0,2.0,3.0,7.0
C5orf66-AS2,lncRNA,3.0,4.0,2.0,3.0,9.0,9.0
C5orf67,lncRNA,0.0,0.0,0.0,0.0,0.0,3.0
C6orf223,lncRNA,5.0,7.0,9.0,4.0,71.0,59.5
C6orf47-AS1,lncRNA,0.0,0.0,1.0,0.0,2.0,1.0
C6orf99,lncRNA,4.0,5.0,7.0,13.0,11.0,10.0
C7orf65,lncRNA,1.0,4.0,0.0,7.0,5.0,7.0
C7orf69,lncRNA,1.0,0.0,0.0,1.0,2.0,1.0
C7orf77,lncRNA,0.0,1.0,0.0,0.0,1.0,0.0
C8orf31,lncRNA,5.0,2.0,5.0,2.0,16.0,16.0
C8orf34-AS1,lncRNA,1.0,1.0,6.0,4.0,32.0,33.0
C8orf37-AS1,lncRNA,23.0,8.0,6.0,20.0,35.0,39.0
C8orf44,lncRNA,1.0,2.0,1.0,1.0,4.0,4.5
C8orf49,lncRNA,0.0,0.0,0.0,2.0,6.0,1.0
C8orf86,lncRNA,1.0,0.0,0.0,3.0,3.0,1.0
C8orf87,lncRNA,0.0,0.0,0.0,1.0,1.0,0.0
C9orf106,lncRNA,2.0,0.0,4.0,7.0,5.0,5.0
C9orf135-DT,lncRNA,2.0,2.0,11.0,0.0,8.0,0.0
C9orf139,lncRNA,4.0,5.0,6.0,1.0,28.0,25.0
C9orf147,lncRNA,4.0,5.5,6.0,6.0,12.0,8.5
C9orf163,lncRNA,6.0,2.0,6.5,3.5,23.5,20.5
C9orf62,lncRNA,4.0,4.0,3.0,3.0,10.0,5.0
C9orf92,lncRNA,0.0,1.0,0.0,0.0,1.5,1.0
CA3-AS1,lncRNA,4.0,0.0,5.0,3.5,30.5,29.5
CACNA1C-AS1,lncRNA,0.0,2.0,0.0,5.0,10.5,4.0
CACNA1C-AS2,lncRNA,0.0,0.0,2.0,0.0,1.0,2.0
CACNA1C-AS4,lncRNA,0.0,2.0,1.0,0.0,5.0,0.0
CACNA1C-IT2,lncRNA,0.0,1.0,0.0,0.0,0.0,0.0
CACNA1C-IT3,lncRNA,0.0,1.0,0.0,0.0,1.0,0.0
CACNA1G-AS1,lncRNA,2.0,1.0,0.0,1.0,10.0,7.0
CACNA2D1-AS1,lncRNA,0.0,1.0,0.0,0.0,1.0,3.0
CACNA2D3-AS1,lncRNA,0.0,1.0,0.0,0.5,5.0,4.5
CACTIN-AS1,lncRNA,0.0,2.5,2.0,3.5,13.5,10.5
CADM2-AS1,lncRNA,0.0,0.0,0.0,3.0,2.0,2.0
CADM2-AS2,lncRNA,0.0,2.0,0.0,3.0,2.0,1.0
CADM3-AS1,lncRNA,0.0,3.5,5.5,7.0,13.0,8.5
CAHM,lncRNA,7.0,6.0,3.0,9.0,12.0,12.0
CALHM6-AS1,lncRNA,0.0,1.0,0.0,0.0,0.0,1.0
CALML3-AS1,lncRNA,5.0,6.5,4.0,6.5,62.0,46.0
CAMTA1-AS1,lncRNA,0.0,0.0,1.0,0.0,2.0,3.0
CAMTA1-AS2,lncRNA,0.0,0.0,0.0,0.0,1.0,0.0
CAMTA1-DT,lncRNA,5.0,1.0,7.0,0.0,7.0,4.0
CAMTA1-IT1,lncRNA,0.0,1.0,0.0,0.0,1.0,0.0
CAPN10-DT,lncRNA,1.0,2.0,4.0,1.0,21.0,12.0
CAPS2-AS1,lncRNA,0.0,2.0,0.0,0.0,4.0,2.0
CARD11-AS1,lncRNA,1.5,0.0,1.0,0.0,2.5,3.5
CARD8-AS1,lncRNA,0.0,4.0,2.0,6.0,2.0,2.0
CARMAL,lncRNA,0.0,3.0,0.0,1.0,1.0,2.0
CARMN,lncRNA,23.5,34.0,66.0,35.5,101.0,495.5
CARNMT1-AS1,lncRNA,1.0,8.0,0.0,2.0,5.0,2.0
CARS1-AS1,lncRNA,1.0,0.0,0.0,2.0,5.0,4.5
CASC11,lncRNA,2.0,1.0,2.0,0.0,24.5,24.5
CASC15,lncRNA,9.0,21.0,15.0,17.0,71.5,74.0
CASC16,lncRNA,0.0,0.0,0.0,0.0,5.0,1.0
CASC17,lncRNA,0.0,2.0,0.0,0.0,4.0,1.0
CASC18,lncRNA,0.0,1.0,0.0,1.0,5.0,4.0
CASC19,lncRNA,5.0,12.0,6.0,11.0,32.0,30.0
CASC2,lncRNA,6.0,4.5,5.0,5.0,25.5,23.5
CASC20,lncRNA,0.0,0.0,0.0,1.0,0.0,0.0
CASC22,lncRNA,0.0,0.0,0.0,4.0,2.0,0.0
CASC23,lncRNA,3.0,2.0,1.0,0.0,14.0,7.0
CASC6,lncRNA,1.0,2.0,1.0,2.0,2.0,1.0
CASC8,lncRNA,0.0,0.0,0.0,0.0,6.0,2.0
CASC9,lncRNA,0.0,2.0,1.0,0.0,3.0,2.0
CASK-AS1,lncRNA,0.0,0.0,0.0,0.5,0.0,0.5
CATIP-AS1,lncRNA,0.0,0.0,0.0,0.0,2.0,3.0
CATIP-AS2,lncRNA,0.0,1.0,0.0,3.0,0.0,0.5
CAVIN2-AS1,lncRNA,3.5,3.5,0.5,2.5,10.0,5.5
CBR3-AS1,lncRNA,9.0,3.0,5.5,5.5,16.0,14.0
CCAT2,lncRNA,2.0,0.0,0.0,0.0,1.0,3.0
CCDC13-AS1,lncRNA,1.0,2.0,0.33,1.33,3.0,2.0
CCDC140,lncRNA,2.0,9.0,25.0,2.0,11.0,18.0
CCDC144NL-AS1,lncRNA,0.0,5.0,5.0,6.0,27.0,20.0
CCDC148-AS1,lncRNA,1.0,0.0,1.0,1.0,5.0,7.0
CCDC15-DT,lncRNA,2.0,1.0,3.0,2.0,1.0,4.0
CCDC18-AS1,lncRNA,2.0,4.0,2.5,7.0,18.0,14.5
CCDC183-AS1,lncRNA,1.0,0.0,5.33,4.0,17.33,13.17
CCDC26,lncRNA,19.0,33.0,29.0,13.0,58.0,71.0
CCDC28A-AS1,lncRNA,1.0,0.0,2.0,12.0,7.0,11.0
CCDC37-DT,lncRNA,0.0,0.0,0.0,1.0,2.0,1.0
CCDC39,lncRNA,1.0,5.0,1.5,0.0,4.5,7.0
CCDC39-AS1,lncRNA,0.0,2.0,0.0,0.0,0.0,0.0
CCND2-AS1,lncRNA,3.0,3.0,1.33,4.33,10.33,8.0
CCNT2-AS1,lncRNA,3.0,5.0,5.0,4.5,16.5,10.5
CCR5AS,lncRNA,0.0,0.0,1.0,1.0,6.0,5.0
CD200R1L-AS1,lncRNA,0.0,0.0,0.0,0.0,1.0,1.0
CD27-AS1,lncRNA,0.0,1.0,1.0,3.5,12.5,10.5
CD2BP2-DT,lncRNA,0.0,3.5,2.0,0.0,4.0,4.0
CD44-AS1,lncRNA,0.0,1.0,0.0,0.0,0.0,0.0
CD81-AS1,lncRNA,2.0,0.0,2.0,2.0,23.0,15.0
CDC37L1-DT,lncRNA,0.0,2.0,0.0,0.0,3.0,4.0
CDC42-AS1,lncRNA,0.5,0.5,0.0,2.0,3.0,6.33
CDC42-IT1,lncRNA,1.0,0.0,1.0,0.0,0.0,0.0
CDH18-AS1,lncRNA,1.0,1.0,1.0,2.0,3.0,7.0
CDH23-AS1,lncRNA,0.0,2.0,1.0,0.0,0.0,0.0
CDK6-AS1,lncRNA,1.0,0.0,0.0,0.0,0.0,1.0
CDKN2A-DT,lncRNA,2.0,5.0,4.0,8.0,35.0,57.0
CDKN2B-AS1,lncRNA,4.5,1.0,5.0,11.5,25.5,23.5
CDRT7,lncRNA,0.0,0.0,0.0,0.0,3.0,6.0
CDRT8,lncRNA,0.0,0.0,3.0,0.0,0.0,0.0
CDYL-AS1,lncRNA,0.0,2.0,0.0,0.0,1.0,0.0
CEBPA-DT,lncRNA,4.0,3.0,5.0,3.0,16.0,14.0
CEBPB-AS1,lncRNA,1.0,1.0,3.0,4.5,11.0,9.0
CECR3,lncRNA,0.0,1.0,1.0,2.0,7.0,11.0
CELF2-AS1,lncRNA,0.0,0.0,2.0,1.0,5.0,3.0
CELF2-AS2,lncRNA,0.0,6.0,0.0,3.0,12.0,8.0
CELF2-DT,lncRNA,4.0,6.0,6.0,9.0,59.0,67.0
CENATAC-DT,lncRNA,0.0,1.0,1.0,0.0,1.0,5.0
CENPN-AS1,lncRNA,0.5,8.0,0.5,2.67,8.5,5.5
CEP250-AS1,lncRNA,0.0,2.0,0.0,0.0,30.0,59.5
CEP83-DT,lncRNA,2.0,1.0,1.0,3.0,6.0,7.0
CERNA1,lncRNA,2.0,0.0,0.0,3.0,8.0,9.0
CERNA2,lncRNA,0.0,0.0,0.0,2.0,0.0,2.0
CERNA3,lncRNA,3.0,1.0,1.0,2.0,16.0,12.0
CEROX1,lncRNA,3.0,2.0,7.0,9.0,36.0,20.5
CERS3-AS1,lncRNA,4.0,0.0,2.0,0.0,3.0,3.0
CERS6-AS1,lncRNA,2.5,0.0,1.0,8.5,2.5,5.0
CFAP20DC-AS1,lncRNA,3.0,6.0,1.0,0.0,0.0,5.0
CFAP44-AS1,lncRNA,0.0,0.0,0.0,0.0,8.0,5.0
CFAP58-DT,lncRNA,0.0,0.0,0.0,0.0,0.0,4.0
CFAP61-AS1,lncRNA,0.0,2.0,0.0,0.0,7.0,2.0
CFLAR-AS1,lncRNA,0.0,2.0,1.0,2.5,3.5,3.0
CH17-340M24.3,lncRNA,0.0,2.0,1.0,0.0,3.0,7.0
CHASERR,lncRNA,10.0,4.0,10.0,7.0,19.0,15.0
CHKB-DT,lncRNA,4.0,9.0,7.0,5.0,25.0,30.0
CHL1-AS1,lncRNA,0.0,0.0,0.0,0.5,0.5,4.0
CHL1-AS2,lncRNA,1.0,0.5,1.5,3.0,14.5,10.5
CHMP1B-AS1,lncRNA,2.0,2.0,1.0,0.0,18.0,19.0
CHN2-AS1,lncRNA,0.0,1.0,0.0,0.0,1.0,2.0
CHODL-AS1,lncRNA,0.0,0.0,1.0,0.0,2.0,0.0
CHRM3-AS2,lncRNA,4.0,4.0,2.0,4.0,19.0,18.0
CHROMR,lncRNA,5.0,5.0,3.5,7.0,26.0,15.5
CIRBP-AS1,lncRNA,4.0,3.0,2.0,3.0,10.0,10.0
CISTR,lncRNA,0.5,5.5,4.0,1.0,8.5,3.5
CKMT2-AS1,lncRNA,3.5,5.0,3.0,10.5,10.5,14.0
CLCA4-AS1,lncRNA,1.0,1.0,0.0,0.0,5.0,5.0
CLDN10-AS1,lncRNA,0.0,1.0,2.0,0.0,5.0,1.0
CLEC12A-AS1,lncRNA,4.0,3.0,1.0,0.0,15.0,4.0
CLIP1-AS1,lncRNA,1.0,5.0,0.0,2.0,7.0,7.0
CLLU1,lncRNA,2.0,0.0,1.0,1.0,6.0,8.0
CLLU1-AS1,lncRNA,0.0,0.0,0.0,0.0,1.0,1.0
CLMAT3,lncRNA,1.0,2.0,1.5,1.5,5.0,5.0
CLRN1-AS1,lncRNA,7.0,6.5,8.0,4.0,88.0,82.0
CLSTN2-AS1,lncRNA,0.0,1.0,2.0,0.0,2.0,2.0
CLYBL-AS1,lncRNA,0.0,0.0,1.0,0.0,1.0,0.0
CLYBL-AS2,lncRNA,1.0,0.0,0.0,1.0,3.0,0.0
CNIH3-AS1,lncRNA,0.0,1.0,1.0,0.0,2.0,2.0
CNIH3-AS2,lncRNA,4.0,2.0,8.0,7.0,8.0,17.0
CNN3-DT,lncRNA,2.0,2.0,4.0,0.0,30.0,16.0
CNNM3-DT,lncRNA,0.0,0.0,0.0,0.0,1.0,0.0
CNTFR-AS1,lncRNA,0.0,0.0,6.0,0.0,7.0,6.0
CNTN4-AS1,lncRNA,1.0,1.5,0.5,0.0,2.0,3.5
CNTN4-AS2,lncRNA,0.0,0.0,0.0,0.0,1.0,0.0
CNTNAP2-AS1,lncRNA,0.0,6.0,0.0,1.0,5.0,0.0
COL18A1-AS1,lncRNA,3.0,1.0,12.0,0.0,21.0,16.0
COL18A1-AS2,lncRNA,0.0,0.0,0.0,0.0,2.0,0.0
COL25A1-DT,lncRNA,2.0,0.0,0.0,2.0,5.0,3.0
COL4A2-AS1,lncRNA,0.0,0.0,0.0,0.0,2.0,2.5
COL4A2-AS2,lncRNA,0.0,0.0,0.0,1.0,3.0,2.0
COL5A1-AS1,lncRNA,0.0,1.0,0.0,1.0,5.0,11.0
COLCA1,lncRNA,2.0,10.5,7.0,7.5,25.0,36.0
COMETT,lncRNA,0.0,1.0,0.0,0.0,2.0,0.0
COPDA1,lncRNA,0.0,0.0,0.0,1.0,0.0,1.0
COSMOC,lncRNA,0.0,0.5,0.0,0.5,0.0,0.0
COX10-AS1,lncRNA,5.0,9.5,0.0,1.0,10.0,4.0
CPB2-AS1,lncRNA,3.0,4.5,9.0,7.0,19.5,18.5
CPEB1-AS1,lncRNA,1.0,0.0,3.5,2.5,15.0,19.5
CPEB2-DT,lncRNA,0.0,3.0,1.0,3.0,3.0,5.0
CPNE8-AS1,lncRNA,0.0,0.0,0.0,1.0,2.0,2.0
CPS1-IT1,lncRNA,1.0,3.0,2.0,2.0,4.0,2.0
CPVL-AS1,lncRNA,0.0,0.0,0.0,0.0,3.0,3.0
CR381653.1,lncRNA,0.0,0.0,0.0,1.0,0.0,0.0
CR381670.2,lncRNA,0.0,2.0,0.0,1.0,3.0,0.0
CR382287.1,lncRNA,1.0,0.0,0.0,1.0,3.0,3.0
CR383656.12,lncRNA,0.0,0.5,1.0,0.5,1.0,0.0
CR392000.2,lncRNA,2.0,2.0,0.0,0.0,6.0,4.0
CR559946.1,lncRNA,0.0,0.0,1.0,0.0,2.5,2.0
CR559946.2,lncRNA,0.0,0.0,1.5,0.0,9.5,6.0
CR769776.3,lncRNA,0.0,1.0,0.0,0.0,5.0,3.0
CR786580.1,lncRNA,1.0,0.0,2.0,2.0,1.0,5.0
CR936218.1,lncRNA,0.0,0.0,0.0,0.0,0.5,0.0
CR936218.2,lncRNA,0.0,0.0,0.0,0.0,3.0,3.0
CRAT37,lncRNA,0.0,1.0,1.0,3.0,5.0,2.0
CREB3L2-AS1,lncRNA,0.0,1.0,0.0,1.0,3.0,4.0
CRIM1-DT,lncRNA,2.0,0.0,0.0,0.0,0.0,0.0
CRNDE,lncRNA,6.0,4.0,15.0,16.0,45.0,37.0
CRPPA-AS1,lncRNA,1.0,0.0,0.0,1.0,2.0,1.0
CRTC3-AS1,lncRNA,3.0,3.5,2.0,0.0,1.0,0.0
CRYZL2P-SEC16B,lncRNA,0.5,7.5,5.0,2.5,11.5,10.0
CSE1L-AS1,lncRNA,0.0,1.0,0.0,4.0,0.0,2.0
CSGALNACT2-DT,lncRNA,0.0,0.0,0.0,2.0,10.0,7.0
CSMD2-AS1,lncRNA,1.0,3.0,6.0,4.0,4.0,2.0
CSNK1G2-AS1,lncRNA,0.0,1.0,3.0,4.0,4.0,5.0
CSPG4P1Y,lncRNA,0.0,0.0,1.0,0.0,1.5,0.5
CSPG4P2Y,lncRNA,0.0,0.0,0.0,0.5,0.0,1.0
CSRP3-AS1,lncRNA,1.0,0.0,0.0,1.0,1.0,1.0
CSTF3-DT,lncRNA,2.0,1.0,1.0,2.0,11.0,11.0
CT62,lncRNA,5.0,1.0,20.0,9.0,16.0,9.0
CT66,lncRNA,2.0,1.0,1.0,1.0,4.0,3.0
CT69,lncRNA,0.0,2.0,0.0,0.0,4.0,1.0
CT70,lncRNA,0.0,0.0,1.0,3.0,11.0,4.0
CTB-178M22.2,lncRNA,0.0,1.0,0.0,0.0,3.0,0.0
CTBP1-AS,lncRNA,2.5,3.5,3.5,4.0,32.0,22.0
CTBP1-DT,lncRNA,6.0,6.5,12.0,5.0,36.5,32.5
CTC-338M12.4,lncRNA,0.5,6.5,2.5,1.0,17.5,11.0
CTD-2194D22.4,lncRNA,0.0,0.0,0.0,1.0,2.0,2.0
CTD-2297D10.2,lncRNA,3.0,6.0,8.0,0.0,17.0,8.0
CTD-2350J17.1,lncRNA,0.0,0.0,0.0,1.0,3.0,2.0
CTD-3080P12.3,lncRNA,0.0,0.0,0.0,2.0,5.0,5.0
CTNNA2-AS1,lncRNA,0.0,3.0,0.0,1.0,4.0,1.0
CU104787.1,lncRNA,0.0,0.0,0.0,0.0,2.0,4.0
CU633904.1,lncRNA,0.0,0.0,0.0,0.0,3.0,1.0
CU633906.1,lncRNA,3.0,0.0,0.0,1.0,0.0,5.0
CU633906.2,lncRNA,0.0,2.0,1.0,0.0,1.0,0.0
CU633906.5,lncRNA,1.0,0.0,2.0,0.0,4.0,4.0
CU633967.1,lncRNA,1.0,0.0,1.0,1.0,3.0,0.0
CU634019.1,lncRNA,0.0,0.0,0.0,0.0,0.0,1.0
CU634019.5,lncRNA,0.0,2.0,0.0,1.0,1.0,1.0
CU638689.4,lncRNA,0.0,1.0,0.0,1.0,5.0,3.0
CU638689.5,lncRNA,2.0,0.0,0.0,0.0,0.0,0.0
CU639417.4,lncRNA,0.0,1.0,0.0,0.0,1.0,0.0
CU639417.5,lncRNA,5.0,3.0,3.0,4.0,27.0,20.0
CXXC4-AS1,lncRNA,8.0,34.0,4.5,5.0,24.5,33.5
CXXC5-AS1,lncRNA,1.0,1.0,1.0,2.0,9.5,4.0
CYB561D2,lncRNA,1.0,1.5,2.5,0.0,5.0,3.17
CYMP-AS1,lncRNA,1.0,1.0,1.0,1.0,8.0,9.33
CYP1B1-AS1,lncRNA,54.0,22.5,8.0,3.0,35.5,32.0
CYP2U1-AS1,lncRNA,1.5,2.0,0.0,3.0,5.5,4.0
CYP4A22-AS1,lncRNA,0.0,1.0,0.0,0.0,1.5,3.0
CYP4F26P,lncRNA,4.0,1.0,1.0,4.0,7.0,6.0
CYP51A1-AS1,lncRNA,1.0,6.17,1.5,5.33,9.67,12.17
CYTOR,lncRNA,7.5,4.0,10.0,17.5,47.0,44.0
CYYR1-AS1,lncRNA,2.0,0.0,0.0,0.0,2.0,0.0
D21S2088E,lncRNA,7.0,5.0,4.0,4.0,18.0,22.0
DAAM2-AS1,lncRNA,3.5,1.0,3.5,1.5,13.0,10.0
DAB1-AS1,lncRNA,1.0,0.0,1.0,1.0,11.0,4.0
DACT3-AS1,lncRNA,1.0,5.0,8.0,0.0,14.0,10.0
DANCR,lncRNA,13.0,6.0,30.83,31.33,33.67,32.17
DANT2,lncRNA,4.0,1.0,2.0,1.0,9.0,4.0
DAOA-AS1,lncRNA,0.0,0.0,0.0,0.0,2.0,0.0
DAP-DT,lncRNA,0.0,0.0,1.0,0.0,2.0,0.5
DAPK1-IT1,lncRNA,0.0,0.0,0.0,0.0,2.0,2.0
DARS1-AS1,lncRNA,1.0,8.0,3.0,11.0,67.5,71.0
DBET,lncRNA,4.0,1.0,1.0,2.0,19.0,10.0
DBH-AS1,lncRNA,1.0,0.0,2.0,4.0,15.0,7.0
DCTN1-AS1,lncRNA,2.5,1.0,1.0,1.5,15.0,9.5
DCUN1D2-AS,lncRNA,0.0,2.0,2.0,0.0,0.0,0.0
DCXR-DT,lncRNA,0.0,2.0,4.0,2.0,3.0,5.0
DDC-AS1,lncRNA,1.0,0.0,3.0,5.0,11.5,8.0
DDN-AS1,lncRNA,1.0,1.0,2.5,2.5,16.0,8.5
DDR1-DT,lncRNA,0.0,2.0,1.0,6.0,2.0,6.0
DDX11-AS1,lncRNA,0.0,2.0,2.0,4.0,11.0,6.0
DDX39B-AS1,lncRNA,12.0,15.0,1.0,4.0,4.0,6.33
DDX59-AS1,lncRNA,1.0,3.0,0.0,0.0,1.0,0.0
DELEC1,lncRNA,1.0,3.0,2.0,2.0,8.0,7.0
DENND5B-AS1,lncRNA,1.0,2.0,2.0,4.0,19.0,23.0
DENND6A-AS1,lncRNA,0.0,0.0,1.0,0.0,1.0,1.0
DENND6A-DT,lncRNA,0.0,1.0,0.0,2.0,6.0,5.0
DEPDC1-AS1,lncRNA,0.0,0.0,1.0,0.0,6.0,1.0
DGCR11,lncRNA,1.0,2.0,1.0,0.0,1.0,2.0
DGCR5,lncRNA,6.5,12.0,9.5,11.5,72.5,88.0
DGUOK-AS1,lncRNA,0.0,0.0,0.0,0.0,8.0,7.0
DHCR24-DT,lncRNA,0.0,0.0,0.0,0.0,2.5,3.0
DHDDS-AS1,lncRNA,0.0,0.0,0.0,0.0,0.5,1.0
DHRS4-AS1,lncRNA,3.0,6.0,5.0,10.0,18.0,23.0
DHRSX-IT1,lncRNA,0.0,2.0,0.0,0.0,2.0,1.0
DHX33-DT,lncRNA,0.0,0.0,0.0,0.0,1.0,1.0
DIAPH1-AS1,lncRNA,0.0,1.0,0.0,1.0,3.0,3.0
DIAPH2-AS1,lncRNA,1.0,0.0,0.0,1.0,2.0,4.0
DIAPH3-AS1,lncRNA,0.0,0.0,0.0,0.0,1.0,2.0
DIAPH3-AS2,lncRNA,1.0,0.0,0.0,0.0,5.0,0.0
DICER1-AS1,lncRNA,2.0,7.0,0.0,4.0,6.0,9.0
DINOL,lncRNA,0.0,0.0,0.0,0.0,0.5,1.0
DIO2-AS1,lncRNA,0.0,2.0,0.0,0.0,4.5,1.0
DIO3OS,lncRNA,9.0,5.0,7.5,2.0,38.5,31.0
DIP2A-IT1,lncRNA,0.0,0.0,0.0,0.0,1.0,0.0
DIP2C-AS1,lncRNA,11.0,5.0,23.0,11.0,70.0,60.0
DIRC3,lncRNA,3.0,9.5,4.0,7.5,12.0,8.0
DIRC3-AS1,lncRNA,3.0,0.5,13.0,0.5,8.0,10.0
DISC1-IT1,lncRNA,0.0,2.0,2.0,0.0,0.0,1.0
DISC1FP1,lncRNA,0.0,1.0,2.0,0.0,8.0,4.0
DKFZP434A062,lncRNA,4.0,1.0,5.0,6.0,13.0,12.0
DKFZP434H168,lncRNA,3.0,1.0,1.5,1.0,6.0,13.0
DLEU1,lncRNA,11.5,11.0,6.0,12.0,58.5,63.0
DLEU2,lncRNA,12.0,17.0,9.0,9.0,29.0,33.0
DLEU2L,lncRNA,0.0,0.0,0.0,1.0,4.0,4.0
DLG1-AS1,lncRNA,3.0,0.5,0.5,3.0,9.0,9.5
DLG2-AS2,lncRNA,0.0,3.0,2.0,0.0,3.0,6.0
DLG3-AS1,lncRNA,0.0,0.0,1.0,0.0,1.0,1.0
DLG5-AS1,lncRNA,2.0,1.0,1.0,2.0,3.0,2.0
DLGAP1-AS1,lncRNA,0.0,5.0,1.0,3.0,10.0,9.0
DLGAP1-AS2,lncRNA,0.0,2.0,3.0,2.0,1.0,2.0
DLGAP1-AS3,lncRNA,0.0,2.0,4.5,0.0,7.0,8.0
DLGAP1-AS4,lncRNA,4.0,4.0,1.0,4.0,10.0,9.0
DLGAP1-AS5,lncRNA,3.0,0.0,0.0,4.0,1.0,6.0
DLGAP2-AS1,lncRNA,0.0,0.0,1.0,0.0,4.0,6.0
DLGAP4-AS1,lncRNA,1.5,4.5,1.5,0.0,10.0,5.0
DLX2-DT,lncRNA,64.0,6.0,3.0,3.0,42.0,14.0
DLX6-AS1,lncRNA,2.0,12.0,3.0,8.0,20.5,26.0
DM1-AS,lncRNA,0.0,4.0,0.5,0.0,3.0,10.5
DMD-AS3,lncRNA,0.0,0.0,0.0,0.0,1.0,0.0
DNAAF4-CCPG1,lncRNA,3.5,5.5,2.0,2.5,3.5,3.5
DNAH10OS,lncRNA,3.0,4.0,6.0,17.5,28.0,26.0
DNAH17-AS1,lncRNA,9.5,6.0,7.5,12.5,22.0,17.5
DNAH8-AS1,lncRNA,1.5,0.5,0.0,0.0,3.5,1.0
DNAJB5-DT,lncRNA,0.0,0.0,0.0,2.0,5.0,1.0
DNAJB8-AS1,lncRNA,1.0,0.0,0.0,4.0,1.5,6.5
DNAJC27-AS1,lncRNA,8.0,5.5,2.0,8.5,12.0,12.5
DNAJC3-DT,lncRNA,1.0,1.0,2.0,1.0,7.0,3.0
DNAJC9-AS1,lncRNA,2.0,3.0,1.0,5.0,8.5,6.0
DNM1P35,lncRNA,6.0,2.0,4.0,2.0,63.0,37.0
DNM3-IT1,lncRNA,0.0,0.0,0.0,0.0,0.0,2.0
DNM3OS,lncRNA,110.67,32.0,27.67,26.5,193.5,31.17
DNMBP-AS1,lncRNA,1.5,1.0,0.0,1.0,2.0,1.0
DNMT3L-AS1,lncRNA,0.0,0.0,0.0,0.0,1.0,0.0
DOCK4-AS1,lncRNA,0.0,1.0,2.0,0.0,7.0,3.0
DOCK8-AS1,lncRNA,8.0,3.0,4.5,2.5,12.5,8.5
DOCK9-AS1,lncRNA,0.0,2.0,0.0,0.0,1.0,1.0
DOCK9-DT,lncRNA,1.0,1.0,6.0,1.0,4.0,10.0
DPH6-DT,lncRNA,2.0,0.0,2.0,1.0,8.0,6.0
DPP10-AS1,lncRNA,18.0,47.0,7.0,23.0,16.0,41.0
DPP10-AS2,lncRNA,1.0,0.0,0.0,0.0,1.0,1.0
DPP10-AS3,lncRNA,0.0,0.0,0.0,0.0,1.0,0.0
DPP4-DT,lncRNA,0.0,0.0,0.0,0.0,1.5,0.5
DPP9-AS1,lncRNA,5.5,2.0,3.0,3.5,29.0,20.5
DPYD-AS1,lncRNA,0.0,0.0,0.0,1.0,1.5,0.0
DPYD-AS2,lncRNA,0.0,0.0,0.0,0.0,1.0,0.0
DRAIC,lncRNA,23.0,28.0,51.0,32.0,72.5,83.0
DSCAM-AS1,lncRNA,1.0,0.0,0.0,0.0,2.0,2.0
DSCAM-IT1,lncRNA,1.0,0.0,0.0,0.0,7.0,4.0
DSCAS,lncRNA,0.5,0.0,0.5,0.0,3.0,1.5
DSCR10,lncRNA,0.0,0.0,1.0,0.0,46.0,27.0
DSCR4,lncRNA,0.5,4.0,0.0,2.0,5.5,1.0
DSCR8,lncRNA,0.0,0.0,0.0,1.0,0.0,0.0
DSCR9,lncRNA,1.0,0.0,2.0,0.0,12.0,16.0
DSG1-AS1,lncRNA,0.0,0.0,0.0,0.0,1.5,1.5
DSG2-AS1,lncRNA,0.0,1.0,0.0,0.0,2.0,0.0
DST-AS1,lncRNA,0.0,0.0,0.0,0.0,2.0,3.0
DTD1-AS1,lncRNA,1.0,1.0,0.0,0.0,6.0,1.0
DTX2P1-UPK3BP1-PMS2P11,lncRNA,0.5,3.5,2.0,2.5,9.0,3.5
DUBR,lncRNA,13.0,11.0,6.0,8.0,33.5,22.5
DUSP5-DT,lncRNA,3.0,2.0,0.0,4.0,9.0,6.0
DUXAP8,lncRNA,3.0,1.5,1.0,0.0,7.0,8.0
DYRK3-AS1,lncRNA,0.0,1.0,0.0,0.0,2.5,3.0
E2F3-IT1,lncRNA,0.0,0.0,0.0,1.0,1.0,0.0
EAF1-AS1,lncRNA,0.5,4.0,0.5,0.83,12.0,7.5
EBLN3P,lncRNA,3.0,9.0,4.0,1.0,20.0,10.0
ECE1-AS1,lncRNA,0.0,1.0,0.0,1.0,2.0,2.0
ECI2-DT,lncRNA,2.0,2.0,2.0,1.0,5.0,2.0
EDIL3-DT,lncRNA,4.0,1.0,2.0,0.5,12.5,18.5
EDNRB-AS1,lncRNA,2.0,0.0,2.0,4.0,2.0,3.0
EDRF1-AS1,lncRNA,1.5,6.5,1.0,0.0,4.5,3.0
EDRF1-DT,lncRNA,1.5,1.5,1.0,1.5,17.0,14.5
EFCAB14-AS1,lncRNA,0.0,0.0,0.0,1.0,0.5,1.0
EFCAB6-AS1,lncRNA,0.0,0.0,2.0,2.0,13.0,8.5
EGFLAM-AS1,lncRNA,0.0,0.0,0.0,0.0,0.0,1.0
EGFLAM-AS2,lncRNA,1.0,1.0,0.0,1.0,1.0,1.0
EGFLAM-AS3,lncRNA,0.0,0.0,0.0,1.0,1.0,0.0
EGFLAM-AS4,lncRNA,1.0,6.0,1.0,3.0,2.0,2.0
EGFR-AS1,lncRNA,1.0,1.0,1.0,0.0,4.0,1.5
EGILA,lncRNA,0.0,0.67,0.0,0.33,1.0,0.0
EGOT,lncRNA,1.0,0.0,0.0,0.0,0.0,3.0
EHD4-AS1,lncRNA,0.0,0.0,1.0,1.0,3.0,4.0
EHHADH-AS1,lncRNA,0.0,0.0,1.0,1.0,1.0,1.0
EHMT2-AS1,lncRNA,2.0,1.0,0.5,0.5,9.5,8.5
EIF1AX-AS1,lncRNA,0.0,0.0,0.0,0.0,1.0,0.0
EIF1B-AS1,lncRNA,6.0,3.0,6.0,7.0,35.0,40.0
EIF2AK3-DT,lncRNA,0.0,0.0,4.0,10.0,12.0,9.0
EIF2B5-DT,lncRNA,1.0,0.0,0.0,1.0,18.0,15.5
EIF3J-DT,lncRNA,0.0,17.0,1.0,7.0,21.0,23.5
EIPR1-IT1,lncRNA,1.0,0.0,0.0,1.0,1.0,1.0
ELAVL4-AS1,lncRNA,6.0,52.0,5.0,1.0,0.0,8.0
ELDR,lncRNA,2.0,1.0,13.0,0.0,4.0,7.0
ELF3-AS1,lncRNA,3.0,1.0,1.5,5.0,6.0,6.5
ELFN1-AS1,lncRNA,0.0,1.0,0.0,1.0,2.0,2.0
ELFN2,lncRNA,2.0,1.0,0.5,2.0,6.0,5.5
ELMO1-AS1,lncRNA,0.0,2.0,0.0,1.0,0.0,3.0
ELN-AS1,lncRNA,0.0,1.0,0.0,0.5,0.0,1.0
ELOA-AS1,lncRNA,0.0,5.0,2.5,4.0,3.5,0.0
ELOVL2-AS1,lncRNA,3.0,10.0,2.0,2.0,21.0,12.0
EMC1-AS1,lncRNA,4.5,1.0,26.5,0.5,5.5,3.5
EML2-AS1,lncRNA,0.0,1.0,0.0,0.0,8.5,4.5
EML4-AS1,lncRNA,0.5,0.5,4.0,1.5,4.5,8.5
EML6-AS1,lncRNA,0.0,0.0,0.0,1.0,0.0,0.0
EMSLR,lncRNA,0.5,7.0,1.0,10.0,11.0,10.0
EMX2OS,lncRNA,4.5,3.5,5.0,3.5,18.5,28.0
ENO1-AS1,lncRNA,0.0,1.5,0.0,0.0,1.5,0.5
ENOX1-AS1,lncRNA,1.0,3.0,1.0,2.0,3.0,3.0
ENOX1-AS2,lncRNA,0.0,0.0,0.0,0.0,3.0,0.0
ENTPD1-AS1,lncRNA,3.0,16.0,7.0,13.0,32.0,17.5
ENTPD3-AS1,lncRNA,38.0,50.0,3.0,8.0,20.5,24.0
EP300-AS1,lncRNA,0.0,1.0,0.0,0.0,2.0,2.0
EPB41L4A-AS1,lncRNA,0.5,4.0,1.5,2.0,16.0,17.5
EPB41L4A-DT,lncRNA,12.0,12.0,8.0,3.0,28.0,23.0
EPCAM-DT,lncRNA,6.0,1.0,1.0,7.0,8.0,4.0
EPHA1-AS1,lncRNA,14.0,26.0,8.0,3.0,6.5,34.0
EPHA5-AS1,lncRNA,0.0,1.0,0.0,0.0,1.5,0.0
EPN2-AS1,lncRNA,2.0,1.0,0.0,0.0,2.0,6.0
EPS15-AS1,lncRNA,2.0,1.0,1.0,5.0,0.0,1.0
ERC2-IT1,lncRNA,1.0,2.0,0.0,0.0,3.0,1.0
ERI3-IT1,lncRNA,1.0,1.0,2.0,0.0,0.0,0.0
ERICD,lncRNA,1.0,1.0,0.0,2.0,4.0,9.0
ERICH3-AS1,lncRNA,1.0,4.5,0.0,2.5,5.0,3.0
ERICH6-AS1,lncRNA,3.0,2.0,3.0,0.0,8.5,8.0
ERLNC1,lncRNA,2.5,0.0,0.5,1.5,0.5,1.5
ERVE-1,lncRNA,0.0,1.0,1.0,1.0,2.0,4.0
ERVH-1,lncRNA,0.0,0.0,2.0,0.0,1.0,1.0
ERVK13-1,lncRNA,38.0,20.0,14.0,11.0,66.0,34.0
ERVK9-11,lncRNA,3.0,18.0,5.0,8.0,11.0,3.0
ESRG,lncRNA,0.0,5.0,0.0,1.0,1.0,2.0
ETS1-AS1,lncRNA,0.0,0.0,0.0,0.0,1.0,1.0
ETV7-AS1,lncRNA,0.0,0.0,0.0,0.0,0.0,1.0
EVX1-AS,lncRNA,0.5,1.0,0.5,1.0,8.0,7.0
EWSAT1,lncRNA,0.0,2.0,1.5,0.0,10.0,5.0
EXOC3-AS1,lncRNA,3.0,1.0,1.0,1.0,10.0,10.0
EXOSC10-AS1,lncRNA,0.0,0.0,1.5,0.0,6.0,3.0
EXTL3-AS1,lncRNA,7.0,7.0,7.0,12.5,38.0,29.0
EZR-AS1,lncRNA,0.0,0.0,1.0,0.0,2.0,4.5
F10-AS1,lncRNA,0.0,0.0,0.0,1.0,3.0,3.0
F11-AS1,lncRNA,1.5,2.0,4.0,1.5,9.0,10.0
FABP6-AS1,lncRNA,1.0,0.0,4.0,2.0,10.0,8.0
FAF1-AS1,lncRNA,0.0,0.0,0.0,0.0,2.0,2.0
FALEC,lncRNA,3.0,2.0,3.0,2.0,1.0,7.0
FAM106A,lncRNA,3.0,1.5,1.5,9.0,5.0,1.0
FAM111A-DT,lncRNA,5.5,6.5,8.0,11.5,51.5,53.0
FAM135A-AS1,lncRNA,0.0,0.0,0.0,0.0,4.5,1.0
FAM138A,lncRNA,0.0,0.0,0.0,2.0,0.0,0.0
FAM138B,lncRNA,0.0,1.0,1.0,1.0,0.0,0.0
FAM138C,lncRNA,0.0,0.0,0.0,1.0,0.0,1.0
FAM138D,lncRNA,0.0,0.0,0.0,1.0,0.0,0.0
FAM138E,lncRNA,0.0,0.0,0.0,0.0,1.0,2.0
FAM138F,lncRNA,0.0,0.0,0.0,0.0,0.0,2.0
FAM13A-AS1,lncRNA,3.0,8.0,4.0,3.0,21.0,8.5
FAM153CP,lncRNA,19.0,19.0,19.0,31.0,38.5,44.5
FAM155A-IT1,lncRNA,0.0,0.0,0.0,0.0,1.0,3.0
FAM157C,lncRNA,1.5,4.0,2.0,6.0,19.5,13.5
FAM160A1-DT,lncRNA,0.0,1.0,1.0,1.0,2.0,1.0
FAM167A-AS1,lncRNA,0.0,0.0,0.0,3.0,1.0,2.0
FAM170B-AS1,lncRNA,1.0,0.0,1.0,0.0,4.0,5.0
FAM181A-AS1,lncRNA,3.0,8.0,1.0,6.0,26.5,37.5
FAM182A,lncRNA,0.0,1.0,2.0,5.0,19.0,13.0
FAM182B,lncRNA,4.0,5.0,3.0,4.0,20.0,12.0
FAM193B-DT,lncRNA,1.0,0.0,0.0,0.0,5.0,3.0
FAM197Y6,lncRNA,0.0,0.0,0.0,2.0,0.0,2.0
FAM197Y7,lncRNA,0.0,1.0,0.0,1.0,0.0,0.0
FAM198B-AS1,lncRNA,1.0,0.0,6.5,3.5,17.5,10.0
FAM201A,lncRNA,1.0,2.0,1.5,1.0,15.0,7.0
FAM215A,lncRNA,0.0,0.0,1.0,0.0,2.5,2.5
FAM215B,lncRNA,2.0,5.0,4.0,4.0,16.0,13.0
FAM218A,lncRNA,1.0,0.0,0.0,0.0,2.0,6.0
FAM222A-AS1,lncRNA,0.0,1.0,2.0,4.0,1.0,8.0
FAM223A,lncRNA,3.0,4.0,2.0,4.0,28.0,18.0
FAM223B,lncRNA,1.0,12.0,1.0,4.0,24.0,27.0
FAM224A,lncRNA,2.0,1.0,0.0,1.0,11.0,4.0
FAM224B,lncRNA,0.0,0.0,0.0,0.0,3.0,1.0
FAM225A,lncRNA,3.0,1.0,0.0,9.0,19.0,18.0
FAM225B,lncRNA,4.0,3.0,7.0,3.0,12.0,12.0
FAM226B,lncRNA,1.0,2.0,0.0,1.0,4.0,2.0
FAM230A,lncRNA,1.0,1.0,1.0,3.0,2.0,4.0
FAM230B,lncRNA,1.0,1.0,1.0,2.0,3.0,6.0
FAM230C,lncRNA,0.0,2.0,1.0,0.0,2.0,0.0
FAM230D,lncRNA,3.0,0.0,0.0,2.0,1.0,0.0
FAM230E,lncRNA,3.0,1.0,0.0,3.0,0.0,1.0
FAM230F,lncRNA,0.0,0.0,0.0,1.0,1.0,0.0
FAM230G,lncRNA,0.0,2.0,0.0,1.0,1.0,0.5
FAM230H,lncRNA,0.0,0.0,1.0,1.5,3.0,5.0
FAM230I,lncRNA,0.0,1.0,0.0,0.0,1.0,1.0
FAM230J,lncRNA,0.0,0.0,2.0,0.0,4.0,3.0
FAM242A,lncRNA,2.0,0.0,0.0,2.0,4.0,0.0
FAM242B,lncRNA,0.0,0.0,0.0,0.0,0.0,1.0
FAM242C,lncRNA,0.0,0.0,1.0,0.0,0.0,2.0
FAM242D,lncRNA,0.0,2.0,0.0,0.0,1.0,1.0
FAM242E,lncRNA,0.0,2.0,0.0,0.0,0.0,1.0
FAM242F,lncRNA,0.0,0.0,1.0,0.0,2.0,1.0
FAM245A,lncRNA,0.0,0.0,0.0,0.0,2.0,2.0
FAM245B,lncRNA,1.0,0.0,0.0,0.0,2.0,1.0
FAM27C,lncRNA,10.0,14.0,10.0,11.0,27.0,36.0
FAM27E3,lncRNA,0.0,0.0,1.0,2.0,5.0,6.0
FAM27E5,lncRNA,0.0,0.0,0.0,2.0,4.0,0.0
FAM30A,lncRNA,4.0,2.0,7.0,6.0,73.0,56.0
FAM3D-AS1,lncRNA,3.0,0.0,0.0,3.0,6.5,7.0
FAM41AY1,lncRNA,0.0,0.0,0.0,0.0,1.0,1.0
FAM41AY2,lncRNA,0.0,0.0,0.0,0.5,0.0,0.0
FAM41C,lncRNA,1.0,1.0,0.0,0.0,4.0,1.0
FAM53B-AS1,lncRNA,1.0,0.0,2.0,0.0,3.0,2.0
FAM66A,lncRNA,1.0,1.0,3.0,2.0,6.0,8.0
FAM66B,lncRNA,0.0,3.0,4.0,4.5,26.5,19.5
FAM66C,lncRNA,0.0,2.0,1.0,3.0,6.5,5.0
FAM66D,lncRNA,1.0,1.0,0.0,1.0,12.0,10.0
FAM66E,lncRNA,1.0,0.0,0.5,1.0,6.5,3.5
FAM74A7,lncRNA,0.0,0.0,0.0,0.0,0.0,3.0
FAM78B-AS1,lncRNA,0.0,0.0,0.0,1.0,1.0,0.0
FAM83A-AS1,lncRNA,0.0,0.0,2.0,5.0,6.0,2.0
FAM83C-AS1,lncRNA,0.0,0.0,0.0,0.0,1.0,0.0
FAM87A,lncRNA,2.0,4.0,2.0,3.0,12.0,10.0
FAM87B,lncRNA,0.0,0.0,2.5,1.0,5.0,5.0
FAM99A,lncRNA,1.0,4.0,3.0,4.0,7.0,6.0
FAM99B,lncRNA,0.0,2.0,1.0,1.0,6.0,16.0
FANK1-AS1,lncRNA,0.0,1.0,0.0,0.0,2.0,0.0
FAR1-IT1,lncRNA,0.0,2.0,0.0,1.0,9.0,20.0
FARP1-AS1,lncRNA,0.0,0.5,0.0,0.0,1.5,2.0
FBXL19-AS1,lncRNA,1.0,5.0,13.0,14.0,42.0,43.0
FBXO3-DT,lncRNA,2.0,0.0,0.0,0.0,2.0,1.0
FBXO30-DT,lncRNA,5.5,8.0,2.0,13.0,24.5,29.5
FBXO36-IT1,lncRNA,0.0,0.0,0.0,1.0,5.0,3.0
FENDRR,lncRNA,2.0,0.0,2.0,2.0,15.0,11.0
FER1L6-AS1,lncRNA,0.0,0.0,2.0,1.0,4.0,3.0
FER1L6-AS2,lncRNA,1.0,0.0,4.0,2.0,13.0,9.5
FEZF1-AS1,lncRNA,7.0,8.5,10.0,4.0,32.0,22.5
FGD5-AS1,lncRNA,2.0,5.5,3.5,3.0,21.5,11.5
FGF10-AS1,lncRNA,0.5,1.0,0.0,0.0,1.0,1.0
FGF12-AS1,lncRNA,0.0,0.0,1.0,0.0,3.0,0.0
FGF12-AS2,lncRNA,3.0,2.0,3.0,4.0,26.0,33.0
FGF12-AS3,lncRNA,0.0,0.0,0.0,0.0,1.0,0.0
FGF13-AS1,lncRNA,0.0,0.0,1.0,0.0,2.0,3.0
FGF14-AS1,lncRNA,1.0,0.0,0.0,0.0,1.0,4.0
FGF14-AS2,lncRNA,1.0,0.0,4.0,0.0,25.0,21.0
FGF14-IT1,lncRNA,0.0,1.0,2.0,4.0,5.0,2.0
FHAD1-AS1,lncRNA,16.0,134.0,23.5,12.0,28.0,27.0
FIGNL2-DT,lncRNA,2.0,1.0,2.5,3.0,1.0,3.0
FILNC1,lncRNA,0.0,0.0,1.0,1.0,0.0,3.0
FIRRE,lncRNA,4.0,11.5,4.0,11.5,21.0,17.0
FKBP14-AS1,lncRNA,2.5,7.0,3.0,5.0,5.5,11.0
FLG-AS1,lncRNA,9.0,11.0,14.0,14.5,19.5,23.0
FLJ12825,lncRNA,1.0,2.0,1.0,0.0,10.0,12.0
FLJ13224,lncRNA,3.0,2.0,4.0,1.0,42.0,30.5
FLJ16779,lncRNA,18.0,37.0,25.0,15.5,105.0,136.0
FLJ20021,lncRNA,0.0,0.0,2.0,2.0,6.0,4.0
FLJ31104,lncRNA,0.0,3.0,0.0,4.0,2.0,3.0
FLJ31356,lncRNA,1.0,1.0,0.0,1.0,3.0,3.0
FLJ36000,lncRNA,4.0,1.0,4.0,1.0,3.0,13.0
FLJ37453,lncRNA,4.5,6.0,17.0,11.5,46.5,39.5
FLJ40194,lncRNA,13.0,13.0,10.0,6.0,33.0,40.0
FLJ40288,lncRNA,1.0,1.0,3.0,0.0,16.0,7.0
FLJ42969,lncRNA,17.0,60.0,32.0,34.0,27.0,45.0
FLJ46284,lncRNA,1.0,5.0,4.0,1.0,5.0,8.0
FLNB-AS1,lncRNA,0.5,1.5,0.0,0.5,2.0,9.0
FLNC-AS1,lncRNA,0.0,1.0,0.0,0.0,0.0,2.0
FLVCR1-DT,lncRNA,1.0,3.5,5.0,9.0,9.0,7.0
FMR1-AS1,lncRNA,3.0,4.0,3.0,1.0,4.5,9.0
FO393408.1,lncRNA,0.0,1.0,0.0,0.0,1.0,0.0
FO393414.3,lncRNA,3.0,4.0,4.5,4.5,19.0,21.0
FO393418.1,lncRNA,0.0,0.0,2.0,0.0,1.0,0.0
FO704657.1,lncRNA,0.0,0.0,1.0,0.0,0.0,0.5
FOCAD-AS1,lncRNA,0.0,0.0,0.0,1.0,5.0,6.0
FOXC2-AS1,lncRNA,0.0,0.0,0.0,0.0,3.0,0.5
FOXCUT,lncRNA,1.0,3.0,4.0,1.0,17.0,10.0
FOXD1-AS1,lncRNA,0.0,0.0,0.5,0.0,4.0,3.5
FOXD2-AS1,lncRNA,0.0,2.0,5.0,10.0,13.0,12.0
FOXD3-AS1,lncRNA,0.0,1.0,0.0,0.0,5.5,4.5
FOXG1-AS1,lncRNA,1.0,3.0,0.0,4.0,2.0,4.0
FOXN3-AS1,lncRNA,3.0,1.0,1.0,0.0,7.0,15.0
FOXN3-AS2,lncRNA,4.0,0.0,0.0,10.0,16.0,10.0
FOXO6-AS1,lncRNA,0.0,0.0,0.0,1.0,0.0,0.0
FOXP1-AS1,lncRNA,3.0,4.0,0.0,7.0,0.0,0.0
FOXP1-IT1,lncRNA,0.0,4.0,1.0,1.0,4.0,8.5
FOXP4-AS1,lncRNA,3.0,2.0,1.0,1.0,8.0,8.0
FP236240.1,lncRNA,0.0,0.0,1.0,2.0,4.0,1.0
FP236241.1,lncRNA,1.0,0.0,0.0,1.0,5.0,3.0
FP236383.3,lncRNA,13.0,54.0,14.0,85.0,32.0,47.0
FP236383.4,lncRNA,2231.0,3746.0,2666.0,3113.0,1597.0,2245.0
FP236383.5,lncRNA,2281.0,3723.0,2764.0,3146.0,1539.0,2355.0
FP325313.3,lncRNA,2.0,2.0,7.0,2.0,24.0,20.0
FP325330.1,lncRNA,0.0,0.0,0.0,4.0,2.0,2.0
FP325330.2,lncRNA,5.0,5.0,3.0,1.0,13.0,22.0
FP325330.3,lncRNA,5.0,8.0,12.0,7.0,29.0,27.0
FP325332.1,lncRNA,0.0,0.0,2.0,0.0,0.0,5.0
FP326651.1,lncRNA,2.0,1.0,0.0,1.0,4.0,1.0
FP475955.1,lncRNA,0.0,0.0,0.0,2.0,2.0,0.0
FP565171.1,lncRNA,4.0,13.0,17.0,9.0,135.0,138.0
FP565260.5,lncRNA,0.0,0.0,2.0,0.0,4.0,2.0
FP671120.4,lncRNA,3.0,23.0,15.0,39.0,8.0,18.0
FP671120.6,lncRNA,2278.0,3667.0,2785.0,3149.0,1600.0,2315.0
FP671120.7,lncRNA,2244.0,3788.0,2812.0,3123.0,1576.0,2198.0
FP700111.1,lncRNA,0.0,1.0,0.0,0.5,3.0,2.0
FRG1-DT,lncRNA,2.0,0.0,3.0,3.0,9.0,8.0
FRGCA,lncRNA,0.0,0.0,0.0,0.0,2.0,0.0
FRMD6-AS1,lncRNA,1.0,1.0,6.0,4.0,5.0,7.0
FRMD6-AS2,lncRNA,11.0,6.0,11.0,4.0,40.0,25.0
FRMPD3-AS1,lncRNA,0.0,0.0,0.0,0.0,0.0,1.0
FRMPD4-AS1,lncRNA,1.0,0.0,0.0,0.0,1.0,0.0
FRY-AS1,lncRNA,0.0,1.5,0.0,0.0,0.5,0.0
FSIP2-AS1,lncRNA,1.0,0.0,0.5,1.0,2.0,3.0
FSIP2-AS2,lncRNA,0.0,1.0,1.0,1.0,3.5,2.0
FTCD-AS1,lncRNA,0.0,0.0,0.0,0.0,8.0,1.0
FTX,lncRNA,52.33,25.0,17.33,45.0,165.5,115.0
FUT8-AS1,lncRNA,0.0,0.0,0.5,1.5,15.5,14.5
FZD10-AS1,lncRNA,9.0,10.0,14.0,8.0,64.0,35.0
FZD4-DT,lncRNA,0.0,0.0,1.0,0.0,2.0,5.0
G2E3-AS1,lncRNA,0.0,0.0,1.0,2.0,0.0,0.0
GABPB1-AS1,lncRNA,5.0,25.5,7.0,10.0,33.5,32.0
GABPB1-IT1,lncRNA,2.0,9.0,26.0,10.0,18.0,13.0
GABRG3-AS1,lncRNA,1.0,2.0,0.0,2.0,14.0,14.0
GACAT1,lncRNA,0.0,0.0,0.0,0.0,0.0,2.0
GACAT2,lncRNA,2.0,0.0,3.0,0.0,5.5,3.0
GACAT3,lncRNA,1.0,0.0,1.0,2.0,5.0,8.0
GAPLINC,lncRNA,0.0,0.0,0.0,1.0,0.0,2.0
GAR1-DT,lncRNA,0.0,0.0,0.0,0.0,2.0,1.0
GARS1-DT,lncRNA,4.0,16.0,10.0,15.0,40.0,46.0
GAS1RR,lncRNA,4.0,4.0,9.0,6.0,11.0,5.0
GAS5,lncRNA,69.0,46.0,55.0,32.0,33.0,103.0
GAS5-AS1,lncRNA,0.0,0.0,0.0,1.0,0.0,0.0
GAS6-AS1,lncRNA,2.0,3.0,3.5,5.0,38.0,26.0
GAS6-DT,lncRNA,0.0,0.0,0.0,1.0,6.0,6.0
GAS8-AS1,lncRNA,0.0,1.0,2.0,1.0,3.0,1.0
GASAL1,lncRNA,0.0,6.0,1.0,4.0,54.0,51.0
GATA2-AS1,lncRNA,6.0,9.0,5.0,13.0,24.0,16.0
GATA3-AS1,lncRNA,8.0,18.5,10.5,12.5,34.0,38.0
GATA6-AS1,lncRNA,3.0,3.0,3.0,9.0,40.0,24.0
GAU1,lncRNA,1.0,3.0,2.0,3.0,3.0,1.0
GCC2-AS1,lncRNA,0.0,0.0,1.0,3.0,4.0,1.0
GCSAML-AS1,lncRNA,0.0,0.5,0.5,0.5,1.0,1.0
GCSIR,lncRNA,2.0,0.0,4.0,4.0,10.0,11.0
GDF5-AS1,lncRNA,8.0,9.0,8.0,4.0,15.5,10.5
GDNF-AS1,lncRNA,3.0,9.0,10.5,7.0,25.0,23.0
GEMIN7-AS1,lncRNA,1.5,2.0,3.5,3.0,18.5,13.5
GFOD1-AS1,lncRNA,0.0,0.0,1.0,2.5,0.5,1.5
GHET1,lncRNA,0.0,1.0,0.0,2.0,6.0,1.0
GHRLOS,lncRNA,1.5,1.0,1.5,2.0,5.5,7.5
GIHCG,lncRNA,2.0,1.0,0.0,0.0,6.0,6.0
GK-AS1,lncRNA,0.0,0.0,0.0,0.0,0.0,1.0
GK-IT1,lncRNA,0.0,0.0,0.0,0.0,1.0,0.0
GLCCI1-DT,lncRNA,0.0,0.0,0.0,0.0,2.0,2.0
GLIDR,lncRNA,2.5,0.0,1.0,2.0,11.0,6.5
GLIS2-AS1,lncRNA,0.0,0.0,1.0,0.0,1.0,1.0
GLIS3-AS1,lncRNA,0.0,0.0,0.0,0.0,2.5,1.0
GLYCTK-AS1,lncRNA,0.0,0.0,3.0,1.0,10.5,4.5
GMDS-DT,lncRNA,12.0,9.0,6.0,21.0,33.0,52.0
GNA14-AS1,lncRNA,1.0,0.0,0.0,0.0,2.0,1.0
GNAS-AS1,lncRNA,3.0,8.5,3.5,3.0,26.0,30.5
GNG12-AS1,lncRNA,0.0,0.0,3.0,0.0,10.0,8.0
GOLGA8M,lncRNA,0.0,0.5,0.0,0.0,0.0,0.0
GORAB-AS1,lncRNA,2.0,0.0,0.0,1.0,6.0,6.0
GPC5-AS2,lncRNA,0.0,0.0,0.0,0.0,0.0,1.0
GPC5-IT1,lncRNA,1.0,0.0,1.0,1.0,2.0,2.0
GPC6-AS1,lncRNA,1.0,0.0,0.0,0.0,3.0,0.0
GPR1-AS,lncRNA,14.0,44.0,28.0,22.0,104.5,103.0
GPR158-AS1,lncRNA,2.5,1.0,0.0,4.5,8.33,20.0
GPR176-DT,lncRNA,2.0,3.5,6.0,1.0,5.5,5.5
GPR50-AS1,lncRNA,4.0,4.0,6.0,5.0,24.0,13.5
GPRACR,lncRNA,0.0,1.0,0.0,1.0,21.0,16.0
GPRC5D-AS1,lncRNA,2.0,4.0,0.0,2.0,6.0,6.0
GRASLND,lncRNA,1.0,2.0,0.0,2.0,4.0,4.0
GRHL3-AS1,lncRNA,0.0,2.0,0.0,0.0,1.0,3.0
GRID1-AS1,lncRNA,2.0,1.0,0.0,3.0,2.0,0.0
GRIK1-AS1,lncRNA,3.0,3.0,5.0,2.0,169.0,122.0
GRK5-IT1,lncRNA,0.0,0.0,0.0,0.0,1.0,2.0
GRM3-AS1,lncRNA,2.5,1.0,2.0,4.5,17.0,14.0
GRM5-AS1,lncRNA,1.5,2.5,2.0,0.5,7.0,2.0
GRM7-AS1,lncRNA,0.0,1.0,0.0,0.0,3.0,3.0
GRM7-AS2,lncRNA,0.0,0.0,0.0,0.0,1.0,0.0
GRM7-AS3,lncRNA,1.0,0.0,0.0,0.0,5.0,2.0
GRM8-AS1,lncRNA,0.0,0.0,0.0,0.0,1.0,4.0
GRPEL2-AS1,lncRNA,0.5,2.0,0.0,0.0,0.0,0.5
GRTP1-AS1,lncRNA,0.0,1.5,0.0,0.0,4.0,4.5
GS1-124K5.4,lncRNA,3.0,1.0,2.0,1.0,5.0,2.0
GS1-24F4.2,lncRNA,1.0,4.0,1.0,2.0,9.0,15.0
GS1-600G8.3,lncRNA,0.0,3.0,2.0,0.0,6.0,2.5
GSEC,lncRNA,1.0,1.0,1.0,0.0,10.0,9.0
GSN-AS1,lncRNA,4.0,6.0,3.0,13.5,14.5,14.33
GSTCD-AS1,lncRNA,0.0,2.5,0.0,0.0,0.0,4.0
GTF3C2-AS1,lncRNA,1.5,1.0,1.0,1.5,5.5,6.5
GTSCR1,lncRNA,0.0,1.0,0.0,1.0,0.0,0.0
GTSE1-DT,lncRNA,1.0,0.0,2.0,0.0,6.0,1.0
GUSBP11,lncRNA,1.0,2.33,2.83,4.67,8.67,7.33
H1-10-AS1,lncRNA,1.5,2.0,2.5,2.0,10.0,7.5
H19,lncRNA,3.0,1.0,4.0,2.0,17.0,8.0
H2AZ1-DT,lncRNA,3.0,1.0,2.0,2.0,25.0,24.0
H3-3A-DT,lncRNA,0.0,0.0,1.0,1.0,6.0,2.5
HAGLR,lncRNA,13.0,3.17,11.33,11.17,20.83,21.33
HAGLROS,lncRNA,2.0,1.5,0.0,1.5,10.0,6.0
HAND2-AS1,lncRNA,15.0,8.0,10.0,24.0,54.5,63.0
HAO2-IT1,lncRNA,0.0,0.0,0.0,0.0,0.0,1.0
HAR1A,lncRNA,2.0,1.0,8.0,3.0,23.33,15.5
HAR1B,lncRNA,3.0,0.0,6.0,6.0,31.33,31.5
HAS2-AS1,lncRNA,2.0,2.5,1.0,3.0,20.0,19.5
HCCAT5,lncRNA,1.0,2.0,3.5,0.0,9.0,12.0
HCFC1-AS1,lncRNA,2.0,1.0,3.0,1.0,1.0,2.0
HCG11,lncRNA,5.0,4.0,3.0,5.0,15.0,12.0
HCG14,lncRNA,18.0,21.0,15.0,20.0,137.0,140.0
HCG15,lncRNA,0.0,2.0,0.0,7.0,0.0,0.0
HCG17,lncRNA,0.0,0.0,0.0,0.0,0.0,1.5
HCG18,lncRNA,5.5,6.0,7.5,5.0,55.0,25.0
HCG20,lncRNA,0.0,0.5,0.0,0.5,0.0,5.0
HCG21,lncRNA,0.0,0.0,0.0,0.0,2.0,1.33
HCG24,lncRNA,0.0,1.0,0.0,0.0,0.0,0.0
HCG25,lncRNA,1.5,2.0,3.5,0.0,8.0,4.5
HCG27,lncRNA,2.0,1.0,2.0,0.5,1.5,2.0
HCG9,lncRNA,1.0,3.0,0.0,0.0,3.0,4.0
HCP5,lncRNA,3.0,6.0,5.33,0.5,26.0,20.5
HCP5B,lncRNA,0.0,1.0,0.0,2.0,2.0,0.0
HDAC11-AS1,lncRNA,0.0,0.5,0.0,0.5,3.5,1.5
HDAC2-AS2,lncRNA,6.0,11.5,3.5,9.0,41.5,32.0
HDAC4-AS1,lncRNA,0.0,0.0,1.0,1.0,3.5,5.0
HDAC9-AS1,lncRNA,0.0,0.0,0.0,0.0,0.0,1.0
HDHD5-AS1,lncRNA,0.0,0.0,1.0,1.0,11.0,15.0
HECW1-IT1,lncRNA,1.0,5.0,0.0,2.0,2.0,1.0
HECW2-AS1,lncRNA,0.0,0.0,0.0,0.0,2.0,1.0
HEIH,lncRNA,1.5,3.0,3.0,2.5,10.5,8.5
HELLPAR,lncRNA,44.0,93.0,36.0,114.5,180.0,221.0
HEXA-AS1,lncRNA,0.0,0.0,1.0,0.0,4.0,4.0
HEXD-IT1,lncRNA,3.0,4.0,0.0,2.0,4.0,1.0
HGC6.3,lncRNA,8.0,1.0,2.0,1.0,7.0,15.0
HHATL-AS1,lncRNA,1.5,2.0,0.0,0.5,1.5,0.0
HHIP-AS1,lncRNA,1.0,0.5,0.0,0.0,10.0,3.0
HHLA3,lncRNA,1.0,0.0,0.0,0.0,1.0,6.0
HID1-AS1,lncRNA,1.0,0.0,0.0,2.0,2.0,0.0
HIF1A-AS1,lncRNA,1.0,0.0,0.5,0.5,7.5,4.5
HIF1A-AS3,lncRNA,0.0,3.0,2.0,0.0,3.0,3.0
HIPK1-AS1,lncRNA,0.0,0.0,0.5,2.5,6.0,3.5
HK2-DT,lncRNA,2.0,1.0,4.0,2.0,131.0,113.0
HLA-DQB1-AS1,lncRNA,0.0,3.5,0.5,0.0,1.0,0.5
HLA-F-AS1,lncRNA,4.5,6.5,7.33,6.0,26.33,25.0
HLCS-IT1,lncRNA,0.0,0.0,0.0,1.0,0.0,3.0
HLTF-AS1,lncRNA,0.0,0.0,0.0,0.5,1.0,1.0
HLX-AS1,lncRNA,1.0,0.0,0.0,1.5,0.5,1.5
HM13-AS1,lncRNA,0.0,0.0,1.0,0.0,1.0,3.0
HMBOX1-IT1,lncRNA,0.0,2.0,0.0,0.0,2.0,0.0
HMGA1P4,lncRNA,0.0,0.0,0.0,2.0,10.0,4.0
HMGA2-AS1,lncRNA,2.0,5.0,0.5,1.0,12.0,5.5
HMGN3-AS1,lncRNA,2.0,1.0,1.0,4.0,15.0,5.5
HMMR-AS1,lncRNA,0.0,1.0,1.0,0.0,1.0,1.0
HNF1A-AS1,lncRNA,1.0,5.0,1.0,3.0,3.0,7.0
HNF4A-AS1,lncRNA,0.0,2.0,1.0,2.0,4.0,2.0
HNRNPD-DT,lncRNA,0.0,0.0,2.0,0.5,8.5,5.0
HOMER3-AS1,lncRNA,0.0,2.5,1.0,2.0,3.0,1.0
HORMAD2-AS1,lncRNA,0.0,0.83,0.83,1.0,9.0,4.0
HOTAIR,lncRNA,2.0,0.0,0.0,1.0,5.0,3.0
HOTAIRM1,lncRNA,2.0,1.0,4.0,1.5,13.5,10.5
HOTTIP,lncRNA,9.0,7.5,6.0,8.0,18.5,27.5
HOXA-AS2,lncRNA,18.0,19.0,15.0,8.5,48.5,33.5
HOXA-AS3,lncRNA,3.0,2.75,26.5,8.5,59.0,76.58
HOXA10-AS,lncRNA,1.0,2.0,4.0,3.83,11.67,10.0
HOXA11-AS,lncRNA,19.0,25.5,23.0,49.5,73.5,75.5
HOXB-AS1,lncRNA,3.0,4.0,1.5,4.0,8.0,12.0
HOXB-AS2,lncRNA,1.0,0.0,0.0,0.0,1.0,2.0
HOXB-AS3,lncRNA,4.5,2.0,4.5,3.0,9.5,14.0
HOXB-AS4,lncRNA,0.0,1.0,0.0,2.0,2.0,1.0
HOXC-AS1,lncRNA,0.0,1.0,1.0,2.0,3.0,3.0
HOXC-AS2,lncRNA,1.0,7.33,6.0,5.33,12.0,10.5
HOXC-AS3,lncRNA,43.5,9.0,12.0,4.5,23.5,13.5
HOXC13-AS,lncRNA,2.5,3.0,1.0,3.5,8.5,8.5
HOXD-AS2,lncRNA,4.0,2.0,1.0,2.5,7.0,10.0
HPAT5,lncRNA,0.0,3.0,0.0,0.0,1.0,0.0
HPN-AS1,lncRNA,2.0,14.5,3.5,1.0,23.0,18.0
HPYR1,lncRNA,3.0,0.0,0.0,0.0,4.0,6.0
HRAT17,lncRNA,1.0,1.0,3.0,3.0,10.0,12.0
HRAT92,lncRNA,19.0,8.0,20.0,21.0,76.0,43.0
HS1BP3-IT1,lncRNA,0.0,0.0,0.0,0.0,2.0,0.0
HSD11B1-AS1,lncRNA,0.0,0.0,0.0,1.0,3.0,1.0
HSD17B3-AS1,lncRNA,0.0,0.0,0.33,0.33,1.67,1.0
HSD52,lncRNA,1.0,7.0,4.0,2.0,8.5,5.0
HTR2A-AS1,lncRNA,0.0,0.0,0.0,1.0,0.0,0.0
HTR3E-AS1,lncRNA,0.0,0.0,1.0,3.0,0.0,1.5
HTR5A-AS1,lncRNA,2.0,1.0,0.0,3.0,10.5,11.5
HTT-AS,lncRNA,0.0,0.0,2.5,1.0,4.5,4.5
HULC,lncRNA,19.0,37.0,26.0,39.0,85.5,102.0
HUNK-AS1,lncRNA,0.0,0.0,0.0,1.0,1.0,1.0
HYI-AS1,lncRNA,1.0,0.5,1.0,0.0,0.33,1.17
HYMAI,lncRNA,3.67,2.33,3.5,3.33,13.83,10.67
IATPR,lncRNA,1.0,1.0,0.0,0.0,5.0,3.0
IBA57-DT,lncRNA,0.0,0.0,0.0,0.0,2.0,0.0
ID2-AS1,lncRNA,5.0,6.0,8.5,10.0,26.5,17.5
IDH1-AS1,lncRNA,0.0,1.0,2.0,4.0,11.0,9.0
IDH2-DT,lncRNA,0.0,0.0,0.0,2.0,35.0,34.0
IDI2-AS1,lncRNA,1.0,1.0,0.0,1.0,4.5,5.5
IER3-AS1,lncRNA,0.0,0.5,0.0,0.0,3.0,5.0
IFNG-AS1,lncRNA,1.0,6.0,3.5,2.0,15.0,6.0
IFT74-AS1,lncRNA,0.0,0.0,0.0,0.0,3.0,1.0
IGBP1-AS1,lncRNA,0.0,0.0,0.0,1.0,0.0,1.0
IGBP1-AS2,lncRNA,1.0,0.0,0.0,0.0,1.5,0.0
IGF2-AS,lncRNA,3.0,1.33,11.5,7.0,34.83,24.67
IGF2BP2-AS1,lncRNA,0.0,0.0,0.0,0.0,2.0,11.0
IGFBP7-AS1,lncRNA,0.0,1.0,3.5,1.0,11.0,6.5
IGFL2-AS1,lncRNA,0.0,15.0,88.0,11.0,6.0,3.0
IGSF11-AS1,lncRNA,2.0,1.0,1.0,0.0,3.0,2.0
IGSF21-AS1,lncRNA,0.0,0.0,0.0,0.0,1.0,4.0
IL10RB-DT,lncRNA,3.5,7.0,2.0,2.5,2.0,1.5
IL12A-AS1,lncRNA,0.0,6.0,20.0,1.0,22.0,33.5
IL20RB-AS1,lncRNA,0.0,1.0,0.0,0.0,1.0,1.0
IL21-AS1,lncRNA,2.0,0.0,0.0,2.0,16.0,2.5
IL21R-AS1,lncRNA,1.0,1.0,4.0,1.0,13.5,4.5
IL6-AS1,lncRNA,1.0,2.0,0.33,0.0,1.5,1.0
IL6R-AS1,lncRNA,0.0,1.0,0.0,0.0,9.0,16.0
ILF3-DT,lncRNA,0.0,6.0,0.0,3.0,5.0,4.0
ILRUN-AS1,lncRNA,6.0,3.0,0.0,2.0,14.5,18.0
INE1,lncRNA,0.0,0.0,1.0,1.0,3.0,3.0
INE2,lncRNA,0.0,3.0,0.5,0.0,1.5,1.0
INHBA-AS1,lncRNA,1.0,7.0,1.0,3.5,9.0,8.5
INKA2-AS1,lncRNA,2.0,3.5,1.5,2.0,7.5,9.0
INO80-AS1,lncRNA,0.0,1.0,0.0,0.0,1.0,1.5
INSIG1-DT,lncRNA,3.0,1.0,2.0,1.0,3.0,6.0
INSYN1-AS1,lncRNA,0.0,0.0,2.0,1.0,1.0,2.0
INTS6-AS1,lncRNA,1.5,13.0,4.0,10.0,25.5,35.5
INTS6L-AS1,lncRNA,0.0,0.0,1.5,1.5,0.0,0.0
INTS9-AS1,lncRNA,0.0,5.0,1.0,2.0,2.0,0.0
IPO9-AS1,lncRNA,0.0,1.5,7.5,0.5,15.0,7.5
IQCF5-AS1,lncRNA,0.5,1.0,2.0,4.0,1.5,0.0
IQCH-AS1,lncRNA,4.5,2.0,0.5,3.0,46.5,36.5
IQCJ-SCHIP1-AS1,lncRNA,0.0,0.0,0.0,0.0,5.0,2.0
IRAG1-AS1,lncRNA,3.0,0.0,0.5,1.5,8.5,6.0
IRAIN,lncRNA,0.0,0.0,0.0,0.0,6.0,6.0
IRF1-AS1,lncRNA,3.5,4.0,3.5,3.5,18.5,16.5
IRF2-DT,lncRNA,10.0,4.0,2.0,6.0,8.0,16.0
IRX4-AS1,lncRNA,1.0,0.0,2.0,0.0,3.0,7.0
ISM1-AS1,lncRNA,1.0,0.0,0.0,0.0,1.0,1.0
ITCH-AS1,lncRNA,0.0,0.0,0.0,4.0,1.0,0.0
ITCH-IT1,lncRNA,0.0,0.0,0.0,1.0,0.0,0.0
ITFG1-AS1,lncRNA,0.0,0.0,1.0,0.0,1.0,4.0
ITFG2-AS1,lncRNA,0.5,0.0,1.0,0.0,4.0,4.16
ITGA6-AS1,lncRNA,0.0,2.0,0.5,0.0,0.0,5.0
ITGA9-AS1,lncRNA,5.5,26.5,9.5,31.5,30.5,40.0
ITGB1-DT,lncRNA,0.0,1.0,0.0,3.0,11.5,5.5
ITGB2-AS1,lncRNA,2.0,4.0,4.0,9.0,9.0,9.0
ITGB5-AS1,lncRNA,0.0,1.0,0.0,0.0,3.0,2.0
ITIH4-AS1,lncRNA,0.0,0.0,1.0,0.0,0.33,0.0
ITPK1-AS1,lncRNA,28.0,26.0,14.0,57.0,91.0,146.0
ITPKB-AS1,lncRNA,0.0,0.0,0.0,0.0,1.0,0.0
ITPKB-IT1,lncRNA,0.0,1.0,0.0,0.0,0.0,2.0
ITPR1-DT,lncRNA,0.0,2.0,2.0,3.0,5.0,4.0
ITPRIP-AS1,lncRNA,1.0,0.0,0.0,0.0,2.0,3.0
JADRR,lncRNA,0.0,1.0,0.0,1.0,2.0,1.0
JAKMIP2-AS1,lncRNA,1.0,3.5,1.0,1.5,12.5,3.0
JARID2-AS1,lncRNA,1.0,0.0,0.0,1.0,8.0,4.0
JAZF1-AS1,lncRNA,3.0,5.0,4.0,7.0,21.0,20.0
JMJD1C-AS1,lncRNA,2.5,1.0,4.0,1.5,13.0,8.0
JPX,lncRNA,7.0,2.5,2.0,7.33,19.0,16.5
JRKL-AS1,lncRNA,0.0,2.0,0.0,2.0,0.0,1.0
KANSL1-AS1,lncRNA,0.0,2.0,0.0,0.0,0.5,0.0
KANSL1L-AS1,lncRNA,0.0,0.0,1.0,1.0,2.0,1.0
KAZN-AS1,lncRNA,2.0,3.0,2.0,1.0,6.0,4.0
KBTBD11-OT1,lncRNA,2.0,0.0,1.0,0.0,3.0,2.0
KC6,lncRNA,3.0,2.0,2.0,5.0,5.0,4.0
KC877392.1,lncRNA,0.0,0.0,1.0,0.0,1.0,1.0
KC877982.1,lncRNA,0.0,0.0,1.0,0.0,0.0,1.0
KCNAB1-AS1,lncRNA,0.0,0.0,0.0,0.0,2.0,1.0
KCNAB1-AS2,lncRNA,0.0,0.0,0.0,0.0,2.0,1.0
KCND3-AS1,lncRNA,0.0,0.0,1.0,0.0,2.0,0.0
KCND3-IT1,lncRNA,0.0,0.0,0.0,1.0,3.0,0.0
KCNH7-AS1,lncRNA,0.0,0.0,2.0,0.0,2.0,2.0
KCNIP1-AS1,lncRNA,3.0,1.0,0.0,0.0,5.5,11.0
KCNIP1-OT1,lncRNA,0.0,1.0,1.0,0.0,0.0,1.0
KCNIP2-AS1,lncRNA,0.0,0.0,0.0,0.0,12.5,12.5
KCNIP4-IT1,lncRNA,4.0,3.0,0.0,1.0,12.0,12.0
KCNJ2-AS1,lncRNA,0.0,2.0,3.0,1.0,36.5,19.0
KCNK15-AS1,lncRNA,0.0,0.0,0.0,0.5,3.0,1.0
KCNK4-TEX40,lncRNA,5.5,0.5,5.5,7.5,26.5,27.5
KCNMA1-AS1,lncRNA,1.0,2.0,4.5,3.5,8.0,6.0
KCNMA1-AS2,lncRNA,0.0,0.0,0.0,0.0,1.0,0.0
KCNMA1-AS3,lncRNA,3.0,1.0,3.0,1.0,2.0,4.0
KCNMB2-AS1,lncRNA,0.0,2.0,2.0,2.0,4.0,4.0
KCNQ1-AS1,lncRNA,0.0,1.0,0.0,2.0,2.0,6.0
KCNQ1DN,lncRNA,0.0,0.0,0.0,0.0,1.0,4.0
KCNQ1OT1,lncRNA,25.0,40.0,31.0,42.0,224.0,237.5
KCNQ2-AS1,lncRNA,0.0,1.0,0.0,2.0,1.0,5.0
KCNQ5-AS1,lncRNA,0.0,0.0,0.0,2.0,6.0,5.5
KCTD21-AS1,lncRNA,0.5,9.5,0.0,2.0,7.5,4.5
KDM2B-DT,lncRNA,3.0,3.0,6.0,0.0,106.0,83.0
KDM4A-AS1,lncRNA,0.0,9.0,0.5,4.33,30.5,29.5
KDM5C-IT1,lncRNA,0.0,0.0,0.0,1.0,2.0,2.0
KDM7A-DT,lncRNA,0.0,7.0,5.0,2.0,19.0,17.0
KF456478.1,lncRNA,0.5,0.5,0.0,1.5,7.5,6.0
KF459542.1,lncRNA,0.0,0.0,0.0,0.0,2.0,4.0
KHDRBS2-OT1,lncRNA,0.5,0.0,0.0,0.0,1.0,0.0
KIAA0087,lncRNA,0.0,0.0,0.0,3.0,10.0,7.5
KIAA1614-AS1,lncRNA,0.5,0.0,0.0,0.0,5.0,1.0
KIAA1671-AS1,lncRNA,0.0,1.0,2.0,1.0,0.0,0.5
KIAA2012-AS1,lncRNA,0.0,1.0,1.0,0.0,6.0,0.0
KIF1C-AS1,lncRNA,0.0,0.0,0.0,1.0,1.0,1.0
KIF25-AS1,lncRNA,1.0,1.0,4.0,1.0,31.5,46.5
KIF26B-AS1,lncRNA,0.0,0.0,0.0,1.0,3.0,8.0
KIF5C-AS1,lncRNA,2.0,2.0,0.0,0.0,7.0,4.0
KIF9-AS1,lncRNA,35.0,3.5,2.0,5.5,19.5,17.0
KIRREL1-IT1,lncRNA,1.0,0.0,1.0,0.0,1.0,1.0
KIRREL3-AS1,lncRNA,0.0,0.0,1.0,1.0,3.0,5.0
KIRREL3-AS2,lncRNA,1.0,2.0,0.0,1.0,0.0,1.0
KIRREL3-AS3,lncRNA,0.5,4.0,11.0,4.5,26.5,13.0
KIZ-AS1,lncRNA,1.0,1.0,0.5,0.0,8.0,4.0
KLF3-AS1,lncRNA,1.0,7.0,8.0,7.0,44.0,27.5
KLF7-IT1,lncRNA,0.0,0.0,0.0,0.0,0.0,3.0
KLHDC7B-DT,lncRNA,2.5,1.0,1.0,2.0,1.0,2.5
KLHL30-AS1,lncRNA,1.0,0.0,1.0,1.0,6.0,4.0
KLHL7-DT,lncRNA,0.0,1.0,0.0,0.0,3.0,4.0
KLRK1-AS1,lncRNA,1.0,14.0,6.0,11.0,7.0,5.0
KMT2E-AS1,lncRNA,1.5,0.5,0.0,2.0,7.5,8.0
KRBOX1-AS1,lncRNA,1.0,2.0,0.0,3.0,8.5,6.0
KRT7-AS,lncRNA,0.0,0.0,2.0,0.0,3.5,4.5
KRT73-AS1,lncRNA,1.0,7.0,2.0,1.5,6.5,5.0
KRTAP5-AS1,lncRNA,0.0,1.0,4.5,2.0,10.0,14.5
KTN1-AS1,lncRNA,3.0,0.0,0.0,3.0,18.0,16.0
KU-MEL-3,lncRNA,0.0,0.0,4.0,2.0,2.0,3.0
L29074.1,lncRNA,0.0,1.0,0.0,0.0,0.0,0.0
L34079.2,lncRNA,0.0,1.0,1.0,0.0,4.0,0.0
L34079.3,lncRNA,0.0,0.0,0.0,1.0,3.5,3.0
L3MBTL2-AS1,lncRNA,5.0,8.5,1.5,1.0,7.0,6.5
L3MBTL4-AS1,lncRNA,3.0,4.0,0.0,1.0,1.0,0.0
LACTB2-AS1,lncRNA,1.0,2.0,3.0,2.0,9.0,1.0
LAMA4-AS1,lncRNA,3.0,1.0,0.0,1.0,14.0,22.0
LAMA5-AS1,lncRNA,2.0,2.0,0.0,0.0,15.0,11.5
LAMC1-AS1,lncRNA,0.0,0.0,0.0,0.0,1.0,1.0
LAMP5-AS1,lncRNA,0.0,4.0,3.5,0.0,8.0,9.5
LAMTOR5-AS1,lncRNA,4.5,12.0,0.0,4.0,15.0,24.0
LANCL1-AS1,lncRNA,0.0,0.0,2.0,0.0,1.0,2.0
LAPTM4A-DT,lncRNA,1.0,1.0,0.0,0.0,3.0,2.0
LARGE-AS1,lncRNA,3.0,1.0,4.0,2.0,10.0,9.0
LARGE-IT1,lncRNA,1.0,1.0,0.0,0.0,4.0,7.0
LARGE1-AS1,lncRNA,0.5,2.0,0.5,0.0,0.0,0.5
LARS2-AS1,lncRNA,0.0,2.0,0.0,0.0,1.5,0.0
LASTR,lncRNA,4.0,6.0,12.0,9.0,58.0,69.0
LATS2-AS1,lncRNA,0.0,0.0,1.0,0.0,1.0,1.0
LBX1-AS1,lncRNA,9.0,11.5,8.0,7.5,19.5,29.0
LBX2-AS1,lncRNA,1.0,0.5,1.0,2.0,16.0,16.5
LCA10,lncRNA,1.0,2.0,1.0,9.5,3.5,12.0
LCAL1,lncRNA,3.0,9.0,1.0,1.0,7.0,7.0
LCMT1-AS1,lncRNA,0.0,0.0,3.0,0.0,5.0,1.0
LCMT1-AS2,lncRNA,0.0,1.0,2.0,9.0,26.0,17.0
LCT-AS1,lncRNA,0.0,0.0,0.0,1.0,2.0,2.5
LDLRAD4-AS1,lncRNA,1.0,1.0,1.0,0.0,7.0,4.0
LEF1-AS1,lncRNA,5.5,8.0,7.0,10.5,35.5,29.0
LEMD1-AS1,lncRNA,5.0,2.0,2.0,3.0,4.0,0.0
LEMD1-DT,lncRNA,2.5,2.0,0.0,3.5,8.5,1.5
LENG8-AS1,lncRNA,2.0,1.0,2.0,0.0,5.0,12.0
LERFS,lncRNA,3.5,3.0,2.0,3.0,12.5,8.5
LGALS8-AS1,lncRNA,1.5,0.0,0.0,1.5,8.5,4.5
LGALSL-DT,lncRNA,1.0,1.0,0.0,0.0,0.5,4.0
LGR4-AS1,lncRNA,0.0,0.0,0.0,0.0,2.0,6.0
LHFPL3-AS1,lncRNA,3.0,3.0,3.0,5.0,5.0,3.0
LHFPL3-AS2,lncRNA,0.0,4.0,0.0,0.0,4.5,6.0
LHX1-DT,lncRNA,6.0,3.0,4.0,7.0,11.0,9.0
LHX5-AS1,lncRNA,1.0,1.0,0.0,1.0,2.0,0.0
LIF-AS1,lncRNA,1.0,0.0,2.0,6.0,2.0,0.0
LIFR-AS1,lncRNA,2.0,3.0,7.5,2.0,11.0,12.0
LILRB1-AS1,lncRNA,0.0,0.0,0.0,0.0,1.5,0.0
LIMD1-AS1,lncRNA,311.5,52.5,135.5,246.5,581.0,111.5
LIN28B-AS1,lncRNA,6.5,5.0,4.5,12.5,34.0,22.5
LINC-PINT,lncRNA,3.0,2.5,4.5,5.33,23.67,22.5
LINC-ROR,lncRNA,0.0,1.0,1.0,0.0,12.0,7.0
LINC00028,lncRNA,3.0,6.0,21.0,10.0,52.0,56.0
LINC00029,lncRNA,1.0,0.0,1.0,3.0,10.0,11.0
LINC00051,lncRNA,0.0,1.0,0.0,3.0,0.0,0.0
LINC00052,lncRNA,0.0,0.0,1.0,1.0,2.0,3.0
LINC00092,lncRNA,6.0,4.0,10.0,6.0,34.0,26.0
LINC00102,lncRNA,1.0,3.0,1.0,0.0,8.0,9.0
LINC00106,lncRNA,0.0,0.0,2.0,2.0,10.0,9.0
LINC00111,lncRNA,0.0,0.0,0.0,0.0,18.0,17.0
LINC00112,lncRNA,1.0,0.0,2.0,1.0,3.0,2.0
LINC00113,lncRNA,0.0,0.0,0.0,0.0,1.0,1.0
LINC00114,lncRNA,1.0,7.0,4.0,1.0,10.0,17.0
LINC00115,lncRNA,0.0,6.0,1.0,1.0,13.0,12.0
LINC00158,lncRNA,1.0,0.0,0.0,1.0,7.0,2.0
LINC00159,lncRNA,0.0,0.0,3.0,0.0,0.0,4.0
LINC00160,lncRNA,0.0,0.0,0.0,0.0,4.0,0.0
LINC00161,lncRNA,0.0,0.0,0.0,0.0,1.0,0.0
LINC00163,lncRNA,1.0,2.0,2.0,3.0,11.0,9.0
LINC00165,lncRNA,0.0,0.0,2.0,1.0,7.0,1.0
LINC00167,lncRNA,2.0,2.0,6.0,4.0,17.0,23.0
LINC00173,lncRNA,3.0,4.0,2.0,2.0,20.0,15.0
LINC00174,lncRNA,10.5,10.0,16.5,30.0,24.5,23.5
LINC00184,lncRNA,0.0,0.0,1.0,1.0,2.0,2.0
LINC00189,lncRNA,0.0,0.0,0.0,1.0,0.0,0.0
LINC00200,lncRNA,0.5,0.0,0.5,5.5,19.0,13.0
LINC00205,lncRNA,10.0,17.0,18.0,7.0,133.0,133.0
LINC00207,lncRNA,0.0,1.0,3.0,2.0,5.0,1.0
LINC00208,lncRNA,3.0,0.0,0.0,2.0,5.0,6.0
LINC00210,lncRNA,0.0,0.0,1.0,1.0,4.0,1.0
LINC00211,lncRNA,1.0,2.0,0.0,0.0,2.0,3.0
LINC00216,lncRNA,0.0,0.0,0.0,0.0,4.0,0.0
LINC00221,lncRNA,0.0,1.0,1.5,1.0,5.0,2.5
LINC00222,lncRNA,2.0,0.0,0.0,1.0,7.0,5.0
LINC00226,lncRNA,0.0,0.0,3.0,1.0,6.0,2.0
LINC00229,lncRNA,0.0,0.0,0.0,2.0,1.0,2.0
LINC00235,lncRNA,1.0,4.0,3.0,1.0,12.0,15.0
LINC00237,lncRNA,1.0,2.0,4.0,1.0,9.0,9.0
LINC00239,lncRNA,2.0,0.0,0.0,2.0,6.0,1.0
LINC00240,lncRNA,2.5,3.0,2.0,5.0,8.5,10.5
LINC00242,lncRNA,0.5,3.0,6.0,1.0,21.5,37.5
LINC00243,lncRNA,0.0,0.0,4.0,8.0,12.0,9.0
LINC00244,lncRNA,3.0,5.0,2.0,5.0,3.0,5.0
LINC00251,lncRNA,0.0,0.0,0.0,0.0,2.0,2.0
LINC00254,lncRNA,2.0,2.0,0.0,1.0,3.0,3.0
LINC00261,lncRNA,2.0,20.0,5.0,4.0,31.0,36.0
LINC00265,lncRNA,5.0,4.0,2.0,12.0,8.0,15.0
LINC00266-4P,lncRNA,1.0,0.0,0.0,0.0,0.0,0.0
LINC00269,lncRNA,0.0,0.0,0.0,1.0,1.0,3.0
LINC00271,lncRNA,2.0,4.5,11.0,3.0,30.5,23.0
LINC00272,lncRNA,0.0,0.0,0.0,0.0,3.0,2.0
LINC00273,lncRNA,5.0,4.0,13.0,2.0,21.0,10.0
LINC00276,lncRNA,0.0,0.0,0.0,1.0,2.0,6.0
LINC00278,lncRNA,0.0,2.0,1.0,0.0,6.0,4.0
LINC00279,lncRNA,9.0,4.5,7.0,9.0,43.0,34.5
LINC00280,lncRNA,0.0,0.0,0.0,0.0,1.0,2.0
LINC00283,lncRNA,0.0,0.0,0.0,0.0,0.5,0.0
LINC00290,lncRNA,0.0,0.0,0.0,0.0,1.0,1.0
LINC00293,lncRNA,0.0,4.0,3.0,1.0,6.0,6.0
LINC00294,lncRNA,0.5,0.0,0.5,2.0,3.0,2.0
LINC00297,lncRNA,0.0,0.0,0.0,0.0,1.0,2.0
LINC00298,lncRNA,1.0,0.0,0.0,0.0,2.0,1.0
LINC00299,lncRNA,9.0,18.0,4.0,10.0,39.0,33.0
LINC00303,lncRNA,1.0,0.0,0.0,0.0,5.0,4.0
LINC00304,lncRNA,1.5,1.5,1.0,1.5,13.0,10.5
LINC00305,lncRNA,0.0,1.0,1.0,0.0,4.0,2.0
LINC00307,lncRNA,0.0,0.0,1.0,0.0,2.0,0.0
LINC00308,lncRNA,0.0,0.0,0.0,0.0,2.0,0.0
LINC00309,lncRNA,2.0,0.0,0.0,3.0,5.0,7.0
LINC00310,lncRNA,3.0,0.0,1.0,0.0,5.0,3.0
LINC00311,lncRNA,1.0,2.0,1.0,2.0,6.0,2.0
LINC00313,lncRNA,1.0,1.0,0.0,1.0,6.0,8.5
LINC00314,lncRNA,0.0,2.0,0.0,0.0,0.0,0.0
LINC00315,lncRNA,0.0,0.0,1.0,2.0,22.5,15.0
LINC00316,lncRNA,0.0,0.0,1.0,0.0,1.0,1.0
LINC00317,lncRNA,0.0,0.0,1.0,0.0,1.0,0.0
LINC00319,lncRNA,2.0,3.0,5.0,2.0,16.0,21.0
LINC00320,lncRNA,3.0,6.0,0.0,2.0,24.0,17.0
LINC00322,lncRNA,0.0,2.0,1.0,0.0,2.0,2.0
LINC00323,lncRNA,0.0,1.0,0.0,1.0,5.0,4.0
LINC00324,lncRNA,38.0,27.0,191.0,66.0,77.0,131.0
LINC00326,lncRNA,1.0,4.0,2.0,5.5,18.5,16.0
LINC00327,lncRNA,0.0,0.0,3.0,1.0,22.0,11.0
LINC00330,lncRNA,2.0,0.0,1.0,2.0,4.0,0.0
LINC00331,lncRNA,0.0,1.0,0.0,3.0,2.0,2.0
LINC00332,lncRNA,1.0,1.5,0.0,3.0,2.5,0.5
LINC00333,lncRNA,0.0,0.0,0.0,0.0,1.0,0.0
LINC00334,lncRNA,1.0,1.0,4.5,2.0,12.0,17.0
LINC00336,lncRNA,0.0,2.0,3.5,1.0,4.0,4.5
LINC00337,lncRNA,1.0,2.0,0.0,3.0,5.5,5.0
LINC00339,lncRNA,4.5,9.0,1.0,4.0,12.33,11.33
LINC00342,lncRNA,1.0,3.0,0.0,3.0,3.0,6.0
LINC00343,lncRNA,1.0,2.0,1.0,0.0,12.0,16.0
LINC00345,lncRNA,0.0,0.0,0.0,3.0,3.0,0.0
LINC00347,lncRNA,0.0,0.0,0.0,0.0,0.0,2.0
LINC00348,lncRNA,4.0,3.0,3.0,1.0,31.0,16.0
LINC00349,lncRNA,0.0,0.0,0.0,0.0,0.0,1.0
LINC00350,lncRNA,0.0,0.5,0.0,0.0,7.5,4.5
LINC00351,lncRNA,0.0,0.0,1.0,1.0,3.0,5.0
LINC00352,lncRNA,0.0,0.0,0.0,0.0,1.0,0.0
LINC00353,lncRNA,0.0,0.0,0.0,0.0,0.5,0.0
LINC00354,lncRNA,0.0,0.0,6.0,4.0,69.0,65.0
LINC00355,lncRNA,3.0,2.0,2.0,0.0,2.0,4.0
LINC00358,lncRNA,1.0,1.0,1.0,0.0,3.0,11.0
LINC00363,lncRNA,0.0,0.0,0.0,0.0,1.0,0.0
LINC00364,lncRNA,1.0,0.0,1.0,0.0,1.0,0.0
LINC00365,lncRNA,2.0,0.0,0.0,3.0,8.0,8.0
LINC00366,lncRNA,2.0,2.0,1.0,1.0,5.0,6.0
LINC00368,lncRNA,1.0,2.0,0.0,0.0,0.5,1.5
LINC00370,lncRNA,0.0,1.0,2.0,0.0,0.0,0.0
LINC00373,lncRNA,5.0,6.0,2.0,4.0,4.0,0.0
LINC00374,lncRNA,0.0,1.0,0.0,0.0,0.0,4.0
LINC00375,lncRNA,0.0,0.0,0.0,0.0,1.0,1.0
LINC00376,lncRNA,1.0,2.0,1.0,0.0,24.0,24.0
LINC00377,lncRNA,0.0,0.0,0.0,0.0,0.0,1.0
LINC00378,lncRNA,4.0,38.0,10.0,6.0,10.0,20.0
LINC00379,lncRNA,0.0,0.0,0.0,1.0,0.0,4.0
LINC00381,lncRNA,0.0,1.0,0.0,0.0,3.0,1.0
LINC00382,lncRNA,0.0,0.0,0.0,1.0,3.0,1.0
LINC00383,lncRNA,0.0,0.0,0.0,0.0,1.0,2.0
LINC00384,lncRNA,1.0,4.0,3.0,0.5,16.0,15.5
LINC00385,lncRNA,0.0,1.0,1.0,0.5,8.0,2.5
LINC00388,lncRNA,0.0,1.0,1.0,0.0,1.0,1.0
LINC00390,lncRNA,5.0,9.0,2.0,1.0,4.5,9.0
LINC00391,lncRNA,2.0,3.0,2.0,3.0,16.5,20.0
LINC00392,lncRNA,0.0,0.0,1.0,0.0,3.0,0.0
LINC00393,lncRNA,1.0,2.0,2.0,5.0,9.0,6.0
LINC00396,lncRNA,0.5,0.0,0.0,0.5,0.5,0.0
LINC00397,lncRNA,1.0,0.0,0.0,0.0,0.0,1.0
LINC00398,lncRNA,1.0,1.0,1.0,2.0,13.0,15.0
LINC00399,lncRNA,2.0,0.0,2.0,2.0,23.0,26.0
LINC00400,lncRNA,0.0,0.0,1.0,0.0,2.0,0.0
LINC00402,lncRNA,3.0,0.0,5.0,0.0,7.0,6.0
LINC00404,lncRNA,5.0,3.0,2.0,0.0,51.0,36.0
LINC00408,lncRNA,0.0,0.0,0.0,0.0,1.0,0.0
LINC00410,lncRNA,3.0,2.0,1.0,7.0,12.0,3.0
LINC00411,lncRNA,0.0,8.0,4.0,2.0,0.0,1.0
LINC00412,lncRNA,0.0,1.0,0.0,1.0,1.0,3.0
LINC00415,lncRNA,0.0,0.0,0.0,0.0,1.0,1.0
LINC00421,lncRNA,2.0,1.0,0.0,0.0,6.0,1.0
LINC00423,lncRNA,0.0,1.0,0.0,0.0,2.0,0.0
LINC00424,lncRNA,3.0,1.0,2.0,1.0,5.0,7.0
LINC00426,lncRNA,1.0,3.0,4.0,5.0,6.0,9.0
LINC00428,lncRNA,0.0,4.0,0.0,0.0,1.0,0.0
LINC00430,lncRNA,0.0,0.0,0.0,0.0,1.0,0.0
LINC00433,lncRNA,0.0,0.0,0.0,1.0,6.0,1.0
LINC00434,lncRNA,0.0,0.0,0.0,0.0,1.0,0.0
LINC00437,lncRNA,0.0,0.0,0.0,0.0,0.0,1.0
LINC00440,lncRNA,0.0,1.0,2.0,2.0,2.0,6.0
LINC00442,lncRNA,5.5,4.0,12.0,3.0,32.0,26.5
LINC00443,lncRNA,0.0,1.0,0.0,0.0,0.0,0.0
LINC00445,lncRNA,0.0,0.0,0.0,0.0,2.0,2.0
LINC00446,lncRNA,0.0,0.0,1.0,0.0,2.0,2.0
LINC00448,lncRNA,10.0,5.0,0.0,2.0,3.0,4.0
LINC00449,lncRNA,0.0,1.33,0.0,2.0,1.0,1.0
LINC00452,lncRNA,0.0,1.0,0.0,0.0,13.0,9.5
LINC00454,lncRNA,2.0,0.5,3.0,6.0,8.0,16.0
LINC00456,lncRNA,0.0,1.0,0.0,2.0,1.0,4.0
LINC00457,lncRNA,0.0,1.0,0.0,2.0,3.0,2.0
LINC00458,lncRNA,113.0,29.0,3.0,2.0,8.0,7.0
LINC00459,lncRNA,2.0,2.0,0.0,0.0,4.0,3.0
LINC00460,lncRNA,1.0,1.0,1.0,2.0,18.0,65.0
LINC00461,lncRNA,14.0,25.0,20.0,35.5,157.5,100.5
LINC00462,lncRNA,1.0,1.0,0.0,0.0,7.0,10.0
LINC00463,lncRNA,0.0,1.0,2.0,0.0,5.0,3.0
LINC00466,lncRNA,0.5,1.0,2.0,4.0,12.0,8.0
LINC00467,lncRNA,2.0,5.0,3.0,2.0,9.0,12.0
LINC00469,lncRNA,1.0,0.0,0.0,3.0,5.5,3.5
LINC00470,lncRNA,2.0,6.0,2.0,2.0,11.0,10.0
LINC00471,lncRNA,5.0,14.0,9.0,11.0,57.0,50.0
LINC00472,lncRNA,17.5,23.0,20.0,16.0,151.5,118.5
LINC00474,lncRNA,0.0,0.0,0.0,1.0,2.0,1.0
LINC00476,lncRNA,4.5,2.5,2.5,4.0,18.5,9.5
LINC00477,lncRNA,1.5,4.5,2.0,2.0,5.5,1.0
LINC00479,lncRNA,0.0,0.0,2.0,1.0,22.0,21.0
LINC00482,lncRNA,1.0,3.0,2.0,4.0,9.0,6.0
LINC00484,lncRNA,5.5,4.0,6.0,15.0,16.0,19.5
LINC00485,lncRNA,6.0,27.0,7.0,8.0,17.0,24.0
LINC00486,lncRNA,18.0,24.0,4.0,8.0,8.5,8.0
LINC00487,lncRNA,0.0,1.0,0.0,2.0,2.0,5.0
LINC00488,lncRNA,0.0,0.0,2.0,1.0,0.0,2.0
LINC00489,lncRNA,0.0,0.0,1.0,0.0,1.0,1.0
LINC00491,lncRNA,0.0,1.0,0.0,0.0,1.0,1.0
LINC00492,lncRNA,0.0,0.0,0.0,0.0,0.0,1.0
LINC00494,lncRNA,0.0,4.0,3.0,5.0,17.0,13.0
LINC00498,lncRNA,0.0,0.0,0.0,0.0,0.0,1.0
LINC00499,lncRNA,0.0,6.0,2.0,5.0,34.0,57.0
LINC00500,lncRNA,0.0,1.0,0.0,0.0,0.0,0.0
LINC00501,lncRNA,1.0,0.0,0.0,0.0,3.0,1.0
LINC00502,lncRNA,0.0,1.0,1.0,0.0,1.0,0.0
LINC00504,lncRNA,1.0,3.0,0.0,1.0,1.0,0.0
LINC00506,lncRNA,1.0,3.0,5.0,1.0,10.0,8.0
LINC00507,lncRNA,3.0,2.0,0.0,4.0,8.0,10.0
LINC00508,lncRNA,1.0,0.0,0.0,0.0,1.0,0.0
LINC00511,lncRNA,23.0,33.0,45.0,29.0,171.5,142.0
LINC00513,lncRNA,1.0,4.5,0.0,5.5,20.5,24.5
LINC00517,lncRNA,0.0,1.0,1.0,1.0,4.0,2.0
LINC00518,lncRNA,0.0,0.0,0.0,0.0,0.5,2.0
LINC00519,lncRNA,1.0,0.0,1.0,0.0,2.0,5.0
LINC00520,lncRNA,0.0,3.0,1.0,1.0,2.0,8.0
LINC00523,lncRNA,1.0,0.0,5.0,0.0,27.0,10.0
LINC00524,lncRNA,0.0,0.0,0.0,1.0,3.0,3.0
LINC00525,lncRNA,0.0,1.0,0.0,1.0,1.0,4.0
LINC00526,lncRNA,2.0,1.83,4.0,0.67,10.17,8.17
LINC00528,lncRNA,2.0,1.0,3.0,2.0,8.0,13.0
LINC00529,lncRNA,0.0,0.0,0.0,1.0,0.0,1.0
LINC00533,lncRNA,0.0,0.0,0.0,0.0,2.0,0.5
LINC00534,lncRNA,8.5,8.0,4.5,8.0,12.0,16.0
LINC00535,lncRNA,3.0,2.0,6.5,5.0,21.0,29.5
LINC00536,lncRNA,1.0,4.0,2.0,0.0,1.0,6.0
LINC00538,lncRNA,0.0,0.0,0.0,0.0,0.0,2.0
LINC00539,lncRNA,0.0,1.0,1.0,1.0,7.0,6.0
LINC00540,lncRNA,1.0,2.0,0.0,0.0,9.0,7.0
LINC00543,lncRNA,0.0,5.0,4.0,1.0,20.0,14.0
LINC00544,lncRNA,0.0,2.0,0.0,3.0,3.0,2.0
LINC00547,lncRNA,0.0,0.0,0.0,1.0,0.0,0.0
LINC00550,lncRNA,0.0,4.0,0.0,2.0,2.0,19.0
LINC00551,lncRNA,4.0,4.0,8.0,7.0,18.0,18.0
LINC00554,lncRNA,7.0,4.0,0.0,2.0,19.0,6.0
LINC00555,lncRNA,0.0,2.0,0.0,0.0,0.0,1.0
LINC00557,lncRNA,0.0,0.0,0.0,0.0,1.0,0.0
LINC00558,lncRNA,0.0,1.0,0.0,0.0,5.0,2.0
LINC00559,lncRNA,0.0,6.0,1.0,0.0,3.0,5.0
LINC00560,lncRNA,0.0,0.0,0.0,2.0,0.0,2.0
LINC00561,lncRNA,0.0,0.0,0.0,0.0,1.0,3.0
LINC00562,lncRNA,3.0,4.0,0.0,8.0,17.0,17.0
LINC00563,lncRNA,0.0,0.5,0.0,0.0,0.0,0.5
LINC00565,lncRNA,3.0,1.0,4.0,3.0,13.0,11.5
LINC00566,lncRNA,0.0,2.0,0.0,0.0,1.0,1.0
LINC00567,lncRNA,11.0,28.0,11.0,21.0,103.0,128.0
LINC00570,lncRNA,1.0,3.0,1.0,1.0,13.0,6.0
LINC00571,lncRNA,0.0,0.0,0.0,0.0,4.0,5.0
LINC00572,lncRNA,0.0,0.0,1.0,0.0,3.0,1.0
LINC00574,lncRNA,3.5,1.0,2.0,1.0,15.5,13.5
LINC00575,lncRNA,1.0,0.0,0.0,0.0,0.0,0.0
LINC00578,lncRNA,5.0,10.0,1.0,5.0,10.0,29.0
LINC00581,lncRNA,0.0,0.0,0.0,0.0,1.0,3.0
LINC00582,lncRNA,0.0,2.0,0.0,0.0,4.0,7.0
LINC00587,lncRNA,0.0,0.0,0.0,3.0,1.0,0.0
LINC00588,lncRNA,2.0,9.0,11.0,8.0,55.0,37.0
LINC00589,lncRNA,0.0,0.0,2.0,1.0,4.0,3.0
LINC00592,lncRNA,5.0,1.0,0.0,1.0,3.0,10.5
LINC00595,lncRNA,3.0,3.0,10.0,10.0,33.5,33.5
LINC00596,lncRNA,0.0,0.0,0.0,0.0,0.0,1.0
LINC00598,lncRNA,7.5,12.5,9.0,12.0,93.5,101.0
LINC00601,lncRNA,0.0,1.0,0.0,0.0,0.0,0.0
LINC00602,lncRNA,1.0,6.5,7.0,7.5,21.0,7.5
LINC00603,lncRNA,0.0,0.0,0.0,0.0,1.0,0.0
LINC00604,lncRNA,1.0,0.0,0.0,0.0,0.0,0.0
LINC00605,lncRNA,0.0,2.0,4.0,0.0,30.0,18.0
LINC00606,lncRNA,0.0,0.0,0.0,3.0,3.0,5.0
LINC00607,lncRNA,6.0,5.0,4.0,1.5,30.0,22.0
LINC00608,lncRNA,0.0,8.0,3.0,2.0,7.0,4.0
LINC00609,lncRNA,0.0,0.0,0.0,0.0,1.0,0.0
LINC00612,lncRNA,2.0,2.0,2.0,3.0,23.0,16.0
LINC00613,lncRNA,0.0,0.0,0.0,0.0,0.0,1.0
LINC00615,lncRNA,0.0,1.0,0.0,1.0,0.0,0.0
LINC00616,lncRNA,0.0,3.5,0.0,0.5,17.5,12.0
LINC00620,lncRNA,0.0,0.0,1.0,0.0,2.0,10.0
LINC00621,lncRNA,4.5,2.5,0.0,7.0,8.5,4.0
LINC00622,lncRNA,0.0,0.0,1.0,1.0,0.0,0.0
LINC00623,lncRNA,5.0,2.5,2.0,2.0,18.0,14.0
LINC00624,lncRNA,1.0,0.0,1.0,0.0,1.0,8.0
LINC00626,lncRNA,2.0,0.0,0.0,1.0,0.0,0.0
LINC00628,lncRNA,1.0,0.0,0.0,1.0,6.0,9.0
LINC00629,lncRNA,0.0,1.0,0.0,2.0,5.0,3.0
LINC00630,lncRNA,0.0,3.0,3.0,9.0,62.0,43.0
LINC00632,lncRNA,24.0,17.0,81.5,156.0,70.0,93.5
LINC00635,lncRNA,2.0,1.0,1.0,9.0,11.0,9.0
LINC00636,lncRNA,1.0,0.0,2.0,2.0,11.0,8.0
LINC00637,lncRNA,2.0,2.0,4.0,2.0,4.0,3.0
LINC00638,lncRNA,14.0,4.0,3.0,2.0,53.0,23.0
LINC00639,lncRNA,5.0,8.0,7.0,11.0,34.5,26.5
LINC00640,lncRNA,4.0,1.0,0.0,1.0,7.0,8.0
LINC00641,lncRNA,0.0,0.0,1.0,2.0,15.0,7.0
LINC00642,lncRNA,4.0,5.0,4.0,1.0,12.0,12.5
LINC00645,lncRNA,0.0,0.0,0.0,0.0,4.0,3.0
LINC00648,lncRNA,0.0,0.0,0.0,0.0,3.0,2.0
LINC00649,lncRNA,8.0,12.0,9.0,5.0,49.0,31.0
LINC00652,lncRNA,1.0,1.0,1.0,0.0,4.0,2.0
LINC00653,lncRNA,0.0,0.0,1.0,1.0,1.0,1.0
LINC00654,lncRNA,3.0,6.0,5.0,1.0,23.0,29.0
LINC00656,lncRNA,2.0,1.0,1.0,1.0,6.0,3.0
LINC00658,lncRNA,5.0,2.0,2.0,1.0,8.0,6.0
LINC00659,lncRNA,1.0,3.0,2.0,4.0,7.0,5.0
LINC00661,lncRNA,1.0,2.0,3.0,7.0,10.0,16.0
LINC00662,lncRNA,8.5,19.0,3.5,19.0,45.5,44.5
LINC00663,lncRNA,1.0,1.5,1.0,0.5,10.0,7.5
LINC00664,lncRNA,3.0,1.0,4.0,18.0,23.5,13.5
LINC00665,lncRNA,2.0,9.0,7.0,13.5,30.0,21.0
LINC00667,lncRNA,6.0,5.83,4.5,8.67,22.67,19.17
LINC00668,lncRNA,2.0,3.5,0.0,6.0,16.5,15.5
LINC00670,lncRNA,1.0,8.0,1.0,4.0,6.0,9.0
LINC00671,lncRNA,0.0,4.0,4.0,5.0,1.0,4.0
LINC00676,lncRNA,1.0,0.0,0.0,0.0,0.0,0.0
LINC00677,lncRNA,2.0,0.0,0.0,0.0,0.0,3.0
LINC00678,lncRNA,0.0,0.0,0.0,0.0,1.0,2.0
LINC00682,lncRNA,1.0,15.0,2.0,3.0,17.0,16.0
LINC00683,lncRNA,1.0,5.0,10.0,10.0,38.5,33.5
LINC00685,lncRNA,2.0,3.0,0.0,8.0,1.0,4.0
LINC00686,lncRNA,0.0,0.0,0.0,0.0,1.0,0.0
LINC00687,lncRNA,3.0,8.0,0.0,1.0,2.0,3.0
LINC00689,lncRNA,7.0,10.0,10.5,10.5,35.5,30.5
LINC00690,lncRNA,0.0,1.0,0.0,0.0,7.0,3.5
LINC00691,lncRNA,2.0,0.0,0.0,2.0,2.0,0.0
LINC00692,lncRNA,0.0,2.0,0.0,0.0,0.0,0.0
LINC00698,lncRNA,0.0,4.0,2.0,0.0,1.0,1.0
LINC00700,lncRNA,1.0,0.0,3.0,2.0,11.0,11.0
LINC00701,lncRNA,1.0,0.0,0.0,0.0,0.0,0.0
LINC00702,lncRNA,6.0,1.0,1.0,10.0,32.0,13.0
LINC00703,lncRNA,0.0,0.0,1.0,1.0,9.0,1.0
LINC00705,lncRNA,0.0,6.0,2.5,2.5,23.5,28.5
LINC00706,lncRNA,0.0,1.0,0.0,0.0,0.0,0.0
LINC00707,lncRNA,2.0,3.5,2.33,4.5,14.0,8.5
LINC00708,lncRNA,0.0,1.0,1.0,2.0,4.0,3.0
LINC00709,lncRNA,0.0,0.0,0.0,0.0,0.0,2.0
LINC00710,lncRNA,6.0,6.0,2.0,7.0,16.0,17.0
LINC00824,lncRNA,9.0,9.0,7.0,6.0,80.0,77.0
LINC00836,lncRNA,1.0,3.0,1.0,1.0,9.0,10.0
LINC00837,lncRNA,7.0,9.0,15.5,8.0,66.0,57.5
LINC00838,lncRNA,1.0,1.0,0.0,4.0,11.0,8.0
LINC00839,lncRNA,3.0,5.0,11.0,2.0,36.0,20.0
LINC00840,lncRNA,1.0,5.0,5.0,1.0,19.0,27.0
LINC00841,lncRNA,20.5,20.5,17.0,17.5,38.0,49.5
LINC00842,lncRNA,2.0,0.0,1.0,2.0,3.0,4.0
LINC00844,lncRNA,2.0,4.0,0.0,7.0,8.0,6.0
LINC00845,lncRNA,0.0,0.0,1.0,0.0,0.0,0.0
LINC00847,lncRNA,1.0,2.0,7.0,2.5,8.5,7.5
LINC00851,lncRNA,0.0,0.0,1.0,0.0,6.0,5.0
LINC00852,lncRNA,1.0,0.0,3.0,1.0,6.0,2.0
LINC00853,lncRNA,5.0,2.0,10.0,10.0,129.5,106.0
LINC00857,lncRNA,4.0,0.0,1.0,3.0,3.0,4.0
LINC00858,lncRNA,0.0,1.0,0.0,4.0,1.0,2.0
LINC00861,lncRNA,2.0,9.0,1.0,4.0,17.0,8.0
LINC00862,lncRNA,0.0,2.0,3.0,3.0,23.0,26.0
LINC00863,lncRNA,0.0,0.0,0.0,6.0,9.0,6.0
LINC00865,lncRNA,1.5,3.0,3.5,7.0,17.5,11.0
LINC00866,lncRNA,0.0,1.0,1.0,0.0,2.0,1.0
LINC00867,lncRNA,3.0,1.0,2.0,1.0,8.0,2.5
LINC00868,lncRNA,0.0,1.0,1.0,1.0,5.0,8.0
LINC00870,lncRNA,3.0,1.0,5.0,6.0,14.0,6.5
LINC00871,lncRNA,2.0,5.0,2.0,0.0,0.0,1.0
LINC00877,lncRNA,5.0,2.0,5.0,7.0,26.0,15.0
LINC00879,lncRNA,0.0,4.0,0.0,0.0,5.5,3.5
LINC00880,lncRNA,0.5,1.5,0.0,0.5,4.0,3.5
LINC00881,lncRNA,1.0,0.0,2.0,5.0,7.0,3.0
LINC00882,lncRNA,7.0,14.0,2.0,11.0,22.5,24.0
LINC00884,lncRNA,13.0,11.33,23.0,15.0,63.67,65.33
LINC00885,lncRNA,0.0,0.0,0.0,0.0,5.0,3.0
LINC00886,lncRNA,2.0,1.0,1.0,2.0,16.0,20.0
LINC00887,lncRNA,3.0,2.0,0.0,0.0,6.5,12.5
LINC00891,lncRNA,0.0,0.0,2.0,1.0,12.0,5.0
LINC00892,lncRNA,1.0,1.0,1.0,0.0,2.0,1.0
LINC00893,lncRNA,12.5,11.0,6.33,6.5,4.83,7.83
LINC00894,lncRNA,4.0,7.0,7.5,7.0,41.0,48.5
LINC00895,lncRNA,4.0,1.0,2.0,3.0,5.0,7.0
LINC00896,lncRNA,1.0,1.0,1.0,2.0,6.0,2.0
LINC00898,lncRNA,5.0,5.0,4.0,4.0,31.0,24.5
LINC00899,lncRNA,10.0,43.0,15.0,2.0,19.0,13.0
LINC00900,lncRNA,1.5,5.0,2.0,8.0,15.0,15.0
LINC00901,lncRNA,1.0,0.0,0.0,0.0,3.0,2.0
LINC00904,lncRNA,2.0,1.0,1.0,5.0,3.0,3.0
LINC00905,lncRNA,0.5,1.5,1.0,2.0,9.5,7.5
LINC00906,lncRNA,3.0,1.0,2.0,0.0,5.0,10.0
LINC00907,lncRNA,1.0,2.0,2.0,3.0,10.0,13.0
LINC00909,lncRNA,3.0,5.0,2.0,4.0,14.0,18.0
LINC00910,lncRNA,7.5,17.0,49.0,13.5,24.0,27.0
LINC00911,lncRNA,0.0,0.0,1.0,0.0,0.0,3.0
LINC00917,lncRNA,1.0,2.0,4.0,4.0,15.5,11.0
LINC00919,lncRNA,1.0,0.0,0.0,1.0,1.0,0.0
LINC00920,lncRNA,1.0,3.0,0.0,0.0,7.0,2.0
LINC00921,lncRNA,1.0,0.0,3.5,4.0,13.0,18.0
LINC00922,lncRNA,2.0,0.0,1.0,0.0,8.0,3.0
LINC00923,lncRNA,1.0,11.0,4.0,4.0,42.0,28.0
LINC00924,lncRNA,47.0,12.0,0.0,1.0,3.0,1.0
LINC00926,lncRNA,2.0,2.0,8.0,3.0,13.0,13.0
LINC00927,lncRNA,2.0,0.0,1.0,3.0,14.0,6.0
LINC00928,lncRNA,1.0,2.0,1.0,1.0,0.0,2.0
LINC00929,lncRNA,1.0,2.0,2.0,3.0,6.0,9.0
LINC00930,lncRNA,1.0,4.0,5.0,4.0,63.0,51.0
LINC00934,lncRNA,1.0,0.0,1.0,0.0,1.0,1.0
LINC00937,lncRNA,4.0,4.0,2.0,3.0,5.5,7.0
LINC00939,lncRNA,1.0,2.0,4.0,2.0,6.0,12.0
LINC00940,lncRNA,7.0,4.0,5.0,8.0,10.0,8.0
LINC00941,lncRNA,0.0,1.5,1.5,1.0,3.0,6.5
LINC00942,lncRNA,0.0,3.0,2.0,1.0,11.0,13.0
LINC00943,lncRNA,0.0,9.5,1.5,5.0,24.0,20.5
LINC00944,lncRNA,1.0,0.5,0.5,1.0,3.0,2.5
LINC00945,lncRNA,0.0,0.0,0.0,0.0,3.0,4.0
LINC00951,lncRNA,1.0,0.0,0.0,0.0,1.0,2.0
LINC00954,lncRNA,4.0,3.0,1.0,4.0,16.0,18.0
LINC00955,lncRNA,0.0,1.0,1.0,3.0,6.0,4.0
LINC00957,lncRNA,1.5,1.0,7.0,2.5,22.0,18.0
LINC00958,lncRNA,2.0,2.0,2.0,5.0,16.0,10.0
LINC00960,lncRNA,2.0,0.0,2.0,5.0,11.5,9.0
LINC00963,lncRNA,8.0,18.5,17.0,21.0,90.5,89.0
LINC00964,lncRNA,2.0,9.0,2.0,4.0,22.83,17.5
LINC00967,lncRNA,2.0,1.0,0.0,1.0,1.0,0.0
LINC00968,lncRNA,3.0,4.0,2.0,9.0,8.0,15.0
LINC00970,lncRNA,0.0,0.0,0.0,0.0,1.0,2.0
LINC00971,lncRNA,2.0,4.0,5.0,4.0,12.0,3.0
LINC00972,lncRNA,0.0,0.0,0.0,0.0,1.0,0.0
LINC00973,lncRNA,2.0,0.0,1.0,0.0,0.0,3.0
LINC00974,lncRNA,1.0,5.0,1.0,5.0,10.0,6.0
LINC00987,lncRNA,2.5,6.5,0.5,0.0,6.0,2.83
LINC00989,lncRNA,25.0,9.0,3.0,7.0,18.0,14.0
LINC00992,lncRNA,0.0,0.0,0.0,2.0,1.0,0.0
LINC00994,lncRNA,0.0,0.0,0.0,0.0,0.0,1.0
LINC00996,lncRNA,2.0,1.0,2.0,3.0,8.0,8.0
LINC00997,lncRNA,0.0,5.0,3.0,1.0,13.0,8.0
LINC01001,lncRNA,0.0,0.0,0.0,1.0,1.0,2.0
LINC01002,lncRNA,1.0,1.0,2.0,3.0,4.0,5.0
LINC01003,lncRNA,6.0,10.0,31.0,8.0,22.0,22.0
LINC01004,lncRNA,4.0,7.0,2.0,1.0,3.0,2.0
LINC01005,lncRNA,0.0,0.0,1.0,0.0,2.0,4.0
LINC01006,lncRNA,6.0,11.0,8.5,8.0,41.0,38.0
LINC01007,lncRNA,1.0,2.0,1.0,2.0,4.0,4.0
LINC01010,lncRNA,2.0,1.0,1.0,13.0,5.0,5.0
LINC01011,lncRNA,3.0,5.5,5.0,4.0,6.5,5.83
LINC01012,lncRNA,0.0,1.0,1.0,4.0,3.0,6.0
LINC01013,lncRNA,0.0,1.0,2.0,2.0,15.0,19.0
LINC01014,lncRNA,0.0,0.0,0.0,2.0,0.0,0.0
LINC01015,lncRNA,0.0,3.0,1.0,2.0,10.0,8.0
LINC01016,lncRNA,1.0,2.0,8.0,4.5,14.5,7.0
LINC01017,lncRNA,0.0,0.0,0.0,0.0,0.0,2.0
LINC01018,lncRNA,14.0,3.0,9.0,28.0,52.5,28.5
LINC01019,lncRNA,1.0,1.0,6.0,1.0,8.0,12.0
LINC01020,lncRNA,5.0,1.0,1.0,1.5,7.0,8.0
LINC01022,lncRNA,0.0,3.0,1.0,0.0,5.0,1.0
LINC01023,lncRNA,0.0,0.0,0.0,1.0,2.0,1.0
LINC01028,lncRNA,1.0,1.0,0.0,1.0,3.0,3.0
LINC01029,lncRNA,1.0,2.0,4.0,2.0,20.0,10.0
LINC01030,lncRNA,0.0,0.0,0.0,0.0,1.0,0.0
LINC01031,lncRNA,1.0,2.0,0.0,0.0,6.0,2.0
LINC01033,lncRNA,0.0,1.0,0.0,2.0,4.0,5.0
LINC01035,lncRNA,0.0,0.0,0.0,0.5,0.0,0.0
LINC01036,lncRNA,16.0,7.0,1.0,6.0,13.0,16.0
LINC01038,lncRNA,0.0,0.0,0.0,0.0,0.0,1.0
LINC01039,lncRNA,0.0,1.0,0.0,0.0,5.0,1.0
LINC01040,lncRNA,0.0,0.0,0.0,0.0,1.0,0.0
LINC01043,lncRNA,0.0,1.0,2.0,5.0,3.0,4.0
LINC01044,lncRNA,0.0,0.0,0.0,1.0,0.0,1.0
LINC01046,lncRNA,4.0,1.0,1.0,0.0,4.0,2.0
LINC01047,lncRNA,0.0,0.0,0.0,3.0,2.0,0.0
LINC01048,lncRNA,0.0,1.0,0.0,1.0,4.0,4.0
LINC01049,lncRNA,1.0,5.0,6.0,4.0,7.0,6.0
LINC01050,lncRNA,0.0,0.0,1.0,0.0,1.0,1.0
LINC01052,lncRNA,0.0,0.0,0.0,1.0,1.0,1.0
LINC01053,lncRNA,0.0,0.0,0.0,1.0,0.0,0.0
LINC01054,lncRNA,1.0,0.0,0.0,0.0,3.0,1.0
LINC01055,lncRNA,3.0,1.0,1.0,4.0,3.0,1.0
LINC01056,lncRNA,1.0,1.0,1.0,0.0,5.0,10.0
LINC01058,lncRNA,0.0,0.0,0.0,0.0,1.0,1.0
LINC01060,lncRNA,0.0,4.0,0.0,1.0,6.0,8.0
LINC01063,lncRNA,0.0,1.0,0.0,0.0,2.0,1.0
LINC01065,lncRNA,1.0,0.0,0.0,0.0,5.0,2.0
LINC01067,lncRNA,1.0,0.0,1.0,0.0,0.0,0.0
LINC01068,lncRNA,0.0,0.0,0.0,0.0,3.0,3.0
LINC01069,lncRNA,0.0,0.0,5.0,1.0,5.0,2.0
LINC01070,lncRNA,2.0,0.0,1.0,2.0,10.0,7.0
LINC01072,lncRNA,1.0,1.0,1.0,1.0,0.0,1.0
LINC01075,lncRNA,0.0,0.0,0.0,0.0,1.0,0.0
LINC01077,lncRNA,0.0,0.0,0.0,0.0,0.0,1.0
LINC01080,lncRNA,1.0,0.0,0.0,0.0,3.0,2.0
LINC01081,lncRNA,1.0,3.0,4.0,4.0,4.0,5.0
LINC01082,lncRNA,0.0,1.0,1.0,0.0,3.0,2.5
LINC01087,lncRNA,0.0,3.0,0.0,0.0,1.0,0.0
LINC01088,lncRNA,4.0,16.0,10.0,3.0,26.0,24.0
LINC01089,lncRNA,0.33,0.83,3.5,4.33,19.33,15.25
LINC01090,lncRNA,0.0,0.0,0.5,0.0,1.5,1.0
LINC01091,lncRNA,5.0,11.0,9.0,11.0,84.0,53.0
LINC01093,lncRNA,2.0,6.0,4.0,8.0,14.0,13.0
LINC01094,lncRNA,1.0,7.0,0.0,2.0,6.0,6.0
LINC01095,lncRNA,1.0,10.0,0.0,2.0,1.0,3.0
LINC01096,lncRNA,0.0,6.0,8.0,1.0,5.0,6.0
LINC01097,lncRNA,0.0,4.0,4.0,7.0,35.0,30.0
LINC01098,lncRNA,0.0,0.0,0.0,0.0,2.0,1.0
LINC01099,lncRNA,0.0,2.0,1.0,0.0,5.0,4.0
LINC01100,lncRNA,0.0,0.0,0.0,1.0,2.0,1.0
LINC01102,lncRNA,1.0,5.0,7.0,11.0,17.0,20.0
LINC01103,lncRNA,1.0,2.0,0.0,1.0,0.0,1.0
LINC01104,lncRNA,2.0,0.0,6.0,3.0,11.0,7.0
LINC01106,lncRNA,0.0,0.5,3.0,2.0,8.0,4.0
LINC01107,lncRNA,1.0,1.0,0.0,0.0,7.0,5.5
LINC01108,lncRNA,1.0,1.0,2.0,4.0,13.0,6.0
LINC01109,lncRNA,0.0,0.0,0.0,0.5,2.5,3.0
LINC01111,lncRNA,0.0,0.0,0.0,2.0,7.0,9.0
LINC01114,lncRNA,1.0,1.0,8.0,4.0,15.0,18.0
LINC01115,lncRNA,5.0,2.0,2.0,5.0,33.0,33.0
LINC01116,lncRNA,0.0,2.5,3.5,2.0,1.5,3.5
LINC01117,lncRNA,0.0,0.5,0.5,3.0,5.5,1.5
LINC01118,lncRNA,1.0,1.5,0.0,1.5,6.5,4.0
LINC01119,lncRNA,1.0,2.0,0.0,1.0,12.0,4.5
LINC01120,lncRNA,1.0,1.0,0.0,0.0,10.0,7.0
LINC01121,lncRNA,3.0,1.5,4.5,13.5,63.0,48.0
LINC01122,lncRNA,0.0,14.0,7.5,3.0,13.5,17.5
LINC01123,lncRNA,0.0,0.0,2.0,2.5,3.5,5.0
LINC01124,lncRNA,4.0,6.0,8.0,1.0,14.0,31.0
LINC01126,lncRNA,1.0,1.0,4.0,1.0,7.0,25.0
LINC01127,lncRNA,4.0,4.0,3.0,5.0,12.0,16.0
LINC01128,lncRNA,2.0,6.0,6.5,5.0,38.5,24.0
LINC01132,lncRNA,5.0,6.0,7.0,8.0,102.0,83.0
LINC01133,lncRNA,0.0,4.0,2.0,0.0,4.0,6.0
LINC01134,lncRNA,35.0,16.0,8.0,10.0,12.0,14.0
LINC01135,lncRNA,2.0,0.0,4.0,2.0,13.0,24.0
LINC01136,lncRNA,2.0,3.0,1.0,2.0,9.0,9.0
LINC01137,lncRNA,3.0,1.0,3.0,0.0,10.0,9.0
LINC01138,lncRNA,4.33,5.0,5.0,4.0,9.83,10.83
LINC01139,lncRNA,0.0,3.0,5.0,3.0,10.0,10.0
LINC01140,lncRNA,3.0,3.0,4.0,4.5,39.5,36.0
LINC01141,lncRNA,6.0,3.0,8.0,4.0,22.0,13.0
LINC01142,lncRNA,0.0,0.0,0.0,0.0,3.0,0.0
LINC01143,lncRNA,3.0,1.0,4.0,15.0,4.0,15.0
LINC01144,lncRNA,1.0,0.0,4.0,1.0,3.5,5.5
LINC01146,lncRNA,3.0,12.0,17.0,16.0,15.0,21.0
LINC01147,lncRNA,0.0,0.0,1.0,0.0,2.0,1.0
LINC01148,lncRNA,0.0,0.0,0.0,0.0,3.0,2.0
LINC01149,lncRNA,0.0,0.0,2.0,2.0,4.0,2.0
LINC01150,lncRNA,3.0,0.0,4.0,5.0,1.0,5.0
LINC01151,lncRNA,9.0,5.5,1.0,7.0,11.0,8.5
LINC01152,lncRNA,1.0,5.5,1.5,1.0,16.5,11.83
LINC01153,lncRNA,1.0,7.0,1.0,3.0,3.0,3.0
LINC01154,lncRNA,0.0,3.0,2.0,0.0,5.0,7.0
LINC01159,lncRNA,3.0,5.0,9.0,7.0,19.0,12.0
LINC01160,lncRNA,0.0,0.0,2.0,0.0,1.0,2.0
LINC01162,lncRNA,0.0,0.0,0.0,1.0,1.0,2.0
LINC01163,lncRNA,1.0,0.0,0.0,1.0,4.0,4.0
LINC01164,lncRNA,3.0,2.0,1.0,0.0,6.0,9.0
LINC01165,lncRNA,1.0,0.0,0.0,3.0,12.0,7.0
LINC01166,lncRNA,1.0,0.0,0.0,0.0,10.0,11.0
LINC01167,lncRNA,0.0,1.0,0.0,1.0,4.0,2.0
LINC01168,lncRNA,3.0,3.0,9.0,6.0,32.0,21.0
LINC01169,lncRNA,0.0,3.0,0.0,3.0,5.0,0.0
LINC01170,lncRNA,6.0,6.0,17.0,14.0,27.0,37.0
LINC01173,lncRNA,0.0,0.0,0.0,0.0,1.0,0.0
LINC01176,lncRNA,0.0,1.0,5.0,3.0,6.0,8.0
LINC01177,lncRNA,0.0,0.0,0.0,0.0,1.0,0.0
LINC01179,lncRNA,2.0,1.0,1.0,0.0,3.0,0.0
LINC01180,lncRNA,1.0,2.0,1.0,2.0,5.0,1.0
LINC01181,lncRNA,0.0,0.0,0.0,0.0,0.0,1.0
LINC01182,lncRNA,1.0,1.0,1.0,7.0,31.0,27.0
LINC01184,lncRNA,21.0,32.0,27.0,23.0,139.0,122.0
LINC01185,lncRNA,1.0,5.0,3.0,2.0,15.0,15.0
LINC01186,lncRNA,0.0,0.0,0.0,0.0,3.0,1.0
LINC01187,lncRNA,1.0,2.0,1.0,2.0,15.0,9.0
LINC01189,lncRNA,1.0,0.0,0.0,2.0,1.0,1.0
LINC01191,lncRNA,5.0,1.0,3.0,2.0,15.5,23.0
LINC01192,lncRNA,1.0,11.0,8.0,10.0,15.0,17.0
LINC01193,lncRNA,0.0,1.0,0.0,1.0,7.0,2.0
LINC01194,lncRNA,0.0,3.0,1.0,0.0,0.0,0.0
LINC01195,lncRNA,0.0,0.0,0.0,0.0,0.5,1.0
LINC01197,lncRNA,0.0,10.0,1.0,3.0,15.0,9.0
LINC01198,lncRNA,2.0,1.5,1.0,1.0,18.0,15.5
LINC01202,lncRNA,0.0,2.0,1.0,0.0,4.0,4.0
LINC01203,lncRNA,1.0,1.0,2.0,4.0,5.0,4.0
LINC01204,lncRNA,0.0,5.0,1.0,4.0,20.0,30.0
LINC01205,lncRNA,2.0,7.0,0.0,4.0,5.0,6.5
LINC01206,lncRNA,8.0,15.0,8.0,25.0,37.0,32.0
LINC01208,lncRNA,2.0,12.0,0.0,5.0,8.0,4.0
LINC01209,lncRNA,0.0,3.0,0.0,0.0,2.0,2.0
LINC01210,lncRNA,0.0,3.0,2.0,4.0,10.0,6.0
LINC01213,lncRNA,0.0,0.0,0.0,0.0,8.0,8.0
LINC01214,lncRNA,0.0,0.0,0.0,0.0,9.0,3.0
LINC01215,lncRNA,4.0,2.0,1.0,3.0,7.0,2.0
LINC01216,lncRNA,0.0,0.0,0.0,0.0,1.0,1.0
LINC01217,lncRNA,0.0,0.0,0.0,1.0,0.0,1.0
LINC01218,lncRNA,1.0,0.0,0.0,0.0,0.0,0.0
LINC01219,lncRNA,0.0,1.0,0.0,1.0,1.0,1.0
LINC01220,lncRNA,2.0,0.0,1.0,0.0,8.0,5.0
LINC01222,lncRNA,0.0,3.0,2.0,1.0,18.0,23.0
LINC01224,lncRNA,2.0,2.0,3.0,3.0,10.0,3.0
LINC01226,lncRNA,1.0,4.0,5.5,5.0,24.5,15.5
LINC01227,lncRNA,0.0,1.0,0.0,0.0,7.0,5.0
LINC01228,lncRNA,0.0,1.0,0.0,0.0,0.0,3.0
LINC01229,lncRNA,3.0,6.0,16.0,3.0,18.0,26.0
LINC01230,lncRNA,5.0,0.0,3.0,3.0,16.0,25.0
LINC01231,lncRNA,2.0,0.0,4.0,13.0,13.0,9.0
LINC01232,lncRNA,3.0,4.0,3.0,1.0,8.5,3.5
LINC01233,lncRNA,0.0,0.0,1.0,0.0,1.0,1.0
LINC01234,lncRNA,1.0,10.0,7.0,15.0,19.0,20.0
LINC01235,lncRNA,0.0,2.0,1.0,1.0,3.0,7.0
LINC01237,lncRNA,1.0,1.0,2.0,0.0,5.0,5.0
LINC01238,lncRNA,24.0,56.0,15.0,10.0,155.0,269.0
LINC01239,lncRNA,3.0,1.0,2.0,3.0,10.0,8.0
LINC01241,lncRNA,2.0,3.0,5.0,1.0,9.0,10.0
LINC01242,lncRNA,1.0,0.0,1.0,0.0,5.0,1.0
LINC01243,lncRNA,0.0,0.0,0.0,1.0,1.0,0.0
LINC01247,lncRNA,3.0,7.0,0.0,0.0,5.0,3.0
LINC01248,lncRNA,2.0,0.0,1.0,1.0,5.0,3.0
LINC01249,lncRNA,5.0,10.0,10.0,0.0,26.0,16.0
LINC01250,lncRNA,0.0,4.0,0.0,1.0,3.0,3.0
LINC01251,lncRNA,0.0,0.5,0.0,0.0,1.0,1.5
LINC01252,lncRNA,3.0,5.0,6.0,8.0,52.5,41.0
LINC01254,lncRNA,3.0,3.0,3.0,4.0,34.0,22.0
LINC01255,lncRNA,0.0,2.0,6.0,7.0,16.0,7.0
LINC01256,lncRNA,0.0,0.0,0.0,1.0,0.0,1.0
LINC01257,lncRNA,2.0,3.0,3.0,0.0,13.0,4.0
LINC01258,lncRNA,2.0,0.0,1.0,0.0,2.0,0.0
LINC01259,lncRNA,0.0,0.0,1.0,3.0,0.0,1.0
LINC01260,lncRNA,0.0,0.0,0.0,0.5,1.0,0.0
LINC01262,lncRNA,0.0,0.0,0.0,0.0,1.0,1.0
LINC01264,lncRNA,1.0,0.0,2.0,0.0,1.0,0.0
LINC01266,lncRNA,0.0,4.0,1.0,0.0,6.0,5.0
LINC01267,lncRNA,0.0,0.0,1.0,1.0,3.0,5.0
LINC01269,lncRNA,1.0,0.0,0.0,2.0,0.0,1.0
LINC01270,lncRNA,2.0,7.0,1.0,3.5,18.0,21.5
LINC01271,lncRNA,0.0,1.0,0.0,2.5,8.0,3.5
LINC01273,lncRNA,0.0,0.0,0.0,0.0,2.0,7.0
LINC01275,lncRNA,0.0,0.0,0.0,1.0,3.0,2.0
LINC01276,lncRNA,0.0,2.0,2.0,0.0,2.0,4.0
LINC01277,lncRNA,1.0,0.0,1.0,3.0,6.0,6.0
LINC01278,lncRNA,6.0,10.0,4.0,6.0,25.0,46.0
LINC01280,lncRNA,9.0,18.0,21.0,22.0,8.0,45.5
LINC01281,lncRNA,1.0,1.0,1.0,2.0,2.0,2.0
LINC01282,lncRNA,0.0,1.0,1.0,0.0,2.0,2.0
LINC01283,lncRNA,0.0,2.0,0.0,0.0,1.0,4.0
LINC01284,lncRNA,8.0,6.0,0.0,3.0,7.0,7.5
LINC01285,lncRNA,7.0,8.0,3.0,6.0,5.0,11.0
LINC01287,lncRNA,3.0,6.0,1.0,3.0,27.0,28.0
LINC01288,lncRNA,0.0,0.0,0.0,2.0,3.0,3.0
LINC01289,lncRNA,1.0,3.0,0.0,0.0,11.0,16.0
LINC01290,lncRNA,0.0,1.0,0.0,0.0,0.0,2.0
LINC01291,lncRNA,1.0,5.0,2.0,5.0,16.0,9.0
LINC01293,lncRNA,0.0,0.0,0.0,0.0,2.0,1.0
LINC01297,lncRNA,3.0,8.0,1.0,0.0,6.0,3.0
LINC01298,lncRNA,0.0,0.0,3.0,0.0,8.0,4.0
LINC01299,lncRNA,2.0,0.0,1.0,1.0,2.0,2.0
LINC01300,lncRNA,0.0,1.0,1.0,0.0,2.0,1.0
LINC01301,lncRNA,10.0,7.0,6.0,7.0,23.0,22.0
LINC01303,lncRNA,1.0,6.0,1.0,1.0,8.0,7.0
LINC01304,lncRNA,102.0,272.0,169.0,168.0,208.0,380.0
LINC01305,lncRNA,6.0,3.0,4.0,9.0,46.0,36.0
LINC01307,lncRNA,37.0,102.0,33.0,22.0,51.0,87.0
LINC01309,lncRNA,0.0,1.0,0.0,0.0,0.0,2.0
LINC01310,lncRNA,8.0,4.0,12.0,4.0,25.0,18.0
LINC01311,lncRNA,1.0,7.0,2.0,0.0,10.0,15.0
LINC01312,lncRNA,1.0,0.0,0.0,1.0,2.0,5.0
LINC01315,lncRNA,4.0,18.0,10.0,13.0,23.0,23.0
LINC01320,lncRNA,1.5,2.0,1.0,3.0,19.5,16.0
LINC01322,lncRNA,5.0,3.0,6.0,12.0,22.0,14.0
LINC01324,lncRNA,0.0,0.0,2.0,0.0,1.0,0.0
LINC01326,lncRNA,0.0,0.0,0.0,1.0,0.0,0.0
LINC01331,lncRNA,0.0,0.0,0.0,0.0,11.0,5.0
LINC01332,lncRNA,1.0,0.0,0.0,0.0,0.5,1.0
LINC01333,lncRNA,2.0,1.0,0.0,1.0,4.5,6.0
LINC01335,lncRNA,0.0,0.0,2.0,2.0,0.0,1.0
LINC01337,lncRNA,0.0,0.0,1.0,1.0,0.0,0.0
LINC01338,lncRNA,0.0,3.0,0.0,1.0,9.0,9.0
LINC01339,lncRNA,0.0,0.0,0.0,1.0,2.0,4.0
LINC01340,lncRNA,0.0,2.0,0.0,3.0,2.0,4.0
LINC01341,lncRNA,0.0,5.0,3.0,6.5,15.5,5.0
LINC01342,lncRNA,2.0,2.0,3.0,1.0,11.0,15.0
LINC01343,lncRNA,5.0,1.0,4.0,0.0,10.5,14.0
LINC01344,lncRNA,1.0,2.0,0.0,4.0,16.0,9.0
LINC01345,lncRNA,2.0,3.5,1.5,4.0,22.0,14.0
LINC01346,lncRNA,3.0,0.5,4.5,1.0,25.0,19.0
LINC01348,lncRNA,0.0,4.0,0.0,0.0,6.0,8.0
LINC01349,lncRNA,0.0,0.0,0.0,0.0,0.0,1.0
LINC01350,lncRNA,3.0,0.0,0.0,0.0,1.0,1.0
LINC01351,lncRNA,0.0,0.0,0.0,0.0,0.0,2.0
LINC01352,lncRNA,0.0,0.0,0.0,1.0,0.0,2.0
LINC01353,lncRNA,0.0,6.0,6.0,1.0,4.0,6.0
LINC01354,lncRNA,0.0,4.0,1.0,0.0,58.0,52.0
LINC01355,lncRNA,1.0,5.0,0.0,1.0,8.0,7.0
LINC01356,lncRNA,1.5,5.0,3.0,3.0,10.5,8.0
LINC01357,lncRNA,1.5,3.0,3.0,3.0,5.5,1.0
LINC01358,lncRNA,2.0,2.0,0.0,12.0,5.5,4.0
LINC01359,lncRNA,1.0,1.5,2.0,1.0,5.0,5.0
LINC01360,lncRNA,1.0,2.0,0.0,1.0,2.0,2.0
LINC01361,lncRNA,1.0,1.0,7.0,0.0,6.0,6.0
LINC01362,lncRNA,0.0,1.0,1.0,2.0,4.0,2.0
LINC01363,lncRNA,0.0,0.0,1.0,0.0,3.0,6.0
LINC01364,lncRNA,0.0,0.0,0.0,0.0,2.0,4.0
LINC01365,lncRNA,3.0,0.0,0.0,0.0,3.0,0.0
LINC01366,lncRNA,1.0,0.0,0.0,1.0,3.0,5.0
LINC01370,lncRNA,0.0,3.0,0.0,1.0,7.0,4.0
LINC01374,lncRNA,0.0,0.0,0.0,2.0,3.0,1.0
LINC01375,lncRNA,0.0,0.0,0.0,1.0,4.0,2.0
LINC01376,lncRNA,1.0,6.0,11.0,9.0,22.0,24.0
LINC01377,lncRNA,1.0,3.0,1.0,1.0,4.0,0.0
LINC01378,lncRNA,1.0,11.0,0.0,1.0,5.0,1.0
LINC01381,lncRNA,0.0,1.0,0.0,1.0,5.0,2.0
LINC01385,lncRNA,0.0,0.0,1.0,1.0,5.0,3.0
LINC01386,lncRNA,0.0,1.0,1.0,3.0,9.0,5.0
LINC01387,lncRNA,0.0,0.0,0.0,0.0,1.0,0.0
LINC01388,lncRNA,0.0,0.0,0.0,0.0,5.0,2.0
LINC01389,lncRNA,0.0,0.0,0.0,0.0,3.0,1.0
LINC01391,lncRNA,11.0,9.0,4.0,5.0,42.0,49.0
LINC01393,lncRNA,0.0,0.0,1.0,1.0,6.0,7.0
LINC01395,lncRNA,0.0,1.0,0.0,0.0,2.0,0.0
LINC01396,lncRNA,1.0,1.0,1.0,0.0,2.0,2.0
LINC01397,lncRNA,0.0,1.0,4.0,3.0,1.0,3.0
LINC01398,lncRNA,1.0,0.0,0.0,1.0,2.0,13.0
LINC01400,lncRNA,0.0,0.0,0.0,1.0,0.0,3.0
LINC01402,lncRNA,1.0,0.0,0.0,0.0,1.0,0.0
LINC01405,lncRNA,0.0,1.0,3.0,3.5,12.0,14.5
LINC01409,lncRNA,9.0,1.0,2.0,1.0,6.0,9.5
LINC01410,lncRNA,0.0,0.0,3.0,7.0,3.0,5.0
LINC01411,lncRNA,1.0,5.0,0.0,6.0,10.0,16.0
LINC01412,lncRNA,1.0,1.0,0.0,0.0,1.0,0.0
LINC01413,lncRNA,1.0,2.0,0.0,0.0,3.0,2.0
LINC01414,lncRNA,4.0,3.0,1.0,0.0,6.0,7.0
LINC01415,lncRNA,3.0,7.0,9.0,12.0,54.0,39.0
LINC01416,lncRNA,6.0,11.0,4.0,2.0,15.0,11.0
LINC01419,lncRNA,1.0,0.0,0.0,1.0,0.0,1.0
LINC01422,lncRNA,1.0,4.0,1.0,1.0,11.0,15.0
LINC01423,lncRNA,0.0,3.0,0.0,0.0,1.0,0.0
LINC01424,lncRNA,0.0,0.0,0.0,0.0,4.0,2.0
LINC01426,lncRNA,5.0,10.0,2.0,8.0,11.0,12.0
LINC01427,lncRNA,0.0,0.0,4.0,3.0,9.0,9.0
LINC01428,lncRNA,0.0,0.0,0.0,0.5,1.0,2.0
LINC01429,lncRNA,2.0,6.0,2.0,1.0,0.0,4.0
LINC01431,lncRNA,4.0,0.0,2.0,3.0,4.0,4.0
LINC01432,lncRNA,0.0,0.0,0.0,0.0,1.0,0.0
LINC01433,lncRNA,0.0,0.0,1.0,0.0,5.0,12.0
LINC01435,lncRNA,0.0,4.0,0.0,7.0,10.0,7.0
LINC01436,lncRNA,1.0,0.0,0.0,0.0,1.0,0.0
LINC01438,lncRNA,0.0,1.0,0.0,0.0,0.0,0.0
LINC01440,lncRNA,1.0,4.0,2.0,1.0,7.0,6.0
LINC01441,lncRNA,0.0,1.0,0.0,2.0,1.0,2.0
LINC01442,lncRNA,2.0,0.0,1.0,1.0,1.0,4.0
LINC01443,lncRNA,0.0,0.0,2.0,0.0,3.0,2.0
LINC01444,lncRNA,0.0,0.0,0.0,0.0,1.0,0.0
LINC01445,lncRNA,3.0,2.0,4.0,6.0,9.0,6.0
LINC01446,lncRNA,1.0,4.0,2.0,3.0,12.0,10.0
LINC01447,lncRNA,0.0,1.0,0.0,0.0,5.0,8.0
LINC01449,lncRNA,5.0,19.0,4.0,1.0,0.0,2.0
LINC01450,lncRNA,0.0,0.0,0.0,0.0,4.0,0.0
LINC01451,lncRNA,6.0,3.0,4.0,3.0,33.0,30.0
LINC01455,lncRNA,0.0,0.0,0.0,0.0,4.0,2.0
LINC01456,lncRNA,0.0,1.0,0.0,0.0,37.0,2.0
LINC01460,lncRNA,0.0,0.0,1.0,6.0,5.0,7.0
LINC01465,lncRNA,556.5,162.5,747.5,294.0,1262.5,1203.5
LINC01467,lncRNA,0.0,0.0,0.0,0.0,2.0,1.0
LINC01470,lncRNA,1.0,11.0,1.0,1.0,8.0,4.0
LINC01471,lncRNA,5.0,3.0,2.0,9.0,12.0,9.0
LINC01473,lncRNA,4.0,4.0,0.0,5.0,6.0,9.0
LINC01474,lncRNA,1.0,2.0,21.0,11.0,4.0,9.0
LINC01475,lncRNA,0.0,0.0,15.0,3.5,6.0,8.0
LINC01476,lncRNA,4.0,13.0,5.0,6.0,22.0,10.0
LINC01477,lncRNA,0.0,0.0,0.0,0.0,0.0,2.0
LINC01478,lncRNA,3.0,13.0,6.0,3.0,7.0,5.0
LINC01479,lncRNA,0.0,0.0,0.0,0.0,1.0,4.0
LINC01480,lncRNA,1.0,0.0,0.0,0.0,3.0,1.0
LINC01482,lncRNA,3.0,0.0,0.0,3.0,14.0,18.0
LINC01483,lncRNA,1.0,1.0,2.0,1.0,12.0,12.0
LINC01484,lncRNA,2.0,2.0,2.0,0.0,33.0,20.0
LINC01485,lncRNA,1.0,5.0,1.0,5.0,13.0,7.0
LINC01486,lncRNA,2.0,0.0,0.0,1.0,3.0,3.0
LINC01487,lncRNA,0.0,2.0,3.0,0.0,1.0,0.0
LINC01488,lncRNA,6.0,7.0,4.0,6.0,23.0,23.0
LINC01489,lncRNA,0.0,0.0,0.0,0.0,0.0,3.0
LINC01490,lncRNA,0.0,0.0,2.0,1.0,3.0,2.0
LINC01491,lncRNA,1.0,0.0,0.0,0.0,4.0,1.0
LINC01492,lncRNA,1.0,1.0,2.0,8.0,11.0,11.0
LINC01493,lncRNA,0.0,0.0,1.0,1.0,2.0,3.0
LINC01494,lncRNA,0.0,3.0,0.0,0.0,1.0,2.0
LINC01496,lncRNA,0.0,0.0,0.0,2.0,0.0,5.0
LINC01497,lncRNA,0.0,1.0,1.0,0.0,6.0,1.0
LINC01498,lncRNA,0.0,3.0,1.0,3.0,11.0,7.0
LINC01499,lncRNA,2.0,1.0,0.0,6.0,4.0,2.0
LINC01500,lncRNA,1.0,4.5,1.5,4.0,16.5,22.0
LINC01501,lncRNA,2.0,0.0,4.0,3.0,14.0,15.0
LINC01502,lncRNA,0.0,2.0,0.0,1.0,9.0,5.0
LINC01503,lncRNA,3.0,5.0,2.0,8.0,10.0,12.0
LINC01504,lncRNA,3.0,4.0,1.0,8.0,10.5,11.0
LINC01505,lncRNA,2.0,11.0,4.0,6.0,16.0,17.0
LINC01506,lncRNA,0.0,1.0,1.0,0.0,0.0,0.0
LINC01507,lncRNA,1.0,0.0,0.0,0.0,0.0,1.0
LINC01508,lncRNA,0.0,0.0,4.0,1.0,5.0,2.0
LINC01509,lncRNA,0.5,0.0,0.0,0.0,0.0,1.0
LINC01511,lncRNA,3.0,9.0,144.0,8.0,29.0,46.0
LINC01513,lncRNA,0.0,3.0,0.0,0.0,0.0,0.0
LINC01514,lncRNA,0.0,0.0,0.0,0.0,1.0,4.0
LINC01515,lncRNA,17.0,14.0,0.0,6.0,29.0,26.0
LINC01516,lncRNA,1.0,4.0,2.0,1.0,3.83,5.5
LINC01517,lncRNA,3.5,9.0,5.0,5.0,49.0,60.0
LINC01518,lncRNA,1.0,3.0,2.0,0.0,7.0,7.0
LINC01519,lncRNA,0.0,0.0,0.0,0.0,2.0,1.0
LINC01520,lncRNA,0.0,0.0,0.0,0.0,1.0,0.0
LINC01521,lncRNA,1.0,3.0,2.0,1.0,17.0,18.0
LINC01522,lncRNA,0.0,0.0,1.0,1.0,9.0,0.0
LINC01523,lncRNA,0.0,1.0,2.0,0.0,1.0,0.0
LINC01524,lncRNA,8.0,4.0,6.0,6.0,35.0,42.5
LINC01525,lncRNA,0.0,2.0,0.0,0.0,2.0,0.0
LINC01527,lncRNA,1.0,1.5,1.0,0.0,1.0,3.5
LINC01531,lncRNA,0.0,2.0,1.0,3.0,2.0,5.5
LINC01532,lncRNA,5.0,2.0,3.0,3.0,12.0,9.0
LINC01533,lncRNA,2.0,2.0,4.0,4.0,12.0,6.0
LINC01534,lncRNA,0.0,2.0,0.0,0.0,5.0,6.0
LINC01535,lncRNA,4.0,6.0,8.0,7.0,19.0,11.0
LINC01537,lncRNA,0.0,0.0,1.0,0.0,2.0,1.0
LINC01538,lncRNA,3.0,0.0,1.0,1.0,4.0,2.0
LINC01539,lncRNA,0.0,4.0,0.0,0.0,4.0,6.0
LINC01541,lncRNA,0.0,0.0,1.0,0.0,4.0,1.0
LINC01543,lncRNA,0.0,0.0,0.0,2.0,8.0,6.0
LINC01544,lncRNA,4.0,7.0,2.5,2.0,11.5,14.0
LINC01545,lncRNA,0.0,1.0,0.0,3.0,1.0,1.0
LINC01546,lncRNA,1.0,16.0,3.0,6.0,10.0,16.0
LINC01547,lncRNA,16.0,19.0,1.0,11.0,28.0,29.0
LINC01548,lncRNA,0.0,2.0,0.0,5.0,2.0,3.0
LINC01549,lncRNA,0.0,0.0,0.0,2.0,4.0,1.0
LINC01550,lncRNA,3.0,3.0,2.0,9.0,13.0,6.0
LINC01551,lncRNA,4.5,3.0,4.5,8.5,104.0,78.0
LINC01553,lncRNA,1.0,3.0,2.0,3.0,21.0,7.0
LINC01554,lncRNA,0.0,2.0,2.0,2.0,5.0,5.0
LINC01555,lncRNA,2.0,0.0,0.0,0.0,10.0,7.0
LINC01556,lncRNA,0.0,0.0,2.0,0.0,2.0,2.0
LINC01558,lncRNA,1.0,1.0,0.33,0.0,4.0,4.5
LINC01559,lncRNA,0.0,0.0,1.0,3.0,8.0,4.0
LINC01560,lncRNA,4.0,0.0,1.0,0.0,3.0,4.0
LINC01561,lncRNA,0.0,1.0,0.0,0.0,3.0,4.0
LINC01562,lncRNA,0.0,2.0,0.0,4.0,0.0,3.0
LINC01563,lncRNA,1.0,4.0,2.0,6.0,15.0,12.0
LINC01564,lncRNA,1.0,2.0,1.0,1.0,2.0,1.0
LINC01565,lncRNA,1.0,4.0,8.0,0.0,15.0,9.0
LINC01566,lncRNA,0.0,0.0,1.0,0.0,4.0,7.0
LINC01567,lncRNA,1.0,1.0,0.0,4.0,5.0,3.0
LINC01568,lncRNA,1.0,10.0,7.0,6.0,18.0,14.0
LINC01569,lncRNA,1.0,4.0,1.0,8.0,16.0,19.0
LINC01570,lncRNA,1.0,1.0,2.0,4.0,5.0,9.0
LINC01571,lncRNA,1.0,1.0,0.0,0.0,7.0,4.0
LINC01572,lncRNA,3.0,10.5,4.0,6.5,19.0,14.5
LINC01574,lncRNA,6.0,8.0,13.0,6.0,18.0,25.0
LINC01579,lncRNA,3.5,3.0,2.0,0.5,9.5,8.5
LINC01580,lncRNA,0.0,2.5,4.5,1.0,8.0,7.5
LINC01581,lncRNA,1.0,2.0,0.5,1.0,3.0,1.0
LINC01582,lncRNA,1.0,2.0,2.0,1.0,15.0,16.0
LINC01583,lncRNA,0.0,0.0,0.0,0.0,0.0,4.0
LINC01584,lncRNA,2.0,5.0,0.0,2.0,11.5,22.5
LINC01585,lncRNA,0.0,1.0,1.0,3.0,15.0,10.0
LINC01586,lncRNA,1.0,4.0,3.0,1.0,8.0,4.0
LINC01587,lncRNA,0.0,2.0,2.0,0.0,0.0,1.0
LINC01588,lncRNA,8.0,18.0,13.0,18.0,62.0,38.0
LINC01589,lncRNA,1.0,0.0,0.0,0.0,2.0,1.0
LINC01591,lncRNA,0.0,0.0,0.0,0.0,1.0,15.0
LINC01592,lncRNA,0.0,1.0,0.0,1.0,4.0,3.0
LINC01593,lncRNA,0.0,0.0,0.0,0.0,1.0,1.0
LINC01594,lncRNA,0.0,1.0,0.0,0.0,0.0,1.0
LINC01595,lncRNA,1.0,0.0,0.0,1.0,3.0,3.0
LINC01597,lncRNA,1.5,0.0,2.0,3.0,4.0,3.5
LINC01600,lncRNA,1.0,4.0,2.0,0.0,4.0,2.5
LINC01602,lncRNA,0.0,2.0,0.0,2.0,2.0,2.0
LINC01603,lncRNA,0.0,0.0,0.0,0.0,1.0,8.0
LINC01605,lncRNA,3.0,1.0,2.0,2.0,2.0,4.0
LINC01606,lncRNA,3.0,2.0,4.0,5.0,21.5,17.0
LINC01607,lncRNA,1.0,0.0,1.0,3.0,8.0,3.0
LINC01608,lncRNA,4.0,8.0,7.0,4.0,16.0,11.0
LINC01609,lncRNA,1.0,0.0,0.0,0.0,2.0,0.0
LINC01611,lncRNA,0.0,0.0,0.0,0.0,1.0,0.0
LINC01612,lncRNA,1.0,0.0,1.0,1.0,2.0,2.0
LINC01613,lncRNA,0.0,0.0,0.0,2.0,2.0,0.0
LINC01614,lncRNA,1.0,0.0,0.0,1.0,0.0,1.0
LINC01615,lncRNA,0.0,2.0,0.0,0.0,6.0,2.0
LINC01618,lncRNA,1.5,5.5,0.5,2.0,11.17,20.0
LINC01619,lncRNA,0.0,0.0,0.0,3.0,8.0,6.0
LINC01620,lncRNA,0.0,2.0,2.0,1.0,21.0,23.0
LINC01621,lncRNA,0.0,1.0,0.0,0.0,0.0,3.0
LINC01622,lncRNA,0.0,2.0,2.0,5.0,10.0,9.5
LINC01623,lncRNA,3.0,1.0,0.0,1.0,5.5,5.5
LINC01624,lncRNA,8.0,11.0,6.0,70.0,21.0,40.0
LINC01625,lncRNA,1.0,4.0,0.0,4.0,33.0,21.0
LINC01626,lncRNA,2.0,3.0,0.0,0.0,1.0,4.0
LINC01627,lncRNA,2.0,0.0,0.0,3.0,0.0,1.0
LINC01628,lncRNA,0.0,0.0,0.0,0.0,2.0,1.0
LINC01629,lncRNA,0.0,0.0,0.0,2.0,0.0,1.5
LINC01630,lncRNA,3.0,9.0,6.0,4.0,47.0,33.0
LINC01632,lncRNA,1.0,0.0,1.0,1.5,1.0,1.0
LINC01633,lncRNA,0.0,0.0,0.0,0.0,1.0,1.0
LINC01634,lncRNA,0.0,0.0,0.0,0.0,1.0,3.0
LINC01635,lncRNA,0.0,0.5,4.0,0.0,7.83,5.0
LINC01637,lncRNA,3.0,4.0,5.0,0.0,24.0,18.0
LINC01638,lncRNA,0.0,0.0,0.0,0.0,2.0,4.0
LINC01639,lncRNA,0.0,2.0,1.0,0.0,3.0,3.0
LINC01640,lncRNA,1.0,0.0,1.0,0.0,2.0,2.5
LINC01641,lncRNA,0.5,6.0,2.0,0.0,4.5,8.0
LINC01643,lncRNA,0.0,1.0,0.5,3.0,8.0,4.0
LINC01644,lncRNA,0.0,2.0,0.0,11.0,5.0,4.0
LINC01645,lncRNA,0.0,1.0,0.0,1.0,1.0,5.0
LINC01646,lncRNA,1.0,1.0,1.0,4.0,16.0,6.0
LINC01647,lncRNA,1.0,1.0,0.0,1.0,0.0,2.0
LINC01648,lncRNA,0.0,0.0,1.0,1.0,0.0,3.0
LINC01649,lncRNA,2.0,0.0,1.0,0.0,4.0,6.0
LINC01650,lncRNA,0.0,2.0,0.0,2.0,2.0,1.0
LINC01651,lncRNA,0.0,0.0,0.0,0.0,2.0,1.0
LINC01653,lncRNA,1.0,1.0,0.0,3.0,1.0,1.0
LINC01654,lncRNA,0.0,0.0,1.0,1.0,6.0,6.0
LINC01655,lncRNA,0.0,1.0,2.0,1.0,2.0,1.0
LINC01656,lncRNA,0.0,3.0,1.0,0.0,0.0,3.0
LINC01657,lncRNA,2.0,0.0,0.0,1.0,1.0,2.0
LINC01659,lncRNA,2.0,0.0,2.0,0.0,3.0,4.0
LINC01661,lncRNA,0.0,1.0,0.0,0.0,3.0,4.0
LINC01664,lncRNA,3.0,4.0,2.0,0.0,20.0,13.0
LINC01665,lncRNA,3.0,0.5,0.0,0.0,4.5,0.0
LINC01666,lncRNA,0.0,1.0,0.0,1.0,0.0,0.0
LINC01668,lncRNA,1.0,1.0,0.0,1.0,1.0,0.0
LINC01669,lncRNA,0.0,1.0,2.0,0.0,3.0,6.0
LINC01670,lncRNA,1.0,0.0,0.0,0.0,0.0,1.0
LINC01671,lncRNA,0.0,3.0,2.0,1.0,2.0,3.0
LINC01672,lncRNA,1.0,5.0,6.0,5.0,18.0,15.0
LINC01673,lncRNA,2.0,0.0,0.0,4.0,1.0,1.0
LINC01674,lncRNA,0.0,0.0,2.0,0.0,2.0,2.0
LINC01675,lncRNA,0.0,0.5,0.5,0.0,1.0,1.0
LINC01676,lncRNA,1.0,0.0,0.0,1.0,3.0,5.0
LINC01677,lncRNA,0.0,6.0,1.5,8.0,3.0,3.0
LINC01678,lncRNA,1.0,0.0,0.0,0.0,3.0,0.0
LINC01679,lncRNA,3.0,12.0,2.0,1.0,19.0,21.0
LINC01680,lncRNA,0.0,0.0,0.0,0.0,1.0,0.0
LINC01681,lncRNA,1.0,1.0,0.0,1.0,6.0,3.0
LINC01682,lncRNA,0.0,0.0,1.0,0.0,3.0,5.0
LINC01683,lncRNA,1.0,0.0,0.0,0.0,1.0,1.0
LINC01684,lncRNA,3.0,4.0,0.0,3.0,14.0,7.0
LINC01685,lncRNA,0.0,6.0,1.0,2.0,19.0,5.0
LINC01686,lncRNA,1.0,3.0,1.0,0.0,4.0,8.0
LINC01687,lncRNA,0.0,1.0,2.0,1.0,2.0,5.0
LINC01688,lncRNA,1.0,0.0,0.0,0.0,0.0,0.0
LINC01689,lncRNA,0.0,1.0,0.0,0.0,2.0,3.0
LINC01691,lncRNA,0.0,0.0,0.0,0.0,0.0,1.0
LINC01692,lncRNA,0.0,0.0,1.0,1.0,0.0,5.0
LINC01693,lncRNA,1.0,2.0,2.0,3.0,12.0,11.0
LINC01694,lncRNA,3.0,3.5,1.0,8.0,12.0,14.5
LINC01695,lncRNA,2.0,1.0,0.0,2.0,4.0,12.0
LINC01696,lncRNA,0.0,1.0,1.0,1.0,3.0,2.0
LINC01697,lncRNA,2.0,1.0,2.0,1.0,4.0,1.0
LINC01698,lncRNA,0.0,2.0,0.0,0.0,3.0,6.0
LINC01699,lncRNA,0.0,2.0,0.0,0.0,1.0,1.0
LINC01700,lncRNA,0.0,0.0,4.0,0.0,2.0,2.0
LINC01701,lncRNA,0.0,0.0,0.0,0.0,0.0,2.0
LINC01702,lncRNA,0.0,1.0,0.0,0.0,2.0,2.0
LINC01703,lncRNA,2.0,2.0,1.0,0.0,13.0,7.0
LINC01704,lncRNA,2.0,0.0,2.0,5.0,4.0,3.0
LINC01705,lncRNA,1.0,0.0,0.0,1.0,5.0,5.0
LINC01706,lncRNA,1.0,0.0,1.0,0.0,1.0,1.0
LINC01707,lncRNA,0.0,0.0,0.0,3.0,1.0,0.0
LINC01708,lncRNA,0.0,0.0,0.0,0.0,1.0,1.0
LINC01709,lncRNA,0.0,5.0,1.0,0.0,5.0,3.5
LINC01710,lncRNA,0.0,0.0,0.0,0.0,1.0,0.0
LINC01711,lncRNA,2.0,2.0,2.0,1.0,2.0,3.0
LINC01712,lncRNA,0.0,0.0,1.0,0.0,8.0,6.0
LINC01713,lncRNA,0.0,0.0,0.0,0.0,4.0,3.0
LINC01714,lncRNA,0.0,2.0,2.0,0.0,6.0,4.0
LINC01715,lncRNA,3.0,3.0,0.0,5.0,4.0,7.0
LINC01716,lncRNA,0.0,0.0,2.0,3.0,1.0,3.0
LINC01717,lncRNA,0.0,0.0,0.0,0.0,2.0,1.0
LINC01718,lncRNA,0.0,2.0,3.0,0.0,2.0,1.0
LINC01719,lncRNA,0.0,1.0,2.0,5.0,10.0,10.0
LINC01720,lncRNA,0.0,0.0,0.0,0.0,1.0,1.0
LINC01721,lncRNA,0.0,6.0,0.0,2.0,19.0,20.0
LINC01722,lncRNA,0.0,0.0,0.0,0.0,3.0,1.0
LINC01723,lncRNA,0.0,2.0,2.0,3.0,5.0,4.0
LINC01724,lncRNA,0.0,0.0,0.0,2.0,1.0,1.0
LINC01725,lncRNA,6.0,2.0,4.0,3.0,19.0,21.0
LINC01726,lncRNA,0.0,0.0,0.0,0.0,3.0,4.0
LINC01727,lncRNA,0.0,4.0,1.0,4.0,3.0,13.0
LINC01728,lncRNA,0.0,0.0,0.0,1.0,0.0,0.0
LINC01730,lncRNA,1.0,0.0,0.0,0.0,0.5,0.5
LINC01731,lncRNA,0.0,0.0,0.0,0.0,1.0,0.0
LINC01732,lncRNA,1.0,2.0,1.0,1.0,0.0,0.0
LINC01733,lncRNA,1.0,0.0,2.0,0.0,0.0,0.0
LINC01734,lncRNA,1.0,1.0,1.0,0.0,3.0,2.0
LINC01735,lncRNA,1.0,1.0,0.0,2.0,5.0,4.0
LINC01736,lncRNA,0.0,0.0,0.0,2.0,0.0,6.0
LINC01737,lncRNA,0.0,0.0,0.0,0.0,2.0,0.0
LINC01738,lncRNA,0.0,0.0,1.0,2.0,4.0,3.0
LINC01739,lncRNA,0.0,1.0,0.0,0.0,2.0,1.5
LINC01741,lncRNA,0.0,0.0,1.0,0.0,1.0,0.0
LINC01742,lncRNA,0.0,1.0,0.0,0.0,1.0,1.0
LINC01743,lncRNA,10.0,1.0,13.0,13.0,31.0,22.0
LINC01744,lncRNA,1.0,2.0,1.0,1.0,21.0,18.0
LINC01746,lncRNA,1.0,0.0,0.0,0.0,0.0,0.0
LINC01747,lncRNA,2.0,0.0,1.0,1.5,3.0,7.0
LINC01748,lncRNA,5.0,5.0,10.0,9.0,54.0,54.0
LINC01749,lncRNA,1.0,2.0,3.0,2.0,13.0,11.0
LINC01750,lncRNA,6.0,1.0,4.0,2.0,33.0,24.0
LINC01751,lncRNA,2.0,7.0,5.0,3.0,31.0,30.0
LINC01752,lncRNA,0.0,4.0,0.0,3.0,0.0,0.0
LINC01753,lncRNA,0.0,0.0,0.0,0.0,2.0,0.0
LINC01754,lncRNA,1.0,0.0,1.0,0.0,1.0,0.0
LINC01755,lncRNA,0.0,0.0,0.0,0.0,4.0,1.0
LINC01756,lncRNA,1.0,2.0,1.0,1.0,2.0,2.0
LINC01757,lncRNA,0.0,0.0,1.0,3.0,9.0,3.0
LINC01758,lncRNA,0.0,0.0,0.0,0.0,0.0,1.0
LINC01761,lncRNA,1.0,0.0,1.0,0.0,3.0,4.0
LINC01762,lncRNA,0.0,3.0,0.0,0.0,2.0,1.0
LINC01763,lncRNA,1.0,1.0,0.0,2.0,11.0,9.0
LINC01764,lncRNA,0.0,3.0,1.33,2.0,1.0,0.33
LINC01765,lncRNA,33.0,55.0,42.0,32.0,139.0,136.0
LINC01766,lncRNA,0.0,0.0,0.0,2.0,2.0,1.0
LINC01767,lncRNA,4.0,1.0,0.0,1.0,9.0,5.0
LINC01768,lncRNA,0.0,1.0,0.0,1.0,1.0,1.0
LINC01770,lncRNA,0.0,0.0,1.0,1.0,1.0,4.0
LINC01771,lncRNA,0.0,0.0,0.5,0.0,0.0,1.5
LINC01772,lncRNA,0.0,3.0,0.0,0.0,1.0,5.0
LINC01774,lncRNA,0.0,0.0,0.0,0.0,1.0,0.0
LINC01775,lncRNA,0.0,0.0,0.0,1.0,0.0,0.0
LINC01776,lncRNA,0.0,0.0,0.0,0.0,1.0,2.0
LINC01777,lncRNA,1.0,0.0,1.0,0.0,6.0,2.0
LINC01778,lncRNA,1.0,2.0,1.0,1.0,5.0,4.0
LINC01779,lncRNA,0.0,0.0,0.0,2.0,1.0,0.0
LINC01780,lncRNA,1.0,1.0,0.0,1.0,4.0,5.5
LINC01781,lncRNA,0.0,0.0,1.0,0.0,1.0,0.0
LINC01782,lncRNA,0.0,0.5,1.0,1.0,2.5,5.0
LINC01783,lncRNA,8.0,8.5,18.0,9.0,60.0,100.0
LINC01784,lncRNA,1.0,0.0,0.0,0.0,1.0,0.0
LINC01785,lncRNA,2.0,0.0,3.0,0.0,4.0,3.0
LINC01786,lncRNA,0.0,0.0,0.0,0.0,2.0,3.0
LINC01787,lncRNA,0.0,0.0,0.0,1.0,2.0,1.0
LINC01788,lncRNA,0.0,1.0,0.0,0.0,3.0,3.0
LINC01789,lncRNA,0.0,3.0,2.0,3.0,4.0,3.0
LINC01790,lncRNA,0.0,2.0,0.0,0.0,1.0,1.0
LINC01791,lncRNA,0.0,4.0,0.0,0.0,2.0,5.0
LINC01792,lncRNA,4.0,6.0,3.0,2.0,10.0,9.0
LINC01793,lncRNA,0.0,0.5,1.5,0.5,6.5,5.5
LINC01794,lncRNA,2.0,0.0,0.0,0.0,1.0,0.0
LINC01795,lncRNA,0.0,1.0,1.0,1.0,3.0,3.0
LINC01796,lncRNA,1.0,1.0,0.0,1.0,3.0,6.0
LINC01797,lncRNA,0.0,0.5,0.5,0.5,0.5,0.0
LINC01798,lncRNA,0.0,0.5,0.5,0.5,3.5,6.0
LINC01799,lncRNA,0.0,1.0,1.0,2.0,1.0,2.0
LINC01800,lncRNA,0.0,0.0,0.0,3.0,0.0,1.0
LINC01801,lncRNA,2.0,0.0,1.0,0.0,5.0,12.0
LINC01802,lncRNA,0.0,3.0,3.0,0.0,0.0,0.0
LINC01803,lncRNA,0.0,1.0,0.0,0.0,2.0,1.0
LINC01804,lncRNA,0.0,0.0,1.0,2.0,7.0,4.0
LINC01805,lncRNA,0.0,0.0,0.0,0.0,2.0,3.0
LINC01806,lncRNA,1.0,1.0,1.0,1.0,1.0,3.0
LINC01807,lncRNA,2.0,0.0,1.0,1.0,1.0,2.0
LINC01808,lncRNA,7.0,9.0,3.0,2.0,19.0,21.0
LINC01809,lncRNA,0.0,1.0,1.0,0.0,0.0,1.0
LINC01810,lncRNA,0.0,0.0,2.0,1.0,1.0,2.0
LINC01811,lncRNA,3.0,4.0,2.0,1.0,6.0,25.0
LINC01812,lncRNA,0.0,0.0,0.0,0.0,1.0,2.0
LINC01813,lncRNA,0.0,3.0,0.0,0.0,1.0,2.0
LINC01814,lncRNA,5.0,21.0,5.0,11.0,29.0,28.0
LINC01815,lncRNA,0.0,1.0,2.0,0.0,1.0,1.0
LINC01816,lncRNA,1.0,1.0,2.0,0.0,4.0,8.0
LINC01818,lncRNA,1.0,1.0,2.0,1.0,4.0,3.0
LINC01819,lncRNA,1.0,2.0,4.0,1.0,9.0,8.0
LINC01820,lncRNA,2.0,0.0,2.0,3.0,1.0,3.0
LINC01821,lncRNA,2.0,5.0,0.0,0.0,11.0,5.0
LINC01822,lncRNA,1.0,1.0,0.0,2.0,1.0,1.0
LINC01823,lncRNA,3.0,2.0,11.0,6.0,15.0,17.0
LINC01824,lncRNA,1.0,0.0,0.0,1.0,7.0,4.0
LINC01825,lncRNA,0.0,0.0,0.0,1.0,2.0,1.0
LINC01827,lncRNA,1.0,0.0,0.0,0.0,1.0,0.0
LINC01828,lncRNA,2.0,3.0,7.0,4.0,20.0,16.5
LINC01829,lncRNA,0.0,0.0,0.0,0.5,4.5,5.0
LINC01830,lncRNA,0.0,0.0,1.0,0.0,0.0,0.0
LINC01831,lncRNA,0.0,1.0,0.0,0.0,3.0,1.0
LINC01832,lncRNA,0.0,0.0,0.0,1.0,1.0,1.0
LINC01833,lncRNA,10.5,1.0,22.0,12.5,20.0,18.5
LINC01834,lncRNA,0.0,0.0,0.0,0.0,1.0,0.0
LINC01836,lncRNA,1.0,3.0,0.0,5.0,3.0,0.0
LINC01837,lncRNA,2.0,3.0,2.0,5.0,20.0,18.0
LINC01838,lncRNA,0.0,0.0,0.0,2.0,9.0,1.0
LINC01839,lncRNA,0.0,0.0,0.0,1.0,1.0,0.0
LINC01840,lncRNA,2.0,0.0,0.0,0.0,1.0,1.0
LINC01841,lncRNA,0.0,0.0,0.0,4.0,3.0,1.0
LINC01842,lncRNA,2.0,0.0,3.0,1.0,44.0,26.0
LINC01843,lncRNA,0.0,0.0,0.0,1.0,6.0,3.0
LINC01844,lncRNA,0.0,0.0,1.0,7.0,5.0,11.0
LINC01845,lncRNA,1.0,0.0,2.0,0.0,18.0,13.0
LINC01846,lncRNA,0.0,0.0,0.0,0.0,2.0,0.0
LINC01847,lncRNA,1.0,1.0,6.0,0.0,10.0,16.0
LINC01848,lncRNA,1.0,0.5,0.5,1.5,27.0,22.5
LINC01849,lncRNA,0.0,3.0,3.0,4.0,3.0,17.0
LINC01852,lncRNA,4.0,2.0,1.0,3.0,6.0,17.0
LINC01854,lncRNA,0.0,1.0,0.0,2.0,4.0,9.0
LINC01855,lncRNA,0.0,0.0,0.0,0.0,2.0,1.0
LINC01856,lncRNA,1.0,2.0,1.0,7.0,3.0,0.0
LINC01857,lncRNA,0.0,0.0,0.0,0.0,2.0,1.0
LINC01858,lncRNA,2.0,1.0,0.0,6.0,2.0,7.0
LINC01859,lncRNA,2.0,1.0,0.0,0.0,1.0,8.0
LINC01861,lncRNA,0.0,0.0,0.0,0.0,3.0,2.0
LINC01863,lncRNA,0.0,5.0,0.0,1.0,4.0,4.0
LINC01864,lncRNA,2.0,2.0,1.0,1.0,2.0,1.0
LINC01865,lncRNA,0.0,1.0,0.0,0.0,4.0,0.0
LINC01867,lncRNA,0.0,0.0,0.0,0.0,0.0,1.0
LINC01868,lncRNA,0.0,0.0,0.0,0.0,1.0,0.0
LINC01870,lncRNA,0.0,1.0,0.0,0.0,1.0,0.0
LINC01871,lncRNA,0.0,0.0,0.0,0.0,0.0,1.0
LINC01872,lncRNA,0.0,0.0,0.0,0.0,3.0,1.0
LINC01873,lncRNA,0.0,0.0,0.0,0.0,1.0,0.0
LINC01874,lncRNA,0.0,0.0,0.0,0.0,1.0,2.0
LINC01875,lncRNA,0.0,0.0,0.0,1.0,4.0,1.0
LINC01876,lncRNA,1.0,0.0,0.0,4.0,1.0,4.0
LINC01877,lncRNA,1.0,1.0,1.0,2.0,7.0,11.0
LINC01878,lncRNA,0.0,1.0,0.0,1.0,5.0,1.0
LINC01879,lncRNA,2.0,4.0,2.0,0.0,9.0,10.0
LINC01880,lncRNA,0.0,1.0,3.0,1.0,2.0,8.0
LINC01882,lncRNA,0.0,1.0,2.0,2.0,2.0,3.0
LINC01883,lncRNA,0.0,0.0,0.0,1.0,1.0,1.0
LINC01884,lncRNA,1.0,0.0,0.0,3.0,1.0,5.0
LINC01885,lncRNA,2.0,2.0,1.0,0.0,2.0,1.0
LINC01886,lncRNA,7.0,9.0,7.0,8.0,9.0,1.0
LINC01888,lncRNA,0.0,0.0,0.0,1.0,2.0,0.0
LINC01889,lncRNA,0.0,0.0,0.0,0.0,1.0,1.0
LINC01890,lncRNA,0.0,0.0,0.0,3.0,4.0,1.0
LINC01891,lncRNA,1.0,1.0,0.0,0.0,1.0,2.0
LINC01892,lncRNA,1.0,0.0,0.0,0.0,4.0,1.0
LINC01893,lncRNA,0.0,0.0,0.0,0.0,1.0,1.0
LINC01894,lncRNA,0.0,0.0,1.0,1.0,2.0,1.0
LINC01895,lncRNA,0.0,0.0,2.0,3.0,3.0,5.0
LINC01896,lncRNA,4.0,0.0,5.0,7.0,19.0,17.0
LINC01897,lncRNA,0.0,0.0,0.0,0.0,0.0,1.0
LINC01898,lncRNA,0.0,1.0,0.0,0.0,5.0,3.0
LINC01899,lncRNA,1.0,0.0,0.0,1.0,2.0,0.0
LINC01900,lncRNA,0.0,2.0,1.0,3.0,2.0,0.0
LINC01901,lncRNA,0.0,1.0,0.0,0.0,6.5,4.0
LINC01902,lncRNA,2.0,6.0,4.0,5.0,16.5,12.0
LINC01903,lncRNA,0.0,1.0,0.0,1.0,1.0,3.0
LINC01904,lncRNA,9.0,3.0,1.0,1.0,2.0,1.0
LINC01905,lncRNA,0.0,2.0,3.0,2.0,3.0,3.5
LINC01907,lncRNA,3.0,5.0,1.0,4.0,5.0,9.0
LINC01909,lncRNA,0.0,0.0,0.0,0.0,0.0,1.5
LINC01910,lncRNA,0.0,1.0,1.0,0.0,14.0,6.0
LINC01911,lncRNA,0.0,1.0,0.0,1.0,4.0,3.0
LINC01912,lncRNA,0.0,3.0,0.0,0.0,2.0,1.0
LINC01913,lncRNA,1.0,0.0,1.0,7.0,10.0,6.0
LINC01914,lncRNA,1.0,0.0,0.0,0.0,0.0,1.0
LINC01915,lncRNA,1.0,2.0,8.0,4.0,11.0,7.0
LINC01916,lncRNA,0.0,0.0,0.0,0.0,1.0,1.0
LINC01917,lncRNA,0.0,1.0,1.0,1.0,5.0,2.0
LINC01918,lncRNA,2.0,0.0,3.0,0.0,5.0,3.0
LINC01919,lncRNA,0.0,0.0,0.0,4.0,1.5,3.5
LINC01920,lncRNA,0.0,0.0,2.0,2.0,1.0,3.0
LINC01921,lncRNA,0.0,0.0,0.5,0.0,1.0,0.0
LINC01922,lncRNA,2.0,2.0,5.0,2.0,5.0,5.0
LINC01923,lncRNA,0.0,2.0,0.0,4.0,3.0,0.0
LINC01924,lncRNA,0.0,3.0,0.0,0.0,4.0,3.0
LINC01925,lncRNA,0.0,0.0,0.0,0.0,0.0,5.0
LINC01926,lncRNA,0.0,0.0,2.0,2.0,0.0,1.0
LINC01927,lncRNA,2.0,1.5,1.0,2.0,2.5,4.5
LINC01928,lncRNA,0.0,0.0,0.0,1.0,0.0,0.0
LINC01929,lncRNA,1.0,6.0,1.0,2.0,20.0,8.0
LINC01931,lncRNA,0.0,0.0,0.0,0.0,9.0,11.0
LINC01932,lncRNA,0.0,0.0,0.0,0.0,0.0,1.0
LINC01933,lncRNA,0.0,0.0,2.0,0.0,13.0,15.0
LINC01934,lncRNA,12.0,19.0,16.0,11.0,281.0,283.0
LINC01936,lncRNA,1.0,0.0,3.0,3.0,6.0,5.0
LINC01937,lncRNA,0.0,0.0,0.0,0.0,1.0,0.5
LINC01938,lncRNA,0.0,1.0,1.0,4.0,8.0,7.0
LINC01939,lncRNA,2.0,1.0,0.0,5.0,1.0,3.0
LINC01940,lncRNA,1.0,0.0,5.0,4.0,15.0,15.0
LINC01941,lncRNA,0.0,31.0,0.0,0.0,2.0,12.0
LINC01942,lncRNA,0.0,0.0,2.0,0.0,3.0,5.0
LINC01943,lncRNA,0.0,2.0,0.0,1.0,3.0,1.0
LINC01944,lncRNA,1.0,0.0,1.0,1.0,7.0,6.0
LINC01945,lncRNA,0.0,0.0,0.0,1.0,0.0,0.0
LINC01947,lncRNA,0.0,0.0,0.0,0.0,0.0,2.0
LINC01948,lncRNA,7.0,7.0,4.0,6.0,18.0,39.0
LINC01949,lncRNA,0.0,0.0,0.0,7.0,2.0,2.0
LINC01951,lncRNA,1.0,0.0,0.0,1.0,3.0,1.0
LINC01952,lncRNA,0.0,1.0,0.0,1.0,0.0,0.0
LINC01954,lncRNA,0.0,0.0,0.0,0.0,2.0,0.0
LINC01955,lncRNA,0.0,0.0,0.0,0.0,0.0,2.0
LINC01956,lncRNA,10.0,13.0,6.0,5.0,22.0,19.0
LINC01958,lncRNA,1.0,0.0,1.0,0.0,3.0,9.0
LINC01960,lncRNA,0.0,3.0,5.0,3.0,22.0,22.0
LINC01961,lncRNA,1.0,1.0,0.0,0.0,2.0,2.0
LINC01962,lncRNA,285.0,365.0,264.0,442.0,552.0,766.0
LINC01963,lncRNA,1.0,0.0,0.0,0.0,2.0,1.0
LINC01964,lncRNA,2.0,3.0,3.0,3.0,8.0,3.0
LINC01965,lncRNA,0.0,1.0,3.0,1.0,13.0,3.0
LINC01966,lncRNA,1.0,0.0,1.0,0.0,0.0,1.0
LINC01967,lncRNA,5.0,0.0,0.0,0.0,3.0,7.5
LINC01968,lncRNA,2.5,13.0,2.0,4.0,9.5,12.0
LINC01970,lncRNA,1.0,0.0,1.0,1.0,12.0,13.0
LINC01971,lncRNA,0.0,2.0,1.0,0.0,12.0,7.0
LINC01972,lncRNA,0.0,1.0,0.0,0.0,2.0,3.0
LINC01973,lncRNA,3.0,3.0,2.0,3.0,17.0,8.0
LINC01974,lncRNA,0.0,2.0,0.0,0.0,1.0,1.0
LINC01975,lncRNA,0.0,1.0,0.0,0.0,1.0,1.0
LINC01976,lncRNA,0.0,0.0,1.0,2.0,6.0,2.0
LINC01977,lncRNA,4.0,6.0,4.0,0.0,16.0,9.0
LINC01978,lncRNA,1.0,3.5,2.5,3.0,11.0,12.5
LINC01979,lncRNA,4.0,2.5,2.5,2.0,24.0,17.5
LINC01980,lncRNA,1.0,0.0,0.0,2.0,5.0,14.5
LINC01981,lncRNA,0.0,0.0,0.0,0.0,3.0,1.0
LINC01983,lncRNA,0.0,0.0,0.0,0.0,2.0,0.0
LINC01986,lncRNA,0.0,1.0,0.0,1.0,7.0,1.0
LINC01987,lncRNA,2.0,1.0,0.0,1.0,5.0,8.0
LINC01988,lncRNA,0.0,0.0,1.0,0.0,16.5,8.0
LINC01989,lncRNA,1.0,1.0,1.0,6.0,3.0,5.0
LINC01990,lncRNA,0.0,4.0,2.0,0.0,18.0,12.0
LINC01991,lncRNA,2.0,0.0,0.0,0.0,5.0,6.0
LINC01992,lncRNA,1.0,3.0,0.0,4.0,2.0,1.0
LINC01993,lncRNA,0.0,0.0,4.0,0.0,16.0,13.0
LINC01994,lncRNA,0.0,1.0,1.0,3.0,20.0,29.0
LINC01995,lncRNA,0.0,0.0,0.0,0.0,0.0,1.0
LINC01996,lncRNA,0.0,0.0,0.0,2.0,1.0,3.0
LINC01998,lncRNA,1.0,0.0,0.0,1.0,1.0,0.0
LINC01999,lncRNA,1.0,0.0,0.5,0.0,1.5,0.0
LINC02000,lncRNA,0.0,0.0,0.0,0.0,2.0,0.0
LINC02002,lncRNA,0.0,0.0,0.0,1.0,1.0,4.0
LINC02003,lncRNA,4.0,0.0,3.0,4.0,7.0,10.0
LINC02004,lncRNA,0.0,0.0,0.0,0.0,0.0,3.0
LINC02005,lncRNA,1.0,1.0,0.0,4.0,5.0,4.0
LINC02006,lncRNA,0.0,6.0,0.0,4.0,13.0,8.0
LINC02008,lncRNA,0.0,1.0,0.0,0.0,12.0,5.0
LINC02009,lncRNA,2.0,0.0,5.0,1.0,6.0,6.0
LINC02010,lncRNA,0.0,2.5,0.0,0.0,3.0,6.0
LINC02011,lncRNA,2.0,0.0,0.0,1.0,9.0,7.0
LINC02012,lncRNA,5.0,1.0,1.0,1.0,3.0,1.0
LINC02013,lncRNA,1.0,0.0,1.0,0.0,1.0,2.0
LINC02014,lncRNA,0.0,0.0,0.0,0.0,1.0,0.0
LINC02015,lncRNA,0.0,2.0,1.0,2.0,5.0,7.0
LINC02016,lncRNA,0.0,0.0,0.0,0.0,2.0,4.0
LINC02018,lncRNA,2.0,1.0,1.0,8.0,10.0,13.0
LINC02019,lncRNA,3.0,0.0,0.0,0.0,5.0,2.0
LINC02020,lncRNA,0.0,1.0,0.0,1.0,3.0,3.0
LINC02021,lncRNA,1.0,0.0,1.0,1.0,4.0,6.0
LINC02022,lncRNA,0.0,1.0,1.0,2.0,7.0,8.0
LINC02023,lncRNA,0.0,0.0,0.0,1.0,0.0,4.0
LINC02024,lncRNA,0.0,0.0,0.0,0.0,1.0,0.0
LINC02025,lncRNA,0.0,3.0,0.0,0.0,0.0,0.0
LINC02026,lncRNA,1.0,2.0,0.0,3.0,12.0,10.0
LINC02027,lncRNA,1.0,2.0,0.0,1.0,4.0,4.0
LINC02028,lncRNA,15.0,9.0,10.0,13.0,42.0,32.0
LINC02029,lncRNA,0.5,0.5,1.0,1.5,4.0,3.5
LINC02030,lncRNA,1.0,1.0,0.0,1.0,2.0,3.0
LINC02031,lncRNA,3.0,11.0,0.0,4.0,2.0,0.0
LINC02032,lncRNA,1.0,8.0,0.0,2.0,5.0,11.0
LINC02033,lncRNA,0.0,0.0,0.0,2.0,4.0,2.0
LINC02034,lncRNA,0.0,0.0,1.0,0.0,2.0,0.0
LINC02035,lncRNA,5.0,3.0,0.0,2.0,5.0,3.0
LINC02036,lncRNA,6.0,1.0,2.0,13.0,16.0,19.0
LINC02037,lncRNA,3.0,1.0,1.0,5.0,1.0,2.0
LINC02038,lncRNA,1.0,2.0,5.0,3.0,6.0,13.0
LINC02039,lncRNA,0.0,0.0,0.0,0.0,0.0,1.0
LINC02040,lncRNA,0.0,0.0,0.0,1.0,0.0,2.0
LINC02042,lncRNA,1.0,1.0,0.0,0.0,1.0,1.0
LINC02043,lncRNA,0.0,0.0,1.0,1.0,2.0,2.0
LINC02044,lncRNA,0.0,1.0,0.0,1.0,0.0,6.0
LINC02045,lncRNA,0.5,0.0,0.0,1.0,2.0,0.0
LINC02046,lncRNA,0.5,0.0,0.0,1.0,6.0,2.0
LINC02047,lncRNA,0.0,0.0,0.0,0.0,2.0,1.0
LINC02048,lncRNA,1.0,4.0,5.0,2.0,8.0,10.0
LINC02050,lncRNA,1.0,0.0,0.0,1.0,5.0,0.0
LINC02051,lncRNA,0.0,0.5,0.0,0.0,0.0,1.0
LINC02052,lncRNA,1.0,2.5,0.0,1.0,4.0,6.0
LINC02053,lncRNA,2.0,6.0,2.0,3.0,15.0,7.0
LINC02054,lncRNA,1.0,1.0,2.0,12.0,4.0,9.0
LINC02055,lncRNA,92.0,15.0,18.0,16.0,168.0,44.0
LINC02056,lncRNA,0.0,1.0,0.0,0.0,1.0,0.0
LINC02057,lncRNA,0.0,0.0,0.0,0.0,2.0,0.0
LINC02058,lncRNA,0.0,0.0,2.0,0.0,2.0,1.0
LINC02059,lncRNA,0.0,0.0,1.0,0.0,2.0,2.0
LINC02060,lncRNA,0.0,0.0,0.0,0.0,0.5,2.0
LINC02061,lncRNA,0.0,0.0,0.0,0.0,0.0,2.0
LINC02062,lncRNA,0.0,0.0,0.0,0.0,6.0,2.0
LINC02063,lncRNA,1.0,0.0,1.0,0.0,11.0,5.0
LINC02064,lncRNA,2.0,0.0,1.0,1.0,7.0,7.0
LINC02065,lncRNA,0.0,0.0,0.0,2.0,2.0,2.0
LINC02066,lncRNA,0.0,2.0,0.0,1.0,2.0,1.0
LINC02067,lncRNA,2.0,2.0,1.33,1.0,5.0,6.83
LINC02068,lncRNA,2.0,2.0,0.0,0.0,2.0,7.0
LINC02069,lncRNA,1.0,7.0,3.0,2.0,5.0,6.0
LINC02070,lncRNA,0.0,0.0,0.0,0.0,2.0,3.0
LINC02071,lncRNA,0.0,2.5,1.0,0.0,4.0,1.5
LINC02073,lncRNA,2.0,3.0,1.0,10.0,14.0,27.0
LINC02074,lncRNA,0.0,0.0,2.0,1.0,5.0,4.0
LINC02075,lncRNA,2.0,0.0,0.0,2.0,2.0,6.0
LINC02076,lncRNA,0.0,7.0,2.0,1.0,23.0,30.0
LINC02078,lncRNA,5.0,3.0,1.0,2.0,7.0,7.0
LINC02079,lncRNA,0.0,0.0,2.0,0.0,0.0,0.0
LINC02080,lncRNA,0.0,0.0,0.0,3.0,4.0,4.0
LINC02082,lncRNA,0.0,2.0,3.0,0.0,2.0,1.0
LINC02084,lncRNA,1.0,1.0,1.0,2.0,10.0,7.0
LINC02085,lncRNA,1.0,0.0,0.0,0.5,0.0,2.0
LINC02086,lncRNA,1.5,2.0,2.0,4.0,5.0,8.0
LINC02087,lncRNA,1.0,0.0,0.0,5.0,1.0,2.0
LINC02088,lncRNA,0.0,0.0,1.0,0.5,2.5,1.0
LINC02089,lncRNA,0.0,0.0,1.0,0.0,1.0,0.0
LINC02091,lncRNA,0.0,0.0,1.0,0.0,6.0,1.0
LINC02092,lncRNA,4.0,3.0,0.0,5.0,11.0,5.0
LINC02093,lncRNA,1.0,0.0,2.0,0.0,17.0,13.0
LINC02096,lncRNA,0.0,4.0,3.5,2.0,23.5,11.5
LINC02097,lncRNA,0.0,2.5,2.0,0.0,3.5,5.0
LINC02098,lncRNA,1.0,0.0,0.0,0.0,2.0,5.0
LINC02099,lncRNA,0.0,1.0,0.0,2.0,13.0,11.0
LINC02100,lncRNA,0.0,0.0,0.0,0.0,7.0,3.0
LINC02101,lncRNA,0.0,0.0,0.0,0.0,3.0,7.0
LINC02102,lncRNA,0.0,2.0,0.0,1.0,3.0,3.0
LINC02103,lncRNA,0.0,0.0,0.0,0.0,1.0,2.0
LINC02104,lncRNA,0.0,1.0,0.0,0.0,0.0,0.0
LINC02105,lncRNA,0.0,0.0,0.0,0.0,1.0,0.0
LINC02106,lncRNA,0.0,0.0,0.0,0.0,3.0,4.0
LINC02108,lncRNA,0.0,0.0,0.0,0.0,0.0,2.0
LINC02109,lncRNA,4.0,5.0,3.0,4.0,9.0,4.0
LINC02111,lncRNA,7.0,2.0,5.0,1.0,2.0,8.0
LINC02112,lncRNA,0.0,0.0,0.0,3.0,3.0,1.0
LINC02113,lncRNA,1.0,0.0,0.0,0.0,0.0,0.0
LINC02114,lncRNA,0.0,0.0,1.0,0.0,0.0,0.0
LINC02115,lncRNA,0.0,0.0,0.0,0.0,1.0,1.0
LINC02116,lncRNA,1.0,4.0,1.0,3.0,22.0,30.0
LINC02117,lncRNA,0.0,2.0,1.0,4.0,0.0,1.0
LINC02118,lncRNA,1.0,0.0,1.0,2.0,0.0,2.0
LINC02119,lncRNA,0.0,3.0,0.0,0.0,6.0,2.0
LINC02120,lncRNA,0.0,1.0,0.0,0.0,2.0,1.0
LINC02121,lncRNA,0.0,0.0,0.0,0.5,0.0,0.0
LINC02122,lncRNA,0.0,0.0,0.0,0.0,2.0,1.0
LINC02123,lncRNA,1.0,0.0,0.0,5.0,23.0,14.0
LINC02124,lncRNA,0.0,0.0,0.0,0.0,2.0,2.0
LINC02125,lncRNA,0.0,0.0,4.0,0.0,4.0,2.0
LINC02126,lncRNA,0.0,0.0,0.0,0.0,3.0,0.0
LINC02127,lncRNA,0.0,0.0,0.0,0.0,2.0,2.0
LINC02128,lncRNA,4.0,1.0,2.0,4.0,16.0,17.0
LINC02130,lncRNA,1.0,2.0,1.0,0.0,14.0,3.0
LINC02131,lncRNA,0.0,0.0,0.0,1.0,0.0,4.0
LINC02132,lncRNA,0.0,0.0,0.0,0.5,1.0,0.5
LINC02133,lncRNA,4.0,1.0,1.0,1.0,3.0,1.0
LINC02134,lncRNA,10.0,5.0,0.0,1.0,2.0,3.0
LINC02135,lncRNA,1.0,8.0,8.0,7.0,20.0,30.0
LINC02136,lncRNA,2.0,1.0,1.0,0.0,3.0,7.0
LINC02137,lncRNA,0.0,0.0,1.0,3.0,1.0,1.0
LINC02138,lncRNA,1.0,1.0,1.0,0.0,6.0,10.0
LINC02139,lncRNA,0.0,2.0,0.0,2.0,1.0,2.0
LINC02140,lncRNA,0.0,0.5,4.0,2.5,3.5,4.5
LINC02141,lncRNA,1.0,4.0,5.0,4.0,6.0,2.0
LINC02142,lncRNA,0.0,1.0,0.0,0.0,0.0,4.0
LINC02143,lncRNA,0.0,1.0,0.0,3.0,17.0,13.0
LINC02145,lncRNA,0.0,1.0,1.0,3.0,3.0,2.0
LINC02146,lncRNA,1.0,0.5,0.0,0.0,1.0,2.0
LINC02147,lncRNA,0.0,1.0,0.0,0.0,6.0,6.0
LINC02149,lncRNA,1.0,0.0,1.0,0.0,1.0,1.0
LINC02150,lncRNA,6.0,1.0,0.0,0.0,7.0,8.0
LINC02151,lncRNA,2.0,5.0,1.0,2.0,2.0,3.0
LINC02152,lncRNA,1.0,1.0,0.0,0.0,2.0,2.0
LINC02153,lncRNA,0.0,1.0,1.0,0.0,4.0,6.5
LINC02154,lncRNA,0.0,0.0,0.0,1.0,3.0,3.0
LINC02155,lncRNA,0.0,0.0,0.0,1.0,1.0,1.0
LINC02156,lncRNA,5.0,1.0,0.0,2.0,5.0,7.0
LINC02157,lncRNA,0.0,0.0,0.0,0.0,0.0,2.0
LINC02158,lncRNA,1.0,0.5,2.0,1.0,10.5,5.0
LINC02159,lncRNA,1.0,1.0,0.0,0.0,2.0,5.0
LINC02160,lncRNA,1.0,9.0,0.0,0.0,16.0,12.0
LINC02161,lncRNA,0.0,0.0,0.0,1.0,0.0,0.0
LINC02162,lncRNA,0.0,0.0,0.0,0.0,0.0,1.0
LINC02163,lncRNA,0.0,0.0,0.0,0.0,1.0,2.0
LINC02164,lncRNA,0.0,0.0,0.0,0.0,1.0,0.0
LINC02165,lncRNA,1.0,0.0,2.0,1.0,1.0,1.0
LINC02166,lncRNA,0.0,0.0,1.0,1.0,1.0,1.0
LINC02167,lncRNA,0.0,0.5,1.0,0.0,10.5,3.5
LINC02168,lncRNA,0.0,0.0,0.0,0.0,2.0,1.0
LINC02169,lncRNA,0.0,1.0,0.0,0.0,1.0,1.0
LINC02171,lncRNA,0.0,0.0,3.0,0.0,6.0,2.0
LINC02172,lncRNA,0.0,0.0,0.0,0.0,0.0,3.0
LINC02174,lncRNA,3.0,0.0,0.0,0.0,5.0,1.0
LINC02175,lncRNA,4.0,5.0,5.0,8.0,11.0,10.0
LINC02176,lncRNA,0.0,0.0,2.0,0.0,4.0,5.0
LINC02177,lncRNA,0.0,2.0,0.0,3.0,7.0,7.0
LINC02178,lncRNA,0.0,0.0,0.0,0.0,0.0,1.0
LINC02179,lncRNA,1.0,3.0,1.0,1.0,12.0,10.0
LINC02180,lncRNA,1.0,2.0,1.0,0.0,3.0,7.0
LINC02181,lncRNA,3.0,3.0,6.0,10.0,15.0,8.0
LINC02182,lncRNA,0.0,1.5,1.0,2.0,8.5,4.0
LINC02183,lncRNA,0.0,4.0,0.0,2.0,2.0,2.0
LINC02184,lncRNA,0.0,0.0,0.0,1.0,2.0,1.0
LINC02185,lncRNA,2.0,2.0,1.0,1.0,8.0,6.0
LINC02186,lncRNA,0.0,1.0,0.0,1.0,1.0,2.0
LINC02188,lncRNA,16.0,10.0,19.0,17.0,67.0,54.0
LINC02189,lncRNA,1.0,2.0,0.0,0.0,2.0,0.0
LINC02190,lncRNA,0.0,0.0,0.0,2.0,2.0,1.0
LINC02191,lncRNA,0.0,0.0,0.0,0.0,1.0,3.0
LINC02192,lncRNA,0.0,0.0,1.0,2.0,0.0,1.0
LINC02193,lncRNA,1.0,1.0,1.0,0.0,2.0,5.0
LINC02194,lncRNA,3.0,2.0,0.0,1.0,12.0,11.0
LINC02196,lncRNA,0.0,0.0,0.0,1.0,8.0,2.0
LINC02197,lncRNA,2.0,2.0,0.0,0.0,6.0,13.0
LINC02198,lncRNA,1.0,0.0,1.0,0.0,2.0,0.0
LINC02199,lncRNA,2.0,5.0,2.0,15.0,22.0,25.0
LINC02200,lncRNA,5.0,9.0,2.0,4.0,20.0,22.0
LINC02201,lncRNA,0.0,1.0,0.0,1.0,6.0,5.0
LINC02202,lncRNA,0.0,2.0,0.0,0.0,4.0,5.0
LINC02204,lncRNA,0.0,0.0,1.0,2.0,10.0,8.0
LINC02205,lncRNA,0.0,0.0,0.0,0.0,0.0,1.0
LINC02206,lncRNA,0.0,0.0,0.0,0.0,1.0,0.0
LINC02207,lncRNA,1.5,3.5,3.0,0.5,7.5,8.0
LINC02208,lncRNA,3.0,2.0,1.0,4.0,4.0,9.0
LINC02209,lncRNA,0.0,1.0,0.0,0.0,3.0,4.0
LINC02211,lncRNA,2.0,1.0,1.0,1.5,6.5,5.5
LINC02212,lncRNA,2.0,0.0,3.0,3.0,15.0,14.0
LINC02213,lncRNA,0.0,0.0,0.0,2.0,1.0,1.0
LINC02214,lncRNA,0.0,0.0,0.0,0.0,0.0,3.0
LINC02216,lncRNA,0.0,1.0,0.0,0.5,5.5,2.5
LINC02217,lncRNA,2.0,1.0,2.0,0.0,18.0,12.0
LINC02219,lncRNA,0.0,1.0,0.0,0.0,1.0,1.0
LINC02220,lncRNA,0.0,0.0,0.0,0.0,0.0,1.0
LINC02221,lncRNA,0.0,0.0,0.0,1.0,1.0,0.0
LINC02222,lncRNA,0.0,0.0,0.0,0.0,7.0,1.0
LINC02223,lncRNA,3.0,2.0,1.0,6.0,11.0,10.0
LINC02224,lncRNA,0.0,6.0,2.0,1.0,0.0,3.0
LINC02225,lncRNA,0.0,0.0,0.0,0.0,4.0,0.0
LINC02226,lncRNA,1.0,0.0,0.0,0.0,3.0,3.0
LINC02227,lncRNA,11.0,23.0,24.0,19.0,228.0,202.0
LINC02228,lncRNA,0.5,1.0,2.0,1.0,4.5,6.5
LINC02230,lncRNA,0.0,0.0,0.0,0.0,2.0,0.0
LINC02231,lncRNA,0.0,0.0,0.0,0.0,0.0,1.0
LINC02232,lncRNA,0.0,4.0,1.0,2.0,8.0,5.0
LINC02233,lncRNA,0.0,0.0,1.0,0.0,2.0,0.0
LINC02234,lncRNA,0.0,0.0,0.0,1.0,3.0,5.0
LINC02235,lncRNA,0.0,0.5,2.0,4.0,5.5,1.0
LINC02236,lncRNA,1.0,1.0,0.0,3.0,12.0,6.0
LINC02237,lncRNA,0.0,2.0,0.0,1.0,1.5,3.0
LINC02238,lncRNA,0.0,0.0,2.0,0.0,2.0,0.0
LINC02239,lncRNA,0.0,0.0,1.0,1.0,2.0,1.0
LINC02240,lncRNA,4.5,2.5,1.0,2.0,10.0,11.5
LINC02241,lncRNA,1.0,1.5,4.0,4.0,17.0,11.0
LINC02243,lncRNA,0.0,0.0,0.0,0.0,2.0,7.0
LINC02245,lncRNA,5.0,8.0,5.0,4.0,19.0,20.0
LINC02246,lncRNA,0.0,0.0,0.5,0.5,3.0,3.5
LINC02247,lncRNA,2.0,0.0,3.0,0.0,3.0,2.0
LINC02248,lncRNA,1.0,0.0,1.0,1.0,5.0,4.0
LINC02249,lncRNA,3.0,8.0,4.0,5.0,8.0,4.0
LINC02250,lncRNA,4.0,2.0,3.0,0.0,9.0,13.0
LINC02251,lncRNA,0.0,0.0,0.0,0.0,6.0,3.0
LINC02252,lncRNA,0.0,2.0,1.0,1.0,1.0,0.5
LINC02253,lncRNA,2.0,0.0,2.0,0.0,11.0,6.0
LINC02254,lncRNA,19.0,13.0,4.0,3.0,19.0,16.0
LINC02255,lncRNA,0.0,0.0,1.0,0.0,0.0,1.0
LINC02256,lncRNA,1.5,9.5,2.0,2.5,0.0,2.5
LINC02257,lncRNA,1.0,1.0,0.0,0.0,3.0,0.0
LINC02258,lncRNA,0.0,0.0,0.0,0.0,1.0,0.0
LINC02259,lncRNA,1.0,0.0,0.0,0.0,2.0,0.0
LINC02260,lncRNA,1.0,0.0,2.0,1.0,7.0,5.0
LINC02261,lncRNA,0.0,0.0,1.0,0.0,2.0,1.0
LINC02262,lncRNA,0.0,0.0,0.0,2.0,0.0,5.0
LINC02263,lncRNA,3.0,6.0,1.0,10.0,8.0,11.0
LINC02264,lncRNA,1.0,0.0,0.0,0.0,0.0,0.0
LINC02265,lncRNA,0.0,2.0,0.0,2.0,4.0,3.0
LINC02266,lncRNA,0.0,1.0,0.0,1.0,10.0,34.0
LINC02267,lncRNA,1.0,0.0,3.0,0.0,0.0,0.0
LINC02268,lncRNA,0.0,2.0,0.0,1.0,2.0,2.0
LINC02269,lncRNA,2.0,1.0,1.0,2.0,11.0,8.0
LINC02270,lncRNA,0.0,4.0,0.0,0.0,1.0,1.0
LINC02271,lncRNA,0.0,0.0,2.0,1.0,0.0,1.0
LINC02273,lncRNA,3.0,2.0,0.0,4.0,13.0,2.0
LINC02274,lncRNA,1.0,1.0,0.0,3.0,2.0,0.0
LINC02275,lncRNA,0.5,2.0,1.0,1.0,7.0,5.0
LINC02277,lncRNA,3.0,1.0,1.0,1.0,1.0,0.0
LINC02278,lncRNA,0.0,1.0,0.0,0.0,3.0,1.0
LINC02279,lncRNA,0.0,0.0,0.0,0.0,1.0,5.0
LINC02280,lncRNA,1.0,5.0,1.0,7.0,17.0,14.0
LINC02281,lncRNA,0.0,1.0,0.5,1.0,1.5,0.0
LINC02282,lncRNA,0.5,1.0,0.5,1.5,47.0,34.0
LINC02283,lncRNA,0.0,1.0,0.0,0.0,1.0,0.0
LINC02284,lncRNA,0.0,5.0,10.0,3.0,2.0,9.0
LINC02285,lncRNA,0.0,2.0,0.0,0.0,3.5,1.0
LINC02286,lncRNA,0.0,0.0,0.0,2.0,1.0,3.0
LINC02287,lncRNA,0.0,1.0,0.0,1.0,1.0,1.0
LINC02288,lncRNA,2.0,11.0,9.0,3.0,57.5,40.5
LINC02289,lncRNA,2.0,1.0,8.0,5.0,53.5,45.5
LINC02290,lncRNA,0.0,0.0,2.0,3.0,2.0,2.0
LINC02291,lncRNA,1.0,0.0,0.0,2.5,8.0,2.0
LINC02292,lncRNA,1.0,3.0,3.0,8.0,32.0,21.0
LINC02293,lncRNA,0.0,1.0,2.0,0.0,4.0,0.0
LINC02294,lncRNA,0.0,0.0,0.0,0.0,2.0,1.0
LINC02295,lncRNA,0.0,0.0,2.0,0.0,16.0,20.0
LINC02297,lncRNA,0.0,0.0,0.0,2.0,1.0,2.0
LINC02298,lncRNA,6.0,0.0,3.5,2.5,13.0,11.0
LINC02299,lncRNA,2.0,0.0,0.0,0.0,1.0,4.0
LINC02300,lncRNA,0.0,0.0,0.0,1.0,0.0,0.0
LINC02301,lncRNA,1.0,0.0,1.0,1.0,10.0,4.0
LINC02302,lncRNA,0.0,1.0,0.0,0.0,3.0,2.0
LINC02304,lncRNA,1.0,0.0,0.0,1.0,9.0,8.0
LINC02305,lncRNA,0.0,0.0,0.0,0.0,0.0,2.0
LINC02306,lncRNA,0.0,0.0,1.0,0.0,3.0,1.0
LINC02307,lncRNA,0.0,1.0,0.0,0.0,1.0,0.0
LINC02308,lncRNA,0.0,0.0,0.0,0.0,3.0,0.0
LINC02309,lncRNA,0.0,0.0,0.0,0.0,1.0,0.0
LINC02310,lncRNA,0.0,1.0,0.0,1.0,3.0,1.0
LINC02311,lncRNA,0.0,1.0,0.0,2.0,1.0,2.0
LINC02312,lncRNA,3.0,0.0,0.0,1.0,2.0,4.0
LINC02313,lncRNA,0.0,0.0,0.0,0.0,1.0,0.0
LINC02314,lncRNA,1.0,1.0,0.0,1.0,3.0,2.0
LINC02315,lncRNA,0.0,0.0,0.0,0.0,3.0,1.0
LINC02316,lncRNA,2.0,4.0,2.0,3.0,7.0,10.0
LINC02317,lncRNA,0.0,1.0,1.0,0.0,12.0,9.5
LINC02318,lncRNA,0.0,1.0,1.0,5.0,2.0,0.0
LINC02319,lncRNA,0.0,0.0,4.0,0.0,0.0,0.0
LINC02320,lncRNA,1.0,0.0,0.0,1.0,0.0,3.0
LINC02321,lncRNA,0.0,0.0,0.0,5.0,0.0,0.0
LINC02322,lncRNA,0.0,0.0,1.0,0.0,0.0,0.0
LINC02323,lncRNA,6.0,2.0,4.0,4.0,45.0,31.0
LINC02324,lncRNA,3.0,3.0,6.0,7.0,26.0,27.0
LINC02325,lncRNA,2.0,1.0,0.0,0.0,6.0,9.0
LINC02326,lncRNA,0.0,0.0,0.0,1.0,2.0,4.0
LINC02327,lncRNA,2.0,3.0,2.5,8.0,29.0,26.0
LINC02328,lncRNA,1.0,0.0,2.0,0.0,2.0,6.0
LINC02329,lncRNA,0.0,0.0,0.0,0.0,3.0,0.0
LINC02330,lncRNA,0.0,0.0,0.0,0.0,0.0,1.0
LINC02331,lncRNA,0.0,0.0,0.0,0.0,2.0,0.0
LINC02332,lncRNA,4.0,9.5,7.0,5.0,13.0,12.5
LINC02334,lncRNA,4.0,6.0,9.0,6.0,58.0,44.0
LINC02335,lncRNA,0.0,0.0,1.0,0.0,2.0,0.0
LINC02336,lncRNA,0.0,0.0,1.0,0.0,1.5,3.0
LINC02337,lncRNA,1.0,0.0,0.0,0.0,0.0,1.0
LINC02338,lncRNA,3.0,0.0,0.0,2.0,1.0,3.0
LINC02339,lncRNA,0.5,0.5,0.0,0.0,1.0,1.0
LINC02340,lncRNA,0.0,1.0,0.0,1.0,2.0,0.0
LINC02341,lncRNA,0.0,0.0,1.0,1.0,2.0,1.0
LINC02343,lncRNA,0.0,1.0,2.0,0.0,0.0,2.0
LINC02345,lncRNA,13.0,55.0,7.0,17.0,172.0,334.0
LINC02346,lncRNA,13.5,37.0,4.0,12.0,57.5,54.5
LINC02347,lncRNA,1.0,0.0,2.0,1.0,4.5,9.0
LINC02348,lncRNA,4.0,2.0,4.0,1.0,6.0,16.0
LINC02349,lncRNA,0.0,0.0,0.0,0.0,1.0,1.0
LINC02351,lncRNA,2.0,3.0,0.0,0.0,7.0,5.0
LINC02352,lncRNA,3.0,1.0,1.0,1.0,3.0,10.0
LINC02353,lncRNA,0.0,0.0,0.0,0.0,1.0,5.0
LINC02354,lncRNA,1.0,1.0,3.0,2.0,3.0,1.0
LINC02355,lncRNA,0.0,1.0,1.0,0.0,4.0,0.0
LINC02356,lncRNA,0.0,0.0,0.0,3.0,0.0,1.0
LINC02357,lncRNA,0.0,0.0,0.0,0.0,1.0,1.0
LINC02358,lncRNA,0.0,0.0,0.0,0.0,1.0,0.0
LINC02359,lncRNA,0.0,4.5,4.5,1.0,13.0,2.0
LINC02361,lncRNA,2.0,0.0,3.0,2.0,16.0,8.0
LINC02362,lncRNA,5.0,8.0,5.0,6.0,21.0,21.0
LINC02363,lncRNA,4.0,1.0,1.0,1.0,5.0,7.0
LINC02364,lncRNA,3.0,10.0,2.0,1.0,0.0,2.0
LINC02365,lncRNA,1.0,2.0,0.0,0.0,2.0,2.0
LINC02366,lncRNA,0.0,0.0,1.0,2.0,3.0,10.0
LINC02367,lncRNA,5.0,0.0,2.0,2.0,6.0,10.5
LINC02368,lncRNA,1.0,0.0,1.0,1.0,10.0,12.5
LINC02369,lncRNA,0.0,0.0,3.0,0.0,12.0,7.5
LINC02370,lncRNA,0.0,3.0,1.0,0.5,4.0,4.0
LINC02371,lncRNA,4.0,8.0,3.0,5.0,8.5,8.0
LINC02372,lncRNA,0.0,2.0,0.0,0.0,4.0,4.0
LINC02373,lncRNA,0.0,0.0,0.0,0.0,1.0,0.0
LINC02374,lncRNA,0.0,0.0,3.0,1.0,3.0,2.0
LINC02375,lncRNA,1.0,0.0,0.0,0.0,2.0,1.0
LINC02376,lncRNA,0.0,6.0,3.0,0.0,4.0,6.0
LINC02377,lncRNA,0.0,4.0,1.0,3.0,2.0,3.0
LINC02378,lncRNA,0.0,0.0,0.0,1.0,4.0,6.0
LINC02379,lncRNA,0.0,0.0,2.0,0.0,1.0,5.0
LINC02380,lncRNA,1.0,0.0,2.0,1.0,4.0,1.0
LINC02381,lncRNA,1.5,4.0,3.0,0.0,14.5,8.0
LINC02382,lncRNA,1.0,1.0,14.0,5.0,1.0,2.0
LINC02383,lncRNA,1.0,0.0,0.0,0.0,0.0,1.0
LINC02384,lncRNA,5.0,1.0,1.0,1.0,7.0,5.0
LINC02385,lncRNA,0.0,0.5,0.0,0.0,0.0,0.0
LINC02386,lncRNA,0.0,4.0,1.0,1.0,0.0,1.0
LINC02387,lncRNA,1.0,0.0,0.0,0.0,1.0,2.0
LINC02388,lncRNA,1.0,3.0,1.0,1.0,1.0,6.0
LINC02389,lncRNA,0.0,1.0,1.0,1.0,27.5,31.0
LINC02390,lncRNA,0.0,0.0,0.0,0.0,3.0,1.0
LINC02391,lncRNA,0.0,0.0,1.0,2.0,0.0,1.0
LINC02392,lncRNA,0.0,1.0,1.0,1.0,5.0,2.0
LINC02393,lncRNA,1.0,1.0,1.0,0.0,7.0,6.0
LINC02394,lncRNA,0.0,0.0,0.0,0.0,3.0,1.0
LINC02395,lncRNA,2.0,1.0,5.0,8.0,16.0,13.0
LINC02396,lncRNA,1.0,4.0,1.0,2.0,5.0,5.0
LINC02397,lncRNA,3.0,4.0,4.5,2.5,11.0,5.0
LINC02398,lncRNA,2.0,0.0,0.0,14.0,0.0,3.0
LINC02399,lncRNA,0.0,0.0,0.0,0.0,0.0,1.0
LINC02400,lncRNA,0.0,0.0,0.0,0.0,2.0,1.0
LINC02401,lncRNA,6.0,4.0,1.0,5.0,3.0,14.0
LINC02402,lncRNA,2.0,0.0,0.0,7.0,2.0,2.0
LINC02403,lncRNA,0.0,4.0,2.0,0.0,1.0,1.0
LINC02404,lncRNA,0.0,0.0,0.0,0.0,0.0,3.0
LINC02405,lncRNA,10.0,15.0,5.0,7.0,17.0,21.0
LINC02406,lncRNA,1.0,0.0,1.0,0.0,3.0,0.0
LINC02408,lncRNA,2.0,0.0,1.0,1.0,1.0,3.0
LINC02409,lncRNA,0.0,0.0,1.0,0.0,2.0,1.0
LINC02410,lncRNA,0.0,1.0,0.0,1.0,0.0,0.0
LINC02411,lncRNA,0.0,3.0,0.0,3.0,4.0,6.0
LINC02412,lncRNA,0.0,0.0,1.5,4.0,2.0,8.0
LINC02413,lncRNA,0.0,0.0,0.5,0.0,0.0,1.0
LINC02414,lncRNA,0.0,0.0,0.0,3.0,3.0,5.0
LINC02415,lncRNA,0.0,0.5,0.0,2.0,0.5,1.0
LINC02416,lncRNA,0.0,1.0,0.0,1.0,0.0,0.0
LINC02417,lncRNA,11.0,6.0,3.0,20.0,3.0,2.0
LINC02418,lncRNA,0.0,3.0,3.5,4.0,19.0,7.0
LINC02419,lncRNA,0.0,1.0,2.0,2.0,2.0,2.0
LINC02420,lncRNA,0.0,0.0,1.0,0.0,1.0,0.0
LINC02421,lncRNA,3.0,3.0,0.0,0.0,6.0,6.0
LINC02422,lncRNA,0.0,0.0,0.0,0.0,1.0,3.0
LINC02423,lncRNA,0.0,0.0,0.0,0.0,0.0,1.0
LINC02425,lncRNA,0.0,0.0,0.0,0.0,1.0,1.0
LINC02426,lncRNA,0.0,0.0,0.0,0.0,3.0,1.0
LINC02427,lncRNA,0.0,2.0,2.0,7.0,7.0,4.0
LINC02428,lncRNA,0.0,0.0,1.0,1.0,1.0,3.0
LINC02429,lncRNA,0.0,1.0,0.0,0.0,0.0,1.0
LINC02430,lncRNA,0.0,0.0,1.0,1.0,5.0,4.0
LINC02431,lncRNA,1.0,1.0,1.0,0.0,2.0,1.0
LINC02432,lncRNA,2.0,2.0,3.0,4.0,5.0,4.0
LINC02433,lncRNA,0.0,0.0,0.0,0.0,8.0,0.0
LINC02434,lncRNA,1.0,0.0,1.0,1.0,6.0,7.0
LINC02435,lncRNA,0.0,0.0,0.0,0.0,0.0,1.0
LINC02436,lncRNA,3.0,1.0,7.0,2.0,18.0,16.0
LINC02437,lncRNA,0.0,3.0,0.0,1.0,3.0,3.0
LINC02438,lncRNA,3.0,7.0,0.0,26.0,3.0,6.0
LINC02440,lncRNA,0.0,1.0,1.0,1.0,2.0,3.0
LINC02441,lncRNA,0.0,0.0,0.0,0.0,3.0,3.0
LINC02442,lncRNA,0.0,0.0,0.0,0.0,0.0,1.0
LINC02443,lncRNA,4.0,3.0,3.0,8.0,11.0,3.0
LINC02444,lncRNA,11.0,15.0,1.0,2.0,8.0,16.0
LINC02445,lncRNA,0.0,0.0,0.0,0.0,1.0,1.0
LINC02446,lncRNA,0.0,0.0,0.0,1.0,2.0,15.0
LINC02447,lncRNA,3.0,4.0,4.0,8.0,3.0,10.0
LINC02448,lncRNA,0.0,0.0,0.0,2.0,0.0,1.0
LINC02449,lncRNA,0.5,2.0,2.0,1.0,3.5,5.5
LINC02450,lncRNA,0.0,0.0,0.0,0.0,0.0,1.0
LINC02451,lncRNA,0.0,1.0,0.0,0.0,1.0,1.0
LINC02452,lncRNA,1.0,2.0,1.0,2.0,3.0,5.0
LINC02453,lncRNA,1.0,3.0,1.0,4.0,5.0,1.0
LINC02454,lncRNA,0.0,2.0,0.0,0.0,1.0,0.0
LINC02455,lncRNA,0.0,1.0,1.0,0.0,1.0,1.0
LINC02456,lncRNA,1.5,0.5,0.5,1.0,1.0,5.5
LINC02457,lncRNA,4.0,5.0,3.0,7.0,6.0,12.0
LINC02458,lncRNA,0.0,0.0,0.0,2.0,6.0,2.0
LINC02459,lncRNA,0.0,0.0,0.0,0.0,0.0,1.0
LINC02460,lncRNA,0.0,0.0,0.0,0.0,1.0,0.0
LINC02461,lncRNA,1.0,0.0,0.0,0.0,0.0,2.0
LINC02462,lncRNA,0.0,0.0,0.0,3.0,1.0,1.0
LINC02463,lncRNA,1.0,0.0,0.0,0.0,0.0,0.0
LINC02464,lncRNA,0.0,0.0,0.0,1.0,0.0,0.0
LINC02465,lncRNA,0.0,1.0,4.0,2.0,12.0,16.0
LINC02466,lncRNA,1.0,1.0,0.0,2.0,4.0,3.0
LINC02468,lncRNA,0.0,0.0,0.0,0.0,2.0,1.0
LINC02469,lncRNA,0.0,0.0,0.0,0.0,1.0,1.0
LINC02470,lncRNA,1.0,0.0,1.0,3.0,8.0,6.0
LINC02471,lncRNA,2.0,2.0,0.0,1.0,9.0,2.0
LINC02472,lncRNA,1.0,0.0,0.0,0.0,5.0,7.0
LINC02473,lncRNA,0.0,2.0,1.0,0.0,6.0,23.0
LINC02474,lncRNA,0.0,0.0,0.0,0.0,1.0,3.0
LINC02475,lncRNA,1.0,4.0,0.0,0.0,2.0,1.0
LINC02476,lncRNA,0.0,2.0,0.0,0.0,0.0,2.0
LINC02477,lncRNA,1.0,0.0,0.0,0.0,0.0,0.0
LINC02479,lncRNA,0.0,0.0,1.0,0.0,0.0,0.0
LINC02481,lncRNA,0.0,0.0,2.0,2.0,3.0,1.0
LINC02482,lncRNA,3.5,3.0,6.5,1.5,22.5,16.0
LINC02483,lncRNA,1.0,0.0,0.0,0.0,3.0,3.0
LINC02484,lncRNA,1.0,2.0,0.0,0.0,6.0,5.0
LINC02485,lncRNA,0.0,1.0,0.0,3.0,1.0,0.0
LINC02487,lncRNA,1.0,1.0,3.0,3.0,9.0,5.0
LINC02488,lncRNA,0.0,0.0,0.0,2.0,1.0,3.0
LINC02489,lncRNA,0.0,1.0,0.0,0.0,0.0,3.0
LINC02490,lncRNA,0.0,0.0,0.0,0.0,2.0,0.0
LINC02492,lncRNA,0.0,0.0,0.0,1.0,9.0,8.0
LINC02493,lncRNA,1.0,3.0,0.0,0.0,1.0,4.0
LINC02496,lncRNA,0.0,1.0,0.0,0.0,6.0,0.0
LINC02497,lncRNA,0.0,0.0,0.0,0.0,1.0,2.0
LINC02498,lncRNA,0.0,1.0,1.0,0.0,2.0,0.0
LINC02499,lncRNA,0.0,1.0,1.0,1.0,1.0,0.0
LINC02500,lncRNA,0.0,0.0,0.0,0.0,2.0,2.0
LINC02501,lncRNA,0.0,2.0,1.0,0.0,0.0,1.0
LINC02503,lncRNA,0.0,0.0,0.0,0.0,3.0,1.0
LINC02504,lncRNA,1.0,1.0,1.0,13.0,4.0,1.0
LINC02505,lncRNA,0.0,0.0,1.0,1.0,7.0,10.0
LINC02506,lncRNA,0.0,0.0,1.0,0.0,1.0,2.0
LINC02507,lncRNA,1.0,3.0,7.0,2.0,2.0,2.0
LINC02508,lncRNA,0.0,0.0,0.0,0.0,1.0,3.0
LINC02509,lncRNA,0.0,0.0,0.0,1.0,3.0,1.0
LINC02510,lncRNA,0.0,1.0,0.0,0.0,0.0,3.0
LINC02511,lncRNA,1.0,0.0,0.0,1.0,8.0,13.0
LINC02512,lncRNA,0.0,1.0,0.0,0.0,0.0,0.0
LINC02513,lncRNA,6.0,0.0,0.0,0.0,2.0,1.0
LINC02514,lncRNA,0.0,0.0,0.0,0.0,2.0,0.0
LINC02515,lncRNA,2.0,0.0,0.0,1.0,0.0,0.0
LINC02516,lncRNA,0.0,0.0,0.0,0.0,2.0,1.0
LINC02517,lncRNA,1.0,1.0,0.0,0.0,1.0,2.0
LINC02518,lncRNA,0.0,0.0,0.0,0.0,0.0,4.0
LINC02519,lncRNA,3.0,0.0,0.0,0.0,5.0,1.0
LINC02520,lncRNA,2.0,0.0,0.0,0.0,0.0,3.0
LINC02521,lncRNA,1.0,5.0,5.0,3.0,17.0,24.5
LINC02523,lncRNA,0.0,1.0,1.0,0.5,1.5,2.5
LINC02525,lncRNA,11.0,38.0,11.0,33.0,66.0,95.0
LINC02527,lncRNA,0.0,0.0,0.0,0.0,0.0,1.0
LINC02528,lncRNA,0.0,3.0,0.0,0.0,0.0,0.0
LINC02529,lncRNA,5.0,0.0,1.0,6.0,5.0,0.0
LINC02530,lncRNA,1.0,2.0,0.0,0.0,2.0,0.0
LINC02531,lncRNA,0.0,0.0,2.0,0.0,6.0,7.0
LINC02532,lncRNA,1.0,5.0,7.0,9.0,36.0,19.0
LINC02533,lncRNA,1.0,2.0,0.0,2.0,4.0,3.0
LINC02534,lncRNA,0.0,0.0,0.0,0.0,2.0,1.0
LINC02535,lncRNA,1.0,1.0,2.0,1.0,8.0,3.0
LINC02536,lncRNA,0.0,0.0,0.0,0.0,2.0,1.0
LINC02537,lncRNA,3.0,0.0,0.0,1.0,4.0,1.5
LINC02538,lncRNA,1.0,2.0,1.0,3.0,30.0,20.0
LINC02539,lncRNA,0.0,0.0,0.0,0.0,1.0,0.0
LINC02540,lncRNA,0.0,0.0,0.0,0.0,1.0,0.0
LINC02541,lncRNA,0.0,2.0,1.0,1.0,2.0,2.0
LINC02542,lncRNA,15.0,22.0,14.0,5.0,10.0,7.0
LINC02543,lncRNA,0.0,0.0,0.0,0.0,2.0,0.0
LINC02544,lncRNA,0.0,0.0,0.0,2.0,1.0,3.0
LINC02546,lncRNA,1.0,1.0,0.0,0.0,4.0,3.0
LINC02547,lncRNA,2.0,1.0,1.0,2.0,7.0,5.0
LINC02548,lncRNA,2.0,0.0,1.0,0.0,3.0,3.0
LINC02549,lncRNA,0.0,1.0,6.0,1.0,13.0,14.0
LINC02550,lncRNA,0.0,0.0,0.0,0.0,1.0,1.0
LINC02551,lncRNA,0.0,1.0,1.0,0.0,12.0,9.0
LINC02552,lncRNA,0.0,8.0,0.0,5.0,12.0,13.0
LINC02553,lncRNA,0.0,0.0,1.0,4.0,0.0,1.0
LINC02554,lncRNA,2.0,3.0,5.0,5.5,41.0,23.5
LINC02555,lncRNA,0.0,0.0,3.0,0.0,8.0,3.0
LINC02557,lncRNA,1.0,0.0,1.0,0.0,0.0,0.0
LINC02558,lncRNA,1.0,3.0,1.0,0.0,6.0,7.0
LINC02559,lncRNA,0.0,0.0,0.0,0.0,1.0,1.5
LINC02560,lncRNA,0.0,0.0,1.0,0.0,5.0,5.0
LINC02561,lncRNA,0.0,0.0,0.0,0.0,0.0,1.0
LINC02562,lncRNA,11.0,5.0,4.0,4.0,8.0,7.0
LINC02564,lncRNA,0.0,0.0,1.0,1.0,1.0,1.0
LINC02565,lncRNA,0.0,0.0,0.0,0.0,0.0,2.0
LINC02567,lncRNA,1.0,0.0,0.0,0.0,0.0,1.0
LINC02568,lncRNA,0.0,1.0,0.0,2.0,4.0,2.0
LINC02569,lncRNA,0.0,3.0,0.0,2.0,1.0,1.0
LINC02570,lncRNA,0.0,0.0,1.0,0.0,5.0,1.0
LINC02571,lncRNA,0.0,0.0,0.0,2.0,0.0,0.0
LINC02572,lncRNA,2.0,2.0,7.0,3.0,22.0,15.0
LINC02573,lncRNA,0.0,0.0,3.0,0.0,0.0,3.0
LINC02574,lncRNA,1.0,2.5,1.0,1.0,6.5,5.0
LINC02575,lncRNA,0.0,0.0,1.0,0.0,3.0,1.0
LINC02576,lncRNA,2.0,1.0,0.0,0.0,1.0,1.0
LINC02577,lncRNA,2.0,2.0,3.0,4.0,6.0,7.5
LINC02579,lncRNA,1.0,0.0,0.0,2.0,6.0,4.0
LINC02580,lncRNA,0.0,0.0,0.0,9.0,7.0,17.0
LINC02582,lncRNA,0.0,0.0,2.0,1.0,1.0,4.0
LINC02583,lncRNA,0.0,0.0,1.0,1.0,1.83,1.5
LINC02584,lncRNA,0.0,3.0,2.0,1.0,11.0,9.0
LINC02585,lncRNA,0.0,3.0,1.0,1.0,19.0,10.0
LINC02586,lncRNA,1.0,0.0,4.0,3.0,9.0,9.0
LINC02587,lncRNA,0.0,1.0,3.0,0.0,3.0,1.0
LINC02588,lncRNA,1.0,5.0,4.0,5.5,8.5,8.5
LINC02590,lncRNA,2.0,2.0,1.0,3.0,7.0,9.0
LINC02591,lncRNA,2.0,5.0,7.0,2.0,13.0,45.0
LINC02593,lncRNA,7.0,4.0,26.0,9.0,27.0,10.0
LINC02594,lncRNA,0.0,0.0,1.0,3.0,5.0,4.0
LINC02595,lncRNA,2.0,2.0,1.0,0.0,7.0,3.0
LINC02596,lncRNA,0.0,0.0,0.0,0.0,2.0,2.0
LINC02599,lncRNA,1.0,1.0,6.0,4.0,8.0,12.0
LINC02600,lncRNA,0.0,1.0,3.0,1.0,18.0,13.0
LINC02601,lncRNA,7.0,0.0,5.0,3.0,17.0,17.0
LINC02603,lncRNA,0.0,3.0,1.0,1.5,0.5,1.5
LINC02604,lncRNA,0.0,2.0,1.0,5.0,16.0,14.0
LINC02605,lncRNA,0.0,1.0,0.0,0.0,1.0,0.0
LINC02606,lncRNA,5.0,2.0,7.0,2.0,20.0,8.0
LINC02607,lncRNA,10.0,11.0,11.0,4.0,53.0,34.0
LINC02608,lncRNA,1.0,1.0,0.0,1.0,4.0,8.0
LINC02609,lncRNA,7.5,9.5,7.0,13.0,53.5,30.0
LINC02610,lncRNA,1.0,5.0,3.0,7.0,60.0,37.0
LINC02611,lncRNA,2.0,9.0,3.0,2.0,6.0,6.0
LINC02612,lncRNA,0.0,0.0,2.0,0.0,5.0,4.0
LINC02613,lncRNA,4.0,3.0,3.0,4.0,5.0,13.0
LINC02614,lncRNA,3.83,1.5,3.83,8.0,14.67,20.67
LINC02615,lncRNA,4.0,8.0,3.0,10.0,2.0,6.0
LINC02616,lncRNA,6.0,2.0,1.0,1.0,2.0,4.0
LINC02619,lncRNA,0.0,1.0,1.0,0.0,0.0,0.0
LINC02620,lncRNA,1.0,1.0,0.0,0.0,0.0,0.0
LINC02622,lncRNA,0.0,0.0,0.0,1.0,6.0,7.0
LINC02623,lncRNA,0.0,1.0,0.0,0.0,8.0,5.0
LINC02624,lncRNA,0.0,8.0,0.0,3.0,5.0,7.0
LINC02626,lncRNA,2.0,0.0,0.0,0.0,0.0,1.0
LINC02627,lncRNA,0.0,0.0,0.0,0.0,2.0,2.0
LINC02628,lncRNA,0.0,5.0,0.0,0.0,0.0,3.0
LINC02629,lncRNA,0.0,2.0,0.0,0.0,0.0,2.0
LINC02630,lncRNA,0.0,0.0,0.0,0.0,3.0,0.0
LINC02631,lncRNA,1.0,0.0,0.0,2.5,0.0,1.5
LINC02632,lncRNA,0.5,2.5,0.0,1.0,8.0,4.0
LINC02634,lncRNA,0.0,0.0,1.0,0.0,1.0,0.0
LINC02635,lncRNA,0.0,1.0,2.0,0.0,1.0,2.0
LINC02636,lncRNA,0.0,0.0,1.0,2.0,0.0,4.0
LINC02637,lncRNA,0.33,0.0,0.0,0.0,0.83,0.33
LINC02639,lncRNA,0.0,0.0,1.0,1.0,1.0,4.0
LINC02640,lncRNA,0.0,0.0,0.0,0.0,2.0,0.0
LINC02641,lncRNA,2.0,6.0,4.0,12.0,11.0,11.0
LINC02642,lncRNA,5.0,1.0,1.0,6.0,3.0,6.0
LINC02644,lncRNA,0.0,2.0,0.0,0.0,0.0,2.0
LINC02645,lncRNA,1.0,2.0,1.0,1.0,12.5,16.0
LINC02646,lncRNA,0.0,0.0,1.0,4.0,8.0,9.0
LINC02647,lncRNA,0.0,0.0,0.0,0.0,10.0,2.0
LINC02649,lncRNA,6.0,4.0,1.0,4.0,9.0,11.0
LINC02650,lncRNA,0.0,0.0,1.0,0.0,1.0,0.0
LINC02651,lncRNA,0.0,0.0,0.0,0.0,0.0,1.0
LINC02653,lncRNA,1.0,0.0,1.0,0.0,1.0,1.0
LINC02654,lncRNA,4.0,0.0,2.0,1.0,29.0,41.0
LINC02655,lncRNA,1.0,0.0,0.0,0.0,1.0,0.0
LINC02656,lncRNA,2.0,2.0,1.0,0.0,2.0,4.0
LINC02658,lncRNA,0.0,0.0,0.0,1.0,1.0,0.0
LINC02659,lncRNA,0.0,1.0,1.0,0.0,3.0,3.0
LINC02660,lncRNA,1.0,2.0,1.0,1.0,2.0,5.0
LINC02661,lncRNA,0.0,2.0,1.0,0.0,0.0,1.0
LINC02662,lncRNA,1.0,0.5,0.0,0.0,0.5,3.0
LINC02663,lncRNA,0.0,0.0,1.0,0.0,3.0,8.0
LINC02664,lncRNA,0.0,4.0,2.0,1.0,5.0,9.0
LINC02665,lncRNA,0.0,0.0,0.0,0.0,5.0,2.0
LINC02666,lncRNA,0.0,0.0,0.0,2.0,1.0,2.0
LINC02667,lncRNA,2.0,1.0,2.0,0.0,4.0,7.0
LINC02668,lncRNA,6.0,7.0,11.0,3.0,32.0,27.0
LINC02669,lncRNA,1.0,6.0,4.0,6.0,20.0,13.0
LINC02670,lncRNA,0.0,0.0,0.0,1.0,0.0,0.0
LINC02671,lncRNA,0.0,1.0,1.0,7.0,2.0,7.0
LINC02672,lncRNA,0.0,0.0,0.0,0.0,5.0,1.0
LINC02673,lncRNA,0.0,0.0,0.0,2.0,0.0,0.0
LINC02674,lncRNA,1.0,0.0,3.0,1.0,4.0,4.0
LINC02675,lncRNA,1.0,2.0,2.0,1.0,2.0,1.0
LINC02676,lncRNA,0.0,1.0,0.0,0.0,0.0,0.0
LINC02679,lncRNA,1.0,1.0,0.0,3.0,1.0,0.0
LINC02680,lncRNA,4.0,7.0,6.0,13.0,22.0,20.0
LINC02681,lncRNA,4.0,4.0,9.0,2.0,31.0,23.0
LINC02682,lncRNA,1.0,1.0,3.0,3.0,2.0,5.0
LINC02683,lncRNA,0.0,0.0,1.0,0.0,4.0,0.0
LINC02684,lncRNA,0.0,1.0,0.0,0.0,15.0,2.0
LINC02685,lncRNA,0.0,0.0,0.0,0.0,5.0,7.0
LINC02687,lncRNA,1.0,3.0,14.0,6.0,76.0,49.0
LINC02688,lncRNA,5.0,1.0,2.0,8.0,12.0,20.0
LINC02689,lncRNA,0.0,0.0,1.0,2.0,2.0,2.0
LINC02690,lncRNA,0.0,2.0,1.0,1.0,4.0,6.0
LINC02691,lncRNA,5.0,9.0,2.0,0.0,9.0,5.0
LINC02692,lncRNA,1.0,0.0,1.0,0.0,8.0,7.0
LINC02693,lncRNA,5.0,7.0,8.0,5.0,55.0,46.0
LINC02694,lncRNA,3.0,6.0,8.0,0.0,36.0,35.0
LINC02695,lncRNA,1.0,1.0,0.0,0.0,0.0,1.0
LINC02696,lncRNA,1.0,5.0,2.0,3.0,17.0,7.0
LINC02697,lncRNA,0.0,0.0,0.0,0.0,1.0,0.0
LINC02698,lncRNA,0.0,0.0,1.0,1.0,4.5,4.5
LINC02699,lncRNA,1.0,0.0,0.0,2.0,18.0,11.0
LINC02700,lncRNA,0.0,2.0,5.0,0.0,10.0,1.5
LINC02701,lncRNA,1.0,2.0,3.0,0.0,9.0,12.0
LINC02702,lncRNA,0.0,4.0,1.0,2.0,3.0,4.0
LINC02703,lncRNA,0.0,0.0,1.0,0.0,2.0,1.0
LINC02704,lncRNA,0.0,1.0,0.0,0.0,1.0,2.0
LINC02706,lncRNA,4.0,2.0,2.0,1.0,7.0,9.0
LINC02707,lncRNA,0.0,0.0,0.0,0.0,4.0,0.0
LINC02708,lncRNA,0.0,0.0,0.0,0.0,0.0,1.0
LINC02709,lncRNA,0.0,5.0,1.0,3.0,7.0,13.0
LINC02710,lncRNA,0.0,0.0,5.0,9.0,3.0,5.0
LINC02711,lncRNA,0.0,3.0,0.0,0.0,0.0,0.0
LINC02712,lncRNA,0.0,0.0,0.0,0.0,1.0,0.0
LINC02713,lncRNA,0.0,1.0,0.0,0.0,3.0,2.0
LINC02714,lncRNA,1.0,8.0,9.0,3.0,25.0,6.0
LINC02715,lncRNA,0.0,0.0,0.0,3.0,1.0,1.0
LINC02716,lncRNA,1.0,0.0,0.0,1.0,2.0,4.0
LINC02717,lncRNA,2.0,2.0,3.0,3.0,31.0,16.0
LINC02718,lncRNA,0.0,5.0,0.0,6.0,2.0,1.0
LINC02720,lncRNA,1.0,0.0,0.0,0.0,1.0,0.0
LINC02721,lncRNA,0.0,0.0,0.0,0.0,4.0,0.0
LINC02722,lncRNA,0.0,0.0,0.0,0.0,1.0,0.0
LINC02723,lncRNA,0.0,0.0,0.0,0.0,0.0,1.0
LINC02724,lncRNA,5.0,0.0,1.0,1.0,6.0,10.0
LINC02725,lncRNA,0.0,0.0,2.0,1.0,1.0,6.0
LINC02726,lncRNA,1.0,0.0,0.0,0.0,5.0,4.0
LINC02727,lncRNA,0.0,1.0,2.0,1.0,6.0,4.0
LINC02728,lncRNA,55.0,12.0,5.0,4.0,15.0,8.0
LINC02729,lncRNA,2.0,1.0,1.0,1.0,1.5,2.0
LINC02730,lncRNA,1.0,0.0,2.0,0.0,4.0,4.0
LINC02731,lncRNA,1.0,2.0,8.0,3.0,28.0,11.0
LINC02732,lncRNA,1.0,3.0,0.0,0.0,2.0,2.0
LINC02733,lncRNA,2.0,1.0,1.0,2.0,6.0,6.0
LINC02734,lncRNA,0.0,0.0,0.0,0.0,1.0,1.0
LINC02735,lncRNA,1.0,1.0,0.0,0.0,7.0,5.0
LINC02736,lncRNA,1.0,0.0,0.5,0.0,4.5,1.5
LINC02737,lncRNA,0.0,0.0,0.0,0.0,0.0,1.0
LINC02739,lncRNA,9.0,4.5,3.0,2.0,16.5,11.0
LINC02740,lncRNA,0.0,0.0,0.0,1.0,0.0,2.0
LINC02741,lncRNA,0.0,5.0,0.0,1.0,1.0,0.0
LINC02742,lncRNA,0.0,0.0,0.0,5.0,8.0,4.0
LINC02743,lncRNA,0.0,0.0,1.0,3.0,2.0,1.0
LINC02744,lncRNA,1.0,0.0,1.0,1.0,6.0,4.0
LINC02745,lncRNA,0.0,0.0,1.0,2.0,1.0,1.0
LINC02746,lncRNA,1.0,0.5,3.0,0.0,3.0,5.0
LINC02747,lncRNA,4.0,5.0,8.0,12.0,59.0,57.0
LINC02748,lncRNA,1.0,6.0,1.0,1.0,1.0,1.0
LINC02749,lncRNA,0.0,0.0,1.0,0.0,2.0,2.0
LINC02750,lncRNA,0.0,0.0,0.0,6.0,1.0,1.0
LINC02751,lncRNA,1.0,0.0,0.0,1.0,1.0,0.0
LINC02752,lncRNA,0.0,0.0,2.0,2.0,6.5,1.0
LINC02753,lncRNA,0.0,2.0,2.0,2.0,3.0,2.0
LINC02754,lncRNA,3.0,0.0,3.0,4.0,15.0,16.0
LINC02755,lncRNA,0.0,2.0,0.0,0.0,0.0,1.0
LINC02756,lncRNA,0.0,1.0,0.0,0.0,3.0,3.0
LINC02757,lncRNA,0.0,0.0,1.0,0.0,2.0,1.0
LINC02758,lncRNA,0.0,0.0,0.0,0.0,1.0,1.0
LINC02759,lncRNA,0.0,0.0,2.0,2.0,5.0,1.0
LINC02760,lncRNA,0.0,1.0,0.0,0.0,0.0,0.0
LINC02761,lncRNA,0.0,0.0,1.0,0.0,5.0,1.0
LINC02762,lncRNA,5.0,6.0,6.0,5.0,16.0,8.0
LINC02763,lncRNA,0.0,2.0,1.0,1.0,4.0,7.0
LINC02764,lncRNA,0.0,0.0,0.0,1.0,1.0,2.0
LINC02765,lncRNA,1.0,1.0,2.0,3.0,8.5,7.0
LINC02766,lncRNA,0.0,0.0,0.0,0.0,1.0,1.0
LINC02767,lncRNA,8.0,56.0,32.0,14.0,37.0,41.0
LINC02768,lncRNA,0.0,0.0,0.0,0.0,0.0,1.0
LINC02770,lncRNA,0.0,0.0,1.0,0.0,2.0,0.0
LINC02771,lncRNA,0.0,0.0,0.0,1.0,1.0,0.0
LINC02772,lncRNA,1.0,1.0,0.0,1.0,3.0,3.0
LINC02773,lncRNA,1.0,0.0,0.0,2.0,6.0,1.0
LINC02774,lncRNA,1.0,0.0,3.0,2.0,4.0,1.0
LINC02775,lncRNA,0.0,1.0,0.0,3.0,1.0,3.0
LINC02776,lncRNA,0.0,1.0,0.0,0.0,2.0,3.0
LINC02777,lncRNA,0.0,0.0,1.0,1.0,2.0,1.0
LINC02778,lncRNA,0.0,1.0,0.0,2.0,1.0,1.0
LINC02779,lncRNA,0.0,0.0,0.0,0.0,0.0,1.0
LINC02780,lncRNA,0.0,4.0,2.0,0.0,11.0,30.0
LINC02781,lncRNA,0.0,0.0,2.0,0.0,5.0,4.0
LINC02782,lncRNA,0.0,1.0,0.0,1.0,0.0,1.0
LINC02783,lncRNA,1.0,3.0,3.0,21.5,18.5,91.0
LINC02784,lncRNA,0.0,0.0,0.5,1.0,0.0,1.0
LINC02785,lncRNA,0.0,0.0,0.0,0.0,2.0,6.0
LINC02786,lncRNA,0.0,2.0,2.0,0.0,5.0,4.0
LINC02787,lncRNA,0.0,2.0,0.0,0.0,0.0,1.0
LINC02788,lncRNA,0.5,0.5,0.0,1.0,3.5,9.0
LINC02789,lncRNA,0.0,2.0,1.0,5.0,0.0,4.0
LINC02790,lncRNA,0.0,2.0,1.0,0.0,2.0,5.0
LINC02791,lncRNA,0.0,0.0,0.0,0.0,1.0,3.0
LINC02792,lncRNA,0.0,0.0,0.0,1.0,1.0,1.0
LINC02793,lncRNA,1.5,2.0,16.0,54.0,69.0,13.0
LINC02794,lncRNA,0.0,0.0,0.0,0.0,4.0,6.0
LINC02795,lncRNA,1.0,0.0,1.0,1.0,9.0,5.0
LINC02796,lncRNA,0.0,0.0,0.0,0.0,0.0,2.0
LINC02797,lncRNA,0.0,1.0,0.0,0.0,2.0,1.5
LINC02798,lncRNA,2.0,1.0,1.0,1.0,6.0,5.0
LINC02799,lncRNA,0.0,0.0,0.0,0.0,1.0,0.0
LINC02800,lncRNA,1.0,0.0,2.0,1.0,6.0,1.0
LINC02801,lncRNA,1.0,1.0,0.0,1.0,9.0,2.0
LINC02802,lncRNA,0.0,0.0,0.0,1.0,0.0,1.0
LINC02803,lncRNA,0.0,0.0,0.0,1.0,2.0,1.0
LINC02804,lncRNA,0.0,0.0,2.0,0.0,3.0,2.0
LINC02805,lncRNA,1.0,13.0,11.5,7.0,26.0,40.5
LINC02806,lncRNA,3.33,3.83,5.0,4.0,18.33,28.33
LINC02808,lncRNA,1.0,3.0,4.0,1.0,23.0,15.0
LINC02809,lncRNA,0.0,1.0,1.0,2.0,8.0,9.0
LINC02810,lncRNA,0.0,0.0,0.0,0.0,1.0,0.0
LINC02811,lncRNA,2.0,1.0,1.0,2.0,1.0,2.0
LINC02812,lncRNA,0.0,0.0,1.0,3.0,2.0,2.0
LINC02813,lncRNA,0.0,1.0,0.0,0.0,1.0,2.0
LINC02814,lncRNA,2.0,1.0,0.0,1.0,11.0,7.0
LINC02815,lncRNA,1.0,1.0,1.0,0.0,4.0,0.0
LINC02816,lncRNA,0.0,1.0,0.0,0.0,0.0,1.0
LINC02817,lncRNA,2.0,2.0,2.0,5.0,3.0,3.0
LINC02818,lncRNA,0.0,0.0,1.0,0.0,1.0,0.0
LINC02819,lncRNA,0.0,0.0,0.0,0.0,1.0,0.0
LINC02822,lncRNA,4.0,2.0,4.0,2.0,10.0,10.0
LINC02823,lncRNA,1.0,1.0,5.0,0.0,9.0,8.0
LINC02824,lncRNA,5.0,1.0,0.0,1.0,9.0,7.0
LINC02825,lncRNA,0.0,0.0,0.0,0.0,2.0,0.0
LINC02826,lncRNA,2.0,2.0,4.0,4.0,17.0,5.0
LINC02827,lncRNA,0.0,1.0,0.0,1.0,5.5,0.0
LINC02828,lncRNA,0.0,1.0,0.0,0.0,0.0,2.0
LINC02829,lncRNA,1.0,0.0,0.0,0.0,1.0,0.0
LINC02830,lncRNA,0.0,1.0,0.0,0.0,3.0,1.0
LINC02831,lncRNA,2.0,0.0,1.0,0.0,3.0,2.0
LINC02832,lncRNA,1.0,7.0,3.0,2.0,4.0,11.0
LINC02833,lncRNA,0.0,0.0,3.0,0.0,10.0,2.0
LINC02834,lncRNA,1.0,0.0,1.0,0.0,0.0,3.0
LINC02835,lncRNA,0.0,0.0,0.0,0.0,2.0,3.0
LINC02837,lncRNA,0.0,1.0,0.0,0.0,1.0,7.0
LINC02838,lncRNA,0.0,0.0,1.0,1.0,1.0,0.0
LINC02839,lncRNA,1.0,0.0,0.0,2.0,1.0,0.0
LINC02840,lncRNA,4.0,7.0,7.0,2.0,8.0,11.0
LINC02841,lncRNA,0.0,0.0,0.0,0.0,1.0,0.0
LINC02842,lncRNA,0.0,1.0,0.0,1.0,4.0,6.0
LINC02843,lncRNA,5.0,6.0,2.0,5.0,20.0,28.0
LINC02844,lncRNA,0.0,1.0,0.0,2.0,3.0,4.0
LINC02845,lncRNA,0.0,1.0,0.0,0.0,1.0,2.0
LINC02846,lncRNA,3.0,0.0,4.0,2.0,13.0,11.0
LINC02847,lncRNA,0.0,4.0,1.0,0.0,1.0,4.0
LINC02848,lncRNA,0.5,0.0,2.0,4.0,7.5,7.5
LINC02849,lncRNA,0.0,0.0,0.0,0.0,0.0,1.0
LINC02851,lncRNA,2.0,0.0,0.0,0.0,4.0,9.0
LINC02852,lncRNA,0.0,0.0,0.0,0.0,0.0,2.0
LINC02853,lncRNA,0.0,0.0,0.0,0.0,1.0,3.0
LINC02854,lncRNA,11.0,3.0,0.0,2.0,1.0,1.0
LINC02856,lncRNA,0.0,0.0,0.0,0.0,1.0,0.0
LINC02857,lncRNA,1.0,3.0,2.0,1.0,16.0,14.0
LINC02858,lncRNA,0.0,5.0,5.0,1.0,4.0,8.0
LINC02860,lncRNA,0.0,1.0,0.0,0.0,7.0,1.0
LINC02861,lncRNA,2.0,1.0,1.0,2.0,22.0,12.0
LINC02863,lncRNA,0.0,1.0,0.0,0.0,6.0,1.0
LINC02864,lncRNA,0.0,1.0,0.0,3.0,11.0,5.0
LINC02865,lncRNA,0.0,0.0,0.0,0.0,2.0,1.0
LINC02866,lncRNA,0.0,0.0,0.0,0.0,3.0,1.0
LINC02867,lncRNA,3.0,3.0,5.0,7.0,7.0,13.0
LINC02868,lncRNA,1.0,0.0,0.0,0.0,0.0,1.0
LINC02869,lncRNA,2.0,5.0,0.0,4.0,3.0,4.0
LINC02870,lncRNA,0.0,2.0,1.0,2.0,33.0,23.0
LINC02871,lncRNA,1.0,1.0,1.0,1.0,1.0,0.0
LINC02872,lncRNA,0.0,0.0,0.0,0.0,6.0,3.0
LINC02873,lncRNA,0.0,1.0,1.0,1.0,3.0,2.0
LINC02874,lncRNA,0.0,2.0,0.0,1.0,5.0,6.5
LINC02875,lncRNA,6.0,6.0,6.0,4.0,14.0,18.0
LINC02876,lncRNA,0.0,0.0,0.0,0.0,0.0,2.0
LINC02877,lncRNA,0.0,0.0,0.0,1.0,0.0,1.0
LINC02878,lncRNA,3.0,0.0,1.0,0.0,7.0,11.0
LINC02880,lncRNA,2.0,0.0,0.0,0.0,1.0,2.0
LINC02881,lncRNA,2.0,0.5,0.0,0.5,9.0,6.5
LINC02882,lncRNA,1.0,5.0,2.5,2.0,3.5,5.5
LINC02883,lncRNA,1.0,1.0,0.0,0.0,0.0,1.0
LINC02884,lncRNA,3.0,3.0,0.0,4.0,8.0,12.0
LINC02885,lncRNA,2.0,1.0,0.0,0.0,6.0,1.0
LINC02886,lncRNA,0.0,0.0,0.0,0.0,1.0,0.0
LINC02887,lncRNA,0.0,1.0,1.0,0.0,2.0,2.0
LINC02888,lncRNA,0.0,0.5,0.0,0.0,3.0,2.5
LINC02889,lncRNA,4.0,2.0,1.0,3.0,25.0,17.0
LINCADL,lncRNA,0.0,2.0,0.0,0.0,0.0,2.0
LINCMD1,lncRNA,0.0,0.0,0.0,0.0,1.0,0.0
LINCR-0001,lncRNA,1.0,1.5,0.0,3.0,2.5,2.5
LINCR-0003,lncRNA,2.0,1.0,0.0,1.0,9.0,2.0
LINGO1-AS1,lncRNA,1.0,0.0,2.0,1.0,7.0,3.0
LINGO1-AS2,lncRNA,0.0,2.0,2.0,0.0,3.0,0.0
LINP1,lncRNA,0.0,1.0,4.0,2.0,16.0,17.5
LIPC-AS1,lncRNA,0.0,1.0,0.0,1.0,0.0,0.0
LIPE-AS1,lncRNA,1.0,6.0,2.5,1.5,15.0,13.0
LIVAR,lncRNA,0.0,0.0,0.0,0.0,1.0,1.5
LIX1-AS1,lncRNA,0.0,0.0,0.5,1.5,5.5,2.5
LIX1L-AS1,lncRNA,0.5,5.5,5.5,1.0,13.33,11.0
LL22NC01-81G9.3,lncRNA,1.0,8.0,0.0,0.0,3.0,1.0
LL22NC03-63E9.3,lncRNA,0.0,1.0,0.0,0.0,3.0,4.0
LLPH-DT,lncRNA,0.0,1.0,0.0,1.0,2.0,2.0
LMCD1-AS1,lncRNA,5.0,4.0,0.0,5.0,6.0,18.0
LMF1-AS1,lncRNA,0.0,0.0,2.0,0.5,20.5,9.5
LMLN-AS1,lncRNA,0.0,0.0,0.0,0.0,1.5,0.5
LMNB1-DT,lncRNA,0.0,5.0,1.0,1.0,27.0,30.0
LMNTD2-AS1,lncRNA,1.0,1.0,1.5,2.0,7.5,4.5
LMO7-AS1,lncRNA,0.0,0.0,0.0,0.0,2.5,5.0
LMO7DN,lncRNA,3.0,2.0,0.0,0.0,1.0,1.0
LMO7DN-IT1,lncRNA,0.0,0.0,0.0,0.0,1.0,0.0
LMX1A-AS1,lncRNA,0.0,0.0,0.0,2.0,1.0,0.0
LMX1A-AS2,lncRNA,0.5,0.0,0.0,0.0,0.5,0.5
LNC-LBCS,lncRNA,10.0,8.0,4.0,7.0,66.0,57.0
LNCAROD,lncRNA,1.0,3.0,1.0,1.0,5.0,8.0
LNCARSR,lncRNA,4.0,1.0,0.0,2.0,2.0,0.0
LNCDAT,lncRNA,2.0,5.0,8.0,4.5,25.5,19.5
LNCNEF,lncRNA,0.0,0.0,0.0,0.0,2.0,1.0
LNCOC1,lncRNA,4.0,1.5,2.5,1.0,8.5,8.5
LNCOG,lncRNA,1.0,0.0,2.0,0.0,1.0,1.0
LNCPRESS1,lncRNA,0.0,0.0,0.0,0.0,2.0,0.0
LNCPRESS2,lncRNA,1.0,0.0,0.0,0.0,0.0,0.0
LNCTAM34A,lncRNA,3.0,2.5,3.5,3.0,26.0,19.0
LNX1-AS1,lncRNA,1.0,1.5,1.0,1.0,0.0,4.0
LNX1-AS2,lncRNA,1.0,6.0,1.0,0.0,1.0,0.0
LOH12CR2,lncRNA,1.0,2.0,1.0,0.0,3.0,5.0
LOXL1-AS1,lncRNA,4.5,4.0,3.5,6.0,21.5,10.5
LPGAT1-AS1,lncRNA,0.0,1.0,0.0,1.0,1.0,6.5
LPP-AS2,lncRNA,6.5,4.0,4.5,1.5,13.0,27.0
LRIG2-DT,lncRNA,2.0,8.0,0.0,8.0,7.0,10.0
LRP1-AS,lncRNA,0.0,0.0,0.0,0.0,0.0,3.0
LRP4-AS1,lncRNA,2.0,0.0,1.5,2.0,7.0,11.0
LRRC2-AS1,lncRNA,2.0,0.0,1.0,2.0,4.0,2.0
LRRC3-DT,lncRNA,0.0,0.0,4.0,0.0,5.0,6.0
LRRC52-AS1,lncRNA,7.5,6.0,5.0,130.5,20.0,11.5
LRRC7-AS1,lncRNA,0.0,0.0,0.0,0.0,0.5,0.0
LRRC8C-DT,lncRNA,12.5,11.5,15.0,22.5,42.0,37.0
LRRC8D-DT,lncRNA,0.0,0.0,0.0,0.0,8.0,9.0
LRRK2-DT,lncRNA,2.0,0.0,1.0,4.0,11.0,16.0
LSAMP-AS1,lncRNA,1.0,0.0,0.0,0.0,0.0,0.0
LSINCT5,lncRNA,1.0,3.0,1.0,0.0,5.0,1.0
LUADT1,lncRNA,0.0,5.0,0.0,0.0,0.0,1.0
LUARIS,lncRNA,0.0,1.0,0.0,3.5,10.0,7.5
LUCAT1,lncRNA,7.0,20.0,62.0,188.0,32.0,25.0
LUNAR1,lncRNA,2.0,0.0,3.0,0.0,12.0,10.0
LURAP1L-AS1,lncRNA,0.0,4.0,4.0,1.0,23.0,29.0
LY6E-DT,lncRNA,2.0,1.0,3.0,0.0,4.5,8.0
LY86-AS1,lncRNA,7.0,13.0,9.0,5.0,12.5,9.0
LYPLAL1-AS1,lncRNA,2.0,4.0,1.0,3.0,7.0,9.0
LYPLAL1-DT,lncRNA,1.0,7.0,1.0,5.0,5.0,9.0
LYRM4-AS1,lncRNA,0.0,3.0,2.0,2.0,10.0,6.0
LYST-AS1,lncRNA,0.0,0.0,0.0,0.0,0.0,1.0
LZTS1-AS1,lncRNA,0.0,0.0,0.0,0.5,0.5,1.0
MACC1-AS1,lncRNA,0.0,0.0,0.0,0.0,1.0,0.0
MACORIS,lncRNA,0.0,0.0,0.0,1.0,1.0,3.0
MACROD2-AS1,lncRNA,0.0,1.0,1.0,0.0,1.0,0.0
MACROD2-IT1,lncRNA,0.0,0.0,0.0,2.0,0.0,0.0
MADD-AS1,lncRNA,0.0,0.0,0.0,0.0,2.0,0.0
MAFG-DT,lncRNA,9.0,4.0,7.0,3.0,20.0,18.0
MAFTRR,lncRNA,7.0,3.0,6.0,8.0,37.0,25.0
MAGEA10-MAGEA5,lncRNA,0.0,0.0,0.0,0.0,3.5,1.5
MAGEA4-AS1,lncRNA,2.0,2.0,0.0,0.5,3.0,4.0
MAGEA6-DT,lncRNA,14.0,4.0,1.0,1.0,1.0,5.0
MAGEA8-AS1,lncRNA,0.0,0.0,0.0,1.0,0.0,2.0
MAGI1-IT1,lncRNA,0.5,0.0,0.0,0.5,1.0,0.0
MAGI2-AS1,lncRNA,0.0,0.0,0.0,0.0,0.0,2.0
MAGI2-AS2,lncRNA,0.0,0.0,0.0,0.0,0.0,2.0
MAGI2-AS3,lncRNA,10.0,12.0,15.0,2.5,44.0,33.5
MAILR,lncRNA,0.0,11.0,5.0,5.0,22.0,27.0
MAL2-AS1,lncRNA,0.0,0.0,0.0,0.0,4.5,3.5
MALAT1,lncRNA,62.0,37.0,70.0,116.0,43.0,51.0
MALINC1,lncRNA,4.5,4.5,5.5,10.5,33.0,21.5
MAMDC2-AS1,lncRNA,2.0,5.5,2.0,8.0,28.0,26.0
MAN1B1-DT,lncRNA,2.0,1.0,8.0,4.0,12.0,5.0
MAN2A1-DT,lncRNA,0.0,0.0,0.0,0.0,2.0,0.0
MANCR,lncRNA,2.0,6.0,2.5,8.5,24.5,14.5
MANEA-DT,lncRNA,1.0,0.0,0.0,2.0,16.0,12.0
MAP3K14-AS1,lncRNA,6.0,7.0,6.5,22.5,25.5,22.0
MAP3K2-DT,lncRNA,0.0,0.0,2.0,2.0,7.5,7.0
MAP3K20-AS1,lncRNA,1.5,4.0,0.5,1.5,5.5,6.5
MAP3K4-AS1,lncRNA,2.0,1.0,6.0,3.0,18.5,14.0
MAP3K5-AS1,lncRNA,0.0,0.0,0.0,0.0,2.0,2.0
MAP4K3-DT,lncRNA,1.0,21.5,2.5,6.0,20.5,15.0
MAPK10-AS1,lncRNA,0.0,3.0,0.0,0.0,2.0,0.0
MAPK6-DT,lncRNA,0.0,0.0,2.0,2.0,5.0,4.0
MAPKAPK5-AS1,lncRNA,1.0,3.0,10.5,14.0,26.0,30.0
MAPRE3-AS1,lncRNA,0.0,1.0,1.0,0.0,4.0,3.0
MAPT-AS1,lncRNA,7.0,10.0,3.0,11.0,36.33,22.0
MAPT-IT1,lncRNA,6.0,1.0,3.0,2.0,56.0,36.0
MARCHF10-DT,lncRNA,3.0,0.0,0.0,2.0,2.0,6.0
MARCHF11-AS1,lncRNA,0.0,3.0,0.0,2.0,0.0,1.0
MAST4-AS1,lncRNA,3.0,1.0,0.0,4.0,0.0,0.0
MAST4-IT1,lncRNA,0.0,0.0,0.0,0.0,0.0,1.0
MATN1-AS1,lncRNA,11.5,8.0,11.0,11.5,82.5,94.0
MBNL1-AS1,lncRNA,3.0,9.5,2.0,7.0,24.0,37.0
MCCC1-AS1,lncRNA,0.0,0.0,0.0,0.0,1.5,1.0
MCF2L-AS1,lncRNA,0.0,0.0,1.0,1.0,29.0,17.0
MCHR2-AS1,lncRNA,0.0,1.5,1.0,0.0,0.5,1.0
MCM3AP-AS1,lncRNA,2.5,4.0,6.0,4.5,22.5,11.0
MCM8-AS1,lncRNA,0.0,0.0,0.0,0.0,2.0,3.5
MCPH1-AS1,lncRNA,14.0,6.0,3.5,7.5,41.0,21.5
MCTP1-AS1,lncRNA,4.0,0.0,1.0,0.0,3.0,0.0
MDC1-AS1,lncRNA,0.5,0.0,1.0,1.0,0.5,1.0
MDS2,lncRNA,5.0,2.0,6.0,0.0,38.0,28.0
MED14OS,lncRNA,0.0,0.5,3.0,1.5,8.0,5.0
MED4-AS1,lncRNA,1.0,0.0,0.0,0.0,0.0,0.5
MED8-AS1,lncRNA,0.0,1.0,0.0,2.0,1.0,0.5
MEF2C-AS1,lncRNA,3.5,10.0,5.5,7.5,10.5,9.5
MEF2C-AS2,lncRNA,0.0,1.0,1.0,0.5,10.0,13.0
MEG3,lncRNA,16.0,22.0,34.0,11.0,73.5,64.5
MEG8,lncRNA,9.5,10.0,3.33,13.5,8.0,20.5
MEG9,lncRNA,0.5,13.0,0.0,2.0,10.5,19.5
MEIS1-AS2,lncRNA,2.0,5.5,1.0,6.0,14.0,25.0
MEIS1-AS3,lncRNA,3.0,2.0,1.0,1.0,14.0,19.0
MELTF-AS1,lncRNA,1.0,0.5,2.0,5.0,5.0,5.5
MESTIT1,lncRNA,5.0,9.5,5.5,16.5,30.5,83.0
METTL14-DT,lncRNA,3.0,3.0,0.0,5.0,5.0,4.0
MFF-DT,lncRNA,8.0,14.5,2.0,11.5,25.0,28.5
MGAT3-AS1,lncRNA,0.0,0.0,0.0,0.0,3.0,1.0
MGC15885,lncRNA,1.0,5.0,0.0,1.0,15.0,9.0
MGC16275,lncRNA,1.5,5.0,2.0,1.0,14.5,10.5
MGC27382,lncRNA,1.0,0.0,0.0,2.0,2.0,4.0
MGC32805,lncRNA,2.0,0.0,0.0,5.0,1.0,2.0
MGC4859,lncRNA,0.0,0.0,0.0,1.0,7.0,1.5
MHENCR,lncRNA,0.0,0.0,0.0,3.0,7.0,3.0
MIAT,lncRNA,4.0,18.0,13.0,14.0,95.0,63.33
MIATNB,lncRNA,5.0,13.5,2.5,2.0,15.0,22.5
MICB-DT,lncRNA,2.0,3.0,1.0,0.5,6.5,7.5
MID1IP1-AS1,lncRNA,0.0,0.0,0.0,4.0,1.0,0.5
MIF-AS1,lncRNA,0.0,0.33,1.67,2.33,8.33,5.5
MIMT1,lncRNA,1.0,0.0,1.0,0.0,2.0,3.0
MINCR,lncRNA,4.0,1.0,1.0,2.0,2.0,1.0
MIOS-DT,lncRNA,1.0,2.0,2.0,1.5,1.5,3.5
MIR1-1HG,lncRNA,6.0,5.0,2.0,8.0,6.0,17.5
MIR1-1HG-AS1,lncRNA,3.0,2.0,4.0,3.0,13.0,18.0
MIR100HG,lncRNA,12.0,20.0,20.5,32.0,72.0,79.0
MIR122HG,lncRNA,41.67,20.0,38.33,76.67,69.0,104.0
MIR124-1HG,lncRNA,7.0,7.0,6.0,8.0,37.5,24.0
MIR124-2HG,lncRNA,261.0,617.0,158.0,138.0,296.0,413.0
MIR1302-2HG,lncRNA,0.0,0.0,0.0,1.0,0.0,0.0
MIR1302-9HG,lncRNA,2.0,1.0,1.0,29.0,4.0,12.0
MIR133A1HG,lncRNA,3.5,0.5,2.0,1.0,7.5,12.5
MIR137HG,lncRNA,369.0,80.0,28.0,65.0,122.5,35.5
MIR155HG,lncRNA,1.5,3.0,3.0,0.0,6.0,1.0
MIR17HG,lncRNA,2966.0,1083.5,3884.5,1613.5,7952.0,9001.5
MIR181A1HG,lncRNA,3.0,3.0,1.0,3.0,4.0,7.0
MIR181A2HG,lncRNA,0.0,0.0,0.0,1.0,0.0,0.0
MIR1915HG,lncRNA,4.0,8.0,9.0,3.0,31.0,29.0
MIR193BHG,lncRNA,13.0,34.0,7.0,29.0,17.0,21.0
MIR194-2HG,lncRNA,12.0,15.0,28.5,18.0,125.5,139.5
MIR200CHG,lncRNA,0.0,0.0,0.0,0.0,0.0,2.0
MIR202HG,lncRNA,0.0,0.0,0.0,4.0,4.5,3.0
MIR2052HG,lncRNA,2.0,5.0,1.0,3.0,11.0,7.0
MIR205HG,lncRNA,1.0,3.0,0.0,3.0,12.0,7.0
MIR210HG,lncRNA,0.0,1.0,4.0,0.0,8.0,7.0
MIR2117HG,lncRNA,0.0,0.0,0.0,1.0,2.0,0.0
MIR217HG,lncRNA,0.0,0.0,0.0,0.0,0.0,1.0
MIR222HG,lncRNA,0.0,1.0,5.0,0.0,18.0,8.0
MIR223HG,lncRNA,1635.5,1362.5,1906.0,1475.5,5751.5,11115.5
MIR22HG,lncRNA,115.5,63.0,74.5,63.0,329.0,169.5
MIR23AHG,lncRNA,928.5,493.5,939.5,804.5,5211.5,5729.5
MIR29B2CHG,lncRNA,29.5,13.5,65.0,31.0,210.0,382.5
MIR302CHG,lncRNA,0.0,0.0,0.5,0.0,0.0,1.0
MIR3142HG,lncRNA,105.0,23.0,117.0,167.5,2666.5,702.5
MIR3150BHG,lncRNA,0.33,0.33,0.0,1.0,4.33,10.0
MIR31HG,lncRNA,5.0,3.0,12.0,5.0,28.5,24.0
MIR325HG,lncRNA,1.0,1.0,0.0,2.0,5.0,3.0
MIR34AHG,lncRNA,0.0,4.5,3.5,10.0,18.0,35.0
MIR3659HG,lncRNA,3.0,6.0,2.0,4.0,18.0,10.0
MIR3663HG,lncRNA,1.0,1.0,1.0,5.0,6.0,5.0
MIR3681HG,lncRNA,4.0,0.0,5.0,1.0,10.0,11.0
MIR378D2HG,lncRNA,3.0,0.0,3.0,0.0,3.0,0.0
MIR381HG,lncRNA,0.0,0.0,1.0,0.0,0.0,1.0
MIR3936HG,lncRNA,2.0,4.5,1.0,5.5,11.5,7.5
MIR3945HG,lncRNA,0.0,1.0,0.0,0.0,5.0,3.0
MIR3976HG,lncRNA,8.0,7.0,13.0,8.0,36.0,22.0
MIR4280HG,lncRNA,0.0,1.0,2.0,3.0,3.0,1.0
MIR4290HG,lncRNA,0.0,0.0,0.0,0.0,2.0,3.0
MIR4300HG,lncRNA,9.0,2.0,0.0,6.0,10.0,9.0
MIR4307HG,lncRNA,0.0,2.0,0.0,3.0,1.0,3.0
MIR4422HG,lncRNA,0.0,0.0,0.0,2.0,5.0,4.0
MIR4432HG,lncRNA,1.0,4.0,2.0,3.0,19.0,11.0
MIR4435-2HG,lncRNA,8.0,25.0,8.0,24.5,92.5,71.5
MIR4453HG,lncRNA,0.0,4.0,1.0,1.0,2.0,5.0
MIR4458HG,lncRNA,1.0,1.0,2.0,3.0,8.0,11.0
MIR4500HG,lncRNA,5.0,18.0,9.5,16.0,21.5,17.0
MIR4527HG,lncRNA,1.0,1.0,1.0,2.0,8.0,8.0
MIR4713HG,lncRNA,0.0,2.0,0.0,3.0,8.0,7.0
MIR497HG,lncRNA,8.83,2.5,10.75,3.0,33.33,19.5
MIR503HG,lncRNA,2.0,1.0,1.0,2.0,14.5,20.0
MIR548A1HG,lncRNA,0.0,0.0,1.0,1.0,3.0,5.0
MIR548XHG,lncRNA,0.0,2.0,0.0,0.0,2.0,2.0
MIR5689HG,lncRNA,0.0,0.0,0.0,1.0,2.5,3.0
MIR583HG,lncRNA,0.0,0.0,0.0,0.0,0.0,0.5
MIR600HG,lncRNA,3.0,0.0,2.0,2.0,16.0,18.0
MIR646HG,lncRNA,17.0,8.0,9.0,20.0,92.0,89.0
MIR663AHG,lncRNA,4.0,1.0,9.0,2.0,81.0,59.5
MIR670HG,lncRNA,0.0,0.0,0.0,0.0,3.0,1.0
MIR7-3HG,lncRNA,0.0,3.0,0.0,0.0,6.0,5.0
MIR7515HG,lncRNA,1.0,5.67,1.0,3.5,7.5,3.0
MIR762HG,lncRNA,2.0,2.0,3.5,3.5,12.0,16.0
MIR9-1HG,lncRNA,11.0,34.0,24.0,25.0,74.0,84.0
MIR9-3HG,lncRNA,4.0,10.5,11.0,10.5,46.0,39.5
MIR924HG,lncRNA,2.0,6.0,2.0,2.0,16.0,11.0
MIR99AHG,lncRNA,12.0,26.0,8.0,14.0,97.0,92.5
MIRLET7A1HG,lncRNA,1785.0,741.5,493.5,1038.5,2972.0,1983.0
MIRLET7BHG,lncRNA,4106.5,1490.0,1843.5,3091.0,5334.83,5253.5
MIS18A-AS1,lncRNA,1.0,1.0,0.0,0.0,2.0,0.0
MKLN1-AS,lncRNA,2.0,6.5,6.0,3.5,7.5,11.5
MKNK1-AS1,lncRNA,2.0,1.0,0.0,0.0,2.0,7.0
MKX-AS1,lncRNA,1.0,3.0,0.0,0.0,2.0,2.0
MLIP-AS1,lncRNA,0.0,0.0,0.0,1.0,2.0,2.0
MLIP-IT1,lncRNA,0.0,0.0,0.0,2.0,0.0,2.0
MMADHC-DT,lncRNA,12.5,10.0,22.5,22.0,71.0,43.0
MME-AS1,lncRNA,0.0,0.0,0.0,0.0,0.0,2.5
MMEL1-AS1,lncRNA,1.0,0.0,0.0,0.0,3.5,7.5
MMP2-AS1,lncRNA,1.0,5.0,2.0,2.0,3.0,4.0
MMP25-AS1,lncRNA,5.5,4.5,6.0,14.0,30.0,21.0
MNX1-AS1,lncRNA,1.0,3.0,0.0,4.0,7.0,1.0
MNX1-AS2,lncRNA,3.0,1.0,7.0,1.0,10.0,7.0
MORC1-AS1,lncRNA,2.0,1.0,0.0,0.0,0.0,0.0
MORC2-AS1,lncRNA,1.0,0.0,1.0,1.5,19.0,20.0
MORF4L2-AS1,lncRNA,1.0,2.0,2.0,1.0,5.0,11.0
MPP7-DT,lncRNA,4.0,70.0,62.0,5.0,7.0,15.0
MPPED2-AS1,lncRNA,0.0,0.0,1.0,1.0,10.0,7.0
MPRIP-AS1,lncRNA,0.0,1.0,0.0,1.0,3.0,9.0
MRAP-AS1,lncRNA,0.0,0.0,0.0,1.0,1.0,1.5
MRGPRF-AS1,lncRNA,0.0,0.0,3.5,1.0,11.0,5.0
MRGPRG-AS1,lncRNA,1.0,1.0,0.5,2.0,10.0,3.0
MROCKI,lncRNA,0.0,0.0,1.0,1.0,1.0,2.0
MRPL20-AS1,lncRNA,27.0,18.5,52.0,23.0,146.0,97.5
MRPL20-DT,lncRNA,0.0,0.0,0.0,3.0,1.0,2.0
MRPL23-AS1,lncRNA,1.0,3.0,1.0,2.0,6.5,4.0
MRPS30-DT,lncRNA,1.0,0.0,0.0,0.0,0.0,0.0
MRPS9-AS1,lncRNA,0.0,0.0,1.0,0.0,1.0,1.5
MRTFA-AS1,lncRNA,1.0,1.0,0.0,0.0,0.0,4.0
MSC-AS1,lncRNA,1.5,6.0,6.5,1.5,23.0,25.0
MSH2-OT1,lncRNA,0.0,0.0,0.0,0.0,1.0,4.0
MTOR-AS1,lncRNA,0.0,0.0,0.0,0.0,0.0,3.0
MTUS2-AS1,lncRNA,1.0,0.0,1.0,0.0,4.0,5.0
MUC12-AS1,lncRNA,0.5,0.5,0.5,1.0,0.0,0.0
MUC20-OT1,lncRNA,6.5,27.0,4.5,13.0,18.5,32.0
MUC5B-AS1,lncRNA,0.0,0.0,0.0,0.0,1.0,0.0
MYADM-AS1,lncRNA,1.0,0.0,2.0,1.0,5.0,3.0
MYB-AS1,lncRNA,0.0,0.0,0.0,0.0,0.0,0.5
MYCBP2-AS1,lncRNA,0.83,1.5,0.5,1.5,4.5,5.67
MYCBP2-AS2,lncRNA,1.0,0.0,0.0,0.0,2.0,1.0
MYCL-AS1,lncRNA,0.0,0.0,0.0,0.0,1.5,0.0
MYCNOS,lncRNA,5.0,1.0,2.0,8.5,19.5,20.0
MYCNUT,lncRNA,0.0,0.0,0.0,0.0,2.0,1.0
MYG1-AS1,lncRNA,0.0,0.5,0.5,0.5,1.83,0.33
MYHAS,lncRNA,0.5,0.0,1.5,0.0,2.5,3.0
MYLK-AS1,lncRNA,0.0,0.0,1.0,6.0,11.5,9.0
MYLK-AS2,lncRNA,0.0,0.0,0.0,0.0,3.0,3.0
MYO16-AS1,lncRNA,0.0,0.0,0.0,0.0,2.0,7.0
MYO16-AS2,lncRNA,0.0,0.0,0.0,0.0,1.0,0.0
MYO18B-AS1,lncRNA,6.5,3.0,1.5,7.0,13.5,12.0
MYO3B-AS1,lncRNA,2.0,1.0,3.0,2.0,8.0,5.0
MYOM3-AS1,lncRNA,3.0,1.0,0.0,0.0,1.0,0.0
MYOSLID,lncRNA,0.0,1.0,2.0,0.0,9.0,14.0
MYRF-AS1,lncRNA,0.0,0.5,5.0,4.0,7.0,8.5
MYT1L-AS1,lncRNA,0.0,0.0,1.0,0.0,5.0,6.5
MZF1-AS1,lncRNA,3.5,6.0,33.5,27.0,22.83,6.0
N4BP2L2-IT2,lncRNA,0.0,3.0,1.0,1.0,9.0,6.0
NAALADL2-AS1,lncRNA,0.0,0.0,0.0,1.0,2.0,0.0
NAALADL2-AS2,lncRNA,0.0,0.0,0.0,1.0,8.0,5.0
NABP1-OT1,lncRNA,0.0,1.0,1.0,0.0,8.0,5.0
NADK2-AS1,lncRNA,0.0,0.0,0.0,0.0,0.0,1.0
NAGPA-AS1,lncRNA,0.0,2.5,0.5,2.5,4.5,9.5
NALCN-AS1,lncRNA,2.0,7.0,6.0,1.5,14.5,15.0
NALT1,lncRNA,33.0,37.0,27.5,26.0,146.0,94.0
NAMA,lncRNA,2.0,5.0,1.0,10.0,11.5,6.0
NANOGP11,lncRNA,0.0,0.0,0.0,0.0,2.0,0.0
NAPA-AS1,lncRNA,1.5,3.0,1.0,0.5,10.0,5.5
NARF-AS1,lncRNA,0.0,0.0,0.0,1.0,0.0,0.0
NARF-IT1,lncRNA,0.0,3.5,2.0,3.0,8.0,10.5
NAV2-AS1,lncRNA,0.0,0.0,0.0,0.0,0.0,1.0
NAV2-AS2,lncRNA,0.5,1.0,1.5,1.0,1.0,0.0
NAV2-AS3,lncRNA,0.0,0.0,1.0,0.0,0.0,1.0
NAV2-AS4,lncRNA,2.0,0.0,0.0,2.0,1.0,6.0
NAV2-AS5,lncRNA,2.0,2.0,0.0,0.0,1.0,4.0
NAV2-IT1,lncRNA,0.0,2.0,1.0,0.0,1.0,1.0
NBAT1,lncRNA,1.0,1.0,3.0,1.0,4.5,4.0
NBR2,lncRNA,1.0,2.0,1.0,6.0,7.5,13.0
NCAM1-AS1,lncRNA,1.0,0.5,3.0,0.0,15.5,6.0
NCBP2-AS1,lncRNA,1.0,0.5,0.0,0.0,0.5,0.5
NCF4-AS1,lncRNA,0.0,0.0,0.0,0.0,1.0,1.0
NCK1-DT,lncRNA,4.0,6.5,4.5,6.0,10.5,7.5
NCKAP5-AS1,lncRNA,1.0,0.0,2.0,1.0,8.0,2.0
NCKAP5-AS2,lncRNA,0.0,0.0,0.0,0.0,5.0,2.0
NCKAP5-IT1,lncRNA,0.0,0.0,1.0,0.0,2.0,0.0
NCMAP-DT,lncRNA,2.0,1.0,0.0,0.0,1.5,1.5
NCRNA00250,lncRNA,0.0,0.0,0.0,0.0,1.0,1.0
NDFIP2-AS1,lncRNA,0.0,1.0,3.0,0.0,20.0,10.0
NDP-AS1,lncRNA,9.0,9.0,8.0,7.0,20.0,10.5
NDST1-AS1,lncRNA,0.0,0.0,0.5,0.0,2.0,1.0
NDUFA6-DT,lncRNA,3.0,5.0,17.0,1.0,23.0,19.0
NDUFB2-AS1,lncRNA,3.0,3.0,2.5,3.0,6.5,11.5
NDUFV2-AS1,lncRNA,0.0,4.0,2.5,1.0,55.5,35.5
NEAT1,lncRNA,20.5,17.0,15.5,34.5,52.0,54.0
NEBL-AS1,lncRNA,3.0,0.0,1.0,0.0,4.5,6.5
NECTIN1-AS1,lncRNA,3.0,0.0,0.0,0.0,1.0,2.0
NECTIN3-AS1,lncRNA,0.0,3.0,8.0,1.0,10.0,8.0
NECTIN4-AS1,lncRNA,0.0,0.0,1.0,0.0,2.0,1.0
NEGR1-IT1,lncRNA,0.0,3.0,0.0,0.0,0.0,0.0
NEURL1-AS1,lncRNA,0.0,1.0,2.0,0.0,8.0,4.0
NEUROG2-AS1,lncRNA,0.0,0.0,4.0,2.0,0.5,1.5
NEXN-AS1,lncRNA,4.0,8.0,7.5,4.0,23.0,15.5
NFE2L1-DT,lncRNA,2.0,3.0,1.0,0.0,4.0,9.0
NFE4,lncRNA,3.0,5.0,2.0,3.0,16.0,4.0
NFIA-AS1,lncRNA,0.0,0.0,0.0,0.0,1.0,0.0
NFIA-AS2,lncRNA,1.0,3.0,1.0,1.0,5.0,5.0
NFYC-AS1,lncRNA,0.0,0.5,5.5,0.5,13.5,3.5
NGF-AS1,lncRNA,0.0,0.0,1.0,1.0,2.0,0.0
NHEG1,lncRNA,0.0,0.0,2.0,1.0,2.0,2.0
NIFK-AS1,lncRNA,39.5,28.5,21.0,35.0,100.5,84.5
NINJ2-AS1,lncRNA,3.0,5.5,8.0,9.5,49.0,60.5
NIPBL-DT,lncRNA,4.0,7.0,6.0,3.0,18.0,18.0
NKILA,lncRNA,2.0,2.5,3.0,3.0,16.0,16.5
NKX2-1-AS1,lncRNA,8.0,11.0,1.5,4.33,14.0,9.5
NKX2-2-AS1,lncRNA,0.0,0.0,0.5,1.0,1.0,0.0
NLGN1-AS1,lncRNA,0.0,0.0,0.0,0.0,0.0,1.0
NLGN4Y-AS1,lncRNA,1.0,0.0,0.0,1.0,0.0,0.0
NMBR-AS1,lncRNA,0.5,0.0,0.5,0.0,1.0,2.0
NNT-AS1,lncRNA,1.5,7.0,1.5,3.0,12.5,4.0
NOL4L-DT,lncRNA,1.0,0.0,0.0,0.0,2.0,1.0
NOP14-AS1,lncRNA,5.0,7.5,9.0,6.0,91.5,42.0
NOP53-AS1,lncRNA,0.0,1.5,0.0,0.0,0.0,0.0
NORAD,lncRNA,14.0,7.0,6.0,11.0,128.0,130.0
NPAS2-AS1,lncRNA,0.0,0.0,0.0,3.5,4.5,6.0
NPHP3-AS1,lncRNA,1.33,4.0,41.0,5.0,9.0,5.0
NPSR1-AS1,lncRNA,1.0,2.0,0.0,0.0,4.0,3.0
NPTN-IT1,lncRNA,0.0,0.0,1.0,1.0,6.0,6.0
NQO2-AS1,lncRNA,1.5,0.5,2.0,0.0,5.5,2.33
NR2F1-AS1,lncRNA,21.0,19.0,10.0,26.0,64.5,50.5
NR2F2-AS1,lncRNA,27.0,30.0,26.0,29.0,84.0,76.0
NR4A1AS,lncRNA,0.5,0.0,0.0,0.0,2.0,1.0
NRAD1,lncRNA,0.0,4.0,1.0,1.5,6.5,7.0
NRAV,lncRNA,6.0,2.0,0.0,0.0,6.0,8.0
NREP-AS1,lncRNA,0.0,0.0,0.0,0.0,0.0,1.0
NRG1-IT1,lncRNA,1.0,0.0,0.0,3.0,1.0,2.0
NRG1-IT3,lncRNA,1.0,0.0,1.0,0.0,2.0,0.0
NRG3-AS1,lncRNA,0.0,1.0,0.0,0.0,1.0,0.0
NRIR,lncRNA,3.0,2.0,0.0,3.0,2.0,8.0
NRSN2-AS1,lncRNA,3.0,7.0,5.0,9.0,6.0,11.0
NRXN2-AS1,lncRNA,0.0,0.0,0.0,0.0,0.0,1.0
NSMCE1-DT,lncRNA,3.0,6.0,2.0,3.0,10.0,21.0
NTM-AS1,lncRNA,3.0,3.0,4.0,6.0,13.5,10.5
NTM-IT,lncRNA,0.0,0.0,0.0,0.0,1.0,0.0
NTRK3-AS1,lncRNA,5.0,0.0,2.0,2.0,8.0,3.0
NUCB1-AS1,lncRNA,0.0,1.0,0.0,0.0,3.0,4.0
NUP153-AS1,lncRNA,2.5,1.0,4.0,5.0,19.0,6.0
NUP50-DT,lncRNA,4.0,3.0,4.0,9.0,4.0,7.0
NUTM2A-AS1,lncRNA,9.5,11.0,2.0,8.0,22.0,30.5
NUTM2B-AS1,lncRNA,9.5,20.0,4.0,10.0,23.0,20.0
NXT1-AS1,lncRNA,0.0,0.0,1.0,0.0,6.0,3.0
OBI1-AS1,lncRNA,3.0,5.0,4.0,0.5,12.0,17.0
OBSCN-AS1,lncRNA,6.0,4.5,4.0,4.5,18.5,26.0
OCIAD1-AS1,lncRNA,0.0,0.0,0.0,0.0,1.0,0.5
ODC1-DT,lncRNA,4.0,3.0,4.0,6.0,19.0,13.0
ODF2-AS1,lncRNA,1.0,0.0,0.5,1.5,3.0,0.0
OGFR-AS1,lncRNA,1.0,1.0,1.0,1.0,5.0,4.5
OGFRP1,lncRNA,3.0,7.0,6.0,7.0,28.0,13.0
OIP5-AS1,lncRNA,3.0,14.0,2.5,9.5,11.5,24.0
OLMALINC,lncRNA,2.0,16.0,6.0,21.0,28.0,21.0
OOEP-AS1,lncRNA,1.5,0.0,1.0,0.0,3.0,3.0
OPA1-AS1,lncRNA,0.0,0.0,0.0,0.0,0.0,0.5
OPCML-IT1,lncRNA,0.0,0.0,2.0,3.0,12.0,11.0
OPCML-IT2,lncRNA,0.0,0.0,0.0,1.0,1.0,1.0
OR2A1-AS1,lncRNA,1.0,0.0,0.0,0.0,4.33,5.33
OR7E11P,lncRNA,0.0,0.5,0.5,1.0,0.5,1.5
OSBPL10-AS1,lncRNA,2.0,5.0,1.0,0.0,6.0,5.0
OSER1-DT,lncRNA,3.0,6.0,3.0,10.0,12.0,9.0
OSGEPL1-AS1,lncRNA,0.0,0.0,1.0,0.0,13.0,11.0
OSMR-AS1,lncRNA,2.0,3.0,2.0,2.0,4.0,7.0
OSTM1-AS1,lncRNA,2.0,7.0,5.0,11.0,12.0,13.0
OSTN-AS1,lncRNA,0.0,0.0,0.0,1.0,0.0,0.0
OTUD6B-AS1,lncRNA,4.0,10.0,5.0,7.5,14.5,18.5
OTX2-AS1,lncRNA,1.0,5.0,2.0,5.0,2.5,4.0
OVAAL,lncRNA,0.0,2.0,0.0,4.0,2.0,3.0
OVCH1-AS1,lncRNA,4.0,5.0,1.0,2.0,10.0,6.0
OVOL1-AS1,lncRNA,0.0,2.0,0.0,0.0,4.0,3.0
OXCT1-AS1,lncRNA,2.0,3.5,7.0,0.0,7.5,6.5
P3H2-AS1,lncRNA,0.0,0.0,0.0,0.0,1.0,1.0
P4HA2-AS1,lncRNA,0.0,0.0,0.0,0.0,0.0,1.0
P4HA3-AS1,lncRNA,0.0,0.5,0.0,0.0,3.0,4.0
PABPC1L2B-AS1,lncRNA,0.0,0.0,0.0,1.0,10.0,27.0
PABPC4-AS1,lncRNA,0.0,1.0,0.0,0.0,3.5,0.5
PABPC5-AS1,lncRNA,1.0,0.0,8.0,4.0,41.0,24.0
PACERR,lncRNA,5.0,0.0,2.5,1.0,4.5,5.5
PACRG-AS1,lncRNA,1.0,6.0,10.0,9.0,31.0,16.0
PACRG-AS2,lncRNA,0.0,1.0,0.0,0.0,3.0,8.0
PACRG-AS3,lncRNA,6.0,7.0,6.0,6.0,19.0,28.0
PALLD-AS1,lncRNA,0.0,0.0,0.0,0.0,2.0,0.0
PAN3-AS1,lncRNA,0.0,10.0,4.0,2.0,12.0,8.0
PANCR,lncRNA,3.0,2.0,0.0,0.0,1.0,2.0
PANDAR,lncRNA,0.0,0.5,0.5,0.0,0.0,0.0
PANK2-AS1,lncRNA,0.0,0.0,0.0,0.0,11.0,3.0
PANTR1,lncRNA,3.0,12.0,7.0,3.0,15.0,15.0
PAPPA-AS1,lncRNA,0.0,1.0,2.0,0.5,6.5,6.5
PAPPA-AS2,lncRNA,2.0,1.0,0.0,0.0,5.0,2.0
PAQR9-AS1,lncRNA,0.83,7.0,1.67,4.83,19.83,18.33
PARAL1,lncRNA,0.0,0.0,0.0,0.0,0.5,0.5
PARD3-AS1,lncRNA,4.0,0.0,0.0,0.0,4.0,1.0
PARD6G-AS1,lncRNA,1.0,11.0,8.0,8.0,29.0,27.0
PARM1-AS1,lncRNA,0.0,2.0,0.0,0.0,4.0,10.0
PARP11-AS1,lncRNA,0.0,2.0,1.0,1.0,1.0,2.0
PART1,lncRNA,13.33,21.0,24.0,23.0,161.0,251.0
PARTICL,lncRNA,0.0,2.0,1.0,1.0,9.0,2.0
PAUPAR,lncRNA,2.0,9.0,5.5,5.0,31.0,29.5
PAX8-AS1,lncRNA,12.0,13.0,11.5,10.0,65.0,48.5
PAXBP1-AS1,lncRNA,3.0,1.0,3.0,3.0,13.0,11.0
PAXIP1-AS2,lncRNA,2.0,3.0,0.0,5.0,33.5,19.0
PAXIP1-DT,lncRNA,1.0,6.0,0.0,7.0,3.0,7.0
PBX1-AS1,lncRNA,0.0,0.0,0.0,4.0,5.0,6.0
PCA3,lncRNA,0.5,11.5,3.0,3.0,10.5,20.0
PCAT1,lncRNA,5.0,10.5,5.5,18.0,43.5,33.0
PCAT14,lncRNA,1.0,0.0,2.0,1.0,6.0,3.0
PCAT18,lncRNA,0.0,0.5,0.0,0.0,0.83,1.5
PCAT19,lncRNA,1.0,6.0,3.0,9.0,23.0,15.0
PCAT4,lncRNA,1.0,0.0,1.0,1.0,5.0,8.0
PCAT5,lncRNA,2.0,1.0,3.0,3.0,19.0,22.0
PCAT6,lncRNA,3.0,0.0,5.0,4.0,10.0,6.0
PCAT7,lncRNA,2.0,5.0,1.0,4.5,17.0,30.5
PCBP1-AS1,lncRNA,28.5,55.0,26.0,30.0,84.5,70.0
PCBP2-OT1,lncRNA,2.0,0.0,0.0,1.0,1.5,2.25
PCBP3-AS1,lncRNA,6.0,5.0,8.0,3.0,29.0,16.0
PCCA-AS1,lncRNA,0.0,0.0,0.0,7.0,2.0,3.0
PCCA-DT,lncRNA,0.0,0.0,0.0,3.0,6.0,4.0
PCDH9-AS3,lncRNA,0.0,0.0,0.0,0.0,1.0,1.0
PCDH9-AS4,lncRNA,0.0,0.0,0.0,0.0,0.0,1.0
PCED1B-AS1,lncRNA,3.0,2.0,0.0,5.5,1.0,10.5
PCF11-AS1,lncRNA,0.0,0.0,0.0,0.0,0.5,1.5
PCGEM1,lncRNA,0.0,2.0,0.0,0.0,0.0,0.0
PCOLCE-AS1,lncRNA,1.5,0.0,1.0,3.5,11.5,11.0
PCOTH,lncRNA,0.0,0.5,1.0,1.0,2.0,1.0
PCSEAT,lncRNA,0.0,2.0,0.0,0.5,8.5,5.0
PCSK6-AS1,lncRNA,0.0,0.0,0.0,0.0,1.0,0.0
PCYT1B-AS1,lncRNA,0.0,0.0,0.0,0.0,0.0,1.0
PDC-AS1,lncRNA,4.0,13.0,10.0,10.0,57.0,57.0
PDCD4-AS1,lncRNA,1.5,0.5,1.0,0.0,2.5,0.0
PDE11A-AS1,lncRNA,1.0,1.0,0.0,0.0,1.0,1.0
PDE2A-AS1,lncRNA,2.0,3.0,0.0,1.0,3.0,3.0
PDE2A-AS2,lncRNA,1.0,0.0,0.0,0.0,2.0,2.0
PDE4B-AS1,lncRNA,0.0,0.0,0.0,0.0,0.0,1.0
PDE6B-AS1,lncRNA,1.5,1.0,2.0,1.0,8.0,6.0
PDE9A-AS1,lncRNA,1.0,0.0,0.0,0.0,5.0,2.0
PDXDC2P-NPIPB14P,lncRNA,1.5,1.5,2.0,14.0,8.5,11.5
PDXP-DT,lncRNA,0.0,1.0,5.0,1.33,13.0,15.0
PDYN-AS1,lncRNA,0.0,2.0,1.0,2.0,8.0,13.0
PDZRN3-AS1,lncRNA,0.0,0.0,0.0,0.0,1.5,2.0
PEF1-AS1,lncRNA,1.0,4.0,3.0,2.5,7.0,4.0
PEG13,lncRNA,2.0,7.0,12.0,7.0,36.0,44.0
PELATON,lncRNA,3.0,6.0,7.0,5.0,35.0,29.0
PEX5L-AS1,lncRNA,0.0,1.0,0.0,0.0,3.0,8.0
PEX5L-AS2,lncRNA,1.0,2.0,2.0,1.0,9.0,3.0
PFKP-DT,lncRNA,0.0,0.0,0.0,0.0,1.0,0.0
PGM5-AS1,lncRNA,0.0,0.0,2.0,0.0,2.0,0.0
PGM5P3-AS1,lncRNA,0.0,1.0,1.0,1.0,8.0,6.0
PGM5P4-AS1,lncRNA,0.0,1.0,0.0,1.0,2.0,2.0
PGR-AS1,lncRNA,2.0,2.5,0.0,1.5,4.5,4.5
PHACTR2-AS1,lncRNA,2.0,2.0,3.0,0.0,11.0,4.0
PHACTR3-AS1,lncRNA,1.0,4.0,2.0,2.0,2.0,3.0
PHC2-AS1,lncRNA,0.0,0.0,0.0,0.0,2.0,1.0
PHEX-AS1,lncRNA,0.0,0.0,1.0,0.0,7.0,2.0
PHKA1-AS1,lncRNA,0.0,1.0,0.0,0.0,1.0,0.0
PHKA2-AS1,lncRNA,0.0,0.0,1.5,0.5,5.5,5.5
PHOX2B-AS1,lncRNA,0.0,1.0,2.0,1.0,11.0,15.5
PICART1,lncRNA,0.0,2.0,0.0,0.0,8.0,5.0
PICSAR,lncRNA,4.0,5.0,0.0,1.0,6.0,13.0
PIGY-DT,lncRNA,1.0,0.0,0.0,0.0,0.0,1.5
PIK3CD-AS1,lncRNA,2.0,0.0,3.0,6.0,11.0,11.0
PIK3CD-AS2,lncRNA,1.0,0.0,0.0,6.0,4.0,1.0
PIK3IP1-DT,lncRNA,0.5,1.0,0.0,0.0,0.0,1.0
PINCR,lncRNA,0.0,1.0,1.0,0.0,0.0,2.0
PINK1-AS,lncRNA,0.5,2.0,0.0,8.0,2.5,3.5
PISRT1,lncRNA,0.0,0.5,0.0,0.0,0.0,2.0
PITPNA-AS1,lncRNA,0.0,2.0,0.0,1.0,0.0,0.5
PITPNM2-AS1,lncRNA,0.0,1.0,0.0,1.0,2.0,4.0
PITRM1-AS1,lncRNA,1.0,1.83,0.5,4.5,12.33,29.17
PKD1P6-NPIPP1,lncRNA,0.0,1.0,1.0,1.0,4.0,1.0
PKIA-AS1,lncRNA,0.0,5.0,3.0,3.0,7.0,10.0
PKN2-AS1,lncRNA,11.0,9.0,6.0,3.0,39.0,34.0
PKNOX2-AS1,lncRNA,1.0,2.0,1.0,0.0,7.0,3.0
PKP4-AS1,lncRNA,2.0,0.0,5.0,2.0,19.0,14.0
PLA2G4C-AS1,lncRNA,0.0,0.0,0.0,0.0,3.0,0.5
PLA2G4E-AS1,lncRNA,0.0,0.0,1.0,0.0,5.0,6.5
PLAC4,lncRNA,2.0,5.0,2.0,1.0,31.0,41.0
PLBD1-AS1,lncRNA,7.0,4.5,3.5,6.0,15.0,17.5
PLCB2-AS1,lncRNA,0.0,0.0,0.0,0.0,0.0,1.0
PLCE1-AS1,lncRNA,0.0,3.0,0.0,4.0,19.0,13.0
PLCE1-AS2,lncRNA,3.0,8.0,4.0,1.0,7.0,11.0
PLCG1-AS1,lncRNA,21.0,24.0,18.5,68.0,44.0,41.5
PLCH1-AS1,lncRNA,1.0,0.0,0.0,0.0,2.0,5.0
PLCH1-AS2,lncRNA,0.0,0.0,0.0,0.0,0.0,1.0
PLCL2-AS1,lncRNA,0.0,0.0,0.0,0.0,0.0,1.0
PLCXD2-AS1,lncRNA,0.0,0.0,0.0,2.0,2.0,6.0
PLS1-AS1,lncRNA,0.0,0.0,0.0,0.0,2.0,0.0
PLS3-AS1,lncRNA,0.0,1.0,1.0,1.0,4.0,4.0
PLSCR5-AS1,lncRNA,0.0,0.0,0.0,0.0,0.0,0.5
PLUT,lncRNA,1.0,2.0,2.0,1.0,5.0,4.0
POC1B-AS1,lncRNA,4.0,4.5,1.0,5.0,22.5,30.5
POLH-AS1,lncRNA,1.0,1.0,1.0,2.0,1.0,3.0
POLR2J4,lncRNA,1.67,2.0,1.0,0.67,6.17,9.17
POT1-AS1,lncRNA,1.0,4.5,4.0,1.0,9.5,9.5
POTEH-AS1,lncRNA,0.0,0.0,1.0,3.0,6.0,6.0
POU6F2-AS1,lncRNA,2.0,0.0,0.0,6.0,0.0,2.0
POU6F2-AS2,lncRNA,0.0,2.0,0.0,2.0,1.0,2.0
PP12613,lncRNA,1.0,5.0,1.5,1.0,11.5,8.5
PP2672,lncRNA,1.0,1.0,1.0,1.0,14.0,8.0
PP7080,lncRNA,8.5,4.33,8.83,3.0,64.17,49.83
PPFIA2-AS1,lncRNA,1.0,0.0,0.0,0.0,2.0,2.0
PPIC-AS1,lncRNA,1.0,0.0,0.0,0.0,2.5,4.0
PPM1B-DT,lncRNA,0.83,0.5,0.5,0.5,14.5,15.0
PPM1F-AS1,lncRNA,35.5,25.0,21.0,21.5,161.5,102.5
PPM1K-DT,lncRNA,1.0,2.5,0.0,0.0,0.5,2.5
PPP1R12A-AS1,lncRNA,2.0,8.5,2.5,5.5,2.0,12.0
PPP1R14B-AS1,lncRNA,1.0,0.5,0.0,1.0,4.5,1.5
PPP1R21-DT,lncRNA,0.0,0.0,0.0,0.0,3.0,1.0
PPP1R26-AS1,lncRNA,2.0,13.0,4.0,2.0,9.0,11.0
PPP1R35-AS1,lncRNA,0.5,0.5,0.5,1.5,0.0,1.5
PPP1R9A-AS1,lncRNA,2.0,0.0,0.0,3.0,6.0,2.0
PPP2R2B-IT1,lncRNA,0.0,1.0,0.0,1.0,4.0,2.0
PPP3CB-AS1,lncRNA,2.0,5.0,0.0,8.0,7.0,4.5
PPP4R1-AS1,lncRNA,0.0,0.0,0.0,0.0,0.0,2.0
PPP4R3B-DT,lncRNA,0.0,0.0,0.0,0.0,4.0,1.5
PRANCR,lncRNA,4.5,1.0,2.0,6.0,6.0,9.5
PRC1-AS1,lncRNA,4.0,4.17,0.67,6.33,13.67,6.33
PRDM16-DT,lncRNA,5.0,6.0,9.0,13.0,74.0,72.0
PRDX6-AS1,lncRNA,5.0,2.0,4.0,3.0,18.0,20.0
PRECSIT,lncRNA,3.0,0.0,1.0,7.0,9.0,5.0
PRICKLE2-AS1,lncRNA,1.16,3.16,2.16,2.0,15.0,17.0
PRICKLE2-AS2,lncRNA,0.0,0.0,0.0,0.0,1.0,0.0
PRICKLE2-AS3,lncRNA,0.0,2.0,0.5,0.0,0.5,1.5
PRICKLE2-DT,lncRNA,0.0,0.0,0.0,3.0,4.0,2.5
PRKAG2-AS1,lncRNA,1.0,1.0,3.0,1.0,3.0,4.0
PRKAR1B-AS1,lncRNA,0.0,0.0,0.0,0.0,6.0,3.0
PRKAR1B-AS2,lncRNA,2.0,0.0,1.0,2.0,2.0,1.0
PRKAR2A-AS1,lncRNA,3.0,6.0,1.5,6.5,13.0,9.5
PRKAR2B-AS1,lncRNA,0.0,0.0,0.0,1.0,10.0,4.0
PRKCA-AS1,lncRNA,0.0,0.0,1.0,0.0,2.0,5.0
PRKCQ-AS1,lncRNA,3.0,3.0,6.0,4.0,14.0,11.0
PRKCZ-AS1,lncRNA,1.0,1.0,1.0,1.0,11.0,6.0
PRKG1-AS1,lncRNA,1.0,1.0,2.0,3.0,18.5,25.0
PRKG2-AS1,lncRNA,0.0,0.0,0.0,0.0,1.0,1.0
PRMT5-AS1,lncRNA,1.5,3.0,2.0,2.0,37.5,39.0
PRNCR1,lncRNA,29.0,44.0,14.5,16.5,111.0,126.5
PRNT,lncRNA,0.0,2.0,1.0,1.0,8.0,4.0
PRORY,lncRNA,1.0,2.0,0.0,1.0,11.0,11.0
PROSER2-AS1,lncRNA,2.0,1.0,1.0,2.0,8.0,5.5
PROX1-AS1,lncRNA,4.5,29.0,8.5,10.0,68.5,74.0
PRR29-AS1,lncRNA,4.0,2.0,1.0,5.0,16.0,16.0
PRR34,lncRNA,3.0,2.0,3.0,2.0,7.83,6.0
PRR34-AS1,lncRNA,0.0,0.0,0.0,1.0,7.83,3.0
PRR7-AS1,lncRNA,8.0,5.0,0.0,1.0,15.5,15.5
PRRT3-AS1,lncRNA,2.0,1.5,1.0,0.0,3.5,7.5
PRRX2-AS1,lncRNA,0.0,1.0,0.0,1.0,1.0,3.0
PRSS30P,lncRNA,7.0,1.0,9.0,8.0,14.0,7.0
PSD2-AS1,lncRNA,2.0,1.0,2.0,0.0,1.0,2.0
PSG8-AS1,lncRNA,1.0,4.0,3.0,3.0,1.0,2.0
PSLNR,lncRNA,1.0,0.0,0.0,4.0,1.0,0.0
PSMA3-AS1,lncRNA,2.0,2.0,1.0,3.0,25.0,32.0
PSMB8-AS1,lncRNA,1.0,1.0,2.0,1.5,31.17,23.33
PSMD6-AS1,lncRNA,1.17,0.0,0.0,0.0,0.0,0.0
PSMD6-AS2,lncRNA,5.67,4.0,4.0,1.0,14.5,1.0
PSMG3-AS1,lncRNA,6.0,6.0,3.0,9.0,33.0,21.5
PSORS1C3,lncRNA,0.0,0.0,0.0,1.0,1.0,0.0
PSPC1-AS2,lncRNA,0.0,0.0,0.0,0.0,0.0,1.0
PTCHD1-AS,lncRNA,0.0,0.0,0.0,0.0,2.0,2.0
PTCSC1,lncRNA,1.0,3.0,4.0,1.0,5.0,8.0
PTCSC2,lncRNA,0.0,3.0,2.0,3.0,6.0,2.0
PTCSC3,lncRNA,0.0,0.0,0.0,2.0,1.0,0.0
PTENP1-AS,lncRNA,2.0,0.0,1.0,0.5,6.5,2.5
PTGER4P2-CDK2AP2P2,lncRNA,0.0,0.0,1.5,1.0,2.0,1.5
PTGES2-AS1,lncRNA,2.0,3.0,6.0,2.0,30.0,25.0
PTOV1-AS1,lncRNA,1.0,2.5,6.0,8.5,12.5,12.5
PTOV1-AS2,lncRNA,0.0,0.0,1.5,2.0,13.5,13.0
PTPRD-AS1,lncRNA,1.0,5.0,4.0,15.0,10.0,12.0
PTPRD-AS2,lncRNA,0.0,0.0,2.0,0.0,2.0,4.0
PTPRG-AS1,lncRNA,0.5,8.0,0.5,3.0,15.5,15.5
PTPRK-AS1,lncRNA,0.0,5.0,0.0,0.0,0.5,1.0
PTPRN2-AS1,lncRNA,2.0,0.0,2.0,0.0,12.0,10.0
PTPRT-AS1,lncRNA,0.0,0.0,0.0,1.0,0.0,5.0
PURPL,lncRNA,0.0,3.0,2.0,2.0,6.0,5.0
PVT1,lncRNA,5.0,13.0,13.0,17.0,44.5,59.0
PWRN1,lncRNA,10.0,11.0,5.0,16.0,34.5,37.0
PWRN2,lncRNA,0.0,5.0,0.0,0.0,3.0,5.0
PWRN4,lncRNA,2.0,2.0,1.0,0.0,3.0,7.0
PXN-AS1,lncRNA,1.0,3.5,2.0,6.0,29.0,34.0
PYCARD-AS1,lncRNA,0.5,1.5,1.0,0.0,2.5,5.5
RAB11B-AS1,lncRNA,3.0,1.0,1.0,3.0,6.0,4.0
RAB30-DT,lncRNA,4.0,5.0,2.0,11.0,12.0,8.5
RAB33B-AS1,lncRNA,1.0,2.0,6.0,6.5,9.0,12.0
RABGAP1L-AS1,lncRNA,0.0,0.0,0.0,0.0,0.0,1.0
RABGAP1L-DT,lncRNA,5.0,5.0,2.0,3.0,18.0,13.0
RABGAP1L-IT1,lncRNA,0.0,6.0,0.0,3.0,1.0,0.0
RAD21-AS1,lncRNA,3.83,2.33,1.83,0.83,13.5,9.83
RAD51-AS1,lncRNA,1.0,2.0,3.0,3.0,11.0,11.0
RAET1E-AS1,lncRNA,1.5,0.5,4.5,0.5,19.33,18.0
RAI1-AS1,lncRNA,2.0,0.0,0.0,0.0,1.0,1.0
RALGPS2-AS1,lncRNA,3.0,6.0,1.5,6.5,31.0,37.0
RALY-AS1,lncRNA,4.0,6.0,6.0,7.0,24.0,26.0
RAMP2-AS1,lncRNA,5.5,8.0,12.0,9.5,41.5,43.5
RAP2C-AS1,lncRNA,3.0,5.0,1.0,2.0,12.0,13.0
RAPGEF4-AS1,lncRNA,4.0,0.0,5.0,5.0,9.5,6.5
RARA-AS1,lncRNA,3.0,3.0,4.5,2.5,19.5,25.5
RASA2-IT1,lncRNA,0.0,0.0,1.0,0.0,0.0,1.0
RASA3-IT1,lncRNA,0.0,1.0,1.0,0.0,1.0,0.0
RASAL2-AS1,lncRNA,2.0,4.0,9.0,1.0,7.0,7.0
RASGRF2-AS1,lncRNA,0.0,1.0,1.5,0.0,5.5,5.5
RASGRP3-AS1,lncRNA,0.0,2.0,0.0,0.0,0.0,0.0
RASSF1-AS1,lncRNA,1.0,0.5,0.5,0.0,11.0,4.0
RASSF10-DT,lncRNA,0.0,0.0,1.0,0.0,0.0,2.0
RASSF8-AS1,lncRNA,4.0,6.0,9.0,13.0,46.0,27.0
RB1-DT,lncRNA,0.0,0.0,0.0,6.0,3.0,2.0
RBAKDN,lncRNA,0.0,0.5,0.0,3.0,11.5,16.5
RBFADN,lncRNA,5.5,3.0,0.0,2.0,27.0,12.83
RBM15-AS1,lncRNA,24.0,42.0,6.0,4.0,12.5,14.0
RBM26-AS1,lncRNA,1.5,30.5,13.0,8.0,16.5,45.5
RBM38-AS1,lncRNA,1.5,4.0,5.0,6.0,9.0,10.5
RBM5-AS1,lncRNA,0.0,1.0,0.0,2.0,0.0,0.5
RBMS3-AS1,lncRNA,0.0,1.0,0.0,1.0,0.0,1.0
RBMS3-AS2,lncRNA,1.0,0.0,0.0,3.0,0.0,2.0
RBMS3-AS3,lncRNA,64.0,24.0,25.0,30.0,53.0,35.0
RBPMS-AS1,lncRNA,0.5,0.5,3.0,7.0,5.5,1.5
RC3H1-IT1,lncRNA,0.0,0.0,0.0,1.0,0.0,0.0
RCAN3AS,lncRNA,0.0,0.0,1.0,0.0,1.5,0.5
RCC2-AS1,lncRNA,0.0,0.0,0.0,0.0,0.0,1.5
RCCD1-AS1,lncRNA,1.5,0.5,1.5,1.5,6.0,4.5
RDH10-AS1,lncRNA,0.0,0.0,1.0,2.0,3.5,5.0
RELA-DT,lncRNA,0.0,3.0,1.0,1.0,12.0,13.5
REPIN1-AS1,lncRNA,0.0,4.0,0.5,0.0,0.0,6.0
RERE-AS1,lncRNA,1.0,1.0,1.0,6.0,8.0,3.0
RERG-IT1,lncRNA,1.0,0.0,0.0,0.0,4.0,0.0
REV3L-IT1,lncRNA,0.0,0.0,0.0,0.0,0.0,1.0
RFPL1S,lncRNA,4.0,10.0,4.0,12.5,23.5,30.5
RFPL3S,lncRNA,3.0,8.0,3.0,7.0,38.5,49.0
RFX3-AS1,lncRNA,3.0,1.0,0.0,0.0,8.0,3.0
RFX5-AS1,lncRNA,0.0,0.0,0.0,0.0,8.0,9.0
RGMB-AS1,lncRNA,2.5,0.0,8.0,5.0,22.0,28.0
RGPD4-AS1,lncRNA,0.0,2.0,1.0,2.0,1.0,1.0
RGS5,lncRNA,0.0,0.0,1.0,0.0,5.0,5.0
RGS5-AS1,lncRNA,4.0,1.0,1.0,0.0,3.0,2.0
RHOA-IT1,lncRNA,2.0,0.0,0.0,1.0,0.0,4.0
RHOQ-AS1,lncRNA,1.0,0.0,0.0,0.0,2.0,1.0
RHOXF1-AS1,lncRNA,0.0,1.0,1.0,0.0,3.0,3.0
RHPN1-AS1,lncRNA,6.0,0.0,6.0,4.0,7.0,9.0
RIC3-DT,lncRNA,0.0,4.0,1.0,5.0,7.0,4.0
RIPOR3-AS1,lncRNA,0.0,0.0,2.0,0.0,3.0,8.0
RMDN2-AS1,lncRNA,0.0,1.0,1.0,1.0,10.0,11.0
RMRP,lncRNA,117.0,60.0,999.5,148.0,132.5,166.5
RMST,lncRNA,6.0,2.0,6.0,10.0,22.0,18.5
RN7SL832P,lncRNA,0.0,5.0,0.0,1.0,2.5,0.0
RNASEH1-AS1,lncRNA,9.0,5.0,3.0,9.0,28.0,36.0
RNASEH2B-AS1,lncRNA,2.0,8.0,4.0,9.0,14.0,10.5
RNF139-AS1,lncRNA,0.0,0.0,2.0,1.0,6.0,12.0
RNF157-AS1,lncRNA,2.5,2.0,0.5,4.5,13.5,14.5
RNF185-AS1,lncRNA,0.0,0.0,0.5,0.0,0.0,0.5
RNF207-AS1,lncRNA,2.0,3.0,0.0,0.0,1.5,3.0
RNF213-AS1,lncRNA,17.5,38.5,24.0,16.5,50.5,50.5
RNF216-IT1,lncRNA,1.0,1.0,0.0,1.0,1.0,0.0
RNF216P1,lncRNA,2.0,4.33,4.0,8.5,12.0,7.5
RNF217-AS1,lncRNA,6.5,8.5,30.0,8.5,11.5,11.5
RNF32-AS1,lncRNA,1.0,1.0,0.0,0.5,13.5,6.5
RNFT1-DT,lncRNA,0.0,1.0,4.5,2.0,1.0,1.5
ROCR,lncRNA,0.0,2.5,5.0,1.0,16.0,11.83
ROPN1L-AS1,lncRNA,0.0,0.0,0.0,0.5,0.0,1.5
ROR1-AS1,lncRNA,2.0,1.0,2.0,2.0,6.0,4.0
RORA-AS1,lncRNA,2.5,2.5,5.5,5.5,1.0,4.0
RORA-AS2,lncRNA,0.0,0.0,2.0,1.0,1.0,1.0
RORB-AS1,lncRNA,2.0,1.0,1.0,3.0,10.0,10.0
RPARP-AS1,lncRNA,7.0,7.0,2.5,11.5,23.0,14.0
RPL34-DT,lncRNA,2.0,1.0,3.0,1.0,34.0,22.0
RPL37A-DT,lncRNA,0.0,0.0,0.0,0.0,0.0,3.0
RPP38-DT,lncRNA,3.0,1.0,2.0,0.0,5.0,2.5
RPS6KA2-AS1,lncRNA,0.0,0.0,0.0,1.0,1.0,0.0
RPS6KA2-IT1,lncRNA,8.0,16.0,7.0,6.0,10.0,11.0
RPS6KB2-AS1,lncRNA,0.0,0.0,1.5,0.5,1.0,2.0
RRM1-AS1,lncRNA,0.0,0.0,0.0,1.0,0.0,0.0
RRN3P2,lncRNA,1.0,0.0,0.0,1.5,3.5,0.5
RRS1-AS1,lncRNA,0.0,1.0,2.0,0.0,0.0,3.0
RSF1-IT1,lncRNA,0.0,4.0,0.0,2.0,0.0,1.0
RSF1-IT2,lncRNA,1.0,0.0,0.0,3.0,1.0,1.0
RTCA-AS1,lncRNA,0.5,3.0,2.5,8.0,17.0,14.5
RUFY1-AS1,lncRNA,1.0,1.0,0.0,1.5,2.0,10.0
RUNDC3A-AS1,lncRNA,5.0,10.5,2.0,4.0,51.5,48.5
RUNX2-AS1,lncRNA,1.0,0.0,2.0,1.0,2.0,1.0
RUNX3-AS1,lncRNA,0.0,0.0,0.0,0.0,7.0,2.0
RUSC1-AS1,lncRNA,1.0,1.5,1.0,1.5,23.0,19.5
RUVBL1-AS1,lncRNA,0.0,0.0,0.0,0.0,6.0,0.0
RXYLT1-AS1,lncRNA,4.0,0.0,0.0,2.0,2.0,1.5
RYR3-DT,lncRNA,3.0,2.0,2.0,0.0,3.0,2.0
SACS-AS1,lncRNA,3.0,1.0,7.0,1.0,6.0,4.0
SALRNA1,lncRNA,0.0,3.0,0.0,1.0,7.0,2.0
SALRNA2,lncRNA,0.0,1.0,0.0,0.0,6.0,5.0
SALRNA3,lncRNA,1.0,1.0,0.0,0.0,0.0,2.0
SAMD12-AS1,lncRNA,0.0,0.0,2.0,2.0,7.0,6.0
SAMMSON,lncRNA,21.0,28.5,17.5,12.0,35.0,32.5
SAMSN1-AS1,lncRNA,0.0,0.0,0.0,1.0,1.0,0.0
SAP30-DT,lncRNA,2.5,6.5,7.5,12.5,86.5,66.0
SAP30L-AS1,lncRNA,2.0,4.0,2.0,3.0,25.5,27.0
SAPCD1-AS1,lncRNA,0.0,0.0,0.33,0.0,0.5,0.33
SATB1-AS1,lncRNA,4.0,4.0,2.0,8.0,42.0,29.0
SATB2-AS1,lncRNA,5.0,8.5,2.0,8.5,38.0,25.0
SBF2-AS1,lncRNA,3.0,2.5,0.0,1.0,19.5,14.5
SBNO1-AS1,lncRNA,5.0,6.0,8.33,6.33,16.67,16.67
SCAANT1,lncRNA,0.0,0.0,0.0,0.0,1.0,3.0
SCAMP1-AS1,lncRNA,2.0,1.0,1.0,7.0,11.0,13.0
SCARNA9,lncRNA,0.0,0.5,2.0,4.0,0.0,0.5
SCAT1,lncRNA,13.0,21.0,23.0,16.0,123.0,101.0
SCAT2,lncRNA,0.0,0.0,0.0,0.0,1.0,1.0
SCAT8,lncRNA,0.0,1.0,0.0,1.0,0.0,0.0
SCG5-AS1,lncRNA,1.0,0.0,1.0,0.5,0.0,1.5
SCGB1B2P,lncRNA,1.0,0.0,1.0,1.0,5.0,7.0
SCHLAP1,lncRNA,13.0,54.0,15.0,16.0,174.0,331.0
SCN1A-AS1,lncRNA,1.0,9.0,2.0,7.0,37.0,28.5
SCOC-AS1,lncRNA,1.0,3.0,5.0,3.0,18.0,21.0
SCP2D1-AS1,lncRNA,0.0,0.0,0.0,0.0,2.0,0.0
SCTR-AS1,lncRNA,4.0,9.0,6.0,4.0,25.0,39.0
SCUBE1-AS1,lncRNA,1.0,0.0,0.0,2.0,4.0,6.0
SCUBE1-AS2,lncRNA,0.0,0.0,1.0,0.0,0.0,4.0
SDAD1-AS1,lncRNA,0.0,2.0,1.0,0.0,2.0,1.0
SDCBP2-AS1,lncRNA,0.0,5.5,0.0,3.0,8.5,6.0
SDK1-AS1,lncRNA,0.0,0.0,0.0,1.0,2.0,2.0
SEC23A-AS1,lncRNA,0.0,0.0,0.0,0.0,1.5,1.5
SEC24B-AS1,lncRNA,0.0,3.0,3.0,6.5,39.0,31.5
SEC61G-DT,lncRNA,0.0,1.0,1.0,0.0,8.0,4.0
SEMA3B-AS1,lncRNA,0.0,1.0,0.0,0.0,1.0,1.0
SEMA3F-AS1,lncRNA,0.0,9.0,1.5,0.0,13.0,8.5
SEMA5A-AS1,lncRNA,0.0,0.0,1.0,0.0,4.0,3.0
SEMA6A-AS1,lncRNA,0.0,1.5,0.5,0.0,6.5,3.0
SEMA6A-AS2,lncRNA,0.0,0.0,2.0,3.0,12.0,9.0
SENCR,lncRNA,6.0,6.0,3.0,1.0,19.5,22.0
SEPSECS-AS1,lncRNA,0.0,4.0,1.0,3.0,1.0,2.0
SEPTIN4-AS1,lncRNA,0.0,0.0,0.0,0.0,0.5,2.0
SEPTIN7-DT,lncRNA,4.0,3.0,4.0,1.0,14.0,6.0
SEPTIN9-DT,lncRNA,1.0,0.0,1.0,2.0,5.0,2.0
SERPINB9P1,lncRNA,0.0,1.0,4.0,0.0,4.0,6.0
SERTAD4-AS1,lncRNA,0.0,0.0,1.0,0.0,12.0,0.5
SETBP1-DT,lncRNA,1.0,4.0,2.0,1.0,8.0,4.0
SETD4-AS1,lncRNA,0.0,0.0,0.0,0.0,3.0,0.5
SEZ6L-AS1,lncRNA,1.0,0.0,0.0,0.0,0.0,0.0
SFTA1P,lncRNA,4.0,0.0,3.0,2.0,6.0,4.0
SFTA3,lncRNA,1.0,0.0,2.0,2.0,10.0,5.0
SFTPD-AS1,lncRNA,1.0,1.0,0.0,1.0,18.0,10.0
SGMS1-AS1,lncRNA,3.5,7.0,11.0,11.5,86.0,50.5
SGO1-AS1,lncRNA,1.0,8.0,0.0,4.0,6.0,9.5
SGSM3-AS1,lncRNA,1.0,0.0,0.0,0.0,1.0,0.0
SH3BP5-AS1,lncRNA,1.5,2.5,1.0,4.0,18.0,14.5
SH3PXD2A-AS1,lncRNA,2.0,1.0,0.0,1.0,2.0,1.0
SH3RF3-AS1,lncRNA,1.0,2.0,3.0,3.0,13.0,17.0
SH3TC2-DT,lncRNA,18.0,2.0,2.0,0.0,38.0,13.0
SHANK2-AS1,lncRNA,1.0,11.0,6.0,3.0,28.0,19.0
SHANK2-AS2,lncRNA,0.0,0.0,0.0,0.0,1.0,0.0
SHANK2-AS3,lncRNA,0.0,0.0,0.0,1.0,1.0,2.0
SHROOM3-AS1,lncRNA,2.0,4.0,6.5,4.5,68.5,44.0
SIAH2-AS1,lncRNA,3.0,5.0,0.0,1.5,11.5,7.0
SIDT1-AS1,lncRNA,1.0,0.0,0.0,0.0,3.0,1.0
SIGLEC10-AS1,lncRNA,0.0,0.0,0.5,0.5,4.0,3.5
SILC1,lncRNA,10.0,22.0,9.0,15.0,72.0,55.0
SIRLNT,lncRNA,1.0,0.0,0.0,0.0,2.0,0.0
SIRPG-AS1,lncRNA,0.0,1.0,1.0,2.0,2.0,3.0
SIX3-AS1,lncRNA,0.5,1.0,1.5,1.0,4.0,4.0
SKAP1-AS1,lncRNA,1.0,4.0,0.0,1.0,2.0,2.0
SLBP-DT,lncRNA,1.5,0.0,2.0,2.5,4.0,4.5
SLC12A5-AS1,lncRNA,11.0,44.0,17.0,28.5,87.5,135.0
SLC12A9-AS1,lncRNA,1.0,1.0,4.0,2.0,18.0,20.0
SLC14A2-AS1,lncRNA,1.0,0.0,0.0,0.0,0.0,4.0
SLC16A1-AS1,lncRNA,9.0,16.0,4.0,11.0,42.5,23.0
SLC16A12-AS1,lncRNA,0.0,2.0,0.0,0.0,0.0,0.5
SLC1A2-AS1,lncRNA,1.0,2.0,0.0,0.0,0.0,2.0
SLC24A3-AS1,lncRNA,1.0,1.0,0.0,3.0,3.0,3.0
SLC25A21-AS1,lncRNA,0.0,0.0,0.0,0.5,5.5,6.5
SLC25A25-AS1,lncRNA,4.5,4.0,4.0,5.0,26.0,27.0
SLC25A30-AS1,lncRNA,1.0,0.0,5.0,0.0,13.0,11.5
SLC25A34-AS1,lncRNA,0.0,0.0,0.0,1.0,2.0,0.0
SLC25A48-AS1,lncRNA,0.0,1.0,1.0,1.0,3.0,1.0
SLC25A5-AS1,lncRNA,0.0,3.0,6.0,5.0,22.0,9.5
SLC26A4-AS1,lncRNA,8.0,10.0,4.5,6.0,21.5,28.5
SLC2A1-AS1,lncRNA,1.0,2.0,2.0,4.0,8.0,2.5
SLC2A9-AS1,lncRNA,0.0,0.0,0.0,0.0,1.0,0.0
SLC30A6-DT,lncRNA,0.0,0.0,0.0,0.0,2.0,1.0
SLC35F3-AS1,lncRNA,0.0,0.0,0.0,0.0,1.0,0.0
SLC39A12-AS1,lncRNA,1.0,1.0,4.0,0.0,22.0,24.0
SLC5A4-AS1,lncRNA,1.0,4.0,5.0,7.5,29.5,41.5
SLC6A1-AS1,lncRNA,0.0,0.0,0.0,1.0,4.0,0.0
SLC6A12-AS1,lncRNA,0.0,0.0,1.0,1.0,5.5,2.0
SLC6A17-AS1,lncRNA,4.0,6.0,1.0,0.5,12.0,6.0
SLC7A11-AS1,lncRNA,1.0,46.0,14.0,16.5,9.5,12.0
SLC7A14-AS1,lncRNA,1.0,3.0,0.0,4.0,6.0,8.5
SLC8A1-AS1,lncRNA,11.0,21.0,14.5,11.0,28.5,37.5
SLC9A3-AS1,lncRNA,3.0,1.0,4.0,4.0,54.0,43.0
SLC9A9-AS1,lncRNA,1.0,2.0,0.0,0.0,0.0,1.0
SLC9A9-AS2,lncRNA,0.0,0.0,0.0,0.0,0.5,0.0
SLCO4A1-AS1,lncRNA,2.0,1.5,3.0,0.0,7.0,1.0
SLFN12L,lncRNA,0.0,0.5,0.0,0.5,2.0,2.5
SLFNL1-AS1,lncRNA,2.5,4.0,6.5,5.0,7.0,10.0
SLIT1-AS1,lncRNA,0.0,0.0,1.0,0.0,5.0,3.0
SLIT2-IT1,lncRNA,0.0,0.0,0.0,0.0,0.0,1.0
SLIT3-AS1,lncRNA,1.0,1.0,3.0,4.0,10.0,8.0
SLIT3-AS2,lncRNA,7.0,0.0,2.0,13.5,24.0,13.0
SLX1A-SULT1A3,lncRNA,2.33,1.0,2.33,5.5,13.83,5.17
SLX1B-SULT1A4,lncRNA,1.5,0.5,1.5,2.5,9.5,3.0
SMAD1-AS1,lncRNA,0.0,0.0,0.5,0.0,1.5,0.5
SMAD1-AS2,lncRNA,0.0,1.0,0.0,0.0,1.0,6.0
SMAD5-AS1,lncRNA,0.0,1.0,1.0,0.5,1.5,2.5
SMAD9-IT1,lncRNA,0.0,2.0,0.0,0.0,1.0,3.0
SMARCA5-AS1,lncRNA,1.0,1.5,2.0,2.0,12.5,13.5
SMARCAL1-AS1,lncRNA,0.0,1.0,0.0,0.0,7.0,4.0
SMC2-AS1,lncRNA,4.0,1.0,1.0,0.0,6.0,3.0
SMC5-AS1,lncRNA,2.0,3.0,0.0,5.0,10.0,13.0
SMCR2,lncRNA,0.5,0.0,0.5,0.0,0.0,0.0
SMCR5,lncRNA,0.0,0.0,0.0,4.0,4.5,5.0
SMG7-AS1,lncRNA,3.0,1.0,3.0,3.0,22.0,15.0
SMILR,lncRNA,0.0,0.0,0.0,0.0,0.0,2.0
SMIM10L2B-AS1,lncRNA,0.0,0.0,0.0,1.0,2.0,3.0
SMIM15-AS1,lncRNA,0.0,4.0,0.0,1.5,3.5,3.0
SMIM2-AS1,lncRNA,3.0,5.5,2.0,2.0,5.5,4.5
SMYD3-IT1,lncRNA,0.0,1.0,0.0,0.0,1.0,2.0
SNAI3-AS1,lncRNA,2.5,9.0,7.0,8.0,23.5,22.5
SNAP25-AS1,lncRNA,6.0,6.0,3.5,4.0,25.5,22.5
SNAP47-AS1,lncRNA,0.0,1.0,0.0,0.0,0.0,3.0
SNCA-AS1,lncRNA,0.0,1.0,2.5,2.5,8.0,10.0
SND1-IT1,lncRNA,0.0,0.0,0.0,1.0,1.0,7.0
SNED1-AS1,lncRNA,0.0,0.5,0.5,0.0,1.0,1.0
SNHG1,lncRNA,1140.0,1074.0,7925.0,1547.0,459.0,2076.5
SNHG10,lncRNA,5.0,7.0,15.0,5.5,29.0,21.33
SNHG11,lncRNA,4.0,5.0,34.0,3.0,21.0,25.0
SNHG12,lncRNA,9.83,4.5,16.83,18.33,20.0,14.5
SNHG14,lncRNA,96.5,340.5,65.5,90.5,231.83,274.67
SNHG15,lncRNA,3.0,1.5,1.0,2.5,8.0,7.0
SNHG16,lncRNA,11.5,49.0,24.0,13.5,21.5,15.0
SNHG17,lncRNA,10.5,12.0,23.5,19.5,38.0,47.5
SNHG18,lncRNA,3.0,5.0,2.0,6.0,20.0,14.0
SNHG19,lncRNA,0.0,0.0,0.0,2.0,0.0,3.0
SNHG20,lncRNA,9.5,41.0,22.83,73.33,1315.0,1137.0
SNHG21,lncRNA,1.0,0.0,1.0,2.0,1.33,0.33
SNHG22,lncRNA,2.5,2.0,6.0,4.5,91.5,97.0
SNHG25,lncRNA,1.67,2.0,1.33,3.0,2.33,2.0
SNHG26,lncRNA,6.0,7.0,5.0,1.0,42.5,34.5
SNHG27,lncRNA,0.0,0.0,0.0,1.0,6.0,5.0
SNHG28,lncRNA,1.67,6.0,2.0,3.67,8.42,10.67
SNHG29,lncRNA,15.5,4.0,9.5,7.5,26.0,31.5
SNHG3,lncRNA,32.0,8.5,12.5,31.0,4.5,51.5
SNHG30,lncRNA,0.0,0.0,0.0,0.0,1.0,1.5
SNHG31,lncRNA,1.0,1.0,0.0,2.0,4.0,1.0
SNHG32,lncRNA,0.0,2.0,4.0,3.0,6.5,4.5
SNHG4,lncRNA,2.5,2.0,0.5,1.0,8.5,3.5
SNHG5,lncRNA,277.0,364.0,343.0,273.5,144.5,156.5
SNHG6,lncRNA,3.0,2.0,6.0,7.5,8.0,10.5
SNHG7,lncRNA,5.5,5.5,11.17,11.17,24.5,21.33
SNHG8,lncRNA,2.5,1.0,1.0,5.0,16.5,7.5
SNHG9,lncRNA,0.5,0.0,5.0,0.5,8.5,2.5
SNRK-AS1,lncRNA,1.5,1.0,0.5,1.0,4.5,9.0
SNTG2-AS1,lncRNA,1.0,0.0,0.0,0.0,2.0,4.0
SNX9-AS1,lncRNA,0.0,0.0,0.0,0.0,1.0,0.0
SOCAR,lncRNA,0.0,1.0,0.5,0.0,0.5,3.0
SOCS2-AS1,lncRNA,4.0,3.5,1.5,2.0,19.0,10.0
SOD2-OT1,lncRNA,0.0,0.0,0.5,0.5,4.0,5.0
SORCS3-AS1,lncRNA,1.0,0.0,0.0,0.0,0.0,6.0
SOS1-IT1,lncRNA,0.0,0.0,2.0,2.0,0.0,2.0
SOX1-OT,lncRNA,1.0,1.0,3.0,3.0,11.0,16.0
SOX2-OT,lncRNA,20.0,36.5,54.5,38.5,298.0,247.0
SOX21-AS1,lncRNA,2.0,5.0,7.0,4.0,41.0,30.0
SOX5-AS1,lncRNA,1.0,3.0,0.0,1.0,4.0,2.0
SOX9-AS1,lncRNA,5.0,6.5,8.0,11.0,63.0,63.5
SP2-AS1,lncRNA,3.0,0.0,0.0,4.0,5.0,4.0
SPACA6P-AS,lncRNA,294.5,136.0,149.0,258.0,691.5,544.0
SPAG5-AS1,lncRNA,0.5,1.5,2.0,7.5,25.5,14.0
SPANXA2-OT1,lncRNA,2.0,1.0,0.0,2.0,8.0,4.0
SPART-AS1,lncRNA,5.5,3.0,2.0,3.5,3.5,8.0
SPATA13,lncRNA,0.0,0.0,0.0,2.67,1.67,1.67
SPATA13-AS1,lncRNA,0.0,0.0,0.0,0.0,0.0,1.0
SPATA17-AS1,lncRNA,0.0,1.0,0.5,1.0,7.0,5.0
SPATA3-AS1,lncRNA,3.0,1.0,3.0,6.0,12.0,12.0
SPATA41,lncRNA,2.0,1.0,4.0,2.0,93.0,19.0
SPATA42,lncRNA,0.0,0.0,0.0,0.0,1.0,1.0
SPATA8,lncRNA,0.0,2.0,0.0,0.0,5.0,1.0
SPATA8-AS1,lncRNA,2.0,0.0,0.0,2.0,1.0,1.0
SPCS3-AS1,lncRNA,0.5,0.5,1.5,0.5,10.0,6.5
SPIN4-AS1,lncRNA,0.0,1.0,0.0,0.0,0.0,0.0
SPINT1-AS1,lncRNA,0.0,0.5,0.0,3.0,2.0,2.5
SPON1-AS1,lncRNA,1.0,0.0,0.0,0.0,6.5,1.5
SPRY4-AS1,lncRNA,1.0,4.0,2.0,3.0,13.0,9.0
SPTBN1-AS1,lncRNA,0.0,9.0,3.0,2.0,1.0,3.0
SRD5A3-AS1,lncRNA,2.0,4.0,2.0,3.0,7.5,6.67
SREBF2-AS1,lncRNA,4.0,3.5,8.5,4.0,33.5,33.5
SRGAP2-AS1,lncRNA,0.0,0.0,0.0,1.0,3.0,2.0
SRGAP3-AS1,lncRNA,1.0,1.0,0.0,0.0,1.0,1.0
SRGAP3-AS2,lncRNA,0.0,2.0,0.0,0.0,4.0,3.0
SRGAP3-AS3,lncRNA,4.0,5.0,5.0,7.0,36.0,24.0
SRGAP3-AS4,lncRNA,0.0,0.0,0.0,1.0,2.0,1.0
SRI-AS1,lncRNA,0.0,0.0,0.0,5.0,1.0,1.5
SRP14-AS1,lncRNA,5.0,18.0,23.0,21.0,518.0,556.5
SRRM2-AS1,lncRNA,8.0,5.0,7.0,5.0,58.0,40.0
SSBP3-AS1,lncRNA,0.0,3.0,1.0,0.0,3.0,4.0
SSTR5-AS1,lncRNA,13.0,14.5,13.0,20.5,28.0,27.5
ST20-AS1,lncRNA,2.5,1.33,5.83,2.83,17.08,9.0
ST3GAL3-AS1,lncRNA,2.0,3.0,0.0,2.0,1.0,0.0
ST3GAL5-AS1,lncRNA,2.0,0.0,2.0,0.0,14.0,11.0
ST3GAL6-AS1,lncRNA,3.5,4.5,5.0,7.0,13.0,21.5
ST7-AS1,lncRNA,1.0,1.5,1.5,2.0,10.5,8.0
ST7-AS2,lncRNA,0.0,5.0,1.0,2.0,4.0,1.0
ST7-OT4,lncRNA,1.5,0.0,1.5,3.83,7.5,6.0
ST8SIA6-AS1,lncRNA,1.0,0.0,0.0,5.0,6.0,3.0
STAG3L5P-PVRIG2P-PILRB,lncRNA,0.0,1.0,1.67,1.33,13.83,6.83
STAM-AS1,lncRNA,2.0,7.0,3.0,21.0,6.0,4.0
STARD13-AS,lncRNA,2.5,3.0,1.0,1.0,10.0,8.0
STARD13-IT1,lncRNA,0.0,0.0,2.0,0.0,2.0,4.0
STARD4-AS1,lncRNA,6.0,4.5,3.0,0.0,15.5,10.0
STARD7-AS1,lncRNA,0.5,0.5,1.5,4.5,11.0,13.0
STAU2-AS1,lncRNA,1.0,2.0,1.0,1.0,4.0,5.0
STEAP2-AS1,lncRNA,0.0,2.0,1.0,0.0,7.0,2.0
STEAP3-AS1,lncRNA,1.0,0.5,0.0,3.5,4.0,4.0
STIM1-AS1,lncRNA,1.0,1.0,4.0,1.0,0.33,2.0
STIM2-AS1,lncRNA,1.0,1.0,4.0,4.0,9.0,12.0
STK24-AS1,lncRNA,0.0,0.0,0.0,3.0,7.0,2.0
STK32A-AS1,lncRNA,0.0,3.0,1.0,2.0,4.0,3.0
STK4-AS1,lncRNA,1.0,1.0,1.0,2.0,8.0,2.0
STPG2-AS1,lncRNA,1.0,0.0,0.0,0.0,6.0,6.0
STPG3-AS1,lncRNA,0.0,0.0,0.5,3.0,3.0,1.5
STX17-AS1,lncRNA,1.0,1.0,1.5,5.0,18.5,12.5
STX18-AS1,lncRNA,7.0,16.0,7.0,12.0,74.5,96.5
STX18-IT1,lncRNA,0.0,0.0,3.0,0.0,0.0,1.0
STXBP5-AS1,lncRNA,9.0,17.0,5.5,6.0,74.5,83.0
SUCLA2-AS1,lncRNA,0.0,0.0,0.0,0.0,5.0,0.0
SUCLG2-AS1,lncRNA,0.0,10.0,20.0,9.0,8.0,8.0
SUGCT-AS1,lncRNA,4.0,3.0,4.0,1.0,18.0,23.0
SUGT1-DT,lncRNA,0.0,0.0,0.0,0.0,3.0,3.0
SUGT1P4-STRA6LP,lncRNA,1.0,0.0,4.5,3.0,10.83,10.5
SUGT1P4-STRA6LP-CCDC180,lncRNA,1.0,1.0,2.5,3.0,13.33,11.0
SUV39H2-DT,lncRNA,1.0,1.0,2.0,3.0,6.0,6.0
SYN3-AS1,lncRNA,0.0,0.0,0.0,0.0,1.0,0.0
SYNE1-AS1,lncRNA,0.0,0.0,0.0,0.0,1.5,0.0
SYNGAP1-AS1,lncRNA,0.0,0.0,0.0,4.5,10.0,11.0
SYNJ2-IT1,lncRNA,0.0,0.0,0.0,1.0,0.0,2.0
SYNPR-AS1,lncRNA,1.0,0.0,0.0,0.0,3.0,1.0
SYP-AS1,lncRNA,0.0,0.0,0.0,0.0,1.5,2.5
SZT2-AS1,lncRNA,0.5,2.0,1.5,0.33,5.5,5.0
TAB2-AS1,lncRNA,1.0,0.0,1.0,1.0,2.0,3.0
TAF1A-AS1,lncRNA,1.0,4.0,4.0,2.0,0.5,4.0
TANK-AS1,lncRNA,1.0,0.0,0.0,0.0,0.0,2.0
TAPT1-AS1,lncRNA,3.0,6.5,3.0,4.0,8.5,7.0
TARID,lncRNA,1.0,7.5,0.5,9.0,16.0,16.5
TAT-AS1,lncRNA,0.0,0.0,0.0,1.0,1.0,2.5
TAX1BP1-AS1,lncRNA,1.0,4.0,1.5,0.0,9.5,10.5
TBC1D22A-AS1,lncRNA,1.0,1.0,0.0,6.0,4.0,5.0
TBC1D26-AS1,lncRNA,2.0,0.33,0.0,1.0,3.5,1.67
TBC1D3P1-DHX40P1,lncRNA,13.0,1.5,4.0,1.5,35.5,8.0
TBC1D8-AS1,lncRNA,1.0,3.0,0.0,2.0,11.0,7.0
TBILA,lncRNA,0.0,0.0,0.0,0.0,3.0,1.0
TBL1XR1-AS1,lncRNA,0.0,0.0,0.0,0.5,1.0,1.0
TBX18-AS1,lncRNA,1.0,0.0,1.0,1.0,1.0,5.0
TBX2-AS1,lncRNA,0.0,2.0,2.0,2.0,9.0,9.0
TBX5-AS1,lncRNA,7.0,2.0,3.0,1.5,14.0,10.0
TCEAL3-AS1,lncRNA,0.0,0.0,0.0,0.0,0.0,1.0
TCERG1L-AS1,lncRNA,0.0,0.0,0.0,0.0,0.0,2.0
TCF4-AS1,lncRNA,0.0,0.0,0.0,0.0,0.0,3.0
TCF4-AS2,lncRNA,0.0,0.0,0.0,0.0,1.0,1.0
TCF7L1-IT1,lncRNA,0.0,0.0,0.0,0.0,1.0,0.0
TCL6,lncRNA,3.67,2.33,1.5,6.33,12.0,10.0
TDRG1,lncRNA,1.0,4.0,0.0,3.0,7.0,6.0
TDRKH-AS1,lncRNA,1.5,0.0,1.5,0.5,6.0,7.0
TENM3-AS1,lncRNA,2.0,6.0,4.0,10.0,34.5,39.0
TERC,lncRNA,1.5,1.0,5.5,5.0,10.5,9.0
TESC-AS1,lncRNA,0.0,0.0,0.0,0.0,5.5,14.0
TET2-AS1,lncRNA,0.0,0.0,0.0,4.0,0.0,0.0
TEX26-AS1,lncRNA,5.0,1.0,3.0,3.0,11.0,9.0
TEX36-AS1,lncRNA,0.0,0.0,1.0,0.0,0.0,0.0
TEX41,lncRNA,3.0,7.0,3.0,8.0,29.0,19.0
TFAP2A-AS1,lncRNA,3.5,0.0,9.0,3.5,14.0,18.5
TFAP2A-AS2,lncRNA,4.0,0.0,2.5,3.0,27.5,33.5
TFAP2E-AS1,lncRNA,0.0,3.0,1.0,1.0,8.5,2.0
TFPI2-DT,lncRNA,0.0,0.0,0.0,1.0,4.0,1.0
TGFA-IT1,lncRNA,0.0,0.0,0.0,0.0,1.0,0.0
TGFB2-AS1,lncRNA,2.5,3.0,2.0,0.0,0.5,1.0
TGFB2-OT1,lncRNA,2.0,0.5,0.5,0.0,0.5,0.0
TGFB3-AS1,lncRNA,2.0,1.0,0.0,0.0,0.5,0.0
TH2LCRR,lncRNA,0.0,0.0,2.0,1.0,16.67,10.33
THAP7-AS1,lncRNA,6.5,4.5,16.0,1.0,9.5,5.0
THAP9-AS1,lncRNA,0.0,1.5,0.0,0.5,8.5,5.5
THBS3-AS1,lncRNA,24.0,3.5,20.0,9.5,61.0,55.5
THBS4-AS1,lncRNA,1.5,0.0,1.0,4.0,6.5,8.5
THCAT155,lncRNA,1.0,3.0,2.0,3.0,10.5,4.0
THCAT158,lncRNA,0.5,0.0,0.0,0.5,1.5,0.5
THOC3-AS1,lncRNA,0.0,0.0,0.0,0.0,2.0,3.0
THOC7-AS1,lncRNA,0.0,0.0,0.0,2.0,3.0,4.0
THORLNC,lncRNA,1.0,1.0,7.0,3.0,5.0,5.0
THRA1/BTR,lncRNA,0.0,0.0,0.0,0.0,1.0,1.0
THRB-AS1,lncRNA,3.5,0.0,1.5,9.5,16.0,15.0
THRB-IT1,lncRNA,0.0,4.0,1.0,0.0,4.0,5.0
THRIL,lncRNA,1.5,0.5,0.0,1.5,2.5,3.0
THSD4-AS1,lncRNA,3.0,1.0,0.0,3.0,2.0,3.0
THUMPD3-AS1,lncRNA,4.0,2.0,5.0,8.5,36.0,27.5
THY1-AS1,lncRNA,0.0,2.0,0.0,1.5,3.0,1.0
TIMMDC1-DT,lncRNA,0.0,1.0,0.0,0.0,0.0,1.0
TINAG-AS1,lncRNA,2.0,0.0,0.0,0.0,0.0,0.0
TIPARP-AS1,lncRNA,1.0,0.0,0.0,1.0,3.0,3.0
TLR8-AS1,lncRNA,0.0,0.0,2.0,0.0,1.0,1.0
TLX1NB,lncRNA,2.0,0.0,3.0,1.0,2.0,1.0
TM4SF1-AS1,lncRNA,0.0,0.0,0.0,0.5,1.5,3.0
TM4SF19-AS1,lncRNA,1.0,0.0,5.0,2.0,1.33,5.33
TMC3-AS1,lncRNA,1.0,6.0,3.0,6.0,17.5,11.5
TMCC1-AS1,lncRNA,5.0,19.0,7.0,5.0,16.0,15.0
TMCC2-AS1,lncRNA,1.0,0.0,1.0,0.0,5.0,2.0
TMCO1-AS1,lncRNA,0.0,0.0,1.0,0.0,6.0,4.0
TMED2-DT,lncRNA,7.5,13.0,7.0,10.0,24.0,21.0
TMEM105,lncRNA,5.0,1.0,16.0,1.0,28.0,24.0
TMEM108-AS1,lncRNA,0.0,0.0,1.0,5.0,6.0,7.0
TMEM132D-AS1,lncRNA,4.0,2.0,2.0,0.0,6.0,5.0
TMEM132D-AS2,lncRNA,0.0,1.5,0.0,4.0,2.5,1.0
TMEM139-AS1,lncRNA,1.5,0.5,1.5,0.0,5.5,4.0
TMEM147-AS1,lncRNA,1.5,1.0,5.5,4.5,20.0,14.0
TMEM161B-AS1,lncRNA,8.0,11.0,6.5,12.0,44.0,38.5
TMEM167B-DT,lncRNA,1.0,3.5,1.0,2.0,8.0,7.5
TMEM18-DT,lncRNA,1.0,3.0,1.0,1.0,14.5,5.0
TMEM202-AS1,lncRNA,3.5,3.0,4.5,5.0,13.0,17.5
TMEM212-AS1,lncRNA,3.0,0.0,0.0,1.0,4.0,7.5
TMEM220-AS1,lncRNA,0.0,0.0,0.0,1.0,5.33,4.67
TMEM246-AS1,lncRNA,1.0,3.0,1.0,4.0,3.0,6.0
TMEM252-DT,lncRNA,0.0,0.0,0.0,0.0,1.0,2.0
TMEM254-AS1,lncRNA,3.0,2.0,0.0,5.0,6.0,4.0
TMEM26-AS1,lncRNA,1.5,1.0,4.5,1.0,7.0,6.5
TMEM30A-DT,lncRNA,1.0,2.0,0.0,0.5,8.5,8.0
TMEM44-AS1,lncRNA,1.0,2.0,0.0,3.0,10.0,5.0
TMEM51-AS1,lncRNA,6.5,6.5,16.5,9.0,19.5,29.5
TMEM72-AS1,lncRNA,2.0,6.5,4.5,3.5,14.0,22.0
TMEM75,lncRNA,0.0,0.0,1.0,2.0,3.0,5.0
TMEM78,lncRNA,7.0,6.0,3.0,3.0,4.0,5.0
TMEM92-AS1,lncRNA,0.0,1.0,0.0,0.0,3.0,2.0
TMEM99,lncRNA,1.0,0.0,0.5,6.0,2.0,6.0
TMEM9B-AS1,lncRNA,0.0,1.0,4.5,7.0,6.5,8.5
TMLHE-AS1,lncRNA,1.0,0.0,0.0,1.0,5.0,1.0
TMPO-AS1,lncRNA,4.0,4.0,4.5,4.0,31.5,21.5
TMSB15B-AS1,lncRNA,3.0,1.0,2.5,1.0,10.17,12.67
TNFRSF10A-AS1,lncRNA,0.5,0.0,0.0,0.0,4.0,0.5
TNFRSF14-AS1,lncRNA,2.5,2.5,11.0,15.0,24.5,20.0
TNK2-AS1,lncRNA,2.0,4.0,3.5,8.0,10.0,4.0
TNKS2-AS1,lncRNA,0.0,0.0,2.0,0.0,1.0,2.0
TNR-IT1,lncRNA,0.0,0.0,1.0,0.0,1.0,0.0
TNS1-AS1,lncRNA,1.0,2.0,2.0,1.0,12.0,22.5
TOB1-AS1,lncRNA,3.0,3.0,3.0,8.0,25.0,19.5
TOLLIP-AS1,lncRNA,1.0,0.0,2.0,0.0,5.0,5.0
TONSL-AS1,lncRNA,0.0,0.0,0.0,2.0,2.0,2.0
TP53TG1,lncRNA,2.0,3.5,1.0,0.0,6.5,9.0
TP73-AS2,lncRNA,1.0,0.0,2.0,3.0,3.0,3.0
TP73-AS3,lncRNA,2.0,1.0,0.0,1.0,6.0,3.0
TPM1-AS,lncRNA,1.5,5.5,6.0,1.0,20.5,29.0
TPRG1-AS1,lncRNA,0.0,1.0,0.0,1.0,2.0,2.0
TPT1-AS1,lncRNA,7.0,15.5,22.0,28.0,39.5,36.5
TRAF3IP2-AS1,lncRNA,10.0,8.0,10.0,11.0,40.0,31.0
TRAM2-AS1,lncRNA,1.0,16.5,1.0,7.0,20.0,20.0
TRAPPC12-AS1,lncRNA,0.0,1.0,1.0,0.0,1.0,8.0
TRBV11-2,lncRNA,1.0,0.0,0.0,0.0,1.0,0.0
TRDN-AS1,lncRNA,1.0,1.0,1.0,2.0,23.0,22.0
TRERNA1,lncRNA,0.0,0.0,0.0,0.0,2.0,1.0
TRG-AS1,lncRNA,10.0,1.0,2.0,7.0,11.0,8.0
TRHDE-AS1,lncRNA,6.0,8.0,9.5,6.0,54.0,37.0
TRIM31-AS1,lncRNA,0.0,0.0,0.0,0.0,1.0,1.0
TRIM36-IT1,lncRNA,1.0,2.0,0.0,2.0,6.0,13.0
TRIM52-AS1,lncRNA,0.5,3.0,2.0,1.0,7.5,4.5
TRIM67-AS1,lncRNA,11.0,0.0,10.0,6.0,7.0,4.0
TRIM7-AS1,lncRNA,0.5,0.0,2.0,3.0,7.5,6.5
TRPC7-AS1,lncRNA,0.0,1.0,0.0,1.0,1.0,1.0
TRPC7-AS2,lncRNA,0.0,0.0,1.0,0.0,4.0,3.0
TRPM2-AS,lncRNA,1.0,1.0,1.0,7.0,26.0,35.0
TSBP1-AS1,lncRNA,3.0,4.0,4.0,2.0,17.0,19.0
TSC22D1-AS1,lncRNA,3.0,5.0,2.5,2.0,18.5,14.5
TSIX,lncRNA,3.0,13.5,6.5,17.5,52.0,56.0
TSPAN18-AS1,lncRNA,0.0,0.0,0.0,0.0,3.0,3.0
TSPEAR-AS1,lncRNA,1.0,0.0,3.0,6.5,10.5,9.0
TSPEAR-AS2,lncRNA,0.0,0.0,2.0,3.0,2.0,2.0
TSPOAP1-AS1,lncRNA,5.83,1.5,2.0,3.0,19.5,21.0
TTC23L-AS1,lncRNA,0.0,2.0,0.0,0.0,1.0,3.0
TTC28-AS1,lncRNA,5.0,10.5,4.5,13.0,39.0,47.0
TTC3-AS1,lncRNA,0.0,0.0,0.0,0.0,0.0,2.0
TTC39A-AS1,lncRNA,1.0,1.0,2.0,2.0,16.5,3.0
TTC39C-AS1,lncRNA,0.0,0.0,2.0,2.0,6.0,7.0
TTLL1-AS1,lncRNA,4.0,9.0,7.0,5.0,3.0,5.0
TTLL10-AS1,lncRNA,2.5,5.5,5.0,4.0,20.5,17.0
TTLL11-IT1,lncRNA,0.0,0.0,0.0,0.0,1.0,1.0
TTN-AS1,lncRNA,3.5,6.5,4.0,7.0,25.5,18.0
TTTY1,lncRNA,2.0,3.0,0.0,0.0,6.0,6.0
TTTY10,lncRNA,3.0,7.0,3.0,2.0,6.0,11.0
TTTY12,lncRNA,0.0,0.0,0.0,0.0,1.5,2.5
TTTY13,lncRNA,1.0,1.0,0.0,1.0,7.0,5.0
TTTY14,lncRNA,12.5,74.0,25.0,32.0,36.5,43.0
TTTY17C,lncRNA,0.0,0.0,0.0,0.0,0.0,2.0
TTTY18,lncRNA,6.0,1.5,0.0,5.0,10.0,19.5
TTTY1B,lncRNA,0.0,0.0,0.0,0.0,1.0,3.0
TTTY2,lncRNA,0.0,0.0,0.0,1.0,1.0,2.0
TTTY20,lncRNA,0.0,0.0,0.0,0.0,0.0,1.0
TTTY22,lncRNA,2.0,0.5,0.0,0.0,4.5,7.0
TTTY23,lncRNA,0.0,1.0,0.0,0.0,0.0,0.0
TTTY2B,lncRNA,0.0,5.0,1.0,1.0,9.5,3.0
TTTY3,lncRNA,0.0,0.0,0.0,0.0,0.5,0.0
TTTY3B,lncRNA,0.0,0.0,0.0,0.0,2.0,1.0
TTTY4,lncRNA,0.0,0.0,0.0,0.0,2.0,1.0
TTTY4B,lncRNA,0.0,0.0,0.0,0.0,0.0,1.0
TTTY5,lncRNA,0.0,0.0,1.0,1.0,1.0,2.0
TTTY6,lncRNA,0.0,0.0,0.0,0.0,1.0,0.0
TTTY6B,lncRNA,0.0,0.0,0.0,0.0,1.0,1.0
TTTY7,lncRNA,1.0,0.0,0.0,1.0,2.5,2.0
TTTY7B,lncRNA,0.0,0.0,0.0,0.0,0.0,1.0
TTTY8,lncRNA,1.0,0.0,0.0,0.0,0.0,0.0
TTTY8B,lncRNA,0.0,0.0,0.0,0.0,1.0,0.0
TTTY9B,lncRNA,0.0,0.0,0.0,1.0,1.17,0.5
TUB-AS1,lncRNA,4.0,6.0,3.0,3.0,2.0,2.0
TUBA3FP,lncRNA,0.0,2.0,2.5,1.0,7.0,3.0
TUSC7,lncRNA,0.0,1.0,2.0,0.0,3.0,2.0
TUSC8,lncRNA,1.0,1.0,1.0,1.0,10.0,3.0
TXNDC12-AS1,lncRNA,0.0,0.0,0.0,0.0,1.0,2.0
TYMSOS,lncRNA,1.5,4.0,2.0,2.5,4.5,10.0
U47924.1,lncRNA,0.0,0.0,1.0,0.0,2.0,2.0
U47924.2,lncRNA,4.33,3.0,8.33,3.33,5.33,5.5
U52111.1,lncRNA,0.0,2.0,2.0,1.0,40.0,20.0
U62317.1,lncRNA,0.0,0.0,1.0,0.0,0.0,1.17
U62317.2,lncRNA,0.0,0.0,0.0,1.0,2.0,1.0
U62317.3,lncRNA,0.5,0.0,0.0,2.0,2.0,0.5
U73166.1,lncRNA,1.0,0.0,2.0,1.0,12.0,16.0
U73169.1,lncRNA,0.0,5.0,1.0,1.0,6.0,1.0
U82671.1,lncRNA,1.0,1.0,1.0,0.0,13.0,10.0
U91319.1,lncRNA,2.0,5.0,1.0,1.0,8.0,6.0
U91324.1,lncRNA,2.0,1.0,0.0,0.0,0.0,1.0
U91328.1,lncRNA,0.0,4.0,1.0,3.0,9.0,5.0
U91328.2,lncRNA,0.0,0.0,0.5,0.0,0.0,0.0
U91328.3,lncRNA,0.0,0.0,0.0,0.0,0.0,5.0
U95743.1,lncRNA,0.0,0.0,0.0,3.0,6.0,2.0
UBA6-AS1,lncRNA,4.0,6.5,2.0,5.0,52.0,67.0
UBAC2-AS1,lncRNA,1.0,0.0,2.0,1.0,6.0,5.0
UBE2D3-AS1,lncRNA,0.0,0.0,0.5,0.0,1.5,1.5
UBE2E1-AS1,lncRNA,0.0,1.0,0.0,0.0,4.0,2.0
UBE2E2-AS1,lncRNA,1.0,1.0,0.0,1.0,19.0,6.0
UBE2Q1-AS1,lncRNA,0.0,1.0,0.0,1.0,3.0,1.0
UBE2R2-AS1,lncRNA,0.0,1.0,0.0,3.0,9.0,3.0
UBL7-AS1,lncRNA,0.5,0.0,2.0,0.0,14.0,9.0
UBOX5-AS1,lncRNA,2.5,0.0,0.0,0.0,4.5,1.0
UBR5-AS1,lncRNA,0.0,1.0,4.0,1.5,3.0,2.0
UBXN7-AS1,lncRNA,3.0,0.0,2.5,0.0,3.0,6.0
UCA1,lncRNA,1.0,2.0,3.33,0.0,3.5,7.83
UCHL1-AS1,lncRNA,0.0,0.0,0.5,0.0,0.0,1.5
UCKL1-AS1,lncRNA,0.5,7.0,4.0,6.5,28.5,18.5
UFL1-AS1,lncRNA,1.0,1.0,0.0,3.0,8.5,5.5
UGDH-AS1,lncRNA,0.0,0.5,0.0,0.5,2.5,0.5
UICLM,lncRNA,1.0,1.0,1.0,1.0,2.5,2.5
UMLILO,lncRNA,0.0,0.0,0.0,0.0,1.0,1.0
UMODL1-AS1,lncRNA,0.0,2.0,2.0,0.0,2.0,5.0
UNC5B-AS1,lncRNA,1.0,1.0,3.0,0.0,4.0,14.0
UNQ6494,lncRNA,0.0,0.0,1.0,7.0,7.0,12.0
UPK1A-AS1,lncRNA,0.0,0.0,1.0,0.0,2.5,4.0
URB1-AS1,lncRNA,2.0,1.0,2.0,5.0,6.0,4.0
USH2A-AS1,lncRNA,0.0,0.0,1.0,0.0,1.0,1.0
USH2A-AS2,lncRNA,0.0,0.0,0.0,0.0,2.0,2.0
USP12-AS1,lncRNA,0.0,0.0,0.0,0.0,6.0,0.0
USP12-AS2,lncRNA,0.0,0.0,1.0,0.0,0.0,3.0
USP2-AS1,lncRNA,462.0,414.0,324.0,557.0,361.0,1818.5
USP27X-AS1,lncRNA,1.0,3.0,6.0,0.0,8.0,5.0
USP3-AS1,lncRNA,3.5,2.0,2.5,2.0,12.5,12.5
USP30-AS1,lncRNA,0.0,0.5,0.0,0.5,2.0,4.0
USP46-DT,lncRNA,8.0,15.0,2.0,4.0,27.0,42.0
UST-AS1,lncRNA,0.0,2.0,1.0,0.0,0.0,2.0
UVRAG-DT,lncRNA,2.0,3.0,2.5,8.0,35.5,25.5
UXT-AS1,lncRNA,2.0,6.0,3.5,3.0,22.5,21.0
VAC14-AS1,lncRNA,4.5,4.0,1.0,6.0,15.0,23.0
VASH1-AS1,lncRNA,0.0,1.5,0.33,0.0,2.0,1.83
VAV3-AS1,lncRNA,1.0,0.0,0.0,0.0,0.0,1.0
VCAN-AS1,lncRNA,2.0,23.0,1.0,0.0,1.0,0.0
VIM-AS1,lncRNA,8.5,4.0,1.0,1.0,4.5,4.5
VIPR1-AS1,lncRNA,7.0,7.0,2.0,8.0,19.0,23.0
VLDLR-AS1,lncRNA,3.0,13.0,4.0,2.5,12.0,11.0
VPS13A-AS1,lncRNA,0.0,1.5,43.5,0.5,2.0,5.0
VPS13B-DT,lncRNA,0.0,0.0,1.0,1.5,8.0,12.0
VPS33B-DT,lncRNA,3.0,3.0,2.0,4.0,9.0,6.0
VPS9D1-AS1,lncRNA,3.0,3.0,8.0,0.0,13.0,2.5
VSTM2A-OT1,lncRNA,0.0,1.0,0.0,0.0,1.0,1.0
VWA8-AS1,lncRNA,0.0,1.0,0.0,0.0,10.0,0.0
VWC2L-IT1,lncRNA,0.0,0.0,0.0,0.0,0.0,1.0
WAC-AS1,lncRNA,2.0,4.0,2.0,7.0,12.0,18.5
WAKMAR2,lncRNA,0.0,0.0,2.0,0.0,10.0,2.0
WARS2-AS1,lncRNA,2.0,5.0,0.0,7.5,15.0,22.0
WARS2-IT1,lncRNA,0.0,0.0,0.0,0.0,2.0,1.0
WASF3-AS1,lncRNA,12.0,4.0,3.0,2.0,10.0,15.0
WASIR1,lncRNA,1.0,2.0,1.0,0.0,1.0,1.0
WASIR2,lncRNA,1.0,1.0,0.0,1.0,2.0,1.0
WASL-DT,lncRNA,1.0,0.0,1.0,1.0,3.0,2.0
WDFY3-AS1,lncRNA,0.0,0.5,0.0,0.0,2.0,1.0
WDFY3-AS2,lncRNA,6.5,5.0,6.0,2.5,28.0,37.0
WDR11-AS1,lncRNA,2.0,6.0,1.0,4.0,14.0,19.0
WDR5-DT,lncRNA,0.0,2.0,2.5,1.0,4.5,6.5
WDR5B-DT,lncRNA,0.0,4.0,2.5,0.0,3.5,2.0
WDR7-OT1,lncRNA,0.0,0.0,0.0,0.0,0.0,1.0
WDR86-AS1,lncRNA,3.0,1.0,1.0,3.5,10.5,12.5
WEE2-AS1,lncRNA,1.0,0.5,6.5,6.0,17.5,24.5
WNT5A-AS1,lncRNA,0.0,1.0,2.0,0.0,3.0,1.0
WSPAR,lncRNA,0.0,0.0,0.0,0.0,0.0,1.0
WT1-AS,lncRNA,4.0,3.0,6.0,13.5,32.0,26.5
WWC2-AS1,lncRNA,0.0,0.0,0.0,0.0,0.0,1.0
WWC2-AS2,lncRNA,8.0,6.0,2.0,1.0,28.0,20.0
WWC3-AS1,lncRNA,0.0,0.0,0.0,0.0,1.0,3.0
WWOX-AS1,lncRNA,1.0,1.0,1.0,0.0,4.0,7.0
WWTR1-AS1,lncRNA,3.5,7.0,5.5,5.0,7.5,9.0
WWTR1-IT1,lncRNA,1.0,0.0,0.0,5.0,0.0,1.0
XACT,lncRNA,164.0,145.0,87.0,256.0,717.0,686.5
XGY2,lncRNA,1.0,3.0,3.0,1.5,9.5,6.5
XIAP-AS1,lncRNA,2.0,0.0,0.0,1.0,0.0,1.0
XIST,lncRNA,9.0,25.5,22.5,23.5,73.0,69.0
XPC-AS1,lncRNA,7.33,30.0,4.83,17.33,28.33,49.17
XXYLT1-AS1,lncRNA,0.0,1.0,1.0,0.0,2.0,3.0
XXYLT1-AS2,lncRNA,0.0,2.0,0.0,1.0,1.0,1.0
YEATS2-AS1,lncRNA,0.0,2.0,1.0,0.0,3.0,13.5
YTHDF3-AS1,lncRNA,0.0,0.0,0.0,0.0,0.0,2.0
Z68323.1,lncRNA,3.0,1.0,3.5,4.0,6.0,8.0
Z68871.1,lncRNA,0.0,0.0,2.0,0.0,0.0,0.0
Z69666.1,lncRNA,0.0,0.0,0.0,3.0,2.0,2.0
Z69667.1,lncRNA,0.5,0.0,0.5,0.0,2.5,1.67
Z69706.1,lncRNA,0.0,0.0,0.0,0.0,1.0,3.0
Z69720.1,lncRNA,0.0,0.0,0.0,0.0,0.0,0.5
Z69733.1,lncRNA,0.0,1.0,0.5,2.0,4.0,2.5
Z70719.1,lncRNA,0.0,0.0,1.0,0.0,2.0,4.0
Z72006.1,lncRNA,0.0,0.0,0.0,0.0,2.0,2.0
Z73420.1,lncRNA,0.0,0.0,1.0,0.0,3.0,2.0
Z73495.1,lncRNA,0.0,0.0,0.0,0.0,1.0,0.0
Z80897.1,lncRNA,5.0,0.0,0.0,0.0,13.5,11.5
Z80897.2,lncRNA,4.0,0.0,3.0,3.0,5.0,1.0
Z82173.1,lncRNA,0.0,1.0,0.0,0.0,1.5,0.0
Z82185.1,lncRNA,0.0,0.0,0.0,1.0,0.0,1.0
Z82186.1,lncRNA,2.0,2.0,0.0,5.0,10.0,6.0
Z82188.2,lncRNA,0.0,0.0,0.5,0.0,2.5,2.0
Z82196.1,lncRNA,0.0,1.0,0.0,0.0,0.0,0.0
Z82196.2,lncRNA,0.0,0.0,0.0,0.0,1.0,1.0
Z82198.1,lncRNA,1.0,0.0,0.0,0.0,0.0,0.5
Z82198.2,lncRNA,0.5,0.0,0.5,0.0,1.0,0.5
Z82202.1,lncRNA,1.0,1.0,2.0,0.0,4.0,3.0
Z82202.2,lncRNA,1.0,0.0,0.0,1.0,4.0,4.0
Z82214.1,lncRNA,0.0,0.0,0.0,1.0,4.0,1.5
Z82215.1,lncRNA,4.0,3.0,0.0,0.0,31.0,24.0
Z82217.1,lncRNA,3.0,6.0,2.0,9.0,9.0,3.0
Z82244.1,lncRNA,0.0,0.0,0.0,1.0,2.0,0.0
Z82244.2,lncRNA,0.0,0.0,0.0,0.0,2.0,2.0
Z82249.1,lncRNA,0.0,0.0,0.0,0.0,1.0,0.0
Z83745.1,lncRNA,0.0,0.0,0.0,1.0,4.0,0.0
Z83818.2,lncRNA,1.0,0.0,0.0,0.0,0.0,1.0
Z83839.2,lncRNA,1.0,0.0,0.0,0.0,0.0,0.0
Z83843.1,lncRNA,0.0,1.0,0.0,3.0,3.0,2.0
Z83847.1,lncRNA,0.0,1.0,0.0,0.0,2.0,0.0
Z84466.1,lncRNA,0.5,5.5,1.0,1.5,11.5,8.0
Z84468.1,lncRNA,2.0,3.0,2.0,5.0,23.0,15.0
Z84468.2,lncRNA,1.0,7.0,5.0,6.0,6.0,11.0
Z84485.1,lncRNA,1.0,2.0,2.0,0.0,3.0,0.0
Z84486.1,lncRNA,2.0,0.0,0.0,1.0,2.0,0.0
Z84723.1,lncRNA,0.0,0.0,0.0,2.0,1.0,1.5
Z85994.1,lncRNA,0.0,1.0,0.0,0.0,1.0,3.0
Z85996.2,lncRNA,0.0,0.0,3.0,0.0,2.0,1.0
Z85996.3,lncRNA,0.0,2.0,0.0,0.0,12.0,15.0
Z92544.1,lncRNA,3.5,3.0,43.5,20.5,36.0,40.5
Z93020.1,lncRNA,0.0,0.0,1.0,0.0,0.0,0.0
Z93022.1,lncRNA,16.0,20.0,6.0,19.0,14.0,30.0
Z93241.1,lncRNA,27.5,6.0,17.0,19.5,18.0,9.5
Z93403.1,lncRNA,0.0,0.0,1.0,0.0,0.0,2.0
Z93930.2,lncRNA,1.0,6.0,1.0,14.0,11.0,14.0
Z93930.3,lncRNA,0.0,0.0,0.0,0.0,0.0,1.0
Z93943.1,lncRNA,1.0,0.0,1.0,2.0,4.0,3.0
Z94057.1,lncRNA,1.0,1.0,8.0,0.0,2.0,2.0
Z94160.1,lncRNA,11.0,9.0,9.0,4.0,50.0,41.0
Z94160.2,lncRNA,0.5,0.5,1.0,0.5,2.0,0.5
Z94277.1,lncRNA,1.0,0.0,0.0,0.0,2.0,1.0
Z94721.1,lncRNA,0.0,0.0,1.0,0.0,5.0,5.0
Z94721.2,lncRNA,2.0,0.5,0.5,0.0,5.5,6.83
Z94721.3,lncRNA,0.5,0.0,0.0,0.0,3.0,7.33
Z95114.1,lncRNA,7.0,18.0,2.0,6.0,13.0,18.0
Z95114.2,lncRNA,1.0,9.0,0.0,4.0,5.0,8.0
Z95114.4,lncRNA,2.0,3.0,0.0,6.0,1.0,8.0
Z95115.1,lncRNA,0.0,2.0,0.0,0.0,4.0,2.0
Z95115.2,lncRNA,0.5,0.0,1.0,3.5,4.5,0.0
Z95118.2,lncRNA,1.0,1.0,2.0,1.0,5.0,5.0
Z95331.1,lncRNA,11.0,8.5,7.0,10.5,45.0,44.5
Z96074.1,lncRNA,2.0,4.0,3.0,2.0,15.0,12.0
Z97055.2,lncRNA,4.0,3.0,1.0,3.0,5.0,4.0
Z97056.1,lncRNA,0.0,0.0,1.0,0.0,0.5,2.5
Z97056.2,lncRNA,3.0,4.0,7.0,5.0,2.0,6.0
Z97056.3,lncRNA,0.0,0.0,0.0,0.0,2.0,1.0
Z97192.1,lncRNA,1.0,6.0,5.0,8.0,24.0,16.0
Z97192.2,lncRNA,1.0,0.0,3.0,1.0,16.0,11.0
Z97192.3,lncRNA,19.0,17.0,7.0,3.0,75.0,70.0
Z97192.4,lncRNA,2.0,1.0,5.0,5.0,4.0,7.0
Z97200.1,lncRNA,6.0,4.0,2.0,4.0,21.0,11.0
Z97205.1,lncRNA,0.0,0.0,1.0,0.0,0.0,2.0
Z97205.2,lncRNA,4.0,3.0,3.0,4.0,4.0,13.0
Z97205.3,lncRNA,2.0,3.0,1.0,0.0,11.0,14.0
Z97353.2,lncRNA,0.0,2.0,0.0,0.0,2.0,2.0
Z97652.1,lncRNA,0.0,1.0,1.0,0.5,2.0,2.0
Z97653.1,lncRNA,0.0,0.0,1.0,2.0,2.0,2.0
Z97832.2,lncRNA,2.0,2.0,2.0,3.0,11.0,7.0
Z97986.1,lncRNA,0.5,0.0,1.0,0.0,0.5,1.0
Z97989.1,lncRNA,0.0,0.0,0.0,0.0,2.0,1.0
Z98257.1,lncRNA,0.0,2.0,0.0,0.0,0.0,3.0
Z98257.2,lncRNA,0.0,1.0,1.0,3.0,1.0,2.0
Z98259.1,lncRNA,0.0,1.0,2.0,1.0,1.0,2.0
Z98259.2,lncRNA,1.0,0.0,2.0,1.0,4.0,5.0
Z98259.3,lncRNA,0.0,0.0,0.0,1.0,3.0,4.0
Z98742.1,lncRNA,0.0,0.0,0.0,0.0,3.0,0.0
Z98742.4,lncRNA,0.0,0.0,3.0,0.0,3.0,3.0
Z98745.1,lncRNA,1.0,1.0,0.0,0.0,5.0,5.0
Z98745.2,lncRNA,0.0,0.0,0.0,0.0,2.0,3.0
Z98749.1,lncRNA,0.0,0.0,0.0,0.0,0.0,2.0
Z98752.1,lncRNA,0.0,0.0,0.0,0.0,0.0,1.0
Z98752.4,lncRNA,0.0,2.0,1.0,1.0,5.0,2.0
Z98880.1,lncRNA,0.0,0.0,0.0,1.0,2.0,3.0
Z98883.1,lncRNA,1.5,1.5,2.0,2.0,7.0,5.5
Z98884.1,lncRNA,0.0,1.0,0.0,0.0,0.5,3.0
Z98885.2,lncRNA,4.0,0.0,1.0,0.0,8.0,3.0
Z98885.3,lncRNA,1.0,1.0,2.0,4.0,7.0,8.0
Z98886.1,lncRNA,1.0,2.0,1.0,2.0,8.0,12.0
Z98949.2,lncRNA,3.0,0.0,0.0,0.0,1.0,0.0
Z99127.3,lncRNA,0.0,0.5,0.0,0.0,0.5,4.0
Z99289.1,lncRNA,2.0,3.0,2.0,0.0,1.0,4.0
Z99289.2,lncRNA,0.0,0.0,0.0,0.0,3.0,4.0
Z99289.3,lncRNA,0.0,0.0,0.0,1.0,6.0,4.0
Z99496.1,lncRNA,1.0,1.0,0.0,1.0,2.0,2.5
Z99572.1,lncRNA,4.0,4.0,6.0,7.0,26.0,28.0
Z99716.1,lncRNA,0.0,0.0,0.0,0.0,0.5,0.0
Z99716.2,lncRNA,0.0,2.0,1.0,0.0,10.0,5.0
Z99755.2,lncRNA,0.0,0.0,0.0,0.0,2.0,2.0
Z99758.1,lncRNA,0.0,0.0,0.0,0.0,0.0,1.0
Z99774.1,lncRNA,0.0,5.5,0.0,3.5,6.5,3.83
Z99916.1,lncRNA,0.0,0.0,0.0,1.0,1.0,3.0
Z99916.3,lncRNA,0.0,2.0,0.0,1.0,1.0,1.0
Z99943.1,lncRNA,0.0,0.0,1.0,1.0,2.0,2.0
ZBED3-AS1,lncRNA,16.5,42.0,49.0,39.0,132.5,143.5
ZBED5-AS1,lncRNA,1.0,1.0,2.5,2.5,5.0,4.5
ZBTB11-AS1,lncRNA,0.5,1.0,1.5,1.0,20.0,13.0
ZBTB20-AS1,lncRNA,8.0,9.0,19.0,20.0,59.0,93.0
ZBTB20-AS2,lncRNA,0.5,2.0,0.0,0.0,8.5,5.5
ZBTB20-AS3,lncRNA,0.0,0.0,0.0,0.0,1.0,1.0
ZBTB20-AS4,lncRNA,0.0,1.0,2.0,0.0,0.0,1.0
ZBTB20-AS5,lncRNA,0.0,0.0,4.0,1.0,4.0,0.0
ZBTB44-DT,lncRNA,1.0,2.0,1.0,6.0,15.0,5.0
ZBTB46-AS1,lncRNA,0.0,0.0,0.0,0.0,1.0,1.0
ZDHHC20-IT1,lncRNA,0.0,0.0,0.0,1.0,0.0,0.0
ZEB1-AS1,lncRNA,1.5,3.5,2.0,4.5,17.0,19.0
ZEB2-AS1,lncRNA,2.0,4.0,2.0,5.5,6.0,6.5
ZFAND2A-DT,lncRNA,2.0,2.0,5.0,4.0,18.5,16.0
ZFAS1,lncRNA,4.5,20.0,7.0,10.0,14.5,9.83
ZFAT-AS1,lncRNA,0.0,0.0,0.0,0.0,1.33,0.83
ZFHX2-AS1,lncRNA,2.0,0.0,2.33,1.33,12.67,12.5
ZFHX4-AS1,lncRNA,1.0,1.0,0.0,4.0,10.0,13.0
ZFPM2-AS1,lncRNA,0.0,1.0,3.0,4.0,3.0,5.0
ZFX-AS1,lncRNA,1.0,1.0,0.0,0.0,12.5,10.0
ZIC4-AS1,lncRNA,0.0,0.0,0.0,0.0,0.0,0.5
ZIM2-AS1,lncRNA,0.0,0.5,3.0,1.5,1.5,0.5
ZKSCAN2-DT,lncRNA,3.0,4.0,1.0,4.0,11.0,9.0
ZKSCAN7-AS1,lncRNA,0.0,0.5,0.0,0.0,7.0,3.0
ZMIZ1-AS1,lncRNA,2.0,7.0,11.0,6.0,64.0,49.0
ZMYM4-AS1,lncRNA,0.0,0.0,0.0,0.0,0.5,0.0
ZMYND10-AS1,lncRNA,0.0,0.0,0.0,0.0,0.5,1.0
ZNF114-AS1,lncRNA,2.0,1.0,0.0,0.0,1.0,2.0
ZNF197-AS1,lncRNA,0.0,0.0,0.0,0.0,1.0,0.0
ZNF213-AS1,lncRNA,24.0,19.0,32.0,29.5,161.0,149.0
ZNF22-AS1,lncRNA,0.0,0.0,0.0,2.0,9.0,4.0
ZNF232-AS1,lncRNA,0.0,1.5,4.0,0.0,6.5,7.5
ZNF236-DT,lncRNA,1.0,2.0,0.0,1.0,8.0,11.0
ZNF25-DT,lncRNA,1.0,1.0,2.0,0.0,13.0,5.0
ZNF252P-AS1,lncRNA,2.0,3.0,8.0,2.0,12.5,13.5
ZNF295-AS1,lncRNA,9.5,8.0,16.0,14.0,39.5,30.5
ZNF30-AS1,lncRNA,1.0,1.0,0.0,0.0,1.0,0.0
ZNF32-AS1,lncRNA,0.0,1.0,0.0,0.0,0.0,0.0
ZNF32-AS2,lncRNA,0.0,0.0,0.0,0.0,2.5,3.0
ZNF32-AS3,lncRNA,0.0,0.0,0.0,2.0,10.0,6.0
ZNF337-AS1,lncRNA,2.5,1.0,2.5,0.5,7.0,9.5
ZNF341-AS1,lncRNA,0.0,0.0,0.0,0.0,1.5,0.5
ZNF346-IT1,lncRNA,0.0,0.0,1.0,0.0,8.0,15.0
ZNF350-AS1,lncRNA,2.0,4.0,6.0,3.0,8.0,5.0
ZNF385D-AS1,lncRNA,0.0,0.0,0.0,0.0,3.0,2.0
ZNF426-DT,lncRNA,0.0,3.0,0.0,0.0,2.0,4.0
ZNF433-AS1,lncRNA,1.5,5.0,1.0,4.0,9.0,6.0
ZNF436-AS1,lncRNA,7156.0,584.5,546.0,760.5,677.5,124.0
ZNF451-AS1,lncRNA,0.0,0.0,1.0,1.0,10.5,10.0
ZNF454-DT,lncRNA,0.0,0.0,1.0,0.0,0.0,0.0
ZNF460-AS1,lncRNA,0.0,0.0,0.0,0.0,3.0,1.0
ZNF503-AS1,lncRNA,2.0,7.0,3.0,7.0,16.5,12.5
ZNF503-AS2,lncRNA,3.0,4.5,10.5,13.5,70.0,81.0
ZNF516-DT,lncRNA,3.0,0.0,3.0,4.0,10.0,6.0
ZNF528-AS1,lncRNA,3.0,6.0,4.0,1.0,9.0,4.0
ZNF529-AS1,lncRNA,1.5,3.0,5.0,3.5,46.5,34.0
ZNF561-AS1,lncRNA,6.0,7.0,2.5,4.5,6.0,13.0
ZNF571-AS1,lncRNA,5.0,5.0,4.0,7.0,26.0,14.5
ZNF582-AS1,lncRNA,1.0,8.0,6.0,2.0,54.0,25.0
ZNF649-AS1,lncRNA,0.0,0.0,1.0,0.0,11.5,2.0
ZNF667-AS1,lncRNA,14.0,19.5,5.5,16.0,34.0,33.0
ZNF674-AS1,lncRNA,0.0,0.0,0.0,2.0,4.0,0.0
ZNF687-AS1,lncRNA,0.0,1.0,0.0,1.0,8.0,8.5
ZNF710-AS1,lncRNA,0.0,0.0,1.5,1.0,3.0,2.5
ZNF775-AS1,lncRNA,2.0,1.0,7.0,0.0,16.0,7.0
ZNF790-AS1,lncRNA,8.0,5.0,3.0,5.0,15.0,15.0
ZNF793-AS1,lncRNA,0.0,1.0,1.0,3.0,1.0,1.5
ZNF8-ERVK3-1,lncRNA,0.83,1.5,0.33,2.83,19.42,24.08
ZNF84-DT,lncRNA,1.0,0.0,0.0,0.0,0.0,3.0
ZNNT1,lncRNA,11.0,14.0,15.0,10.0,165.0,112.0
ZNRD2-AS1,lncRNA,2.0,4.0,3.0,11.0,26.0,28.0
ZNRF3-AS1,lncRNA,0.0,1.0,0.0,5.0,5.0,5.0
ZNRF3-IT1,lncRNA,1.0,0.0,0.0,0.0,2.0,2.0
ZRANB2-AS1,lncRNA,1.0,0.0,0.0,0.0,1.5,2.0
ZRANB2-AS2,lncRNA,2.0,5.0,6.0,3.0,12.0,11.0
ZSCAN16-AS1,lncRNA,2.5,4.0,2.5,9.5,23.5,17.5
ZSWIM8-AS1,lncRNA,0.0,1.33,0.0,0.0,1.67,2.5
hsa-mir-423,lncRNA,765.5,198.75,478.5,542.83,473.58,362.25
